shot_id,x0_um,v0_m_s,initial_aod_energy_uK,initial_excitation_energy_uK,initial_phase_coord,final_x_um,final_v_m_s,final_slm_energy_uK,final_excitation_energy_uK,excitation_energy_change_uK,final_energy_over_slm_depth,captured_in_slm,capture_margin,label
0,2.3751938036840174,0.007933988420727964,-279.2452735501776,0.7547264498223314,,-0.05054349979646638,-0.0003901607498215685,-139.4772204400932,0.5227795599067787,-0.23194688991555262,-0.9962658602863802,True,0.9962658602863802,dt=0.0125us
1,2.470873028442982,-0.02373545329090269,-273.44997335716397,6.550026642835983,,0.07326203115666377,0.021345454976838284,-135.26486369076034,4.735136309239643,-1.8148903335963407,-0.9661775977911454,True,0.9661775977911454,dt=0.0125us
2,2.3976250035331277,-0.01849549584024974,-277.2636165626376,2.736383437362336,,0.09627152915888909,-0.0035921420187447,-138.0138931277943,1.9861068722056743,-0.7502765651566619,-0.9858135223413881,True,0.9858135223413881,dt=0.0125us
3,2.3059536134654564,-0.0011024903189478666,-276.3952969260433,3.6047030739566566,,0.00375146818519097,-0.017867321781603773,-137.44560985567736,2.5543901443226265,-1.05031292963403,-0.9817543561119813,True,0.9817543561119813,dt=0.0125us
4,2.3763039491534554,0.02018279402626243,-276.5147142497633,3.4852857502366725,,-0.10705176019369642,-0.0032470936453860796,-137.5911578419625,2.408842158037459,-1.0764435921992135,-0.9827939845854468,True,0.9827939845854468,dt=0.0125us
5,2.4587393239772366,-0.005135529989371246,-278.38128381399804,1.6187161860019352,,0.054700261378741594,0.008276204537402312,-138.8418708064408,1.1581291935591709,-0.4605869924427642,-0.9917276486174345,True,0.9917276486174345,dt=0.0125us
6,2.4807125783289257,0.009177789414937758,-276.67441652705406,3.3255834729458704,,-0.034806069693811906,0.016052438073055657,-137.69292759999715,2.307072400002843,-1.0185110729430271,-0.9835209114285511,True,0.9835209114285511,dt=0.0125us
7,2.6516970678799487,0.04924673701252653,-235.86338068735816,44.13661931264181,,-0.3065379988256568,-0.04007234038702944,-109.20672042174678,30.7932795782532,-13.34333973438861,-0.7800480030124771,True,0.7800480030124771,dt=0.0125us
8,2.372716173510429,0.004859829240588951,-279.50687316418436,0.4931268358155939,,-0.039210114665290334,-0.0018862628237908995,-139.65744357564435,0.34255642435562844,-0.1505704114599655,-0.9975531683974598,True,0.9975531683974598,dt=0.0125us
9,2.3176980541909304,-0.01835549770966611,-274.5498240259013,5.450175974098697,,0.12553778272658184,-0.009691412864149108,-136.06259617769177,3.9374038223081946,-1.512772151790502,-0.9718756869835129,True,0.9718756869835129,dt=0.0125us
10,2.3776007433806536,0.004866151963190784,-279.6055689167926,0.39443108320734455,,-0.03598648148455215,-0.0010174282696664638,-139.7270872895178,0.2729127104821545,-0.1215183727251901,-0.998050623496556,True,0.998050623496556,dt=0.0125us
11,2.4646285073209344,0.003201648495241342,-278.21458124284715,1.7854187571528228,,0.01556886131993584,0.012272367751942095,-138.7466821883874,1.2533178116125732,-0.5321009455402497,-0.991047729917053,True,0.991047729917053,dt=0.0125us
12,2.4017603841883832,0.03675888979069597,-269.1992387283155,10.800761271684474,,-0.05794344457718317,-0.029002144600805465,-132.59231317556856,7.407686824431425,-3.393074447253048,-0.9470879512540612,True,0.9470879512540612,dt=0.0125us
13,2.3462536759207704,-0.03982216285855404,-266.14634607513676,13.853653924863165,,-0.017241682707771232,0.035568794988127365,-129.82767624382,10.17232375617997,-3.6813301686831954,-0.9273405445987145,True,0.9273405445987145,dt=0.0125us
14,2.3817711238789134,0.005488384714694778,-279.62334570702455,0.3766542929753901,,-0.035640764222582735,-4.662997806229879e-05,-139.74039894202775,0.2596010579722245,-0.11705323500316557,-0.9981457067287698,True,0.9981457067287698,dt=0.0125us
15,2.3624074817515384,0.0059812891641088705,-279.1365393013248,0.8634606986752088,,-0.049709530601053535,-0.003499365473593636,-139.39760418525674,0.6023958147432273,-0.2610648839319814,-0.9956971727518341,True,0.9956971727518341,dt=0.0125us
16,2.225041147218943,-0.015226074803074075,-265.90056382497727,14.099436175022683,,0.15577918651474842,0.025997972345611287,-129.72122990159747,10.27877009840251,-3.820666076620172,-0.9265802135828392,True,0.9265802135828392,dt=0.0125us
17,2.337468128774758,0.04643796768852968,-261.1693868151939,18.83061318480605,,0.2585853219627287,-0.0006769141028968509,-126.96608479296897,13.03391520703101,-5.796697977775041,-0.9069006056640642,True,0.9069006056640642,dt=0.0125us
18,2.4882775445627163,-0.053581691868070574,-253.88385488214578,26.11614511785418,,-0.05637579612412818,-0.0468990978840195,-121.77187614988465,18.228123850115338,-7.888021267738843,-0.869799115356319,True,0.869799115356319,dt=0.0125us
19,2.4677972410662874,0.001135179491792637,-278.11564326787936,1.884356732120575,,0.025728080242262277,0.012218259735618214,-138.67151467833185,1.3284853216681254,-0.5558714104524496,-0.990510819130942,True,0.990510819130942,dt=0.0125us
20,2.310613611764762,-0.006222549108338012,-276.4409564697592,3.559043530240714,,0.03032296340242373,-0.017135734424660258,-137.46520877839254,2.5347912216074477,-1.0242523086332662,-0.9818943484170897,True,0.9818943484170897,dt=0.0125us
21,2.2908240945470344,-0.01471446272480068,-273.4356587272422,6.564341272757776,,0.13614457400206167,-0.01111308602910712,-135.2725151644568,4.72748483554318,-1.8368564372145957,-0.9662322511746916,True,0.9662322511746916,dt=0.0125us
0,2.3336576408506917,-0.011473854654580628,-277.1530583499346,2.84694165006535,,0.047380117791383354,-0.014067604384556747,-137.95989577764334,2.0401042223566477,-0.8068374277087025,-0.9854278269831668,True,0.9854278269831668,dt=0.0125us
1,2.4379035784024317,-0.012649170871039379,-278.1340876120941,1.8659123879058597,,0.07965112595431685,0.0027292059735997696,-138.6487760401617,1.351223959838273,-0.5146884280675867,-0.9903484002868694,True,0.9903484002868694,dt=0.0125us
2,2.439363211673536,0.010315768237832795,-278.51633649120924,1.4836635087907195,,-0.027443309077540525,0.010440900022977605,-138.97476211757208,1.025237882427893,-0.4584256263628264,-0.9926768722683722,True,0.9926768722683722,dt=0.0125us
3,2.453146082336226,0.0045679678259812895,-278.6801378799303,1.319862120069618,,0.009082075687334948,0.010650592993645487,-139.07650753055282,0.9234924694471586,-0.3963696506224593,-0.9934036252182346,True,0.9934036252182346,dt=0.0125us
4,2.3800689302071087,-0.027686914147785315,-273.71082246192725,6.289177538072689,,0.14371408126858937,0.007329167713292216,-135.4091831475017,4.590816852498275,-1.698360685574414,-0.9672084510535838,True,0.9672084510535838,dt=0.0125us
5,2.3353961940608454,0.0020331350621789154,-278.26476818605187,1.7352318139480645,,-0.03804120456547194,-0.01077464971237659,-138.7764452673297,1.223554732670283,-0.5116770812777814,-0.9912603233380695,True,0.9912603233380695,dt=0.0125us
6,2.4417332070977382,-0.0014213374069936746,-279.2722677160199,0.727732283980076,,0.034561570891344054,0.00586418873403198,-139.48103585676571,0.5189641432342545,-0.20876814074582142,-0.9962931132626125,True,0.9962931132626125,dt=0.0125us
7,2.4083799304427425,0.015867744631951668,-277.9588985194527,2.0411014805472734,,-0.07429227585578584,0.005929452781951467,-138.5945914590848,1.405408540915178,-0.6356929396320952,-0.9899613675648916,True,0.9899613675648916,dt=0.0125us
8,2.5015215767005214,0.016356652094755342,-273.6769776617581,6.323022338241887,,-0.12627141508068312,0.011819438481291068,-135.6598163639777,4.340183636022263,-1.9828387022196245,-0.9689986883141267,True,0.9689986883141267,dt=0.0125us
9,2.4140437141833786,-0.003884680061543774,-279.7987173381128,0.20128266188717894,,0.02689437376924652,-2.426041857193711e-05,-139.85212541417422,0.14787458582574065,-0.0534080760614383,-0.9989437529583876,True,0.9989437529583876,dt=0.0125us
10,2.4076041329224465,0.011144679127509669,-278.9836561485453,1.0163438514546261,,-0.04523287046972391,0.005932409420627826,-139.30084441639343,0.6991555836065344,-0.3171882678480916,-0.9950060315456676,True,0.9950060315456676,dt=0.0125us
11,2.3800117013903797,0.01562764885900735,-277.88466658941655,2.1153334105834185,,-0.08471303836656882,0.0005502893656085586,-138.53738064726008,1.4626193527398874,-0.652714057843531,-0.9895527189090008,True,0.9895527189090008,dt=0.0125us
12,2.4412465638538823,-0.039272298153161994,-266.9780665855293,13.021933414470679,,-0.08320770950245633,0.03170321122959502,-130.5578387320851,9.44216126791489,-3.579772146555788,-0.9325559909434651,True,0.9325559909434651,dt=0.0125us
13,2.28928453339107,-0.0215779521390665,-271.3087381135378,8.691261886462145,,0.17678734036876315,0.002920203273285018,-133.68283912998209,6.317160870017884,-2.3741010164442606,-0.9548774223570151,True,0.9548774223570151,dt=0.0125us
14,2.398976977235958,-0.0043251797341252165,-279.8500561121679,0.14994388783204937,,0.01725817908024629,-0.0024963544287804184,-139.88928387617867,0.1107161238213251,-0.03922776401072428,-0.9992091705441334,True,0.9992091705441334,dt=0.0125us
15,2.4691202993023853,0.011577619725047053,-276.9810271567065,3.018972843293482,,-0.04422210906997241,0.014533882362930703,-137.9122961126242,2.0877038873757767,-0.9312689559177053,-0.9850878293758873,True,0.9850878293758873,dt=0.0125us
16,2.5034652598974327,-0.01545630808181725,-273.74539175395694,6.254608246042995,,0.026422938231524754,0.023256704681234575,-135.53436828484595,4.465631715154035,-1.7889765308889598,-0.9681026306060426,True,0.9681026306060426,dt=0.0125us
17,2.4835601482892007,0.04129693805375096,-263.5275688431416,16.472431156858352,,0.07645018942001855,-0.03538963730380372,-128.7996812444144,11.200318755585583,-5.272112401272769,-0.9199977231743887,True,0.9199977231743887,dt=0.0125us
18,2.361300044331414,0.019175324574067076,-276.4492252293475,3.5507747706524473,,-0.10256005687050895,-0.0063847486572729895,-137.53912910699398,2.4608708930060073,-1.08990387764644,-0.9824223507642428,True,0.9824223507642428,dt=0.0125us
19,2.4861249996740464,0.002009844171297715,-276.94968427417876,3.050315725821179,,0.008654855729646969,0.016309039169148252,-137.85881570954137,2.1411842904586003,-0.9091314353625789,-0.9847058264967243,True,0.9847058264967243,dt=0.0125us
20,2.3599683556120565,0.011119276679254088,-278.35702063123045,1.6429793687694993,,-0.07195615778419583,-0.0033162920951842405,-138.85703256425342,1.1429674357465676,-0.5000119330229318,-0.9918359468875245,True,0.9918359468875245,dt=0.0125us
21,2.4179834169841885,-0.02015381111946837,-276.6213985936337,3.3786014063662293,,0.10939809822564693,0.0018980908780204878,-137.54451440997352,2.455485590026465,-0.9231158163397641,-0.9824608172140967,True,0.9824608172140967,dt=0.0125us
0,2.4584234096135247,-0.044136056882599604,-263.03796161241297,16.962038387586983,,-0.23099391758744692,0.014440319123363026,-127.833886337092,12.166113662907987,-4.795924724678996,-0.9130991881220858,True,0.9130991881220858,dt=0.0125us
1,2.3545543150804713,0.02878781328120308,-272.53275206890896,7.4672479310909825,,-0.08497927239460333,-0.021491696053184163,-134.83901117998565,5.160988820014339,-2.3062591110766437,-0.9631357941427547,True,0.9631357941427547,dt=0.0125us
2,2.4052349971436113,0.004520276317483875,-279.8254806769846,0.17451932301532785,,-0.013976993264806226,0.0031296314275762412,-139.88176421747204,0.11823578252794047,-0.056283540487387373,-0.999155458696229,True,0.999155458696229,dt=0.0125us
3,2.3670079688722576,0.012807334382495828,-278.24409248103575,1.7559075189641833,,-0.076550392597946,-0.001766539104775585,-138.78155578182373,1.2184442181762434,-0.53746330078794,-0.9912968270130268,True,0.9912968270130268,dt=0.0125us
4,2.3572544177032744,-0.004357932351638563,-279.1017294583734,0.8982705416265259,,-0.005983243802226734,-0.008893920054788578,-139.36046230258842,0.6395376974115519,-0.258732844214974,-0.9954318735899175,True,0.9954318735899175,dt=0.0125us
5,2.4594218217377275,0.017278058919926648,-276.17326102819567,3.826738971804284,,-0.08758883966640695,0.011571833758425713,-137.3692971744455,2.6307028255544656,-1.1960361462498188,-0.9812092655317538,True,0.9812092655317538,dt=0.0125us
6,2.451550859083855,-0.01822452934544188,-276.26040903677034,3.7395909632296163,,0.09976326872712532,0.009273909185896071,-137.2915729900132,2.7084270099867793,-1.031163953242837,-0.9806540927858087,True,0.9806540927858087,dt=0.0125us
7,2.4565103678154574,-0.00238576728455764,-278.6511617161724,1.3488382838275532,,0.04305974481689006,0.008531651547911946,-139.03949875226598,0.9605012477339804,-0.38833703609357284,-0.9931392768019002,True,0.9931392768019002,dt=0.0125us
8,2.5397239989825358,-0.013885045571202959,-270.5853968457699,9.414603154230106,,-0.0976473452043638,0.024221600821571793,-133.37415220078543,6.625847799214557,-2.788755355015548,-0.952672515719896,True,0.952672515719896,dt=0.0125us
9,2.4813608719509523,0.010523184049825244,-276.4199997322287,3.5800002677712897,,-0.046425290287101836,0.015969950564393,-137.52145573477077,2.4785442652292087,-1.101456002542081,-0.9822961123912199,True,0.9822961123912199,dt=0.0125us
10,2.3989056746766373,0.03057321697314496,-272.5288170410133,7.471182958986609,,-0.12587230925016923,-0.015538831987820561,-134.86664886628316,5.13335113371681,-2.3378318252697987,-0.9633332061877371,True,0.9633332061877371,dt=0.0125us
11,2.279751799295166,-0.00900188715304941,-273.49913179832555,6.500868201674415,,0.11543449990772649,-0.01564098521124493,-135.34551809191663,4.654481908083345,-1.8463862935910693,-0.9667537006565475,True,0.9667537006565475,dt=0.0125us
12,2.481150394224736,-0.00768535725113032,-276.84684835776176,3.1531516422381833,,0.056102806493451056,0.014184477197723215,-137.74960012461423,2.2503998753857326,-0.9027517668524508,-0.9839257151758162,True,0.9839257151758162,dt=0.0125us
13,2.4078280027396373,0.01580792288907763,-277.97770250176995,2.0222974982300155,,-0.07409995959505936,0.0058541408143479605,-138.60747486064727,1.3925251393526994,-0.6297723588773162,-0.9900533918617664,True,0.9900533918617664,dt=0.0125us
14,2.4350420889573634,0.007346409209724732,-279.0667630068974,0.9332369931025174,,-0.010277466930131169,0.008843242803951963,-139.3533652310482,0.6466347689517834,-0.286602224150734,-0.995381180221773,True,0.995381180221773,dt=0.0125us
15,2.3249660762845306,-0.01322144297890101,-276.30911856252834,3.690881437471597,,0.07038769390924886,-0.014323822039933426,-137.3504405191985,2.64955948080148,-1.0413219566701168,-0.9810745751371323,True,0.9810745751371323,dt=0.0125us
16,2.3362129754574674,-0.007066222910193943,-277.94137447513043,2.0586255248695142,,0.012288258262059874,-0.013408737203798015,-138.53212494905807,1.4678750509419138,-0.5907504739276004,-0.9895151782075577,True,0.9895151782075577,dt=0.0125us
17,2.459594137165197,-0.02503225841334245,-273.5427384511153,6.457261548884612,,0.08728269537214624,0.019792207000207472,-135.3194858081219,4.680514191878092,-1.7767473570065206,-0.9665677557722994,True,0.9665677557722994,dt=0.0125us
18,2.5860877886743543,-0.035253997110744374,-256.25289120269036,23.747108797309572,,-0.05566983361036988,-0.04432925463231625,-123.66174637096996,16.338253629030014,-7.408855168279561,-0.8832981883640714,True,0.8832981883640714,dt=0.0125us
19,2.4425137979560927,0.029999086651607054,-272.0688357854661,7.931164214533883,,-0.15025180097600163,-0.01050965872913849,-134.57483722227477,5.425162777725203,-2.5060014368086803,-0.9612488373019629,True,0.9612488373019629,dt=0.0125us
20,2.4178975068259647,-0.009330220237021463,-279.1732266890181,0.826773310981836,,0.05356574182603038,-0.001375043723936856,-139.39922160875176,0.6007783912482083,-0.22599491973362779,-0.9957087257767985,True,0.9957087257767985,dt=0.0125us
21,2.3800505709573194,0.008698019027706705,-279.2325675059774,0.7674324940225746,,-0.05077058894693854,0.0007202775319795686,-139.4696022262226,0.5303977737773587,-0.2370347202452158,-0.9962114444730189,True,0.9962114444730189,dt=0.0125us
0,2.410325725653797,0.018000134183017706,-277.3668016414795,2.633198358520423,,-0.08816941268610377,0.005379930891470085,-138.18757403280864,1.8124259671913296,-0.8207723913290931,-0.9870541002343477,True,0.9870541002343477,dt=0.0125us
1,2.458550723124946,0.002464073656614397,-278.55255018794344,1.447449812056504,,0.02038857898252316,0.010805243808365343,-138.98185611144478,1.0181438885552043,-0.42930592350129987,-0.9927275436531771,True,0.9927275436531771,dt=0.0125us
2,2.4389039471420624,-0.0346050556645041,-269.8105140917203,10.18948590827967,,0.025844133255738918,0.030171448426028213,-132.5878123667548,7.41218763324518,-2.7772982750344903,-0.9470558026196773,True,0.9470558026196773,dt=0.0125us
3,2.256963964533337,0.019622930936556485,-268.6766463747393,11.323353625260665,,0.15534040095688215,-0.019729383535437264,-132.03918000233315,7.960819997666833,-3.362533627593832,-0.9431370000166654,True,0.9431370000166654,dt=0.0125us
4,2.3738176088480576,-0.007050794682075197,-279.3223705389953,0.6776294610046741,,0.014292439574614846,-0.00746288748480463,-139.51308761280742,0.4869123871925394,-0.19071707381213468,-0.9965220543771961,True,0.9965220543771961,dt=0.0125us
5,2.3032074731401844,0.002153941242280954,-276.15637394284835,3.843626057151606,,-0.008545156628207925,-0.018383497550020878,-137.28400091528735,2.715999084712621,-1.1276269724389854,-0.980600006537767,True,0.980600006537767,dt=0.0125us
6,2.460741645564934,0.01439388847062493,-276.8388097383996,3.16119026160031,,-0.06286449091024023,0.013105494627244184,-137.82125247575004,2.178747524249941,-0.9824427373503691,-0.984437517683929,True,0.984437517683929,dt=0.0125us
7,2.4230877119178857,0.004791997127842578,-279.59849187769805,0.40150812230191774,,-0.0029576644396373457,0.0058764676873484896,-139.72220928447047,0.27779071552952417,-0.12371740677239357,-0.9980157806033605,True,0.9980157806033605,dt=0.0125us
8,2.408212858044283,0.030846249743530434,-272.36768571748695,7.632314282512982,,-0.13116677286807676,-0.014851563938261127,-134.76186084016257,5.2381391598374005,-2.394175122675581,-0.9625847202868757,True,0.9625847202868757,dt=0.0125us
9,2.26921916941915,0.004146064610241389,-272.9524287881206,7.047571211879349,,0.0748271494594878,-0.02194251976762263,-135.01126335881318,4.988736641186786,-2.058834570692564,-0.9643661668486658,True,0.9643661668486658,dt=0.0125us
10,2.362579370231458,0.01911852723728795,-276.5063626085772,3.4936373914227468,,-0.10257901671362298,-0.00597129142728573,-137.579176547062,2.4208234529379755,-1.072813938484771,-0.9827084039075858,True,0.9827084039075858,dt=0.0125us
11,2.400075183311995,-0.009785318976865657,-279.2347031902835,0.7652968097164883,,0.04395331683735164,-0.00448756871608094,-139.44444655553798,0.555553444461994,-0.20974336525449433,-0.9960317611109858,True,0.9960317611109858,dt=0.0125us
12,2.412821301540045,0.0018516569497779905,-279.9053567966433,0.09464320335670175,,0.002879355215449792,0.0028224813239822164,-139.93463333383855,0.0653666661614278,-0.029276537195273934,-0.9995330952417041,True,0.9995330952417041,dt=0.0125us
13,2.6290774963706913,0.03258213357616524,-250.85010950200768,29.14989049799228,,0.27255884961759375,0.025600995679573784,-120.362041855385,19.637958144614977,-9.511932353377302,-0.8597288703956073,True,0.8597288703956073,dt=0.0125us
14,2.488963558494762,-0.0027435901644918665,-276.7207564755831,3.2792435244168776,,0.029665436671639914,0.016360975304015975,-137.68068468781973,2.319315312180253,-0.9599282122366246,-0.9834334620558554,True,0.9834334620558554,dt=0.0125us
15,2.3564313901174034,-0.0036718784934005456,-279.1167766189661,0.8832233810338547,,-0.009744663993248673,-0.008726113557894032,-139.37199445089004,0.6280055491099342,-0.2552178319239204,-0.9955142460777862,True,0.9955142460777862,dt=0.0125us
16,2.336140077179255,-0.019156020837760065,-275.4038185444269,4.596181455573091,,0.11400883639487351,-0.009291477160346884,-136.67642380602592,3.3235761939740436,-1.2726052615990475,-0.9762601700430426,True,0.9762601700430426,dt=0.0125us
17,2.4954731132462777,-0.008717448624979165,-275.68846344290614,4.311536557093799,,0.04095069201886571,0.018467848260913224,-136.9315001590263,3.0684998409736663,-1.2430367161201326,-0.9780821439930453,True,0.9780821439930453,dt=0.0125us
18,2.5587911705103252,0.012851549821034985,-268.5526443430333,11.447355656966671,,-0.19688609491703954,-0.0036841057115555935,-132.18290934943536,7.81709065056461,-3.6302650064020607,-0.9441636382102527,True,0.9441636382102527,dt=0.0125us
19,2.353554344745062,0.01594041233266846,-277.08805652148175,2.9119434785182174,,-0.09140171752018117,-0.006378709475313184,-137.9763762468544,2.023623753145588,-0.8883197253726293,-0.9855455446203887,True,0.9855455446203887,dt=0.0125us
20,2.485521037622309,0.023265175329123308,-272.69787727343,7.302122726569962,,-0.15696518656148295,0.0022742679248729156,-135.0087222210274,4.991277778972574,-2.3108449475973885,-0.9643480158644816,True,0.9643480158644816,dt=0.0125us
21,2.4361211205294815,-0.0030615858695355585,-279.39184190242133,0.6081580975786042,,0.038511331631390186,0.0040923012363379176,-139.5631163104896,0.4368836895103882,-0.17127440806821598,-0.9968794022177829,True,0.9968794022177829,dt=0.0125us
0,2.4196942443799134,0.009675264025990058,-279.09319805148334,0.9068019485166224,,-0.03023076340786686,0.007398439685323105,-139.37571166964239,0.6242883303576051,-0.28251361815901727,-0.9955407976403028,True,0.9955407976403028,dt=0.0125us
1,2.405425348967108,-0.0032406095992390557,-279.90402614212934,0.09597385787061605,,0.017652239160061523,-0.001002405896983445,-139.9282474131732,0.07175258682676018,-0.02422127104385587,-0.999487481522666,True,0.999487481522666,dt=0.0125us
2,2.3870453841524037,-0.025192857970482808,-274.8587209028415,5.141279097158404,,0.13493661489696232,0.0029804438033224933,-136.2537931122558,3.7462068877441617,-1.395072209414242,-0.9732413793732559,True,0.9732413793732559,dt=0.0125us
3,2.3465239626553807,-0.04266667487542202,-264.2828053509079,15.717194649092088,,-0.10720615831595802,0.03391180826144933,-128.47739734022608,11.5226026597739,-4.194591989318186,-0.9176956952873293,True,0.9176956952873293,dt=0.0125us
4,2.413652069062091,0.015732768010132594,-277.94547988530513,2.0545201146948315,,-0.07154435972626745,0.00681408130463961,-138.58582624049754,1.414173759502451,-0.6403463551923807,-0.9898987588606968,True,0.9898987588606968,dt=0.0125us
5,2.4825372900258627,0.01617852623992513,-275.13497788466776,4.865022115332222,,-0.09802267478774143,0.013203682038083454,-136.6550055928361,3.3449944071638797,-1.5200277081683418,-0.9761071828059723,True,0.9761071828059723,dt=0.0125us
6,2.4194321759433017,0.005208426726954603,-279.6287510570967,0.3712489429033008,,-0.0071718320689125635,0.005540302854647603,-139.7441524914879,0.2558475085120823,-0.11540143439121847,-0.9981725177963423,True,0.9981725177963423,dt=0.0125us
7,2.347149622456785,-0.0037849929646410793,-278.74517940106256,1.2548205989373966,,-0.010298630168703036,-0.010432537692843556,-139.10842901242628,0.8915709875736983,-0.3632496113636982,-0.993631635803045,True,0.993631635803045,dt=0.0125us
8,2.4698356167551303,0.008664392645355791,-277.41196059616965,2.5880394038303063,,-0.021879659442647248,0.014582292691644596,-138.2025796414759,1.79742035852409,-0.7906190453062163,-0.9871612831533993,True,0.9871612831533993,dt=0.0125us
9,2.4642365994856257,-0.005239941054108831,-278.09759544686904,1.9024045531309002,,0.0549908678037854,0.009635725572108103,-138.64075044405243,1.3592495559475468,-0.5431549971833534,-0.9902910746003747,True,0.9902910746003747,dt=0.0125us
10,2.3352005220322365,0.027981343052053298,-272.0297965420838,7.97020345791616,,-0.0520715546514281,-0.02493551441216511,-134.47695789101084,5.5230421089891255,-2.4471613489270347,-0.9605496992215062,True,0.9605496992215062,dt=0.0125us
11,2.3460105450142184,-0.030482889269543796,-271.38348757666506,8.616512423334878,,0.15138920208456957,0.014570618182214567,-133.6929263913787,6.307073608621264,-2.309438814713613,-0.9549494742241338,True,0.9549494742241338,dt=0.0125us
12,2.3588746336575057,-0.007118008840882894,-278.9040213842009,1.0959786157990554,,0.009807103611035305,-0.009777326513505161,-139.21628365527778,0.7837163447222019,-0.31226227107685345,-0.9944020261091271,True,0.9944020261091271,dt=0.0125us
13,2.4203729919813735,0.02348715410379392,-275.42126305144905,4.578736948550907,,-0.12433234021537543,0.0015040230426989457,-136.85541340346742,3.1445865965325552,-1.434150352018352,-0.9775386671676246,True,0.9775386671676246,dt=0.0125us
14,2.5089293738781446,0.011109061667010514,-274.20140451916524,5.798595480834709,,-0.09502914982156367,0.01646114603057016,-135.99928900020237,4.000710999797623,-1.7978844810370858,-0.9714234928585884,True,0.9714234928585884,dt=0.0125us
15,2.566513088301604,0.0101181723006232,-268.0658144186797,11.93418558132027,,-0.20107569127374855,-0.003952775401179358,-131.8446449178056,8.155355082194369,-3.778830499125901,-0.9417474636986116,True,0.9417474636986116,dt=0.0125us
16,2.399830015459646,-0.0047815692013784125,-279.81725411789796,0.182745882101999,,0.019864212850121903,-0.00259633199483061,-139.86543648619343,0.134563513806559,-0.04818236829543997,-0.9990388320442388,True,0.9990388320442388,dt=0.0125us
17,2.458439348823791,0.003633323978881471,-278.5008728167057,1.499127183294303,,0.014169062352435507,0.011243797257484105,-138.94851506468973,1.0514849353102533,-0.4476422479840498,-0.9924893933192125,True,0.9924893933192125,dt=0.0125us
18,2.5320239549063217,0.005895175414879915,-272.68173681396985,7.318263186030087,,-0.11229975227552674,0.017705495104587854,-134.93856746654842,5.061432533451552,-2.2568306525785347,-0.9638469104753461,True,0.9638469104753461,dt=0.0125us
19,2.3504903353328075,-0.02812233160301407,-272.6781009666239,7.321899033376045,,0.1557873919065561,0.007671912475568688,-134.652342277915,5.34765772208496,-1.9742413112910855,-0.9618024448422503,True,0.9618024448422503,dt=0.0125us
20,2.5619144102541975,0.03031098917901055,-262.134953030099,17.865046969900963,,0.027624893119153632,-0.0386411551993898,-127.91019075630193,12.089809243698042,-5.7752377262029215,-0.9136442196878711,True,0.9136442196878711,dt=0.0125us
21,2.2922473674669464,-0.010738574513346788,-274.36863236201975,5.631367637980226,,0.10051403507523156,-0.01575478812238374,-135.9648297291614,4.035170270838557,-1.5961973671416694,-0.9711773552082961,True,0.9711773552082961,dt=0.0125us
0,2.4217494669170283,-0.0055555409100023585,-279.55987383474405,0.4401261652558956,,0.03947670455891439,0.0004909865097404907,-139.6796727652826,0.32032723471737906,-0.11979893053851651,-0.9977119483234473,True,0.9977119483234473,dt=0.0125us
1,2.5003284203579645,0.024934718043565098,-270.9431283263696,9.05687167363034,,-0.17279123129561846,-0.005016093404028002,-133.82315918642917,6.176840813570802,-2.880030860059538,-0.9558797084744942,True,0.9558797084744942,dt=0.0125us
2,2.370218290418474,0.026907623764322722,-273.85071676093685,6.149283239063099,,-0.11414748777430088,-0.014169137710626063,-135.75547850112088,4.244521498879092,-1.904761740184007,-0.9696819892937207,True,0.9696819892937207,dt=0.0125us
3,2.421069988660765,-0.008511710907712793,-279.23940169217985,0.760598307820089,,0.051893283115421844,-0.0006057765697596656,-139.44733060479655,0.5526693952034419,-0.2079289126166471,-0.9960523614628326,True,0.9960523614628326,dt=0.0125us
4,2.3369564464158503,-0.017384281381367522,-275.9633802915414,4.036619708458549,,0.09744472452469001,-0.011096247411891302,-137.08708898107034,2.9129110189296483,-1.1237086895289006,-0.9791934927219311,True,0.9791934927219311,dt=0.0125us
5,2.424852877616876,0.007363168924514338,-279.3141152659695,0.6858847340304243,,-0.014805581239875862,0.007322326151152902,-139.5266445248429,0.47335547515705745,-0.21252925887336685,-0.9966188894631639,True,0.9966188894631639,dt=0.0125us
6,2.504667027739302,0.02127039017311492,-271.93803537822953,8.061964621770443,,-0.16490008655655802,0.0026441177505383403,-134.49119432948703,5.508805670512955,-2.5531589512574877,-0.9606513880677646,True,0.9606513880677646,dt=0.0125us
7,2.4398199212871226,-0.014682673492583046,-277.6290764389816,2.37092356101834,,0.08881864349885082,0.0037643823421836227,-138.28241085201225,1.7175891479877183,-0.6533344130306218,-0.987731506085802,True,0.987731506085802,dt=0.0125us
8,2.491662792490288,-0.013024980413847576,-275.22791324617253,4.772086753827446,,0.053925785389580996,0.01878493774189745,-136.58613203816935,3.4138679618306242,-1.3582187919968207,-0.9756152288440669,True,0.9756152288440669,dt=0.0125us
9,2.3481941839629856,-0.008387391728509191,-278.3419691868391,1.6580308131608854,,0.017686234810919285,-0.011845059045603339,-138.81465202809994,1.1853479719000426,-0.4726828412608428,-0.9915332287721426,True,0.9915332287721426,dt=0.0125us
10,2.3595790637053056,0.010140855484563418,-278.51049181127144,1.4895081887285,,-0.06805568770609487,-0.003405803676666432,-138.9631297183331,1.0368702816668707,-0.45263790706162915,-0.9925937837023795,True,0.9925937837023795,dt=0.0125us
11,2.33706426047633,-0.004791483514639136,-278.2008288246913,1.799171175308621,,-0.00277326513811503,-0.01264430747236885,-138.72060971303148,1.2793902869684883,-0.5197808883401326,-0.990861497950225,True,0.990861497950225,dt=0.0125us
12,2.394096377213168,0.005566341606563441,-279.7381039379162,0.2618960620837199,,-0.026865502002469704,0.0019680977972653456,-139.82148933064786,0.17851066935211976,-0.08338539273160016,-0.9987249237903421,True,0.9987249237903421,dt=0.0125us
13,2.33378730313507,0.024039459578250655,-273.59345423975407,6.406545760245863,,-0.0757067304780062,-0.020258044670080327,-135.55255161161801,4.447448388381963,-1.9590973718639006,-0.9682325115115574,True,0.9682325115115574,dt=0.0125us
14,2.306300035173025,-0.01032219054832683,-275.57970411636535,4.42029588363462,,0.0701338115579734,-0.01644188713162019,-136.8368687295841,3.1631312704158825,-1.2571646132187375,-0.9774062052113152,True,0.9774062052113152,dt=0.0125us
15,2.4245073989378896,0.009969442819045762,-278.9600390819215,1.0399609180784917,,-0.029710218674467416,0.008191203969625877,-139.2833077733104,0.7166922266895601,-0.32326869138893166,-0.9948807698093602,True,0.9948807698093602,dt=0.0125us
16,2.4030264553397016,-0.012999038566963954,-278.6457328259904,1.3542671740095156,,0.06366912563275191,-0.004409015554963279,-139.0179115434557,0.9820884565442707,-0.37217871746524483,-0.9929850824532552,True,0.9929850824532552,dt=0.0125us
17,2.242687923612408,-0.035624223600957385,-259.9140343002926,20.08596569970738,,-0.20949702882755353,0.027612366136646534,-125.21077781691412,14.789222183085856,-5.296743516621522,-0.8943626986922438,True,0.8943626986922438,dt=0.0125us
18,2.4217643505762836,-0.015001713355986764,-278.00758092607003,1.9924190739299268,,0.08423938130488523,-0.00046385608337108766,-138.55428017278857,1.4457198272114185,-0.5466992467185084,-0.9896734298056328,True,0.9896734298056328,dt=0.0125us
19,2.4376178206363024,0.01614515349487719,-277.338344472829,2.6616555271709217,,-0.07096687961180652,0.010035589960868695,-138.16869549110535,1.8313045088946334,-0.8303510182762884,-0.9869192535078954,True,0.9869192535078954,dt=0.0125us
20,2.335065266856237,0.01424201390842285,-276.6592330617933,3.340766938206629,,-0.08087463839170819,-0.011181616269621499,-137.66922967665997,2.3307703233400057,-1.0099966148666235,-0.9833516405475714,True,0.9833516405475714,dt=0.0125us
21,2.318909772037559,0.0007207607013774824,-277.3187217527261,2.6812782472738768,,-0.022425173818561947,-0.014975885181084963,-138.10465668394562,1.8953433160543456,-0.7859349312195311,-0.9864618334567546,True,0.9864618334567546,dt=0.0125us
0,2.323487036136887,0.026492270622203756,-272.00591115222477,7.9940888477751955,,-0.03540168946495064,-0.02573764472261078,-134.44949044961663,5.550509550383358,-2.443579297391837,-0.9603535032115474,True,0.9603535032115474,dt=0.0125us
1,2.406092037404268,-0.005517588272862416,-279.7414983194042,0.25850168059576817,,0.027761780643723314,-0.002007107205424294,-139.81024613156788,0.18975386843210235,-0.0687478121636658,-0.998644615225485,True,0.998644615225485,dt=0.0125us
2,2.4816804871089806,0.010758655931792607,-276.35883571692057,3.641164283079396,,-0.048746064142242175,0.015955980149261955,-137.4799919783991,2.5200080216008742,-1.1211562614785222,-0.9819999427028508,True,0.9819999427028508,dt=0.0125us
3,2.251573342099175,-0.0023695564611571273,-271.08622892518355,8.91377107481638,,0.15670283044640576,-0.01338197000254432,-133.6350390892378,6.3649609107621625,-2.5488101640542173,-0.954535993494556,True,0.954535993494556,dt=0.0125us
4,2.540491781948828,0.005374093377711206,-271.8099395233313,8.190060476668624,,-0.1333939178020496,0.016069467315201376,-134.34339745498139,5.656602545018598,-2.5334579316500254,-0.95959569610701,True,0.95959569610701,dt=0.0125us
5,2.5648664698113546,-0.04721418362808362,-251.28195393029247,28.71804606970748,,0.1781020809644268,-0.040951591071585094,-120.25628824240658,19.7437117575934,-8.97433431211408,-0.8589734874457614,True,0.8589734874457614,dt=0.0125us
6,2.443461665772414,-0.018190720252280166,-276.58362091876273,3.416379081237223,,0.10181411243696385,0.006828690053172875,-137.52295652682116,2.477043473178829,-0.9393356080583939,-0.9823068323344369,True,0.9823068323344369,dt=0.0125us
7,2.34678579616139,0.008224313243233663,-278.30335636854727,1.6966436314526938,,-0.06368169524193885,-0.006705988811921241,-138.81353248591807,1.1864675140818965,-0.5101761173707973,-0.9915252320422722,True,0.9915252320422722,dt=0.0125us
8,2.4171161387505817,-0.015695786540193473,-277.91118266954686,2.0888173304531144,,0.08597767334904868,-0.0012286429486600202,-138.48405011329163,1.5159498867083387,-0.5728674437447757,-0.9891717865235119,True,0.9891717865235119,dt=0.0125us
9,2.495325872936283,0.010505242423316094,-275.4251348908892,4.574865109110748,,-0.06510300271672478,0.016963014798942598,-136.83596852027486,3.1640314797251157,-1.4108336293856323,-0.9773997751448206,True,0.9773997751448206,dt=0.0125us
10,2.3231822739030066,-0.007492298175580086,-277.1477144895121,2.852285510487831,,0.024609608460578018,-0.015459528712113032,-137.96601032650196,2.0339896734980063,-0.8182958369898247,-0.9854715023321571,True,0.9854715023321571,dt=0.0125us
11,2.4642654211597783,0.011194756643606654,-277.3139059382334,2.6860940617665725,,-0.03810676384423545,0.013978217965149283,-138.14164690483435,1.8583530951656204,-0.8277409666009521,-0.9867260493202455,True,0.9867260493202455,dt=0.0125us
12,2.3858280399182217,-0.009773506478351356,-279.1544011424809,0.8455988575190521,,0.035448842848882896,-0.006659496008279244,-139.3887466984488,0.6112533015511692,-0.2343455559678829,-0.9956339049889202,True,0.9956339049889202,dt=0.0125us
13,2.2973538595577354,-0.0070052931519629215,-275.330543392645,4.669456607354958,,0.05949719974211306,-0.01806512651999768,-136.66948261766032,3.330517382339648,-1.33893922501531,-0.9762105901261454,True,0.9762105901261454,dt=0.0125us
14,2.346066085300299,0.0027425170531536437,-278.75242941271387,1.2475705872860954,,-0.04167450597905041,-0.008089825703666205,-139.12213939044526,0.8778606095547298,-0.3697099777313656,-0.993729567074609,True,0.993729567074609,dt=0.0125us
15,2.3557460685990157,0.015000656447608358,-277.40153045885614,2.5984695411438308,,-0.08816859445649768,-0.005303527384761819,-138.19412705909667,1.8058729409032974,-0.7925966002405331,-0.9871009075649765,True,0.9871009075649765,dt=0.0125us
16,2.392201215767606,-0.0021312785829355925,-279.9388155918952,0.061184408104775725,,0.002966138634299391,-0.0023272789064483616,-139.95491164607193,0.045088353928050294,-0.01609605417672543,-0.9996779403290853,True,0.9996779403290853,dt=0.0125us
17,2.40319607293933,0.015507755138226208,-278.07371900246125,1.9262809975387243,,-0.07399587446674331,0.0051440781349461106,-138.67301890765975,1.3269810923402245,-0.5992999051984997,-0.9905215636261413,True,0.9905215636261413,dt=0.0125us
18,2.378560601406273,0.004920464814189116,-279.61852249482314,0.38147750517682677,,-0.035546491380890055,-0.0008291594487894638,-139.73629164452106,0.2637083554789215,-0.11776914969790524,-0.9981163688894362,True,0.9981163688894362,dt=0.0125us
19,2.411895355893058,0.01607928850807288,-277.8757303903161,2.124269609683843,,-0.07450030443885798,0.006441239811847521,-138.53770985697983,1.4622901430201576,-0.6619794666636853,-0.9895550704069989,True,0.9895550704069989,dt=0.0125us
20,2.3314295664661815,0.008305983131278488,-277.5317086868767,2.468291313123239,,-0.06178618247208725,-0.010912175373417763,-138.2696183400801,1.7303816599198998,-0.7379096532033393,-0.9876401310005721,True,0.9876401310005721,dt=0.0125us
21,2.4371265215751663,-0.01725879508189134,-277.0560178388006,2.9439821611993766,,0.0987954202465065,0.004375014663363484,-137.8647297898,2.1352702101999603,-0.8087119509994162,-0.9847480699271431,True,0.9847480699271431,dt=0.0125us
0,2.37080625964147,-0.01769476347345246,-277.149096334671,2.8509036653289415,,0.08711741539425787,-0.008059554259065443,-137.93704191853178,2.0629580814682114,-0.78794558386073,-0.9852645851323699,True,0.9852645851323699,dt=0.0125us
1,2.4596327158825857,-0.008544408593663642,-277.9655297962751,2.0344702037248537,,0.06788952234296364,0.008084034241102515,-138.53810939031652,1.4618906096834523,-0.5725795940414014,-0.9895579242165468,True,0.9895579242165468,dt=0.0125us
2,2.478448899149883,-0.032110224686821474,-269.25294292008635,10.747057079913603,,-0.04008472042635512,0.030466998924826072,-132.25285402362346,7.747145976376508,-2.9999111035370936,-0.9446632430258821,True,0.9446632430258821,dt=0.0125us
3,2.4250034254080077,0.015234331391220966,-277.8894459715616,2.110554028438349,,-0.06492437167487657,0.008613463686514155,-138.54748963675644,1.4525103632435534,-0.6580436651947958,-0.9896249259768317,True,0.9896249259768317,dt=0.0125us
4,2.4487426419468994,0.029657482236552696,-271.999888092252,8.000111907747954,,-0.15311775330945304,-0.00972153893344963,-134.53031353729853,5.469686462701445,-2.5304254450465082,-0.960930810980704,True,0.960930810980704,dt=0.0125us
5,2.2730331943716413,-0.005390707601549622,-273.2500725655997,6.749927434400266,,0.1080940985288078,-0.017500685127341663,-135.18245393711408,4.817546062885907,-1.9323813715143596,-0.9655889566936721,True,0.9655889566936721,dt=0.0125us
6,2.51231746771891,0.010494169661552068,-274.00635432370404,5.993645676295935,,-0.09699054145144101,0.016686884418184417,-135.863477585282,4.1365224147179855,-1.8571232615779492,-0.970453411323443,True,0.970453411323443,dt=0.0125us
7,2.343410075317525,0.005880511199617469,-278.41660853730565,1.583391462694301,,-0.05483410587084184,-0.007884208506954576,-138.88951575129437,1.110484248705609,-0.47290721398869207,-0.9920679696521028,True,0.9920679696521028,dt=0.0125us
8,2.3955649902063927,0.006201228608638584,-279.6846030195054,0.31539698049456266,,-0.02854009099853898,0.002472149868249067,-139.78464474103433,0.21535525896565172,-0.10004172152891094,-0.9984617481502454,True,0.9984617481502454,dt=0.0125us
9,2.3778925726082365,0.0028586928908529386,-279.734819471538,0.26518052846196233,,-0.027615085102416108,-0.0018729355037358068,-139.81606668340277,0.1839333165972147,-0.0812472118647476,-0.9986861905957342,True,0.9986861905957342,dt=0.0125us
10,2.4028447278503697,-0.009030118857226254,-279.3449627336181,0.6550372663818365,,0.04187417826431628,-0.0038417753557430136,-139.52384024004007,0.4761597599599165,-0.17887750642191994,-0.9965988588574292,True,0.9965988588574292,dt=0.0125us
11,2.3709418625981376,-0.0398712576047727,-266.94909277865327,13.050907221346705,,-0.008853738909285864,0.03456523353656804,-130.43497328520837,9.5650267147916,-3.4858805065551057,-0.9316783806086314,True,0.9316783806086314,dt=0.0125us
12,2.3015880896374648,-0.018460163893791084,-273.34228486345285,6.657715136547091,,0.1475463008036076,-0.007345341404242833,-135.18594672510423,4.814053274895754,-1.8436618616513365,-0.965613905179316,True,0.965613905179316,dt=0.0125us
13,2.656740724209988,-0.010995322530421063,-253.32615087411892,26.67384912588102,,0.23330166941572075,-0.030329716135366197,-121.94575421036627,18.054245789633704,-8.619603336247318,-0.8710411015026164,True,0.8710411015026164,dt=0.0125us
14,2.3652444608250116,-0.017542772914653663,-277.046619347267,2.9533806527329984,,0.08635249648589717,-0.008798235003103703,-137.86436035677852,2.1356396432214697,-0.8177410095115286,-0.9847454311198467,True,0.9847454311198467,dt=0.0125us
15,2.218375301541251,-0.015595333232204087,-264.88137051331034,15.118629486689604,,0.12434655733302548,0.031471566646587144,-128.95661176071536,11.043388239284608,-4.075241247404996,-0.9211186554336813,True,0.9211186554336813,dt=0.0125us
16,2.406453154806299,0.015329364854168347,-278.10482922703653,1.8951707729634073,,-0.07150058717888802,0.005740066154811667,-138.69486207498701,1.3051379250129687,-0.5900328479504386,-0.9906775862499073,True,0.9906775862499073,dt=0.0125us
17,2.3223450455322543,0.057423847343703247,-251.18890761138874,28.81109238861121,,-0.13626600768139951,0.045573611630116924,-119.6530983881366,20.346901611863373,-8.464190776747838,-0.8546649884866901,True,0.8546649884866901,dt=0.0125us
18,2.424843565618018,-0.015596201825436976,-277.8035340754478,2.196465924552151,,0.08848146091532827,0.0004349991067025046,-138.40624429713088,1.5937557028690814,-0.6027102216830698,-0.9886160306937922,True,0.9886160306937922,dt=0.0125us
19,2.3269800568729706,-0.0191899409776863,-274.88401337087834,5.115986629121616,,0.12255619728609113,-0.00909111828133618,-136.30065087765763,3.6993491223423574,-1.416637506779258,-0.9735760776975546,True,0.9735760776975546,dt=0.0125us
20,2.374984340529973,-0.03178000862789209,-271.67201490319326,8.327985096806676,,0.13487360715788393,0.017414925220459645,-133.90423634145282,6.09576365854717,-2.2322214382595056,-0.9564588310103773,True,0.9564588310103773,dt=0.0125us
21,2.3740025886680525,-0.0035622301630017176,-279.6222285622511,0.37777143774884625,,-0.0030175041037192036,-0.005792208978218977,-139.72999420463043,0.2700057953695553,-0.1077656423792909,-0.9980713871759318,True,0.9980713871759318,dt=0.0125us
0,2.442301014934906,-0.03102477481804917,-271.5759417340373,8.424058265962623,,0.07175072288708595,0.025208547962843126,-133.8719708795462,6.1280291204537525,-2.296029145508871,-0.9562283634253304,True,0.9562283634253304,dt=0.0125us
1,2.488983284905512,0.004862008561386505,-276.5905642990191,3.409435700980884,,-0.012532334663633255,0.017140782426924316,-137.61965211054087,2.3803478894591072,-1.0290878115217765,-0.9829975150752921,True,0.9829975150752921,dt=0.0125us
2,2.3676193782091266,-0.013233002366891705,-278.17182563616785,1.8281743638321,,0.05211811238091927,-0.009770765351966576,-138.6824794363878,1.317520563612177,-0.5106538002199231,-0.9905891388313416,True,0.9905891388313416,dt=0.0125us
3,2.30020506647327,0.0113486864828522,-274.92601574298214,5.073984257017799,,-0.028815287764808704,-0.020598444047434585,-136.4391125047154,3.5608874952845575,-1.5130967617332416,-0.974565089319396,True,0.974565089319396,dt=0.0125us
4,2.393079593495314,-0.010958159132861082,-279.02066815135896,0.9793318486410085,,0.046232230211234585,-0.005842017626893544,-139.29071125811222,0.7092887418877579,-0.27004310675325055,-0.9949336518436589,True,0.9949336518436589,dt=0.0125us
5,2.2484326126783176,0.0021792697340972953,-270.72017016066036,9.279829839339579,,0.15330832825413307,-0.015325855781320853,-133.39684640368387,6.603153596316108,-2.6766762430234703,-0.9528346171691706,True,0.9528346171691706,dt=0.0125us
6,2.2613889634926183,-0.0015329469116124022,-272.2307009072869,7.769299092713019,,0.12244598265784197,-0.017685646854987778,-134.46672803837052,5.533271961629471,-2.2360271310835476,-0.9604766288455038,True,0.9604766288455038,dt=0.0125us
7,2.349012772908684,-0.005205539529959949,-278.7219373572263,1.27806264277368,,-0.002318009316080541,-0.01066444284265639,-139.08991963656453,0.9100803634354461,-0.36798227933823396,-0.9934994259754611,True,0.9934994259754611,dt=0.0125us
8,2.430663960389371,0.039715306617844004,-267.0091099372179,12.990890062782075,,-0.013428314746723553,-0.03325960326228883,-131.12189044370243,8.87810955629754,-4.112780506484534,-0.9365849317407319,True,0.9365849317407319,dt=0.0125us
9,2.3781415652694116,0.004715795456871994,-279.626868393321,0.37313160667894996,,-0.034994879225807914,-0.000987596017702343,-139.74193574808731,0.25806425191265675,-0.11506735476629323,-0.9981566839149096,True,0.9981566839149096,dt=0.0125us
10,2.2275689616990673,-0.0064384419657351425,-267.76590382851055,12.234096171489407,,0.20493621903980105,0.00784268453905253,-131.17605614240807,8.823943857591917,-3.4101523138974885,-0.9369718295886291,True,0.9369718295886291,dt=0.0125us
11,2.4068497398750215,0.0024551514809968435,-279.93263020812543,0.06736979187451568,,-0.004092153796583051,0.002286472302889832,-139.95479076076947,0.04520923923049783,-0.02216055264401786,-0.9996770768626393,True,0.9996770768626393,dt=0.0125us
12,2.43993533544339,-0.0005389085136643727,-279.3460127612543,0.6539872387456205,,0.029990132421413542,0.005932799679417225,-139.53483418518974,0.46516581481023356,-0.18882142393538695,-0.9966773870370698,True,0.9966773870370698,dt=0.0125us
13,2.4435569786146747,-0.02144362832963536,-275.5497986890522,4.450201310947799,,0.10912034274283942,0.010104248488944293,-136.76951577541547,3.230484224584499,-1.2197170863632998,-0.9769251126815393,True,0.9769251126815393,dt=0.0125us
14,2.389419184580293,-0.00155750138057566,-279.9348167836818,0.06518321631812872,,-0.0014633466650498287,-0.00241944798030622,-139.9527765027049,0.04722349729507761,-0.017959719023051105,-0.9996626893050352,True,0.9996626893050352,dt=0.0125us
15,2.418466775592418,0.008903323151437862,-279.22697405296793,0.7730259470320358,,-0.026523617795977304,0.006968998149865315,-139.46800926701889,0.5319907329811002,-0.2410352140509355,-0.9962000661929922,True,0.9962000661929922,dt=0.0125us
16,2.4207109960537716,0.013337654761218827,-278.40278186244285,1.5972181375571306,,-0.05273043667725105,0.008158490564207014,-138.9004362349815,1.0995637650184888,-0.49765437253864175,-0.9921459731070108,True,0.9921459731070108,dt=0.0125us
17,2.548023753595918,-0.012184199796602124,-269.9919097370078,10.008090262992146,,-0.12607742516033926,0.021802565335717568,-132.98691965850884,7.013080341491145,-2.9950099215010004,-0.949906568989349,True,0.949906568989349,dt=0.0125us
18,2.258270123620787,0.05676335277888844,-246.14970304082738,33.85029695917258,,-0.3585029548006892,-0.007551098443899258,-115.57614244571289,24.42385755428709,-9.426439404885498,-0.8255438746122351,True,0.8255438746122351,dt=0.0125us
19,2.252733266737392,-0.018096623637065604,-268.6495824116428,11.35041758835713,,0.1869367477623445,0.012689583606900501,-131.74456596434888,8.255434035651112,-3.094983552706017,-0.9410326140310634,True,0.9410326140310634,dt=0.0125us
20,2.4615520422958284,0.021998954985942898,-274.58642375193324,5.413576248066742,,-0.12933109826660544,0.006421480899682852,-136.29058682441317,3.7094131755868003,-1.7041630724799426,-0.9735041916029514,True,0.9735041916029514,dt=0.0125us
21,2.4475879061686,-0.0040863276547523746,-278.9416494440078,1.0583505559921762,,0.04801525298260531,0.005999163918593898,-139.24157770286834,0.7584222971316325,-0.29992825886054375,-0.9945826978776312,True,0.9945826978776312,dt=0.0125us
0,2.4890185052479508,-0.006464532741511074,-276.4429581509447,3.5570418490552522,,0.04394463759888309,0.016343567837563074,-137.47068128115168,2.5293187188482866,-1.0277231302069658,-0.9819334377225123,True,0.9819334377225123,dt=0.025us
1,2.3777344679105683,0.0031055365520852377,-279.7201848438982,0.2798151561017556,,-0.028723411703633305,-0.0017810039063319602,-139.80599423116243,0.19400576883753973,-0.08580938726421586,-0.9986142445083033,True,0.9986142445083033,dt=0.025us
2,2.321577840548703,-0.00489520175177045,-277.3038438504978,2.6961561495021718,,0.007772167161393311,-0.01543742287350557,-138.08293757739796,1.9170624226020123,-0.7790937269001592,-0.9863066969814142,True,0.9863066969814142,dt=0.025us
3,2.399062218747594,-0.008642239295257183,-279.4026995341008,0.5973004658991262,,0.03736581155040898,-0.004314286140317389,-139.56594270410062,0.4340572958993457,-0.1632431699997805,-0.9968995907435761,True,0.9968995907435761,dt=0.025us
4,2.247843459375354,-0.009686229206561228,-269.93747755739025,10.062522442609694,,0.19033962444501254,-0.0019671737498772927,-132.75132790633825,7.248672093661725,-2.8138503489479696,-0.9482237707595591,True,0.9482237707595591,dt=0.025us
5,2.385526069500879,-0.00164915359741603,-279.89257438611986,0.10742561388009574,,-0.003926172754435846,-0.003040587416713491,-139.92295567668447,0.07704432331552287,-0.030381290564572866,-0.9994496834048892,True,0.9994496834048892,dt=0.025us
6,2.2602527900709557,-0.004902522947113259,-271.93161767855923,8.0683823214407,,0.14228764423470047,-0.014525477962470933,-134.23318195725616,5.766818042743825,-2.301564278696875,-0.9588084425518298,True,0.9588084425518298,dt=0.025us
7,2.353775806448007,0.01445783381370611,-277.4566268041835,2.543373195816469,,-0.08628975077997905,-0.005637003130862112,-138.23127154592802,1.7687284540719452,-0.7746447417445239,-0.9873662253280575,True,0.9873662253280575,dt=0.025us
8,2.4806283392969175,-0.014806014106460553,-275.60105642882473,4.398943571175193,,0.07192891407375507,0.01623433329007041,-136.83929494783388,3.160705052166099,-1.2382385190090948,-0.9774235353416707,True,0.9774235353416707,dt=0.025us
9,2.4426399665969,0.009395169569136646,-278.5517124450582,1.44828755494181,,-0.02090098606012195,0.01068860640886207,-138.99756816545022,1.002431834549767,-0.44585572039204296,-0.9928397726103588,True,0.9928397726103588,dt=0.025us
10,2.4078255076266926,-0.016197811347053153,-277.87798366239866,2.122016337601273,,0.08505212578429298,-0.002916497797746022,-138.46016633913345,1.5398336608665188,-0.582182676734754,-0.9890011881366677,True,0.9890011881366677,dt=0.025us
11,2.254995757308305,0.005809471316692192,-271.2594631577279,8.740536842272075,,0.12401100107355284,-0.01964037984397382,-133.80641796489067,6.193582035109307,-2.5469548071627677,-0.9557601283206478,True,0.9557601283206478,dt=0.025us
12,2.280620100244591,0.006110729439105566,-273.931696419816,6.0683035801839615,,0.03197070411934971,-0.022577456263142292,-135.71701511806762,4.282984881932366,-1.7853186982515952,-0.9694072508433402,True,0.9694072508433402,dt=0.025us
13,2.4048188720077497,-0.0158251027850019,-277.9889263182378,2.011073681762112,,0.08156812684126351,-0.0036181116097266475,-138.54106305081558,1.4589369491844069,-0.5521367325777051,-0.98957902179154,True,0.98957902179154,dt=0.025us
14,2.3688797683700678,0.003398215383748735,-279.5117961131421,0.48820388685782634,,-0.03562404572266514,-0.0031918733601668703,-139.65923229192026,0.3407677080797199,-0.1474361787781064,-0.9975659449422877,True,0.9975659449422877,dt=0.025us
15,2.3793477101776523,0.03304543746735857,-271.09783497938804,8.902165020611903,,-0.08422830409303977,-0.024205623999093217,-133.87351753135243,6.126482468647555,-2.775682551964348,-0.9562394109382317,True,0.9562394109382317,dt=0.025us
16,2.390758469155178,-0.00968898794208526,-279.2147628239998,0.7852371760001617,,0.03770309436155344,-0.005899111674085059,-139.43140538600133,0.568594613998641,-0.2166425620015207,-0.9959386099000097,True,0.9959386099000097,dt=0.025us
17,2.501009202427031,0.02539136831382562,-270.70420271848724,9.295797281512716,,-0.1732578825016483,-0.006430617989057358,-133.66213159206498,6.3378684079349865,-2.95792887357773,-0.954729511371893,True,0.954729511371893,dt=0.025us
18,2.3609803043166098,0.02295634040977217,-275.1658843975473,4.83411560245268,,-0.1098199538907311,-0.010613299511318518,-136.65443852511106,3.345561474888914,-1.4885541275637668,-0.976103132322222,True,0.976103132322222,dt=0.025us
19,2.2896688345632246,-0.010418562479264851,-274.19666293429566,5.803337065704306,,0.10339413756421933,-0.015771572295345967,-135.84228770818922,4.157712291810765,-1.6456247738935417,-0.9703020550584945,True,0.9703020550584945,dt=0.025us
20,2.480255057693215,0.004398721251963615,-277.2228335375504,2.7771664624495416,,-0.00017815597492718235,0.01558955824753576,-138.05755967280814,1.9424403271918504,-0.8347261352576909,-0.986125426234344,True,0.986125426234344,dt=0.025us
21,2.4153353410117773,0.013054506286935734,-278.5417400104737,1.458259989526265,,-0.05295304294008361,0.007346828467080964,-138.99622908576345,1.0037709142365383,-0.4544890752897267,-0.9928302077554533,True,0.9928302077554533,dt=0.025us
0,2.401985725246939,0.04065761367758853,-266.78657489620764,13.213425103792304,,0.032214449993119655,-0.033265488659359396,-130.94353086800467,9.056469131995296,-4.156955971797008,-0.9353109347714622,True,0.9353109347714622,dt=0.025us
1,2.535724327212883,0.02157406445722705,-268.84466780097273,11.155332199027255,,-0.18406238528036978,-0.010216059861759384,-132.40482526227427,7.5951747377257,-3.560157461301554,-0.9457487518733878,True,0.9457487518733878,dt=0.025us
2,2.351341018682817,0.011419731371566851,-277.9907837776965,2.009216222303491,,-0.07525298114573746,-0.005556914505683261,-138.5996444313961,1.4003555686038947,-0.6088606536995965,-0.9899974602242579,True,0.9899974602242579,dt=0.025us
3,2.4348832142726384,0.012844157911690347,-278.1841190351672,1.8158809648327618,,-0.045702826719610914,0.010159693685102951,-138.74843752089268,1.251562479107288,-0.5643184857254739,-0.9910602680063765,True,0.9910602680063765,dt=0.025us
4,2.4253893308862122,0.004576091126902483,-279.56905259408626,0.43094740591368125,,-0.0005756348052828456,0.00611432683441506,-139.701135441345,0.298864558654981,-0.13208284725870023,-0.9978652531524644,True,0.9978652531524644,dt=0.025us
5,2.4077262840638056,0.011744230695079618,-278.87320943187893,1.1267905681210064,,-0.048630607637533296,0.006049242053533382,-139.22463228908157,0.7753677109184143,-0.35142285720259214,-0.9944616592077256,True,0.9944616592077256,dt=0.025us
6,2.377653539837369,0.026834253919296388,-274.04062727058056,5.959372729419414,,-0.1202619681174991,-0.01216283635496085,-135.8903755525283,4.109624447471686,-1.8497482819477282,-0.9706455396609165,True,0.9706455396609165,dt=0.025us
7,2.356351294441179,0.036908381887813,-268.334174666879,11.66582533312094,,0.02939247127370486,-0.03137202025450506,-131.95722779484558,8.04277220515441,-3.6230531279665312,-0.9425516271060399,True,0.9425516271060399,dt=0.025us
8,2.5168777758149736,-0.029581423502753133,-267.47323408969487,12.526765910305087,,-0.14313785765711845,0.024463265565590198,-131.0882399458146,8.911760054185384,-3.615005856119703,-0.9363445710415329,True,0.9363445710415329,dt=0.025us
9,2.4150517210319538,0.030383865824927418,-272.52889265089425,7.471107349105713,,-0.13701995439979153,-0.012930183007003057,-134.87573844344968,5.1242615565502945,-2.3468457925554187,-0.9633981317389264,True,0.9633981317389264,dt=0.025us
10,2.4194804696965235,0.004238757231366132,-279.70119849416534,0.2988015058346303,,-0.0026768168124897598,0.005062313307470416,-139.7937123545505,0.20628764544947803,-0.09251386038515227,-0.998526516818218,True,0.998526516818218,dt=0.025us
11,2.4052282514579697,0.0052564209869194415,-279.7679875526799,0.23201244732002776,,-0.017194405648688873,0.003489643124171049,-139.842211541622,0.15778845837799682,-0.07422398894203093,-0.9988729395830143,True,0.9988729395830143,dt=0.025us
12,2.5396598567517437,-0.011794486543270177,-271.02159177020036,8.978408229799603,,-0.09139928358734846,0.024023422270679457,-133.68903413284684,6.310965867153134,-2.66744236264647,-0.9549216723774776,True,0.9549216723774776,dt=0.025us
13,2.395278346129344,-0.008575613358597044,-279.40310779862176,0.5968922013781667,,0.03453094299864938,-0.004870478754616083,-139.56672432492084,0.4332756750791264,-0.16361652629904022,-0.9969051737494348,True,0.9969051737494348,dt=0.025us
14,2.330591875526616,0.020798552265842072,-274.5787831496716,5.421216850328363,,-0.08009340025389859,-0.01756054216831075,-136.22934554119735,3.7706544588026434,-1.6505623915257195,-0.9730667538656954,True,0.9730667538656954,dt=0.025us
15,2.3132069240355606,-0.001572843184425564,-276.9154520444264,3.084547955573571,,-0.003849090830863028,-0.016526683105978716,-137.81398831236314,2.1860116876368516,-0.8985362679367194,-0.9843856308025939,True,0.9843856308025939,dt=0.025us
16,2.4119470633918128,-0.010681930157943382,-279.02965124724415,0.9703487527558309,,0.05630410544259944,-0.002688599234532699,-139.29529060101572,0.704709398984262,-0.2656393537715689,-0.9949663614358267,True,0.9949663614358267,dt=0.025us
17,2.4124772290163308,0.004896074539803443,-279.74472917439033,0.2552708256096073,,-0.0103819565772768,0.004369652401022188,-139.82534870111132,0.17465129888866238,-0.0806195267209449,-0.9987524907222238,True,0.9987524907222238,dt=0.025us
18,2.274357271657262,-0.012067245876994606,-272.4521628544768,7.5478371455231805,,0.14992573081015306,-0.01063952242311049,-134.57225827588223,5.427741724117753,-2.120095421405428,-0.9612304162563018,True,0.9612304162563018,dt=0.025us
19,2.4542897604973932,-0.0029231516635025902,-278.7285627439126,1.2714372560873273,,0.045015344415401795,0.007854791530317439,-139.0930145561589,0.9069854438410865,-0.3644518122462408,-0.9935215325439922,True,0.9935215325439922,dt=0.025us
20,2.3521867692192084,0.011409415702865116,-278.0259307352347,1.9740692647652498,,-0.07509108466668259,-0.005329349687795217,-138.62438201077472,1.375617989225243,-0.5984512755400068,-0.9901741572198197,True,0.9901741572198197,dt=0.025us
21,2.5358472268887273,-0.002018780836574841,-272.5188007745739,7.48119922542607,,-0.08477598684391668,0.021678302227494804,-134.7816105432884,5.2183894567115905,-2.26280976871448,-0.9627257895949172,True,0.9627257895949172,dt=0.025us
0,2.338929941122197,-0.0017292355200840667,-278.4545363819885,1.545463618011505,,-0.02054556906911203,-0.011232442044517413,-138.90529808724665,1.0947019127533222,-0.45076170525818265,-0.9921807006231905,True,0.9921807006231905,dt=0.025us
1,2.3984423732256976,-0.0075804667812870066,-279.53973489635405,0.46026510364591383,,0.03167713978873047,-0.004031751650845523,-139.66498565809792,0.3350143419020515,-0.12525076174386232,-0.9976070404149854,True,0.9976070404149854,dt=0.025us
2,2.429138413664538,0.03399083569120789,-270.41861638780165,9.581383612198314,,-0.11991223656310705,-0.021357460784760283,-133.44388036479143,6.556119635208549,-3.0252639769897645,-0.9531705740342247,True,0.9531705740342247,dt=0.025us
3,2.2884938493926685,0.006746872543240042,-274.5956634664077,5.4043365335922315,,0.007492317051488354,-0.02179885672995538,-136.19059636122768,3.8094036387723094,-1.5949328948199217,-0.9727899740087692,True,0.9727899740087692,dt=0.025us
4,2.526545103389403,-0.008463007631446567,-272.95261224212163,7.047387757878347,,-0.03960488057728075,0.024105106559747718,-135.03548258407446,4.964517415925525,-2.0828703419528227,-0.9645391613148177,True,0.9645391613148177,dt=0.025us
5,2.41684264794627,-0.01626856638495347,-277.7686508105577,2.2313491894422732,,0.08899337228086572,-0.0010592043124048863,-138.3804193259776,1.6195806740223535,-0.61176851541992,-0.988431566614126,True,0.988431566614126,dt=0.025us
6,2.4452020336145175,-0.00500386162120081,-278.9652694449362,1.0347305550637642,,0.050861141620057955,0.005189871354721139,-139.256599251655,0.7434007483449895,-0.2913298067187747,-0.9946899946546787,True,0.9946899946546787,dt=0.025us
7,2.3824997083289734,-0.014447349658584891,-278.20651439759513,1.7934856024048156,,0.06403290448109879,-0.00759251485023376,-138.7031003081386,1.2968996918613787,-0.496585910543437,-0.9907364307724187,True,0.9907364307724187,dt=0.025us
8,2.24732630703863,-0.01137832175953606,-269.5902641813032,10.40973581869676,,0.19412084317952352,0.001396165325301162,-132.48495537155466,7.5150446284453265,-2.8946911902514336,-0.946321109796819,True,0.946321109796819,dt=0.025us
9,2.312824393503959,-0.008766525689986425,-276.2940654957585,3.705934504241439,,0.04692232028822816,-0.016579912025105503,-137.35331284776055,2.64668715223943,-1.059247352002009,-0.9810950917697183,True,0.9810950917697183,dt=0.025us
10,2.2907961342600403,0.0079329530661691,-274.6607100754062,5.339289924593768,,-0.0011945697251069696,-0.021687283080166937,-136.24056454501385,3.759435454986134,-1.5798544696076333,-0.9731468896072419,True,0.9731468896072419,dt=0.025us
11,2.297771626933792,-0.002224296857342039,-275.7177033085704,4.2822966914295755,,0.025241144412019082,-0.019078225764892112,-136.96066987709503,3.0393301229049396,-1.242966568524636,-0.9782904991221075,True,0.9782904991221075,dt=0.025us
12,2.4551926638498345,-0.003324541015178711,-278.6682572057267,1.3317427942732325,,0.04686033656391328,0.007926377983463519,-139.04941994804128,0.9505800519587101,-0.3811627423145223,-0.9932101424860093,True,0.9932101424860093,dt=0.025us
13,2.4329975287788956,0.004113649525075089,-279.41967571854116,0.580324281458814,,0.005693944591737125,0.007058385375691828,-139.59517955847787,0.40482044152211655,-0.17550383993669746,-0.9971084254176992,True,0.9971084254176992,dt=0.025us
14,2.413439005166967,0.011090069816037369,-278.9431400747934,1.0568599252065454,,-0.041704263175116676,0.006821041064822817,-139.2728393170766,0.7271606829233758,-0.3296992422831695,-0.9948059951219759,True,0.9948059951219759,dt=0.025us
15,2.468881053946145,-0.026182565670826174,-272.58673333533085,7.413266664669116,,0.06230636360090452,0.02391644621892009,-134.6365528301688,5.36344716983118,-2.0498194948379362,-0.9616896630726344,True,0.9616896630726344,dt=0.025us
16,2.416218723549381,-0.004609198021900384,-279.7226146743175,0.27738532568244767,,0.0315121655471902,-2.0486216235360448e-05,-139.7970285382679,0.20297146173205838,-0.07441386395038929,-0.998550203844771,True,0.998550203844771,dt=0.025us
17,2.3591111733580097,-0.010485551313738094,-278.43814115950823,1.5618588404916978,,0.03160639004510379,-0.0107108366401273,-138.87890992354295,1.1210900764570275,-0.4407687640346703,-0.9919922137395927,True,0.9919922137395927,dt=0.025us
18,2.388343800918549,-0.016886535289556418,-277.66534323372406,2.3346567662759177,,0.08298478810041048,-0.006025615393156314,-138.30828735302234,1.69171264697764,-0.6429441192982774,-0.987916338235874,True,0.987916338235874,dt=0.025us
19,2.4472807158492644,0.016868883836593036,-276.81267171480283,3.1873282851971094,,-0.07864887840390632,0.010801920121790464,-137.80789645053767,2.1921035494622947,-0.9952247357348145,-0.9843421175038407,True,0.9843421175038407,dt=0.025us
20,2.291789047395321,-0.009090542592145014,-274.5900092819399,5.409990718060034,,0.08788975692171824,-0.01695679020766294,-136.13077753272427,3.8692224672757223,-1.5407682507843117,-0.9723626966623162,True,0.9723626966623162,dt=0.025us
21,2.3679533919213815,0.0036258433298696053,-279.475113835436,0.5248861645639619,,-0.03709583304482198,-0.0032653054722177693,-139.6335928775597,0.3664071224402744,-0.1584790421236875,-0.9973828062682838,True,0.9973828062682838,dt=0.025us
0,2.4300850149137525,0.013018999210896363,-278.27530526222426,1.724694737775675,,-0.047818838466255655,0.009499127932685739,-138.8118781163257,1.1881218836742817,-0.5365728541013932,-0.9915134151166123,True,0.9915134151166123,dt=0.025us
1,2.4199344671142704,0.019278102837310133,-276.86713563833865,3.132864361661298,,-0.09573362053447998,0.006045075687988905,-137.84579950143603,2.154200498563944,-0.9786638630973543,-0.9846128535816862,True,0.9846128535816862,dt=0.025us
2,2.5038778462916333,0.01240830976838868,-274.3897479935363,5.610252006463671,,-0.09632064396530939,0.015747826740449698,-136.1330404644897,3.8669595355102815,-1.74329247095339,-0.9723788604606408,True,0.9723788604606408,dt=0.025us
3,2.347173115396357,-0.01843885587171777,-276.1433356567846,3.856664343215371,,0.10015658395229321,-0.009691600208816573,-137.21240870890992,2.787591291090053,-1.0690730521253182,-0.980088633635071,True,0.980088633635071,dt=0.025us
4,2.4463153387714147,0.018977241128037916,-276.24547784139304,3.7545221586069197,,-0.09636780503415922,0.009306362809761283,-137.42106964126268,2.578930358737307,-1.1755917998696124,-0.9815790688661621,True,0.9815790688661621,dt=0.025us
5,2.2656099220024304,0.005185492288971777,-272.4933113963234,7.506688603676552,,0.08528789456885784,-0.021897177222105255,-134.68776226939764,5.312237730602331,-2.1944508730742207,-0.9620554447814119,True,0.9620554447814119,dt=0.025us
6,2.374683024252122,-0.020120237955834338,-276.50239273384574,3.4976072661542394,,0.10594242989605823,-0.005702567770340827,-137.46305451796974,2.536945482030245,-0.9606617841239948,-0.9818789608426411,True,0.9818789608426411,dt=0.025us
7,2.312725826915275,0.0219135476937289,-273.0633512676322,6.936648732367748,,-0.038760736363719184,-0.023794433360637236,-135.16791933507832,4.8320806649216665,-2.1045680674460816,-0.9654851381077024,True,0.9654851381077024,dt=0.025us
8,2.4507519398790056,0.01368304460356527,-277.4518814010746,2.5481185989253126,,-0.05291663082966179,0.012178428239628048,-138.24302309190068,1.7569769080993078,-0.7911416908260046,-0.9874501649421478,True,0.9874501649421478,dt=0.025us
9,2.3621108185070354,-0.003066392201066862,-279.33818251005283,0.661817489947113,,-0.011002434000981496,-0.007467553969764669,-139.52954890495835,0.47045109504162463,-0.19136639490548837,-0.996639635035417,True,0.996639635035417,dt=0.025us
10,2.2905795673915077,0.0011739901328691354,-275.1336380228419,4.866361977158033,,0.02240529740717073,-0.020449679816768127,-136.55500939006362,3.444990609936348,-1.4213713672216852,-0.9753929242147403,True,0.9753929242147403,dt=0.025us
11,2.376010455493642,0.0021107740181390555,-279.72906056927087,0.27093943072906956,,-0.02587665399070019,-0.002547211292791211,-139.8112470595349,0.18875294046506982,-0.08218649026399977,-0.9986517647109638,True,0.9986517647109638,dt=0.025us
12,2.446850271348896,-0.019855474917372017,-275.952579232094,4.047420767905913,,0.10502724067786365,0.009338616568000882,-137.0648007943901,2.9351992056098797,-1.1122215622960328,-0.9790342913885008,True,0.9790342913885008,dt=0.025us
13,2.3475250369640785,-0.028103249035477035,-272.56343159743136,7.436568402568578,,0.1569194962984909,0.007785518042050538,-134.56843594533885,5.431564054661136,-2.005004347907442,-0.9612031138952776,True,0.9612031138952776,dt=0.025us
14,2.3234020622724247,-0.002909836720171481,-277.5423684468854,2.4576315531145774,,-0.006379588217298887,-0.014734852442514322,-138.2563929435903,1.7436070564096655,-0.7140244967049119,-0.9875456638827881,True,0.9875456638827881,dt=0.025us
15,2.3700125671707957,-0.009810567685718283,-278.8631222060318,1.136877793968158,,0.029007635874734115,-0.008987390634681808,-139.1824200839417,0.8175799160582579,-0.3192978779099003,-0.9941601434567268,True,0.9941601434567268,dt=0.025us
16,2.3587708069985625,-0.00047676956147319133,-279.3036599901465,0.6963400098534548,,-0.024288041852443102,-0.0068167572737529,-139.5079962809917,0.4920037190082854,-0.20433629084516947,-0.9964856877213694,True,0.9964856877213694,dt=0.025us
17,2.328280549854156,0.005632769864918491,-277.6500869656936,2.3499130343063546,,-0.050603228567172816,-0.011885973608640188,-138.34806507262198,1.651934927377998,-0.6979781069283567,-0.9882004648044429,True,0.9882004648044429,dt=0.025us
18,2.1531528025640876,0.005759114332139612,-255.88512746730134,24.114872532698616,,-0.2124737915338794,0.03303150640518701,-122.34341579302334,17.656584206976632,-6.458288325721985,-0.8738815413787383,True,0.8738815413787383,dt=0.025us
19,2.6372837639955327,-0.004982119251795997,-257.69043029003245,22.3095697099675,,0.03478261348056102,-0.043154736006594405,-124.86821095613915,15.131789043860827,-7.177780666106672,-0.8919157925438512,True,0.8919157925438512,dt=0.025us
20,2.475190473924232,0.006499501030360071,-277.35907703203407,2.640922967965906,,-0.010044866545123708,0.015090740524375245,-138.1592444519793,1.8407555480206665,-0.8001674199452391,-0.9868517460855667,True,0.9868517460855667,dt=0.025us
21,2.3986003898617403,-0.042504279216733845,-265.5599721657279,14.440027834272062,,-0.10030470193753212,0.03258529135951182,-129.4707619278329,10.529238072167072,-3.9107897621049896,-0.9247911566273781,True,0.9247911566273781,dt=0.025us
0,2.419491745539733,0.00997518661645287,-279.0493381159378,0.9506618840621395,,-0.0320638391110815,0.007456190254490983,-139.3455313688064,0.6544686311935842,-0.2961932528685552,-0.9953252240629029,True,0.9953252240629029,dt=0.025us
1,2.5086118689407506,0.002970899477683901,-275.14498832675855,4.855011673241416,,-0.03341663364984217,0.019885007400850644,-136.61146477748994,3.388535222510039,-1.4664764507313768,-0.9757961769820711,True,0.9757961769820711,dt=0.025us
2,2.271741063268272,0.00785918642834943,-272.8569247473954,7.143075252604581,,0.059133811439939045,-0.0232685526180449,-134.95927017368223,5.040729826317739,-2.102345426286842,-0.9639947869548733,True,0.9639947869548733,dt=0.025us
3,2.391592703420536,-0.005333989961665236,-279.74369000789926,0.2563099921006964,,0.01633198355553592,-0.004066995628123853,-139.8132535613315,0.18674643866848784,-0.06956355343220852,-0.9986660968666536,True,0.9986660968666536,dt=0.025us
4,2.337870783986343,-0.018352534920297807,-275.73337692873696,4.266623071262978,,0.1054935796343851,-0.010156920504528611,-136.91753698475713,3.082463015242832,-1.1841600560201453,-0.9779824070339798,True,0.9779824070339798,dt=0.025us
5,2.418760003796596,0.03967763579745877,-267.273469465285,12.72653053471491,,-0.009023552116425995,-0.032976808846989725,-131.29182339038388,8.7081766096161,-4.018353925098809,-0.9377987385027421,True,0.9377987385027421,dt=0.025us
6,2.4749783684812208,0.008352442312656841,-277.15205045951376,2.847949540486218,,-0.02319129246278372,0.015291248079467204,-138.021225045786,1.978774954213977,-0.8691745862722408,-0.9858658931841858,True,0.9858658931841858,dt=0.025us
7,2.430781314669846,-0.009403381525738613,-278.9059430925081,1.0940569074918878,,0.061960480918136746,0.001107059429713537,-139.20713848700188,0.7928615129980956,-0.3011953944937922,-0.994336703478585,True,0.994336703478585,dt=0.025us
8,2.457506872062227,-0.0012510419525965206,-278.6378849058401,1.3621150941598534,,0.03819657748403118,0.009149546383746555,-139.03281330270147,0.9671866972984976,-0.3949283968613559,-0.9930915235907251,True,0.9930915235907251,dt=0.025us
9,2.319958756229678,-0.0010267004393219813,-277.38294197283784,2.6170580271620922,,-0.014222298101729038,-0.015056166806427006,-138.1468439663171,1.8531560336828607,-0.7639019934792312,-0.9867631711879795,True,0.9867631711879795,dt=0.025us
10,2.34503150172862,0.025091647738443437,-273.7346938626884,6.265306137311567,,-0.09017931745947415,-0.018338629175594007,-135.6585341847069,4.341465815293081,-1.9238403220184856,-0.9689895298907637,True,0.9689895298907637,dt=0.025us
11,2.4578784046686994,-0.019358873728626193,-275.6376522330745,4.362347766925467,,0.09802470013938643,0.012283574961611619,-136.84235593090798,3.157644069091993,-1.2047036978334744,-0.9774453995064858,True,0.9774453995064858,dt=0.025us
12,2.2997795766008777,0.016899501533176493,-273.6384894767196,6.361510523280376,,-0.023213145368816124,-0.023300717198979897,-135.5505497285945,4.449450271405495,-1.9120602518748817,-0.9682182123471036,True,0.9682182123471036,dt=0.025us
13,2.533461862152159,0.01325069373829221,-271.4039836125793,8.596016387420658,,-0.1623356493962177,0.008709979111943239,-134.10580065768943,5.894199342310538,-2.701817045110121,-0.9578985761263533,True,0.9578985761263533,dt=0.025us
14,2.323787910840558,-0.01565636783357437,-275.67483884919784,4.325161150802143,,0.09398013316196192,-0.012846275498972711,-136.88605677129695,3.1139432287030258,-1.211217922099117,-0.9777575483664069,True,0.9777575483664069,dt=0.025us
15,2.3907945232664134,-0.015165638987579591,-278.1271049146547,1.87289508534525,,0.07175579779672107,-0.0061999852631614205,-138.64354961892602,1.356450381073957,-0.516444704271293,-0.9903110687066146,True,0.9903110687066146,dt=0.025us
16,2.3129043572519885,0.031127308829434968,-269.1700009064044,10.829999093595546,,0.05884384933213842,-0.029193425869501768,-132.48194162896982,7.518058371030149,-3.311940722565397,-0.9462995830640704,True,0.9462995830640704,dt=0.025us
17,2.449252346690559,0.007906224247238492,-278.5098007803711,1.4901992196288407,,-0.010829004441623366,0.011246566796353687,-138.96509164791647,1.034908352083523,-0.45529086754531783,-0.9926077974851177,True,0.9926077974851177,dt=0.025us
18,2.3026727179770496,0.0005915620571488604,-276.1487721047526,3.8512278952473507,,1.3186574768419967e-05,-0.01846571285978275,-137.27472220230462,2.7252777976953526,-1.1259500975519983,-0.9805337300164617,True,0.9805337300164617,dt=0.025us
19,2.3894453229620316,-0.0059170501328259404,-279.6746041808692,0.3253958191307519,,0.017564366305275858,-0.004655345141726416,-139.7636972758509,0.23630272414909737,-0.08909309498165449,-0.998312123398935,True,0.998312123398935,dt=0.025us
20,2.2785278799595017,-0.016384357275453895,-271.88277435889535,8.117225641104604,,0.16848053562590667,-0.004734534556448997,-134.13347547330832,5.866524526691657,-2.250701114412946,-0.9580962533807739,True,0.9580962533807739,dt=0.025us
21,2.3608160545023216,0.01838038277941272,-276.67244948394494,3.327550516054986,,-0.10002752973244429,-0.005870176658664879,-137.692910937737,2.3070890622629916,-1.0204614537919943,-0.9835207924124072,True,0.9835207924124072,dt=0.025us
0,2.341658448685033,-0.017566578034006502,-276.14469005305807,3.855309946941863,,0.09570027602604182,-0.010742309004225651,-137.2168509508351,2.783149049164879,-1.0721608977769836,-0.9801203639345366,True,0.9801203639345366,dt=0.025us
1,2.5104805491078857,-0.007955968491009283,-274.54505645166796,5.454943548331977,,0.007844555126835752,0.021944362966914276,-136.13862038191704,3.8613796180829545,-1.5935639302490228,-0.9724187170136932,True,0.9724187170136932,dt=0.025us
2,2.343360082493392,-0.01766466025729432,-276.19672668144517,3.803273318554801,,0.09548835696240843,-0.010572848260109539,-137.25389774157094,2.746102258429034,-1.057171060125767,-0.980384983868364,True,0.980384983868364,dt=0.025us
3,2.3315943056491046,-0.017260711867467384,-275.71106833679903,4.288931663200905,,0.10084132856925958,-0.011349349489045429,-136.90588850062645,3.094111499373521,-1.1948201638273832,-0.9778992035759034,True,0.9778992035759034,dt=0.025us
4,2.3360707248072297,0.005536380654735974,-278.0880803663966,1.9119196336034006,,-0.052945307104262124,-0.009819756850063125,-138.65710361236876,1.3428963876312243,-0.5690232459721761,-0.9904078829454912,True,0.9904078829454912,dt=0.025us
5,2.3419844109107713,-0.013716098151442868,-277.1228435924051,2.877156407594862,,0.06115862203882675,-0.01277838632154123,-137.9319552639369,2.0680447360630634,-0.8091116715317987,-0.9852282518852639,True,0.9852282518852639,dt=0.025us
6,2.4991798174510023,0.001861651654649822,-275.97703244209686,4.0229675579030895,,-0.008470307608824421,0.018728363870294147,-137.18196928275506,2.8180307172449224,-1.2049368406581664,-0.9798712091625362,True,0.9798712091625362,dt=0.025us
7,2.547812653099845,-0.015632336079811186,-269.25005879736347,10.749941202636494,,-0.138089316072704,0.021516119595445967,-132.45341410700593,7.546585892994057,-3.2033553096424368,-0.9460958150500425,True,0.9460958150500425,dt=0.025us
8,2.4185619029905077,0.01376080618364316,-278.34564263941843,1.6543573605815383,,-0.056347825766790524,0.007836781781421923,-138.86120559900846,1.1387944009915225,-0.5155629595900156,-0.991865754278632,True,0.991865754278632,dt=0.025us
9,2.477413478408509,-0.007828573079946088,-277.069274052342,2.9307259476579537,,0.059479700361073515,0.013103662072845213,-137.90587769153615,2.09412230846383,-0.8366036391941234,-0.9850419835109726,True,0.9850419835109726,dt=0.025us
10,2.3052289360265212,0.009894802295789453,-275.5672443068519,4.4327556931480885,,-0.037282610150925266,-0.018812035878247434,-136.88751293513613,3.112487064863851,-1.320268628284237,-0.9777679495366868,True,0.9777679495366868,dt=0.025us
11,2.398546903618118,-0.005720069269804945,-279.73763049744986,0.2623695025501181,,0.023057409876889135,-0.0032294043482796616,-139.80794428236345,0.19205571763652027,-0.07031378491359778,-0.9986281734454534,True,0.9986281734454534,dt=0.025us
12,2.3924394781375273,-0.00020547713549159862,-279.9762794729433,0.023720527056664192,,-0.004640291355650463,-0.0012407258038052867,-139.98329222561657,0.016707774383418653,-0.0070127526732455415,-0.9998806587544041,True,0.9998806587544041,dt=0.025us
13,2.4284555727872155,-0.006662620487625569,-279.3141617365657,0.685838263434214,,0.04868084718425578,0.0012939319146572056,-139.5027238262189,0.4972761737810745,-0.18856208965313948,-0.9964480273301352,True,0.9964480273301352,dt=0.025us
14,2.2876236165457113,0.012198373793369497,-273.69194887409276,6.308051125907216,,0.004958421431900534,-0.02353036292723932,-135.56974098629433,4.430259013705657,-1.8777921122015602,-0.9683552927592453,True,0.9683552927592453,dt=0.025us
15,2.4035865402238805,-0.030238550236508885,-272.6867040466259,7.313295953374052,,0.12641104538417436,0.01625424242484526,-134.6576988019356,5.342301198064374,-1.970994755309678,-0.9618407057281116,True,0.9618407057281116,dt=0.025us
16,2.4372088840336543,-0.016183615072572623,-277.34089881836746,2.659101181632484,,0.09451054374059009,0.0037560842470906308,-138.07207659494145,1.9279234050585143,-0.7311777765739693,-0.9862291185352964,True,0.9862291185352964,dt=0.025us
17,2.437989414402484,0.02770529252297104,-273.27537650039744,6.72462349960252,,-0.1480782506650994,-0.004888319782624235,-135.39503055260522,4.6049694473947635,-2.119654052207756,-0.9671073610900374,True,0.9671073610900374,dt=0.025us
18,2.4525159785798585,-0.015276236371664899,-277.0088962354126,2.9911037645873857,,0.09153639840007056,0.007584354505297842,-137.83684938788713,2.163150612112863,-0.8279531524745226,-0.9845489241991938,True,0.9845489241991938,dt=0.025us
19,2.339609383974409,-0.014984061072605309,-276.71753840851903,3.2824615914809456,,0.07374479315905638,-0.01252810182658238,-137.63760019035442,2.362399809645562,-0.9200617818353838,-0.9831257156453889,True,0.9831257156453889,dt=0.025us
20,2.3445321427638355,0.007679255716270352,-278.27287061943946,1.7271293805605135,,-0.06178792544806153,-0.007336589169305102,-138.7910805622408,1.2089194377591743,-0.518209942801339,-0.991364861158863,True,0.991364861158863,dt=0.025us
21,2.2742558350441686,0.010777638934719776,-272.6774334553268,7.32256654467314,,0.049648362172658965,-0.02412675561414962,-134.84432077658374,5.155679223416222,-2.166887321256918,-0.9631737198327412,True,0.9631737198327412,dt=0.025us
0,2.3718951894579847,0.019691018531720898,-276.57810320366934,3.421896796330614,,-0.10515984344743128,-0.003927252328287037,-137.63293899741657,2.3670610025834042,-1.0548357937472101,-0.9830924214101185,True,0.9830924214101185,dt=0.025us
1,2.3057265735328363,0.01686068132643352,-274.1156383098181,5.884361690181831,,-0.03893667701395367,-0.021814546308466798,-135.88685042985594,4.1131495701440395,-1.7712121200377915,-0.9706203602132568,True,0.9706203602132568,dt=0.025us
2,2.362496440848906,0.012272838921332723,-278.2213624032216,1.7786375967783568,,-0.07591243461412774,-0.002787309648486408,-138.76413023653504,1.235869763464951,-0.5427678333134058,-0.9911723588323932,True,0.9911723588323932,dt=0.025us
3,2.379777932095713,0.01458196062597081,-278.13330285685913,1.8666971431408346,,-0.079465580580989,0.0008098083785523587,-138.70905003031703,1.2909499696829518,-0.575747173457883,-0.9907789287879789,True,0.9907789287879789,dt=0.025us
4,2.466741268273637,0.01975959056504094,-275.06310413739067,4.936895862609267,,-0.11469420669303186,0.009502252392519816,-136.61330902899778,3.3866909710022135,-1.550204891607054,-0.975809350207127,True,0.975809350207127,dt=0.025us
5,2.365465021563528,0.031807635130061955,-271.4263782331262,8.573621766873798,,-0.07606048541115916,-0.024336847704159392,-134.08788941462575,5.912110585374223,-2.661511181499574,-0.9577706386758984,True,0.9577706386758984,dt=0.025us
6,2.329181792132936,0.01705794142880871,-275.6302516014164,4.3697483985835825,,-0.08011763902072222,-0.014751216900953804,-136.95406503741268,3.045934962587307,-1.323813435996275,-0.978243321695805,True,0.978243321695805,dt=0.025us
7,2.3677892902688793,0.02507987869113211,-274.5486425753854,5.451357424614585,,-0.11462788904919599,-0.011754731126597038,-136.23367600004272,3.766323999957269,-1.6850334246573164,-0.9730976857145909,True,0.9730976857145909,dt=0.025us
8,2.3967245927151244,-0.007077851871598717,-279.5952227599691,0.4047772400308839,,0.028062188123155217,-0.004090866469314445,-139.70526241648594,0.2947375835140337,-0.11003965651685019,-0.9978947315463284,True,0.9978947315463284,dt=0.025us
9,2.3631908942135844,-0.009058370766087254,-278.79046011754014,1.2095398824598416,,0.02255360784579112,-0.009775085611515162,-139.13229967308848,0.8677003269114949,-0.34183955554834666,-0.9938021405220607,True,0.9938021405220607,dt=0.025us
10,2.475034310399543,0.007272766102912947,-277.28347905006564,2.716520949934308,,-0.015348288364867865,0.015184100969961766,-138.10911481043192,1.8908851895680567,-0.8256357603662514,-0.986493677217371,True,0.986493677217371,dt=0.025us
11,2.1951988894246535,-0.023632009010542798,-258.89305858268744,21.106941417312523,,-0.1968823105369315,0.03132613979998492,-124.44849207893755,15.551507921062424,-5.5554334962501,-0.8889178005638398,True,0.8889178005638398,dt=0.025us
12,2.360436324445226,0.022955488703318122,-275.14874874774125,4.851251252258718,,-0.10948174908593097,-0.010771403030412574,-136.6423227761624,3.357677223837602,-1.4935740284211168,-0.9760165912583029,True,0.9760165912583029,dt=0.025us
13,2.4269544339753626,0.0014883095337412306,-279.6852348331331,0.3147651668668297,,0.014155996529977235,0.004755953070126826,-139.77823561439115,0.22176438560883543,-0.09300078125799428,-0.9984159686742226,True,0.9984159686742226,dt=0.025us
14,2.37918544298323,-0.0068664095582238755,-279.4459970693587,0.5540029306412138,,0.015997139125901762,-0.006587193908249421,-139.60086495857854,0.39913504142144635,-0.15486788921976744,-0.9971490354184183,True,0.9971490354184183,dt=0.025us
15,2.387945021675289,-0.003921056079885153,-279.81767568236944,0.18232431763049511,,0.00746021067891078,-0.0038926285261837727,-139.8675109432634,0.13248905673658345,-0.049835260893911666,-0.9990536495947386,True,0.9990536495947386,dt=0.025us
16,2.3144526919489974,0.022596492085220944,-272.94116151728576,7.058838482714213,,-0.03956577015644322,-0.023976939806936527,-135.08536796684336,4.914632033156599,-2.1442064495576134,-0.9648954854774529,True,0.9648954854774529,dt=0.025us
17,2.330551624905573,0.002471393112579658,-277.985058561475,2.014941438524942,,-0.03846943233584129,-0.011828673604279973,-138.57934282023592,1.4206571797640526,-0.5942842587608895,-0.989852448715971,True,0.989852448715971,dt=0.025us
18,2.4432958124477784,0.002245694619641574,-279.19389629507066,0.8061037049292761,,0.0189245691479674,0.007862888150279993,-139.43263217792426,0.5673678220757211,-0.23873588285355496,-0.9959473726994591,True,0.9959473726994591,dt=0.025us
19,2.3198182232817244,0.011863027232794837,-276.2574561976803,3.7425438023196387,,-0.0628096964833462,-0.015072304929038537,-137.37970958228152,2.6202904177184703,-1.1222533846011684,-0.9812836398734395,True,0.9812836398734395,dt=0.025us
20,2.4309735200879694,0.0007667611603378914,-279.6031141520262,0.39688584797378906,,0.01966621156492712,0.005026177443830564,-139.71900467783507,0.2809953221648929,-0.1158905258088962,-0.9979928905559651,True,0.9979928905559651,dt=0.025us
21,2.389375476920402,-0.0018264502805035393,-279.9271637016471,0.0728362983528585,,-0.00039411969768355867,-0.0025718871886572575,-139.9471014983856,0.052898501614387076,-0.019937796738471427,-0.9996221535598973,True,0.9996221535598973,dt=0.025us
0,2.4249623460506498,0.02333542891809661,-275.3929923606259,4.607007639374071,,-0.12421764742854219,0.0022937995082088353,-136.83714148396564,3.1628585160343445,-1.4441491233397263,-0.9774081534568976,True,0.9774081534568976,dt=0.025us
1,2.3228740170364017,-0.002022023261561433,-277.54444230649534,2.455557693504615,,-0.011148934478439756,-0.014648686968988094,-138.2595308224916,1.7404691775083903,-0.7150885159962247,-0.9875680773035115,True,0.9875680773035115,dt=0.025us
2,2.2153614788059746,-0.009414588723284404,-265.6868613975927,14.313138602407285,,0.17405256254210566,0.02327933855314045,-129.60730406960283,10.392695930397146,-3.920442672010138,-0.9257664576400204,True,0.9257664576400204,dt=0.025us
3,2.381216846939057,0.0007933283192234405,-279.8506781009172,0.1493218990827684,,-0.016963086113591912,-0.002382320299893079,-139.89579503860597,0.10420496139401146,-0.04511693768875696,-0.9992556788471856,True,0.9992556788471856,dt=0.025us
4,2.4534305745851412,-0.008241720196917789,-278.29166506510256,1.7083349348973862,,0.0662457279161968,0.006469219022227712,-138.7707424703793,1.2292575296206618,-0.47907740527672443,-0.9912195890741381,True,0.9912195890741381,dt=0.025us
5,2.3391052452108116,0.018217245661116335,-275.8347043544515,4.1652956455484516,,-0.09057728408063323,-0.012403790560763975,-137.10222334711534,2.8977766528846454,-1.2675189926638066,-0.9793015953365383,True,0.9793015953365383,dt=0.025us
6,2.2529769820478744,-0.0030532077324800285,-271.2209255791912,8.779074420808731,,0.15515403257958238,-0.013389700212678842,-133.72873238855902,6.271267611440967,-2.507806809367765,-0.9552052313468502,True,0.9552052313468502,dt=0.025us
7,2.3039880381661457,-0.0062796290604927325,-275.9390191756598,4.060980824340176,,0.04137042059087638,-0.017839372606338243,-137.10682293453957,2.8931770654604243,-1.1678037588797523,-0.9793344495324255,True,0.9793344495324255,dt=0.025us
8,2.4442300468130833,-0.0017771643762913361,-279.17560319320853,0.8243968067914353,,0.03713731342870817,0.006190373972086164,-139.41190571747615,0.5880942825238459,-0.23630252426758944,-0.9957993265534011,True,0.9957993265534011,dt=0.025us
9,2.3127943988304214,-0.007319754980391679,-276.4779583981515,3.522041601848477,,0.03549064217216685,-0.01679294730542674,-137.48870778335453,2.511292216645464,-1.0107493852030136,-0.9820621984525324,True,0.9820621984525324,dt=0.025us
10,2.3270049669539463,-0.014767442445178428,-276.0857641496503,3.914235850349682,,0.08233079613278038,-0.013401864658229717,-137.18485186954325,2.8151481304567363,-1.0990877198929458,-0.9798917990681661,True,0.9798917990681661,dt=0.025us
11,2.292992349373488,-0.03450398820499104,-265.83946795097967,14.160532049020295,,0.03561410290181472,0.035656258397048994,-129.57948360295893,10.420516397041043,-3.740015651979252,-0.9255677400211354,True,0.9255677400211354,dt=0.025us
12,2.3662181782293783,-0.011602972462001952,-278.4575214729882,1.542478527011729,,0.04013482038476547,-0.009883705867775313,-138.89014624340246,1.1098537565975222,-0.43262477041420666,-0.9920724731671605,True,0.9920724731671605,dt=0.025us
13,2.2803691692996506,0.01251818513852937,-272.95366047339957,7.04633952660041,,0.029388711486463194,-0.02444370650537637,-135.04801489330234,4.951985106697652,-2.094354419902758,-0.9646286778093025,True,0.9646286778093025,dt=0.025us
14,2.3619499712699064,0.014195725508167077,-277.7977243975505,2.2022756024494736,,-0.08413318814320538,-0.0033331650138379147,-138.47082365097265,1.5291763490273236,-0.6730992534221502,-0.989077311792662,True,0.989077311792662,dt=0.025us
15,2.3859580591037197,0.0007996201533519498,-279.9142390242314,0.08576097576856331,,-0.013550658624019071,-0.0016527939552585368,-139.94061350222245,0.059386497777541965,-0.026374477991021356,-0.9995758107301604,True,0.9995758107301604,dt=0.025us
16,2.55491532453973,-0.00027254408478604613,-270.3519345948705,9.648065405129437,,-0.15458815780304822,0.015311303306444422,-133.32255151048648,6.677448489513498,-2.9706169156159388,-0.9523039393606179,True,0.9523039393606179,dt=0.025us
17,2.4111580191177753,0.020922345021855374,-276.45043202644104,3.5495679735589354,,-0.10777554324160948,0.003275143770454324,-137.55842308366323,2.441576916336754,-1.1079910572221816,-0.9825601648833089,True,0.9825601648833089,dt=0.025us
18,2.572155082588326,-0.002835389010269769,-268.07021286136506,11.929787138634907,,-0.19904132305972497,0.006670704387585952,-131.7709114301816,8.229088569818378,-3.7006985688165286,-0.9412207959298687,True,0.9412207959298687,dt=0.025us
19,2.4019873697061143,-0.009019614895008986,-279.34817281615756,0.6518271838423747,,0.04124051853962511,-0.0039753266051652395,-139.526241721221,0.4737582787789867,-0.17806890506338804,-0.9966160122944359,True,0.9966160122944359,dt=0.025us
20,2.4090238977831624,-0.0348141980887272,-270.2796426430463,9.720357356953663,,0.07329667969497677,0.027418437181919744,-132.89693815317221,7.1030618468277655,-2.617295510125898,-0.9492638439512302,True,0.9492638439512302,dt=0.025us
21,2.3348884502749754,0.009944494366075737,-277.4806329561152,2.5193670438847824,,-0.06862211434869231,-0.010024151601649288,-138.23700232826533,1.7629976717346387,-0.7563693721501435,-0.9874071594876097,True,0.9874071594876097,dt=0.025us
0,2.3415304145548914,0.01730663276451257,-276.2110545814636,3.7889454185363283,,-0.09098349809506867,-0.010921347395032416,-137.3636819040402,2.6363180959597927,-1.1526273225765356,-0.9811691564574301,True,0.9811691564574301,dt=0.025us
1,2.494227899020762,0.030059288618651578,-269.16956826223173,10.830431737768231,,-0.15486906626757824,-0.01787227601695895,-132.62616762311757,7.373832376882406,-3.4565993608858254,-0.9473297687365543,True,0.9473297687365543,dt=0.025us
2,2.485954793330951,-0.04475202994819892,-260.9870379558977,19.012962044102302,,-0.2621838194694869,-0.0037243023363465696,-126.51172794342502,13.488272056574958,-5.524689987527343,-0.9036551995958931,True,0.9036551995958931,dt=0.025us
3,2.3949925411848696,0.01046249703337008,-279.11486080331366,0.8851391966862788,,-0.04931721323175849,0.0037561796417495646,-139.39062977995732,0.6093702200426646,-0.27576897664361416,-0.9956473555711238,True,0.9956473555711238,dt=0.025us
4,2.4695096491554005,0.0008530968502597239,-278.02459918453604,1.9754008154639089,,0.026617302869795086,0.012497701462380125,-138.6068023115671,1.393197688432887,-0.5822031270310221,-0.9900485879397651,True,0.9900485879397651,dt=0.025us
5,2.402855681791215,-0.03617180162685406,-269.53938007809376,10.460619921906186,,0.056925032487687904,0.02956738525825462,-132.35153007229002,7.648469927709971,-2.812149994196216,-0.9453680719449288,True,0.9453680719449288,dt=0.025us
6,2.347842387969615,0.016908634395588432,-276.60427021851194,3.3957297814880056,,-0.093075871197417,-0.008665305110929515,-137.63904853778146,2.360951462218522,-1.0347783192694837,-0.9831360609841534,True,0.9831360609841534,dt=0.025us
7,2.3843113501157926,-0.006320392696114434,-279.5800515023687,0.41994849763128517,,0.016202072423747577,-0.005591462242161681,-139.69643728794324,0.30356271205674873,-0.11638578557453644,-0.9978316949138804,True,0.9978316949138804,dt=0.025us
8,2.506669162270345,0.0031404607870681514,-275.3049258914674,4.6950741085325545,,-0.03039465047919956,0.019657914479807564,-136.72262088745578,3.2773791125442076,-1.4176949959883471,-0.9765901491961128,True,0.9765901491961128,dt=0.025us
9,2.2766254364294007,-0.011236700023025724,-272.8327389812349,7.167261018765022,,0.1392112394699253,-0.012449827665856526,-134.85277009159643,5.147229908403555,-2.0200311103614674,-0.9632340720828317,True,0.9632340720828317,dt=0.025us
10,2.5071030635950997,0.002078756971683079,-275.31189679736616,4.688103202633814,,-0.02475218738777415,0.01985949356152588,-136.7225294253907,3.277470574609286,-1.4106326280245278,-0.9765894958956479,True,0.9765894958956479,dt=0.025us
11,2.4199811850012476,-0.02485700396807891,-274.8984349931482,5.101565006851764,,0.12431106618321623,0.008589531807127052,-136.2848691257806,3.7151308742193754,-1.3864341326323886,-0.973463350898433,True,0.973463350898433,dt=0.025us
12,2.46488407190038,-0.0011229300287144966,-278.2729721880905,1.72702781190948,,0.03735028733920645,0.010839681953298654,-138.77584332690572,1.224156673094259,-0.5028711388152208,-0.9912560237636124,True,0.9912560237636124,dt=0.025us
13,2.443208452739279,-0.007690268870743162,-278.76461233775314,1.2353876622467994,,0.06095687340428492,0.004083095752725725,-139.108780563757,0.8912194362429777,-0.34416822600382174,-0.9936341468839788,True,0.9936341468839788,dt=0.025us
14,2.448082310688502,-0.006329429379992425,-278.73563240876183,1.2643675912381207,,0.05729368844902535,0.005473387226224575,-139.0907419966733,0.9092580033266854,-0.3551095879114353,-0.9935052999762379,True,0.9935052999762379,dt=0.025us
15,2.5171294301362193,0.010703871112409426,-273.5277624568365,6.472237543163431,,-0.10917090998190697,0.015998469313470338,-135.53762075712828,4.462379242871695,-2.009858300291737,-0.9681258625509165,True,0.9681258625509165,dt=0.025us
16,2.4412435396138226,0.004669880285046576,-279.13069682918035,0.869303170819613,,0.0062755077292529025,0.00865683214023651,-139.39298655856024,0.6070134414397427,-0.2622897293798703,-0.9956641897040018,True,0.9956641897040018,dt=0.025us
17,2.2585618406414425,-0.02578480649801439,-266.62092735999784,13.379072640002116,,0.12229011477766112,0.029136044052105826,-130.189406853946,9.810593146053979,-3.5684794939481366,-0.929924334671043,True,0.929924334671043,dt=0.025us
18,2.382448468099836,0.009675451708854478,-279.12580048022335,0.8741995197766216,,-0.05369742974772222,0.0013821131322834226,-139.39618870584263,0.6038112941573407,-0.2703882256192809,-0.9956870621845905,True,0.9956870621845905,dt=0.025us
19,2.149012119010619,0.014177870467384592,-253.77334749656185,26.226652503438103,,-0.275017146239851,0.023824542279457975,-120.81701931483427,19.182980685165713,-7.04367181827239,-0.8629787093916734,True,0.8629787093916734,dt=0.025us
20,2.325059632477846,-0.015792393985390334,-275.71863126944857,4.281368730551399,,0.09383584168455679,-0.01272133268504333,-136.91706071152223,3.0829392884777644,-1.1984294420736348,-0.9779790050823016,True,0.9779790050823016,dt=0.025us
21,2.4175324040717068,-0.014822798636383286,-278.11822204441876,1.8817779555812197,,0.08141976831995042,-0.0014195054731702171,-138.63448328947385,1.365516710526135,-0.5162612450550847,-0.9902463092105276,True,0.9902463092105276,dt=0.025us
0,2.4535915379889115,-0.008037787332662602,-278.31118154709884,1.6888184529010886,,0.06550356016339935,0.006522191646268732,-138.78511607063228,1.2148839293676796,-0.4739345235334088,-0.9913222576473737,True,0.9913222576473737,dt=0.05us
1,2.533543307044023,-0.008962737649620505,-272.1565964803889,7.8434035196110745,,-0.06442330204192735,0.02416600802453012,-134.48609363087883,5.51390636912114,-2.3294971504899338,-0.9606149545062775,True,0.9606149545062775,dt=0.05us
2,2.2376762145867044,0.022651773432980908,-265.32485167737593,14.675148322624016,,0.2291647139900686,-0.001651543173205821,-129.63804463656706,10.361955363432932,-4.313192959191085,-0.9259860331183362,True,0.9259860331183362,dt=0.05us
3,2.373545350511023,0.0008226881116870207,-279.70843759389425,0.2915624061057119,,-0.022249740791431712,-0.0035960374753870165,-139.79542306870937,0.20457693129060628,-0.08698547481510557,-0.9985387362050671,True,0.9985387362050671,dt=0.05us
4,2.390312494357905,0.009310666411384628,-279.2687591944331,0.7312408055668996,,-0.04668173543684021,0.002705370820326538,-139.49647336421967,0.5035266357802964,-0.22771416978660317,-0.9964033811729979,True,0.9964033811729979,dt=0.05us
5,2.3076225577345393,0.012776660259941942,-275.2259778529985,4.77402214700145,,-0.04546596229335805,-0.019122228378385828,-136.65530700133925,3.3446929986607175,-1.4293291483407327,-0.9761093357238521,True,0.9761093357238521,dt=0.05us
6,2.2518261546076315,0.018864742560516817,-268.31647731546116,11.683522684538772,,0.1703288467002367,-0.01738390491515681,-131.7744892263775,8.225510773622455,-3.4580119109163165,-0.9412463516169824,True,0.9412463516169824,dt=0.05us
7,2.4925195005088483,0.029148872100037523,-269.7292554579028,10.270744542097168,,-0.16203954520548222,-0.014700817868761477,-133.00376593173897,6.996234068261007,-3.2745104738361612,-0.9500268995124214,True,0.9500268995124214,dt=0.05us
8,2.284082038008703,0.025230199952392646,-269.4690238464641,10.53097615353585,,0.09265699424815557,-0.02648998233603203,-132.64645561420502,7.353544385794948,-3.177431767740901,-0.9474746829586075,True,0.9474746829586075,dt=0.05us
9,2.427248949543694,-0.008433996174942815,-279.1278954486469,0.8721045513530464,,0.05556074460547509,0.0005725709548285693,-139.3673756242409,0.6326243757590739,-0.23948017559397247,-0.9954812544588637,True,0.9954812544588637,dt=0.05us
10,2.3909538855528867,-0.014202678336835722,-278.354324719296,1.6456752807039197,,0.0653407876551773,-0.006337056073657462,-138.80847286149577,1.191527138504219,-0.45414814219970057,-0.991489091867827,True,0.991489091867827,dt=0.05us
11,2.276281162851031,0.010504889846493348,-272.9258715361724,7.0741284638275745,,0.04205014995810421,-0.024040067244804522,-135.0197679684331,4.980232031566897,-2.0938964322606775,-0.9644269140602364,True,0.9644269140602364,dt=0.05us
12,2.350350473221692,-0.0008106441573696014,-278.98812980662217,1.0118701933777945,,-0.02512004292514815,-0.008567118455982608,-139.28438071687071,0.7156192831292691,-0.2962509102485254,-0.9948884336919338,True,0.9948884336919338,dt=0.05us
13,2.368398677429732,-0.005693345628789555,-279.33269722557867,0.6673027744212645,,0.004670187988408872,-0.007693908526578363,-139.5224173699149,0.4775826300850867,-0.18972014433617773,-0.9965886954993922,True,0.9965886954993922,dt=0.05us
14,2.429461588222198,-0.020372816599243972,-276.3278734984234,3.6721265015765416,,0.1104475327927462,0.004938086379899793,-137.33205099527282,2.6679490047271677,-1.004177496849374,-0.9809432213948059,True,0.9809432213948059,dt=0.05us
15,2.54078137353094,0.02772045501133479,-265.86682612353525,14.133173876464705,,-0.1188019286485917,-0.02902202336274883,-130.41080814748733,9.589191852512636,-4.543982023952069,-0.9315057724820526,True,0.9315057724820526,dt=0.05us
16,2.4671514667038505,0.01416096653985685,-276.5586118056975,3.441388194302419,,-0.06484134154146061,0.013768435570075874,-137.62752937170038,2.3724706282996104,-1.0689175660028085,-0.9830537812264314,True,0.9830537812264314,dt=0.05us
17,2.3724542263492463,-0.007069432032508051,-279.2903323232034,0.7096676767965603,,0.01375098179957265,-0.007676186863257876,-139.49038379749743,0.5096162025025509,-0.20005147429400938,-0.996359884267839,True,0.996359884267839,dt=0.05us
18,2.5456030742269546,-0.0019290967940199834,-271.43043517852186,8.569564821478071,,-0.11874188366063548,0.019707130794398352,-134.04148283926747,5.958517160732499,-2.611047660745573,-0.957439163137625,True,0.957439163137625,dt=0.05us
19,2.325391127273548,-0.011854328800799539,-276.60891884719075,3.3910811528091878,,0.05776574417315394,-0.014795164008381064,-137.56960566955405,2.4303943304459166,-0.9606868223632712,-0.9826400404968149,True,0.9826400404968149,dt=0.05us
20,2.426344091631911,0.027430660947892076,-273.7024023501556,6.29759764984435,,-0.142977137297296,-0.004980252527350671,-135.68221139582403,4.317788604175959,-1.9798090456683914,-0.9691586528273146,True,0.9691586528273146,dt=0.05us
21,2.4155267398429356,0.01062839323593838,-278.998548327152,1.001451672848002,,-0.0378757522021394,0.00703872733691683,-139.31090016232542,0.6890998376745671,-0.3123518351734349,-0.9950778583023245,True,0.9950778583023245,dt=0.05us
0,2.3023337640430768,0.033054761004125244,-267.39224160318264,12.607758396817308,,0.1310654144643077,-0.02573475858565265,-131.23683742592254,8.763162574077437,-3.8445958227398713,-0.9374059816137326,True,0.9374059816137326,dt=0.05us
1,2.4132757270244056,0.01976556086253272,-276.80544954458173,3.194550455418214,,-0.0998217628224822,0.004668406942319429,-137.80242412647434,2.1975758735256368,-0.996974581892577,-0.9843030294748168,True,0.9843030294748168,dt=0.05us
2,2.433235577370783,0.04289589259246113,-264.84196085540543,15.158039144594516,,0.07814604885023257,-0.033761461238568026,-129.64638997223824,10.35361002776173,-4.804429116832786,-0.9260456426588448,True,0.9260456426588448,dt=0.05us
3,2.482304937186794,0.02611534357991875,-271.79154331726573,8.208456682734209,,-0.16533704941805516,-0.003913651956253949,-134.39629155538418,5.603708444615804,-2.6047482381184053,-0.9599735111098872,True,0.9599735111098872,dt=0.05us
4,2.445269048194024,-0.014506972459373118,-277.4808919973411,2.519108002658867,,0.08900958948530135,0.005152255594827283,-138.17663763343361,1.8233623665663568,-0.6957456360925104,-0.9869759830959546,True,0.9869759830959546,dt=0.05us
5,2.2550026148806337,0.020371553118194566,-268.21313798832864,11.786862011671294,,0.1680512047337489,-0.01813720455628086,-131.7118139142809,8.288186085719078,-3.4986759259522175,-0.9407986708162923,True,0.9407986708162923,dt=0.05us
6,2.356361480540674,0.001907462780466109,-279.1929691457978,0.8070308542021343,,-0.03558299582541888,-0.006216413782733726,-139.4323986452911,0.5676013547088671,-0.23942949949326717,-0.9959457046092224,True,0.9959457046092224,dt=0.05us
7,2.407541335583554,-0.019799523996258468,-276.84353546144933,3.1564645385505954,,0.10623555405981029,-0.0007054235468747225,-137.70647121609719,2.2935287839027967,-0.8629357546477987,-0.9836176515435514,True,0.9836176515435514,dt=0.05us
8,2.3065984443401195,0.009398288781183968,-275.7478747194422,4.252125280557738,,-0.03885126064539005,-0.018304517608063994,-137.01369243574672,2.9863075642532517,-1.2658177163044868,-0.9786692316839053,True,0.9786692316839053,dt=0.05us
9,2.4040788185594693,-0.01312405032160666,-278.6165731905617,1.383426809438216,,0.06495247793070852,-0.004230470177302313,-138.99668021086592,1.0033197891340544,-0.3801070203041616,-0.9928334300776139,True,0.9928334300776139,dt=0.05us
10,2.5550725937514778,0.032120022637804065,-262.08751984150035,17.9124801584996,,0.04293423033452253,-0.03833866217435479,-127.87577058126077,12.124229418739214,-5.788250739760389,-0.9133983612947199,True,0.9133983612947199,dt=0.05us
11,2.319171634536005,-0.0015114016563105884,-277.32179657759633,2.67820342240365,,-0.010828069379586067,-0.015310237189790573,-138.10256839121368,1.8974316087862986,-0.7807718136173518,-0.9864469170800979,True,0.9864469170800979,dt=0.05us
12,2.4621049626377887,-0.009979194298691351,-277.6306555515473,2.3693444484526287,,0.07287095975859484,0.008820884207112897,-138.2961641602742,1.7038358397257665,-0.6655086087268622,-0.9878297440019588,True,0.9878297440019588,dt=0.05us
13,2.448523038942706,0.029300038427191217,-272.17702838192906,7.822971618070902,,-0.15348244674745404,-0.008757459383896202,-134.65060127834175,5.349398721658224,-2.473572896412678,-0.9617900091310126,True,0.9617900091310126,dt=0.05us
14,2.410364848022325,-0.009383834583027979,-279.2522712779067,0.7477287220932972,,0.048731293145280415,-0.0027104771031907465,-139.45638571885894,0.5436142811410343,-0.20411444095226294,-0.9961170408489927,True,0.9961170408489927,dt=0.05us
15,2.3098336351451776,-0.0015214369625408085,-276.67530273391793,3.3246972660820355,,0.0002694459734263097,-0.01717053062584022,-137.6436012357008,2.3563987642991697,-0.9682985017828656,-0.983168580255006,True,0.983168580255006,dt=0.05us
16,2.5345611117766094,0.03874636239790965,-260.6910212416961,19.308978758303837,,0.14950518074321947,-0.03276650205123551,-126.92090652501693,13.079093474983047,-6.229885283320789,-0.906577903750121,True,0.906577903750121,dt=0.05us
17,2.3669990891885115,0.007958448528818213,-279.0486177792301,0.9513822207698482,,-0.055513941497056685,-0.0020172737165615327,-139.33853008589398,0.6614699141059914,-0.28991230666385687,-0.9952752148992429,True,0.9952752148992429,dt=0.05us
18,2.4675690613831964,0.010459718963633858,-277.2640769979547,2.7359230020452694,,-0.03412647350559801,0.014398086631365806,-138.10511850255492,1.8948814974450707,-0.8410415046001987,-0.9864651321611067,True,0.9864651321611067,dt=0.05us
19,2.4587700418841014,0.005932237136099386,-278.3093392170036,1.6906607829963993,,0.000889032796293392,0.012148543262990186,-138.8202593508395,1.1797406491604723,-0.5109201338359272,-0.9915732810774252,True,0.9915732810774252,dt=0.05us
20,2.36432370751725,0.006279354360440173,-279.16465435140765,0.8353456485922965,,-0.04997055154929146,-0.003008369524399284,-139.41783949467302,0.5821605053269732,-0.2531851432653234,-0.995841710676236,True,0.995841710676236,dt=0.05us
21,2.4266802583014657,0.034128101530673347,-270.39995132126023,9.60004867873975,,-0.11726414357726264,-0.02176424756611799,-133.4295363689603,6.570463631039677,-3.029585047700074,-0.9530681169211451,True,0.9530681169211451,dt=0.05us
0,2.318017307976754,0.0033335575699460023,-277.17509535421635,2.8249046457836102,,-0.03382181536483729,-0.01483152488487879,-138.00808773320213,1.9919122667978528,-0.8329923789857576,-0.9857720552371582,True,0.9857720552371582,dt=0.05us
1,2.5512627569924904,0.01191689326038914,-269.65960044879586,10.340399551204122,,-0.18763122601347942,0.0026903045970315905,-132.92315367153068,7.076846328469281,-3.2635532227348403,-0.9494510976537909,True,0.9494510976537909,dt=0.05us
2,2.440332160891851,-0.027956793983700746,-273.08859541041204,6.911404589587918,,0.10099866592162077,0.019235510022746975,-134.97173871630503,5.028261283694945,-1.8831433058929727,-0.9640838479736076,True,0.9640838479736076,dt=0.05us
3,2.3625532104929645,-0.019771679018561354,-276.30254577657047,3.697454223429478,,0.10531470290118804,-0.007321034259611282,-137.32127439220503,2.6787256077949637,-1.0187286156345146,-0.9808662456586074,True,0.9808662456586074,dt=0.05us
4,2.372436249263457,-0.03730810049923692,-268.5647514067238,11.435248593276167,,0.055979841564548306,0.031128889105842546,-131.61575502777617,8.384244972223804,-3.051003621052363,-0.9401125359126871,True,0.9401125359126871,dt=0.05us
5,2.3853951294170597,0.040400508367365424,-266.8675082014574,13.132491798542548,,0.04951406926244092,-0.032645195687164376,-130.98183007992066,9.018169920079334,-4.114321878463214,-0.9355845005708618,True,0.9355845005708618,dt=0.05us
6,2.2813898926767533,-0.007496403351904198,-273.8544103129332,6.14558968706672,,0.10007497852248037,-0.017176794264182182,-135.6083044647705,4.391695535229484,-1.7538941518372353,-0.9686307461769322,True,0.9686307461769322,dt=0.05us
7,2.3933460310917263,0.017310338953630957,-277.5869750060142,2.4130249939857658,,-0.0889117134631664,0.0026631918428644697,-138.33563649216805,1.6643635078319179,-0.7486614861538478,-0.988111689229772,True,0.988111689229772,dt=0.05us
8,2.254698497099096,-0.03861429367757655,-259.57775870276345,20.422241297236482,,-0.2340407623319062,0.023057763809155092,-124.98342929340181,15.016570706598163,-5.405670590638318,-0.892738780667156,True,0.892738780667156,dt=0.05us
9,2.3441227096660238,0.007038623014929157,-278.32966385851523,1.6703361414847213,,-0.05936831112547391,-0.007510864913513259,-138.83004128717434,1.169958712825644,-0.5003774286590773,-0.9916431520512454,True,0.9916431520512454,dt=0.05us
10,2.4924642105969457,0.04248158823216829,-262.1003922940325,17.89960770596748,,0.13413346636437934,-0.032667547270399895,-127.8385729078658,12.16142709213418,-5.738180613833301,-0.913132663627613,True,0.913132663627613,dt=0.05us
11,2.277076080251784,-0.03767805283727921,-262.53996804981387,17.460031950186096,,-0.11779290794501057,0.035454706237957025,-127.14372503292309,12.856274967076892,-4.603756983109203,-0.9081694645208793,True,0.9081694645208793,dt=0.05us
12,2.4970201685342013,0.023367959621826466,-271.8112952200003,8.188704779999656,,-0.1670212756142437,-0.00020210654784818126,-134.40841342849686,5.5915865715031225,-2.5971182084965334,-0.9600600959178348,True,0.9600600959178348,dt=0.05us
13,2.3288936246985195,-0.0024958460649353947,-277.88943961529,2.1105603847099776,,-0.012641998776816694,-0.013533372329983964,-138.50348348687592,1.4965165131240696,-0.614043871585908,-0.9893105963348281,True,0.9893105963348281,dt=0.05us
14,2.3240281197635366,-0.009127862850511375,-276.98287372341804,3.0171262765819282,,0.036353212847972514,-0.01535922537519289,-137.84448505370958,2.1555149462904155,-0.8616113302915127,-0.9846034646693542,True,0.9846034646693542,dt=0.05us
15,2.442889845810994,-0.014430058878935703,-277.5842421752052,2.41575782479474,,0.08839179601379783,0.004475723244382632,-138.25085866469655,1.749141335303437,-0.6666164894913034,-0.9875061333192612,True,0.9875061333192612,dt=0.05us
16,2.4270378847393133,0.0012690873666013163,-279.688224850445,0.3117751495549432,,0.015155034133606768,0.004652602315473613,-139.78001956181174,0.21998043818825008,-0.0917947113666931,-0.9984287111557982,True,0.9984287111557982,dt=0.05us
17,2.3922318968700096,0.010776755206501783,-279.04708736796573,0.9529126320342151,,-0.05271594012984203,0.0033433888886332786,-139.3433899108873,0.6566100891126687,-0.2963025429215463,-0.9953099279349095,True,0.9953099279349095,dt=0.05us
18,2.4252436766687677,0.008280062735505992,-279.19147679525764,0.8085232047423219,,-0.019571632205811568,0.007744877971080318,-139.44226091003327,0.5577390899667155,-0.2507841147756063,-0.9960161493573806,True,0.9960161493573806,dt=0.05us
19,2.392932972778766,0.02788217141351636,-273.7661341266421,6.233865873357854,,-0.12901857717491408,-0.01076236045614905,-135.7105249806485,4.289475019351491,-1.9443908540063635,-0.9693608927189179,True,0.9693608927189179,dt=0.05us
20,2.4518914567817283,-0.0024289186597379617,-278.85345184890497,1.14654815109499,,0.04243248591935016,0.007501043511075834,-139.18250056827196,0.8174994317280206,-0.32904871936696944,-0.9941607183447998,True,0.9941607183447998,dt=0.05us
21,2.3044835813764046,-0.026094206887119647,-270.85039663254713,9.149603367452837,,0.17140672145630445,0.009987344222795388,-133.3203836192318,6.679616380768195,-2.469986986684642,-0.9522884544230843,True,0.9522884544230843,dt=0.05us
0,2.4288924870405766,0.003911915594578647,-279.5364029817008,0.46359701829917516,,0.004539130152907161,0.00631510703452889,-139.67704315010687,0.32295684989310114,-0.140640168406074,-0.9976931653579064,True,0.9976931653579064,dt=0.05us
1,2.4226773473102567,0.01892264967381913,-276.9278794608173,3.0721205391826656,,-0.09289421356988331,0.00669574826346809,-137.8876784667991,2.112321533200886,-0.9597990059817797,-0.9849119890485651,True,0.9849119890485651,dt=0.05us
2,2.2911578660826484,-0.010088632592678259,-274.3819251656836,5.618074834316358,,0.09738438384652529,-0.01619553650496046,-135.97716502791528,4.0228349720847065,-1.595239862231652,-0.9712654644851092,True,0.9712654644851092,dt=0.05us
3,2.20143735517308,-0.012064425696647018,-263.16331185288834,16.836688147111598,,0.07712351914785759,0.03725588423182706,-127.69514267709312,12.304857322906857,-4.531830824204739,-0.9121081619792367,True,0.9121081619792367,dt=0.05us
4,2.302083429977742,0.013072654913766983,-274.73929224599704,5.260707754002938,,-0.03391623747132002,-0.020782227933573354,-136.31297189182536,3.687028108174621,-1.573679645828317,-0.9736640849416098,True,0.9736640849416098,dt=0.05us
5,2.1925004130168917,0.013569730355825014,-261.45715511625406,18.542844883745886,,0.1396232674393537,0.03431468311867387,-126.6576789057203,13.342321094279672,-5.200523789466214,-0.9046977064694309,True,0.9046977064694309,dt=0.05us
6,2.5414216095177946,0.012305571147935717,-270.72633179445626,9.273668205543713,,-0.17261821685217993,0.007003652854769612,-133.64392291151768,6.356077088482304,-2.9175911170614093,-0.9545994493679836,True,0.9545994493679836,dt=0.05us
7,2.432543081291631,-0.01122607981844854,-278.5598455071272,1.4401544928727574,,0.07105539206331615,0.0013504905035749669,-138.95650802742182,1.0434919725781624,-0.3966625202945951,-0.9925464859101559,True,0.9925464859101559,dt=0.05us
8,2.409687846019033,0.03424940831454858,-270.5863168505237,9.413683149476258,,-0.10461721736358523,-0.02301509987489417,-133.54557413498335,6.454425865016621,-2.9592572844596368,-0.9538969581070241,True,0.9538969581070241,dt=0.05us
9,2.415310935940221,-0.013081780392766126,-278.5363485205814,1.4636514794185653,,0.07090444451453992,-0.002166970659441828,-138.93790520172234,1.062094798277629,-0.4015566811409364,-0.9924136085837312,True,0.9924136085837312,dt=0.05us
10,2.364333296654318,0.0038741922283524388,-279.3601161342934,0.6398838657065617,,-0.040133679333501586,-0.003846085354806145,-139.55269922633414,0.4473007736658271,-0.19258309204073465,-0.9968049944738155,True,0.9968049944738155,dt=0.05us
11,2.3634580853624634,0.0004052737493761467,-279.4529604071635,0.5470395928364601,,-0.026158583114907912,-0.0055434091896803366,-139.6145041223455,0.3854958776544883,-0.16154371518197186,-0.9972464580167536,True,0.9972464580167536,dt=0.05us
12,2.3962838665130857,0.00993570046572005,-279.2053532563375,0.7946467436624751,,-0.04575046813901058,0.003862044857561059,-139.45331210481905,0.5466878951809284,-0.24795884848154673,-0.9960950864629934,True,0.9960950864629934,dt=0.05us
13,2.3122694600495097,-0.024568374237192044,-272.04476553049466,7.9552344695052986,,0.16848195229334006,0.00365160226995534,-134.2059659593343,5.794034040665694,-2.1612004288396047,-0.9586140425666736,True,0.9586140425666736,dt=0.05us
14,2.5213754876033994,0.006638761962921604,-273.6854623997933,6.314537600206644,,-0.08857709675425789,0.01864136498650881,-135.62696063086153,4.373039369138439,-1.941498231068205,-0.968764004506154,True,0.968764004506154,dt=0.05us
15,2.522840336278232,-0.02779057904175433,-267.7218402653129,12.278159734687039,,-0.14218558248309102,0.024104786593640834,-131.28134068477362,8.71865931522634,-3.5595004194606994,-0.9377238620340975,True,0.9377238620340975,dt=0.05us
16,2.4090286797937064,-0.012751348693937998,-278.66711075208235,1.3328892479175942,,0.06557778421194238,-0.00335985627719704,-139.03290453811738,0.9670954618825964,-0.3657937860349978,-0.9930921752722671,True,0.9930921752722671,dt=0.05us
17,2.4243451578455995,-0.01210881338434023,-278.5857678228122,1.4142321771877595,,0.07090645489261097,-0.00039917211536214686,-138.97410434257256,1.02589565742743,-0.3883365197603295,-0.9926721738755183,True,0.9926721738755183,dt=0.05us
18,2.3464393075090912,0.008065106329220752,-278.30901200295847,1.690987997041471,,-0.06313676264723499,-0.006801920078130685,-138.81722837117402,1.1827716288259467,-0.5082163682155242,-0.9915516312226718,True,0.9915516312226718,dt=0.05us
19,2.327142306768491,-0.016954705640984405,-275.53934334822327,4.4606566517766755,,0.10231449771992258,-0.011687101514727169,-136.78340207235124,3.2165979276487446,-1.244058724127931,-0.9770243005167947,True,0.9770243005167947,dt=0.05us
20,2.298827882580334,-0.010026812246842256,-275.04028297112126,4.9597170288786785,,0.08107545802374334,-0.01663279345339031,-136.45081896791052,3.5491810320894444,-1.410535996789234,-0.9746487069136468,True,0.9746487069136468,dt=0.05us
21,2.629093517344717,-0.030174017519535922,-252.05517642090228,27.944823579097683,,0.22032553651238326,-0.0343773717475612,-120.96921004079151,19.030789959208473,-8.914033619889208,-0.8640657860056538,True,0.8640657860056538,dt=0.05us
0,2.2718568440503315,-0.007833794145107946,-272.87196578054574,7.128034219454215,,0.12733081209832892,-0.015108560992348358,-134.89825334497164,5.101746655028352,-2.0262875644258633,-0.9635589524640832,True,0.9635589524640832,dt=0.05us
1,2.4794408070602842,0.004958269351668665,-277.2336891445152,2.766310855484724,,-0.0030368355526427518,0.015544029169073029,-138.06700893119435,1.9329910688056287,-0.8333197866790955,-0.9861929209371026,True,0.9861929209371026,dt=0.05us
2,2.384622086801126,0.01063636726258569,-278.99907400113295,1.0009259988670278,,-0.05689978481690075,0.0019518071850659193,-139.30888818771496,0.6911118122850199,-0.3098141865820079,-0.995063487055107,True,0.995063487055107,dt=0.05us
3,2.51888750203362,-0.0002924135119929754,-274.2764684288681,5.723531571131882,,-0.03988044451733812,0.021453395308259363,-135.996561648625,4.003438351374981,-1.7200932197569008,-0.971404011775893,True,0.971404011775893,dt=0.05us
4,2.4759893478164083,0.03912782099136037,-265.4114138436976,14.588586156302359,,-0.003921905395399553,-0.03523897250238632,-130.07197786666916,9.928022133330833,-4.660564022971527,-0.929085556190494,True,0.929085556190494,dt=0.05us
5,2.3220453762461806,0.026396735986498533,-271.9559856970092,8.04401430299074,,-0.032336801353651655,-0.025927134743643058,-134.41363918206218,5.586360817937799,-2.457653485052941,-0.9600974227290157,True,0.9600974227290157,dt=0.05us
6,2.3609179918346883,-0.014337624085553302,-277.73287219610364,2.2671278038963374,,0.0605294299092232,-0.010530803523173168,-138.36624958312086,1.633750416879117,-0.6333773870172206,-0.9883303541651491,True,0.9883303541651491,dt=0.05us
7,2.364710496079847,0.011178317016256793,-278.49231459391365,1.5076854060863347,,-0.07038634257726444,-0.002174812923449836,-138.95249750600053,1.0475024939994386,-0.46018291208689605,-0.9925178393285754,True,0.9925178393285754,dt=0.05us
8,2.314622585617579,0.004505152543311121,-276.87164173239444,3.1283582676055297,,-0.035101853561081184,-0.01562921102546153,-137.7958723495554,2.2041276504445904,-0.9242306171609395,-0.9842562310682529,True,0.9842562310682529,dt=0.05us
9,2.5037472252512325,-0.01832313965006898,-272.9478756087677,7.052124391232283,,0.017113504511233908,0.0249667649548776,-134.95811409746636,5.041885902533621,-2.0102384886986617,-0.963986529267617,True,0.963986529267617,dt=0.05us
10,2.5243801155271557,0.037261349918397496,-262.6454840082965,17.35451599170348,,0.06338346004288446,-0.037007855752722925,-128.23438213460895,11.765617865391025,-5.588898126312455,-0.915959872390064,True,0.915959872390064,dt=0.05us
11,2.275946077126183,0.0001708327607647022,-273.77441273451973,6.225587265480247,,0.067671444221573,-0.020878690035227458,-135.58237787207128,4.417622127928703,-1.8079651375515438,-0.9684455562290807,True,0.9684455562290807,dt=0.05us
12,2.277563603817918,-0.0016949673951027315,-273.9112096362106,6.088790363789387,,0.07250272778110883,-0.020183884771142427,-135.6728760911481,4.3271239088518545,-1.761666454937533,-0.9690919720796296,True,0.9690919720796296,dt=0.05us
13,2.464851898334317,-0.002071612399449373,-278.2504473878744,1.7495526121256066,,0.041671586168045116,0.010539749291457587,-138.75740645088433,1.2425935491156368,-0.5069590630099698,-0.9911243317920312,True,0.9911243317920312,dt=0.05us
14,2.3915476715466384,0.012643364226968856,-278.69314903811426,1.306850961885713,,-0.06301546955474246,0.003383981428482158,-139.0985946356422,0.9014053643577681,-0.40544559752794496,-0.9935613902545873,True,0.9935613902545873,dt=0.05us
15,2.4261460515321813,0.01172120050044165,-278.6224290425938,1.3775709574061503,,-0.04004901729216987,0.008817724462563053,-139.05088223065377,0.9491177693462111,-0.4284531880599392,-0.9932205873618127,True,0.9932205873618127,dt=0.05us
16,2.3491287645949637,-0.0072127633139008876,-278.5275306299153,1.472469370084656,,0.009811814566728076,-0.011360941334982718,-138.94871930243744,1.0512806975625446,-0.42118867252211145,-0.9924908521602676,True,0.9924908521602676,dt=0.05us
17,2.3458277796623066,0.00726527605217665,-278.38017540398494,1.6198245960150088,,-0.06011257502760285,-0.0070459051286009215,-138.86604200409548,1.1339579959045032,-0.48586660011050575,-0.9919003000292536,True,0.9919003000292536,dt=0.05us
18,2.504471244941257,-0.039337401921478644,-263.20280043047035,16.797199569529617,,-0.24154897345428492,0.007735389591546779,-128.08198821975054,11.918011780249424,-4.879187789280193,-0.9148713444267899,True,0.9148713444267899,dt=0.05us
19,2.417559619355606,-0.0064335770676139685,-279.5430764354612,0.45692356453872474,,0.040222030311311927,-0.0005646903952629867,-139.66692884162407,0.33307115837591156,-0.12385240616281316,-0.9976209202973149,True,0.9976209202973149,dt=0.05us
20,2.390270221298599,-0.011868057201625625,-278.8355355009653,1.164464499034664,,0.05013954782676987,-0.006420071499011681,-139.1572990100857,0.8427009899142952,-0.3217635091203687,-0.9939807072148978,True,0.9939807072148978,dt=0.05us
21,2.4421769678568657,0.0011324360633412146,-279.2629707592013,0.7370292407986474,,0.023666211139313883,0.0071297220697001925,-139.47920554071175,0.5207944592882434,-0.21623478151040398,-0.9962800395765126,True,0.9962800395765126,dt=0.05us
0,2.30032693586913,0.007476972323718174,-275.51836529347804,4.481634706521925,,-0.02251975026240494,-0.019535122619169183,-136.84622857865838,3.1537714213415864,-1.3278632851803387,-0.9774730612761315,True,0.9774730612761315,dt=0.05us
1,2.270008240137657,-0.014935812012419104,-271.3889912443294,8.611008755670555,,0.17436956340588444,-0.004123093519400665,-133.78113780743794,6.218862192562032,-2.392146563108524,-0.955579555767414,True,0.955579555767414,dt=0.05us
2,2.4475492184379317,-0.013384594546901213,-277.64478621203074,2.3552137879691912,,0.08502225135934026,0.0053923203931038315,-138.29678120854336,1.7032187914566201,-0.6519949965125712,-0.9878341514895955,True,0.9878341514895955,dt=0.05us
3,2.405203490237983,0.02267395110312415,-275.87995309332115,4.120046906678789,,-0.11831173245971549,0.0002815116182177592,-137.16530927357155,2.8346907264284384,-1.2853561802503504,-0.9797522090969397,True,0.9797522090969397,dt=0.05us
4,2.269874679719919,0.0010396660540141747,-273.1494250815879,6.850574918412065,,0.08315883067483186,-0.02078789901567883,-135.13880051046587,4.86119948953412,-1.9893754288779448,-0.9652771465033277,True,0.9652771465033277,dt=0.05us
5,2.481396349779639,-0.0039048827596062097,-277.1808513905206,2.819148609479313,,0.042095556742877085,0.014321086008709223,-137.9988152219511,2.0011847780488794,-0.8179638314304337,-0.9857058230139366,True,0.9857058230139366,dt=0.05us
6,2.329773292760649,0.007558413920982395,-277.5331127177691,2.4668872822308807,,-0.05847933611115518,-0.011369246637591712,-138.2691399335299,1.730860066470069,-0.7360272157608118,-0.9876367138109281,True,0.9876367138109281,dt=0.05us
7,2.483771822686952,0.021684364063581266,-273.3856742523255,6.614325747674481,,-0.14555756701923578,0.005694602317490623,-135.4735343601501,4.526465639849893,-2.0878601078245875,-0.9676681025725008,True,0.9676681025725008,dt=0.05us
8,2.5173941719645385,-0.025732720110442937,-269.12621549612516,10.873784503874802,,-0.09441631663708944,0.027241741024004316,-132.25715044998233,7.742849550017631,-3.130934953857172,-0.9446939317855884,True,0.9446939317855884,dt=0.05us
9,2.3187501016066836,-0.02738228922279296,-271.3197323520673,8.680267647932617,,0.1665441354799844,0.009884844679386063,-133.6590568786177,6.340943121382298,-2.3393245265503184,-0.9547075491329836,True,0.9547075491329836,dt=0.05us
10,2.4126429296273604,-0.01579102609846731,-277.9416541924243,2.0583458075756216,,0.08463892382285228,-0.0021256945701685235,-138.5062270718695,1.4937729281304784,-0.5645728794451431,-0.9893301933704965,True,0.9893301933704965,dt=0.05us
11,2.1912912743663284,0.018154939909616464,-260.1012909101353,19.898709089864674,,0.10188408234349394,0.03907969688557772,-125.6865656673532,14.31343433264678,-5.585274757217893,-0.8977611833382373,True,0.8977611833382373,dt=0.05us
12,2.3484046525475333,0.03627333032266817,-268.3970209934197,11.602979006580277,,0.03733533910377997,-0.031086183982359062,-131.99168350467679,8.00831649532319,-3.5946625112570882,-0.94279773931912,True,0.94279773931912,dt=0.05us
13,2.324949667141169,0.01606890980839432,-275.6415245798232,4.358475420176751,,-0.0745657824739857,-0.015453847030478793,-136.9585696111425,3.0414303888574694,-1.3170450313192814,-0.9782754972224467,True,0.9782754972224467,dt=0.05us
14,2.434397206282156,0.0003996381725548236,-279.5151223687599,0.48487763124009287,,0.02318694353024091,0.005410123608871679,-139.65613960036669,0.3438603996332822,-0.14101723160681073,-0.9975438542883337,True,0.9975438542883337,dt=0.05us
15,2.3621325668659843,0.0029712681484048513,-279.3434453677655,0.6565546322344207,,-0.037551931315175695,-0.004638533796643745,-139.53989499355032,0.4601050064496543,-0.19644962578476632,-0.9967135356682167,True,0.9967135356682167,dt=0.05us
16,2.5051000406935415,-0.01957055585946173,-272.45632654529123,7.543673454708707,,0.006904963318891991,0.0259535356240945,-134.60666173752833,5.393338262471641,-2.150335192237067,-0.9614761552680597,True,0.9614761552680597,dt=0.05us
17,2.3416049218493886,0.032427443728535545,-270.20413824050377,9.795861759496201,,-0.013980105609391653,-0.0290244209009911,-133.2270734965269,6.7729265034730775,-3.022935256023124,-0.9516219535466208,True,0.9516219535466208,dt=0.05us
18,2.3836010578013114,-0.007909872701665646,-279.389952800168,0.6100471998319802,,0.023899977439523268,-0.006365570984744821,-139.55935445580104,0.44064554419894475,-0.1694016556330355,-0.9968525318271504,True,0.9968525318271504,dt=0.05us
19,2.5916229128384893,-0.003100045464954315,-265.29758844645045,14.702411553549528,,-0.21646152171361738,-0.010105211548693174,-129.92051942605332,10.079480573946661,-4.622930979602867,-0.9280037101860953,True,0.9280037101860953,dt=0.05us
20,2.4624342560717,0.0004667857874712593,-278.4081524891773,1.591847510822605,,0.030187838303385398,0.010836039421109622,-138.87525348605823,1.1247465139417516,-0.4671009968808534,-0.9919660963289875,True,0.9919660963289875,dt=0.05us
21,2.393882638606729,0.011297087014771322,-278.9646647406716,1.0353352593283385,,-0.054380429285519595,0.003706448584085487,-139.28662354309935,0.7133764569006341,-0.32195880242770436,-0.9949044538792812,True,0.9949044538792812,dt=0.05us
0,2.4754021296365187,-0.01834030508597242,-274.99538693884006,5.004613061159893,,0.07947142743593986,0.01704406806147826,-136.3923012877424,3.60769871225757,-1.3969143489023232,-0.9742307234838745,True,0.9742307234838745,dt=0.05us
1,2.3417574183229193,-0.0056109497739109055,-278.3641032920588,1.635896707941152,,0.0008540692282869009,-0.012071125143599957,-138.8352579443806,1.1647420556193853,-0.4711546523217667,-0.991680413888433,True,0.991680413888433,dt=0.05us
2,2.3952999864786135,-0.025267758393283418,-274.8881222170746,5.111877782925346,,0.13307373211762033,0.004325641763626449,-136.2747208583811,3.7252791416188784,-1.3865986413064677,-0.9733908632741509,True,0.9733908632741509,dt=0.05us
3,2.442815862066724,0.02723165027483181,-273.3241793223079,6.675820677692075,,-0.14891351315658286,-0.003662936970472419,-135.42964798370645,4.570352016293522,-2.1054686613985534,-0.9673546284550463,True,0.9673546284550463,dt=0.05us
4,2.4448463799776947,0.015481361746288343,-277.2628863802134,2.7371136197865606,,-0.06635949165245263,0.011109293949620121,-138.11576939706734,1.8842306029326525,-0.8528830168539081,-0.9865412099790525,True,0.9865412099790525,dt=0.05us
5,2.40473779175547,0.02029897357255852,-276.69755178268093,3.3024482173190237,,-0.1044048317931037,0.0027752533953588373,-137.72649942719016,2.273500572809822,-1.0289476445092016,-0.9837607101942155,True,0.9837607101942155,dt=0.05us
6,2.3696692812384716,0.007203836308328806,-279.20914265355714,0.7908573464428252,,-0.050825380858325137,-0.0016611143517802675,-139.45056085024572,0.5494391497542677,-0.24141819668855755,-0.9960754346446123,True,0.9960754346446123,dt=0.05us
7,2.3336122050208257,-0.022294412846062817,-274.23024258571814,5.769757414281837,,0.14132159729099322,-0.0044983893721818,-135.8121875604021,4.187812439597894,-1.5819449746839425,-0.9700870540028722,True,0.9700870540028722,dt=0.05us
8,2.4960955696667133,0.021148797459190648,-272.67292239142273,7.327077608577208,,-0.15492069506208245,0.004837767674763033,-134.9888808042084,5.0111191957915695,-2.315958412785639,-0.9642062914586317,True,0.9642062914586317,dt=0.05us
9,2.2221280290909613,-0.0007669785647750356,-267.3469897585742,12.653010241425797,,0.21119756829499112,0.0056545245651491854,-130.91182630026364,9.088173699736323,-3.564836541689473,-0.9350844735733119,True,0.9350844735733119,dt=0.05us
10,2.4765948885122837,-0.02294623171304797,-273.40198258389694,6.598017416103015,,0.06552011625997739,0.022053147597022874,-135.23761787947745,4.762382120522533,-1.835635295580482,-0.9659829848534105,True,0.9659829848534105,dt=0.05us
11,2.489260839732545,-0.020515049273836565,-273.39574291467005,6.604257085329921,,0.047598753294841076,0.023153446986065272,-135.25274678768275,4.747253212317232,-1.8570038730126903,-0.9660910484834483,True,0.9660910484834483,dt=0.05us
12,2.3998127511690917,-0.03336941661756391,-271.1002758731656,8.899724126834386,,0.10359209893528874,0.02327793543812186,-133.49129844997103,6.508701550028949,-2.391022576805438,-0.9535092746426503,True,0.9535092746426503,dt=0.05us
13,2.511984402245139,-0.04234683508598744,-260.5840931000779,19.41590689992204,,-0.25527717425797913,-0.01097653571745148,-126.32252501832043,13.677474981679541,-5.738431918242498,-0.9023037501308604,True,0.9023037501308604,dt=0.05us
14,2.282020914511298,0.011274762221990727,-273.34739180536945,6.652608194630482,,0.022464313521689237,-0.023924471513745285,-135.32210855281846,4.677891447181504,-1.9747167474489788,-0.9665864896629892,True,0.9665864896629892,dt=0.05us
15,2.4192422756899052,-0.005823940442064105,-279.5774807195721,0.42251928042782727,,0.038821109861612565,-4.5362339185062934e-05,-139.69205911561818,0.3079408843817989,-0.11457839604602837,-0.9978004222544157,True,0.9978004222544157,dt=0.05us
16,2.414339955659747,-0.043838258819610364,-264.55610262008867,15.443897379911304,,-0.15607659834284052,0.02811535816631665,-128.7871580776049,11.21284192239508,-4.231055457516224,-0.9199082719828923,True,0.9199082719828923,dt=0.05us
17,2.4355174708934064,0.0009688398367201722,-279.47691297621014,0.5230870237898393,,0.021328590277528474,0.005886213036239319,-139.63006454409904,0.3699354559009232,-0.1531515678889161,-0.997357603886422,True,0.997357603886422,dt=0.05us
18,2.377019693702055,0.010084275449000974,-278.97127576828103,1.028724231718945,,-0.05902100179818313,0.00041199922354388005,-139.28792950547802,0.7120704945219457,-0.31665373719699913,-0.9949137821819861,True,0.9949137821819861,dt=0.05us
19,2.321714913592784,-0.006711969080434546,-277.14401221341706,2.85598778658288,,0.020238638617937583,-0.015623956590410725,-137.96522816782112,2.0347718321788584,-0.8212159544040213,-0.9854659154844367,True,0.9854659154844367,dt=0.05us
20,2.2798566793616586,0.002823199963582613,-274.09318512786524,5.90681487213473,,0.04432427612918624,-0.021743775398748017,-135.81996781439372,4.180032185606247,-1.7267826865284834,-0.9701426272456697,True,0.9701426272456697,dt=0.05us
21,2.2464831750671976,-0.01867867496546695,-267.7344582413064,12.265541758693542,,0.17702840216552215,0.018284949222221705,-131.0621465343958,8.937853465604185,-3.327688293089358,-0.9361581895313986,True,0.9361581895313986,dt=0.05us
0,2.323779307655956,-0.042801689687806725,-262.99142373072027,17.0085762692797,,-0.14582807397235303,0.032027202945222044,-127.51892179444826,12.481078205551722,-4.527498063727977,-0.9108494413889162,True,0.9108494413889162,dt=0.05us
1,2.3526432813252702,0.02129546819186727,-275.45951664427196,4.540483355728004,,-0.10332504323203494,-0.011081299903428222,-136.85178832476998,3.148211675230006,-1.3922716804979987,-0.9775127737483571,True,0.9775127737483571,dt=0.05us
2,2.4876868181059426,0.022638029611910134,-272.7761748230722,7.22382517692775,,-0.1553941277738615,0.003277450392053108,-135.0610718080923,4.938928191907685,-2.2848969850200653,-0.9647219414863737,True,0.9647219414863737,dt=0.05us
3,2.5356942377598837,0.04448849740092264,-256.7490965298206,23.250903470179363,,0.2831390030856023,-0.00590142852959134,-124.24773831895934,15.752261681040647,-7.498641789138718,-0.8874838451354239,True,0.8874838451354239,dt=0.05us
4,2.5245792174659885,-0.03248942099916056,-265.2859048941419,14.714095105858048,,-0.2081609938628382,0.015119868688992257,-129.5844843583506,10.415515641649382,-4.298579464208667,-0.9256034597025045,True,0.9256034597025045,dt=0.05us
5,2.4379979215837806,-0.047005891513373345,-261.75026946803223,18.249730531967725,,-0.25201364618779837,0.009374595900405035,-126.89134107692742,13.108658923072554,-5.141071608895171,-0.9063667219780531,True,0.9063667219780531,dt=0.05us
6,2.2466006187901897,-0.017779626897741704,-268.0106791061272,11.989320893872748,,0.18299782402327985,0.015982832607614805,-131.2733940489446,8.726605951055381,-3.2627149428173654,-0.9376671003496044,True,0.9376671003496044,dt=0.05us
7,2.4473702790139553,-0.02733892145110666,-273.1098617819365,6.890138218063438,,0.09452966000902382,0.019981627408184554,-134.99300612635628,5.006993873643696,-1.8831443444197427,-0.9642357580454022,True,0.9642357580454022,dt=0.05us
8,2.3970674282860016,0.011057270507432812,-279.0193020684147,0.9806979315852908,,-0.051103961966506725,0.004215915595060132,-139.3247712838775,0.6752287161224583,-0.3054692154628326,-0.9951769377419825,True,0.9951769377419825,dt=0.05us
9,2.3532988774114956,0.007043415666914783,-278.71270020665054,1.2872997933494335,,-0.05770100679503061,-0.00525190733250917,-139.1001929475297,0.899807052470272,-0.3874927408791614,-0.9935728067680695,True,0.9935728067680695,dt=0.05us
10,2.471382243776984,0.0051621984552529,-277.7102802552682,2.2897197447317863,,0.0012974428055902328,0.014148315309009027,-138.39977322331126,1.6002267766887088,-0.6894929680430777,-0.9885698087379378,True,0.9885698087379378,dt=0.05us
11,2.3478561595566383,0.018439966688199833,-276.1722218571076,3.8277781428923165,,-0.09653842848247292,-0.009789788170896416,-137.3406455212654,2.6593544787345693,-1.1684236641577475,-0.9810046108661816,True,0.9810046108661816,dt=0.05us
12,2.555049063211264,0.012596721771579902,-269.06793731709,10.932062682909914,,-0.1936883037505182,-0.0007903901436779577,-132.5280186006821,7.471981399317876,-3.460081283592038,-0.9466287042905865,True,0.9466287042905865,dt=0.05us
13,2.2712716390368253,0.0005896398676148031,-273.299638143502,6.700361856497944,,0.080504223232333,-0.02073480173709203,-135.2444226648323,4.755577335167654,-1.9447845213302897,-0.9660315904630882,True,0.9660315904630882,dt=0.05us
14,2.4916300167656646,0.011509312439495687,-275.5275459733281,4.472454026671894,,-0.0680031585466749,0.016391271346803387,-136.9099346479137,3.0900653520862673,-1.3823886745856269,-0.9779281046279552,True,0.9779281046279552,dt=0.05us
15,2.2515050079768812,0.019137419216117574,-268.1959149163196,11.804085083680352,,0.17317870537127353,-0.016994272949935708,-131.68975607313828,8.31024392686168,-3.493841156818671,-0.9406411148081308,True,0.9406411148081308,dt=0.05us
16,2.410984066271905,0.0023166987820611787,-279.9077519552698,0.0922480447301152,,-0.0003903490938972973,0.0028080620660993066,-139.9369468563308,0.06305314366918717,-0.029194901060928036,-0.999549620402363,True,0.999549620402363,dt=0.05us
17,2.4552051681832636,-0.032255591771957776,-270.44052656400254,9.559473435997395,,0.026738141785877093,0.029143712137582423,-133.0654276971169,6.934572302883094,-2.624901133114301,-0.9504673406936922,True,0.9504673406936922,dt=0.05us
18,2.471984913637875,0.019172823903607954,-274.95018953534344,5.049810464656495,,-0.11397163466313472,0.010208491013076302,-136.53520748500728,3.464792514992696,-1.5850179496637997,-0.9752514820357665,True,0.9752514820357665,dt=0.05us
19,2.3762677425156733,-0.018014988782895286,-277.1758279851071,2.824172014892857,,0.0896108931790904,-0.007182875423710161,-137.95472913480688,2.045270865193108,-0.7789011496997487,-0.9853909223914777,True,0.9853909223914777,dt=0.05us
20,2.5525825122081494,0.0020909487567663705,-270.60107513677514,9.398924863224815,,-0.15452202655101582,0.014559877016076056,-133.50598726691564,6.494012733084347,-2.9049121301404677,-0.9536141947636833,True,0.9536141947636833,dt=0.05us
21,2.503168841422969,-0.020091086650840192,-272.45327413840505,7.546725861594924,,0.010249733980769742,0.025941299956213946,-134.60000155951803,5.399998440481951,-2.1467274211129723,-0.961428582567986,True,0.961428582567986,dt=0.05us
0,2.5265286994527734,-0.007898479170656668,-273.0280935044097,6.971906495590272,,-0.03991671023194457,0.023946550444905033,-135.09131554064945,4.908684459350542,-2.0632220362397296,-0.9649379681474961,True,0.9649379681474961,dt=0.05us
1,2.3151106001014674,0.023471764492925377,-272.66427627650853,7.335723723491448,,-0.035972798998702926,-0.024609747053538952,-134.89503173946977,5.104968260530215,-2.2307554629612323,-0.9635359409962128,True,0.9635359409962128,dt=0.05us
2,2.318027574689151,-0.007571354828428611,-276.8064247944183,3.193575205581661,,0.030662551766588185,-0.01615278598843258,-137.72249779321646,2.2775022067835287,-0.9160729987981325,-0.9837321270944034,True,0.9837321270944034,dt=0.05us
3,2.5002435815525503,0.003337278399328811,-275.83018504432,4.1698149556799935,,-0.019325157484892216,0.018840531747002086,-137.0865950280707,2.9134049719292947,-1.2564099837506986,-0.9791899644862193,True,0.9791899644862193,dt=0.05us
4,2.333039572266047,-0.023838191566178484,-273.62999822495266,6.370001775047309,,0.1514946858384584,-0.0013899817796753646,-135.36798024403777,4.6320197559622125,-1.737982019085097,-0.9669141446002699,True,0.9669141446002699,dt=0.05us
5,2.3488431296574857,0.0021499629411249016,-278.8945078052038,1.1054921947961807,,-0.03873000757757959,-0.007682625319418813,-139.22178270198535,0.7782172980146344,-0.32727489678154636,-0.9944413050141812,True,0.9944413050141812,dt=0.05us
6,2.559879265931422,-0.0003851513755105204,-269.7348229724125,10.265177027587507,,-0.16950024613623335,0.012944953060443666,-132.90571326741278,7.094286732587189,-3.1708902950003184,-0.949326523338663,True,0.949326523338663,dt=0.05us
7,2.3798955650302447,0.009630173273749926,-279.0934809219758,0.9065190780241429,,-0.05513116528209977,0.0008977864306152786,-139.37323660308093,0.6267633969190505,-0.2797556811050924,-0.9955231185934353,True,0.9955231185934353,dt=0.05us
8,2.357473540337382,-0.022421005669734213,-275.24333731893216,4.756662681067804,,0.1278406252011193,-0.004347946198863729,-136.5455957498005,3.4544042501994916,-1.3022584308683127,-0.9753256839271465,True,0.9753256839271465,dt=0.05us
9,2.3369662029632994,0.005691359261700804,-278.120410273106,1.8795897268939203,,-0.05375171590121573,-0.00955756383100719,-138.68018371174634,1.3198162882536348,-0.5597734386402856,-0.9905727407981884,True,0.9905727407981884,dt=0.05us
10,2.480948453066186,-0.021064738143509832,-273.785757339408,6.214242660591958,,0.06430057438491237,0.02132602601325187,-135.52189942545243,4.478100574547557,-1.736142086044401,-0.9680135673246603,True,0.9680135673246603,dt=0.05us
11,2.3488996406109437,0.01761241679693603,-276.45457815747994,3.5454218425199917,,-0.09520337401668874,-0.008822418318942248,-137.53621008504635,2.463789914953636,-1.0816319275663555,-0.982401500607474,True,0.982401500607474,dt=0.05us
12,2.4833585843900843,-0.00045291457451983926,-277.17013317450596,2.8298668254939816,,0.024715188219650033,0.015301466131925446,-138.0038065409472,1.9961934590527575,-0.8336733664412243,-0.9857414752924804,True,0.9857414752924804,dt=0.05us
13,2.324496357098348,0.002153650715510738,-277.64048813703477,2.35951186296519,,-0.03382424719365157,-0.013381057767371323,-138.33511558414395,1.6648844158560374,-0.6946274471091524,-0.9881079684581712,True,0.9881079684581712,dt=0.05us
14,2.410980226708297,-0.01227252080259607,-278.7469051861359,1.2530948138640727,,0.06407543358620682,-0.00300370463799904,-139.0906165822174,0.9093834177825958,-0.3437113960814768,-0.9935044041586958,True,0.9935044041586958,dt=0.05us
15,2.2874094788633696,0.02217134538606046,-270.9330528004653,9.066947199534662,,0.04857694380221437,-0.02706172254398525,-133.66501729851115,6.3349827014888405,-2.731964498045821,-0.954750123560794,True,0.954750123560794,dt=0.05us
16,2.4260831515406207,0.0027690257526601317,-279.66054143585416,0.3394585641458181,,0.008081844455320654,0.0052925963507186825,-139.76276016658133,0.23723983341864552,-0.1022187307271726,-0.9983054297612954,True,0.9983054297612954,dt=0.05us
17,2.2522338408091755,-0.0322917693874105,-262.8744437534206,17.125556246579315,,-0.06397721753801948,0.03839651547927775,-127.3821106169475,12.617889383052484,-4.507666863526831,-0.9098722186924822,True,0.9098722186924822,dt=0.05us
18,2.4553278860634706,-0.024221888140799383,-274.0613523712813,5.938647628718667,,0.09668402995644008,0.0173583709457086,-135.69274050059428,4.307259499405703,-1.6313881293129633,-0.9692338607185307,True,0.9692338607185307,dt=0.05us
19,2.4291409307922844,0.00193985843242128,-279.6227448490367,0.3772551509632658,,0.013556305310210862,0.005337149219987381,-139.7347497908112,0.2652502091887642,-0.11200494177450165,-0.9981053556486517,True,0.9981053556486517,dt=0.05us
20,2.5659510546987243,0.0221641252099128,-265.0312073254771,14.968792674522843,,-0.12910054775502036,-0.029134173905061227,-129.84807939144827,10.151920608551722,-4.816872065971122,-0.9274862813674877,True,0.9274862813674877,dt=0.05us
21,2.4267775787340518,0.02902092491149047,-272.9754883380918,7.024511661908174,,-0.14485274060000516,-0.008571053590530701,-135.18616719727171,4.813832802728249,-2.210678859179925,-0.9656154799805124,True,0.9656154799805124,dt=0.05us
0,2.4467726421356466,-0.0004726230451757314,-279.1046906825039,0.8953093174961054,,0.03258794738995968,0.007237529781343345,-139.36429022223282,0.6357097777671533,-0.2595995397289521,-0.9954592158730917,True,0.9954592158730917,dt=0.1us
1,2.3224038791262416,-0.020418291908477437,-274.21552625029415,5.7844737497058265,,0.1372210403074246,-0.0069879049086429695,-135.81073838740244,4.189261612597533,-1.5952121371082943,-0.9700767027671605,True,0.9700767027671605,dt=0.1us
2,2.33202460838822,-0.02413305996580662,-273.4612885179408,6.538711482059191,,0.15374643511126762,-0.0007021742150713404,-135.24359720474718,4.756402795252809,-1.7823086868063822,-0.9660256943196228,True,0.9660256943196228,dt=0.1us
3,2.296103632747587,0.018126132349396366,-272.99279657166693,7.007203428333047,,-0.008498192362526392,-0.024722258798305093,-135.10033737297528,4.899662627024705,-2.107540801308341,-0.9650024098069664,True,0.9650024098069664,dt=0.1us
4,2.3813270034684084,0.0005045926325044767,-279.85536035802426,0.14463964197569984,,-0.015762456298949436,-0.0025102644029054485,-139.89882559734207,0.1011744026579104,-0.043465239317789436,-0.9992773256953006,True,0.9992773256953006,dt=0.1us
5,2.176587215439211,-0.030060709462078943,-253.08552184841972,26.914478151580234,,-0.29792295989425027,-0.018233939060955343,-120.31566026526785,19.68433973473212,-7.230138416848115,-0.859397573323342,True,0.859397573323342,dt=0.1us
6,2.283909284992049,0.005026505445064176,-274.33869456607994,5.661305433920034,,0.024573806040173278,-0.022015474560682667,-136.00275829496636,3.997241705033622,-1.6640637288864117,-0.9714482735354741,True,0.9714482735354741,dt=0.1us
7,2.432880791379007,0.03744697019478404,-268.3504819534553,11.649518046544632,,-0.06745201327620795,-0.02966920796336061,-132.03703021984902,7.962969780150974,-3.686548266393657,-0.943121644427493,True,0.943121644427493,dt=0.1us
8,2.4455269995884765,0.0640289698634322,-246.38674349401103,33.613256505988936,,-0.27835113905222353,0.03268269732807637,-116.47897747040086,23.52102252959912,-10.092233976389819,-0.8319926962171491,True,0.8319926962171491,dt=0.1us
9,2.3536685056093414,0.009235057135482075,-278.4415809060178,1.5584190939821465,,-0.06638044461597607,-0.0048612436153474305,-138.9127261471805,1.0872738528194743,-0.47114524116267215,-0.9922337581941466,True,0.9922337581941466,dt=0.1us
10,2.375985949448529,0.00530765894285682,-279.53903234776305,0.46096765223688496,,-0.038928789904001254,-0.0011035310056802827,-139.68063385345178,0.3193661465481849,-0.14160150568870003,-0.9977188132389415,True,0.9977188132389415,dt=0.1us
11,2.37392834596378,0.020070865417404514,-276.50240251045653,3.4975974895434088,,-0.10669099524891619,-0.0037030092405943445,-137.5813440989786,2.418655901021361,-1.078941588522048,-0.982723886421276,True,0.982723886421276,dt=0.1us
12,2.41010535851679,-0.01718940687889975,-277.59666010239573,2.4033398976042317,,0.09173978590366517,-0.0020529006196415623,-138.25537826688657,1.74462173311341,-0.658718164490822,-0.9875384161920471,True,0.9875384161920471,dt=0.1us
13,2.4671978197061,-0.018060037751666078,-275.5519765883345,4.448023411665417,,0.08938363001292339,0.014092652178604287,-136.78799323835614,3.212006761643841,-1.2360166500215761,-0.9770570945596868,True,0.9770570945596868,dt=0.1us
14,2.423298932908999,-0.0019218293314681126,-279.7484993705009,0.2515006294990787,,0.02577493182808415,0.002394393499757046,-139.81835630997293,0.18164369002703776,-0.06985693947204094,-0.9987025450712355,True,0.9987025450712355,dt=0.1us
15,2.572673016217742,-0.008629718580710141,-267.46929816191164,12.530701838088332,,-0.2028631240708293,0.007964916048941017,-131.32334466742623,8.676655332573763,-3.854046505514569,-0.9380238904816159,True,0.9380238904816159,dt=0.1us
16,2.3620962755388315,-0.008196497158379118,-278.8759317328155,1.1240682671844493,,0.016778381646625224,-0.009672655820230108,-139.19465635340447,0.8053436465955153,-0.318724620588934,-0.9942475453814607,True,0.9942475453814607,dt=0.1us
17,2.459569567702081,0.019146977934489707,-275.62201822422105,4.3779817757788875,,-0.10411149217442021,0.010043014329523252,-136.9942382166556,3.005761783344396,-1.3722199924344909,-0.9785302729761115,True,0.9785302729761115,dt=0.1us
18,2.440963532833314,-0.002491880353707099,-279.264758581299,0.7352414187009297,,0.03876418107051308,0.005236025367039175,-139.47385697351407,0.5261430264858997,-0.20909839221503004,-0.9962418355251007,True,0.9962418355251007,dt=0.1us
19,2.42876336517673,0.010299138782675478,-278.81397888228923,1.1860211177107476,,-0.0299180976139667,0.008914096202454449,-139.18194699455333,0.8180530054466504,-0.3679681122640972,-0.9941567642468097,True,0.9941567642468097,dt=0.1us
20,2.4705134995078266,0.00243490147124562,-277.92593886962567,2.0740611303742678,,0.018037166800900364,0.013192875211594398,-138.54237230360536,1.4576276963946215,-0.6164334339796462,-0.9895883735971813,True,0.9895883735971813,dt=0.1us
21,2.1947110896104016,-0.02255565362184837,-259.21343767839363,20.786562321606326,,-0.17719472060662111,0.033622755154327603,-124.68746366985515,15.312536330144832,-5.474025991461494,-0.8906247404989655,True,0.8906247404989655,dt=0.1us
0,2.3394438107905957,0.0023764545679848008,-278.45872847307504,1.541271526924921,,-0.04038110496207153,-0.009704651805839367,-138.91413220238195,1.085867797618022,-0.4554037293068991,-0.9922438014455855,True,0.9922438014455855,dt=0.1us
1,2.3483876289339016,-0.011221348310950443,-277.90597972676244,2.094020273237527,,0.03794740680626979,-0.012291528126411242,-138.4982564045511,1.5017435954488576,-0.5922766777886692,-0.9892732600325082,True,0.9892732600325082,dt=0.1us
2,2.4014358901595942,-0.02003338635356108,-276.791503781055,3.2084962189449615,,0.10665557010856704,-0.0017180806334965836,-137.66886682753614,2.331133172463831,-0.8773630464811303,-0.9833490487681155,True,0.9833490487681155,dt=0.1us
3,2.3775720572593877,0.021020451895190813,-276.26277089903385,3.7372291009660934,,-0.11041617059998299,-0.003718538821984441,-137.41782016987676,2.5821798301232084,-1.1550492708428848,-0.9815558583562628,True,0.9815558583562628,dt=0.1us
4,2.501065599140532,0.013034630261682546,-274.49457326812825,5.505426731871687,,-0.09649384558783806,0.015424158097435609,-136.20694043022857,3.7930595697714105,-1.712367162100276,-0.9729067173587757,True,0.9729067173587757,dt=0.1us
5,2.460022302894038,0.011116372712506276,-277.5424076275384,2.457592372461544,,-0.035275390135366194,0.013450511565271222,-138.29974670649835,1.7002532935016381,-0.7573390789599059,-0.9878553336178454,True,0.9878553336178454,dt=0.1us
6,2.461852567748832,0.0013139499058311894,-278.4255043834876,1.574495616512357,,0.02620863122839582,0.01101578883809787,-138.88970918297784,1.1102908170221486,-0.4642047994902083,-0.9920693513069847,True,0.9920693513069847,dt=0.1us
7,2.4235795143127357,-0.014947877022455338,-277.9868224564698,2.0131775435302024,,0.084723030745586,-0.00011655550637621465,-138.5393496277248,1.4606503722751867,-0.5525271712550156,-0.9895667830551772,True,0.9895667830551772,dt=0.1us
8,2.3417014103550464,0.00879213952060707,-277.9952416546057,2.0047583453942726,,-0.06609605292551524,-0.00800322925185349,-138.5973293722627,1.4026706277372891,-0.6020877176569835,-0.9899809240875908,True,0.9899809240875908,dt=0.1us
9,2.378153957625864,0.022561292531168866,-275.7365911379631,4.263408862036847,,-0.1157632717632918,-0.005360485846832963,-137.05588063434845,2.944119365651514,-1.3192894963853334,-0.978970575959632,True,0.978970575959632,dt=0.1us
10,2.3412689251234706,-0.009428987292989984,-277.88189479940536,2.1181052005946186,,0.026734691395975275,-0.013086416637682348,-138.48514261424853,1.514857385751457,-0.6032478148431615,-0.9891795901017753,True,0.9891795901017753,dt=0.1us
11,2.4387690676355778,0.010489298028927542,-278.50642973948936,1.4935702605106105,,-0.028526740119987428,0.010406433849210847,-138.9681156154722,1.031884384527796,-0.46168587598281424,-0.9926293972533728,True,0.9926293972533728,dt=0.1us
12,2.4991093920718193,-0.004615639763566081,-275.84009176912514,4.159908230874835,,0.022912383386538577,0.018834110575987606,-137.0575572762054,2.9424427237945805,-1.2174655070802543,-0.9789825519728959,True,0.9789825519728959,dt=0.1us
13,2.405959695358453,-0.009149280873761637,-279.31642971892194,0.6835702810779895,,0.04452360299485227,-0.0033943781312406004,-139.50302182331967,0.4969781766803019,-0.18659210439768747,-0.996450155880855,True,0.996450155880855,dt=0.1us
14,2.4916344542778424,-0.014394848526988982,-274.92980436075237,5.070195639247571,,0.054754368392828726,0.019434688662681745,-136.3693142498438,3.63068575015618,-1.4395098890913918,-0.9740665303560273,True,0.9740665303560273,dt=0.1us
15,2.330784173731286,0.0013053428051143243,-278.0333553170202,1.9666446829797375,,-0.03341763462431748,-0.01204741215367175,-138.61174254843354,1.3882574515664403,-0.5783872314132973,-0.990083875345954,True,0.990083875345954,dt=0.1us
16,2.3508678592287486,0.01653517752257189,-276.8289894413932,3.171010558606752,,-0.09300276633311724,-0.007471419441904157,-137.79577334502966,2.204226654970321,-0.9667839036364309,-0.9842555238930691,True,0.9842555238930691,dt=0.1us
17,2.2781298484532173,-0.019886254273500662,-270.82883327698596,9.171166723013972,,0.18151559663565256,0.0031561169712163595,-133.34073150285624,6.659268497143725,-2.5118982258702474,-0.9524337964489734,True,0.9524337964489734,dt=0.1us
18,2.320070094329815,-0.003042913529976724,-277.3245808716757,2.675419128324254,,-0.002880401367976511,-0.01540465305144468,-138.1016736526841,1.8983263473158865,-0.7770927810083678,-0.9864405260906008,True,0.9864405260906008,dt=0.1us
19,2.326279556786946,0.01977183919623987,-274.6610894156697,5.338910584330225,,-0.07531027909495526,-0.01790429256732604,-136.28261335148392,3.7173866485160674,-1.6215239358141578,-0.9734472382248852,True,0.9734472382248852,dt=0.1us
20,2.4711787346214797,-0.01599578694992956,-275.8900619780328,4.109938021967158,,0.08377979206976802,0.013852646094265031,-137.0379196588141,2.962080341185871,-1.147857680781288,-0.9788422832772438,True,0.9788422832772438,dt=0.1us
21,2.401947720974819,-0.0031830310439600663,-279.91747132846,0.08252867153994826,,0.014702037912120491,-0.0014869984106150632,-139.93812228933942,0.0618777106605726,-0.02065096087937567,-0.9995580163524245,True,0.9995580163524245,dt=0.1us
0,2.3662659237710604,-0.02204047529296622,-275.652269043535,4.347730956464941,,0.12187393137569395,-0.004360888125303467,-136.8425923033348,3.1574076966651647,-1.1903232597997766,-0.9774470878809631,True,0.9774470878809631,dt=0.1us
1,2.426112828878102,0.007476208464786947,-279.2744641307681,0.7255358692318907,,-0.01465418827535168,0.007562409477281071,-139.4989949534554,0.5010050465445779,-0.22453082268731286,-0.9964213925246815,True,0.9964213925246815,dt=0.1us
2,2.28017335184959,0.02566799974807484,-268.92154921612337,11.078450783876574,,0.11369482569538161,-0.025311695329919857,-132.2601703480466,7.739829651953363,-3.3386211319232117,-0.9447155024860474,True,0.9447155024860474,dt=0.1us
3,2.3803557388078582,-0.040478227715112496,-266.7466935981557,13.253306401844297,,-0.02788216434961294,0.03455424943634069,-130.29814910056083,9.701850899439153,-3.5514555024051453,-0.9307010650040061,True,0.9307010650040061,dt=0.1us
4,2.4410973128380924,-0.0157681236478825,-277.3227207189677,2.677279281032269,,0.09344696881229095,0.00454549718982981,-138.06006468022818,1.9399353197717955,-0.7373439612604733,-0.9861433191444872,True,0.9861433191444872,dt=0.1us
5,2.335884140427501,0.013243469639780662,-276.9215575660661,3.078442433933882,,-0.07902956844185964,-0.010476642936437708,-137.85104839952913,2.1489516004708316,-0.9294908334630507,-0.9846503457109226,True,0.9846503457109226,dt=0.1us
6,2.334937430605838,-0.0071465931043704495,-277.8654164052805,2.134583594719484,,0.013231113099357934,-0.013635939558802875,-138.47809420628914,1.5219057937108378,-0.6126778010086463,-0.9891292443306369,True,0.9891292443306369,dt=0.1us
7,2.4673544716381017,0.009868074959336441,-277.37196634629566,2.628033653704293,,-0.029215797640653348,0.01435630265177997,-138.1782514881617,1.8217485118382757,-0.8062851418660173,-0.9869875106297266,True,0.9869875106297266,dt=0.1us
8,2.399150372777451,-0.02482843585127606,-275.0727639662577,4.927236033742251,,0.13071063746853373,0.0041615438933705045,-136.41015406840404,3.5898459315959417,-1.33739010214631,-0.9743582433457433,True,0.9743582433457433,dt=0.1us
9,2.5479453385885433,0.03449591072085237,-261.6768885567013,18.323111443298686,,0.07764433424990669,-0.03739505919490875,-127.5957613096189,12.404238690381087,-5.9188727529176,-0.9113982950687065,True,0.9113982950687065,dt=0.1us
10,2.3847507240084367,0.018057000250596783,-277.2989142826562,2.7010857173437826,,-0.09577723663117209,0.0004672659792179292,-138.1344353847186,1.8655646152813512,-0.8355211020624312,-0.986674538462276,True,0.986674538462276,dt=0.1us
11,2.5010140124503546,-0.008652362474838693,-275.25836055765205,4.741639442347912,,0.030956428608913452,0.019924063340033084,-136.63138303475813,3.36861696524184,-1.373022477106072,-0.9759384502482725,True,0.9759384502482725,dt=0.1us
12,2.3605291006906053,0.00935063616949729,-278.6645730917369,1.3354269082630796,,-0.06448383935739949,-0.0032019353049464174,-139.07010991255473,0.9298900874452368,-0.4055368208178428,-0.9933579279468198,True,0.9933579279468198,dt=0.1us
13,2.474836714199624,-0.00632689593312099,-277.3983054500763,2.6016945499236517,,0.056014905962353596,0.012335816915551157,-138.14345148944204,1.8565485105579467,-0.7451460393657051,-0.9867389392103004,True,0.9867389392103004,dt=0.1us
14,2.311086232718525,0.004709601257400736,-276.6072245497223,3.3927754502776932,,-0.0317373013482452,-0.01653303399430298,-137.60946411914267,2.3905358808573154,-1.0022395694203778,-0.9829247437081621,True,0.9829247437081621,dt=0.1us
15,2.483865626395431,-0.02995053414227505,-269.9679570484285,10.032042951571459,,-0.023254354885458545,0.02983518223990487,-132.77507078961722,7.224929210382752,-2.807113741188707,-0.9483933627829804,True,0.9483933627829804,dt=0.1us
16,2.309949591478067,-0.011767871010328652,-275.5954379501092,4.404562049890724,,0.076627955269252,-0.01566244628926542,-136.84344823685075,3.1565517631492197,-1.2480102867415046,-0.9774532016917913,True,0.9774532016917913,dt=0.1us
17,2.4450368623794625,0.02543252581722337,-274.00186023529284,5.998139764707114,,-0.1427743837284865,0.00026201081512352496,-135.89140063818388,4.108599361816091,-1.889540402891022,-0.9706528617013136,True,0.9706528617013136,dt=0.1us
18,2.381042555384238,0.02430414462519786,-275.13196117965873,4.868038820341253,,-0.12093575861647306,-0.007063076967874492,-136.6414703106962,3.3585296893037704,-1.5095091310374822,-0.9760105022192588,True,0.9760105022192588,dt=0.1us
19,2.2201576893014434,0.03250680461569358,-258.6309899548667,21.369010045133212,,0.11763339238968167,0.039420765524237115,-124.77781729798852,15.222182702011454,-6.146827343121759,-0.891270123557061,True,0.891270123557061,dt=0.1us
20,2.3061092014201097,-0.03460990918781237,-266.8431264394613,13.15687356053867,,0.06507114351581245,0.03320463859494559,-130.3245497938309,9.67545020616908,-3.481423354369591,-0.9308896413845066,True,0.9308896413845066,dt=0.1us
21,2.3731383519234166,-0.029848963050572625,-272.5840426432643,7.415957356735677,,0.14523913902708507,0.012116228695907743,-134.57776886847535,5.422231131524645,-1.9937262252110315,-0.9612697776319669,True,0.9612697776319669,dt=0.1us
0,2.34421355841819,0.009220630540702842,-278.05024119945966,1.949758800540307,,-0.06772425066348424,-0.007318495333187355,-138.63690373815908,1.3630962618409048,-0.5866625386994023,-0.9902635981297078,True,0.9902635981297078,dt=0.1us
1,2.3981771599392596,-0.030198947988608706,-272.70973646869174,7.290263531308199,,0.1307072896603477,0.015319931232872439,-134.6729203844387,5.327079615561288,-1.9631839157469118,-0.9619494313174194,True,0.9619494313174194,dt=0.1us
2,2.4403656278089945,0.00040022494987955286,-279.3329518085719,0.6670481914280149,,0.026235788532796882,0.00644486053603204,-139.5273046629026,0.47269533709737593,-0.19435285433063892,-0.9966236047350188,True,0.9966236047350188,dt=0.1us
3,2.3356591455617846,0.014783449789405496,-276.56484483308753,3.4351551669124256,,-0.08263871864032478,-0.01121806480583866,-137.60427702607257,2.3957229739274255,-1.0394321929850003,-0.9828876930433755,True,0.9828876930433755,dt=0.1us
4,2.46092136989835,-0.01893252631843194,-275.62100635805837,4.37899364194157,,0.09552184224336768,0.012819198511815134,-136.832630947087,3.167369052912955,-1.211624589028615,-0.977375935336336,True,0.977375935336336,dt=0.1us
5,2.5227131787200276,0.03521394625096574,-263.99623202026356,16.003767979736406,,-0.004722882117112287,-0.03684458422943937,-129.14553257358511,10.854467426414876,-5.149300553321528,-0.9224680898113223,True,0.9224680898113223,dt=0.1us
6,2.3432444263558385,-0.031086236126388465,-270.9618317122362,9.0381682877638,,0.14828167500195702,0.016567123750989836,-133.38039509918232,6.619604900817661,-2.418563386946137,-0.9527171078513024,True,0.9527171078513024,dt=0.1us
7,2.384553674446804,0.004900208429723816,-279.71049875127557,0.28950124872437316,,-0.03117419460088456,0.0001778861424202374,-139.80110626807286,0.19889373192711504,-0.0906075167972581,-0.9985793304862349,True,0.9985793304862349,dt=0.1us
8,2.4503107856209794,-0.04835339697752202,-260.2797406809058,19.720259319094172,,-0.2685734900395999,-0.0030497827301354617,-125.922400020783,14.077599979216977,-5.642659339877197,-0.8994457144341644,True,0.8994457144341644,dt=0.1us
9,2.447780634549208,-0.018645994031248964,-276.2888619531216,3.711138046878316,,0.1021993606401903,0.00844171529681322,-137.31025695986372,2.689743040136248,-1.0213950067420678,-0.9807875497133125,True,0.9807875497133125,dt=0.1us
10,2.3756124267412626,0.021073424043350827,-276.2074492971424,3.7925507028575542,,-0.11049714784835565,-0.004272179110142564,-137.378867383457,2.621132616542985,-1.1714180863145693,-0.9812776241675502,True,0.9812776241675502,dt=0.1us
11,2.3107192365318876,0.008543928987362798,-276.17461793593276,3.8253820640671896,,-0.04369394517897725,-0.01695354747461672,-137.31283192256234,2.6871680774376263,-1.1382139866295633,-0.980805942304017,True,0.980805942304017,dt=0.1us
12,2.4386606173702443,0.01156153395923,-278.3208869698183,1.6791130301816948,,-0.03590309646056474,0.010585159862276294,-138.84106833416286,1.158931665837125,-0.5201813643445697,-0.991721916672592,True,0.991721916672592,dt=0.1us
13,2.313563522775358,-0.013677202236092256,-275.46510923895073,4.534890761049242,,0.0885021187134437,-0.014429803972719724,-136.7428404740959,3.2571595259040524,-1.27773123514519,-0.9767345748149711,True,0.9767345748149711,dt=0.1us
14,2.469443297381994,-0.031450750000071755,-270.1284556082726,9.871544391727355,,0.00015047836816981422,0.02988219277044254,-132.86319510309767,7.1368048969023175,-2.7347394948250363,-0.9490228221649835,True,0.9490228221649835,dt=0.1us
15,2.4368879274312927,-0.0014209178789833965,-279.4277628592242,0.5722371407758078,,0.032257529344904876,0.00495266207179941,-139.59127891869448,0.4087210813054823,-0.1635160594703255,-0.9970805637049608,True,0.9970805637049608,dt=0.1us
16,2.500628818692856,0.004589300269033831,-275.7196727162984,4.280327283701524,,-0.028057839738510698,0.018795462789184546,-137.01558736735146,2.984412632648528,-1.2959146510529962,-0.9786827669096534,True,0.9786827669096534,dt=0.1us
17,2.355542132226308,-0.01948278119463381,-276.15884876705695,3.8411512329430026,,0.1051334208244191,-0.00820493197540445,-137.21926963058777,2.780730369412189,-1.0604208635308137,-0.9801376402184844,True,0.9801376402184844,dt=0.1us
18,2.4525224037750974,-0.007512981003841308,-278.42262936333987,1.5773706366600906,,0.06332810716481195,0.006292281948960836,-138.86564346927983,1.1343565307201526,-0.44301410593993806,-0.9918974533519989,True,0.9918974533519989,dt=0.1us
19,2.3611200839000017,0.011948923981441558,-278.2411531321977,1.758846867802224,,-0.07507222958730769,-0.0030593206612244133,-138.7771523645507,1.222847635449288,-0.535999232352936,-0.991265374032505,True,0.991265374032505,dt=0.1us
20,2.331327452065414,-0.02473188827414541,-273.1887096188709,6.811290381129037,,0.1570306663889488,0.0007291124818139034,-135.04175584099443,4.9582441590055515,-1.8530462221234865,-0.9645839702928175,True,0.9645839702928175,dt=0.1us
21,2.3311457152053623,0.016384300856154707,-275.92172366130393,4.078276338696005,,-0.0818203642402058,-0.013610638215038072,-137.15674907568194,2.8432509243180366,-1.2350254143779689,-0.9796910648262998,True,0.9796910648262998,dt=0.1us
0,2.4302108526754376,0.028148083468941803,-273.29436065751463,6.705639342485328,,-0.14584068226954072,-0.006244291925227121,-135.40472319802558,4.595276801974413,-2.110362540510915,-0.9671765942716113,True,0.9671765942716113,dt=0.1us
1,2.4185632203764156,-0.026182624871355732,-274.38002023611847,5.619979763881492,,0.12596252199395266,0.010536301615919112,-135.90465350344297,4.0953464965569975,-1.524633267324494,-0.9707475250245928,True,0.9707475250245928,dt=0.1us
2,2.446114667008107,0.022701943957680343,-275.01227719465686,4.98772280534311,,-0.12613176450471975,0.005044995262344786,-136.57997220922408,3.4200277907758885,-1.5676950145672217,-0.9755712300658865,True,0.9755712300658865,dt=0.1us
3,2.4880940778587908,0.0021241843237837467,-276.8071159122399,3.192884087760056,,0.006070729654061974,0.01671282308384438,-137.76002994868102,2.239970051318955,-0.952914036441101,-0.9840002139191503,True,0.9840002139191503,dt=0.1us
4,2.43183391168524,0.007255790254605101,-279.1649650513883,0.8350349486116132,,-0.010857000389070972,0.008325352572654281,-139.4219245984591,0.5780754015408832,-0.25695954707072993,-0.9958708899889936,True,0.9958708899889936,dt=0.1us
5,2.4007350196655053,-0.017293554882597387,-277.6095078404257,2.3904921595742836,,0.0892495270703593,-0.00378723828486684,-138.26551811874302,1.7344818812569618,-0.656010278317322,-0.9876108437053074,True,0.9876108437053074,dt=0.1us
6,2.370812625805985,0.008542503443811807,-279.0684717227147,0.931528277285213,,-0.05587446917567671,-0.0010863522317472924,-139.35344500748505,0.6465549925149157,-0.2849732847702974,-0.9953817500534649,True,0.9953817500534649,dt=0.1us
7,2.4915173785024907,0.0407428025799479,-263.3273585135835,16.67264148641649,,0.07516015194518842,-0.03568716160392921,-128.67033562023585,11.32966437976414,-5.342977106652353,-0.9190738258588276,True,0.9190738258588276,dt=0.1us
8,2.4261487640787514,0.004235809388972443,-279.5770220615826,0.42297793841731046,,0.0015536098589303197,0.006058135947982039,-139.70617618202425,0.29382381797573287,-0.1291541204415776,-0.9979012584430305,True,0.9979012584430305,dt=0.1us
9,2.4388756331647348,-0.023207180869269782,-275.0779152075515,4.922084792448473,,0.113538008032788,0.010988518835232742,-136.4228598484911,3.5771401515088668,-1.3449446409396064,-0.9744489989177938,True,0.9744489989177938,dt=0.1us
10,2.3569844153000172,-0.02035867452855969,-275.93140517212316,4.068594827876797,,0.11189270307326034,-0.0071685628631664835,-137.05167898756085,2.9483210124391364,-1.120273815437661,-0.9789405641968633,True,0.9789405641968633,dt=0.1us
11,2.3349081587074814,-0.018675403180514895,-275.4845471199807,4.515452880019299,,0.11059285423606159,-0.009901788292862354,-136.73686907478535,3.2631309252146394,-1.2523219548046598,-0.9766919219627526,True,0.9766919219627526,dt=0.1us
12,2.3668162626035345,0.02275732522465422,-275.4106469105032,4.589353089496731,,-0.11278729323409005,-0.008636489787941373,-136.82588794709642,3.1741120529035576,-1.4152410365931736,-0.9773277710506889,True,0.9773277710506889,dt=0.1us
13,2.3962270121954585,0.002390248721169363,-279.9485134816279,0.051486518372025676,,-0.012042135458778367,0.0007228031570689522,-139.96616602913346,0.033833970866509695,-0.017652547505515977,-0.999758328779525,True,0.999758328779525,dt=0.1us
14,2.4663822684198364,0.014389664476054513,-276.54817169861434,3.451828301385601,,-0.06613749504095856,0.013641579633204781,-137.62081182484636,2.3791881751536197,-1.0726401262319814,-0.9830057987489027,True,0.9830057987489027,dt=0.1us
15,2.372850632167254,-0.02686971130759342,-273.9282459811571,6.071754018842854,,0.1451035488839956,0.004853853693204882,-135.57058846368884,4.429411536311143,-1.642342482531711,-0.9683613461692061,True,0.9683613461692061,dt=0.1us
16,2.424578460277164,0.02527132318378244,-274.64869786755753,5.351302132442447,,-0.13477820322409143,-0.000835927294160779,-136.3277154682152,3.672284531784796,-1.6790176006576505,-0.9737693962015371,True,0.9737693962015371,dt=0.1us
17,2.3625833752247285,0.005235010934495141,-279.2088260118421,0.7911739881578383,,-0.04664115112939352,-0.0036788913288876087,-139.44757099586204,0.5524290041379434,-0.2387449840198949,-0.9960540785418718,True,0.9960540785418718,dt=0.1us
18,2.2442352613472503,0.00490000255853619,-270.0564131026482,9.943586897351743,,0.16330451139064842,-0.014653276874297483,-132.93393219783374,7.066067802166246,-2.8775190951854976,-0.9495280871273839,True,0.9495280871273839,dt=0.1us
19,2.292173296074443,0.00559089882849263,-275.0340438866711,4.965956113328857,,0.0007700036639102206,-0.02093186768918271,-136.4980526018382,3.501947398161781,-1.464008715167076,-0.9749860900131301,True,0.9749860900131301,dt=0.1us
20,2.4289646294199208,-0.01291056116017884,-278.3248080796072,1.6751919203927714,,0.07712306450802994,0.000640150115489286,-138.78537603078803,1.214623969211942,-0.4605679511808294,-0.991324114505629,True,0.991324114505629,dt=0.1us
21,2.37329226458575,0.03289605042356581,-271.0593438294143,8.940656170585692,,-0.07697696984596276,-0.02488945528958133,-133.84202861753096,6.157971382469029,-2.7826847881166623,-0.9560144901252212,True,0.9560144901252212,dt=0.1us
0,2.4828631124243294,0.012947584247973553,-275.8652763056924,4.134723694307511,,-0.06883102274333343,0.015367455928178881,-137.14679615399373,2.853203846006238,-1.2815198483012733,-0.9796199725285268,True,0.9796199725285268,dt=0.1us
1,2.4230696323179535,-0.00024326946309805118,-279.78189197134486,0.21810802865511952,,0.018842972786457156,0.0032252618230893117,-139.84425427822964,0.15574572177034093,-0.062362306884778576,-0.9988875305587833,True,0.9988875305587833,dt=0.1us
2,2.388680856296871,0.004243944122749158,-279.8036392950098,0.19636070499016114,,-0.025381006311864487,0.0005311072424132156,-139.86604133808814,0.1339586619118456,-0.062402043078315546,-0.9990431524149154,True,0.9990431524149154,dt=0.1us
3,2.46251692115677,-0.0003029029738510813,-278.4049591655203,1.5950408344796327,,0.03399497868169767,0.010568935797066624,-138.87104347633797,1.1289565236620025,-0.4660843108176304,-0.9919360248309856,True,0.9919360248309856,dt=0.1us
4,2.3918524709063864,-0.014272442671885217,-278.3447670836867,1.6552329163132853,,0.06608846265619611,-0.006208382937106719,-138.80140136832622,1.1985986316737671,-0.45663428463951833,-0.9914385812023302,True,0.9914385812023302,dt=0.1us
5,2.4083324817770797,-0.03629466462948452,-269.4431543749874,10.556845625012553,,0.04818761247301007,0.030096458324636907,-132.28633086075124,7.7136691392487515,-2.8431764857638004,-0.9449023632910803,True,0.9449023632910803,dt=0.1us
6,2.3773523773855425,0.017289190247437063,-277.4011867547088,2.5988132452911485,,-0.09391849066733991,-0.0007792070502655582,-138.20250725980327,1.7974927401967011,-0.8013205050944474,-0.9871607661414521,True,0.9871607661414521,dt=0.1us
7,2.3792703323283995,0.0432956721191694,-264.84233845806693,15.157661541933017,,0.1386739228372269,-0.028599442403877826,-129.58404356754087,10.4159564324591,-4.741705109473917,-0.9256003111967207,True,0.9256003111967207,dt=0.1us
8,2.3701072455247933,-0.008520192033946583,-279.0544878071105,0.9455121928894602,,0.020976551667802112,-0.008586185171830702,-139.32080421767643,0.6791957823235486,-0.2663164105659115,-0.9951486015548318,True,0.9951486015548318,dt=0.1us
9,2.4719699372391384,0.007106388933502336,-277.4854344168612,2.5145655831387614,,-0.011794783885740222,0.014680508308051836,-138.24904115226784,1.750958847732136,-0.7636067354066252,-0.9874931510876276,True,0.9874931510876276,dt=0.1us
10,2.412246466559378,-0.0028627810406615804,-279.8731513760768,0.1268486239231624,,0.021371729003781093,0.0001978638004362803,-139.90629271974,0.0937072802599642,-0.03314134366319819,-0.9993306622838574,True,0.9993306622838574,dt=0.1us
11,2.4216286937112494,0.04687417766340942,-262.2478276074579,17.75217239254205,,0.19771393403321597,-0.023387538631871645,-127.85659156324758,12.1434084367524,-5.608763955789649,-0.9132613683089114,True,0.9132613683089114,dt=0.1us
12,2.4096557376471295,-0.011479812650460943,-278.90857140247476,1.0914285975252132,,0.05897485506726095,-0.00321495179698124,-139.20778524837547,0.7922147516245169,-0.2992138459006962,-0.994341323202682,True,0.994341323202682,dt=0.1us
13,2.35005186471364,0.004848891601592446,-278.79334351195484,1.206656488045096,,-0.04983979768056828,-0.006512373440100645,-139.15386612979154,0.8461338702084514,-0.3605226178366446,-0.9939561866413682,True,0.9939561866413682,dt=0.1us
14,2.3927544365789375,0.014662326752880858,-278.26028217685774,1.7397178231422041,,-0.07363268050794995,0.003460140982880342,-138.79970111025509,1.2002988897448779,-0.5394189333973262,-0.9914264365018223,True,0.9914264365018223,dt=0.1us
15,2.407416033956806,-0.003694595823018616,-279.86840516576785,0.1315948342320818,,0.021034753259981102,-0.0009472589309435305,-139.9023550266968,0.09764497330317132,-0.03394986092891048,-0.9993025359049773,True,0.9993025359049773,dt=0.1us
16,2.521859667262365,-0.009297611811913381,-273.2996558416351,6.700344158364813,,-0.023152390580098093,0.024046715550158457,-135.26882413441683,4.7311758655831495,-1.9691682927816638,-0.9662058866744061,True,0.9662058866744061,dt=0.1us
17,2.2666202572315903,-0.012286171368337305,-271.60957822194354,8.390421778056409,,0.16706250301278694,-0.007485947784099124,-133.95814430945308,6.0418556905469165,-2.3485660875094925,-0.9568438879246649,True,0.9568438879246649,dt=0.1us
18,2.4897933228970364,0.010114267328784692,-275.9033310880664,4.096668911933545,,-0.05322318664451213,0.01680851661589398,-137.16371463098665,2.8362853690133254,-1.2603835429202195,-0.979740818792762,True,0.979740818792762,dt=0.1us
19,2.4660804712285134,-0.02434214345389779,-273.4835208944229,6.516479105577043,,0.07970570922727785,0.020695119160771405,-135.28348566155387,4.716514338446095,-1.7999647671309467,-0.9663106118682422,True,0.9663106118682422,dt=0.1us
20,2.3996258695899972,-0.016464629502771326,-277.83332376932583,2.1666762306741414,,0.08352046491609526,-0.004359134800247057,-138.42854409098152,1.5714559090184472,-0.595220321655694,-0.9887753149355826,True,0.9887753149355826,dt=0.1us
21,2.1902262375000454,-0.020911263270071534,-259.06964163258345,20.93035836741649,,-0.17606424199654705,0.03395722539887796,-124.58485210181863,15.41514789818135,-5.5152104692351385,-0.889891800727276,True,0.889891800727276,dt=0.1us
0,2.359930276071024,0.03262506178771908,-270.8368504206412,9.163149579358725,,-0.05573054562202713,-0.026676515858477242,-133.6784459947394,6.321554005260575,-2.84159557409815,-0.9548460428195673,True,0.9548460428195673,dt=0.1us
1,2.260091061982395,0.011389891580280408,-271.06887777402875,8.931122225971187,,0.10565236104522295,-0.022467474715013463,-133.7008370753664,6.299162924633598,-2.6319593013375897,-0.95500597910976,True,0.95500597910976,dt=0.1us
2,2.4720383944468205,0.03351443677724304,-268.90782313282216,11.092176867177784,,-0.12820043095389674,-0.02302743491349313,-132.4402061151188,7.559793884881186,-3.5323829822965975,-0.9460014722508486,True,0.9460014722508486,dt=0.1us
3,2.339864937579667,0.018108974709677778,-275.90355217649824,4.096447823501721,,-0.09124530510508308,-0.012033006150302098,-137.1500950257887,2.849904974211293,-1.2465428492904285,-0.9796435358984907,True,0.9796435358984907,dt=0.1us
4,2.361795716385501,0.0016819089040308907,-279.3809362098617,0.6190637901382243,,-0.03242808944544701,-0.005247806119917007,-139.56496362014482,0.4350363798551544,-0.18402741028306993,-0.996892597286749,True,0.996892597286749,dt=0.1us
5,2.3019896976055865,0.00962438779529104,-275.35741501725624,4.642584982743691,,-0.030793763618212237,-0.019590648581505086,-136.73873325208336,3.261266747916601,-1.3813182348270898,-0.9767052375148814,True,0.9767052375148814,dt=0.1us
6,2.442434662477704,-0.020799076074035496,-275.80678796154035,4.193212038459609,,0.10876816185013483,0.008980482935025173,-136.95635351927206,3.043646480727912,-1.1495655577316963,-0.9782596679948006,True,0.9782596679948006,dt=0.1us
7,2.5355458514134543,0.009080126277795078,-271.92498026042,8.075019739579972,,-0.1415233406434712,0.013800627923703365,-134.44036667936382,5.559633320636151,-2.51538641894382,-0.9602883334240275,True,0.9602883334240275,dt=0.1us
8,2.33663699723789,-0.004432324662258792,-278.2053589633004,1.7946410366995553,,-0.0050170558413800215,-0.012606993657804098,-138.7245650464819,1.2754349535180867,-0.5192060831814688,-0.9908897503320137,True,0.9908897503320137,dt=0.1us
9,2.467587319849797,-0.03415473286823284,-268.81396065981704,11.186039340182907,,-0.041748604893365834,0.031091806628045424,-131.91766315628976,8.082336843710213,-3.1037024964726947,-0.9422690225449271,True,0.9422690225449271,dt=0.1us
10,2.403015582444973,0.0003422202756198194,-279.995343858882,0.004656141117938458,,0.001430965452899113,0.0005814218022128568,-139.99687931399643,0.003120686003553173,-0.0015354551143852851,-0.9999777093856889,True,0.9999777093856889,dt=0.1us
11,2.5147480358847254,-0.008561023689308698,-274.0792049002905,5.920795099709466,,-0.0022438673435103374,0.02288754495480438,-135.81222006025004,4.18777993974994,-1.7330151599595252,-0.9700872861446432,True,0.9700872861446432,dt=0.1us
12,2.431261121077311,0.013903208077655166,-278.05557179392963,1.9444282060703406,,-0.05382129834388448,0.009673879629580056,-138.66078069675353,1.339219303246439,-0.6052089028239015,-0.990434147833954,True,0.990434147833954,dt=0.1us
13,2.5162025397851284,0.027040072174508253,-268.68642405299727,11.313575947002693,,-0.16644907138150797,-0.01637447369603988,-132.3032597076511,7.696740292348856,-3.6168356546538365,-0.9450232836260796,True,0.9450232836260796,dt=0.1us
14,2.330274083219835,0.016106863602232117,-275.9447008076296,4.055299192370374,,-0.08066169333109986,-0.013715446704082434,-137.17199723404002,2.8280027659599547,-1.227296426410419,-0.9797999802431432,True,0.9797999802431432,dt=0.1us
15,2.3556507856573234,0.021476311196683105,-275.51017779413934,4.4898222058606185,,-0.10549905515447731,-0.010334256676541913,-136.88826139560464,3.1117386043953212,-1.378083601465297,-0.9777732956828905,True,0.9777732956828905,dt=0.1us
16,2.396639351462131,0.028262122905530967,-273.6114489160712,6.388551083928749,,-0.1309381291443902,-0.010790405903056789,-135.60611510425625,4.393884895743719,-1.9946661881850294,-0.9686151078875449,True,0.9686151078875449,dt=0.1us
17,2.4556749167572542,-0.01916578872521136,-275.7989822209031,4.201017779096856,,0.09950927872985359,0.011357346627149276,-136.95823065973252,3.0417693402674515,-1.1592484388294046,-0.9782730761409467,True,0.9782730761409467,dt=0.1us
18,2.4395980415273844,-0.011631961509106132,-278.277887420214,1.722112579786009,,0.07595672876211758,0.002982921439105424,-138.75374457783076,1.2462554221692246,-0.47585715761678443,-0.9910981755559342,True,0.9910981755559342,dt=0.1us
19,2.455573386074878,-0.0029587301283753495,-278.66945317539694,1.3305468246030152,,0.045511815278001085,0.008110923921156742,-139.05116527582396,0.9488347241760093,-0.381712100427006,-0.9932226091130285,True,0.9932226091130285,dt=0.1us
20,2.4956541120395825,-0.010969561838883927,-275.3201359263968,4.679864073603142,,0.045058441035217486,0.019124510247230907,-136.66213266486432,3.3378673351356487,-1.3419967384674933,-0.9761580904633168,True,0.9761580904633168,dt=0.1us
21,2.3438426473235214,0.018416732597057797,-276.00200988123686,3.9979901187631035,,-0.09440427345274034,-0.01100699937066179,-137.22057369047693,2.7794263095230454,-1.2185638092400581,-0.9801469549319782,True,0.9801469549319782,dt=0.1us
0,2.5066511756939414,0.003942976118936297,-275.26103616909853,4.73896383090145,,-0.03525173690150443,0.019534632536978493,-136.69612247076742,3.303877529232556,-1.435086301668894,-0.976400874791196,True,0.976400874791196,dt=0.1us
1,2.402430241486224,0.010222473094984584,-279.16238374917896,0.8376162508210075,,-0.04318570195458894,0.004940473880768404,-139.42396269968367,0.5760373003163021,-0.2615789505047055,-0.9958854478548835,True,0.9958854478548835,dt=0.1us
2,2.419107746533109,0.04025224994526685,-266.9010024507355,13.098997549264412,,0.005303806345119718,-0.03347611031167993,-131.03753449306225,8.962465506937734,-4.136532042326677,-0.9359823892361591,True,0.9359823892361591,dt=0.1us
3,2.2434068332360386,0.0104377329776682,-269.27541455297103,10.724585447028948,,0.16888559718929533,-0.015337789136459024,-132.40561827836575,7.594381721634241,-3.1302037253947077,-0.9457544162740411,True,0.9457544162740411,dt=0.1us
4,2.404722452552273,0.014644143673049602,-278.27689358791974,1.7231064120802393,,-0.0677699796657707,0.005600642697880789,-138.8130221598511,1.1869778401488842,-0.5361285719313552,-0.9915215868560794,True,0.9915215868560794,dt=0.1us
5,2.481590028148586,-0.005699813667118889,-277.03027488729396,2.9697251127059947,,0.04912549947463132,0.014240488964265833,-137.8864444434266,2.1135555565733823,-0.8561695561326125,-0.9849031745959044,True,0.9849031745959044,dt=0.1us
6,2.341532617648193,-0.018468113253436613,-275.8790608089349,4.120939191065005,,0.10372400860709828,-0.009969963166019814,-137.02213755085646,2.9778624491435086,-1.1430767419214956,-0.9787295539346892,True,0.9787295539346892,dt=0.1us
7,2.456487134734744,-0.00214414784910356,-278.6609785228899,1.3390214771100788,,0.04215937857994981,0.008590739118038862,-139.04706539367487,0.9529346063251185,-0.3860868707849602,-0.9931933242405349,True,0.9931933242405349,dt=0.1us
8,2.370223364034296,-0.007218316753886755,-279.2210799903905,0.7789200096094784,,0.0135342906536622,-0.008076940097772961,-139.44113571288707,0.5588642871128915,-0.22005572249658692,-0.9960081122349079,True,0.9960081122349079,dt=0.1us
9,2.285303460418652,-0.0014677127594713286,-274.6525032032489,5.347496796751072,,0.04939243997858385,-0.020313428288665294,-136.20392294247424,3.7960770575257405,-1.5514197392253313,-0.9728851638748162,True,0.9728851638748162,dt=0.1us
10,2.3319888861876286,0.004852230812598171,-277.9259652844172,2.0740347155827688,,-0.049290216468296295,-0.01097322664303313,-138.54155497441434,1.4584450255856418,-0.6155896899971269,-0.9895825355315311,True,0.9895825355315311,dt=0.1us
11,2.2132584968853206,0.008183082570890414,-265.55626804920115,14.443731950798801,,0.21925883857251688,0.01023454091761867,-129.6668903858074,10.333109614192596,-4.1106223366062045,-0.9261920741843386,True,0.9261920741843386,dt=0.1us
12,2.386333853818863,0.014670173336796065,-278.20352594680764,1.7964740531922974,,-0.0768312181206217,0.0021994127531508676,-138.75909970895557,1.2409002910444056,-0.5555737621478918,-0.99113642649254,True,0.99113642649254,dt=0.1us
13,2.2992078542363035,0.014519303399684024,-274.1898619444465,5.8101380555534545,,-0.026445159073074685,-0.022164915655533968,-135.93047924247796,4.069520757522013,-1.7406172980314414,-0.9709319945891285,True,0.9709319945891285,dt=0.1us
14,2.5030087352456127,0.0077982801233693515,-275.2066822003556,4.793317799644363,,-0.05603337474758044,0.01832519773851045,-136.67529711718612,3.324702882813871,-1.468614916830492,-0.9762521222656152,True,0.9762521222656152,dt=0.1us
15,2.3642027805125525,0.005184997513829495,-279.26139887674077,0.7386011232591884,,-0.04560063047851086,-0.003368942864504378,-139.4846012547888,0.5153987452111846,-0.2232023780480038,-0.9963185803913487,True,0.9963185803913487,dt=0.1us
16,2.352039782625283,0.009606531961830197,-278.32301860619987,1.6769813938001052,,-0.06824189224766071,-0.005256223212392048,-138.82986799055274,1.1701320094472478,-0.5068493843528574,-0.9916419142182339,True,0.9916419142182339,dt=0.1us
17,2.430357485324051,0.010454323485768958,-278.74973278072736,1.2502672192726008,,-0.030357096240255354,0.009184346826840866,-139.13744991666522,0.8625500833347577,-0.3877171359378431,-0.9938389279761803,True,0.9938389279761803,dt=0.1us
18,2.4282551144333384,0.010610192541941458,-278.77383789362824,1.226162106371718,,-0.03205342287386619,0.008917192602648939,-139.1544765493154,0.8455234506845616,-0.3806386556871565,-0.9939605467808246,True,0.9939605467808246,dt=0.1us
19,2.347641936597206,-0.0008972190228255594,-278.8743497914269,1.1256502085730902,,-0.025202132558205848,-0.009130850681761655,-139.2037967844505,0.7962032155494636,-0.3294469930236266,-0.9943128341746467,True,0.9943128341746467,dt=0.1us
20,2.5110888618871074,-0.0012604193592315486,-274.9841009334082,5.015899066591772,,-0.015368451814934557,0.020842217615238065,-136.47980318684574,3.520196813154223,-1.4957022534375497,-0.9748557370488984,True,0.9748557370488984,dt=0.1us
21,2.2758657647159106,0.014563334871860026,-272.0715538443615,7.92844615563843,,0.05029084786581573,-0.02514131697462923,-134.4317296821467,5.568270317853273,-2.360175837785157,-0.9602266405867623,True,0.9602266405867623,dt=0.1us
0,2.347595062924205,-0.021272599122093318,-275.26202255908595,4.737977440914019,,0.12389941868618584,-0.0064296841889459715,-136.56457143368,3.435428566319982,-1.3025488745940375,-0.9754612245262858,True,0.9754612245262858,dt=0.1us
1,2.3984582810630473,0.02682065581930143,-274.24969545242135,5.7503045475786,,-0.13159376400498088,-0.007569874556507867,-136.04437426996887,3.9556257300311213,-1.7946788175474793,-0.9717455304997777,True,0.9717455304997777,dt=0.1us
2,2.3470158904282314,0.003655115001574249,-278.74713616540294,1.2528638345970295,,-0.04553450443418984,-0.007560927371730993,-139.11963444205472,0.8803655579452615,-0.37249827665176793,-0.9937116745861053,True,0.9937116745861053,dt=0.1us
3,2.338846970249214,-0.005471691044050278,-278.2350213543949,1.7649786456050562,,0.0006113733365492203,-0.012535981732552732,-138.74390712447752,1.2560928755224627,-0.5088857700825936,-0.9910279080319824,True,0.9910279080319824,dt=0.1us
4,2.5184027797707027,0.0037566112767435235,-274.21045705836735,5.789542941632588,,-0.06122482492090623,0.0202052335107813,-135.97244802339097,4.0275519766090015,-1.7619909650235863,-0.97123177159565,True,0.97123177159565,dt=0.1us
5,2.3032507004375833,0.046021576979296146,-259.2689880787341,20.731011921265875,,0.23844127982125937,0.020337271640373595,-125.53500526868868,14.464994731311306,-6.266017189954567,-0.8966786090620621,True,0.8966786090620621,dt=0.1us
6,2.2517947729469223,0.021962865797694704,-267.30183893279474,12.69816106720521,,0.19051934668555057,-0.014587483111221945,-131.0682329005664,8.931767099433593,-3.766393967771615,-0.9362016635754743,True,0.9362016635754743,dt=0.1us
7,2.27828720600325,0.019804730220776515,-270.870038938492,9.129961061507958,,0.06693756280970908,-0.026184963293557788,-133.6064815247971,6.393518475202876,-2.7364425863050816,-0.9543320108914081,True,0.9543320108914081,dt=0.1us
8,2.2836849435452984,0.03659041912861422,-263.81898733846515,16.18101266153479,,0.23608998834655964,-0.006552559723958677,-128.70774834217184,11.292251657828151,-4.88876100370664,-0.9193410595869418,True,0.9193410595869418,dt=0.1us
9,2.465949826922745,-0.02357807893985118,-273.78316827362835,6.216831726371579,,0.08323346977570767,0.019659899934915216,-135.50094083439473,4.499059165605248,-1.7177725607663317,-0.9678638631028197,True,0.9678638631028197,dt=0.1us
10,2.3347464391805675,0.0007820823593081439,-278.2586123925911,1.7413876074088384,,-0.03228834330992106,-0.011278078365458261,-138.77032080505228,1.229679194947712,-0.5117084124611264,-0.991216577178945,True,0.991216577178945,dt=0.1us
11,2.2599157242295655,0.03478495040380513,-262.4154381195095,17.584561880490472,,0.24558186310435126,0.008210364474149577,-127.65298356249808,12.347016437501894,-5.237545442988578,-0.911807025446415,True,0.911807025446415,dt=0.1us
12,2.511140429518,0.01813583994138677,-272.3634155637832,7.636584436216757,,-0.1545762123231989,0.007292192776195697,-134.7719875765674,5.228012423432583,-2.408572012784174,-0.9626570541183387,True,0.9626570541183387,dt=0.1us
13,2.3341726678813277,0.041408933458978905,-264.5283150259386,15.471684974061345,,0.19111379628459996,-0.02069619250642372,-129.3015645225894,10.698435477410584,-4.773249496650762,-0.9235826037327816,True,0.9235826037327816,dt=0.1us
14,2.486248001295295,-0.021832590604530376,-273.16370375395303,6.836296246046919,,0.0491756558534047,0.023533352329103863,-135.0798810689293,4.92011893107068,-1.916177314976239,-0.9648562933494952,True,0.9648562933494952,dt=0.1us
15,2.4416186229120815,0.009934298407508072,-278.50353644219285,1.4964635578071233,,-0.024411307633072414,0.010688788981206293,-138.96502662455836,1.0349733754416262,-0.4614901823654971,-0.9926073330325598,True,0.9926073330325598,dt=0.1us
16,2.2963466083781694,-0.016081450846100086,-273.57212374957436,6.427876250425577,,0.13711047479517854,-0.01026392753419306,-135.36506323274256,4.634936767257428,-1.7929394831681487,-0.9668933088053041,True,0.9668933088053041,dt=0.1us
17,2.3736029414636515,0.010311936184128581,-278.86520807729715,1.1347919227027776,,-0.062080426335599175,-0.00023308530218298245,-139.21347345416373,0.7865265458362315,-0.34826537686654613,-0.9943819532440269,True,0.9943819532440269,dt=0.1us
18,2.411595442789164,0.0059596535076445875,-279.66113107424746,0.3388689257524705,,-0.015783610609720482,0.004760100292499362,-139.76795601943286,0.23204398056713096,-0.10682494518533958,-0.998342542995949,True,0.998342542995949,dt=0.1us
19,2.427595374515896,-0.007936619576123818,-279.1852087651177,0.8147912348822617,,0.05360775871279022,0.0007416128345477256,-139.409020274545,0.5909797254550015,-0.22381150942726014,-0.99577871624675,True,0.99577871624675,dt=0.1us
20,2.308535893545429,-0.012303344035529585,-275.3887008727895,4.611299127210442,,0.08363425570951313,-0.015351483499745158,-136.69300617746893,3.306993822531052,-1.3043053046793904,-0.9763786155533496,True,0.9763786155533496,dt=0.1us
21,2.290214777654611,0.02854206029514727,-268.60148708213404,11.398512917865904,,0.10850342656428112,-0.026368242096439752,-132.05549203331498,7.944507966685015,-3.4540049511808895,-0.9432535145236784,True,0.9432535145236784,dt=0.1us
0,2.427284582953804,-0.02971669340305041,-272.63765458250936,7.362345417490593,,0.10738161285173942,0.019464889849342606,-134.63301441501446,5.366985584985507,-1.9953598325050859,-0.961664388678675,True,0.961664388678675,dt=0.15us
1,2.2933667879029347,-0.0137920465951458,-273.8665127937104,6.133487206289562,,0.12338709162711683,-0.01290308142392044,-135.5896715375387,4.410328462461289,-1.7231587438282732,-0.9684976538395622,True,0.9684976538395622,dt=0.15us
2,2.311885892006474,0.0030326118931013543,-276.76824720548285,3.2317527945171083,,-0.026231609543214744,-0.016360722697952818,-137.7199661005002,2.28003389949978,-0.9517188950173285,-0.9837140435750016,True,0.9837140435750016,dt=0.15us
3,2.482189903752665,-0.003228109594267526,-277.166845220013,2.833154779986944,,0.039105168912801754,0.014566508755420489,-137.9916995669738,2.008300433026161,-0.8248543469607831,-0.985654996906956,True,0.985654996906956,dt=0.15us
4,2.3532452091330107,0.033360716266864925,-270.21208722181456,9.78791277818537,,-0.030487747819449032,-0.02866408611432118,-133.2431894921231,6.75681050787689,-3.0311022703084816,-0.9517370678008793,True,0.9517370678008793,dt=0.15us
5,2.3979347730946454,0.0383628828871342,-268.2357158552334,11.76428414476652,,-0.021005253139565833,-0.031598654736651036,-131.92954287371646,8.070457126283529,-3.6938270184829918,-0.9423538776694034,True,0.9423538776694034,dt=0.15us
6,2.466185764926228,0.005674061278596828,-277.95637558372067,2.0436244162793074,,0.00094279195317511,0.013360875708866413,-138.5730662746087,1.4269337253912961,-0.616690690888011,-0.989807616247205,True,0.989807616247205,dt=0.15us
7,2.358349475537556,-0.013766328468463542,-277.77656826209386,2.2234317379061155,,0.055838560672615306,-0.010984254046592196,-138.39937729645126,1.600622703548713,-0.6228090343574025,-0.9885669806889378,True,0.9885669806889378,dt=0.15us
8,2.4276129418326624,0.023696360476709147,-275.20036780880383,4.799632191196128,,-0.12693883635337533,0.002166789410451516,-136.70505966943838,3.294940330561601,-1.504691860634527,-0.97646471192456,True,0.97646471192456,dt=0.15us
9,2.3911945612514995,0.01187402307718682,-278.8414113868022,1.1585886131977492,,-0.058992929210704745,0.0033417725079987024,-139.2007054087298,0.7992945912701753,-0.3592940219275739,-0.9942907529194988,True,0.9942907529194988,dt=0.15us
10,2.4233189776082,0.003021402272436903,-279.7046750243038,0.2953249756961566,,0.005408014364145043,0.004998992368215453,-139.79428779289668,0.20571220710329852,-0.08961276859285809,-0.9985306270921193,True,0.9985306270921193,dt=0.15us
11,2.3649319780425477,-0.04189515511847231,-265.4690315841225,14.530968415877453,,-0.06906736526225436,0.03478759080223622,-129.355411126744,10.644588873255966,-3.8863795426214875,-0.923967222333886,True,0.923967222333886,dt=0.15us
12,2.461238544065621,0.016448877473016855,-276.30757630963217,3.6924236903677654,,-0.08082897623191222,0.012306375828558156,-137.45957896542225,2.540421034577732,-1.1520026557900331,-0.9818541354673019,True,0.9818541354673019,dt=0.15us
13,2.401367569785272,0.01235060014093874,-278.78009165432024,1.219908345679693,,-0.05553723249620645,0.005136798884016533,-139.1596339707687,0.8403660292312619,-0.3795423164484311,-0.993997385505491,True,0.993997385505491,dt=0.15us
14,2.352269415122841,-0.0001516844844287652,-279.06937854331073,0.9306214566892459,,-0.02806512588056177,-0.007879571584390782,-139.34275255512986,0.6572474448701072,-0.2733740118191387,-0.9953053753937849,True,0.9953053753937849,dt=0.15us
15,2.4778865944734507,0.014252522252123171,-275.9057716878762,4.094228312123762,,-0.0746899493540933,0.01452096990893056,-137.17830037206807,2.821699627931919,-1.272528684191843,-0.9798450026576292,True,0.9798450026576292,dt=0.15us
16,2.2631355424583472,0.0034990594957497122,-272.34307518648217,7.656924813517775,,0.09734443400448575,-0.020931768211535716,-134.57331808696094,5.426681913039027,-2.230242900478749,-0.9612379863354356,True,0.9612379863354356,dt=0.15us
17,2.5412933102534563,-0.007830905726058717,-271.46089284684365,8.539107153156321,,-0.09301943717987113,0.02298098793026852,-134.0202947031739,5.9797052968260775,-2.5594018563302434,-0.9572878193083851,True,0.9572878193083851,dt=0.15us
18,2.4212802628052272,0.006184190583347337,-279.5091420881288,0.49085791187114824,,-0.010500456009025709,0.006287752065901272,-139.6614617458419,0.33853825415808464,-0.15231965771306358,-0.9975818696131565,True,0.9975818696131565,dt=0.15us
19,2.309984231832931,-0.0046825377221580275,-276.529529827945,3.4704701720549687,,0.019555008575646918,-0.017288522044334433,-137.53292453538344,2.467075464616528,-1.0033947074384408,-0.9823780323955962,True,0.9823780323955962,dt=0.15us
20,2.419523121180813,0.0007184381173416737,-279.83999343072367,0.1600065692763049,,0.012505551026471128,0.003188302833943327,-139.88677008786158,0.11322991213839774,-0.04677665713790718,-0.9991912149132972,True,0.9991912149132972,dt=0.15us
21,2.494382252097446,0.0069797073680617425,-275.9900938508784,4.009906149121541,,-0.0345569761512781,0.01784027189476468,-137.2121581652223,2.7878418347776917,-1.2220643143438497,-0.9800868440373022,True,0.9800868440373022,dt=0.15us
0,2.4073103014559982,0.012795885139552843,-278.66950174230476,1.3304982576951685,,-0.054913749904872085,0.006134846090595822,-139.08374523743745,0.9162547625625355,-0.4142434951326329,-0.9934553231245533,True,0.9934553231245533,dt=0.15us
1,2.4003200780429115,-0.010987922346373514,-279.0349970484874,0.9650029515125321,,0.05043762071841521,-0.004751885495583063,-139.300143600065,0.6998563999349713,-0.2651465515775609,-0.9950010257147502,True,0.9950010257147502,dt=0.15us
2,2.3561947781863966,-0.017090073605537208,-276.8817494889505,3.1182505110494536,,0.08410096976282234,-0.010082683468643945,-137.748202630473,2.2517973695269706,-0.8664531415224831,-0.9839157330748074,True,0.9839157330748074,dt=0.15us
3,2.421781962051372,0.0001543710130980494,-279.8057836035031,0.1942163964968627,,0.01639789950335312,0.003227545376383106,-139.86175330157943,0.13824669842055565,-0.05596969807630707,-0.9990125235827103,True,0.9990125235827103,dt=0.15us
4,2.418707601412147,-0.01678719636495421,-277.6045212070918,2.3954787929081407,,0.09243815046289892,-0.0004986016824402211,-138.26108946620428,1.7389105337956878,-0.656568259112453,-0.987579210472888,True,0.987579210472888,dt=0.15us
5,2.3860880268803943,0.007231307267346865,-279.502896782797,0.4971032172029618,,-0.03999728881546287,0.0013897228674940802,-139.65772040197274,0.3422795980272498,-0.15482361917571202,-0.9975551457283768,True,0.9975551457283768,dt=0.15us
6,2.3649349563123137,0.005541608895234182,-279.2520120633133,0.7479879366866179,,-0.046737698058227396,-0.0030740018978077715,-139.4783798985545,0.5216201014454844,-0.2263678352411334,-0.9962741421325323,True,0.9962741421325323,dt=0.15us
7,2.541713567503922,-0.011478928110226851,-270.8506323897065,9.149367610293467,,-0.098098687924745,0.023647908246429643,-133.5758232573041,6.424176742695863,-2.725190867597605,-0.9541130232664581,True,0.9541130232664581,dt=0.15us
8,2.4114469018793967,-0.013884765484439425,-278.40556823751007,1.5944317624898667,,0.07314326490539193,-0.0028900823648193613,-138.8432118107058,1.1567881892941572,-0.4376435731957095,-0.9917372272193274,True,0.9917372272193274,dt=0.15us
9,2.3007287940942,-0.0018997662223484211,-275.96857330379686,4.031426696203094,,0.01678117936853997,-0.018722329596802152,-137.14086060861266,2.859139391387318,-1.172287304815776,-0.9795775757758048,True,0.9795775757758048,dt=0.15us
10,2.484463349065676,-0.024822303799153237,-272.17219523513296,7.827804764866993,,0.03462579561841668,0.025979203441453547,-134.36073759603065,5.639262403969329,-2.1885423608976646,-0.9597195542573619,True,0.9597195542573619,dt=0.15us
11,2.5596434659486094,0.006776445457423983,-269.39868854162074,10.601311458379191,,-0.18728157804072007,0.005957288353053642,-132.72282656566483,7.277173434335154,-3.324138024044038,-0.9480201897547489,True,0.9480201897547489,dt=0.15us
12,2.359312393298642,1.5931928905329226e-05,-279.32357945991237,0.6764205400876024,,-0.026520806303114094,-0.006459798265522664,-139.5226914812558,0.4773085187441607,-0.19911202134344175,-0.9965906534375417,True,0.9965906534375417,dt=0.15us
13,2.274183763536637,-0.0025953780431274675,-273.54472936718736,6.455270632812583,,0.08691759573400355,-0.01955322524967777,-135.40750299503412,4.592497004965856,-1.8627736278467275,-0.9671964499645296,True,0.9671964499645296,dt=0.15us
14,2.4139819405487457,0.008525632900111664,-279.3390961867655,0.6609038132344398,,-0.02682514089290547,0.006200432684027491,-139.54561831400352,0.45438168599646994,-0.20652212723796987,-0.9967544165285966,True,0.9967544165285966,dt=0.15us
15,2.224975036798851,0.03177504563229565,-259.6748426214293,20.325157378570626,,0.16493847199930686,0.033529074005097616,-125.55950781707392,14.44049218292606,-5.8846651956445655,-0.8968536272648139,True,0.8968536272648139,dt=0.15us
16,2.335545671343284,-0.005751098669582164,-278.04129936000214,1.9587006399977889,,0.003325977847361469,-0.013195978689563832,-138.6059854139229,1.3940145860770707,-0.5646860539207182,-0.9900427529565924,True,0.9900427529565924,dt=0.15us
17,2.2909835049470946,0.008774218562349233,-274.56481358510206,5.435186414897872,,-0.003964971635963111,-0.02186422310552477,-136.17605116145833,3.8239488385416434,-1.611237576356229,-0.9726860797247026,True,0.9726860797247026,dt=0.15us
18,2.4246938311050683,0.015444111383669513,-277.8442974694134,2.1557025305865625,,-0.06621945278834485,0.008591007701851167,-138.51605492502003,1.4839450749799408,-0.6717574556066219,-0.9894003923215718,True,0.9894003923215718,dt=0.15us
19,2.378733069457008,0.006843267296688831,-279.44075026910343,0.5592497308965331,,-0.043512286361407665,-2.0967669277833584e-05,-139.61326495409432,0.3867350459056474,-0.17251468499088563,-0.9972376068149597,True,0.9972376068149597,dt=0.15us
20,2.3205077349010894,0.01359369899714361,-275.94995386456947,4.050046135430514,,-0.06712260946891241,-0.015473070111831754,-137.16795190343393,2.8320480965660564,-1.2179980388644576,-0.9797710850245281,True,0.9797710850245281,dt=0.15us
21,2.414763119107608,-0.010054780504768131,-279.1028305297503,0.897169470249642,,0.0549018943325064,-0.002137310381950868,-139.3483058318057,0.6516941681942865,-0.24547530205535556,-0.9953450416557551,True,0.9953450416557551,dt=0.15us
0,2.391240920906572,-0.0031476064845979484,-279.8894315868067,0.11056841319323679,,0.006367875237625859,-0.0030154732775258043,-139.91903026811582,0.08096973188416347,-0.029598681309073328,-0.9994216447722559,True,0.9994216447722559,dt=0.15us
1,2.457116864985502,0.0192587456055502,-275.70420920957037,4.2957907904295825,,-0.10341391659941569,0.00987415160440692,-137.05026744000543,2.9497325599945485,-1.346058230435034,-0.9789304817143246,True,0.9789304817143246,dt=0.15us
2,2.467085245736748,-0.004521038856773612,-278.0016058431416,1.9983941568583399,,0.0520448506232283,0.010444857641757743,-138.5751198190466,1.4248801809533875,-0.5735139759049522,-0.9898222844217616,True,0.9898222844217616,dt=0.15us
3,2.3185311913566267,-0.017275025616732907,-274.9127879116298,5.087212088370158,,0.11457392100444676,-0.011242393173997361,-136.33032718977066,3.669672810229332,-1.417539278140826,-0.9737880513555047,True,0.9737880513555047,dt=0.15us
4,2.388390220329038,-0.016596317543103135,-277.74344990255247,2.2565500974474997,,0.08070439683151331,-0.006216619001274998,-138.36520601294964,1.634793987050329,-0.6217561103971706,-0.9883229000924977,True,0.9883229000924977,dt=0.15us
5,2.5549970864313893,0.000599801175635976,-270.3396443714821,9.660355628517822,,-0.1566670219894221,0.014790285230828055,-133.32015064534355,6.67984935465642,-2.9805062738614017,-0.9522867903238827,True,0.9522867903238827,dt=0.15us
6,2.3572295593759818,0.02522681768248961,-274.16633237688353,5.8336676231164155,,-0.1057830534770717,-0.014866319157377334,-135.96336686772824,4.036633132271728,-1.7970344908446874,-0.9711669061980591,True,0.9711669061980591,dt=0.15us
7,2.324674320157356,0.025402856624793815,-272.5308952139057,7.469104786094271,,-0.048496812893551476,-0.024269435642282598,-134.81216785152685,5.187832148473141,-2.281272637621131,-0.9629440560823347,True,0.9629440560823347,dt=0.15us
8,2.4402166837389627,0.001684204938210034,-279.31645949248565,0.6835405075142997,,0.020600399093662604,0.0070317627980573125,-139.51803234095874,0.48196765904122607,-0.2015728484730736,-0.9965573738639912,True,0.9965573738639912,dt=0.15us
9,2.4108130998971995,0.014199035309313995,-278.34079849637783,1.659201503622105,,-0.062081354308929075,0.006679165095629315,-138.85733215855348,1.1426678414464928,-0.5165336621756123,-0.9918380868468107,True,0.9918380868468107,dt=0.15us
10,2.277058812571788,-0.027020643857956578,-268.0492104327305,11.950789567269451,,0.14746878077863096,0.02340021680314371,-131.2452880552336,8.754711944766365,-3.1960776225030862,-0.9374663432516688,True,0.9374663432516688,dt=0.15us
11,2.396045553670919,-0.02656106030871012,-274.35502698722837,5.6449730127716125,,0.1362812735252154,0.006799407041980295,-135.88266628544557,4.117333714554425,-1.5276392982171876,-0.9705904734674684,True,0.9705904734674684,dt=0.15us
12,2.363871919360389,-0.02182110076635247,-275.66087504514996,4.33912495485,,0.12087838462883069,-0.004915141796375037,-136.84988077976587,3.150119220234114,-1.1890057346158855,-0.9774991484268992,True,0.9774991484268992,dt=0.15us
13,2.3671946447030336,-0.032289389065365416,-271.22714908038176,8.77285091961819,,0.13472508068427616,0.0185880389827593,-133.57464753050039,6.425352469499581,-2.347498450118608,-0.9541046252178601,True,0.9541046252178601,dt=0.15us
14,2.4370296124129913,-0.011897453745696401,-278.30830066307345,1.691699336926484,,0.07614172178233213,0.002347353585381102,-138.77511407671986,1.2248859232801248,-0.4668134136463592,-0.9912508148337134,True,0.9912508148337134,dt=0.15us
15,2.37190242165064,-0.043896847731087686,-264.27635114526964,15.723648854730337,,-0.13087763275702008,0.03169832371047301,-128.50919630744275,11.490803692557229,-4.232845162173108,-0.9179228307674484,True,0.9179228307674484,dt=0.15us
16,2.458557994678896,-0.008011817154091452,-278.08770331448056,1.9122966855194077,,0.06618986470143912,0.007751810892689548,-138.6264660104652,1.3735339895347658,-0.538762695984642,-0.9901890429318946,True,0.9901890429318946,dt=0.15us
17,2.481870643812193,0.016822095129526926,-275.00962965006926,4.990370349930693,,-0.10263960049580081,0.012710220057701487,-136.5704788434606,3.429521156539395,-1.5608491933912978,-0.9755034203104329,True,0.9755034203104329,dt=0.15us
18,2.4751827835394726,0.00596342582689067,-277.4129441463564,2.5870558536435735,,-0.0058345387252158555,0.01499828815392879,-138.19515173753115,1.8048482624688196,-0.7822075911747537,-0.9871082266966513,True,0.9871082266966513,dt=0.15us
19,2.25988598140356,0.011941926801949849,-270.9431059700492,9.056894029950735,,0.10711814404639684,-0.022533147051510664,-133.614471135916,6.385528864083965,-2.6713651658667694,-0.9543890795422574,True,0.9543890795422574,dt=0.15us
20,2.350479825479494,-0.023350371428203284,-274.6408218236738,5.359178176326168,,0.13755607877658216,-0.003118803363448649,-136.10495497568277,3.8950450243172146,-1.464133152008953,-0.9721782498263056,True,0.9721782498263056,dt=0.15us
21,2.5555341642496523,-0.012914187649528248,-268.94370683829976,11.05629316170021,,-0.15689579020803227,0.018654180275434758,-132.27316718385873,7.726832816141257,-3.3294603455589544,-0.9448083370275624,True,0.9448083370275624,dt=0.15us
0,2.3795358079481104,-0.002384776557305476,-279.7832792103248,0.21672078967515465,,-0.005089004640855862,-0.0043256350477645115,-139.8451556036105,0.15484439638949066,-0.06187639328566401,-0.9988939685972179,True,0.9988939685972179,dt=0.15us
1,2.3919738949643543,0.0008868305259301046,-279.96736269746054,0.03263730253939617,,-0.009381611246006623,-0.000702101646912685,-139.97805847104013,0.021941528959851263,-0.010695773579544902,-0.9998432747931439,True,0.9998432747931439,dt=0.15us
2,2.3752233901295825,0.003270451965817459,-279.6634958977203,0.33650410227964583,,-0.031184435875381646,-0.0020962127545287395,-139.7661091517463,0.23389084825368994,-0.10261325402595589,-0.9983293510839022,True,0.9983293510839022,dt=0.15us
3,2.4962478574926954,-0.003460286921456345,-276.1401877912148,3.859812208785155,,0.023511346337936678,0.01808674233583826,-137.27241297448884,2.7275870255111445,-1.1322251832740102,-0.9805172355320633,True,0.9805172355320633,dt=0.15us
4,2.337581171382709,-0.006013568181023741,-278.121647332654,1.8783526673459723,,0.004198946406559069,-0.01291820932053465,-138.66261662085927,1.3373833791407161,-0.5409692882052561,-0.9904472615775664,True,0.9904472615775664,dt=0.15us
5,2.321244218240262,-0.012814411677399808,-276.1616778630752,3.8383221369247438,,0.07031379516241039,-0.014779569915183005,-137.2465419631816,2.7534580368183748,-1.084864100106369,-0.9803324425941544,True,0.9803324425941544,dt=0.15us
6,2.3786999983748087,0.018472603514359053,-277.08715045477356,2.9128495452264103,,-0.0993241781962073,-0.0011517358749891671,-137.98598647846933,2.0140135215306594,-0.8988360236957508,-0.9856141891319239,True,0.9856141891319239,dt=0.15us
7,2.411615255220624,-0.032062316540959125,-271.7286627528554,8.271337247144519,,0.10636796370765059,0.02165100690489809,-133.9582063465506,6.041793653449381,-2.229543593695139,-0.9568443310467901,True,0.9568443310467901,dt=0.15us
8,2.426711153206961,0.0073605364292372065,-279.27526430612,0.7247356938799544,,-0.013579292934236587,0.007611100939491581,-139.49929567912076,0.5007043208792054,-0.22403137300074913,-0.9964235405651485,True,0.9964235405651485,dt=0.15us
9,2.4742585887366806,-0.010563862430305595,-276.8612993577921,3.1387006422078145,,0.07038552172428858,0.012462803953343595,-137.748928204414,2.2510717955859763,-0.8876288466218382,-0.9839209157458144,True,0.9839209157458144,dt=0.15us
10,2.3498754126420773,-0.010533299334292381,-278.0872993141086,1.9127006858913633,,0.032154911050601476,-0.012044236723172333,-138.62926361828443,1.3707363817155536,-0.5419643041758097,-0.9902090258448889,True,0.9902090258448889,dt=0.15us
11,2.338498177982264,-0.013470511182374256,-277.00664150695167,2.9933584930482966,,0.06059837340108278,-0.013239751504432256,-137.84989271933614,2.1501072806638293,-0.8432512123844674,-0.9846420908524012,True,0.9846420908524012,dt=0.15us
12,2.391982525955445,-0.019203004724857805,-277.0264550104105,2.973544989589495,,0.09978196206536213,-0.004131636553885717,-137.84177866879148,2.158221331208512,-0.8153236583809834,-0.9845841333485106,True,0.9845841333485106,dt=0.15us
13,2.287197058805448,-0.02875403168551407,-268.234559348447,11.765440651552957,,0.14102481960741964,0.024033413541830785,-131.37410116833033,8.625898831669657,-3.1395418198833007,-0.9383864369166453,True,0.9383864369166453,dt=0.15us
14,2.393844967734789,-0.024933249400265152,-275.0158755684279,4.984124431572106,,0.1323961590066782,0.0033867697063609922,-136.36845112331983,3.631548876680157,-1.3525755548919487,-0.9740603651665704,True,0.9740603651665704,dt=0.15us
15,2.285828487823086,-0.006090796723624004,-274.4214441112401,5.578555888759872,,0.07793330236297658,-0.018518716523799602,-136.02223319568373,3.977766804316242,-1.6007890844436299,-0.9715873799691697,True,0.9715873799691697,dt=0.15us
16,2.5953751905842757,0.006675923557989353,-264.45577217538823,15.544227824611735,,-0.18210513748067644,-0.02226072945177149,-129.4179967164806,10.582003283519402,-4.962224541092332,-0.9244142622605757,True,0.9244142622605757,dt=0.15us
17,2.427899771069501,-0.005190549585736691,-279.46641797857575,0.5335820214242318,,0.04222908311148889,0.0016727489432685776,-139.61334923199055,0.3866507680094319,-0.14693125341479993,-0.9972382087999326,True,0.9972382087999326,dt=0.15us
18,2.4530487909930088,-0.014573674491471946,-277.1535925109306,2.8464074890693745,,0.08951503012495962,0.007318401898831406,-137.94249297682234,2.057507023177645,-0.7889004658917298,-0.9853035212630168,True,0.9853035212630168,dt=0.15us
19,2.4113815469948765,0.01738817237943481,-277.530513687217,2.469486312782924,,-0.08347258959414469,0.005943876315558201,-138.29966560691213,1.7003343930878503,-0.7691519196950737,-0.9878547543350867,True,0.9878547543350867,dt=0.15us
20,2.44436436450155,-0.004716739115250502,-279.01817913820463,0.9818208617953338,,0.04953510395931487,0.005054029586616563,-139.29485177600745,0.7051482239925435,-0.2766726378027902,-0.9949632269714819,True,0.9949632269714819,dt=0.15us
21,2.426424110660303,-0.029980866949119313,-272.53049590507294,7.469504094927024,,0.1065897047547113,0.019824671674804163,-134.55412038375744,5.445879616242546,-2.0236244786844786,-0.9611008598839819,True,0.9611008598839819,dt=0.15us
0,2.4122852112721747,0.009472114952146945,-279.2211765489273,0.7788234510726786,,-0.03292091479604253,0.00626887140794829,-139.46440125216483,0.5355987478351555,-0.24322470323752307,-0.9961742946583203,True,0.9961742946583203,dt=0.15us
1,2.456080375849299,-0.004403829419557464,-278.5613645838927,1.4386354161072277,,0.051754558371885764,0.007764326333343593,-138.97137156457785,1.028628435422117,-0.41000698068511093,-0.9926526540326992,True,0.9926526540326992,dt=0.15us
2,2.3990565902107654,0.009077406749695063,-279.34106550072534,0.6589344992746098,,-0.039413459856683396,0.004116988903996145,-139.54714930936763,0.4528506906323584,-0.20608380864225145,-0.9967653522097689,True,0.9967653522097689,dt=0.15us
3,2.454689249746166,0.00394794899349466,-278.6545512708865,1.3454487291134718,,0.012940838831270429,0.010662247526188676,-139.0571430766136,0.9428569233863588,-0.40259180572711295,-0.9932653076900975,True,0.9932653076900975,dt=0.15us
4,2.358158412210822,-0.024003678738831937,-274.6796692819778,5.320330718022169,,0.13806157867452007,-0.0017727469247298161,-136.1298613856456,3.870138614354389,-1.4501921036677803,-0.9723561527546115,True,0.9723561527546115,dt=0.15us
5,2.4977195946602135,0.022738227591263004,-271.9883979518235,8.011602048176414,,-0.1650264589051905,0.0012304386636123063,-134.52677612972795,5.473223870272017,-2.5383781779043977,-0.9609055437837714,True,0.9609055437837714,dt=0.15us
6,2.3690209374342546,0.020183664197958178,-276.3517159598442,3.6482840401557444,,-0.10697264131836394,-0.005051343666531197,-137.47489774753134,2.525102252468631,-1.1231817876871137,-0.9819635553395097,True,0.9819635553395097,dt=0.15us
7,2.271533396368801,-0.00015943241570313548,-273.3290971685247,6.670902831475231,,0.082346212569514,-0.020493190406854957,-135.26327121855132,4.73672878144866,-1.9341740500265703,-0.9661662229896524,True,0.9661662229896524,dt=0.15us
8,2.4308450736618807,-0.006046536633399528,-279.3188489323368,0.6811510676631883,,0.04767749886845196,0.001901293851517168,-139.50692179237282,0.4930782076271447,-0.1880728600360436,-0.9964780128026632,True,0.9964780128026632,dt=0.15us
9,2.3320095490369686,0.020192161421817914,-274.8565830683279,5.143416931672056,,-0.08363194920113035,-0.01641993784561949,-136.42177089673604,3.578229103263947,-1.565187828408109,-0.9744412206909718,True,0.9744412206909718,dt=0.15us
10,2.4843196533241656,0.009959536812466148,-276.3137339501263,3.686266049873674,,-0.04451962543761542,0.016397235717095025,-137.4462629539185,2.553737046081462,-1.1325290037922118,-0.9817590210994181,True,0.9817590210994181,dt=0.15us
11,2.474538875019282,-0.011634134686731247,-276.6544921584955,3.345507841504479,,0.07303227204422671,0.012826161301871737,-137.5984246798349,2.4015753201650827,-0.9439325213393962,-0.9828458905702494,True,0.9828458905702494,dt=0.15us
12,2.3597775714654117,0.006877897689088185,-278.96085626787664,1.0391437321233075,,-0.054756002599245866,-0.0037639259743875806,-139.2748441791914,0.7251558208085764,-0.313987911314731,-0.994820315565653,True,0.994820315565653,dt=0.15us
13,2.4724780211379462,0.00813333168590246,-277.33055471125505,2.669445288744894,,-0.019152512830308128,0.014925524038510657,-138.144506761511,1.8554932384889784,-0.8139520502559157,-0.9867464768679358,True,0.9867464768679358,dt=0.15us
14,2.3711089688614275,-0.006869644133886755,-279.2815674710302,0.7184325289697431,,0.011806633115555605,-0.007804783095916277,-139.48463445931705,0.5153655406829304,-0.20306698828681266,-0.9963188175665505,True,0.9963188175665505,dt=0.15us
15,2.3787270170219577,-0.003325279706578842,-279.7265566399021,0.2734433600978435,,-0.001494630368243726,-0.004945286108663846,-139.80408146075527,0.19591853924469338,-0.07752482085315011,-0.9986005818625379,True,0.9986005818625379,dt=0.15us
16,2.3660344394881583,0.017785987231276928,-277.0001150945633,2.9998849054366503,,-0.09817196656210056,-0.0039000052097638797,-137.92091027680476,2.0790897231952044,-0.920795182241446,-0.9851493591200342,True,0.9851493591200342,dt=0.15us
17,2.563640743324779,-0.013469550299868087,-267.806803248821,12.193196751178963,,-0.18728905968533152,0.013704051465409702,-131.50494168051424,8.495058319485736,-3.698138431693226,-0.9393210120036734,True,0.9393210120036734,dt=0.15us
18,2.3697675033902903,0.028392968929518588,-273.18316240865704,6.816837591342897,,-0.10931879313313941,-0.016893734857447926,-135.29577097413534,4.70422902586464,-2.112608565478257,-0.9663983641009668,True,0.9663983641009668,dt=0.15us
19,2.525656902058737,0.011874217852912995,-272.48767495633064,7.512325043669297,,-0.1366138994836804,0.013232688044722848,-134.83459698999133,5.1654030100086565,-2.346922033660641,-0.9631042642142239,True,0.9631042642142239,dt=0.15us
20,2.3281425300860548,-0.023069761983673606,-273.6419452869094,6.358054713090552,,0.15059198210648425,-0.0026630769359200675,-135.38068934719809,4.619310652801894,-1.738744060288658,-0.9670049239085579,True,0.9670049239085579,dt=0.15us
21,2.322847931383497,-0.0044443886617181235,-277.41761674878353,2.5823832512164238,,0.0030625507921099838,-0.01514343789762911,-138.16522879122405,1.8347712087759125,-0.747612042440511,-0.9868944913658864,True,0.9868944913658864,dt=0.15us
0,2.512308572977128,-0.012301807738834263,-273.6778138438,6.322186156199985,,0.006523725282158932,0.023679225108287672,-135.5098963420991,4.490103657900879,-1.8320824982991055,-0.9679278310149937,True,0.9679278310149937,dt=0.15us
1,2.4766844715072587,-0.0038219640753816083,-277.4879130632461,2.5120869367538816,,0.0454783542249419,0.013055982028729637,-138.2152063130108,1.7847936869891636,-0.7272932497647182,-0.9872514736643632,True,0.9872514736643632,dt=0.15us
2,2.4087041999737226,-0.01479037590785735,-278.2206230990535,1.7793769009464548,,0.07696482577275193,-0.0032509693345576887,-138.70912516069853,1.2908748393014458,-0.48850206164500903,-0.9907794654335611,True,0.9907794654335611,dt=0.15us
3,2.3409280023611587,0.0024312279572390135,-278.52887903710655,1.4711209628934085,,-0.04091697772785797,-0.009319168880480792,-138.9638539721785,1.0361460278214787,-0.43497493507192986,-0.9925989569441322,True,0.9925989569441322,dt=0.15us
4,2.4237467892267377,-0.0219050256968507,-275.93439951717556,4.065600482824412,,0.11647523076213198,0.005113491915450453,-137.0433967067368,2.9566032932631923,-1.1089971895612207,-0.97888140504812,True,0.97888140504812,dt=0.15us
5,2.4689742217792565,-0.029120301289147922,-271.2830244088435,8.716975591156412,,0.03434063557257111,0.02754714484801891,-133.69397951390243,6.306020486097532,-2.4109551050588807,-0.9549569965278748,True,0.9549569965278748,dt=0.15us
6,2.34128028107752,0.001533560591041878,-278.57421405846947,1.4257859415305059,,-0.036953477451646066,-0.009532586455467926,-138.99468835661747,1.0053116433825182,-0.42047429814798765,-0.9928192025472677,True,0.9928192025472677,dt=0.15us
7,2.534821882184335,0.024792212302447048,-267.7493347443379,12.250665255662073,,-0.1678142130507266,-0.018325696248730896,-131.6725062761253,8.327493723874674,-3.923171531787397,-0.9405179019723238,True,0.9405179019723238,dt=0.15us
8,2.391276954021567,0.014821367366095623,-278.213154017732,1.786845982267961,,-0.07520788396302401,0.0031878515141383415,-138.76659920553652,1.2334007944634433,-0.5534451878045176,-0.9911899943252611,True,0.9911899943252611,dt=0.15us
9,2.407205580672407,4.171631520662553e-05,-279.97874690845555,0.021253091544378922,,0.005919040625835238,0.0010131224782364953,-139.98463041997502,0.015369580024964623,-0.005883511519414298,-0.999890217285536,True,0.999890217285536,dt=0.15us
10,2.357542388539017,0.01821241055134436,-276.6125061114567,3.387493888543238,,-0.09932497275359586,-0.006590884858671143,-137.64936748584302,2.3506325141569575,-1.0368613743862807,-0.9832097677560218,True,0.9832097677560218,dt=0.15us
11,2.2582822656798105,-0.025710790798195507,-266.61994027428995,13.380059725710014,,0.12373049751647679,0.02898100814760626,-130.19052241438584,9.809477585614141,-3.570582140095872,-0.9299323029598989,True,0.9299323029598989,dt=0.15us
12,2.368343073488321,0.007823747076172274,-279.10110383957124,0.8988961604287257,,-0.054271995204029415,-0.001720407817899546,-139.37516506326472,0.6248349367352535,-0.27406122369347224,-0.9955368933090339,True,0.9955368933090339,dt=0.15us
13,2.435366207305948,-0.0177593319224813,-276.9680311896053,3.0319688103946496,,0.1007859372554514,0.004147155420539243,-137.80016460165598,2.199835398343999,-0.8321334120506508,-0.9842868900118286,True,0.9842868900118286,dt=0.15us
14,2.4438551254822403,0.013119286809531802,-277.8386958016546,2.16130419834539,,-0.04696997004702908,0.011407991190536097,-138.50931406423365,1.4906859357663387,-0.6706182625790512,-0.9893522433159547,True,0.9893522433159547,dt=0.15us
15,2.5041807670812313,0.0075849576599220595,-275.13511573137646,4.864884268623503,,-0.05622058022200527,0.018480611376946628,-136.6253007860523,3.3746992139476863,-1.4901850546758166,-0.9758950056146594,True,0.9758950056146594,dt=0.15us
16,2.3124160149488677,0.00948792400860432,-276.15994349056956,3.840056509430414,,-0.04885541320656136,-0.016619793399402904,-137.30498648464885,2.6950135153511194,-1.1450429940792946,-0.9807499034617777,True,0.9807499034617777,dt=0.15us
17,2.3350078652784476,-0.017433807098922307,-275.8481452450622,4.151854754937757,,0.09903080285526772,-0.0112083509243424,-137.0042559432097,2.995744056790281,-1.156110698147476,-0.9786018281657837,True,0.9786018281657837,dt=0.15us
18,2.520778360690715,0.004340013522452463,-273.94506998419604,6.054930015803908,,-0.07071930903460998,0.01996933677172903,-135.79358472022514,4.206415279774841,-1.848514736029067,-0.9699541765730368,True,0.9699541765730368,dt=0.15us
19,2.4656342241121463,0.013348049725217801,-276.819231711347,3.180768288652946,,-0.056259663327830035,0.01392176052550018,-137.8050275538492,2.1949724461507953,-0.9857958425021509,-0.9843216253846372,True,0.9843216253846372,dt=0.15us
20,2.4413374720180423,-0.03542482663657337,-269.27198668578984,10.72801331421011,,0.005795472588028312,0.03122190570716181,-132.2020542121503,7.7979457878496765,-2.9300675263604323,-0.9443003872296452,True,0.9443003872296452,dt=0.15us
21,2.4851265547518264,-0.009027350652980439,-276.39984486721187,3.60015513278806,,0.05673472652700871,0.015472916195474713,-137.4296784287078,2.5703215712921685,-1.0298335614958916,-0.981640560205056,True,0.981640560205056,dt=0.15us
0,2.436079221347396,-0.024569129538135726,-274.6434276224306,5.356572377569358,,0.11569190433721724,0.012175166899979196,-136.10409995674664,3.8959000432533397,-1.4606723343160184,-0.9721721425481904,True,0.9721721425481904,dt=0.15us
1,2.5292719913395487,-0.010130271839402953,-272.42621579985536,7.573784200144604,,-0.0482193078747978,0.024665924382430877,-134.6625673223973,5.337432677602659,-2.236351522541945,-0.9618754808742667,True,0.9618754808742667,dt=0.15us
2,2.4572018762287375,0.011868137037556521,-277.53888291359016,2.4611170864098018,,-0.03983242573707524,0.013124913502953245,-138.29904005825375,1.700959941746219,-0.760157144663583,-0.9878502861303842,True,0.9878502861303842,dt=0.15us
3,2.3725255818328557,0.0050446284811475105,-279.487979582111,0.5120204178889645,,-0.04017007992909846,-0.0018068729119526845,-139.64423608125324,0.35576391874673985,-0.15625649914222453,-0.997458829151809,True,0.997458829151809,dt=0.15us
4,2.5569971919203365,-0.03269744013712657,-261.55127441743815,18.448725582561806,,-0.2421633106383328,-0.013086713491749854,-127.13562173262152,12.864378267378457,-5.584347315183349,-0.9081115838044396,True,0.9081115838044396,dt=0.15us
5,2.33217915696692,0.0021997950755344403,-278.0859657701227,1.9140342298772437,,-0.038315661157121095,-0.011459516618428341,-138.65046361174558,1.3495363882543945,-0.5644978416228491,-0.9903604543696115,True,0.9903604543696115,dt=0.15us
6,2.445902097027955,0.016504860469008235,-276.96215669063855,3.0378433093613832,,-0.07479425887831291,0.01090610631703612,-137.9097640390161,2.0902359609838843,-0.947607348377499,-0.9850697431358294,True,0.9850697431358294,dt=0.15us
7,2.2725859048434622,0.012289499478426237,-272.22976034470344,7.770239655296515,,0.056879353020209064,-0.024521870980267035,-134.53378625287732,5.4662137471226515,-2.3040259081738634,-0.9609556160919811,True,0.9609556160919811,dt=0.15us
8,2.379717025147141,-0.0031547789056407963,-279.7522066590022,0.24779334099779401,,-0.001619779135398651,-0.004707003014781911,-139.82238413530166,0.17761586469830443,-0.07017747629948957,-0.998731315252155,True,0.998731315252155,dt=0.15us
9,2.4929225834143054,0.005268796256998139,-276.2680055378724,3.731994462127577,,-0.019971943444405737,0.01775885720757427,-137.3978082768268,2.6021917231731817,-1.1298027389543952,-0.9814129162630487,True,0.9814129162630487,dt=0.15us
10,2.3166228743566557,0.0028456468166790845,-277.1058004478418,2.8941995521581676,,-0.03083242428149314,-0.015202851995567547,-137.95842470490422,2.0415752950957518,-0.8526242570624157,-0.9854173193207446,True,0.9854173193207446,dt=0.15us
11,2.5833196376820458,-0.005610110384022193,-266.33266616574576,13.667333834254215,,-0.21807601279112132,-0.0012500704809380433,-130.5902432056848,9.40975679431517,-4.2575770399390445,-0.9327874514691773,True,0.9327874514691773,dt=0.15us
12,2.302035232353602,-0.007568347469286526,-275.64353864725456,4.3564613527453835,,0.054146603270213325,-0.017718531376615526,-136.8923969321902,3.107603067809769,-1.2488582849356147,-0.9778028352299302,True,0.9778028352299302,dt=0.15us
13,2.3206976626142337,0.03202010203201906,-269.2445584240606,10.75544157593936,,0.044372011797439104,-0.029710270084831365,-132.54294192938067,7.457058070619295,-3.298383505320064,-0.9467352994955764,True,0.9467352994955764,dt=0.15us
14,2.361431858244254,-0.011712368524334382,-278.29574474174274,1.704255258257211,,0.0400511356296314,-0.010595674863319238,-138.77498054562756,1.2250194543724262,-0.4792358038847849,-0.991249861040197,True,0.991249861040197,dt=0.15us
15,2.4597671269934134,-0.02595216000500727,-273.1594853876132,6.84051461238679,,0.0829847747954609,0.021097212846648592,-135.04110919740236,4.958890802597606,-1.8816238097891833,-0.964579351410017,True,0.964579351410017,dt=0.15us
16,2.4325123338706285,0.01768811870990434,-277.0673203197208,2.932679680279167,,-0.08284095877370852,0.008809545100998026,-137.98302955261596,2.0169704473840273,-0.9157092328951397,-0.9855930682329712,True,0.9855930682329712,dt=0.15us
17,2.3912991328894315,-0.003027811947147382,-279.8957599761228,0.10424002387717574,,0.005907187271946733,-0.0029431744675732434,-139.9236300562847,0.0763699437152831,-0.027870080161892623,-0.9994545004020337,True,0.9994545004020337,dt=0.15us
18,2.3809597865734107,0.015743148486929148,-277.87083628882175,2.1291637111782133,,-0.08491863200488453,0.0008024917287520699,-138.52759491273954,1.4724050872604246,-0.6567586239177887,-0.9894828208052827,True,0.9894828208052827,dt=0.15us
19,2.274217605825807,0.00400104993488608,-273.4740239241268,6.525976075873158,,0.057340031983183236,-0.02221719457572817,-135.38400613523066,4.61599386476932,-1.9099822111038387,-0.9670286152516477,True,0.9670286152516477,dt=0.15us
20,2.3153256839000895,-0.0087826822894336,-276.465757228623,3.5342427713770044,,0.04300726608652127,-0.016384557461696043,-137.4765849469593,2.523415053040696,-1.0108277183363086,-0.981975606763995,True,0.981975606763995,dt=0.15us
21,2.4210866242163793,0.028744577491185596,-273.2144122826152,6.7855877173847166,,-0.14272489066101948,-0.008288335012880552,-135.34570312560675,4.654296874393244,-2.1312908429914734,-0.9667550223257625,True,0.9667550223257625,dt=0.15us
0,2.296351074989782,0.004102803184119977,-275.5049059033429,4.495094096657094,,-0.004193771444268463,-0.01991080218902556,-136.82788492895966,3.172115071040315,-1.3229790256167782,-0.9773420352068549,True,0.9773420352068549,dt=0.15us
1,2.4111179337282245,-0.004087002533382273,-279.81593568052887,0.1840643194710759,,0.025480064229015602,-0.0005975143355863488,-139.8644127603382,0.13558723966177064,-0.04847707980930526,-0.9990315197167017,True,0.9990315197167017,dt=0.15us
2,2.440442773566899,0.01084672202129976,-278.3913679275122,1.6086320724877525,,-0.030500622140678633,0.010735989614980464,-138.8886258516132,1.1113741483867694,-0.49725792410098313,-0.9920616132258088,True,0.9920616132258088,dt=0.15us
3,2.4530317102303703,-0.02406681566480202,-274.222552029323,5.77744797067693,,0.10054554858384114,0.016360313826076337,-135.80812784928008,4.191872150719899,-1.5855758199570313,-0.9700580560662865,True,0.9700580560662865,dt=0.15us
4,2.4028952827440038,-0.011934095609617957,-278.8582684026444,1.1417315973555624,,0.057286213886168905,-0.00445167995621569,-139.17196363775983,0.8280363622401372,-0.31369523511542524,-0.9940854545554276,True,0.9940854545554276,dt=0.15us
5,2.41311911539815,-0.021838014051758788,-276.11802153691417,3.881978463085774,,0.11701032351641108,0.0025271839794343467,-137.17628501209526,2.823714987904717,-1.0582634751810567,-0.979830607229252,True,0.979830607229252,dt=0.15us
6,2.37923487206459,0.00882502206378363,-279.201202619732,0.798797380267985,,-0.05186527087286987,0.000650920335491415,-139.44746935359333,0.5525306464066415,-0.24626673386134335,-0.9960533525256668,True,0.9960533525256668,dt=0.15us
7,2.254767913279964,0.009389080560937181,-270.79840349682263,9.201596503177338,,0.12383770912403798,-0.0206303538189785,-133.49637436907733,6.503625630922652,-2.6979708722546873,-0.9535455312076954,True,0.9535455312076954,dt=0.15us
8,2.2476501187030857,0.02039472992619699,-267.3396592011096,12.660340798890317,,0.19377010991499444,-0.013443569319997774,-131.08240663830665,8.91759336169332,-3.742747437196997,-0.9363029045593334,True,0.9363029045593334,dt=0.15us
9,2.3073284038917246,-0.019798369330605515,-273.37586022165215,6.624139778347795,,0.1494471857297687,-0.006141136191851899,-135.2039335015596,4.796066498440388,-1.8280732799074066,-0.9657423821539972,True,0.9657423821539972,dt=0.15us
10,2.388726148642246,-0.02705243352546648,-274.0988796439821,5.901120356017827,,0.1397913573771623,0.006759172166683127,-135.69425828224527,4.3057417177547155,-1.595378638263112,-0.9692447020160377,True,0.9692447020160377,dt=0.15us
11,2.3325253030128734,0.005610971831506411,-277.89204705292207,2.1079529470778677,,-0.05271725439439167,-0.010692445673608567,-138.51894179444687,1.4810582055530974,-0.6268947415247705,-0.9894210128174779,True,0.9894210128174779,dt=0.15us
12,2.498094377785878,0.004901220501145992,-275.8990996208265,4.10090037917341,,-0.025439763006767688,0.018470256399740637,-137.1410665451709,2.8589334548290743,-1.241966924344336,-0.9795790467512209,True,0.9795790467512209,dt=0.15us
13,2.274268445687941,-0.015519912838411698,-271.6819641837884,8.318035816211546,,0.17037979210008056,-0.0049249968692633,-133.99253749534606,6.007462504653928,-2.3105733115576186,-0.9570895535381863,True,0.9570895535381863,dt=0.15us
14,2.345794858473347,-0.009218912813976871,-278.1213330437129,1.8786669562870224,,0.023474057945953194,-0.01241059333343416,-138.6563192802611,1.3436807197388818,-0.5349862365481405,-0.9904022805732937,True,0.9904022805732937,dt=0.15us
15,2.4550029633287935,0.01867399003660904,-275.97800587255733,4.0219941274426345,,-0.09712401822867772,0.010292963484240632,-137.2369998618632,2.763000138136771,-1.258993989305863,-0.9802642847275945,True,0.9802642847275945,dt=0.15us
16,2.4882900605675724,0.004974749125036291,-276.6313997740676,3.36860022593239,,-0.011781888468376637,0.01704840693108145,-137.6486255411984,2.3513744588015517,-1.0172257671308378,-0.9832044681514175,True,0.9832044681514175,dt=0.15us
17,2.487636419164778,-0.03696627845378125,-265.9540148498266,14.045985150173342,,-0.1631569523468281,0.02430222258939155,-129.93922031630336,10.060779683696614,-3.9852054664767285,-0.9281372879735956,True,0.9281372879735956,dt=0.15us
18,2.3275701089061602,0.01080915303434479,-276.9282763304157,3.071723669584256,,-0.06791972952241482,-0.012303578625897803,-137.8497159780054,2.1502840219945787,-0.9214396475896776,-0.9846408284143244,True,0.9846408284143244,dt=0.15us
19,2.3861883506553436,0.021353305929157174,-276.27771678681904,3.7222832131809134,,-0.11191459129417107,-0.0019454664631660518,-137.4311622205663,2.56883777943367,-1.1534454337472433,-0.981651158718331,True,0.981651158718331,dt=0.15us
20,2.305307388477292,-0.009446592480006259,-275.6425320978715,4.357467902128472,,0.06370512652335228,-0.016915087475750233,-136.88555288006117,3.114447119938802,-1.2430207821896697,-0.9777539491432943,True,0.9777539491432943,dt=0.15us
21,2.615337881344587,-0.016039130494703267,-259.60267236882567,20.3973276311743,,-0.12215468608127776,-0.03696633461172701,-126.05914578488692,13.94085421511306,-6.4564734160612405,-0.9004224698920495,True,0.9004224698920495,dt=0.15us
0,2.4023132252515813,-0.004480614652100967,-279.83735577277366,0.1626442272263063,,0.020354773147539636,-0.0021037791662105393,-139.87990614416887,0.12009385583109426,-0.042550371395212054,-0.9991421867440636,True,0.9991421867440636,dt=0.15us
1,2.2314014151073733,-0.0038556751846594004,-268.49083057307485,11.509169426925133,,0.20403728109152344,0.000924231116484618,-131.73156697850808,8.268433021491893,-3.2407364054332413,-0.9409397641322007,True,0.9409397641322007,dt=0.15us
2,2.519705234590543,-0.011482158567869705,-273.14525808552315,6.854741914476796,,-0.01588742025848973,0.02450918431326836,-135.1473294550125,4.852670544987464,-2.002071369489333,-0.9653380675358039,True,0.9653380675358039,dt=0.15us
3,2.396865271745628,0.010986554513873934,-279.0312593120415,0.9687406879584399,,-0.05071916477938918,0.004216133103641195,-139.33274061469717,0.6672593853028047,-0.3014813026556353,-0.9952338615335514,True,0.9952338615335514,dt=0.15us
4,2.3848224293501694,0.028777067100100022,-273.28709455723344,6.712905442766497,,-0.12220565977405283,-0.014157099143516115,-135.3765123709436,4.62348762905638,-2.089417813710117,-0.966975088363883,True,0.966975088363883,dt=0.15us
5,2.365246262043537,-0.007465208096167866,-279.0609180411325,0.9390819588674907,,0.013004208773337989,-0.008935430000685097,-139.3272834444612,0.6727165555387838,-0.2663654033287069,-0.9951948817461516,True,0.9951948817461516,dt=0.15us
6,2.492083774831545,0.004086669857466544,-276.41909200502687,3.580907994973112,,-0.01079623456704632,0.017608710719705115,-137.49797561763066,2.502024382369325,-1.0788836126037868,-0.9821283972687905,True,0.9821283972687905,dt=0.15us
7,2.4232540815884294,0.01629148792406235,-277.6575819456784,2.342418054321588,,-0.07278888910995537,0.008163346088744874,-138.3878481265721,1.6121518734278892,-0.7302661808936987,-0.9884846294755151,True,0.9884846294755151,dt=0.15us
8,2.286898468799371,-0.02469800550807909,-269.9402556329439,10.059744367056066,,0.17529821270960347,0.012231822075539652,-132.65768347877813,7.342316521221862,-2.717427845834203,-0.9475548819912724,True,0.9475548819912724,dt=0.15us
9,2.249793782358409,-0.038080166911875296,-259.33085953621867,20.669140463781268,,-0.23898477156645767,0.022347723825439633,-124.80029145753166,15.19970854246832,-5.469431921312949,-0.8914306532680835,True,0.8914306532680835,dt=0.15us
10,2.436622934654567,0.004997129635027115,-279.2522715774068,0.7477284225931321,,0.0032254428052539068,0.008057246515177975,-139.47900998458945,0.5209900154105124,-0.22673840718261978,-0.9962786427470678,True,0.9962786427470678,dt=0.15us
11,2.363802917442158,0.011053408168983604,-278.4880170984374,1.511982901562565,,-0.07032491514630465,-0.00232284312296804,-138.94893147820008,1.051068521799901,-0.46091437976266414,-0.9924923677014292,True,0.9924923677014292,dt=0.15us
12,2.398088661707944,0.030094456750965757,-272.75995462073456,7.240045379265383,,-0.12786720212600158,-0.014464450409264355,-135.02315445190993,4.976845548090036,-2.263199831175346,-0.9644511032279283,True,0.9644511032279283,dt=0.15us
13,2.3648390487354645,0.004987000076597879,-279.29593158098135,0.7040684190186243,,-0.04452930011344819,-0.003286614634427782,-139.5086726332299,0.4913273667700707,-0.2127410522485535,-0.9964905188087853,True,0.9964905188087853,dt=0.15us
14,2.3601619533967586,0.005607503454929622,-279.10018692449665,0.8998130755033,,-0.04941761862981719,-0.0040332360385254415,-139.37136072669026,0.6286392733097331,-0.27117380219356696,-0.995509719476359,True,0.995509719476359,dt=0.15us
15,2.2626382954090407,6.13894767453881e-05,-272.386628590915,7.613371409084986,,0.11074071831024679,-0.019133436780375834,-134.5879798898952,5.41202011010477,-2.2013512989802164,-0.9613427134992516,True,0.9613427134992516,dt=0.15us
16,2.4675769900108246,0.00010633752063661644,-278.1379683024343,1.8620316975656783,,0.031395319654430064,0.011806507043395914,-138.68444013427117,1.3155598657288206,-0.5464718318368579,-0.9906031438162227,True,0.9906031438162227,dt=0.15us
17,2.373189814278542,-0.006194310804361483,-279.39944261450177,0.6005573854982039,,0.009167961035047618,-0.007194497480234225,-139.56911453239726,0.43088546760272706,-0.16967191789547684,-0.9969222466599805,True,0.9969222466599805,dt=0.15us
18,2.235317297616994,-0.013634684917163317,-267.636484902506,12.36351509749393,,0.19124993924628533,0.01453255120183758,-131.02692454280287,8.973075457197098,-3.390439640296832,-0.9359066038771636,True,0.9359066038771636,dt=0.15us
19,2.3983828024772067,0.01655800018833064,-277.8076677237593,2.1923322762406228,,-0.08239207631239856,0.0040329915355018725,-138.48832996305708,1.5116700369429033,-0.6806622392977196,-0.9892023568789793,True,0.9892023568789793,dt=0.15us
20,2.408749478523975,0.00806350839097519,-279.44901584715296,0.5509841528470069,,-0.02777305248263734,0.005252268001755831,-139.62183394718892,0.37816605281106375,-0.17281810003594317,-0.9972988139084924,True,0.9972988139084924,dt=0.15us
21,2.460845815715911,-0.0005762242640646283,-278.48690542788296,1.5130945721169962,,0.03558394382663727,0.010086324542110014,-138.92814158487573,1.0718584151242334,-0.4412361569927627,-0.9923438684633983,True,0.9923438684633983,dt=0.15us
