shot_id,x0_um,v0_m_s,initial_aod_energy_uK,initial_excitation_energy_uK,initial_phase_coord,final_x_um,final_v_m_s,final_slm_energy_uK,final_excitation_energy_uK,excitation_energy_change_uK,final_energy_over_slm_depth,captured_in_slm,capture_margin,label
0,2.3751938036840174,0.007933988420727964,-279.2452735501776,0.7547264498223314,,0.12860234750520763,-0.012812275576708389,-135.34569080706603,4.654309192933941,3.8995827431116097,-0.9667549343361861,True,0.9667549343361861,mf=0.15
1,2.470873028442982,-0.02373545329090269,-273.44997335716397,6.550026642835983,,-0.07178608130281483,0.034515183723151904,-129.42853432938497,10.571465670614998,4.0214390277790155,-0.9244895309241785,True,0.9244895309241785,mf=0.15
2,2.3976250035331277,-0.01849549584024974,-277.2636165626376,2.736383437362336,,0.022334123822003706,0.03617611204103468,-129.43823174826727,10.561768251732715,7.82538481437038,-0.9245587982019091,True,0.9245587982019091,mf=0.15
3,2.3059536134654564,-0.0011024903189478666,-276.3952969260433,3.6047030739566566,,0.024166549697203665,0.03992166788156461,-127.14274752279128,12.857252477208691,9.252549403252035,-0.9081624823056522,True,0.9081624823056522,mf=0.15
4,2.3763039491534554,0.02018279402626243,-276.5147142497633,3.4852857502366725,,0.07895084982084244,-0.019949162864779584,-135.55007954431105,4.449920455688931,0.9646347054522578,-0.9682148538879362,True,0.9682148538879362,mf=0.15
5,2.4587393239772366,-0.005135529989371246,-278.38128381399804,1.6187161860019352,,0.13608399660245435,0.0019792727852217997,-136.23155773797538,3.768442262024603,2.149726076022668,-0.9730825552712529,True,0.9730825552712529,mf=0.15
6,2.4807125783289257,0.009177789414937758,-276.67441652705406,3.3255834729458704,,0.04562198321757949,-0.004858919945721973,-139.38622228050875,0.6137777194912316,-2.7118057534546387,-0.9956158734322055,True,0.9956158734322055,mf=0.15
7,2.6516970678799487,0.04924673701252653,-235.86338068735816,44.13661931264181,,0.13026972045126897,0.042270994813690226,-122.29036687261122,17.709633127388756,-26.426986185253053,-0.8735026205186517,True,0.8735026205186517,mf=0.15
8,2.372716173510429,0.004859829240588951,-279.50687316418436,0.4931268358155939,,0.15146189199374338,-0.008669655998971883,-134.7846529863765,5.215347013623464,4.72222017780787,-0.962747521331261,True,0.962747521331261,mf=0.15
9,2.3176980541909304,-0.01835549770966611,-274.5498240259013,5.450175974098697,,-0.27926063918424143,0.015321814294611604,-123.04727358754991,16.95272641245007,11.502550438351372,-0.8789090970539281,True,0.8789090970539281,mf=0.15
10,2.3776007433806536,0.004866151963190784,-279.6055689167926,0.39443108320734455,,0.14242501925565698,-0.009866518407817259,-135.13368501726939,4.866314982730596,4.471883899523251,-0.9652406072662101,True,0.9652406072662101,mf=0.15
11,2.4646285073209344,0.003201648495241342,-278.21458124284715,1.7854187571528228,,0.08288998419078338,-0.006159272920473865,-138.29845527700104,1.7015447229989298,-0.08387403415389312,-0.9878461091214362,True,0.9878461091214362,mf=0.15
12,2.4017603841883832,0.03675888979069597,-269.1992387283155,10.800761271684474,,0.09801845235478385,-0.023700491961905736,-133.55909778940946,6.440902210590525,-4.359859061093948,-0.9539935556386391,True,0.9539935556386391,mf=0.15
13,2.3462536759207704,-0.03982216285855404,-266.14634607513676,13.853653924863165,,0.18959819564391658,-0.047583711878244,-114.74038913161766,25.25961086838232,11.405956943519154,-0.8195742080829834,True,0.8195742080829834,mf=0.15
14,2.3817711238789134,0.005488384714694778,-279.62334570702455,0.3766542929753901,,0.13079629630809264,-0.011396381722657927,-135.50606522728376,4.493934772716223,4.117280479740833,-0.9679004659091698,True,0.9679004659091698,mf=0.15
15,2.3624074817515384,0.0059812891641088705,-279.1365393013248,0.8634606986752088,,0.1654282196851523,-0.0068400821268001216,-134.1388429139062,5.861157086093776,4.997696387418568,-0.9581345922421873,True,0.9581345922421873,mf=0.15
16,2.225041147218943,-0.015226074803074075,-265.90056382497727,14.099436175022683,,0.3640577803018765,-0.024171113964439425,-110.68391247851035,29.31608752148963,15.216651346466948,-0.7905993748465026,True,0.7905993748465026,mf=0.15
17,2.337468128774758,0.04643796768852968,-261.1693868151939,18.83061318480605,,-0.144951238001496,0.041686204555961684,-121.87889683677504,18.121103163224937,-0.7095100215811123,-0.8705635488341076,True,0.8705635488341076,mf=0.15
18,2.4882775445627163,-0.053581691868070574,-253.88385488214578,26.11614511785418,,0.34940493552454555,-0.018495986624343163,-114.39463576011418,25.605364239885787,-0.5107808779683913,-0.8171045411436729,True,0.8171045411436729,mf=0.15
19,2.4677972410662874,0.001135179491792637,-278.11564326787936,1.884356732120575,,0.09724965742781763,-0.004442225440651135,-137.92111403001456,2.078885969985408,0.19452923786483284,-0.9851508145001042,True,0.9851508145001042,mf=0.15
20,2.310613611764762,-0.006222549108338012,-276.4409564697592,3.559043530240714,,-0.04315093546523364,0.04053068876835338,-126.49020483908895,13.509795160911029,9.950751630670316,-0.9035014631363498,True,0.9035014631363498,mf=0.15
21,2.2908240945470344,-0.01471446272480068,-273.4356587272422,6.564341272757776,,-0.3138915904566793,-0.00013616232922699885,-121.22995825828524,18.77004174171474,12.205700468956962,-0.8659282732734661,True,0.8659282732734661,mf=0.15
0,2.3336576408506917,-0.011473854654580628,-277.1530583499346,2.84694165006535,,-0.020514937717905406,0.03960589401905162,-127.37680788300285,12.62319211699712,9.77625046693177,-0.9098343420214491,True,0.9098343420214491,mf=0.15
1,2.4379035784024317,-0.012649170871039379,-278.1340876120941,1.8659123879058597,,0.14121581052438492,0.01815145992787346,-133.34654773225915,6.653452267740824,4.787539879834965,-0.9524753409447084,True,0.9524753409447084,mf=0.15
2,2.439363211673536,0.010315768237832795,-278.51633649120924,1.4836635087907195,,0.03387821177625559,-0.011100251140100133,-138.7806436609502,1.2193563390497644,-0.26430716974095514,-0.9912903118639302,True,0.9912903118639302,mf=0.15
3,2.453146082336226,0.0045679678259812895,-278.6801378799303,1.319862120069618,,0.07331596417310336,-0.008306092689319335,-138.35342906627025,1.646570933729715,0.326708813660097,-0.9882387790447877,True,0.9882387790447877,mf=0.15
4,2.3800689302071087,-0.027686914147785315,-273.71082246192725,6.289177538072689,,-0.2735965907633864,0.013356267440661826,-124.07063561776131,15.92936438223867,9.640186844165981,-0.8862188258411523,True,0.8862188258411523,mf=0.15
5,2.3353961940608454,0.0020331350621789154,-278.26476818605187,1.7352318139480645,,0.18609487147892242,0.015880895461711703,-131.07689101168123,8.923108988318763,7.187877174370699,-0.9362635072262946,True,0.9362635072262946,mf=0.15
6,2.4417332070977382,-0.0014213374069936746,-279.2722677160199,0.727732283980076,,0.1207537027964556,-0.004860083735812115,-136.86021463511463,3.139785364885352,2.4120530809052756,-0.9775729616793903,True,0.9775729616793903,mf=0.15
7,2.4083799304427425,0.015867744631951668,-277.9588985194527,2.0411014805472734,,0.02118609288185015,-0.016221472708362213,-137.80512412154116,2.1948758784588227,0.15377439791154968,-0.9843223151538656,True,0.9843223151538656,mf=0.15
8,2.5015215767005214,0.016356652094755342,-273.6769776617581,6.323022338241887,,0.010802365809372936,-0.00023232623162570986,-139.9757021977291,0.02429780227087789,-6.298724535971009,-0.9998264442694937,True,0.9998264442694937,mf=0.15
9,2.4140437141833786,-0.003884680061543774,-279.7987173381128,0.20128266188717894,,0.15252818275568883,-0.0011445021426535861,-135.31081738539208,4.689182614607906,4.487899952720727,-0.9665058384670864,True,0.9665058384670864,mf=0.15
10,2.4076041329224465,0.011144679127509669,-278.9836561485453,1.0163438514546261,,0.04985521107391508,-0.015391072947903912,-137.5992329836093,2.40076701639066,1.3844231649360341,-0.9828516641686381,True,0.9828516641686381,mf=0.15
11,2.3800117013903797,0.01562764885900735,-277.88466658941655,2.1153334105834185,,0.07818493991165822,-0.018389197484266942,-136.0524748816118,3.9475251183881634,1.8321917078047454,-0.9718033920115131,True,0.9718033920115131,mf=0.15
12,2.4412465638538823,-0.039272298153161994,-266.9780665855293,13.021933414470679,,-0.2136455268454029,-0.03575472357186828,-120.75070105026556,19.24929894973442,6.2273655352637425,-0.862505007501897,True,0.862505007501897,mf=0.15
13,2.28928453339107,-0.0215779521390665,-271.3087381135378,8.691261886462145,,-0.22353321093961523,-0.03864318746229812,-118.20863199896874,21.791368001031238,13.100106114569094,-0.8443473714212054,True,0.8443473714212054,mf=0.15
14,2.398976977235958,-0.0043251797341252165,-279.8500561121679,0.14994388783204937,,0.1654586296742216,0.0016666444152241844,-134.48860425212501,5.5113957478749676,5.361451860042918,-0.9606328875151788,True,0.9606328875151788,mf=0.15
15,2.4691202993023853,0.011577619725047053,-276.9810271567065,3.018972843293482,,0.02748690816644252,-0.006424004885530193,-139.5157161231952,0.4842838768047703,-2.534688966488712,-0.9965408294513945,True,0.9965408294513945,mf=0.15
16,2.5034652598974327,-0.01545630808181725,-273.74539175395694,6.254608246042995,,0.06900459421674858,0.02729184548467378,-133.07630025482635,6.92369974517364,0.669091499130645,-0.9505450018201883,True,0.9505450018201883,mf=0.15
17,2.4835601482892007,0.04129693805375096,-263.5275688431416,16.472431156858352,,-0.03622295109126432,-0.024298412655268324,-135.01304373139018,4.986956268609781,-11.48547488824857,-0.9643788837956444,True,0.9643788837956444,mf=0.15
18,2.361300044331414,0.019175324574067076,-276.4492252293475,3.5507747706524473,,0.12905993271498237,-0.016800486541947077,-134.37823134321658,5.621768656783397,2.0709938861309496,-0.9598445095944043,True,0.9598445095944043,mf=0.15
19,2.4861249996740464,0.002009844171297715,-276.94968427417876,3.050315725821179,,0.09196573820453284,-0.002158653707698608,-138.24343223188725,1.7565677681127174,-1.2937479577084616,-0.9874530873706234,True,0.9874530873706234,mf=0.15
20,2.3599683556120565,0.011119276679254088,-278.35702063123045,1.6429793687694993,,0.14978301247734738,-0.011746758397652591,-134.38261759850656,5.617382401493433,3.974403032723934,-0.9598758399893326,True,0.9598758399893326,mf=0.15
21,2.4179834169841885,-0.02015381111946837,-276.6213985936337,3.3786014063662293,,0.00860657268939433,0.03594867605480121,-129.65617926264892,10.34382073735106,6.96521933098483,-0.9261155661617781,True,0.9261155661617781,mf=0.15
0,2.4584234096135247,-0.044136056882599604,-263.03796161241297,16.962038387586983,,-0.025042051458523975,-0.051600011972242635,-118.59146516689827,21.408534833101708,4.446496445514724,-0.8470818940492735,True,0.8470818940492735,mf=0.15
1,2.3545543150804713,0.02878781328120308,-272.53275206890896,7.4672479310909825,,0.18688436743856485,-0.010795304308426373,-132.1039303555665,7.896069644433489,0.42882171334250574,-0.9435995025397608,True,0.9435995025397608,mf=0.15
2,2.4052349971436113,0.004520276317483875,-279.8254806769846,0.17451932301532785,,0.10181183155088465,-0.01214745864969003,-136.71637660425142,3.283623395748555,3.1091040727332273,-0.9765455471732246,True,0.9765455471732246,mf=0.15
3,2.3670079688722576,0.012807334382495828,-278.24409248103575,1.7559075189641833,,0.1244421872258232,-0.015151178743812584,-135.0333012603703,4.96669873962967,3.2107912206654863,-0.9645235804312167,True,0.9645235804312167,mf=0.15
4,2.3572544177032744,-0.004357932351638563,-279.1017294583734,0.8982705416265259,,0.1750545291942846,0.01649624238558475,-131.69524036147067,8.304759638529307,7.40648909690278,-0.9406802882962192,True,0.9406802882962192,mf=0.15
5,2.4594218217377275,0.017278058919926648,-276.17326102819567,3.826738971804284,,-0.007955653810403621,-0.0069202852189982214,-139.6042944733241,0.39570552667586856,-3.4310334451284157,-0.9971735319523152,True,0.9971735319523152,mf=0.15
6,2.451550859083855,-0.01822452934544188,-276.26040903677034,3.7395909632296163,,0.06532644881453985,0.030900359463638963,-131.49839010068152,8.501609899318472,4.762018936088856,-0.9392742150048681,True,0.9392742150048681,mf=0.15
7,2.4565103678154574,-0.00238576728455764,-278.6511617161724,1.3488382838275532,,0.12222079770714576,-0.002333780753144268,-136.93411047901296,3.06588952098703,1.7170512371594766,-0.9781007891358069,True,0.9781007891358069,mf=0.15
8,2.5397239989825358,-0.013885045571202959,-270.5853968457699,9.414603154230106,,0.03675321548584602,0.028108432727444455,-133.40928722572656,6.590712774273409,-2.8238903799566963,-0.9529234801837614,True,0.9529234801837614,mf=0.15
9,2.4813608719509523,0.010523184049825244,-276.4199997322287,3.5800002677712897,,0.03756455777466286,-0.00464682270459284,-139.53908625154307,0.46091374845690675,-3.119086519314383,-0.9967077589395935,True,0.9967077589395935,mf=0.15
10,2.3989056746766373,0.03057321697314496,-272.5288170410133,7.471182958986609,,0.037390667064018085,-0.02325892806674112,-135.39060251740727,4.6093974825926995,-2.861785476393909,-0.967075732267195,True,0.967075732267195,mf=0.15
11,2.279751799295166,-0.00900188715304941,-273.49913179832555,6.500868201674415,,-0.30485245437255515,0.008697377720126074,-121.6202019051906,18.37979809480938,11.878929893134966,-0.8687157278942187,True,0.8687157278942187,mf=0.15
12,2.481150394224736,-0.00768535725113032,-276.84684835776176,3.1531516422381833,,0.13372365034153838,0.00920583405869715,-135.71237446163212,4.287625538367855,1.1344738961296719,-0.9693741032973725,True,0.9693741032973725,mf=0.15
13,2.4078280027396373,0.01580792288907763,-277.97770250176995,2.0222974982300155,,0.02221237121965318,-0.0162964370435197,-137.77653722921158,2.2234627707883794,0.2011652725583638,-0.9841181230657973,True,0.9841181230657973,mf=0.15
14,2.4350420889573634,0.007346409209724732,-279.0667630068974,0.9332369931025174,,0.05632551922324475,-0.011380054142298205,-138.3175091694516,1.6824908305483754,0.749253837445858,-0.9879822083532259,True,0.9879822083532259,mf=0.15
15,2.3249660762845306,-0.01322144297890101,-276.30911856252834,3.690881437471597,,-0.1208180318323776,0.03740960504391919,-125.86065890083137,14.139341099168611,10.448459661697013,-0.8990047064345099,True,0.8990047064345099,mf=0.15
16,2.3362129754574674,-0.007066222910193943,-277.94137447513043,2.0586255248695142,,0.09134818714323666,0.03404374895123119,-129.04051178140222,10.959488218597762,8.900862693728248,-0.9217179412957303,True,0.9217179412957303,mf=0.15
17,2.459594137165197,-0.02503225841334245,-273.5427384511153,6.457261548884612,,-0.1055846668397376,0.03373936959557548,-128.64005219877353,11.359947801226442,4.902686252341829,-0.9188575157055254,True,0.9188575157055254,mf=0.15
18,2.5860877886743543,-0.035253997110744374,-256.25289120269036,23.747108797309572,,-0.23604779353067706,-0.023968109500103325,-124.46325662536415,15.536743374635822,-8.210365422673751,-0.8890232616097441,True,0.8890232616097441,mf=0.15
19,2.4425137979560927,0.029999086651607054,-272.0688357854661,7.931164214533883,,-0.053769418049005556,-0.014304603991702221,-137.77445663906872,2.2255433609312547,-5.705620853602628,-0.9841032617076338,True,0.9841032617076338,mf=0.15
20,2.4178975068259647,-0.009330220237021463,-279.1732266890181,0.826773310981836,,0.160960164519668,0.010967779993126793,-133.83826064626717,6.16173935373281,5.334966042750974,-0.9559875760447656,True,0.9559875760447656,mf=0.15
21,2.3800505709573194,0.008698019027706705,-279.2325675059774,0.7674324940225746,,0.11350701716238071,-0.014260299346882032,-135.76402919793316,4.235970802066822,3.468538308044247,-0.9697430656995227,True,0.9697430656995227,mf=0.15
0,2.410325725653797,0.018000134183017706,-277.3668016414795,2.633198358520423,,0.008763030995121266,-0.016261052957661126,-137.87092183889038,2.1290781611095877,-0.5041201974108349,-0.9847922988492173,True,0.9847922988492173,mf=0.15
1,2.458550723124946,0.002464073656614397,-278.55255018794344,1.447449812056504,,0.08839754647766287,-0.006588717604668102,-138.06379734925162,1.9362026507483565,0.48875283869185254,-0.9861699810660831,True,0.9861699810660831,mf=0.15
2,2.4389039471420624,-0.0346050556645041,-269.8105140917203,10.18948590827967,,-0.29111593013518433,-0.007550821757378804,-123.23977410674239,16.76022589325759,6.57073998497792,-0.8802841007624458,True,0.8802841007624458,mf=0.15
3,2.256963964533337,0.019622930936556485,-268.6766463747393,11.323353625260665,,-0.31311216643406037,0.011703373660757608,-120.22198222142613,19.778017778573847,8.454664153313184,-0.8587284444387582,True,0.8587284444387582,mf=0.15
4,2.3738176088480576,-0.007050794682075197,-279.3223705389953,0.6776294610046741,,0.17013188189423994,0.01586678899517122,-132.19081625361414,7.809183746385843,7.131554285381169,-0.944220116097244,True,0.944220116097244,mf=0.15
5,2.3032074731401844,0.002153941242280954,-276.15637394284835,3.843626057151606,,0.0539482338456819,0.038797775051547266,-127.37521949909674,12.62478050090323,8.781154443751623,-0.9098229964221197,True,0.9098229964221197,mf=0.15
6,2.460741645564934,0.01439388847062493,-276.8388097383996,3.16119026160031,,0.008631534121621284,-0.007244277587531643,-139.56532265041983,0.434677349580159,-2.726512912020151,-0.9968951617887132,True,0.9968951617887132,mf=0.15
7,2.4230877119178857,0.004791997127842578,-279.59849187769805,0.40150812230191774,,0.08258296953009989,-0.01161046020477831,-137.53454776126554,2.465452238734443,2.063944116432525,-0.9823896268661826,True,0.9823896268661826,mf=0.15
8,2.408212858044283,0.030846249743530434,-272.36768571748695,7.632314282512982,,0.01109130589729277,-0.02253568037985863,-135.91583134075097,4.084168659249015,-3.548145623263967,-0.9708273667196499,True,0.9708273667196499,mf=0.15
9,2.26921916941915,0.004146064610241389,-272.9524287881206,7.047571211879349,,-0.23618248038054304,0.02812851797390457,-122.71896028743406,17.281039712565928,10.233468500686577,-0.8765640020531005,True,0.8765640020531005,mf=0.15
10,2.362579370231458,0.01911852723728795,-276.5063626085772,3.4936373914227468,,0.1247181712088837,-0.017175147917132868,-134.49662695258195,5.503373047418027,2.00973565599528,-0.9606901925184427,True,0.9606901925184427,mf=0.15
11,2.400075183311995,-0.009785318976865657,-279.2347031902835,0.7652968097164883,,0.1618691121752801,0.015220129810575661,-132.89044443041882,7.109555569581163,6.344258759864675,-0.9492174602172774,True,0.9492174602172774,mf=0.15
12,2.412821301540045,0.0018516569497779905,-279.9053567966433,0.09464320335670175,,0.1147160980347846,-0.009636503562310784,-136.59176560589623,3.4082343941037463,3.3135911907470446,-0.9756554686135447,True,0.9756554686135447,mf=0.15
13,2.6290774963706913,0.03258213357616524,-250.85010950200768,29.14989049799228,,-0.1307326817389922,-0.016026015477976545,-134.49470060438088,5.505299395619105,-23.644591102373177,-0.960676432888435,True,0.960676432888435,mf=0.15
14,2.488963558494762,-0.0027435901644918665,-276.7207564755831,3.2792435244168776,,0.11749053195408128,0.002697134013513961,-137.14661325280545,2.853386747194523,-0.4258567772223545,-0.9796186660914676,True,0.9796186660914676,mf=0.15
15,2.3564313901174034,-0.0036718784934005456,-279.1167766189661,0.8832233810338547,,0.1781624870230678,0.015217908199081226,-131.8047223895705,8.195277610429502,7.312054229395647,-0.9414623027826464,True,0.9414623027826464,mf=0.15
16,2.336140077179255,-0.019156020837760065,-275.4038185444269,4.596181455573091,,-0.21902022848980557,0.02719688427560186,-124.6122432722089,15.387756727791077,10.791575272217985,-0.8900874519443495,True,0.8900874519443495,mf=0.15
17,2.4954731132462777,-0.008717448624979165,-275.68846344290614,4.311536557093799,,0.12503884156034079,0.013279796260215809,-135.42877733296126,4.571222667038713,0.259686109944914,-0.9673484095211521,True,0.9673484095211521,mf=0.15
18,2.5587911705103252,0.012851549821034985,-268.5526443430333,11.447355656966671,,0.03243951071913402,0.009162518609022592,-139.1139413613135,0.8860586386864889,-10.561297018280182,-0.993671009723668,True,0.993671009723668,mf=0.15
19,2.353554344745062,0.01594041233266846,-277.08805652148175,2.9119434785182174,,0.1559581241745069,-0.012572246239633026,-133.8489614112107,6.151038588789293,3.239095110271075,-0.9560640100800765,True,0.9560640100800765,mf=0.15
20,2.485521037622309,0.023265175329123308,-272.69787727343,7.302122726569962,,-0.034762192777032706,-0.0017677311236418715,-139.72806997148695,0.27193002851302317,-7.030192698056939,-0.9980576426534784,True,0.9980576426534784,mf=0.15
21,2.4361211205294815,-0.0030615858695355585,-279.39184190242133,0.6081580975786042,,0.13416841701582213,-0.002896216730609833,-136.29892984472306,3.701070155276913,3.092912057698309,-0.9735637846051649,True,0.9735637846051649,mf=0.15
0,2.4196942443799134,0.009675264025990058,-279.09319805148334,0.9068019485166224,,0.04791171770090149,-0.013708835079006792,-138.02921567892128,1.9707843210787024,1.0639823725620798,-0.9859229691351521,True,0.9859229691351521,mf=0.15
1,2.405425348967108,-0.0032406095992390557,-279.90402614212934,0.09597385787061605,,0.15591671148310018,-0.0015532329808000541,-135.09552284104737,4.904477158952617,4.808503301082002,-0.9649680202931956,True,0.9649680202931956,mf=0.15
2,2.3870453841524037,-0.025192857970482808,-274.8587209028415,5.141279097158404,,-0.20179560305513985,0.027745469954768957,-125.76095438813108,14.23904561186889,9.097766514710486,-0.8982925313437936,True,0.8982925313437936,mf=0.15
3,2.3465239626553807,-0.04266667487542202,-264.2828053509079,15.717194649092088,,0.32372325684161635,-0.02969384420938114,-113.07772319099632,26.922276809003655,11.205082159911568,-0.807698022792831,True,0.807698022792831,mf=0.15
4,2.413652069062091,0.015732768010132594,-277.94547988530513,2.0545201146948315,,0.01563789096654809,-0.0153495203340381,-138.06691138201316,1.9330886179868254,-0.12143149670800626,-0.986192224157237,True,0.986192224157237,mf=0.15
5,2.4825372900258627,0.01617852623992513,-275.13497788466776,4.865022115332222,,0.004970018433113552,-0.0032985326737344765,-139.90798750452333,0.09201249547665194,-4.77300961985557,-0.9993427678894525,True,0.9993427678894525,mf=0.15
6,2.4194321759433017,0.005208426726954603,-279.6287510570967,0.3712489429033008,,0.08203196511697805,-0.012108164787840015,-137.45856834764263,2.54143165235736,2.170182709454059,-0.981846916768876,True,0.981846916768876,mf=0.15
7,2.347149622456785,-0.0037849929646410793,-278.74517940106256,1.2548205989373966,,0.16675922836723572,0.02079429851412058,-130.96996943758825,9.030030562411719,7.775209963474323,-0.9354997816970592,True,0.9354997816970592,mf=0.15
8,2.4698356167551303,0.008664392645355791,-277.41196059616965,2.5880394038303063,,0.04606209872140455,-0.006572521447424912,-139.22143080549534,0.7785691945046418,-1.8094702093256645,-0.994438791467824,True,0.994438791467824,mf=0.15
9,2.4642365994856257,-0.005239941054108831,-278.09759544686904,1.9024045531309002,,0.1346291810947132,0.0027227484260370733,-136.2820467617341,3.7179532382658675,1.8155486851349674,-0.9734431911552438,True,0.9734431911552438,mf=0.15
10,2.3352005220322365,0.027981343052053298,-272.0297965420838,7.97020345791616,,0.2200406553294242,0.005704246752283966,-130.17853315087928,9.821466849120695,1.851263391204535,-0.9298466653634236,True,0.9298466653634236,mf=0.15
11,2.3460105450142184,-0.030482889269543796,-271.38348757666506,8.616512423334878,,-0.26280733817110724,-0.02866822858888181,-119.99332916625421,20.00667083374577,11.39015841041089,-0.8570952083303873,True,0.8570952083303873,mf=0.15
12,2.3588746336575057,-0.007118008840882894,-278.9040213842009,1.0959786157990554,,0.15476075737177503,0.022743301648929924,-131.05157339490012,8.94842660509987,7.852447989300815,-0.9360826671064295,True,0.9360826671064295,mf=0.15
13,2.4203729919813735,0.02348715410379392,-275.42126305144905,4.578736948550907,,-0.021677308957841483,-0.015602926973354019,-137.9581499799803,2.041850020019667,-2.5368869285312403,-0.9854153569998595,True,0.9854153569998595,mf=0.15
14,2.5089293738781446,0.011109061667010514,-274.20140451916524,5.798595480834709,,0.0430136786158801,-2.619016199484964e-05,-139.6220634204351,0.3779365795648671,-5.420658901269841,-0.9973004530031081,True,0.9973004530031081,mf=0.15
15,2.566513088301604,0.0101181723006232,-268.0658144186797,11.93418558132027,,0.04181560722160462,0.010919988686769721,-138.68973638882704,1.310263611172945,-10.623921970147325,-0.9906409742059076,True,0.9906409742059076,mf=0.15
16,2.399830015459646,-0.0047815692013784125,-279.81725411789796,0.182745882101999,,0.16625652937114246,0.0025296142999153212,-134.4076567214647,5.592343278535291,5.409597396433292,-0.9600546908676051,True,0.9600546908676051,mf=0.15
17,2.458439348823791,0.003633323978881471,-278.5008728167057,1.499127183294303,,0.0798724994139423,-0.007217962110975795,-138.28475444365424,1.7152455563457363,0.2161183730514332,-0.9877482460261019,True,0.9877482460261019,mf=0.15
18,2.5320239549063217,0.005895175414879915,-272.68173681396985,7.318263186030087,,0.07295683730117501,0.0048990726602213906,-138.7236715498553,1.276328450144673,-6.041934735885414,-0.9908833682132523,True,0.9908833682132523,mf=0.15
19,2.3504903353328075,-0.02812233160301407,-272.6781009666239,7.321899033376045,,-0.3038087938960386,-0.009441519369092452,-121.62580992736231,18.374190072637663,11.052291039261618,-0.8687557851954453,True,0.8687557851954453,mf=0.15
20,2.5619144102541975,0.03031098917901055,-262.134953030099,17.865046969900963,,-0.09686694656177897,0.003022347715902358,-138.02081195902701,1.9791880409729752,-15.88585892892799,-0.9858629425644787,True,0.9858629425644787,mf=0.15
21,2.2922473674669464,-0.010738574513346788,-274.36863236201975,5.631367637980226,,-0.2703797083264843,0.019399256718848425,-122.80986708412952,17.19013291587046,11.558765277890236,-0.8772133363152109,True,0.8772133363152109,mf=0.15
0,2.4217494669170283,-0.0055555409100023585,-279.55987383474405,0.4401261652558956,,0.15496810651922296,0.0017115973370671928,-135.14961954208513,4.850380457914841,4.410254292658944,-0.9653544253006083,True,0.9653544253006083,mf=0.15
1,2.5003284203579645,0.024934718043565098,-270.9431283263696,9.05687167363034,,-0.04196209750133285,0.0005084160837856786,-139.63823262683565,0.3617673731643362,-8.695104300466005,-0.9974159473345404,True,0.9974159473345404,mf=0.15
2,2.370218290418474,0.026907623764322722,-273.85071676093685,6.149283239063099,,0.11750004089558075,-0.019897775450619205,-134.0399335015745,5.960066498425477,-0.18921674063762156,-0.957428096439818,True,0.957428096439818,mf=0.15
3,2.421069988660765,-0.008511710907712793,-279.23940169217985,0.760598307820089,,0.16079141726169952,0.00855673153027428,-134.2251939924616,5.774806007538352,5.014207699718263,-0.9587513856604404,True,0.9587513856604404,mf=0.15
4,2.3369564464158503,-0.017384281381367522,-275.9633802915414,4.036619708458549,,-0.16792984253282078,0.03338074243729188,-125.4432392562349,14.55676074376508,10.520141035306532,-0.8960231375445351,True,0.8960231375445351,mf=0.15
5,2.424852877616876,0.007363168924514338,-279.3141152659695,0.6858847340304243,,0.06130005408654151,-0.012557585159974767,-137.97314332659747,2.026856673402519,1.340971939372095,-0.9855224523328392,True,0.9855224523328392,mf=0.15
6,2.504667027739302,0.02127039017311492,-271.93803537822953,8.061964621770443,,-0.017621484093673898,0.0012486813232099043,-139.92403831009733,0.07596168990264889,-7.9860029318677945,-0.9994574165006954,True,0.9994574165006954,mf=0.15
7,2.4398199212871226,-0.014682673492583046,-277.6290764389816,2.37092356101834,,0.12194975865104786,0.023339539257927283,-132.63713970243253,7.362860297567438,4.991936736549098,-0.9474081407316611,True,0.9474081407316611,mf=0.15
8,2.491662792490288,-0.013024980413847576,-275.22791324617253,4.772086753827446,,0.10757829688476904,0.0214791184384115,-133.96537111078538,6.0346288892145825,1.262542135387137,-0.9568955079341815,True,0.9568955079341815,mf=0.15
9,2.3481941839629856,-0.008387391728509191,-278.3419691868391,1.6580308131608854,,0.1124367032107193,0.03099259868609812,-129.76083508232918,10.23916491767081,8.581134104509925,-0.9268631077309227,True,0.9268631077309227,mf=0.15
10,2.3595790637053056,0.010140855484563418,-278.51049181127144,1.4895081887285,,0.1544067639614503,-0.010685332157289071,-134.2947898400064,5.705210159993589,4.215701971265089,-0.9592484988571887,True,0.9592484988571887,mf=0.15
11,2.33706426047633,-0.004791483514639136,-278.2008288246913,1.799171175308621,,0.13081068280003993,0.029138179639989742,-129.75751342655923,10.242486573440749,8.443315398132128,-0.9268393816182804,True,0.9268393816182804,mf=0.15
12,2.394096377213168,0.005566341606563441,-279.7381039379162,0.2618960620837199,,0.10918195776813694,-0.012764818521202065,-136.2805148053959,3.7194851946040806,3.457589132520361,-0.9734322486099708,True,0.9734322486099708,mf=0.15
13,2.33378730313507,0.024039459578250655,-273.59345423975407,6.406545760245863,,0.2140461355583447,0.002118434859668376,-130.89957128078467,9.100428719215312,2.693882958969449,-0.9349969377198906,True,0.9349969377198906,mf=0.15
14,2.306300035173025,-0.01032219054832683,-275.57970411636535,4.42029588363462,,-0.17264742894047144,0.03410419581621618,-124.73802557667794,15.261974423322036,10.841678539687416,-0.8909858969762712,True,0.8909858969762712,mf=0.15
15,2.4245073989378896,0.009969442819045762,-278.9600390819215,1.0399609180784917,,0.04243774830975311,-0.0131584515462199,-138.24826116742832,1.7517388325716525,0.7117779144931607,-0.9874875797673454,True,0.9874875797673454,mf=0.15
16,2.4030264553397016,-0.012999038566963954,-278.6457328259904,1.3542671740095156,,0.13531013284490648,0.02346504989212258,-131.90398848415444,8.09601151584554,6.741744341836023,-0.942171346315389,True,0.942171346315389,mf=0.15
17,2.242687923612408,-0.035624223600957385,-259.9140343002926,20.08596569970738,,0.05062811680704484,0.06601616293592692,-104.64463151873758,35.355368481262396,15.269402781555016,-0.7474616537052685,True,0.7474616537052685,mf=0.15
18,2.4217643505762836,-0.015001713355986764,-278.00758092607003,1.9924190739299268,,0.11724441128420726,0.02568939984786493,-131.94177249128643,8.058227508713543,6.065808434783616,-0.9424412320806176,True,0.9424412320806176,mf=0.15
19,2.4376178206363024,0.01614515349487719,-277.338344472829,2.6616555271709217,,-0.0015520151575146755,-0.011022240767744574,-139.0285091540156,0.9714908459843753,-1.6901646811865463,-0.9930607796715402,True,0.9930607796715402,mf=0.15
20,2.335065266856237,0.01424201390842285,-276.6592330617933,3.340766938206629,,0.20044702903155767,6.110278286481174e-05,-132.01817096266225,7.981829037337714,4.6410620991310845,-0.9429869354475877,True,0.9429869354475877,mf=0.15
21,2.318909772037559,0.0007207607013774824,-277.3187217527261,2.6812782472738768,,0.1296269762764486,0.030736500477235935,-129.0541607426817,10.945839257318278,8.264561010044401,-0.921815433876298,True,0.921815433876298,mf=0.15
0,2.323487036136887,0.026492270622203756,-272.00591115222477,7.9940888477751955,,0.20971737314136804,0.016490173498781124,-129.11347879813692,10.886521201863053,2.892432354087858,-0.9222391342724068,True,0.9222391342724068,mf=0.15
1,2.406092037404268,-0.005517588272862416,-279.7414983194042,0.25850168059576817,,0.16427124497464388,0.0031735459433118495,-134.5072742883018,5.492725711698186,5.234224031102418,-0.9607662449164416,True,0.9607662449164416,mf=0.15
2,2.4816804871089806,0.010758655931792607,-276.35883571692057,3.641164283079396,,0.036242745933945615,-0.004567343767968249,-139.56485484641502,0.4351451535849576,-3.2060191294944387,-0.996891820331536,True,0.996891820331536,mf=0.15
3,2.251573342099175,-0.0023695564611571273,-271.08622892518355,8.91377107481638,,-0.30875376523528814,-0.01928040382568686,-118.82699245143677,21.17300754856321,12.25923647374683,-0.848764231795977,True,0.848764231795977,mf=0.15
4,2.540491781948828,0.005374093377711206,-271.8099395233313,8.190060476668624,,0.07364156141748296,0.0068781070693092064,-138.51701708075694,1.482982919243039,-6.707077557425585,-0.9894072648625497,True,0.9894072648625497,mf=0.15
5,2.5648664698113546,-0.04721418362808362,-251.28195393029247,28.71804606970748,,0.0981804210380058,-0.04865460798626584,-119.12190360507208,20.878096394927905,-7.839949674779574,-0.8508707400362292,True,0.8508707400362292,mf=0.15
6,2.443461665772414,-0.018190720252280166,-276.58362091876273,3.416379081237223,,0.06688096133563104,0.03116565563162249,-131.32501792043618,8.67498207956379,5.258602998326568,-0.9380358422888301,True,0.9380358422888301,mf=0.15
7,2.34678579616139,0.008224313243233663,-278.30335636854727,1.6966436314526938,,0.18689266851383574,-0.002237598229603003,-132.99473651778257,7.005263482217419,5.308619850764725,-0.949962403698447,True,0.949962403698447,mf=0.15
8,2.4171161387505817,-0.015695786540193473,-277.91118266954686,2.0888173304531144,,0.10484194661487997,0.028029628737767365,-131.49031559026903,8.50968440973094,6.4208670792778255,-0.9392165399304933,True,0.9392165399304933,mf=0.15
9,2.495325872936283,0.010505242423316094,-275.4251348908892,4.574865109110748,,0.042287661453833454,-0.0023877177377156678,-139.58913633763862,0.4108636623613456,-4.164001446749402,-0.9970652595545618,True,0.9970652595545618,mf=0.15
10,2.3231822739030066,-0.007492298175580086,-277.1477144895121,2.852285510487831,,0.014368756950222487,0.03937753914187416,-127.56479569393257,12.435204306067414,9.582918795579582,-0.9111771120995185,True,0.9111771120995185,mf=0.15
11,2.4642654211597783,0.011194756643606654,-277.3139059382334,2.6860940617665725,,0.028695434776870712,-0.007236693941679503,-139.41311293182812,0.5868870681718481,-2.0992069935947244,-0.9958079495130582,True,0.9958079495130582,mf=0.15
12,2.3858280399182217,-0.009773506478351356,-279.1544011424809,0.8455988575190521,,0.15768802446445548,0.01904796557141014,-132.10533976486775,7.894660235132217,7.049061377613165,-0.9436095697490556,True,0.9436095697490556,mf=0.15
13,2.2973538595577354,-0.0070052931519629215,-275.330543392645,4.669456607354958,,-0.16541389399074116,0.03519290501393889,-124.61477015510467,15.385229844895306,10.715773237540349,-0.8901055011078907,True,0.8901055011078907,mf=0.15
14,2.346066085300299,0.0027425170531536437,-278.75242941271387,1.2475705872860954,,0.19228858930156462,0.007064289676719815,-132.23880975344147,7.761190246558504,6.513619659272409,-0.9445629268102964,True,0.9445629268102964,mf=0.15
15,2.3557460685990157,0.015000656447608358,-277.40153045885614,2.5984695411438308,,0.15078279184787974,-0.013006105332280365,-134.07400396100644,5.9259960389935395,3.3275264978497088,-0.9576714568643319,True,0.9576714568643319,mf=0.15
16,2.392201215767606,-0.0021312785829355925,-279.9388155918952,0.061184408104775725,,0.1624391562286205,-0.0016314069705579816,-134.6842480379888,5.315751962011188,5.254567553906412,-0.9620303431284916,True,0.9620303431284916,mf=0.15
17,2.40319607293933,0.015507755138226208,-278.07371900246125,1.9262809975387243,,0.03032896480960065,-0.016904007529501126,-137.52817807054436,2.471821929455635,0.5455409319169104,-0.9823441290753169,True,0.9823441290753169,mf=0.15
18,2.378560601406273,0.004920464814189116,-279.61852249482314,0.38147750517682677,,0.14033444862762887,-0.010136703179627757,-135.20792097086238,4.79207902913761,4.410601523960783,-0.9657708640775885,True,0.9657708640775885,mf=0.15
19,2.411895355893058,0.01607928850807288,-277.8757303903161,2.124269609683843,,0.01580489489981679,-0.015686850782009282,-137.98216089002443,2.0178391099755397,-0.10643049970830327,-0.9855868635001747,True,0.9855868635001747,mf=0.15
20,2.3314295664661815,0.008305983131278488,-277.5317086868767,2.468291313123239,,0.20012452306738154,0.008692983387012892,-131.43914964915706,8.560850350842905,6.092559037719665,-0.9388510689225507,True,0.9388510689225507,mf=0.15
21,2.4371265215751663,-0.01725879508189134,-277.0560178388006,2.9439821611993766,,0.08412550718405225,0.029635924899849436,-131.54022896327848,8.459771036721511,5.5157888755221345,-0.9395730640234178,True,0.9395730640234178,mf=0.15
0,2.37080625964147,-0.01769476347345246,-277.149096334671,2.8509036653289415,,-0.025857364989658158,0.038315306930941755,-128.12992546318546,11.870074536814519,9.019170871485576,-0.9152137533084678,True,0.9152137533084678,mf=0.15
1,2.4596327158825857,-0.008544408593663642,-277.9655297962751,2.0344702037248537,,0.14424249524371793,0.008613019668653996,-135.21540396062332,4.78459603937667,2.7501258356518163,-0.9658243140044523,True,0.9658243140044523,mf=0.15
2,2.478448899149883,-0.032110224686821474,-269.25294292008635,10.747057079913603,,-0.26673041001024483,0.009234727711113009,-125.49689366388307,14.503106336116904,3.756049256203301,-0.8964063833134507,True,0.8964063833134507,mf=0.15
3,2.4250034254080077,0.015234331391220966,-277.8894459715616,2.110554028438349,,0.008851773262032049,-0.013348357045344894,-138.55989457865198,1.4401054213479985,-0.6704486070903508,-0.9897135327046571,True,0.9897135327046571,mf=0.15
4,2.4487426419468994,0.029657482236552696,-271.999888092252,8.000111907747954,,-0.058749038855263884,-0.012426602213928292,-138.06161047327518,1.9383895267248066,-6.061722381023148,-0.9861543605233942,True,0.9861543605233942,mf=0.15
5,2.2730331943716413,-0.005390707601549622,-273.2500725655997,6.749927434400266,,-0.3011031489679034,0.011280967860685213,-121.61404396714157,18.385956032858402,11.636028598458136,-0.86867174262244,True,0.86867174262244,mf=0.15
6,2.51231746771891,0.010494169661552068,-274.00635432370404,5.993645676295935,,0.047336512048921406,0.0005185401107394643,-139.54026982607536,0.459730173924613,-5.533915502371322,-0.9967162130433956,True,0.9967162130433956,mf=0.15
7,2.343410075317525,0.005880511199617469,-278.41660853730565,1.583391462694301,,0.19390080714394564,0.003283759197647897,-132.43088114039423,7.5691188596057435,5.985727396911442,-0.9459348652885304,True,0.9459348652885304,mf=0.15
8,2.3955649902063927,0.006201228608638584,-279.6846030195054,0.31539698049456266,,0.10218134185888157,-0.013368073334959306,-136.45226999243752,3.5477300075624636,3.232333027067901,-0.9746590713745539,True,0.9746590713745539,mf=0.15
9,2.3778925726082365,0.0028586928908529386,-279.734819471538,0.26518052846196233,,0.15388983797929762,-0.007137285872330712,-134.8316798557728,5.1683201442272,4.903139615765237,-0.9630834275412343,True,0.9630834275412343,mf=0.15
10,2.4028447278503697,-0.009030118857226254,-279.3449627336181,0.6550372663818365,,0.16503365754436786,0.012561290435016978,-133.277316416867,6.722683583132996,6.06764631675116,-0.95198083154905,True,0.95198083154905,mf=0.15
11,2.3709418625981376,-0.0398712576047727,-266.94909277865327,13.050907221346705,,0.03082366443956666,-0.053780150778096995,-116.68926788521262,23.310732114787367,10.259824893440662,-0.8334947706086616,True,0.8334947706086616,mf=0.15
12,2.3015880896374648,-0.018460163893791084,-273.34228486345285,6.657715136547091,,-0.313350303116886,-0.004595128646703092,-121.12149523313299,18.878504766866993,12.220789630319903,-0.8651535373795215,True,0.8651535373795215,mf=0.15
13,2.656740724209988,-0.010995322530421063,-253.32615087411892,26.67384912588102,,-0.164713519817015,0.017284245057316135,-132.1714629929869,7.828537007013084,-18.845312118867938,-0.9440818785213351,True,0.9440818785213351,mf=0.15
14,2.3652444608250116,-0.017542772914653663,-277.046619347267,2.9533806527329984,,-0.041590726636402356,0.038517564463110956,-127.78904404391267,12.210955956087304,9.257575303354304,-0.9127788860279478,True,0.9127788860279478,mf=0.15
15,2.218375301541251,-0.015595333232204087,-264.88137051331034,15.118629486689604,,0.41003728531362255,-0.004581237668066493,-109.34042015621273,30.659579843787252,15.540950357097646,-0.7810030011158053,True,0.7810030011158053,mf=0.15
16,2.406453154806299,0.015329364854168347,-278.10482922703653,1.8951707729634073,,0.026509020989438973,-0.016415121877344268,-137.70272616116887,2.297273838831116,0.40210306586770844,-0.9835909011512063,True,0.9835909011512063,mf=0.15
17,2.3223450455322543,0.057423847343703247,-251.18890761138874,28.81109238861121,,0.14657273383030275,-0.05621100000060038,-110.42043834095077,29.57956165904921,0.7684692704379991,-0.788717416721077,True,0.788717416721077,mf=0.15
18,2.424843565618018,-0.015596201825436976,-277.8035340754478,2.196465924552151,,0.10940131572387192,0.02683095052690007,-131.81942098653573,8.180579013464232,5.98411308891208,-0.9415672927609697,True,0.9415672927609697,mf=0.15
19,2.3269800568729706,-0.0191899409776863,-274.88401337087834,5.115986629121616,,-0.2590178635673003,0.020149918334686368,-123.68314334200947,16.31685665799051,11.200870028868895,-0.8834510238714963,True,0.8834510238714963,mf=0.15
20,2.374984340529973,-0.03178000862789209,-271.67201490319326,8.327985096806676,,-0.29394520790315026,-0.015137941170072099,-121.56515064430405,18.434849355695924,10.106864258889248,-0.868322504602172,True,0.868322504602172,mf=0.15
21,2.3740025886680525,-0.0035622301630017176,-279.6222285622511,0.37777143774884625,,0.17971232980148827,0.006817522298310148,-133.17590424531426,6.824095754685733,6.446324316936886,-0.9512564588951019,True,0.9512564588951019,mf=0.15
0,2.442301014934906,-0.03102477481804917,-271.5759417340373,8.424058265962623,,-0.26108761113826606,0.013621534096748924,-125.2457847395047,14.754215260495279,6.330156994532656,-0.8946127481393195,True,0.8946127481393195,mf=0.15
1,2.488983284905512,0.004862008561386505,-276.5905642990191,3.409435700980884,,0.07467505590323675,-0.002983409281748755,-138.79288473177687,1.2071152682231112,-2.2023204327577726,-0.9913777480841206,True,0.9913777480841206,mf=0.15
2,2.3676193782091266,-0.013233002366891705,-278.17182563616785,1.8281743638321,,0.07806984891839432,0.03372228781893008,-129.6699317127669,10.330068287233068,8.501893923400967,-0.9262137979483352,True,0.9262137979483352,mf=0.15
3,2.30020506647327,0.0113486864828522,-274.92601574298214,5.073984257017799,,0.11464648157389729,0.03464138143059976,-127.7460504376601,12.25394956233988,7.17996530532208,-0.9124717888404295,True,0.9124717888404295,mf=0.15
4,2.393079593495314,-0.010958159132861082,-279.02066815135896,0.9793318486410085,,0.1513985638197531,0.020222549324122707,-132.1206664301045,7.879333569895461,6.900001721254453,-0.9437190459293181,True,0.9437190459293181,mf=0.15
5,2.2484326126783176,0.0021792697340972953,-270.72017016066036,9.279829839339579,,-0.31933985608795795,-0.014235149744391013,-119.00099488149333,20.999005118506652,11.719175279167073,-0.850007106296381,True,0.850007106296381,mf=0.15
6,2.2613889634926183,-0.0015329469116124022,-272.2307009072869,7.769299092713019,,-0.318752583718671,0.0028521865400394854,-120.62161527736212,19.37838472263786,11.609085629924841,-0.8615829662668724,True,0.8615829662668724,mf=0.15
7,2.349012772908684,-0.005205539529959949,-278.7219373572263,1.27806264277368,,0.15703671740923444,0.023147038478917522,-130.7634046797765,9.23659532022349,7.958532677449809,-0.9340243191412608,True,0.9340243191412608,mf=0.15
8,2.430663960389371,0.039715306617844004,-267.0091099372179,12.990890062782075,,0.05006806318976653,-0.02607897372782438,-134.05243351797824,5.947566482021745,-7.04332358076033,-0.9575173822712733,True,0.9575173822712733,mf=0.15
9,2.3781415652694116,0.004715795456871994,-279.626868393321,0.37313160667894996,,0.14236711247554512,-0.00979066784829291,-135.14887654056577,4.851123459434199,4.477991852755249,-0.9653491181468986,True,0.9653491181468986,mf=0.15
10,2.2275689616990673,-0.0064384419657351425,-267.76590382851055,12.234096171489407,,0.08568940561472649,-0.055731539175264126,-113.68161852719005,26.31838147280992,14.084285301320515,-0.8120115609085006,True,0.8120115609085006,mf=0.15
11,2.4068497398750215,0.0024551514809968435,-279.93263020812543,0.06736979187451568,,0.1161421120956759,-0.010205516189528216,-136.43548917861776,3.56451082138223,3.4971410295077145,-0.9745392084186983,True,0.9745392084186983,mf=0.15
12,2.43993533544339,-0.0005389085136643727,-279.3460127612543,0.6539872387456205,,0.11518788785693755,-0.006025028170878354,-137.0220651917179,2.9779348082820754,2.323947569536455,-0.9787290370836994,True,0.9787290370836994,mf=0.15
13,2.4435569786146747,-0.02144362832963536,-275.5497986890522,4.450201310947799,,-0.008378800029123432,0.03548302952258591,-129.92281399649087,10.077186003509116,5.626984692561317,-0.9280200999749348,True,0.9280200999749348,mf=0.15
14,2.389419184580293,-0.00155750138057566,-279.9348167836818,0.06518321631812872,,0.16255323484460207,-0.0021795117912587515,-134.66025718333464,5.339742816665343,5.274559600347215,-0.9618589798809618,True,0.9618589798809618,mf=0.15
15,2.418466775592418,0.008903323151437862,-279.22697405296793,0.7730259470320358,,0.054465771991516705,-0.013670560585241581,-137.90087140390096,2.0991285960990234,1.3261026490669876,-0.9850062243135784,True,0.9850062243135784,mf=0.15
16,2.4207109960537716,0.013337654761218827,-278.40278186244285,1.5972181375571306,,0.022888588550343977,-0.014001471852840548,-138.32603819652198,1.6739618034780062,0.07674366592087553,-0.9880431299751571,True,0.9880431299751571,mf=0.15
17,2.548023753595918,-0.012184199796602124,-269.9919097370078,10.008090262992146,,0.04228454142680594,0.02681007808564019,-133.8899584017201,6.11004159827989,-3.8980486647122556,-0.9563568457265722,True,0.9563568457265722,mf=0.15
18,2.258270123620787,0.05676335277888844,-246.14970304082738,33.85029695917258,,-0.19833308957511733,0.06403366101574774,-99.40947844233233,40.59052155766765,6.740224598495065,-0.7100677031595167,True,0.7100677031595167,mf=0.15
19,2.252733266737392,-0.018096623637065604,-268.6495824116428,11.35041758835713,,0.07867587729164834,-0.0552375422483993,-114.35322503383173,25.64677496616824,14.296357377811113,-0.8168087502416553,True,0.8168087502416553,mf=0.15
20,2.4615520422958284,0.021998954985942898,-274.58642375193324,5.413576248066742,,-0.032660051688189945,-0.006128878444204925,-139.4817666602472,0.5182333397527789,-4.895342908313964,-0.9962983332874802,True,0.9962983332874802,mf=0.15
21,2.4475879061686,-0.0040863276547523746,-278.9416494440078,1.0583505559921762,,0.1350843717761453,-0.0006698684756626923,-136.31325748819125,3.6867425118087187,2.6283919558165425,-0.973666124915652,True,0.973666124915652,mf=0.15
0,2.4890185052479508,-0.006464532741511074,-276.4429581509447,3.5570418490552522,,0.10830167485070664,-0.009996175252799925,-136.82266267498562,3.177337325014358,-0.3797045240408943,-0.9773047333927546,True,0.9773047333927546,mf=0.25
1,2.3777344679105683,0.0031055365520852377,-279.7201848438982,0.2798151561017556,,-0.02949960517686293,0.0004352317927567143,-139.82059965731554,0.17940034268443886,-0.10041481341731673,-0.9987185689808254,True,0.9987185689808254,mf=0.25
2,2.321577840548703,-0.00489520175177045,-277.3038438504978,2.6961561495021718,,-0.0976990310753145,-0.009061606402855832,-137.40487975817888,2.5951202418210904,-0.10103590768108131,-0.981463426844135,True,0.981463426844135,mf=0.25
3,2.399062218747594,-0.008642239295257183,-279.4026995341008,0.5973004658991262,,-0.03195084670317669,-0.011245919340403972,-138.78053805125793,1.2194619487420393,0.6221614828429132,-0.9912895575089854,True,0.9912895575089854,mf=0.25
4,2.247843459375354,-0.009686229206561228,-269.93747755739025,10.062522442609694,,0.11175686219654009,-0.028899531060621347,-130.79336043382432,9.20663956617565,-0.8558828764340443,-0.9342382888130311,True,0.9342382888130311,mf=0.25
5,2.385526069500879,-0.00164915359741603,-279.89257438611986,0.10742561388009574,,-0.03592392584639186,-0.0038374414262600824,-139.61858299801176,0.3814170019882151,0.27399138810811935,-0.9972755928429413,True,0.9972755928429413,mf=0.25
6,2.2602527900709557,-0.004902522947113259,-271.93161767855923,8.0683823214407,,-0.013868079585987885,-0.029759740608980626,-132.88223760895931,7.117762391040667,-0.9506199304000321,-0.9491588400639952,True,0.9491588400639952,mf=0.25
7,2.353775806448007,0.01445783381370611,-277.4566268041835,2.543373195816469,,-0.03803946580703384,0.009616692220201159,-138.9651918828797,1.0348081171202832,-1.508565078696186,-0.9926085134491408,True,0.9926085134491408,mf=0.25
8,2.4806283392969175,-0.014806014106460553,-275.60105642882473,4.398943571175193,,0.1253895500652527,-0.012114807353181854,-135.64767100005167,4.352328999948299,-0.046614571226894205,-0.968911935714655,True,0.968911935714655,mf=0.25
9,2.4426399665969,0.009395169569136646,-278.5517124450582,1.44828755494181,,0.0529748798839787,-0.0019365602424832019,-139.39718244983314,0.6028175501668459,-0.845470004774964,-0.9956941603559512,True,0.9956941603559512,mf=0.25
10,2.4078255076266926,-0.016197811347053153,-277.87798366239866,2.122016337601273,,0.0046828029130690195,-0.018889521496745394,-137.14370508396777,2.8562949160322058,0.7342785784309327,-0.9795978934569128,True,0.9795978934569128,mf=0.25
11,2.254995757308305,0.005809471316692192,-271.2594631577279,8.740536842272075,,-0.07276405445302306,-0.026955988417377647,-133.11369988466691,6.886300115333061,-1.8542367269390132,-0.9508121420333353,True,0.9508121420333353,mf=0.25
12,2.280620100244591,0.006110729439105566,-273.931696419816,6.0683035801839615,,-0.1279905486722195,-0.012519881182661539,-135.4362375085996,4.563762491400396,-1.5045410887835662,-0.9674016964899972,True,0.9674016964899972,mf=0.25
13,2.4048188720077497,-0.0158251027850019,-277.9889263182378,2.011073681762112,,-0.0016459631224379327,-0.018546323534380196,-137.25032216618752,2.749677833812469,0.7386041520503568,-0.9803594440441966,True,0.9803594440441966,mf=0.25
14,2.3688797683700678,0.003398215383748735,-279.5117961131421,0.48820388685782634,,-0.03783350442094821,0.0014218985407916031,-139.69136819632098,0.308631803679008,-0.17957208317881831,-0.9977954871165785,True,0.9977954871165785,mf=0.25
15,2.3793477101776523,0.03304543746735857,-271.09783497938804,8.902165020611903,,-0.09877587591861803,0.01631565951696851,-135.89089976310007,4.109100236899916,-4.793064783711987,-0.9706492840221435,True,0.9706492840221435,mf=0.25
16,2.390758469155178,-0.00968898794208526,-279.2147628239998,0.7852371760001617,,-0.039767115274855894,-0.011744595435412853,-138.5744636148511,1.4255363851488794,0.6402992091487176,-0.9898175972489366,True,0.9898175972489366,mf=0.25
17,2.501009202427031,0.02539136831382562,-270.70420271848724,9.295797281512716,,0.047381323277811034,0.02219853294164588,-135.60308695744004,4.396913042559931,-4.898884238952785,-0.968593478267429,True,0.968593478267429,mf=0.25
18,2.3609803043166098,0.02295634040977217,-275.1658843975473,4.83411560245268,,-0.04544763459449701,0.014274092818359932,-137.94969960333856,2.0503003966614197,-2.783815205791261,-0.9853549971667042,True,0.9853549971667042,mf=0.25
19,2.2896688345632246,-0.010418562479264851,-274.19666293429566,5.803337065704306,,-0.04400909936261293,-0.025378755843158636,-134.45662776898766,5.543372231012311,-0.25996483469199516,-0.9604044840641978,True,0.9604044840641978,mf=0.25
20,2.480255057693215,0.004398721251963615,-277.2228335375504,2.7771664624495416,,0.09005530270931081,-0.005289125321016698,-138.127360619841,1.8726393801589718,-0.9045270822905696,-0.9866240044274359,True,0.9866240044274359,mf=0.25
21,2.4153353410117773,0.013054506286935734,-278.5417400104737,1.458259989526265,,0.03537988610952077,0.0031639345498654767,-139.66419104374228,0.3358089562576956,-1.1224510332685693,-0.9976013645981593,True,0.9976013645981593,mf=0.25
0,2.401985725246939,0.04065761367758853,-266.78657489620764,13.213425103792304,,-0.16987712092027388,0.008957978654724637,-133.57857932572176,6.421420674278229,-6.792004429514075,-0.9541327094694412,True,0.9541327094694412,mf=0.25
1,2.535724327212883,0.02157406445722705,-268.84466780097273,11.155332199027255,,0.040954119183457094,0.025899546800298826,-134.2961394270228,5.703860572977175,-5.451471626050079,-0.9592581387644488,True,0.9592581387644488,mf=0.25
2,2.351341018682817,0.011419731371566851,-277.9907837776965,2.009216222303491,,-0.04313675194512465,0.0077978858051599795,-139.1339104094277,0.8660895905722913,-1.1431266317311999,-0.9938136457816265,True,0.9938136457816265,mf=0.25
3,2.4348832142726384,0.012844157911690347,-278.1841190351672,1.8158809648327618,,0.05355990869257027,0.0014658243284911647,-139.39728767666253,0.6027123233374366,-1.213168641495325,-0.9956949119761611,True,0.9956949119761611,mf=0.25
4,2.4253893308862122,0.004576091126902483,-279.56905259408626,0.43094740591368125,,0.020878166768060265,-0.004087282675202759,-139.7773476808418,0.22265231915816067,-0.20829508675552058,-0.9984096262917275,True,0.9984096262917275,mf=0.25
5,2.4077262840638056,0.011744230695079618,-278.87320943187893,1.1267905681210064,,0.025095257581058166,0.0028955448091310004,-139.8042333646926,0.19576663530738378,-0.9310239328136227,-0.9986016668906615,True,0.9986016668906615,mf=0.25
6,2.377653539837369,0.026834253919296388,-274.04062727058056,5.959372729419414,,-0.03954638388770614,0.01654425281033897,-137.49285049946866,2.5071495005313054,-3.4522232288881085,-0.9820917892819192,True,0.9820917892819192,mf=0.25
7,2.356351294441179,0.036908381887813,-268.334174666879,11.66582533312094,,-0.17112592957254194,0.0038353548709530168,-134.01888413645722,5.981115863542772,-5.684709469578168,-0.9572777438318373,True,0.9572777438318373,mf=0.25
8,2.5168777758149736,-0.029581423502753133,-267.47323408969487,12.526765910305087,,0.13136907776894974,0.030317818602205494,-129.16774905213302,10.832250947866948,-1.694514962438141,-0.9226267789438075,True,0.9226267789438075,mf=0.25
9,2.4150517210319538,0.030383865824927418,-272.52889265089425,7.471107349105713,,-0.01946986876966329,0.019590810789441294,-136.85499188179023,3.1450081182097582,-4.326099230895955,-0.9775356562985017,True,0.9775356562985017,mf=0.25
10,2.4194804696965235,0.004238757231366132,-279.70119849416534,0.2988015058346303,,0.013899429257786462,-0.0036682493988751484,-139.85294240416064,0.14705759583932804,-0.15174390999530227,-0.9989495886011477,True,0.9989495886011477,mf=0.25
11,2.4052282514579697,0.0052564209869194415,-279.7679875526799,0.23201244732002776,,0.003574702992886955,-0.001315468962296784,-139.98355569922714,0.016444300772843232,-0.21556814654718454,-0.9998825407087654,True,0.9998825407087654,mf=0.25
12,2.5396598567517437,-0.011794486543270177,-271.02159177020036,8.978408229799603,,0.16752946861562998,0.013407815447365502,-132.93856259248142,7.061437407518549,-1.9169708222810549,-0.9495611613748675,True,0.9495611613748675,mf=0.25
13,2.395278346129344,-0.008575613358597044,-279.40310779862176,0.5968922013781667,,-0.035940660002086657,-0.010896598740097232,-138.7870460048924,1.212953995107587,0.6160617937294204,-0.9913360428920887,True,0.9913360428920887,mf=0.25
14,2.330591875526616,0.020798552265842072,-274.5787831496716,5.421216850328363,,-0.0969407503577285,0.010219776235769466,-137.25617404351672,2.7438259564832665,-2.677390893845096,-0.9804012431679766,True,0.9804012431679766,mf=0.25
15,2.3132069240355606,-0.001572843184425564,-276.9154520444264,3.084547955573571,,-0.1064102238145297,-0.006885597208857595,-137.32404305823465,2.6759569417653264,-0.4085910138082444,-0.9808860218445333,True,0.9808860218445333,mf=0.25
16,2.4119470633918128,-0.010681930157943382,-279.02965124724415,0.9703487527558309,,-0.014522938941906002,-0.014116521582601833,-138.36416503027323,1.63583496972674,0.665486216970909,-0.9883154645019518,True,0.9883154645019518,mf=0.25
17,2.4124772290163308,0.004896074539803443,-279.74472917439033,0.2552708256096073,,0.009212116505736263,-0.0024252647062220803,-139.93563213675912,0.06436786324086533,-0.19090296236874194,-0.9995402295482795,True,0.9995402295482795,mf=0.25
18,2.274357271657262,-0.012067245876994606,-272.4521628544768,7.5478371455231805,,0.024417556826040573,-0.02965170287017948,-132.8509720923403,7.149027907659665,-0.398809237863515,-0.948935514945288,True,0.948935514945288,mf=0.25
19,2.4542897604973932,-0.0029231516635025902,-278.7285627439126,1.2714372560873273,,0.042200142915165356,-0.011109593512369483,-138.64976151288795,1.3502384871120183,0.07880123102469093,-0.9903554393777713,True,0.9903554393777713,mf=0.25
20,2.3521867692192084,0.011409415702865116,-278.0259307352347,1.9740692647652498,,-0.041830385419592865,0.007771775082297032,-139.15980380467417,0.8401961953257986,-1.1338730694394512,-0.9939985986048158,True,0.9939985986048158,mf=0.25
21,2.5358472268887273,-0.002018780836574841,-272.5188007745739,7.48119922542607,,0.15445557428434514,0.00839906964604478,-134.64053694568366,5.359463054316323,-2.121736171109748,-0.9617181210405977,True,0.9617181210405977,mf=0.25
0,2.338929941122197,-0.0017292355200840667,-278.4545363819885,1.545463618011505,,-0.08303293734280606,-0.0027728752395277667,-138.53540554814526,1.4645944518547276,-0.08086916615677724,-0.9895386110581805,True,0.9895386110581805,mf=0.25
1,2.3984423732256976,-0.0075804667812870066,-279.53973489635405,0.46026510364591383,,-0.03271985359507148,-0.010180785432052536,-138.95278678433874,1.047213215661232,0.586948112015318,-0.9925199056024198,True,0.9925199056024198,mf=0.25
2,2.429138413664538,0.03399083569120789,-270.41861638780165,9.581383612198314,,-0.053263499819422286,0.02136771067639115,-135.77173586182002,4.2282641381799495,-5.353119474018364,-0.9697981132987147,True,0.9697981132987147,mf=0.25
3,2.2884938493926685,0.006746872543240042,-274.5956634664077,5.4043365335922315,,-0.13034113783945772,-0.008095823903668635,-136.04397293194847,3.9560270680515135,-1.4483094655407178,-0.971742663799632,True,0.971742663799632,mf=0.25
4,2.526545103389403,-0.008463007631446567,-272.95261224212163,7.047387757878347,,0.1651048758516012,0.004052282215814862,-134.4025443870233,5.597455612976662,-1.449932144901685,-0.9600181741930238,True,0.9600181741930238,mf=0.25
5,2.41684264794627,-0.01626856638495347,-277.7686508105577,2.2313491894422732,,0.017469757237557143,-0.01897157815611907,-137.06094856842492,2.939051431575061,0.7077022421327877,-0.9790067754887496,True,0.9790067754887496,mf=0.25
6,2.4452020336145175,-0.00500386162120081,-278.9652694449362,1.0347305550637642,,0.02731408183883153,-0.012082868227199197,-138.68062154142385,1.3193784585761268,0.2846479035123626,-0.9905758681530277,True,0.9905758681530277,mf=0.25
7,2.3824997083289734,-0.014447349658584891,-278.20651439759513,1.7934856024048156,,-0.03311363242952399,-0.016882027468157274,-137.49803054141975,2.5019694585802137,0.7084838561753981,-0.9821287895815699,True,0.9821287895815699,mf=0.25
8,2.24732630703863,-0.01137832175953606,-269.5902641813032,10.40973581869676,,0.13950951697644556,-0.026709636838659657,-130.37321836742433,9.626781632575643,-0.7829541861211184,-0.9312372740530311,True,0.9312372740530311,mf=0.25
9,2.312824393503959,-0.008766525689986425,-276.2940654957585,3.705934504241439,,-0.08565887766399563,-0.01653989557332002,-136.32071430477208,3.679285695227884,-0.02664880901355502,-0.9737193878912294,True,0.9737193878912294,mf=0.25
10,2.2907961342600403,0.0079329530661691,-274.6607100754062,5.339289924593768,,-0.13145249365258443,-0.006291509251362779,-136.19341063692198,3.806589363077996,-1.5327005615157714,-0.9728100759780143,True,0.9728100759780143,mf=0.25
11,2.297771626933792,-0.002224296857342039,-275.7177033085704,4.2822966914295755,,-0.10964846619470527,-0.012579346939963775,-136.29756513222267,3.7024348677773147,-0.5798618236522607,-0.9735540366587334,True,0.9735540366587334,mf=0.25
12,2.4551926638498345,-0.003324541015178711,-278.6682572057267,1.3317427942732325,,0.04346699590211588,-0.011376874861275596,-138.57958610303083,1.4204138969691433,0.0886711026959109,-0.9898541864502204,True,0.9898541864502204,mf=0.25
13,2.4329975287788956,0.004113649525075089,-279.41967571854116,0.580324281458814,,0.027554345987579897,-0.0051406171653613116,-139.6335804613463,0.3664195386536673,-0.21390474280514676,-0.9973827175810452,True,0.9973827175810452,mf=0.25
14,2.413439005166967,0.011090069816037369,-278.9431400747934,1.0568599252065454,,0.028884738522433125,0.0017834842797867132,-139.80402489421166,0.19597510578832322,-0.860884819418222,-0.9986001778157977,True,0.9986001778157977,mf=0.25
15,2.468881053946145,-0.026182565670826174,-272.58673333533085,7.413266664669116,,0.19046256877937298,-0.0029933275587156714,-132.70156235439018,7.298437645609788,-0.11482901905932927,-0.9478683025313587,True,0.9478683025313587,mf=0.25
16,2.416218723549381,-0.004609198021900384,-279.7226146743175,0.27738532568244767,,-0.011002836358198128,-0.009381828538849758,-139.27175663761113,0.7282433623888304,0.45085803670638264,-0.9947982616972226,True,0.9947982616972226,mf=0.25
17,2.3591111733580097,-0.010485551313738094,-278.43814115950823,1.5618588404916978,,-0.06557226919420438,-0.012212773303351106,-137.9311901716074,2.0688098283925744,0.5069509879008768,-0.985222786940053,True,0.985222786940053,mf=0.25
18,2.388343800918549,-0.016886535289556418,-277.66534323372406,2.3346567662759177,,-0.011670676275551474,-0.019516659547942326,-136.92782793908822,3.0721720609117664,0.737515294635849,-0.9780559138506303,True,0.9780559138506303,mf=0.25
19,2.4472807158492644,0.016868883836593036,-276.81267171480283,3.1873282851971094,,0.07039724762235007,0.005271026531751902,-138.76792908294757,1.2320709170524111,-1.955257368144698,-0.9911994934496257,True,0.9911994934496257,mf=0.25
20,2.291789047395321,-0.009090542592145014,-274.5900092819399,5.409990718060034,,-0.062224834762860476,-0.023282406592122874,-134.87779869040313,5.122201309596842,-0.2877894084631923,-0.9634128477885939,True,0.9634128477885939,mf=0.25
21,2.3679533919213815,0.0036258433298696053,-279.475113835436,0.5248861645639619,,-0.038174230323072794,0.0016555217240564002,-139.6803359193721,0.31966408062786583,-0.20522208393609603,-0.9977166851383724,True,0.9977166851383724,mf=0.25
0,2.4300850149137525,0.013018999210896363,-278.27530526222426,1.724694737775675,,0.04933169892825098,0.0019196500087559328,-139.47365020759162,0.5263497924083713,-1.1983449453673036,-0.9962403586256545,True,0.9962403586256545,mf=0.25
1,2.4199344671142704,0.019278102837310133,-276.86713563833865,3.132864361661298,,0.045336727437293146,0.008745387688407531,-138.96893230458838,1.0310676954116,-2.101796666249698,-0.99263523074706,True,0.99263523074706,mf=0.25
2,2.5038778462916333,0.01240830976838868,-274.3897479935363,5.610252006463671,,0.11626721403232652,0.006771974976770381,-136.8955600835758,3.104439916424178,-2.5058120900394933,-0.9778254291683988,True,0.9778254291683988,mf=0.25
3,2.347173115396357,-0.01843885587171777,-276.1433356567846,3.856664343215371,,-0.012756505596494319,-0.023381297516469193,-135.5973789452142,4.402621054785799,0.5459567115704279,-0.96855270675153,True,0.96855270675153,mf=0.25
4,2.4463153387714147,0.018977241128037916,-276.24547784139304,3.7545221586069197,,0.06907385158719456,0.007751764402729882,-138.5472111864835,1.4527888135164804,-2.3017333450904394,-0.9896229370463109,True,0.9896229370463109,mf=0.25
5,2.2656099220024304,0.005185492288971777,-272.4933113963234,7.506688603676552,,-0.10372871002770728,-0.02146163559104126,-134.13506386384586,5.864936136154119,-1.6417524675224322,-0.9581075990274706,True,0.9581075990274706,mf=0.25
6,2.374683024252122,-0.020120237955834338,-276.50239273384574,3.4976072661542394,,0.01159563085533955,-0.022826587828179062,-135.8080216514488,4.191978348551192,0.6943710823969522,-0.9700572975103486,True,0.9700572975103486,mf=0.25
7,2.312725826915275,0.0219135476937289,-273.0633512676322,6.936648732367748,,-0.13587741143897344,0.004402388065645488,-136.11915248054828,3.88084751945169,-3.055801212916058,-0.9722796605753451,True,0.9722796605753451,mf=0.25
8,2.4507519398790056,0.01368304460356527,-277.4518814010746,2.5481185989253126,,0.07050786617340404,0.0018112582114211179,-138.96060287834965,1.0393971216503255,-1.508721477274987,-0.9925757348453548,True,0.9925757348453548,mf=0.25
9,2.3621108185070354,-0.003066392201066862,-279.33818251005283,0.661817489947113,,-0.061762869041660375,-0.003581130968319127,-139.11940804114641,0.8805919588535502,0.21877446890643729,-0.9937100574367603,True,0.9937100574367603,mf=0.25
10,2.2905795673915077,0.0011739901328691354,-275.1336380228419,4.866361977158033,,-0.11841139886651307,-0.011729014874478801,-136.06169821778477,3.9383017822152193,-0.928060194942814,-0.971869272984177,True,0.971869272984177,mf=0.25
11,2.376010455493642,0.0021107740181390555,-279.72906056927087,0.27093943072906956,,-0.03427940355768455,-0.00010593451288353598,-139.7597617008685,0.24023829913148825,-0.030701131597581314,-0.9982840121490608,True,0.9982840121490608,mf=0.25
12,2.446850271348896,-0.019855474917372017,-275.952579232094,4.047420767905913,,0.09925066444412967,-0.017647276135421937,-135.51047957121335,4.489520428786631,0.44209966088071806,-0.9679319969372383,True,0.9679319969372383,mf=0.25
13,2.3475250369640785,-0.028103249035477035,-272.56343159743136,7.436568402568578,,0.15424843236921645,-0.019690308687780277,-132.11826032142355,7.881739678576415,0.4451712760078371,-0.9437018594387399,True,0.9437018594387399,mf=0.25
14,2.3234020622724247,-0.002909836720171481,-277.5423684468854,2.4576315531145774,,-0.09823067455048011,-0.006192264917946087,-137.73368718822672,2.2663128117732514,-0.1913187413413261,-0.9838120513444768,True,0.9838120513444768,mf=0.25
15,2.3700125671707957,-0.009810567685718283,-278.8631222060318,1.136877793968158,,-0.05852001243393629,-0.011172097919107548,-138.30368966160015,1.6963103383998264,0.5594325444316683,-0.9878834975828584,True,0.9878834975828584,mf=0.25
16,2.3587708069985625,-0.00047676956147319133,-279.3036599901465,0.6963400098534548,,-0.05937627370434436,-0.0010936792618510857,-139.27116632027995,0.7288336797200412,0.03249366986658638,-0.9947940451448568,True,0.9947940451448568,mf=0.25
17,2.328280549854156,0.005632769864918491,-277.6500869656936,2.3499130343063546,,-0.08579746657043556,0.002915661877546012,-138.43443469151555,1.565565308484422,-0.7843477258219326,-0.9888173906536827,True,0.9888173906536827,mf=0.25
18,2.1531528025640876,0.005759114332139612,-255.88512746730134,24.114872532698616,,-0.0773350855640509,0.050135347429329256,-118.69262440911454,21.30737559088544,-2.807496941813177,-0.847804460065104,True,0.847804460065104,mf=0.25
19,2.6372837639955327,-0.004982119251795997,-257.69043029003245,22.3095697099675,,-0.23228608853917868,0.019098959750724002,-126.47187537314119,13.528124626858794,-8.781445083108705,-0.90337053837958,True,0.90337053837958,mf=0.25
20,2.475190473924232,0.006499501030360071,-277.35907703203407,2.640922967965906,,0.08576493620916899,-0.004067666768863439,-138.37126634338756,1.6287336566124202,-1.0121893113534857,-0.9883661881670541,True,0.9883661881670541,mf=0.25
21,2.3986003898617403,-0.042504279216733845,-265.5599721657279,14.440027834272062,,0.11383664817090484,0.037603151559931214,-126.07303004918285,13.926969950817133,-0.5130578834549281,-0.9005216432084491,True,0.9005216432084491,mf=0.25
0,2.419491745539733,0.00997518661645287,-279.0493381159378,0.9506618840621395,,0.03155931039771453,0.00031453753094636374,-139.79563384411446,0.2043661558855203,-0.7462957281766192,-0.9985402417436748,True,0.9985402417436748,mf=0.25
1,2.5086118689407506,0.002970899477683901,-275.14498832675855,4.855011673241416,,0.12842057213792357,-0.0005885749334118586,-136.66424253019957,3.335757469800412,-1.5192542034410035,-0.9761731609299971,True,0.9761731609299971,mf=0.25
2,2.271741063268272,0.00785918642834943,-272.8569247473954,7.143075252604581,,-0.12409151328471385,-0.016665624042279798,-134.6656169299996,5.334383070000369,-1.8086921826042128,-0.9618972637857116,True,0.9618972637857116,mf=0.25
3,2.391592703420536,-0.005333989961665236,-279.74369000789926,0.2563099921006964,,-0.03773684743296048,-0.0075173467947986915,-139.25736219930724,0.7426378006927435,0.4863278085920471,-0.9946954442807662,True,0.9946954442807662,mf=0.25
4,2.337870783986343,-0.018352534920297807,-275.73337692873696,4.266623071262978,,-0.00996917088970422,-0.024295184184087656,-135.2620959045075,4.737904095492465,0.47128102422948726,-0.9661578278893396,True,0.9661578278893396,mf=0.25
5,2.418760003796596,0.03967763579745877,-267.273469465285,12.72653053471491,,-0.14700938550081244,0.014403771911813558,-133.99033243367586,6.009667566324113,-6.716862968390796,-0.9570738030976849,True,0.9570738030976849,mf=0.25
6,2.4749783684812208,0.008352442312656841,-277.15205045951376,2.847949540486218,,0.08822933910909588,-0.002458303105921311,-138.36846601407095,1.6315339859290179,-1.2164155545571997,-0.9883461858147927,True,0.9883461858147927,mf=0.25
7,2.430781314669846,-0.009403381525738613,-278.9059430925081,1.0940569074918878,,0.008898871314468194,-0.014293313296028419,-138.35096007991086,1.649039920089113,0.5549830125972254,-0.9882211434279349,True,0.9882211434279349,mf=0.25
8,2.457506872062227,-0.0012510419525965206,-278.6378849058401,1.3621150941598534,,0.04855406182909439,-0.010123537712626128,-138.69950625550157,1.3004937444983973,-0.06162134966145632,-0.9907107589678686,True,0.9907107589678686,mf=0.25
9,2.319958756229678,-0.0010267004393219813,-277.38294197283784,2.6170580271620922,,-0.10136973183641641,-0.004679605897845604,-137.73881962753933,2.261180372460652,-0.35587765470144017,-0.9838487116252811,True,0.9838487116252811,mf=0.25
10,2.34503150172862,0.025091647738443437,-273.7346938626884,6.265306137311567,,-0.08987811731934663,0.012960709692759568,-137.01482436110328,2.985175638896695,-3.280130498414872,-0.9786773168650236,True,0.9786773168650236,mf=0.25
11,2.4578784046686994,-0.019358873728626193,-275.6376522330745,4.362347766925467,,0.11503954366232415,-0.015772048556175363,-135.3308737760689,4.669126223931083,0.3067784570056156,-0.9666490984004923,True,0.9666490984004923,mf=0.25
12,2.2997795766008777,0.016899501533176493,-273.6384894767196,6.361510523280376,,-0.13880238172507792,2.93598069469242e-05,-136.1141777817239,3.885822218276087,-2.4756883050042897,-0.9722441270123137,True,0.9722441270123137,mf=0.25
13,2.533461862152159,0.01325069373829221,-271.4039836125793,8.596016387420658,,0.10983874850588948,0.01731051598681113,-135.15893059399116,4.841069406008825,-3.7549469814118335,-0.9654209328142227,True,0.9654209328142227,mf=0.25
14,2.323787910840558,-0.01565636783357437,-275.67483884919784,4.325161150802143,,-0.03371701304527048,-0.023456210625724564,-135.37027676790376,4.629723232096228,0.3045620812940854,-0.9669305483421698,True,0.9669305483421698,mf=0.25
15,2.3907945232664134,-0.015165638987579591,-278.1271049146547,1.87289508534525,,-0.021344910151120285,-0.017734343702141626,-137.39316634238287,2.606833657617122,0.7339385722718718,-0.9813797595884491,True,0.9813797595884491,mf=0.25
16,2.3129043572519885,0.031127308829434968,-269.1700009064044,10.829999093595546,,-0.1711723132922228,-0.006004448405893274,-133.84518666185778,6.154813338142196,-4.67518575545335,-0.9560370475846985,True,0.9560370475846985,mf=0.25
17,2.449252346690559,0.007906224247238492,-278.5098007803711,1.4901992196288407,,0.056345360619406856,-0.003418971737765374,-139.25869177697945,0.7413082230205292,-0.7488909966083116,-0.9947049412641391,True,0.9947049412641391,mf=0.25
18,2.3026727179770496,0.0005915620571488604,-276.1487721047526,3.8512278952473507,,-0.11500996894084776,-0.007617687126426657,-136.85662104272095,3.1433789572790247,-0.7078489379683259,-0.9775472931622927,True,0.9775472931622927,mf=0.25
19,2.3894453229620316,-0.0059170501328259404,-279.6746041808692,0.3253958191307519,,-0.040566255688856814,-0.007871442348665018,-139.16859519058346,0.8314048094165216,0.5060089902857697,-0.9940613942184534,True,0.9940613942184534,mf=0.25
20,2.2785278799595017,-0.016384357275453895,-271.88277435889535,8.117225641104604,,0.08172215856496358,-0.02862912441803734,-132.08978879966278,7.910211200337191,-0.20701444076741235,-0.9434984914261629,True,0.9434984914261629,mf=0.25
21,2.3608160545023216,0.01838038277941272,-276.67244948394494,3.327550516054986,,-0.030134395929012528,0.01183904654681369,-138.6941380893367,1.3058619106632816,-2.0216886053917045,-0.9906724149238337,True,0.9906724149238337,mf=0.25
0,2.341658448685033,-0.017566578034006502,-276.14469005305807,3.855309946941863,,-0.021819121321648424,-0.023073446305193188,-135.6476168191451,4.3523831808548685,0.4970732339130059,-0.9689115487081795,True,0.9689115487081795,mf=0.25
1,2.5104805491078857,-0.007955968491009283,-274.54505645166796,5.454943548331977,,0.1485491029917521,-0.0035406860669369303,-135.45815359183413,4.541846408165832,-0.9130971401661448,-0.9675582399416727,True,0.9675582399416727,mf=0.25
2,2.343360082493392,-0.01766466025729432,-276.19672668144517,3.803273318554801,,-0.02120438981811032,-0.022986588756703737,-135.6849979097604,4.3150020902395685,0.5117287716847672,-0.9691785564982888,True,0.9691785564982888,mf=0.25
3,2.3315943056491046,-0.017260711867467384,-275.71106833679903,4.288931663200905,,-0.02018214372746651,-0.024019092061623473,-135.30574560717764,4.694254392822328,0.40532272962142424,-0.9664696114798405,True,0.9664696114798405,mf=0.25
4,2.3360707248072297,0.005536380654735974,-278.0880803663966,1.9119196336034006,,-0.0744730188362371,0.0035619937284292157,-138.7687305989147,1.231269401085281,-0.6806502325181195,-0.9912052185636766,True,0.9912052185636766,mf=0.25
5,2.3419844109107713,-0.013716098151442868,-277.1228435924051,2.877156407594862,,-0.058337473277176005,-0.018130988679027574,-136.678239757534,3.321760242465995,0.44460383487113303,-0.9762731411252429,True,0.9762731411252429,mf=0.25
6,2.4991798174510023,0.001861651654649822,-275.97703244209686,4.0229675579030895,,0.11673909549569869,-0.0038884133028688345,-137.1191980780652,2.8808019219347547,-1.1421656359683343,-0.9794228434147517,True,0.9794228434147517,mf=0.25
7,2.547812653099845,-0.015632336079811186,-269.25005879736347,10.749941202636494,,0.14972422354982626,0.022213296107257016,-131.54524170792112,8.454758292078846,-2.295182910557647,-0.9396088693422939,True,0.9396088693422939,mf=0.25
8,2.4185619029905077,0.01376080618364316,-278.34564263941843,1.6543573605815383,,0.039892382338638704,0.003472693777541793,-139.57848121393582,0.4215187860641506,-1.2328385745173875,-0.9969891515281132,True,0.9969891515281132,mf=0.25
9,2.477413478408509,-0.007828573079946088,-277.069274052342,2.9307259476579537,,0.08896231661547568,-0.012446645425070409,-137.152325075493,2.8476749245069697,-0.08305102315098391,-0.9796594648249503,True,0.9796594648249503,mf=0.25
10,2.3052289360265212,0.009894802295789453,-275.5672443068519,4.4327556931480885,,-0.11966004895864817,0.0006205622372904583,-137.09857825587147,2.9014217441285037,-1.5313339490195843,-0.9792755589705107,True,0.9792755589705107,mf=0.25
11,2.398546903618118,-0.005720069269804945,-279.73763049744986,0.2623695025501181,,-0.0313222662155186,-0.008496601125363577,-139.22247798478782,0.7775220152121652,0.5151525126620471,-0.9944462713199131,True,0.9944462713199131,mf=0.25
12,2.3924394781375273,-0.00020547713549159862,-279.9762794729433,0.023720527056664192,,-0.02543998066276841,-0.0034577265714856634,-139.7721269046883,0.22787309531169636,0.20415256825503217,-0.9983723350334879,True,0.9983723350334879,mf=0.25
13,2.4284555727872155,-0.006662620487625569,-279.3141617365657,0.685838263434214,,0.003027294677937904,-0.012089511948990831,-138.82998208307725,1.1700179169227218,0.4841796534885079,-0.9916427291648376,True,0.9916427291648376,mf=0.25
14,2.2876236165457113,0.012198373793369497,-273.69194887409276,6.308051125907216,,-0.13989543315741423,-0.006262217527783641,-135.7401913126585,4.2598086873414625,-2.0482424385657536,-0.9695727950904182,True,0.9695727950904182,mf=0.25
15,2.4035865402238805,-0.030238550236508885,-272.6867040466259,7.313295953374052,,0.18127041089704707,-0.012048614830446999,-132.27743143468305,7.722568565316931,0.4092726119428792,-0.9448387959620219,True,0.9448387959620219,mf=0.25
16,2.4372088840336543,-0.016183615072572623,-277.34089881836746,2.659101181632484,,0.049723193154963506,-0.018498125516630732,-136.76034557608565,3.239654423914311,0.5805532422818274,-0.9768596112577549,True,0.9768596112577549,mf=0.25
17,2.437989414402484,0.02770529252297104,-273.27537650039744,6.72462349960252,,0.025660047908243402,0.01816207541643341,-137.22899588640504,2.771004113594929,-3.95361938600759,-0.9802071134743219,True,0.9802071134743219,mf=0.25
18,2.4525159785798585,-0.015276236371664899,-277.0088962354126,2.9911037645873857,,0.07206030738187395,-0.017159047679265613,-136.58865349883345,3.411346501166523,0.42024273657913724,-0.975633239277382,True,0.975633239277382,mf=0.25
19,2.339609383974409,-0.014984061072605309,-276.71753840851903,3.2824615914809456,,-0.04824606990211101,-0.02017765686396707,-136.27067652813315,3.7293234718668304,0.446861880385885,-0.9733619752009512,True,0.9733619752009512,mf=0.25
20,2.3445321427638355,0.007679255716270352,-278.27287061943946,1.7271293805605135,,-0.05846918709868731,0.00541242737306898,-139.0683475397092,0.9316524602907756,-0.7954769202697377,-0.9933453395693516,True,0.9933453395693516,mf=0.25
21,2.2742558350441686,0.010777638934719776,-272.6774334553268,7.32256654467314,,-0.133723043106292,-0.014286789219111615,-134.75839118657808,5.24160881342189,-2.080957731251249,-0.9625599370469865,True,0.9625599370469865,mf=0.25
0,2.3718951894579847,0.019691018531720898,-276.57810320366934,3.421896796330614,,-0.01460705484597222,0.012325584015482841,-138.74215459281385,1.2578454071861223,-2.164051389144492,-0.9910153899486706,True,0.9910153899486706,mf=0.25
1,2.3057265735328363,0.01686068132643352,-274.1156383098181,5.884361690181831,,-0.13045896201766635,0.0026305071340277683,-136.50638018061443,3.493619819385558,-2.3907418707962735,-0.9750455727186745,True,0.9750455727186745,mf=0.25
2,2.362496440848906,0.012272838921332723,-278.2213624032216,1.7786375967783568,,-0.025601708629211274,0.007855673100878091,-139.37277107072185,0.6272289292781367,-1.1514086675002202,-0.995519793362299,True,0.995519793362299,mf=0.25
3,2.379777932095713,0.01458196062597081,-278.13330285685913,1.8666971431408346,,-0.00020132228363349897,0.008027622037948276,-139.4849380831152,0.5150619168847695,-1.3516352262560651,-0.996320986307966,True,0.996320986307966,mf=0.25
4,2.466741268273637,0.01975959056504094,-275.06310413739067,4.936895862609267,,0.08253181526351422,0.009779434801980782,-137.84928517082014,2.150714829179839,-2.786181033429429,-0.984637751220144,True,0.984637751220144,mf=0.25
5,2.365465021563528,0.031807635130061955,-271.4263782331262,8.573621766873798,,-0.10807349371018941,0.014498112617341083,-135.951251546729,4.048748453270988,-4.524873313602809,-0.9710803681909215,True,0.9710803681909215,mf=0.25
6,2.329181792132936,0.01705794142880871,-275.6302516014164,4.3697483985835825,,-0.08747358210531969,0.009279494999254989,-137.75540280961812,2.2445971903818673,-2.1251512082017148,-0.9839671629258439,True,0.9839671629258439,mf=0.25
7,2.3677892902688793,0.02507987869113211,-274.5486425753854,5.451357424614585,,-0.04480326259727409,0.01542683313610185,-137.6879192204029,2.312080779597072,-3.1392766450175134,-0.9834851372885923,True,0.9834851372885923,mf=0.25
8,2.3967245927151244,-0.007077851871598717,-279.5952227599691,0.4047772400308839,,-0.03431421721548444,-0.0095644956005612,-139.02822005230158,0.9717799476984043,0.5670027076675204,-0.9930587146592971,True,0.9930587146592971,mf=0.25
9,2.3631908942135844,-0.009058370766087254,-278.79046011754014,1.2095398824598416,,-0.06490628639448323,-0.01026917826987819,-138.29808963723065,1.7019103627693215,0.49237048030947994,-0.9878434974087905,True,0.9878434974087905,mf=0.25
10,2.475034310399543,0.007272766102912947,-277.28347905006564,2.716520949934308,,0.08671244236557733,-0.0034177880149122114,-138.37708062332482,1.6229193766751544,-1.0936015732591535,-0.9884077187380346,True,0.9884077187380346,mf=0.25
11,2.1951988894246535,-0.023632009010542798,-258.89305858268744,21.106941417312523,,-0.10749902339014272,0.047092741891139704,-119.93111267859825,20.06888732140173,-1.0380540959107942,-0.8566508048471305,True,0.8566508048471305,mf=0.25
12,2.360436324445226,0.022955488703318122,-275.14874874774125,4.851251252258718,,-0.04647222857312594,0.014251129849331478,-137.93573015531325,2.064269844686737,-2.786981407571982,-0.9852552153950948,True,0.9852552153950948,mf=0.25
13,2.4269544339753626,0.0014883095337412306,-279.6852348331331,0.3147651668668297,,0.013600964843840012,-0.006288198800961325,-139.64613526347875,0.3538647365212337,0.03909956965440398,-0.9974723947391341,True,0.9974723947391341,mf=0.25
14,2.37918544298323,-0.0068664095582238755,-279.4459970693587,0.5540029306412138,,-0.051180189578500984,-0.008110679090209016,-138.9394728239339,1.0605271760660873,0.5065242454248735,-0.9924248058852422,True,0.9924248058852422,mf=0.25
15,2.387945021675289,-0.003921056079885153,-279.81767568236944,0.18232431763049511,,-0.03886163545603538,-0.005945164268766369,-139.40894092968017,0.5910590703198032,0.40873475268930815,-0.9957781494977157,True,0.9957781494977157,mf=0.25
16,2.3144526919489974,0.022596492085220944,-272.94116151728576,7.058838482714213,,-0.135916363020753,0.004807405750494863,-136.08723188213395,3.912768117866041,-3.1460703648481716,-0.9720516563009568,True,0.9720516563009568,mf=0.25
17,2.330551624905573,0.002471393112579658,-277.985058561475,2.014941438524942,,-0.08677562074922339,0.0005427803838627247,-138.46587026377452,1.5341297362254713,-0.4808117022994708,-0.9890419304555323,True,0.9890419304555323,mf=0.25
18,2.4432958124477784,0.002245694619641574,-279.19389629507066,0.8061037049292761,,0.03467792483894,-0.007217702782731218,-139.3378727960021,0.6621272039978636,-0.14397650093141243,-0.9952705199714438,True,0.9952705199714438,mf=0.25
19,2.3198182232817244,0.011863027232794837,-276.2574561976803,3.7425438023196387,,-0.09769215420397907,0.005546046519907242,-137.81559445948477,2.1844055405152205,-1.558138261804418,-0.9843971032820341,True,0.9843971032820341,mf=0.25
20,2.4309735200879694,0.0007667611603378914,-279.6031141520262,0.39688584797378906,,0.016271989238060593,-0.007169886542746023,-139.53498303389847,0.46501696610149346,0.0681311181277044,-0.9966784502421322,True,0.9966784502421322,mf=0.25
21,2.389375476920402,-0.0018264502805035393,-279.9271637016471,0.0728362983528585,,-0.03273944422026227,-0.004355876306188831,-139.62928142067557,0.37071857932440855,0.29788228097155,-0.9973520101476828,True,0.9973520101476828,mf=0.25
0,2.4249623460506498,0.02333542891809661,-275.3929923606259,4.607007639374071,,0.041340848140844225,0.013095438748023533,-138.28023206145764,1.7197679385423392,-2.887239700831732,-0.9877159432961261,True,0.9877159432961261,mf=0.25
1,2.3228740170364017,-0.002022023261561433,-277.54444230649534,2.455557693504615,,-0.09881407320300414,-0.005239958744700877,-137.79751819337517,2.2024818066248066,-0.25307588687980814,-0.9842679870955371,True,0.9842679870955371,mf=0.25
2,2.2153614788059746,-0.009414588723284404,-265.6868613975927,14.313138602407285,,0.2574479686167675,-0.003926196939461778,-126.95546616829094,13.044533831709044,-1.26860477069824,-0.9068247583449354,True,0.9068247583449354,mf=0.25
3,2.381216846939057,0.0007933283192234405,-279.8506781009172,0.1493218990827684,,-0.033143681465171326,-0.001555863716450874,-139.75614075352937,0.2438592464706263,0.09453734738785788,-0.9982581482394955,True,0.9982581482394955,mf=0.25
4,2.4534305745851412,-0.008241720196917789,-278.29166506510256,1.7083349348973862,,0.04405006658951017,-0.014251045495920552,-137.98046344790228,2.0195365520976933,0.31120161720030726,-0.9855747389135879,True,0.9855747389135879,mf=0.25
5,2.3391052452108116,0.018217245661116335,-275.8347043544515,4.1652956455484516,,-0.07047281182103547,0.010993181893003023,-138.02194177141672,1.9780582285832644,-2.1872374169651874,-0.9858710126529767,True,0.9858710126529767,mf=0.25
6,2.2529769820478744,-0.0030532077324800285,-271.2209255791912,8.779074420808731,,-0.0002945336258122589,-0.03085099500835211,-132.39292005524933,7.6070799447506525,-1.1719944760580798,-0.9456637146803525,True,0.9456637146803525,mf=0.25
7,2.3039880381661457,-0.0062796290604927325,-275.9390191756598,4.060980824340176,,-0.09536420933453255,-0.015644215434612526,-136.1960363086679,3.803963691332062,-0.2570171330081146,-0.9728288307761995,True,0.9728288307761995,mf=0.25
8,2.4442300468130833,-0.0017771643762913361,-279.17560319320853,0.8243968067914353,,0.028247879069897317,-0.009931006192643192,-139.04862880675122,0.951371193248764,0.12697438645732864,-0.9932044914767946,True,0.9932044914767946,mf=0.25
9,2.3127943988304214,-0.007319754980391679,-276.4779583981515,3.522041601848477,,-0.0928237107349671,-0.014497854966223321,-136.56873755006458,3.431262449935382,-0.090779151913095,-0.9754909825004615,True,0.9754909825004615,mf=0.25
10,2.3270049669539463,-0.014767442445178428,-276.0857641496503,3.914235850349682,,-0.045891572185845726,-0.02181927858678966,-135.7648439485348,4.235156051465177,0.320920201115495,-0.9697488853466772,True,0.9697488853466772,mf=0.25
11,2.292992349373488,-0.03450398820499104,-265.83946795097967,14.160532049020295,,0.20717825959076677,0.026283158131839585,-125.96882330413906,14.03117669586091,-0.1293553531593859,-0.8997773093152792,True,0.8997773093152792,mf=0.25
12,2.3662181782293783,-0.011602972462001952,-278.4575214729882,1.542478527011729,,-0.05761074461534956,-0.013465721411070388,-137.87353107579526,2.126468924204726,0.5839903971929973,-0.9848109362556805,True,0.9848109362556805,mf=0.25
13,2.2803691692996506,0.01251818513852937,-272.95366047339957,7.04633952660041,,-0.1408752255552754,-0.010337994793749108,-135.1447613844371,4.855238615562899,-2.191100911037511,-0.9653197241745507,True,0.9653197241745507,mf=0.25
14,2.3619499712699064,0.014195725508167077,-277.7977243975505,2.2022756024494736,,-0.025080106880039973,0.009141409437958107,-139.20350865290976,0.7964913470902033,-1.4057842553592705,-0.9943107760922129,True,0.9943107760922129,mf=0.25
15,2.3859580591037197,0.0007996201533519498,-279.9142390242314,0.08576097576856331,,-0.02859153068347511,-0.0020312281763089145,-139.79991439433587,0.20008560566410752,0.1143246298955442,-0.9985708171023993,True,0.9985708171023993,mf=0.25
16,2.55491532453973,-0.00027254408478604613,-270.3519345948705,9.648065405129437,,0.13528254423332559,0.018788744904954916,-133.48471162773424,6.515288372265735,-3.1327770328637023,-0.9534622259123876,True,0.9534622259123876,mf=0.25
17,2.4111580191177753,0.020922345021855374,-276.45043202644104,3.5495679735589354,,0.034259158621256156,0.010968962644277366,-138.79850089722282,1.2014991027771436,-2.348068870781792,-0.9914178635515918,True,0.9914178635515918,mf=0.25
18,2.572155082588326,-0.002835389010269769,-268.07021286136506,11.929787138634907,,0.0964649844684452,0.02772492139271038,-131.96595134399772,8.034048656002259,-3.895738482632649,-0.9426139381714125,True,0.9426139381714125,mf=0.25
19,2.4019873697061143,-0.009019614895008986,-279.34817281615756,0.6518271838423747,,-0.02856440714243698,-0.01183502391553475,-138.71372553204273,1.2862744679572398,0.634447284114865,-0.9908123252288769,True,0.9908123252288769,mf=0.25
20,2.4090238977831624,-0.0348141980887272,-270.2796426430463,9.720357356953663,,0.22088109131032357,0.004910006304390302,-130.1753101061245,9.824689893875478,0.10433253692181436,-0.9298236436151751,True,0.9298236436151751,mf=0.25
21,2.3348884502749754,0.009944494366075737,-277.4806329561152,2.5193670438847824,,-0.07119209627911491,0.006512644180941938,-138.62814155443252,1.3718584455674598,-1.1475085983173223,-0.9902010111030896,True,0.9902010111030896,mf=0.25
0,2.3415304145548914,0.01730663276451257,-276.2110545814636,3.7889454185363283,,-0.0634800907263083,0.010844723445859648,-138.23819361366682,1.7618063863331463,-2.0271390322031815,-0.987415668669049,True,0.987415668669049,mf=0.25
1,2.494227899020762,0.030059288618651578,-269.16956826223173,10.830431737768231,,-0.00490811916015723,0.025029971691802398,-134.98782203264196,5.012177967358021,-5.818253770410211,-0.9641987288045856,True,0.9641987288045856,mf=0.25
2,2.485954793330951,-0.04475202994819892,-260.9870379558977,19.012962044102302,,-0.16511819108881706,0.037065415747498685,-123.5525690181248,16.44743098187518,-2.5655310622271212,-0.882518350129463,True,0.882518350129463,mf=0.25
3,2.3949925411848696,0.01046249703337008,-279.11486080331366,0.8851391966862788,,0.009443491113786834,0.0034090457248942677,-139.8888753515262,0.11112464847378388,-0.7740145482124949,-0.9992062525109016,True,0.9992062525109016,mf=0.25
4,2.4695096491554005,0.0008530968502597239,-278.02459918453604,1.9754008154639089,,0.06967482363652805,-0.008609955579195893,-138.4180494845335,1.5819505154664875,-0.39345029999742154,-0.9887003534609536,True,0.9887003534609536,mf=0.25
5,2.402855681791215,-0.03617180162685406,-269.53938007809376,10.460619921906186,,0.22199360295485462,0.009872103010960304,-129.49525162733036,10.50474837266961,0.0441284507634244,-0.9249660830523599,True,0.9249660830523599,mf=0.25
6,2.347842387969615,0.016908634395588432,-276.60427021851194,3.3957297814880056,,-0.05070437068412098,0.010979728999813908,-138.51159547085572,1.4884045291442607,-1.907325252343745,-0.989368539077541,True,0.989368539077541,mf=0.25
7,2.3843113501157926,-0.006320392696114434,-279.5800515023687,0.41994849763128517,,-0.04591700019156979,-0.007872553627972824,-139.07406196658332,0.9259380334166538,0.5059895357853686,-0.9933861569041668,True,0.9933861569041668,mf=0.25
8,2.506669162270345,0.0031404607870681514,-275.3049258914674,4.6950741085325545,,0.12603871180974263,-0.0010497128493727552,-136.77927787349506,3.220722126504904,-1.4743519820276505,-0.9769948419535364,True,0.9769948419535364,mf=0.25
9,2.2766254364294007,-0.011236700023025724,-272.8327389812349,7.167261018765022,,0.003725717754817945,-0.029089151203139516,-133.23414009539826,6.765859904601714,-0.40140111416330804,-0.9516724292528449,True,0.9516724292528449,mf=0.25
10,2.5071030635950997,0.002078756971683079,-275.31189679736616,4.688103202633814,,0.1272699669276367,-0.0016264285155505854,-136.7046257002123,3.295374299787683,-1.3927289028461312,-0.9764616121443737,True,0.9764616121443737,mf=0.25
11,2.4199811850012476,-0.02485700396807891,-274.8984349931482,5.101565006851764,,0.11727996505828188,-0.018927547839424713,-134.35136139301628,5.648638606983693,0.5470736001319287,-0.9596525813786879,True,0.9596525813786879,mf=0.25
12,2.46488407190038,-0.0011229300287144966,-278.2729721880905,1.72702781190948,,0.060457433147093315,-0.010019388620554797,-138.45201958881685,1.5479804111831195,-0.17904740072636044,-0.9889429970629777,True,0.9889429970629777,mf=0.25
13,2.443208452739279,-0.007690268870743162,-278.76461233775314,1.2353876622467994,,0.02568909496890546,-0.013731668892354897,-138.35803887449833,1.6419611255016457,0.40657346325484633,-0.9882717062464168,True,0.9882717062464168,mf=0.25
14,2.448082310688502,-0.006329429379992425,-278.73563240876183,1.2643675912381207,,0.03232575512041776,-0.013043583764875324,-138.42663213576304,1.5733678642369315,0.3090002729988109,-0.9887616581125933,True,0.9887616581125933,mf=0.25
15,2.5171294301362193,0.010703871112409426,-273.5277624568365,6.472237543163431,,0.12460340732550636,0.008829515408085282,-136.23690733015889,3.7630926698411042,-2.7091448733223276,-0.9731207666439922,True,0.9731207666439922,mf=0.25
16,2.4412435396138226,0.004669880285046576,-279.13069682918035,0.869303170819613,,0.03842057201578654,-0.0054193266637154415,-139.46365964002655,0.5363403599734253,-0.33296281084618756,-0.9961689974287612,True,0.9961689974287612,mf=0.25
17,2.2585618406414425,-0.02578480649801439,-266.62092735999784,13.379072640002116,,0.25140398022632254,0.009494862895624227,-126.93043086051391,13.069569139486074,-0.3095035005160414,-0.9066459347179566,True,0.9066459347179566,mf=0.25
18,2.382448468099836,0.009675451708854478,-279.12580048022335,0.8741995197766216,,-0.0055613884259117655,0.0043105042281898825,-139.8451709567657,0.15482904323426286,-0.7193704765423586,-0.9988940782626125,True,0.9988940782626125,mf=0.25
19,2.149012119010619,0.014177870467384592,-253.77334749656185,26.226652503438103,,-0.16848355123299072,0.04616811057313498,-117.27662159274993,22.72337840725005,-3.5032740961880533,-0.8376901542339282,True,0.8376901542339282,mf=0.25
20,2.325059632477846,-0.015792393985390334,-275.71863126944857,4.281368730551399,,-0.03319203411420812,-0.02339989576911636,-135.3985393743846,4.601460625615383,0.32009189506398317,-0.9671324241027472,True,0.9671324241027472,mf=0.25
21,2.4175324040717068,-0.014822798636383286,-278.11822204441876,1.8817779555812197,,0.009099022633658535,-0.017921507579324696,-137.41605558473313,2.583944415266854,0.7021664596856342,-0.9815432541766653,True,0.9815432541766653,mf=0.25
0,2.4535915379889115,-0.008037787332662602,-278.31118154709884,1.6888184529010886,,-0.07252103689408393,-0.00526240937113142,-138.70703127551002,1.2929687244899728,-0.39584972841111565,-0.990764509110786,True,0.990764509110786,mf=0.35
1,2.533543307044023,-0.008962737649620505,-272.1565964803889,7.8434035196110745,,0.044910510401636745,-0.025983306313753857,-134.1921077440105,5.807892255989462,-2.035511263621612,-0.958515055314361,True,0.958515055314361,mf=0.35
2,2.2376762145867044,0.022651773432980908,-265.32485167737593,14.675148322624016,,-0.21626701927924522,0.00926883166211037,-130.06610683956873,9.933893160431243,-4.741255162192774,-0.929043620282634,True,0.929043620282634,mf=0.35
3,2.373545350511023,0.0008226881116870207,-279.70843759389425,0.2915624061057119,,0.023554405883701016,0.002520888751270101,-139.8357721237824,0.16422787621759552,-0.12733452988811636,-0.9988269437413029,True,0.9988269437413029,mf=0.35
4,2.390312494357905,0.009310666411384628,-279.2687591944331,0.7312408055668996,,0.04091435133165912,-0.0043973929740135625,-139.50346524594602,0.4965347540539481,-0.2347060515129515,-0.996453323185329,True,0.996453323185329,mf=0.35
5,2.3076225577345393,0.012776660259941942,-275.2259778529985,4.77402214700145,,0.0672419660755664,0.016659779579135267,-136.85992309782768,3.140076902172294,-1.6339452448291563,-0.9775708792701979,True,0.9775708792701979,mf=0.35
6,2.2518261546076315,0.018864742560516817,-268.31647731546116,11.683522684538772,,-0.13866689310754393,0.022314302444394585,-132.1420076778951,7.857992322104872,-3.8255303624338994,-0.9438714834135367,True,0.9438714834135367,mf=0.35
7,2.4925195005088483,0.029148872100037523,-269.7292554579028,10.270744542097168,,0.1793026590536321,0.008483521795130714,-133.00086546077983,6.999134539220153,-3.271610002877016,-0.9500061818627132,True,0.9500061818627132,mf=0.35
8,2.284082038008703,0.025230199952392646,-269.4690238464641,10.53097615353585,,-0.04856610185438475,0.028485039546738294,-133.0333455957225,6.9666544042774765,-3.5643217492583728,-0.9502381828265895,True,0.9502381828265895,mf=0.35
9,2.427248949543694,-0.008433996174942815,-279.1278954486469,0.8721045513530464,,-0.05713346506439283,0.0004541739832752207,-139.33226239757445,0.6677376024255227,-0.20436694892752374,-0.9952304456969605,True,0.9952304456969605,mf=0.35
10,2.3909538855528867,-0.014202678336835722,-278.354324719296,1.6456752807039197,,-0.05944846797519949,0.007579905574536872,-138.81977611294275,1.1802238870572392,-0.4654513936466804,-0.9915698293781626,True,0.9915698293781626,mf=0.35
11,2.276281162851031,0.010504889846493348,-272.9258715361724,7.0741284638275745,,-0.010282038896266648,0.02426127454594087,-135.27395990276574,4.726040097234235,-2.3480883665933394,-0.9662425707340412,True,0.9662425707340412,mf=0.35
12,2.350350473221692,-0.0008106441573696014,-278.98812980662217,1.0118701933777945,,0.03209158149962455,0.0072989199188488426,-139.36371461655534,0.6362853834446288,-0.37558480993316573,-0.9954551044039669,True,0.9954551044039669,mf=0.35
13,2.368398677429732,-0.005693345628789555,-279.33269722557867,0.6673027744212645,,0.0016506093110606214,0.007313985323305781,-139.57189284267358,0.42810715732638976,-0.23919561709487475,-0.9969420917333829,True,0.9969420917333829,mf=0.35
14,2.429461588222198,-0.020372816599243972,-276.3278734984234,3.6721265015765416,,-0.11483148188901374,-0.0026290540794301513,-137.2734025170545,2.7265974829454684,-0.9455290186310731,-0.9805243036932466,True,0.9805243036932466,mf=0.35
15,2.54078137353094,0.02772045501133479,-265.86682612353525,14.133173876464705,,0.16113490803165462,0.023371969739385448,-130.42274827242701,9.577251727572966,-4.5559221488917405,-0.9315910590887645,True,0.9315910590887645,mf=0.35
16,2.4671514667038505,0.01416096653985685,-276.5586118056975,3.441388194302419,,0.04927091689773235,-0.01584144554396799,-137.49861385105658,2.5013861489434013,-0.9400020453590177,-0.9821329560789757,True,0.9821329560789757,mf=0.35
17,2.3724542263492463,-0.007069432032508051,-279.2903323232034,0.7096676767965603,,-0.007313493954360833,0.007549126834540599,-139.53357707118462,0.4664229288153428,-0.24324474798121745,-0.996668407651319,True,0.996668407651319,mf=0.35
18,2.5456030742269546,-0.0019290967940199834,-271.43043517852186,8.569564821478071,,0.1026235043972962,-0.022758465521575264,-133.72265925897662,6.277340741023366,-2.292224080454706,-0.955161851849833,True,0.955161851849833,mf=0.35
19,2.325391127273548,-0.011854328800799539,-276.60891884719075,3.3910811528091878,,-0.042043716385959135,0.015742258503809718,-137.65822711901527,2.3417728809847076,-1.04930827182448,-0.9832730508501092,True,0.9832730508501092,mf=0.35
20,2.426344091631911,0.027430660947892076,-273.7024023501556,6.29759764984435,,0.14578266564394812,-0.00014610366926748507,-135.71954154856547,4.280458451434514,-2.017139198409837,-0.9694252967754677,True,0.9694252967754677,mf=0.35
21,2.4155267398429356,0.01062839323593838,-278.998548327152,1.001451672848002,,0.028075087638659058,-0.00842864983872621,-139.27107019910227,0.7289298008977115,-0.27252187195029043,-0.9947933585650164,True,0.9947933585650164,mf=0.35
0,2.3023337640430768,0.033054761004125244,-267.39224160318264,12.607758396817308,,-0.08090595935096252,0.029502317052243876,-131.71098318303243,8.28901681696755,-4.318741579849759,-0.9407927370216603,True,0.9407927370216603,mf=0.35
1,2.4132757270244056,0.01976556086253272,-276.80544954458173,3.194550455418214,,0.0915874524609092,-0.007957275374453877,-137.78863785744107,2.211362142558912,-0.983188312859302,-0.9842045561245792,True,0.9842045561245792,mf=0.35
2,2.433235577370783,0.04289589259246113,-264.84196085540543,15.158039144594516,,-0.0066512725365598276,0.035125493115077656,-130.1298942343714,9.870105765628587,-5.287933378965929,-0.9294992445312243,True,0.9294992445312243,mf=0.35
3,2.482304937186794,0.02611534357991875,-271.79154331726573,8.208456682734209,,0.1677777450311662,-0.0016872328819755745,-134.3362617095201,5.663738290479866,-2.544718392254343,-0.9595447264965724,True,0.9595447264965724,mf=0.35
4,2.445269048194024,-0.014506972459373118,-277.4808919973411,2.519108002658867,,-0.09416016043532442,-0.0033305135134185974,-138.10952765951637,1.8904723404836044,-0.6286356621752628,-0.9864966261394028,True,0.9864966261394028,mf=0.35
5,2.2550026148806337,0.020371553118194566,-268.21313798832864,11.786862011671294,,-0.13473816955097365,0.023041931354101344,-132.09202609621659,7.907973903783392,-3.878888107887903,-0.943514472115833,True,0.943514472115833,mf=0.35
6,2.356361480540674,0.001907462780466109,-279.1929691457978,0.8070308542021343,,0.03967916673683985,0.004688713656855539,-139.50262316581805,0.49737683418192585,-0.3096540200202084,-0.9964473083272719,True,0.9964473083272719,mf=0.35
7,2.407541335583554,-0.019799523996258468,-276.84353546144933,3.1564645385505954,,-0.10530091988028144,0.0029433284222206983,-137.68099316767496,2.31900683232502,-0.8374577062255757,-0.9834356654833927,True,0.9834356654833927,mf=0.35
8,2.3065984443401195,0.009398288781183968,-275.7478747194422,4.252125280557738,,0.05913614273504095,0.01614925764384695,-137.20210470372436,2.7978952962756134,-1.4542299842821251,-0.9800150335980313,True,0.9800150335980313,mf=0.35
9,2.4040788185594693,-0.01312405032160666,-278.6165731905617,1.383426809438216,,-0.06134048655248048,0.005475827566021999,-138.99283340041814,1.007166599581856,-0.3762602098563601,-0.9928059528601296,True,0.9928059528601296,mf=0.35
10,2.5550725937514778,0.032120022637804065,-262.08751984150035,17.9124801584996,,0.033639459254531996,0.038177347641376896,-128.11968717414464,11.88031282585534,-6.032167332644263,-0.9151406226724619,True,0.9151406226724619,mf=0.35
11,2.319171634536005,-0.0015114016563105884,-277.32179657759633,2.67820342240365,,0.026477744890462084,0.01426299666945899,-138.23074993717177,1.769250062828214,-0.9089533595754363,-0.987362499551227,True,0.987362499551227,mf=0.35
12,2.4621049626377887,-0.009979194298691351,-277.6306555515473,2.3693444484526287,,-0.08173599369356427,-0.0073976157869846395,-138.20275361393513,1.7972463860648484,-0.5720980623877804,-0.9871625258138225,True,0.9871625258138225,mf=0.35
13,2.448523038942706,0.029300038427191217,-272.17702838192906,7.822971618070902,,0.1615999896158084,0.0030730517597291254,-134.68356947353774,5.316430526462233,-2.506541091608668,-0.9620254962395555,True,0.9620254962395555,mf=0.35
14,2.410364848022325,-0.009383834583027979,-279.2522712779067,0.7477287220932972,,-0.047081916375127215,0.003555986745190962,-139.44625524790217,0.5537447520977928,-0.19398396999550443,-0.9960446803421587,True,0.9960446803421587,mf=0.35
15,2.3098336351451776,-0.0015214369625408085,-276.67530273391793,3.3246972660820355,,0.01807574123255747,0.01639311955640675,-137.7853453408717,2.2146546591282994,-1.1100426069537361,-0.9841810381490835,True,0.9841810381490835,mf=0.35
16,2.5345611117766094,0.03874636239790965,-260.6910212416961,19.308978758303837,,-0.06645771291858102,0.0382644836890628,-127.39723882405683,12.602761175943144,-6.706217582360693,-0.9099802773146918,True,0.9099802773146918,mf=0.35
17,2.3669990891885115,0.007958448528818213,-279.0486177792301,0.9513822207698482,,0.05461915027277463,-2.953329792389228e-05,-139.39111532668315,0.6088846733168357,-0.3424975474530125,-0.9956508237620226,True,0.9956508237620226,mf=0.35
18,2.4675690613831964,0.010459718963633858,-277.2640769979547,2.7359230020452694,,0.018406871739796955,-0.01564432621896172,-137.97460925770557,2.0253907422944253,-0.710532259750844,-0.9855329232693255,True,0.9855329232693255,mf=0.35
19,2.4587700418841014,0.005932237136099386,-278.3093392170036,1.6906607829963993,,-0.014277370245453867,-0.012492010390848633,-138.71109068392553,1.2889093160744467,-0.4017514669219527,-0.9907935048851825,True,0.9907935048851825,mf=0.35
20,2.36432370751725,0.006279354360440173,-279.16465435140765,0.8353456485922965,,0.05024463568684916,0.001112165688708363,-139.47468959965715,0.5253104003428348,-0.31003524824946177,-0.9962477828546941,True,0.9962477828546941,mf=0.35
21,2.4266802583014657,0.034128101530673347,-270.39995132126023,9.60004867873975,,0.14612123111710604,0.016179418548530177,-133.60791086795655,6.392089132043422,-3.207959546696329,-0.9543422204854042,True,0.9543422204854042,mf=0.35
0,2.318017307976754,0.0033335575699460023,-277.17509535421635,2.8249046457836102,,0.048788610072356214,0.013058978363536415,-138.15096056474246,1.8490394352575288,-0.9758652105260816,-0.9867925754624463,True,0.9867925754624463,mf=0.35
1,2.5512627569924904,0.01191689326038914,-269.65960044879586,10.340399551204122,,0.18540712450372265,-0.007864262135299534,-132.64799061415673,7.352009385843242,-2.9883901653608804,-0.9474856472439769,True,0.9474856472439769,mf=0.35
2,2.440332160891851,-0.027956793983700746,-273.08859541041204,6.911404589587918,,-0.11674873622576619,-0.01733220935512296,-134.83862173775842,5.161378262241559,-1.7500263273463585,-0.9631330124125603,True,0.9631330124125603,mf=0.35
3,2.3625532104929645,-0.019771679018561354,-276.30254577657047,3.697454223429478,,-0.09748244022624152,0.009531936034641319,-137.34351274620727,2.656487253792703,-1.0409669696367752,-0.9810250910443379,True,0.9810250910443379,mf=0.35
4,2.372436249263457,-0.03730810049923692,-268.5647514067238,11.435248593276167,,-0.0761474842768637,-0.03041174476694551,-131.42698627475693,8.573013725243056,-2.8622348680331116,-0.9387641876768353,True,0.9387641876768353,mf=0.35
5,2.3853951294170597,0.040400508367365424,-266.8675082014574,13.132491798542548,,0.012729987473807436,0.03267311938957852,-131.43468086995262,8.565319130047355,-4.567172668495194,-0.9388191490710903,True,0.9388191490710903,mf=0.35
6,2.2813898926767533,-0.007496403351904198,-273.8544103129332,6.14558968706672,,-0.07951226257874344,0.019252028605954683,-135.75046976698735,4.249530233012636,-1.8960594540540838,-0.9696462126213383,True,0.9696462126213383,mf=0.35
7,2.3933460310917263,0.017310338953630957,-277.5869750060142,2.4130249939857658,,0.08268650096699406,-0.005662844960866259,-138.35218429633602,1.6478157036639698,-0.765209290321796,-0.9882298878309717,True,0.9882298878309717,mf=0.35
8,2.254698497099096,-0.03861429367757655,-259.57775870276345,20.422241297236482,,0.23650193912108403,-0.02375341788657787,-124.5046841215373,15.495315878462689,-4.926925418773792,-0.8893191722966951,True,0.8893191722966951,mf=0.35
9,2.3441227096660238,0.007038623014929157,-278.32966385851523,1.6703361414847213,,0.0647902127563292,0.00518519828622387,-138.92911287918713,1.070887120812838,-0.5994490206718831,-0.9923508062799083,True,0.9923508062799083,mf=0.35
10,2.4924642105969457,0.04248158823216829,-262.1003922940325,17.89960770596748,,-0.0539688145582661,0.03717987427986036,-128.35723046787226,11.642769532127714,-6.256838173839765,-0.916837360484802,True,0.916837360484802,mf=0.35
11,2.277076080251784,-0.03767805283727921,-262.53996804981387,17.460031950186096,,0.10762727228051151,-0.03679305703362594,-126.83099827467528,13.169001725324701,-4.2910302248613945,-0.9059357019619664,True,0.9059357019619664,mf=0.35
12,2.4970201685342013,0.023367959621826466,-271.8112952200003,8.188704779999656,,0.16550300511236363,-0.005151117015601797,-134.2958475314234,5.704152468576589,-2.4845523114230676,-0.9592560537958815,True,0.9592560537958815,mf=0.35
13,2.3288936246985195,-0.0024958460649353947,-277.88943961529,2.1105603847099776,,0.02589257462553431,0.01249654160848798,-138.61481016654662,1.385189833453348,-0.7253705512566296,-0.9901057869039046,True,0.9901057869039046,mf=0.35
14,2.3240281197635366,-0.009127862850511375,-276.98287372341804,3.0171262765819282,,-0.020230697598584254,0.015706710899505066,-137.94457151819506,2.0554284818049022,-0.961697794777026,-0.9853183679871078,True,0.9853183679871078,mf=0.35
15,2.442889845810994,-0.014430058878935703,-277.5842421752052,2.41575782479474,,-0.09292929322209943,-0.0026652439474200438,-138.18791222129335,1.8120877787066438,-0.6036700460880966,-0.9870565158663811,True,0.9870565158663811,mf=0.35
16,2.4270378847393133,0.0012690873666013163,-279.688224850445,0.3117751495549432,,-0.02164363257460318,-0.004632973359627523,-139.732661927271,0.2673380727289688,-0.044437076825974364,-0.9980904423376502,True,0.9980904423376502,mf=0.35
17,2.3922318968700096,0.010776755206501783,-279.04708736796573,0.9529126320342151,,0.04621274040334474,-0.0052053983885357565,-139.3472893548349,0.6527106451650697,-0.3002019868691454,-0.9953377811059638,True,0.9953377811059638,mf=0.35
18,2.4252436766687677,0.008280062735505992,-279.19147679525764,0.8085232047423219,,0.009476968899114752,-0.008626730499995324,-139.38683036390998,0.6131696360899926,-0.19535356865232914,-0.9956202168850715,True,0.9956202168850715,mf=0.35
19,2.392932972778766,0.02788217141351636,-273.7661341266421,6.233865873357854,,0.13925319825989113,0.0057059856118806965,-135.82903905455365,4.1709609454463425,-2.0629049279115117,-0.9702074218182404,True,0.9702074218182404,mf=0.35
20,2.4518914567817283,-0.0024289186597379617,-278.85345184890497,1.14654815109499,,-0.05091034985819249,-0.006802106927444089,-139.1010540509436,0.8989459490563828,-0.24760220203860725,-0.9935789575067401,True,0.9935789575067401,mf=0.35
21,2.3044835813764046,-0.026094206887119647,-270.85039663254713,9.149603367452837,,-0.17823244117732845,-0.0065056020508615945,-133.31251550900365,6.6874844909963365,-2.4621188764564996,-0.9522322536357405,True,0.9522322536357405,mf=0.35
0,2.4288924870405766,0.003911915594578647,-279.5364029817008,0.46359701829917516,,-0.012821700153725493,-0.006565003047122557,-139.6219101771668,0.3780898228331926,-0.08550719546598257,-0.9972993584083344,True,0.9972993584083344,mf=0.35
1,2.4226773473102567,0.01892264967381913,-276.9278794608173,3.0721205391826656,,0.08279192020002607,-0.009714445382143104,-137.85070242119775,2.1492975788022335,-0.9228229603804323,-0.9846478744371269,True,0.9846478744371269,mf=0.35
2,2.2911578660826484,-0.010088632592678259,-274.3819251656836,5.618074834316358,,-0.07855030290179016,0.01819073264648929,-136.09888991289282,3.901110087107173,-1.7169647472091858,-0.9721349279492345,True,0.9721349279492345,mf=0.35
3,2.20143735517308,-0.012064425696647018,-263.16331185288834,16.836688147111598,,-0.10400446611044446,-0.03547723685410574,-127.7453142256043,12.254685774395668,-4.582002372715929,-0.912466530182888,True,0.912466530182888,mf=0.35
4,2.302083429977742,0.013072654913766983,-274.73929224599704,5.260707754002938,,0.05851222073058083,0.018613098512333667,-136.53250060480536,3.467499395194627,-1.7932083588083114,-0.9752321471771812,True,0.9752321471771812,mf=0.35
5,2.1925004130168917,0.013569730355825014,-261.45715511625406,18.542844883745886,,-0.17475447578250952,-0.029383679505826942,-126.99005264853574,13.009947351464238,-5.532897532281648,-0.9070718046323983,True,0.9070718046323983,mf=0.35
6,2.5414216095177946,0.012305571147935717,-270.72633179445626,9.273668205543713,,0.1657434624983723,-0.01177685726978094,-133.3837621502594,6.616237849740577,-2.6574303558031356,-0.9527411582161387,True,0.9527411582161387,mf=0.35
7,2.432543081291631,-0.01122607981844854,-278.5598455071272,1.4401544928727574,,-0.07302927608568893,5.547766646537018e-05,-138.91332617861505,1.0866738213849207,-0.3534806714878367,-0.9922380441329649,True,0.9922380441329649,mf=0.35
8,2.409687846019033,0.03424940831454858,-270.5863168505237,9.413683149476258,,0.1357856304987556,0.01775803386103521,-133.75862455668698,6.241375443312983,-3.1723077061632745,-0.9554187468334787,True,0.9554187468334787,mf=0.35
9,2.415310935940221,-0.013081780392766126,-278.5363485205814,1.4636514794185653,,-0.06932496095815469,0.0035666550716460196,-138.9187439923474,1.0812560076525646,-0.3823954717660007,-0.9922767428024817,True,0.9922767428024817,mf=0.35
10,2.364333296654318,0.0038741922283524388,-279.3601161342934,0.6398838657065617,,0.04146968868671906,0.002234148663953481,-139.6087868493444,0.39121315065559387,-0.24867071505096788,-0.9972056203524601,True,0.9972056203524601,mf=0.35
11,2.3634580853624634,0.0004052737493761467,-279.4529604071635,0.5470395928364601,,0.029594962779209647,0.004315707389808851,-139.67210090613872,0.3278990938612439,-0.21914049897521623,-0.9976578636152769,True,0.9976578636152769,mf=0.35
12,2.3962838665130857,0.00993570046572005,-279.2053532563375,0.7946467436624751,,0.03884133010038568,-0.005511002367555638,-139.44901592136443,0.5509840786355295,-0.2436626650269457,-0.9960643994383176,True,0.9960643994383176,mf=0.35
13,2.3122694600495097,-0.024568374237192044,-272.04476553049466,7.9552344695052986,,-0.16994116158754277,-0.0001236705642868331,-134.21554487430944,5.784455125690529,-2.170779343814769,-0.9586824633879247,True,0.9586824633879247,mf=0.35
14,2.5213754876033994,0.006638761962921604,-273.6854623997933,6.314537600206644,,0.07088013176936823,-0.021187393405907504,-135.3882906284156,4.611709371584381,-1.7028282286222625,-0.9670592187743973,True,0.9670592187743973,mf=0.35
15,2.522840336278232,-0.02779057904175433,-267.7218402653129,12.278159734687039,,0.13005674480741145,-0.026806647435615335,-130.83926440581402,9.160735594185962,-3.117424140501077,-0.9345661743272431,True,0.9345661743272431,mf=0.35
16,2.4090286797937064,-0.012751348693937998,-278.66711075208235,1.3328892479175942,,-0.06287396737142076,0.004624532017157342,-139.02281279241578,0.9771872075841971,-0.3557020403333971,-0.9930200913743986,True,0.9930200913743986,mf=0.35
17,2.4243451578455995,-0.01210881338434023,-278.5857678228122,1.4142321771877595,,-0.07113582903918979,0.0018015435518310807,-138.94282267656928,1.0571773234306938,-0.35705485375706586,-0.9924487334040665,True,0.9924487334040665,mf=0.35
18,2.3464393075090912,0.008065106329220752,-278.30901200295847,1.690987997041471,,0.06767890425447465,0.00437483042808436,-138.91326041452822,1.0867395854717674,-0.6042484115697034,-0.9922375743894873,True,0.9922375743894873,mf=0.35
19,2.327142306768491,-0.016954705640984405,-275.53934334822327,4.4606566517766755,,-0.08949886616378958,0.013812706272121573,-136.84626257942287,3.153737420577097,-1.3069192311995785,-0.977473304138735,True,0.977473304138735,mf=0.35
20,2.298827882580334,-0.010026812246842256,-275.04028297112126,4.9597170288786785,,-0.06220442051725487,0.01818254626245655,-136.56843740440183,3.431562595598147,-1.5281544332805315,-0.9754888386028704,True,0.9754888386028704,mf=0.35
21,2.629093517344717,-0.030174017519535922,-252.05517642090228,27.944823579097683,,-0.18844084307726128,0.03983887314255063,-120.2367926262999,19.763207373700084,-8.181616205397601,-0.8588342330449994,True,0.8588342330449994,mf=0.35
0,2.2718568440503315,-0.007833794145107946,-272.87196578054574,7.128034219454215,,-0.1084400036210084,0.017942628356820874,-135.04220087801698,4.957799121982994,-2.170235097471221,-0.9645871491286929,True,0.9645871491286929,mf=0.35
1,2.4794408070602842,0.004958269351668665,-277.2336891445152,2.766310855484724,,-0.012951050459176664,-0.015993115514149094,-137.92139549303076,2.0786045069692243,-0.6877063485155002,-0.9851528249502198,True,0.9851528249502198,mf=0.35
2,2.384622086801126,0.01063636726258569,-278.99907400113295,1.0009259988670278,,0.051748144020098745,-0.003962468014538969,-139.3278380341304,0.672161965869573,-0.32876403299745477,-0.9951988431009317,True,0.9951988431009317,mf=0.35
3,2.51888750203362,-0.0002924135119929754,-274.2764684288681,5.723531571131882,,0.02038087112005094,-0.022789528421253334,-135.76409527300294,4.235904726997039,-1.4876268441348428,-0.9697435376643069,True,0.9697435376643069,mf=0.35
4,2.4759893478164083,0.03912782099136037,-265.4114138436976,14.588586156302359,,0.06903739551406944,0.032857158490128574,-130.39993166879617,9.600068331203811,-4.9885178250985485,-0.9314280833485442,True,0.9314280833485442,mf=0.35
5,2.3220453762461806,0.026396735986498533,-271.9559856970092,8.04401430299074,,0.06845826687095848,0.023275795564333793,-134.7146749723301,5.285325027669869,-2.7586892753208705,-0.9622476783737867,True,0.9622476783737867,mf=0.35
6,2.3609179918346883,-0.014337624085553302,-277.73287219610364,2.2671278038963374,,-0.050007648602494986,0.011612071119206592,-138.41171710997483,1.5882828900251602,-0.6788449138711774,-0.988655122214106,True,0.988655122214106,mf=0.35
7,2.364710496079847,0.011178317016256793,-278.49231459391365,1.5076854060863347,,0.06950172863968886,-0.0003513408116093034,-139.01444497236744,0.9855550276325328,-0.522130378453802,-0.9929603212311962,True,0.9929603212311962,mf=0.35
8,2.314622585617579,0.004505152543311121,-276.87164173239444,3.1283582676055297,,0.05121324690156596,0.013772351381001713,-137.94856513602568,2.051434863974294,-1.0769234036312356,-0.9853468938287551,True,0.9853468938287551,mf=0.35
9,2.5037472252512325,-0.01832313965006898,-272.9478756087677,7.052124391232283,,-0.03752835164504382,-0.024965465282301775,-134.73074648095522,5.26925351904477,-1.7828708721875133,-0.962362474863966,True,0.962362474863966,mf=0.35
10,2.5243801155271557,0.037261349918397496,-262.6454840082965,17.35451599170348,,0.014690524222693731,0.037715500658518135,-128.58696603777273,11.413033962227246,-5.941482029476234,-0.9184783288412339,True,0.9184783288412339,mf=0.35
11,2.275946077126183,0.0001708327607647022,-273.77441273451973,6.225587265480247,,-0.04192930583146809,0.02199887533552373,-135.7729211875339,4.227078812466075,-1.9985084530141712,-0.9698065799109566,True,0.9698065799109566,mf=0.35
12,2.277563603817918,-0.0016949673951027315,-273.9112096362106,6.088790363789387,,-0.04791346443620149,0.02145751474369589,-135.8513032169287,4.148696783071285,-1.9400935807181017,-0.9703664515494909,True,0.9703664515494909,mf=0.35
13,2.464851898334317,-0.002071612399449373,-278.2504473878744,1.7495526121256066,,-0.052795050067856016,-0.009870751859696622,-138.6523148705196,1.3476851294803687,-0.401867482645238,-0.9903736776465688,True,0.9903736776465688,mf=0.35
14,2.3915476715466384,0.012643364226968856,-278.69314903811426,1.306850961885713,,0.056324230214585574,-0.005556200675937471,-139.105865794194,0.894134205806002,-0.4127167560797109,-0.9936133271013857,True,0.9936133271013857,mf=0.35
15,2.4261460515321813,0.01172120050044165,-278.6224290425938,1.3775709574061503,,0.02862166194226837,-0.010254776439009435,-138.99205103595793,1.0079489640420447,-0.36962199336410545,-0.9928003645425568,True,0.9928003645425568,mf=0.35
16,2.3491287645949637,-0.0072127633139008876,-278.5275306299153,1.472469370084656,,0.0009074446221320928,0.011052123513983667,-139.0235612707823,0.9764387292176967,-0.4960306408669593,-0.993025437648445,True,0.993025437648445,mf=0.35
17,2.3458277796623066,0.00726527605217665,-278.38017540398494,1.6198245960150088,,0.06496769467252532,0.004711375200766291,-138.9619094642811,1.038090535718886,-0.5817340602961228,-0.9925850676020079,True,0.9925850676020079,mf=0.35
18,2.504471244941257,-0.039337401921478644,-263.20280043047035,16.797199569529617,,0.24573775140841267,-0.009868462080954658,-127.39905488909854,12.600945110901435,-4.196254458628182,-0.9099932492078469,True,0.9099932492078469,mf=0.35
19,2.417559619355606,-0.0064335770676139685,-279.5430764354612,0.45692356453872474,,-0.04098910954785995,0.001204852525829128,-139.64516359448152,0.35483640551847373,-0.10208715902025098,-0.9974654542462966,True,0.9974654542462966,mf=0.35
20,2.390270221298599,-0.011868057201625625,-278.8355355009653,1.164464499034664,,-0.044464389748666996,0.0072757972530784944,-139.17308681044642,0.826913189553548,-0.33755130948111595,-0.9940934772174747,True,0.9940934772174747,mf=0.35
21,2.4421769678568657,0.0011324360633412146,-279.2629707592013,0.7370292407986474,,-0.032260244127886896,-0.0068931282036763086,-139.4075264100859,0.5924735899140784,-0.14455565088456893,-0.995768045786328,True,0.995768045786328,mf=0.35
0,2.30032693586913,0.007476972323718174,-275.51836529347804,4.481634706521925,,0.044705883547045674,0.017874585314423347,-137.03820531797234,2.96179468202763,-1.519840024494295,-0.9788443236998027,True,0.9788443236998027,mf=0.35
1,2.270008240137657,-0.014935812012419104,-271.3889912443294,8.611008755670555,,-0.16736324314001053,0.008023831029203062,-133.8717192993904,6.128280700609563,-2.482728055060992,-0.9562265664242174,True,0.9562265664242174,mf=0.35
2,2.4475492184379317,-0.013384594546901213,-277.64478621203074,2.3552137879691912,,-0.09049927195587361,-0.003664846164740998,-138.22739816889083,1.7726018311091432,-0.5826119568600483,-0.9873385583492204,True,0.9873385583492204,mf=0.35
3,2.405203490237983,0.02267395110312415,-275.87995309332115,4.120046906678789,,0.11459384708170825,-0.004324112759938872,-137.1901428440727,2.8098571559272782,-1.3101897507515108,-0.9799295917433766,True,0.9799295917433766,mf=0.35
4,2.269874679719919,0.0010396660540141747,-273.1494250815879,6.850574918412065,,-0.05674851144487014,0.022378761683381012,-135.34015710324158,4.659842896758397,-2.1907320216536683,-0.9667154078802972,True,0.9667154078802972,mf=0.35
5,2.481396349779639,-0.0039048827596062097,-277.1808513905206,2.819148609479313,,-0.05620464359697567,-0.01366326980570903,-137.8632771747759,2.136722825224089,-0.6824257842552244,-0.9847376941055422,True,0.9847376941055422,mf=0.35
6,2.329773292760649,0.007558413920982395,-277.5331127177691,2.4668872822308807,,0.06877465154604306,0.008918738042966983,-138.4001041487699,1.5998958512300767,-0.8669914310008039,-0.9885721724912138,True,0.9885721724912138,mf=0.35
7,2.483771822686952,0.021684364063581266,-273.3856742523255,6.614325747674481,,0.13742568545523237,-0.010220425111514017,-135.3549655257171,4.645034474282893,-1.9692912733915875,-0.9668211823265508,True,0.9668211823265508,mf=0.35
8,2.5173941719645385,-0.025732720110442937,-269.12621549612516,10.873784503874802,,0.07757090023418953,-0.029362178592385726,-131.8840339999515,8.11596600004849,-2.7578185038263126,-0.9420288142853679,True,0.9420288142853679,mf=0.35
9,2.3187501016066836,-0.02738228922279296,-271.3197323520673,8.680267647932617,,-0.17346324109223732,-0.006517132763605589,-133.63924040252851,6.360759597471462,-2.319508050461154,-0.9545660028752039,True,0.9545660028752039,mf=0.35
10,2.4126429296273604,-0.01579102609846731,-277.9416541924243,2.0583458075756216,,-0.08278104860430757,0.0038585867241419324,-138.48631899504318,1.5136810049567944,-0.5446648026188271,-0.9891879928217372,True,0.9891879928217372,mf=0.35
11,2.1912912743663284,0.018154939909616464,-260.1012909101353,19.898709089864674,,-0.1455719934587245,-0.03476338265850297,-126.07309491932561,13.926905080674372,-5.9718040091903015,-0.9005221065666116,True,0.9005221065666116,mf=0.35
12,2.3484046525475333,0.03627333032266817,-268.3970209934197,11.602979006580277,,0.01727551634715571,0.030684209704344215,-132.41393395551302,7.586066044486971,-4.016912962093306,-0.9458138139679502,True,0.9458138139679502,mf=0.35
13,2.324949667141169,0.01606890980839432,-275.6415245798232,4.358475420176751,,0.09081725037599211,0.012164139859262907,-137.1404833925543,2.8595166074456637,-1.4989588127310869,-0.9795748813753881,True,0.9795748813753881,mf=0.35
14,2.434397206282156,0.0003996381725548236,-279.5151223687599,0.48487763124009287,,-0.030209924543891237,-0.005185437826510521,-139.59854318103444,0.4014568189655437,-0.08342081227454923,-0.9971324512931032,True,0.9971324512931032,mf=0.35
15,2.3621325668659843,0.0029712681484048513,-279.3434453677655,0.6565546322344207,,0.03981508578100881,0.0030877586761139655,-139.59992217040548,0.40007782959448934,-0.25647680263993133,-0.9971423012171822,True,0.9971423012171822,mf=0.35
16,2.5051000406935415,-0.01957055585946173,-272.45632654529123,7.543673454708707,,-0.027612393892647493,-0.026183378302975062,-134.3647717829147,5.635228217085296,-1.908445237623412,-0.9597483698779622,True,0.9597483698779622,mf=0.35
17,2.3416049218493886,0.032427443728535545,-270.20413824050377,9.795861759496201,,0.058928766458972374,0.026736886181319853,-133.5780259434421,6.421974056557891,-3.3738877029383105,-0.9541287567388722,True,0.9541287567388722,mf=0.35
18,2.3836010578013114,-0.007909872701665646,-279.389952800168,0.6100471998319802,,-0.018774856506860043,0.00653317241756903,-139.58678239700356,0.41321760299642857,-0.19682959683555165,-0.9970484456928826,True,0.9970484456928826,mf=0.35
19,2.5916229128384893,-0.003100045464954315,-265.29758844645045,14.702411553549528,,0.22898931981811807,0.005211807927826291,-129.45797048705086,10.54202951294913,-4.160382040600397,-0.9246997891932205,True,0.9246997891932205,mf=0.35
20,2.4624342560717,0.0004667857874712593,-278.4081524891773,1.591847510822605,,-0.04183772437188696,-0.010447441332684727,-138.77005941657401,1.2299405834259678,-0.36190692739663716,-0.9912147101183859,True,0.9912147101183859,mf=0.35
21,2.393882638606729,0.011297087014771322,-278.9646647406716,1.0353352593283385,,0.04749025426634007,-0.005612748990346376,-139.28766161749527,0.712338382504704,-0.3229968768236344,-0.9949118686963949,True,0.9949118686963949,mf=0.35
0,2.4754021296365187,-0.01834030508597242,-274.99538693884006,5.004613061159893,,-0.09455027039509828,-0.015547542760861415,-136.2513409172696,3.748659082730363,-1.25595397842953,-0.9732238636947831,True,0.9732238636947831,mf=0.35
1,2.3417574183229193,-0.0056109497739109055,-278.3641032920588,1.635896707941152,,0.010639148369438684,0.011485328991940807,-138.9225461692576,1.0774538307423807,-0.5584428771987712,-0.992303901208983,True,0.992303901208983,mf=0.35
2,2.3952999864786135,-0.025267758393283418,-274.8881222170746,5.111877782925346,,-0.1362832318400628,-0.0015359975055696951,-136.23320891422472,3.7667910857752673,-1.3450866971500786,-0.9730943493873195,True,0.9730943493873195,mf=0.35
3,2.442815862066724,0.02723165027483181,-273.3241793223079,6.675820677692075,,0.15030983629833874,-0.0015490317035605867,-135.4349941394281,4.565005860571864,-2.1108148171202115,-0.9673928152816296,True,0.9673928152816296,mf=0.35
4,2.4448463799776947,0.015481361746288343,-277.2628863802134,2.7371136197865606,,0.05269752921269402,-0.013263018285541538,-138.02719771824366,1.9728022817563102,-0.7643113380302503,-0.9859085551303121,True,0.9859085551303121,mf=0.35
5,2.40473779175547,0.02029897357255852,-276.69755178268093,3.3024482173190237,,0.09802716905050987,-0.006269701809159114,-137.73402962926497,2.2659703707350203,-1.0364778465840034,-0.9838144973518927,True,0.9838144973518927,mf=0.35
6,2.3696692812384716,0.007203836308328806,-279.20914265355714,0.7908573464428252,,0.04959887472881144,-0.00023221058740512926,-139.4972846011411,0.502715398858865,-0.2881419475839602,-0.9964091757224367,True,0.9964091757224367,mf=0.35
7,2.3336122050208257,-0.022294412846062817,-274.23024258571814,5.769757414281837,,-0.1355833704238502,0.007526271940720556,-135.83721794800672,4.162782051993246,-1.6069753622885905,-0.9702658424857625,True,0.9702658424857625,mf=0.35
8,2.4960955696667133,0.021148797459190648,-272.67292239142273,7.327077608577208,,0.14802410536092087,-0.009610228234691964,-134.85103855602424,5.148961443975739,-2.17811616460147,-0.9632217039716019,True,0.9632217039716019,mf=0.35
9,2.2221280290909613,-0.0007669785647750356,-267.3469897585742,12.653010241425797,,-0.21188467533195052,-0.00026232001746236106,-131.1111251510208,8.888874848979185,-3.7641353924466108,-0.9365080367930058,True,0.9365080367930058,mf=0.35
10,2.4765948885122837,-0.02294623171304797,-273.40198258389694,6.598017416103015,,-0.08386328263620679,-0.020943360979811785,-135.0631262101984,4.936873789801589,-1.6611436263014256,-0.9647366157871315,True,0.9647366157871315,mf=0.35
11,2.489260839732545,-0.020515049273836565,-273.39574291467005,6.604257085329921,,-0.06687441068305364,-0.022452751904229656,-135.059033728512,4.94096627148798,-1.6632908138419418,-0.9647073837750858,True,0.9647073837750858,mf=0.35
12,2.3998127511690917,-0.03336941661756391,-271.1002758731656,8.899724126834386,,-0.12114545562692111,-0.021445983003375576,-133.3540674849748,6.645932515025178,-2.2537916118092083,-0.9525290534641059,True,0.9525290534641059,mf=0.35
13,2.511984402245139,-0.04234683508598744,-260.5840931000779,19.41590689992204,,0.2657138419554404,0.010136928083229116,-125.45703103973109,14.542968960268881,-4.872937939653158,-0.8961216502837936,True,0.8961216502837936,mf=0.35
14,2.282020914511298,0.011274762221990727,-273.34739180536945,6.652608194630482,,0.008497613197664875,0.023499380568722236,-135.571646289115,4.428353710884984,-2.2242544837454985,-0.9683689020651073,True,0.9683689020651073,mf=0.35
15,2.4192422756899052,-0.005823940442064105,-279.5774807195721,0.42251928042782727,,-0.040150182883492834,0.0006521546636903742,-139.6672565661376,0.332743433862375,-0.08977584656545229,-0.9976232611866973,True,0.9976232611866973,mf=0.35
16,2.414339955659747,-0.043838258819610364,-264.55610262008867,15.443897379911304,,0.1490794737455987,-0.03003791495316338,-128.31571361238696,11.68428638761303,-3.7596109922982754,-0.9165408115170498,True,0.9165408115170498,mf=0.35
17,2.4355174708934064,0.0009688398367201722,-279.47691297621014,0.5230870237898393,,-0.028837806275417984,-0.005708070340937216,-139.5695910217999,0.43040897820005997,-0.09267804558977931,-0.9969256501557139,True,0.9969256501557139,mf=0.35
18,2.377019693702055,0.010084275449000974,-278.97127576828103,1.028724231718945,,0.055450628342971445,-0.002516595886820647,-139.32186691724993,0.6781330827500469,-0.350591148968898,-0.9951561922660711,True,0.9951561922660711,mf=0.35
19,2.321714913592784,-0.006711969080434546,-277.14401221341706,2.85598778658288,,-0.003951436624191595,0.015503918417569556,-138.07565503667277,1.9243449633272034,-0.9316428232556764,-0.9862546788333771,True,0.9862546788333771,mf=0.35
20,2.2798566793616586,0.002823199963582613,-274.09318512786524,5.90681487213473,,-0.017679872022646755,0.022132152781807888,-136.02113129553297,3.978868704467023,-1.9279461676677072,-0.971579509253807,True,0.971579509253807,mf=0.35
21,2.2464831750671976,-0.01867867496546695,-267.7344582413064,12.265541758693542,,-0.19008633911685163,-0.01458265873966784,-131.10133025386637,8.898669746133612,-3.3668720125599307,-0.9364380732419028,True,0.9364380732419028,mf=0.35
0,2.323779307655956,-0.042801689687806725,-262.99142373072027,17.0085762692797,,0.1390044653092866,-0.03353207302361065,-127.11633771374153,12.88366228625845,-4.1249139830212505,-0.9079738408124396,True,0.9079738408124396,mf=0.35
1,2.3526432813252702,0.02129546819186727,-275.45951664427196,4.540483355728004,,0.1135333530259231,0.006980552505595798,-136.99868199944444,3.0013180005555387,-1.539165355172466,-0.9785620142817462,True,0.9785620142817462,mf=0.35
2,2.4876868181059426,0.022638029611910134,-272.7761748230722,7.22382517692775,,0.14984425200905105,-0.00817317177870084,-134.94793109178806,5.05206890821191,-2.1717562687158405,-0.9639137935127721,True,0.9639137935127721,mf=0.35
3,2.5356942377598837,0.04448849740092264,-256.7490965298206,23.250903470179363,,-0.23675178302664582,0.022144636244548353,-125.07255898822086,14.927441011779116,-8.323462458400249,-0.8933754213444348,True,0.8933754213444348,mf=0.35
4,2.5245792174659885,-0.03248942099916056,-265.2859048941419,14.714095105858048,,0.20574247902564718,-0.018001402221617467,-129.01402146862983,10.985978531370135,-3.728116574487915,-0.9215287247759276,True,0.9215287247759276,mf=0.35
5,2.4379979215837806,-0.047005891513373345,-261.75026946803223,18.249730531967725,,0.2577596018950396,-0.010458011632894258,-126.17473175503298,13.825268244966997,-4.424462287000728,-0.9012480839645214,True,0.9012480839645214,mf=0.35
6,2.2466006187901897,-0.017779626897741704,-268.0106791061272,11.989320893872748,,-0.19421695212274295,-0.012099983307419987,-131.32314199211592,8.676858007884045,-3.3124628859887033,-0.9380224428008282,True,0.9380224428008282,mf=0.35
7,2.4473702790139553,-0.02733892145110666,-273.1098617819365,6.890138218063438,,-0.11091879010491835,-0.018224619963704555,-134.85140576425698,5.148594235743009,-1.7415439823204293,-0.9632243268875499,True,0.9632243268875499,mf=0.35
8,2.3970674282860016,0.011057270507432812,-279.0193020684147,0.9806979315852908,,0.0437609235712927,-0.00601761776877931,-139.31942281155554,0.6805771884444507,-0.30012074314084014,-0.995138734368254,True,0.995138734368254,mf=0.35
9,2.3532988774114956,0.007043415666914783,-278.71270020665054,1.2872997933494335,,0.06045056799377342,0.0030526173473740745,-139.1800560975464,0.8199439024535757,-0.46735589089585766,-0.9941432578396173,True,0.9941432578396173,mf=0.35
10,2.471382243776984,0.0051621984552529,-277.7102802552682,2.2897197447317863,,-0.01620455494427721,-0.014485762937997063,-138.26919035135296,1.7308096486470101,-0.5589100960847764,-0.9876370739382356,True,0.9876370739382356,mf=0.35
11,2.3478561595566383,0.018439966688199833,-276.1722218571076,3.8277781428923165,,0.10488734265122639,0.0060316133773378475,-137.4769618609742,2.5230381390257715,-1.3047400038665455,-0.9819782990069588,True,0.9819782990069588,mf=0.35
12,2.555049063211264,0.012596721771579902,-269.06793731709,10.932062682909914,,0.19509136509494523,-0.004635748957410412,-132.25567111815081,7.744328881849164,-3.18773380106075,-0.9446833651296488,True,0.9446833651296488,mf=0.35
13,2.2712716390368253,0.0005896398676148031,-273.299638143502,6.700361856497944,,-0.05437528022806463,0.022244403135836737,-135.441775647855,4.558224352144968,-2.1421375043529753,-0.9674412546275359,True,0.9674412546275359,mf=0.35
14,2.4916300167656646,0.011509312439495687,-275.5275459733281,4.472454026671894,,0.05086361021395298,-0.018503142204412716,-136.73548514898647,3.2645148510135122,-1.2079391756583824,-0.9766820367784749,True,0.9766820367784749,mf=0.35
15,2.2515050079768812,0.019137419216117574,-268.1959149163196,11.804085083680352,,-0.14182523735523136,0.022047017257887328,-132.06070515596156,7.939294844038424,-3.8647902396419274,-0.9432907511140113,True,0.9432907511140113,mf=0.35
16,2.410984066271905,0.0023166987820611787,-279.9077519552698,0.0922480447301152,,-0.004635593471656476,-0.003201739877146231,-139.91367322089445,0.08632677910552888,-0.0059212656245863195,-0.9993833801492462,True,0.9993833801492462,mf=0.35
17,2.4552051681832636,-0.032255591771957776,-270.44052656400254,9.559473435997395,,-0.04745782384718987,-0.028970590985468118,-132.8320701832054,7.16792981679458,-2.3915436192028143,-0.9488005013086102,True,0.9488005013086102,mf=0.35
18,2.471984913637875,0.019172823903607954,-274.95018953534344,5.049810464656495,,0.1012801261115779,-0.013713755359281014,-136.41439014111901,3.585609858880962,-1.4642006057755337,-0.9743885010079931,True,0.9743885010079931,mf=0.35
19,2.3762677425156733,-0.018014988782895286,-277.1758279851071,2.824172014892857,,-0.08228050509373247,0.009019563796127547,-137.97184384974244,2.0281561502575487,-0.7960158646353084,-0.9855131703553032,True,0.9855131703553032,mf=0.35
20,2.5525825122081494,0.0020909487567663705,-270.60107513677514,9.398924863224815,,0.1426108030579674,-0.018462991292738554,-133.17674376698682,6.823256233013151,-2.5756686302116636,-0.9512624554784774,True,0.9512624554784774,mf=0.35
21,2.503168841422969,-0.020091086650840192,-272.45327413840505,7.546725861594924,,-0.030936020500672824,-0.02609703363527765,-134.36109783110678,5.638902168893199,-1.9078236927017251,-0.9597221273650486,True,0.9597221273650486,mf=0.35
0,2.5265286994527734,-0.007898479170656668,-273.0280935044097,6.971906495590272,,0.019782086646092167,-0.025243316209443832,-134.8270048851617,5.172995114838267,-1.7989113807520045,-0.9630500348940124,True,0.9630500348940124,mf=0.35
1,2.3151106001014674,0.023471764492925377,-272.66427627650853,7.335723723491448,,0.06884372750776266,0.02196992107755282,-135.17615817318062,4.823841826819354,-2.5118818966720933,-0.9655439869512903,True,0.9655439869512903,mf=0.35
2,2.318027574689151,-0.007571354828428611,-276.8064247944183,3.193575205581661,,-0.013531218149003469,0.01631838504221156,-137.83425368694137,2.1657463130586048,-1.0278288925230563,-0.9845303834781528,True,0.9845303834781528,mf=0.35
3,2.5002435815525503,0.003337278399328811,-275.83018504432,4.1698149556799935,,0.0010523259975219537,-0.01969586032579398,-136.89929639100174,3.1007036089982467,-1.0691113466817466,-0.977852117078584,True,0.977852117078584,mf=0.35
4,2.333039572266047,-0.023838191566178484,-273.62999822495266,6.370001775047309,,-0.1486708129613442,0.00461351917381368,-135.38107068486664,4.618929315133337,-1.751072459913972,-0.9670076477490476,True,0.9670076477490476,mf=0.35
5,2.3488431296574857,0.0021499629411249016,-278.8945078052038,1.1054921947961807,,0.04451636548047744,0.006018553688469249,-139.30573086131204,0.6942691386879472,-0.4112230561082335,-0.9950409347236575,True,0.9950409347236575,mf=0.35
6,2.559879265931422,-0.0003851513755105204,-269.7348229724125,10.265177027587507,,0.15986065673393154,-0.01705259507893816,-132.54505123881287,7.454948761187102,-2.8102282664004057,-0.9467503659915207,True,0.9467503659915207,mf=0.35
7,2.3798955650302447,0.009630173273749926,-279.0934809219758,0.9065190780241429,,0.05110098582097879,-0.0028733247896881283,-139.40090476581355,0.5990952341864338,-0.30742384383770904,-0.9957207483272398,True,0.9957207483272398,mf=0.35
8,2.357473540337382,-0.022421005669734213,-275.24333731893216,4.756662681067804,,-0.12265360958905695,0.007073942254659943,-136.55648639030207,3.443513609697896,-1.313149071369908,-0.9754034742164436,True,0.9754034742164436,mf=0.35
9,2.3369662029632994,0.005691359261700804,-278.120410273106,1.8795897268939203,,0.061726485307502015,0.007345007519692924,-138.7916363445795,1.2083636554204709,-0.6712260714734495,-0.9913688310327109,True,0.9913688310327109,mf=0.35
10,2.480948453066186,-0.021064738143509832,-273.785757339408,6.214242660591958,,-0.08232930781776601,-0.020229667759316006,-135.34960489725475,4.650395102745215,-1.563847557846743,-0.9667828921232484,True,0.9667828921232484,mf=0.35
11,2.3488996406109437,0.01761241679693603,-276.45457815747994,3.5454218425199917,,0.10225578249202728,0.005169424758294479,-137.66391263888534,2.3360873611146418,-1.2093344814053502,-0.983313661706324,True,0.983313661706324,mf=0.35
12,2.4833585843900843,-0.00045291457451983926,-277.17013317450596,2.8298668254939816,,-0.039948955767886894,-0.015067370653146856,-137.85945919128895,2.14054080871104,-0.6893260167829418,-0.9847104227949212,True,0.9847104227949212,mf=0.35
13,2.324496357098348,0.002153650715510738,-277.64048813703477,2.35951186296519,,0.04679943096154283,0.011675122905235624,-138.4632913562283,1.5367086437716895,-0.8228032191935004,-0.9890235096873451,True,0.9890235096873451,mf=0.35
14,2.410980226708297,-0.01227252080259607,-278.7469051861359,1.2530948138640727,,-0.0617796386612357,0.004232449717745534,-139.07831212414905,0.9216878758509146,-0.331406938013158,-0.9934165151724935,True,0.9934165151724935,mf=0.35
15,2.2874094788633696,0.02217134538606046,-270.9330528004653,9.066947199534662,,-0.0077397876028931735,0.02736154422929029,-134.0041850702142,5.995814929785792,-3.0711322697488694,-0.9571727505015301,True,0.9571727505015301,mf=0.35
16,2.4260831515406207,0.0027690257526601317,-279.66054143585416,0.3394585641458181,,-0.01533222969413691,-0.005453288032426746,-139.71424309957084,0.28575690042914975,-0.05370166371666837,-0.9979588792826489,True,0.9979588792826489,mf=0.35
17,2.2522338408091755,-0.0322917693874105,-262.8744437534206,17.125556246579315,,0.04811601460351079,-0.03932145286244683,-127.16954796195223,12.830452038047747,-4.295104208531566,-0.9083539140139446,True,0.9083539140139446,mf=0.35
18,2.4553278860634706,-0.024221888140799383,-274.0613523712813,5.938647628718667,,-0.11144418698989367,-0.015499171474846784,-135.56254035536807,4.437459644631896,-1.5011879840867708,-0.9683038596812007,True,0.9683038596812007,mf=0.35
19,2.4291409307922844,0.00193985843242128,-279.6227448490367,0.3772551509632658,,-0.02072809835098186,-0.005356995371792228,-139.68278266878858,0.3172173312113918,-0.06003781975187402,-0.9977341619199186,True,0.9977341619199186,mf=0.35
20,2.5659510546987243,0.0221641252099128,-265.0312073254771,14.968792674522843,,0.17012796517527548,0.023569909617792418,-129.7630933060281,10.236906693971868,-4.7318859805509765,-0.9268792379002009,True,0.9268792379002009,mf=0.35
21,2.4267775787340518,0.02902092491149047,-272.9754883380918,7.024511661908174,,0.15241489001189648,0.0031423810178132,-135.24919542750987,4.750804572490108,-2.273707089418066,-0.9660656816250707,True,0.9660656816250707,mf=0.35
0,2.4467726421356466,-0.0004726230451757314,-279.1046906825039,0.8953093174961054,,-0.03175147005306799,0.006666461133684679,-139.43874274710905,0.561257252890936,-0.3340520646051694,-0.9959910196222076,True,0.9959910196222076,mf=0.45
1,2.3224038791262416,-0.020418291908477437,-274.21552625029415,5.7844737497058265,,0.09238685897549577,0.017089803658565095,-135.93071243412567,4.0692875658743155,-1.7151861838315114,-0.9709336602437549,True,0.9709336602437549,mf=0.45
2,2.33202460838822,-0.02413305996580662,-273.4612885179408,6.538711482059191,,0.0623599630004291,0.021772087756233842,-135.41823249485122,4.581767505148747,-1.9569439769104437,-0.9672730892489375,True,0.9672730892489375,mf=0.45
3,2.296103632747587,0.018126132349396366,-272.99279657166693,7.007203428333047,,0.14791101806182744,-0.009461664694622266,-134.88031405816253,5.119685941837455,-1.8875174864955921,-0.963430814701161,True,0.963430814701161,mf=0.45
4,2.3813270034684084,0.0005045926325044767,-279.85536035802426,0.14463964197569984,,0.008539890392727628,-0.003925936302952677,-139.86189640462666,0.1381035953733122,-0.006536046602387629,-0.9990135457473335,True,0.9990135457473335,mf=0.45
5,2.176587215439211,-0.030060709462078943,-253.08552184841972,26.914478151580234,,0.007467966888127286,-0.049093394900422895,-120.72555646381144,19.27444353618854,-7.640034615391696,-0.8623254033129389,True,0.8623254033129389,mf=0.45
6,2.283909284992049,0.005026505445064176,-274.33869456607994,5.661305433920034,,0.14085894481833777,-0.004026978307629178,-135.87024678746928,4.129753212530686,-1.531552221389347,-0.970501762767638,True,0.970501762767638,mf=0.45
7,2.432880791379007,0.03744697019478404,-268.3504819534553,11.649518046544632,,0.16450972894078145,-0.01904238805220274,-131.6741981160896,8.325801883910376,-3.3237161626342555,-0.9405299865434973,True,0.9405299865434973,mf=0.45
8,2.4455269995884765,0.0640289698634322,-246.38674349401103,33.613256505988936,,-0.32242852102144925,-0.019927445899135584,-117.09793993840425,22.90206006159573,-10.711196444393206,-0.8364138567028876,True,0.8364138567028876,mf=0.45
9,2.3536685056093414,0.009235057135482075,-278.4415809060178,1.5584190939821465,,0.0074280743130722415,-0.012324547260676647,-138.77470923593233,1.2252907640676343,-0.33312832991451236,-0.9912479231138026,True,0.9912479231138026,mf=0.45
10,2.375985949448529,0.00530765894285682,-279.53903234776305,0.46096765223688496,,-0.0070843603018025635,-0.0069611816216051175,-139.60243733095675,0.3975626690432374,-0.06340498319364754,-0.9971602666496912,True,0.9971602666496912,mf=0.45
11,2.37392834596378,0.020070865417404514,-276.50240251045653,3.4975974895434088,,-0.010338189411670778,-0.018034456555675878,-137.37867088149895,2.6213291185010266,-0.8762683710423824,-0.9812762205821355,True,0.9812762205821355,mf=0.45
12,2.41010535851679,-0.01718940687889975,-277.59666010239573,2.4033398976042317,,0.045280780280769345,0.012159507813529894,-138.3995321779829,1.6004678220170625,-0.8028720755871693,-0.9885680869855924,True,0.9885680869855924,mf=0.45
13,2.4671978197061,-0.018060037751666078,-275.5519765883345,4.448023411665417,,-0.0483955696877424,0.017693976571610148,-137.01950716864627,2.980492831353694,-1.4675305803117233,-0.9787107654903308,True,0.9787107654903308,mf=0.45
14,2.423298932908999,-0.0019218293314681126,-279.7484993705009,0.2515006294990787,,-0.006108416556056743,0.00397401837975613,-139.86614515635824,0.13385484364172454,-0.11764578585735415,-0.9990438939739876,True,0.9990438939739876,mf=0.45
15,2.572673016217742,-0.008629718580710141,-267.46929816191164,12.530701838088332,,-0.11530961851488801,-0.027334029029076223,-131.33503491159672,8.66496508840325,-3.865736749685082,-0.9381073922256911,True,0.9381073922256911,mf=0.45
16,2.3620962755388315,-0.008196497158379118,-278.8759317328155,1.1240682671844493,,0.06216789704920912,-0.0014813500059110572,-139.19415860999823,0.8058413900017516,-0.31822687718269776,-0.9942439900714161,True,0.9942439900714161,mf=0.45
17,2.459569567702081,0.019146977934489707,-275.62201822422105,4.3779817757788875,,-0.09296272868114497,-0.013047215803178561,-136.8828818703311,3.117118129668886,-1.2608636461100013,-0.9777348705023651,True,0.9777348705023651,mf=0.45
18,2.440963532833314,-0.002491880353707099,-279.264758581299,0.7352414187009297,,-0.017874044437346533,0.006903011398149547,-139.5538156866129,0.44618431338708936,-0.2890571053138403,-0.9968129691900922,True,0.9968129691900922,mf=0.45
19,2.42876336517673,0.010299138782675478,-278.81397888228923,1.1860211177107476,,-0.06315314573639819,-0.0022655980737752877,-139.14556153294038,0.8544384670596088,-0.3315826506511388,-0.9938968680924314,True,0.9938968680924314,mf=0.45
20,2.4705134995078266,0.00243490147124562,-277.92593886962567,2.0740611303742678,,-0.07125360744335832,0.006546530961722699,-138.6228256596639,1.3771743403360768,-0.6968867900381909,-0.9901630404261709,True,0.9901630404261709,mf=0.45
21,2.1947110896104016,-0.02255565362184837,-259.21343767839363,20.786562321606326,,-0.26722322990929837,-0.010899238847254782,-125.18054067030367,14.819459329696306,-5.96710299191002,-0.8941467190735978,True,0.8941467190735978,mf=0.45
0,2.3394438107905957,0.0023764545679848008,-278.45872847307504,1.541271526924921,,0.044198295934189745,-0.009955163307221503,-138.80890396918508,1.191096030814893,-0.350175496110028,-0.991492171208465,True,0.991492171208465,mf=0.45
1,2.3483876289339016,-0.011221348310950443,-277.90597972676244,2.094020273237527,,0.08541645307461919,0.0007555526587159775,-138.51101768928172,1.4889823107182663,-0.6050379625192606,-0.9893644120662981,True,0.9893644120662981,mf=0.45
2,2.4014358901595942,-0.02003338635356108,-276.791503781055,3.2084962189449615,,0.04938583798026186,0.014462334413836842,-137.8303247176221,2.169675282377893,-1.0388209365670689,-0.9845023194115865,True,0.9845023194115865,mf=0.45
3,2.3775720572593877,0.021020451895190813,-276.26277089903385,3.7372291009660934,,-0.011208798104480236,-0.018597364776859124,-137.21002785158797,2.7899721484120215,-0.9472569525540715,-0.9800716275113427,True,0.9800716275113427,mf=0.45
4,2.501065599140532,0.013034630261682546,-274.49457326812825,5.505426731871687,,-0.12287326927206199,-0.00982884536820243,-136.1735234654111,3.8264765345888687,-1.6789501972828178,-0.9726680247529367,True,0.9726680247529367,mf=0.45
5,2.460022302894038,0.011116372712506276,-277.5424076275384,2.457592372461544,,-0.0912627541255032,-0.0014886173767884154,-138.28898965794562,1.7110103420543705,-0.7465820304071735,-0.9877784975567545,True,0.9877784975567545,mf=0.45
6,2.461852567748832,0.0013139499058311894,-278.4255043834876,1.574495616512357,,-0.0558258925208697,0.007017117650858178,-138.97043560158005,1.0295643984199354,-0.5449312180924213,-0.9926459685827147,True,0.9926459685827147,mf=0.45
7,2.4235795143127357,-0.014947877022455338,-277.9868224564698,2.0131775435302024,,0.031147737573289258,0.01182771687410146,-138.68359645245948,1.316403547540486,-0.6967739959897162,-0.990597117517568,True,0.990597117517568,mf=0.45
8,2.3417014103550464,0.00879213952060707,-277.9952416546057,2.0047583453942726,,0.02660884382502661,-0.013266288950269307,-138.44862924744118,1.5513707525587956,-0.4533875928354769,-0.9889187803388657,True,0.9889187803388657,mf=0.45
9,2.378153957625864,0.022561292531168866,-275.7365911379631,4.263408862036847,,-0.0024592056834728377,-0.01990070927041969,-136.83345680033725,3.166543199662722,-1.0968656623741257,-0.9773818342881234,True,0.9773818342881234,mf=0.45
10,2.3412689251234706,-0.009428987292989984,-277.88189479940536,2.1181052005946186,,0.086266415182794,-0.0011394179234090233,-138.47567568122182,1.5243243187781526,-0.5937808818164657,-0.9891119691515846,True,0.9891119691515846,mf=0.45
11,2.4387690676355778,0.010489298028927542,-278.50642973948936,1.4935702605106105,,-0.07138034408889803,-0.00154067307370097,-138.94271603238147,1.0572839676185204,-0.43628629289209003,-0.9924479716598678,True,0.9924479716598678,mf=0.45
12,2.4991093920718193,-0.004615639763566081,-275.84009176912514,4.159908230874835,,-0.10124106269400981,0.009407962835920073,-137.2116887702724,2.7883112297275825,-1.3715970011472527,-0.9800834912162315,True,0.9800834912162315,mf=0.45
13,2.405959695358453,-0.009149280873761637,-279.31642971892194,0.6835702810779895,,0.03475175465351687,0.004755777693381463,-139.57242537987594,0.427574620124054,-0.25599566095393544,-0.9969458955705425,True,0.9969458955705425,mf=0.45
14,2.4916344542778424,-0.014394848526988982,-274.92980436075237,5.070195639247571,,-0.09222236848410124,0.014494140980019561,-136.59207605910518,3.4079239408947872,-1.6622716983527843,-0.9756576861364658,True,0.9756576861364658,mf=0.45
15,2.330784173731286,0.0013053428051143243,-278.0333553170202,1.9666446829797375,,0.06058292466871578,-0.009652036688350957,-138.50668520011953,1.4933147998804446,-0.473329883099293,-0.9893334657151397,True,0.9893334657151397,mf=0.45
16,2.3508678592287486,0.01653517752257189,-276.8289894413932,3.171010558606752,,0.01632482249331148,-0.017136334673394708,-137.5984921722463,2.401507827753693,-0.7695027308530585,-0.9828463726589022,True,0.9828463726589022,mf=0.45
17,2.2781298484532173,-0.019886254273500662,-270.82883327698596,9.171166723013972,,0.050083378661224184,0.02734491130273759,-133.51158274365912,6.488417256340871,-2.682749466673101,-0.953654162454708,True,0.953654162454708,mf=0.45
18,2.320070094329815,-0.003042913529976724,-277.3245808716757,2.675419128324254,,0.09061212701355222,-0.0061884737680423735,-138.02452667754065,1.9754733224593153,-0.6999458058649389,-0.9858894762681477,True,0.9858894762681477,mf=0.45
19,2.326279556786946,0.01977183919623987,-274.6610894156697,5.338910584330225,,0.08619904500452731,-0.017484754058319965,-136.04498549775374,3.955014502246222,-1.383896082084003,-0.971749896412527,True,0.971749896412527,mf=0.45
20,2.4711787346214797,-0.01599578694992956,-275.8900619780328,4.109938021967158,,-0.04933699729450471,0.016761109348911018,-137.25764573955453,2.742354260445446,-1.367583761521713,-0.9804117552825325,True,0.9804117552825325,mf=0.45
21,2.401947720974819,-0.0031830310439600663,-279.91747132846,0.08252867153994826,,0.012734284187949156,0.0009881078521920008,-139.9590312375147,0.040968762485276,-0.041559909054672266,-0.9997073659822481,True,0.9997073659822481,mf=0.45
0,2.3662659237710604,-0.02204047529296622,-275.652269043535,4.347730956464941,,0.07096644858561256,0.015744036053763802,-136.99252969199486,3.007470308005115,-1.3402606484598265,-0.9785180692285349,True,0.9785180692285349,mf=0.45
1,2.426112828878102,0.007476208464786947,-279.2744641307681,0.7255358692318907,,-0.05025135750917437,-0.00039541901612340387,-139.48318820205603,0.516811797943961,-0.20872407128792972,-0.9963084871575432,True,0.9963084871575432,mf=0.45
2,2.28017335184959,0.02566799974807484,-268.92154921612337,11.078450783876574,,0.19272394832532844,0.008274203816001255,-132.05800585300182,7.941994146998159,-3.1364566368784157,-0.9432714703785846,True,0.9432714703785846,mf=0.45
3,2.3803557388078582,-0.040478227715112496,-266.7466935981557,13.253306401844297,,-0.20926260392216417,0.008936469888993392,-130.6850997911809,9.314900208819063,-3.9384061930252345,-0.9334649985084352,True,0.9334649985084352,mf=0.45
4,2.4410973128380924,-0.0157681236478825,-277.3227207189677,2.677279281032269,,0.007664686029566675,0.014794897216406424,-138.23853012356741,1.7614698764325682,-0.9158094045997005,-0.9874180723111959,True,0.9874180723111959,mf=0.45
5,2.335884140427501,0.013243469639780662,-276.9215575660661,3.078442433933882,,0.03845215981206777,-0.015950141412874472,-137.6645652210527,2.3354347789472816,-0.7430076549866006,-0.9833183230075194,True,0.9833183230075194,mf=0.45
6,2.334937430605838,-0.0071465931043704495,-277.8654164052805,2.134583594719484,,0.08499426502962888,-0.0032882590900170094,-138.4437216681198,1.5562783318801854,-0.5783052628392988,-0.9888837262008559,True,0.9888837262008559,mf=0.45
7,2.4673544716381017,0.009868074959336441,-277.37196634629566,2.628033653704293,,-0.09447037845129849,-0.0002361920733803983,-138.18592168040652,1.814078319593463,-0.81395533411083,-0.9870422977171895,True,0.9870422977171895,mf=0.45
8,2.399150372777451,-0.02482843585127606,-275.0727639662577,4.927236033742251,,0.02518430178486595,0.02014840795876983,-136.62573641991702,3.3742635800829515,-1.5529724536593001,-0.9758981172851218,True,0.9758981172851218,mf=0.45
9,2.5479453385885433,0.03449591072085237,-261.6768885567013,18.323111443298686,,0.25672031311237314,0.0003848175427297729,-127.14696938528274,12.853030614717232,-5.470080828581454,-0.9081926384663055,True,0.9081926384663055,mf=0.45
10,2.3847507240084367,0.018057000250596783,-277.2989142826562,2.7010857173437826,,-0.03280749450505162,-0.01507310994508893,-137.96414773100935,2.035852268990639,-0.6652334483531437,-0.9854581980786383,True,0.9854581980786383,mf=0.45
11,2.5010140124503546,-0.008652362474838693,-275.25836055765205,4.741639442347912,,-0.10424178044193771,0.011065821932567619,-136.8162143233958,3.1837856766041663,-1.5578537657437457,-0.9772586737385417,True,0.9772586737385417,mf=0.45
12,2.3605291006906053,0.00935063616949729,-278.6645730917369,1.3354269082630796,,-0.002049442555714494,-0.011510505450320141,-138.94021049981046,1.0597895001895257,-0.27563740807355397,-0.9924300749986462,True,0.9924300749986462,mf=0.45
13,2.474836714199624,-0.00632689593312099,-277.3983054500763,2.6016945499236517,,-0.05195294257770792,0.01201137253346974,-138.29590947962697,1.7040905203730037,-0.8976040295506481,-0.9878279248544786,True,0.9878279248544786,mf=0.45
14,2.311086232718525,0.004709601257400736,-276.6072245497223,3.3927754502776932,,0.08895441046613618,-0.010737775580123753,-137.4692626691819,2.5307373308180803,-0.8620381194596132,-0.9819233047798709,True,0.9819233047798709,mf=0.45
15,2.483865626395431,-0.02995053414227505,-269.9679570484285,10.032042951571459,,-0.18017842763822586,0.007374358111280008,-133.0800180774397,6.919981922560285,-3.1120610290111737,-0.950571557695998,True,0.950571557695998,mf=0.45
16,2.309949591478067,-0.011767871010328652,-275.5954379501092,4.404562049890724,,0.12011330834705487,0.005335256349529601,-136.85238424968063,3.1476157503193516,-1.2569462995713723,-0.9775170303548618,True,0.9775170303548618,mf=0.45
17,2.4450368623794625,0.02543252581722337,-274.00186023529284,5.998139764707114,,-0.04458667683812021,-0.02211774445335774,-135.68411093464863,4.315889065351345,-1.6822506993557687,-0.9691722209617761,True,0.9691722209617761,mf=0.45
18,2.381042555384238,0.02430414462519786,-275.13196117965873,4.868038820341253,,0.006804517826973956,-0.021183091728542824,-136.4041413351982,3.5958586648017725,-1.27218015553948,-0.9743152952514159,True,0.9743152952514159,mf=0.45
19,2.2201576893014434,0.03250680461569358,-258.6309899548667,21.369010045133212,,-0.18911927426105682,0.03132942443604675,-125.02729416038953,14.97270583961045,-6.396304205522763,-0.8930521011456396,True,0.8930521011456396,mf=0.45
20,2.3061092014201097,-0.03460990918781237,-266.8431264394613,13.15687356053867,,-0.16674377392730905,0.02159667845127416,-130.69912997537392,9.30087002462606,-3.856003535912611,-0.9335652141098139,True,0.9335652141098139,mf=0.45
21,2.3731383519234166,-0.029848963050572625,-272.5840426432643,7.415957356735677,,-0.014827404764058643,0.025286464906472326,-134.84463835808842,5.155361641911548,-2.2605957148241287,-0.9631759882720604,True,0.9631759882720604,mf=0.45
0,2.34421355841819,0.009220630540702842,-278.05024119945966,1.949758800540307,,0.021986364728226966,-0.013297945326930362,-138.487814966245,1.512185033754967,-0.4375737667853401,-0.9891986783303217,True,0.9891986783303217,mf=0.45
1,2.3981771599392596,-0.030198947988608706,-272.70973646869174,7.290263531308199,,-0.038763789038082516,0.024341582035246546,-134.9573700625957,5.042629937404297,-2.247633593903902,-0.9639812147328265,True,0.9639812147328265,mf=0.45
2,2.4403656278089945,0.00040022494987955286,-279.3329518085719,0.6670481914280149,,-0.0295026109999319,0.00543363073661467,-139.58610628411043,0.4138937158895539,-0.25315447553846093,-0.9970436163150747,True,0.9970436163150747,mf=0.45
3,2.3356591455617846,0.014783449789405496,-276.56484483308753,3.4351551669124256,,0.04215235359706854,-0.016706008803673254,-137.40642167049936,2.5935783295006205,-0.8415768374118052,-0.981474440503567,True,0.981474440503567,mf=0.45
4,2.46092136989835,-0.01893252631843194,-275.62100635805837,4.37899364194157,,-0.03869507750700261,0.018139037376943272,-137.06436414428393,2.9356358557160482,-1.4433577862255216,-0.979031172459171,True,0.979031172459171,mf=0.45
5,2.5227131787200276,0.03521394625096574,-263.99623202026356,16.003767979736406,,0.22797126625076422,-0.011399885827732702,-128.72456157690968,11.275438423090295,-4.72832955664611,-0.9194611541207836,True,0.9194611541207836,mf=0.45
6,2.3432444263558385,-0.031086236126388465,-270.9618317122362,9.0381682877638,,-0.03955149560993526,0.027429614077166802,-133.66702209074606,6.332977909253912,-2.705190378509886,-0.9547644435053292,True,0.9547644435053292,mf=0.45
7,2.384553674446804,0.004900208429723816,-279.71049875127557,0.28950124872437316,,-0.012279824065724693,-0.0053650249511232985,-139.73910947270832,0.26089052729165857,-0.028610721432714578,-0.998136496233631,True,0.998136496233631,mf=0.45
8,2.4503107856209794,-0.04835339697752202,-260.2797406809058,19.720259319094172,,-0.07411268465667906,-0.03997927693628367,-126.10636570929321,13.893634290706766,-5.826625028387407,-0.9007597550663802,True,0.9007597550663802,mf=0.45
9,2.447780634549208,-0.018645994031248964,-276.2888619531216,3.711138046878316,,-0.011079692648782972,0.017514442310305675,-137.52317043417833,2.476829565821645,-1.234308481056671,-0.9823083602441312,True,0.9823083602441312,mf=0.45
10,2.3756124267412626,0.021073424043350827,-276.2074492971424,3.7925507028575542,,-0.007825814752216697,-0.018780658311612304,-137.16844009311438,2.8315599068855875,-0.9609907959719667,-0.9797745720936744,True,0.9797745720936744,mf=0.45
11,2.3107192365318876,0.008543928987362798,-276.17461793593276,3.8253820640671896,,0.08827196946880753,-0.012604559304799768,-137.1454486548711,2.8545513451288715,-0.9708307189383181,-0.9796103475347938,True,0.9796103475347938,mf=0.45
12,2.4386606173702443,0.01156153395923,-278.3208869698183,1.6791130301816948,,-0.07483237450607241,-0.0026030663839620156,-138.80509503621764,1.1949049637823521,-0.4842080663993426,-0.9914649645444118,True,0.9914649645444118,mf=0.45
13,2.313563522775358,-0.013677202236092256,-275.46510923895073,4.534890761049242,,0.1172176852839531,0.007454678229710543,-136.7734354224056,3.226564577594365,-1.3083261834548774,-0.9769531101600403,True,0.9769531101600403,mf=0.45
14,2.469443297381994,-0.031450750000071755,-270.1284556082726,9.871544391727355,,-0.1714887245350283,0.010782925740940297,-133.18280354628075,6.817196453719235,-3.0543479380081195,-0.9513057396162912,True,0.9513057396162912,mf=0.45
15,2.4368879274312927,-0.0014209178789833965,-279.4277628592242,0.5722371407758078,,-0.018644503031360008,0.0058273187830801074,-139.65751109807096,0.3424889019290211,-0.22974823884678672,-0.9975536507005069,True,0.9975536507005069,mf=0.45
16,2.500628818692856,0.004589300269033831,-275.7196727162984,4.280327283701524,,-0.11952479268263272,0.0016584850336306715,-137.08615277886935,2.913847221130638,-1.3664800625708864,-0.9791868055633526,True,0.9791868055633526,mf=0.45
17,2.355542132226308,-0.01948278119463381,-276.15884876705695,3.8411512329430026,,0.08676318779019099,0.011941681036214525,-137.32891154546547,2.6710884545344973,-1.1700627784085051,-0.980920796753325,True,0.980920796753325,mf=0.45
18,2.4525224037750974,-0.007512981003841308,-278.42262936333987,1.5773706366600906,,-0.014540686558244186,0.010951290357432834,-138.99822195261805,1.001778047381932,-0.5755925892781587,-0.9928444425187005,True,0.9928444425187005,mf=0.45
19,2.3611200839000017,0.011948923981441558,-278.2411531321977,1.758846867802224,,-0.005853344423050559,-0.013067031891560131,-138.62830685367123,1.3716931463287412,-0.3871537214734828,-0.9902021918119376,True,0.9902021918119376,mf=0.45
20,2.331327452065414,-0.02473188827414541,-273.1887096188709,6.811290381129037,,0.05533989880464866,0.022782727374925826,-135.22649310521933,4.77350689478064,-2.0377834863483977,-0.9659035221801383,True,0.9659035221801383,mf=0.45
21,2.3311457152053623,0.016384300856154707,-275.92172366130393,4.078276338696005,,0.057343908854943546,-0.017273496244878107,-136.94427742657786,3.0557225734221296,-1.022553765273876,-0.9781734101898419,True,0.9781734101898419,mf=0.45
0,2.4302108526754376,0.028148083468941803,-273.29436065751463,6.705639342485328,,-0.00477258225353251,-0.024611670651689347,-135.15405433066087,4.845945669339113,-1.8596936731462146,-0.9653861023618635,True,0.9653861023618635,mf=0.45
1,2.4185632203764156,-0.026182624871355732,-274.38002023611847,5.619979763881492,,-0.01328806121270218,0.021823834444619536,-136.15725724474865,3.84274275525133,-1.7772370086301623,-0.9725518374624905,True,0.9725518374624905,mf=0.45
2,2.446114667008107,0.022701943957680343,-275.01227719465686,4.98772280534311,,-0.06924643194147713,-0.018069163170517648,-136.41314178664865,3.5868582133513223,-1.400864591991788,-0.9743795841903476,True,0.9743795841903476,mf=0.45
3,2.4880940778587908,0.0021241843237837467,-276.8071159122399,3.192884087760056,,-0.09557755663821153,0.006018902843796679,-137.85434901778208,2.14565098221789,-1.047233105542166,-0.9846739215555865,True,0.9846739215555865,mf=0.45
4,2.43183391168524,0.007255790254605101,-279.1649650513883,0.8350349486116132,,-0.05341085719599916,0.0004421082530778833,-139.41614600831093,0.5838539916890322,-0.25118095692258097,-0.9958296143450783,True,0.9958296143450783,mf=0.45
5,2.4007350196655053,-0.017293554882597387,-277.6095078404257,2.3904921595742836,,0.054432700924414545,0.011174396978384628,-138.3972717668218,1.6027282331781652,-0.7877639263961187,-0.9885519411915845,True,0.9885519411915845,mf=0.45
6,2.370812625805985,0.008542503443811807,-279.0684717227147,0.931528277285213,,-0.012249907445974659,-0.009525707236969837,-139.24408395876162,0.7559160412383623,-0.17561223604685067,-0.9946005997054402,True,0.9946005997054402,mf=0.45
7,2.4915173785024907,0.0407428025799479,-263.3273585135835,16.67264148641649,,0.24489549195447852,0.00037866407804205065,-128.25367480386328,11.746325196136713,-4.926316290279779,-0.916097677170452,True,0.916097677170452,mf=0.45
8,2.4261487640787514,0.004235809388972443,-279.5770220615826,0.42297793841731046,,-0.03600423076456492,0.001563200631615704,-139.71556960140686,0.2844303985931267,-0.13854753982418375,-0.9979683542957634,True,0.9979683542957634,mf=0.45
9,2.4388756331647348,-0.023207180869269782,-275.0779152075515,4.922084792448473,,-0.020915770655870802,0.020145644696428745,-136.66684486625763,3.3331551337423346,-1.5889296587061388,-0.9761917490446976,True,0.9761917490446976,mf=0.45
10,2.3569844153000172,-0.02035867452855969,-275.93140517212316,4.068594827876797,,0.08337351116384588,0.013290981551840088,-137.1735188649968,2.8264811350031835,-1.2421136928736136,-0.9798108490356915,True,0.9798108490356915,mf=0.45
11,2.3349081587074814,-0.018675403180514895,-275.4845471199807,4.515452880019299,,0.0989328121258608,0.012166226011271087,-136.82921759886585,3.170782401134139,-1.3446704788851604,-0.9773515542776133,True,0.9773515542776133,mf=0.45
12,2.3668162626035345,0.02275732522465422,-275.4106469105032,4.589353089496731,,0.018633958188979158,-0.020436742869931704,-136.59087516150063,3.4091248384993564,-1.1802282509973747,-0.9756491082964331,True,0.9756491082964331,mf=0.45
13,2.3962270121954585,0.002390248721169363,-279.9485134816279,0.051486518372025676,,-0.00935135152135411,-0.0022871558136692578,-139.94030521005337,0.059694789946619156,0.008208271574593484,-0.9995736086432384,True,0.9995736086432384,mf=0.45
14,2.4663822684198364,0.014389664476054513,-276.54817169861434,3.451828301385601,,-0.10243371206835306,-0.006072919677233545,-137.57539395043682,2.4246060495631694,-1.0272222518224312,-0.9826813853602631,True,0.9826813853602631,mf=0.45
15,2.372850632167254,-0.02686971130759342,-273.9282459811571,6.071754018842854,,0.026940492247584658,0.022534644877346688,-135.79298728508383,4.20701271491614,-1.8647413039267138,-0.9699499091791705,True,0.9699499091791705,mf=0.45
16,2.424578460277164,0.02527132318378244,-274.64869786755753,5.351302132442447,,-0.035491372633853845,-0.021307377860281324,-136.11398978224597,3.886010217754012,-1.465291914688435,-0.9722427841588999,True,0.9722427841588999,mf=0.45
17,2.3625833752247285,0.005235010934495141,-279.2088260118421,0.7911739881578383,,0.005957279218530538,-0.008966087681429636,-139.35022416159936,0.6497758384006102,-0.14139814975722823,-0.9953587440114242,True,0.9953587440114242,mf=0.45
18,2.2442352613472503,0.00490000255853619,-270.0564131026482,9.943586897351743,,0.14701967243578357,0.018556031483867415,-132.89590829550482,7.104091704495161,-2.8394951928565826,-0.9492564878250346,True,0.9492564878250346,mf=0.45
19,2.292173296074443,0.00559089882849263,-275.0340438866711,4.965956113328857,,0.12640477155018556,-0.007204637733543611,-136.35475654179544,3.645243458204548,-1.3207126551243087,-0.9739625467271104,True,0.9739625467271104,mf=0.45
20,2.4289646294199208,-0.01291056116017884,-278.3248080796072,1.6751919203927714,,0.02369042724379812,0.010982590700593563,-138.92122482613456,1.0787751738654152,-0.5964167465273562,-0.9922944630438184,True,0.9922944630438184,mf=0.45
21,2.37329226458575,0.03289605042356581,-271.0593438294143,8.940656170585692,,0.1310041228171471,-0.01940432594848687,-133.52387671264796,6.476123287352026,-2.464532883233665,-0.9537419765189141,True,0.9537419765189141,mf=0.45
0,2.4828631124243294,0.012947584247973553,-275.8652763056924,4.134723694307511,,-0.11344680457485519,-0.005807725085358143,-137.12249925021962,2.877500749780362,-1.2572229445271492,-0.9794464232158545,True,0.9794464232158545,mf=0.45
1,2.4230696323179535,-0.00024326946309805118,-279.78189197134486,0.21810802865511952,,-0.013445016158659066,0.003216759842332577,-139.88032783834305,0.11967216165693857,-0.09843586699818095,-0.9991451988453076,True,0.9991451988453076,mf=0.45
2,2.388680856296871,0.004243944122749158,-279.8036392950098,0.19636070499016114,,-0.012537778859444473,-0.004370162538677025,-139.81520833486405,0.18479166513592535,-0.01156903985423579,-0.9986800595347434,True,0.9986800595347434,mf=0.45
3,2.46251692115677,-0.0003029029738510813,-278.4049591655203,1.5950408344796327,,-0.05037160930988447,0.008042397260692823,-138.96502067153216,1.0349793284678308,-0.560061506011802,-0.9926072905109441,True,0.9926072905109441,mf=0.45
4,2.3918524709063864,-0.014272442671885217,-278.3447670836867,1.6552329163132853,,0.05956767531026353,0.006934388317357348,-138.89177195714504,1.1082280428549354,-0.54700487345835,-0.992084085408179,True,0.992084085408179,mf=0.45
5,2.4083324817770797,-0.03629466462948452,-269.4431543749874,10.556845625012553,,-0.15446007763539646,0.017908968263420914,-132.64066290359443,7.359337096405554,-3.1975085286069986,-0.9474333064542461,True,0.9474333064542461,mf=0.45
6,2.3773523773855425,0.017289190247437063,-277.4011867547088,2.5988132452911485,,-0.024761798194014334,-0.015192048619146978,-138.03000218479218,1.9699978152077875,-0.628815430083361,-0.9859285870342301,True,0.9859285870342301,mf=0.45
7,2.3792703323283995,0.0432956721191694,-264.84233845806693,15.157661541933017,,0.22206918548286184,0.011206111849287588,-129.26412830064334,10.735871699356647,-4.42178984257637,-0.9233152021474526,True,0.9233152021474526,mf=0.45
8,2.3701072455247933,-0.008520192033946583,-279.0544878071105,0.9455121928894602,,0.057098969003342916,-0.0004996861351638556,-139.33271761496061,0.66728238503937,-0.2782298078500902,-0.9952336972497188,True,0.9952336972497188,mf=0.45
9,2.4719699372391384,0.007106388933502336,-277.4854344168612,2.5145655831387614,,-0.09037253992450402,0.0025343999273836383,-138.2880413178957,1.7119586821042596,-0.8026069010345016,-0.9877717236992553,True,0.9877717236992553,mf=0.45
10,2.412246466559378,-0.0028627810406615804,-279.8731513760768,0.1268486239231624,,0.0051761938656419175,0.0025614073279199667,-139.94208300134508,0.05791699865489629,-0.06893162526826611,-0.999586307152465,True,0.999586307152465,mf=0.45
11,2.4216286937112494,0.04687417766340942,-262.2478276074579,17.75217239254205,,0.2113997711654141,0.02129310334025572,-127.52726278565434,12.472737214345628,-5.2794351781964215,-0.9109090198975313,True,0.9109090198975313,mf=0.45
12,2.4096557376471295,-0.011479812650460943,-278.90857140247476,1.0914285975252132,,0.03916237568586382,0.00694549465106757,-139.30109030437356,0.6989096956264048,-0.3925189018988084,-0.9950077878883828,True,0.9950077878883828,mf=0.45
13,2.35005186471364,0.004848891601592446,-278.79334351195484,1.206656488045096,,0.022075527136526853,-0.010358288080219775,-139.04281498084018,0.9571850191597905,-0.24947146888530558,-0.9931629641488586,True,0.9931629641488586,mf=0.45
14,2.3927544365789375,0.014662326752880858,-278.26028217685774,1.7397178231422041,,-0.044504628931804166,-0.010746633670343507,-138.6724071572536,1.3275928427463803,-0.4121249803958237,-0.990517193980383,True,0.990517193980383,mf=0.45
15,2.407416033956806,-0.003694595823018616,-279.86840516576785,0.1315948342320818,,0.011786231833157147,0.0021185375146348007,-139.93571701338746,0.0642829866125149,-0.06731184761956689,-0.9995408358099106,True,0.9995408358099106,mf=0.45
16,2.521859667262365,-0.009297611811913381,-273.2996558416351,6.700344158364813,,-0.14749128572052025,0.004658744080325664,-135.44691976639032,4.553080233609666,-2.147263924755147,-0.9674779983313595,True,0.9674779983313595,mf=0.45
17,2.2666202572315903,-0.012286171368337305,-271.60957822194354,8.390421778056409,,0.10660990464802027,0.021394986909607942,-134.03592139270435,5.9640786072956145,-2.4263431707607936,-0.9573994385193171,True,0.9573994385193171,mf=0.45
18,2.4897933228970364,0.010114267328784692,-275.9033310880664,4.096668911933545,,-0.11669580667356073,-0.0029140239510797223,-137.17419986171305,2.825800138286924,-1.2708687736466209,-0.9798157132979506,True,0.9798157132979506,mf=0.45
19,2.4660804712285134,-0.02434214345389779,-273.4835208944229,6.516479105577043,,-0.08928168417832205,0.018771501707044662,-135.56270885155112,4.437291148448848,-2.079187957128194,-0.9683050632253654,True,0.9683050632253654,mf=0.45
20,2.3996258695899972,-0.016464629502771326,-277.83332376932583,2.1666762306741414,,0.05550147874485956,0.01013381936322528,-138.55055959855403,1.4494404014459596,-0.7172358292281814,-0.989646854275386,True,0.989646854275386,mf=0.45
21,2.1902262375000454,-0.020911263270071534,-259.06964163258345,20.93035836741649,,-0.2687951526741584,-0.010578504363792419,-125.08042326331834,14.91957673668164,-6.010781630734849,-0.8934315947379883,True,0.8934315947379883,mf=0.45
0,2.359930276071024,0.03262506178771908,-270.8368504206412,9.163149579358725,,0.14790049842805392,-0.016713215651556014,-133.3639003482052,6.636099651794782,-2.527049927563942,-0.9525992882014659,True,0.9525992882014659,mf=0.45
1,2.260091061982395,0.011389891580280408,-271.06887777402875,8.931122225971187,,0.17233104977036262,0.007758114491481915,-133.57430973234378,6.425690267656207,-2.50543195831498,-0.9541022123738843,True,0.9541022123738843,mf=0.45
2,2.4720383944468205,0.03351443677724304,-268.90782313282216,11.092176867177784,,0.10650953564905613,-0.02646415925045371,-132.1012121705389,7.898787829461077,-3.1933890377167065,-0.9435800869324209,True,0.9435800869324209,mf=0.45
3,2.339864937579667,0.018108974709677778,-275.90355217649824,4.096447823501721,,0.04512311882196814,-0.01822002783108328,-136.93090714100975,3.0690928589902344,-1.0273549645114872,-0.9780779081500698,True,0.9780779081500698,mf=0.45
4,2.361795716385501,0.0016819089040308907,-279.3809362098617,0.6190637901382243,,0.019621982799993817,-0.0073345843776114915,-139.4913066783771,0.5086933216228706,-0.11037046851535375,-0.9963664762741223,True,0.9963664762741223,mf=0.45
5,2.3019896976055865,0.00962438779529104,-275.35741501725624,4.642584982743691,,0.10857486952582382,-0.011436215236246399,-136.5640757530859,3.4359242469141043,-1.2066607358295869,-0.9754576839506135,True,0.9754576839506135,mf=0.45
6,2.442434662477704,-0.020799076074035496,-275.80678796154035,4.193212038459609,,-0.011441160431325552,0.018688943072535942,-137.18166047050295,2.818339529497041,-1.3748725089625677,-0.9798690033607355,True,0.9798690033607355,mf=0.45
7,2.5355458514134543,0.009080126277795078,-271.92498026042,8.075019739579972,,-0.12839498449120113,-0.016815816738571746,-134.40829160795926,5.591708392040717,-2.4833113475392548,-0.9600592257711378,True,0.9600592257711378,mf=0.45
8,2.33663699723789,-0.004432324662258792,-278.2053589633004,1.7946410366995553,,0.07271736065746273,-0.0056394406017669044,-138.66839215829648,1.3316078417034993,-0.46303319499605605,-0.9904885154164036,True,0.9904885154164036,mf=0.45
9,2.467587319849797,-0.03415473286823284,-268.81396065981704,11.186039340182907,,-0.19448972035898018,0.005355786516772952,-132.24352880583928,7.756471194160694,-3.4295681460222123,-0.9445966343274236,True,0.9445966343274236,mf=0.45
10,2.403015582444973,0.0003422202756198194,-279.995343858882,0.004656141117938458,,-0.004014061289134912,-0.0003014113363361773,-139.99597818619802,0.004021813801964899,-0.0006343273159735591,-0.9999712727585574,True,0.9999712727585574,mf=0.45
11,2.5147480358847254,-0.008561023689308698,-274.0792049002905,5.920795099709466,,-0.13327228799409024,0.007264569975497909,-135.99193593149985,4.008064068500123,-1.9127310312093428,-0.9713709709392848,True,0.9713709709392848,mf=0.45
12,2.431261121077311,0.013903208077655166,-278.05557179392963,1.9444282060703406,,-0.07523386549769748,-0.00564538541736241,-138.5923068710863,1.4076931289136811,-0.5367350771566595,-0.989945049079188,True,0.989945049079188,mf=0.45
13,2.5162025397851284,0.027040072174508253,-268.68642405299727,11.313575947002693,,0.053638835205185476,-0.030432564580006528,-132.01062399541684,7.989376004583145,-3.324199942419548,-0.9429330285386918,True,0.9429330285386918,mf=0.45
14,2.330274083219835,0.016106863602232117,-275.9447008076296,4.055299192370374,,0.05828927884943262,-0.017131890227196328,-136.96096560797412,3.039034392025875,-1.0162648003444985,-0.9782926114855295,True,0.9782926114855295,mf=0.45
15,2.3556507856573234,0.021476311196683105,-275.51017779413934,4.4898222058606185,,0.031020793911318904,-0.019847585055088712,-136.65487851786278,3.3451214821371944,-1.144700723723424,-0.9761062751275915,True,0.9761062751275915,mf=0.45
16,2.396639351462131,0.028262122905530967,-273.6114489160712,6.388551083928749,,0.027702623282156624,-0.02374238126941202,-135.3377780350805,4.662221964919476,-1.7263291190092733,-0.9666984145362895,True,0.9666984145362895,mf=0.45
17,2.4556749167572542,-0.01916578872521136,-275.7989822209031,4.201017779096856,,-0.028779498528254156,0.01819141923129051,-137.185771739639,2.8142282603609696,-1.3867895187358865,-0.9798983695688502,True,0.9798983695688502,mf=0.45
18,2.4395980415273844,-0.011631961509106132,-278.277887420214,1.722112579786009,,0.009605696689371583,0.011648736031885584,-138.89661148598046,1.1033885140195232,-0.6187240657664859,-0.9921186534712891,True,0.9921186534712891,mf=0.45
19,2.455573386074878,-0.0029587301283753495,-278.66945317539694,1.3305468246030152,,-0.03192064759137303,0.008920143900640226,-139.15579063719971,0.8442093628002514,-0.4863374618027639,-0.9939699331228553,True,0.9939699331228553,mf=0.45
20,2.4956541120395825,-0.010969561838883927,-275.3201359263968,4.679864073603142,,-0.09432288791389584,0.012897016062020162,-136.86258509248592,3.137414907514061,-1.542449166089081,-0.9775898935177567,True,0.9775898935177567,mf=0.45
21,2.3438426473235214,0.018416732597057797,-276.00200988123686,3.9979901187631035,,0.03792690727638533,-0.018393459934877527,-137.00209040803773,2.9979095919622503,-1.000080526800853,-0.9785863600574125,True,0.9785863600574125,mf=0.45
0,2.5066511756939414,0.003942976118936297,-275.26103616909853,4.73896383090145,,-0.12625542099625411,0.0008847397565928984,-136.77090220360694,3.2290977963930283,-1.5098660345084214,-0.9769350157400498,True,0.9769350157400498,mf=0.45
1,2.402430241486224,0.010222473094984584,-279.16238374917896,0.8376162508210075,,-0.04411036432793973,-0.005622966745510557,-139.34987677078135,0.6501232292186391,-0.18749302160236847,-0.9953562626484382,True,0.9953562626484382,mf=0.45
2,2.419107746533109,0.04025224994526685,-266.9010024507355,13.098997549264412,,0.2088826556217734,-0.009272964178721192,-130.66661337392915,9.333386626070835,-3.7656109231935764,-0.9333329526709226,True,0.9333329526709226,mf=0.45
3,2.2434068332360386,0.0104377329776682,-269.27541455297103,10.724585447028948,,0.15306906850209379,0.01920206134462876,-132.34165014364785,7.658349856352129,-3.066235590676819,-0.9452975010260563,True,0.9452975010260563,mf=0.45
4,2.404722452552273,0.014644143673049602,-278.27689358791974,1.7231064120802393,,-0.05549167672955902,-0.00914776141929967,-138.70273917618104,1.2972608238189323,-0.425845588261307,-0.9907338512584362,True,0.9907338512584362,mf=0.45
5,2.481590028148586,-0.005699813667118889,-277.03027488729396,2.9697251127059947,,-0.0654145774098803,0.011662041671667633,-138.0404780783744,1.9595219216255635,-1.0102031910804312,-0.9860034148455317,True,0.9860034148455317,mf=0.45
6,2.341532617648193,-0.018468113253436613,-275.8790608089349,4.120939191065005,,0.09661543416193606,0.011134458783889195,-137.11276767372175,2.8872323262782342,-1.23370686478677,-0.9793769119551554,True,0.9793769119551554,mf=0.45
7,2.456487134734744,-0.00214414784910356,-278.6609785228899,1.3390214771100788,,-0.03595392622188551,0.008582878059620724,-139.1470704648223,0.8529295351776854,-0.48609194193239325,-0.9939076461773022,True,0.9939076461773022,mf=0.45
8,2.370223364034296,-0.007218316753886755,-279.2210799903905,0.7789200096094784,,0.051470376545066344,-0.0014255616027953925,-139.4429275653503,0.5570724346496752,-0.22184757495980326,-0.9960209111810737,True,0.9960209111810737,mf=0.45
9,2.285303460418652,-0.0014677127594713286,-274.6525032032489,5.347496796751072,,0.13864607185635186,2.549539045592356e-05,-136.12280417849553,3.8771958215044515,-1.4703009752466205,-0.972305744132111,True,0.972305744132111,mf=0.45
10,2.3319888861876286,0.004852230812598171,-277.9259652844172,2.0740347155827688,,0.049436638490237446,-0.011674355077687522,-138.4116980018271,1.5883019981728805,-0.4857327174098882,-0.9886549857273366,True,0.9886549857273366,mf=0.45
11,2.2132584968853206,0.008183082570890414,-265.55626804920115,14.443731950798801,,0.0194684581002951,0.03563522459970068,-129.77315940441835,10.226840595581617,-4.216891355217183,-0.9269511386029884,True,0.9269511386029884,mf=0.45
12,2.386333853818863,0.014670173336796065,-278.20352594680764,1.7964740531922974,,-0.03790792769574721,-0.011644603440705432,-138.62262937658286,1.3773706234171228,-0.41910342977517456,-0.9901616384041634,True,0.9901616384041634,mf=0.45
13,2.2992078542363035,0.014519303399684024,-274.1898619444465,5.8101380555534545,,0.12628582303038727,-0.011456308411699874,-135.72664217487323,4.273357825126739,-1.5367802304267146,-0.969476015534809,True,0.969476015534809,mf=0.45
14,2.5030087352456127,0.0077982801233693515,-275.2066822003556,4.793317799644363,,-0.12644570235435418,-0.0027114349576624285,-136.70879044058807,3.2912095594118997,-1.5021082402324633,-0.976491360289915,True,0.976491360289915,mf=0.45
15,2.3642027805125525,0.005184997513829495,-279.26139887674077,0.7386011232591884,,0.004409831309848549,-0.008708563866500811,-139.3898841114959,0.6101158885040863,-0.128485234755102,-0.995642029367828,True,0.995642029367828,mf=0.45
16,2.352039782625283,0.009606531961830197,-278.32301860619987,1.6769813938001052,,0.009306076451569277,-0.012729987251525193,-138.68709380769738,1.3129061923025869,-0.3640752014975184,-0.99062209862641,True,0.99062209862641,mf=0.45
17,2.430357485324051,0.010454323485768958,-278.74973278072736,1.2502672192726008,,-0.06487059591104077,-0.002240324787040035,-139.10176624682077,0.8982337531792078,-0.352033466093393,-0.9935840446201485,True,0.9935840446201485,mf=0.45
18,2.4282551144333384,0.010610192541941458,-278.77383789362824,1.226162106371718,,-0.06386522550606874,-0.0025903040902855766,-139.11456783864227,0.885432161357705,-0.3407299450140131,-0.9936754845617307,True,0.9936754845617307,mf=0.45
19,2.347641936597206,-0.0008972190228255594,-278.8743497914269,1.1256502085730902,,0.045233202239730916,-0.007513913351806838,-139.130876064147,0.8691239358529644,-0.25652627272012574,-0.9937919718867645,True,0.9937919718867645,mf=0.45
20,2.5110888618871074,-0.0012604193592315486,-274.9841009334082,5.015899066591772,,-0.12661806336027004,0.004415977150770424,-136.60297507740148,3.39702492259851,-1.6188741439932621,-0.9757355362671535,True,0.9757355362671535,mf=0.45
21,2.2758657647159106,0.014563334871860026,-272.0715538443615,7.92844615563843,,0.16922717208028484,-0.001027690634163484,-134.2547206611172,5.745279338882781,-2.1831668167556484,-0.9589622904365516,True,0.9589622904365516,mf=0.45
0,2.347595062924205,-0.021272599122093318,-275.26202255908595,4.737977440914019,,0.08385312662610471,0.015313059708835262,-136.69500148267517,3.3049985173248193,-1.4329789235892,-0.9763928677333942,True,0.9763928677333942,mf=0.45
1,2.3984582810630473,0.02682065581930143,-274.24969545242135,5.7503045475786,,0.00728175604951129,-0.022911588574539985,-135.79360354303378,4.206396456966199,-1.5439080906124012,-0.96995431102167,True,0.96995431102167,mf=0.45
2,2.3470158904282314,0.003655115001574249,-278.74713616540294,1.2528638345970295,,0.029665886089543427,-0.01004641860426599,-139.01342413462714,0.9865758653728384,-0.2662879692241911,-0.9929530295330512,True,0.9929530295330512,mf=0.45
3,2.338846970249214,-0.005471691044050278,-278.2350213543949,1.7649786456050562,,0.07410039975583561,-0.004790027297273432,-138.697988660519,1.3020113394809785,-0.4629673061240779,-0.9906999190037072,True,0.9906999190037072,mf=0.45
4,2.5184027797707027,0.0037566112767435235,-274.21045705836735,5.789542941632588,,-0.1391349698338083,-0.0026658189081541143,-136.03900406159642,3.960995938403564,-1.8285470032290234,-0.9717071718685459,True,0.9717071718685459,mf=0.45
5,2.3032507004375833,0.046021576979296146,-259.2689880787341,20.731011921265875,,-0.03811133461320151,0.042090934058645196,-125.5434653614333,14.456534638566673,-6.274477282699201,-0.8967390382959524,True,0.8967390382959524,mf=0.45
6,2.2517947729469223,0.021962865797694704,-267.30183893279474,12.69816106720521,,0.15634860443018844,0.022716115954602226,-130.96391723171664,9.03608276828334,-3.6620782989218688,-0.935456551655119,True,0.935456551655119,mf=0.45
7,2.27828720600325,0.019804730220776515,-270.870038938492,9.129961061507958,,0.18152440380626267,0.0011746010045940467,-133.40869433940583,6.591305660594152,-2.5386554009138065,-0.9529192452814703,True,0.9529192452814703,mf=0.45
8,2.2836849435452984,0.03659041912861422,-263.81898733846515,16.18101266153479,,0.12411445416556856,0.032217740321877006,-128.5883181876322,11.411681812367759,-4.769330849167032,-0.918487987054516,True,0.918487987054516,mf=0.45
9,2.465949826922745,-0.02357807893985118,-273.78316827362835,6.216831726371579,,-0.08208838714302683,0.018897080555975467,-135.77435111837033,4.225648881629656,-1.991182844741923,-0.9698167937026453,True,0.9698167937026453,mf=0.45
10,2.3347464391805675,0.0007820823593081439,-278.2586123925911,1.7413876074088384,,0.05619058060859783,-0.009246265483991248,-138.67236468341164,1.327635316588341,-0.4137522908204974,-0.9905168905957976,True,0.9905168905957976,mf=0.45
11,2.2599157242295655,0.03478495040380513,-262.4154381195095,17.584561880490472,,0.03857170552645521,0.038839224092296426,-127.63955791207138,12.360442087928597,-5.2241197925618765,-0.9117111279433672,True,0.9117111279433672,mf=0.45
12,2.511140429518,0.01813583994138677,-272.3634155637832,7.636584436216757,,-0.0922425485602119,-0.02129194328569413,-134.64703277334286,5.352967226657112,-2.2836172095596448,-0.9617645198095921,True,0.9617645198095921,mf=0.45
13,2.3341726678813277,0.041408933458978905,-264.5283150259386,15.471684974061345,,0.19283948456136693,0.02104101499126996,-129.05811550260694,10.94188449739303,-4.529800476668316,-0.9218436821614784,True,0.9218436821614784,mf=0.45
14,2.486248001295295,-0.021832590604530376,-273.16370375395303,6.836296246046919,,-0.1171431740820139,0.015303574233711084,-135.34927201922173,4.650727980778255,-2.185568265268664,-0.9667805144230125,True,0.9667805144230125,mf=0.45
15,2.4416186229120815,0.009934298407508072,-278.50353644219285,1.4964635578071233,,-0.07165871797019778,-0.0008149812076312662,-138.94829496331946,1.0517050366805116,-0.4447585211266117,-0.9924878211665678,True,0.9924878211665678,mf=0.45
16,2.2963466083781694,-0.016081450846100086,-273.57212374957436,6.427876250425577,,0.11147187399953323,0.01597331445974829,-135.44203399964036,4.557966000359613,-1.8699102500659632,-0.9674430999974313,True,0.9674430999974313,mf=0.45
17,2.3736029414636515,0.010311936184128581,-278.86520807729715,1.1347919227027776,,-0.019146284766732042,-0.010192120229396097,-139.09479064492166,0.9052093550783085,-0.22958256762446907,-0.9935342188922978,True,0.9935342188922978,mf=0.45
18,2.411595442789164,0.0059596535076445875,-279.66113107424746,0.3388689257524705,,-0.0342764032595643,-0.001508123517830863,-139.74171512738982,0.25828487261014,-0.08058405314233055,-0.9981551080527847,True,0.9981551080527847,mf=0.45
19,2.427595374515896,-0.007936619576123818,-279.1852087651177,0.8147912348822617,,0.013899827282817225,0.007548128387099515,-139.5051242464044,0.4948757535955863,-0.3199154812866754,-0.996465173188603,True,0.996465173188603,mf=0.45
20,2.308535893545429,-0.012303344035529585,-275.3887008727895,4.611299127210442,,0.12089542610853028,0.006456658394744345,-136.70895004803717,3.2910499519628087,-1.3202491752476337,-0.9764925003431227,True,0.9764925003431227,mf=0.45
21,2.290214777654611,0.02854206029514727,-268.60148708213404,11.398512917865904,,0.19738006199017955,0.007260625247787003,-131.83241643063198,8.167583569367984,-3.23092934849792,-0.9416601173616572,True,0.9416601173616572,mf=0.45
0,2.427284582953804,-0.02971669340305041,-272.63765458250936,7.362345417490593,,0.10673910379200745,0.01955286711534017,-134.63325170228688,5.36674829771308,-1.995597119777513,-0.9616660835877637,True,0.9616660835877637,mf=0.52
1,2.2933667879029347,-0.0137920465951458,-273.8665127937104,6.133487206289562,,0.12383747710100924,-0.01279773395969827,-135.58903876351494,4.41096123648503,-1.7225259698045317,-0.968493134025107,True,0.968493134025107,mf=0.52
2,2.311885892006474,0.0030326118931013543,-276.76824720548285,3.2317527945171083,,-0.025651745338440616,-0.01638568920661241,-137.7195794973753,2.2804205026246964,-0.9513322918924118,-0.9837112821241093,True,0.9837112821241093,mf=0.52
3,2.482189903752665,-0.003228109594267526,-277.166845220013,2.833154779986944,,0.038603263305981454,0.014601760328293682,-137.9914416367649,2.0085583632350645,-0.8245964167518792,-0.9856531545483209,True,0.9856531545483209,mf=0.52
4,2.3532452091330107,0.033360716266864925,-270.21208722181456,9.78791277818537,,-0.02956604383215032,-0.028687461771213445,-133.24378156872328,6.756218431276692,-3.031694346908679,-0.9517412969194522,True,0.9517412969194522,mf=0.52
5,2.3979347730946454,0.0383628828871342,-268.2357158552334,11.76428414476652,,-0.020032893715791714,-0.031613032591216714,-131.9304360283464,8.069563971653565,-3.694720173112954,-0.9423602573453317,True,0.9423602573453317,mf=0.52
6,2.466185764926228,0.005674061278596828,-277.95637558372067,2.0436244162793074,,0.0004880591620664091,0.013361810326369005,-138.5729997471726,1.427000252827376,-0.6166241634519313,-0.989807141051233,True,0.989807141051233,mf=0.52
7,2.358349475537556,-0.013766328468463542,-277.77656826209386,2.2234317379061155,,0.056220421520659335,-0.010935836368948487,-138.39914724940647,1.6008527505935068,-0.6225789873126087,-0.9885653374957607,True,0.9885653374957607,mf=0.52
8,2.4276129418326624,0.023696360476709147,-275.20036780880383,4.799632191196128,,-0.12699154189279763,0.0020616801900076973,-136.70593811341126,3.294061886588723,-1.5055703046074052,-0.9764709865243663,True,0.9764709865243663,mf=0.52
9,2.3911945612514995,0.01187402307718682,-278.8414113868022,1.1585886131977492,,-0.05909662765102936,0.003288899389541322,-139.20101537106115,0.798984628938822,-0.35960398425892715,-0.9942929669361513,True,0.9942929669361513,mf=0.52
10,2.4233189776082,0.003021402272436903,-279.7046750243038,0.2953249756961566,,0.005240563916114462,0.005003206383046576,-139.79431562564406,0.2056843743559058,-0.0896406013402508,-0.9985308258974578,True,0.9985308258974578,mf=0.52
11,2.3649319780425477,-0.04189515511847231,-265.4690315841225,14.530968415877453,,-0.0700871053371764,0.03473479844893841,-129.35592485882273,10.644075141177257,-3.8868932747001965,-0.9239708918487338,True,0.9239708918487338,mf=0.52
12,2.461238544065621,0.016448877473016855,-276.30757630963217,3.6924236903677654,,-0.08123179561464411,0.012237131328447746,-137.4599367300708,2.540063269929175,-1.1523604204385902,-0.9818566909290773,True,0.9818566909290773,mf=0.52
13,2.401367569785272,0.01235060014093874,-278.78009165432024,1.219908345679693,,-0.05570245687234224,0.005087107688400998,-139.15995196703022,0.8400480329697609,-0.3798603127099322,-0.9939996569073588,True,0.9939996569073588,mf=0.52
14,2.352269415122841,-0.0001516844844287652,-279.06937854331073,0.9306214566892459,,-0.027782641511385042,-0.007905925967764125,-139.34265080320733,0.6573491967926494,-0.27327225989659654,-0.9953046485943382,True,0.9953046485943382,mf=0.52
15,2.4778865944734507,0.014252522252123171,-275.9057716878762,4.094228312123762,,-0.07517104329878259,0.01445697353110772,-137.17849563229453,2.821504367705444,-1.2727239444183183,-0.9798463973735325,True,0.9798463973735325,mf=0.52
16,2.2631355424583472,0.0034990594957497122,-272.34307518648217,7.656924813517775,,0.09808401577899499,-0.020847375327325956,-134.57234403549998,5.427655964499986,-2.229268849017789,-0.9612310288250001,True,0.9612310288250001,mf=0.52
17,2.5412933102534563,-0.007830905726058717,-271.46089284684365,8.539107153156321,,-0.09379958551724314,0.022901874003225083,-134.01987307474337,5.980126925256603,-2.558980227899718,-0.9572848076767385,True,0.9572848076767385,mf=0.52
18,2.4212802628052272,0.006184190583347337,-279.5091420881288,0.49085791187114824,,-0.010710923226656078,0.006277696220767443,-139.66155864363003,0.33844135636995976,-0.15241655550118846,-0.9975825617402145,True,0.9975825617402145,mf=0.52
19,2.309984231832931,-0.0046825377221580275,-276.529529827945,3.4704701720549687,,0.020164718335950148,-0.017272640843193337,-137.5323606743104,2.4676393256895603,-1.0028308463654085,-0.9823740048165032,True,0.9823740048165032,mf=0.52
20,2.419523121180813,0.0007184381173416737,-279.83999343072367,0.1600065692763049,,0.012400345842144072,0.003198889488372978,-139.88676547829297,0.11323452170701107,-0.04677204756929385,-0.9991911819878071,True,0.9991911819878071,mf=0.52
21,2.494382252097446,0.0069797073680617425,-275.9900938508784,4.009906149121541,,-0.03516205698307338,0.017810621780210957,-137.21199307789857,2.7880069221013977,-1.2218992270201432,-0.9800856648421329,True,0.9800856648421329,mf=0.52
0,2.4073103014559982,0.012795885139552843,-278.66950174230476,1.3304982576951685,,-0.05511285081024149,0.00608583465238043,-139.08407127803244,0.9159287219675483,-0.4145695357276201,-0.993457651985946,True,0.993457651985946,mf=0.52
1,2.4003200780429115,-0.010987922346373514,-279.0349970484874,0.9650029515125321,,0.05060540531273528,-0.004707513885797377,-139.30004343318654,0.6999565668134194,-0.26504638469911274,-0.995000310237047,True,0.995000310237047,mf=0.52
2,2.3561947781863966,-0.017090073605537208,-276.8817494889505,3.1182505110494536,,0.08444759023974505,-0.010010229235934776,-137.74801155795853,2.2519884420414313,-0.8662620690080226,-0.9839143682711327,True,0.9839143682711327,mf=0.52
3,2.421781962051372,0.0001543710130980494,-279.8057836035031,0.1942163964968627,,0.01629111696283326,0.003241661942304583,-139.86173711460827,0.13826288539171097,-0.05595351110515173,-0.9990124079614878,True,0.9990124079614878,mf=0.52
4,2.418707601412147,-0.01678719636495421,-277.6045212070918,2.3954787929081407,,0.09245419155286169,-0.00041818716672167454,-138.26107956937864,1.738920430621339,-0.6565583622868019,-0.9875791397812761,True,0.9875791397812761,mf=0.52
5,2.3860880268803943,0.007231307267346865,-279.502896782797,0.4971032172029618,,-0.04003654983084535,0.0013530919667022045,-139.65788219766426,0.34211780233570604,-0.15498541486725576,-0.9975563014118878,True,0.9975563014118878,mf=0.52
6,2.3649349563123137,0.005541608895234182,-279.2520120633133,0.7479879366866179,,-0.046621733137336335,-0.003116816623024463,-139.47846887867593,0.5215311213240599,-0.22645681536255804,-0.9962747777048282,True,0.9962747777048282,mf=0.52
7,2.541713567503922,-0.011478928110226851,-270.8506323897065,9.149367610293467,,-0.09889761601185028,0.023564804595501428,-133.57544273047293,6.424557269527051,-2.724810340766416,-0.9541103052176639,True,0.9541103052176639,mf=0.52
8,2.4114469018793967,-0.013884765484439425,-278.40556823751007,1.5944317624898667,,0.07324412989666425,-0.002825900061425576,-138.84314733505045,1.1568526649495452,-0.43757909754032137,-0.9917367666789318,True,0.9917367666789318,mf=0.52
9,2.3007287940942,-0.0018997662223484211,-275.96857330379686,4.031426696203094,,0.01744248604951668,-0.01870898542091133,-137.14022542218837,2.8597745778116064,-1.1716521183914874,-0.9795730387299171,True,0.9795730387299171,mf=0.52
10,2.484463349065676,-0.024822303799153237,-272.17219523513296,7.827804764866993,,0.033761765163734934,0.02600865495706698,-134.36056586609044,5.639434133909539,-2.188370630957454,-0.9597183276149318,True,0.9597183276149318,mf=0.52
11,2.5596434659486094,0.006776445457423983,-269.39868854162074,10.601311458379191,,-0.18747874880364296,0.005803982955170345,-132.72287911665344,7.2771208833465195,-3.324190575032672,-0.9480205651189534,True,0.9480205651189534,mf=0.52
12,2.359312393298642,1.5931928905329226e-05,-279.32357945991237,0.6764205400876024,,-0.026288043064682597,-0.0064847188581518625,-139.5226249283452,0.4773750716547678,-0.19904546843283466,-0.9965901780596088,True,0.9965901780596088,mf=0.52
13,2.274183763536637,-0.0025953780431274675,-273.54472936718736,6.455270632812583,,0.08760858758939177,-0.01947796557883754,-135.40658626247318,4.59341373752679,-1.8618568952857932,-0.9671899018748087,True,0.9671899018748087,mf=0.52
14,2.4139819405487457,0.008525632900111664,-279.3390961867655,0.6609038132344398,,-0.027030793076183682,0.00617582025924569,-139.54578983912495,0.45421016087503463,-0.20669365235940515,-0.9967556417080354,True,0.9967556417080354,mf=0.52
15,2.224975036798851,0.03177504563229565,-259.6748426214293,20.325157378570626,,0.16383574237790988,0.0336648205568575,-125.5578925256545,14.442107474345487,-5.88304990422514,-0.8968420894689608,True,0.8968420894689608,mf=0.52
16,2.335545671343284,-0.005751098669582164,-278.04129936000214,1.9587006399977889,,0.003791978193984203,-0.013194321432258297,-138.60565651378892,1.3943434862110677,-0.5643571537867211,-0.990040403669921,True,0.990040403669921,mf=0.52
17,2.2909835049470946,0.008774218562349233,-274.56481358510206,5.435186414897872,,-0.0031958408716036926,-0.021869126849281162,-136.1754636529559,3.8245363470440905,-1.6106500678537818,-0.9726818832353994,True,0.9726818832353994,mf=0.52
18,2.4246938311050683,0.015444111383669513,-277.8442974694134,2.1557025305865625,,-0.06649896852706588,0.008532979470541917,-138.51645752017126,1.483542479828707,-0.6721600507578558,-0.9894032680012235,True,0.9894032680012235,mf=0.52
19,2.378733069457008,0.006843267296688831,-279.44075026910343,0.5592497308965331,,-0.04350250309431053,-6.07831622038926e-05,-139.61341258412588,0.386587415874096,-0.17266231502243698,-0.997238661315185,True,0.997238661315185,mf=0.52
20,2.3205077349010894,0.01359369899714361,-275.94995386456947,4.050046135430514,,-0.06657678034834669,-0.015532930204417593,-137.1679476366078,2.8320523633921804,-1.2179937720383331,-0.9797710545471987,True,0.9797710545471987,mf=0.52
21,2.414763119107608,-0.010054780504768131,-279.1028305297503,0.897169470249642,,0.054978958960546324,-0.002088820081879896,-139.34821925004795,0.6517807499520266,-0.24538872029761544,-0.9953444232146283,True,0.9953444232146283,mf=0.52
0,2.391240920906572,-0.0031476064845979484,-279.8894315868067,0.11056841319323679,,0.0064787489612350545,-0.003010560166389053,-139.9189755714313,0.08102442856866968,-0.029543984624567112,-0.9994212540816524,True,0.9994212540816524,mf=0.52
1,2.457116864985502,0.0192587456055502,-275.70420920957037,4.2957907904295825,,-0.10372979675373038,0.009786848593873349,-137.05081045053348,2.949189549466498,-1.3466012409630843,-0.9789343603609536,True,0.9789343603609536,mf=0.52
2,2.467085245736748,-0.004521038856773612,-278.0016058431416,1.9983941568583399,,0.05168496910264145,0.010491380753855022,-138.57494080488325,1.4250591951167213,-0.5733349617416185,-0.9898210057491663,True,0.9898210057491663,mf=0.52
3,2.3185311913566267,-0.017275025616732907,-274.9127879116298,5.087212088370158,,0.11496136420463085,-0.011144844547103397,-136.32993765113372,3.670062348866246,-1.4171497395039123,-0.9737852689366697,True,0.9737852689366697,mf=0.52
4,2.388390220329038,-0.016596317543103135,-277.74344990255247,2.2565500974474997,,0.08091816658051997,-0.00614651549495599,-138.3651331568748,1.6348668431251634,-0.6216832543223361,-0.9883223796919631,True,0.9883223796919631,mf=0.52
5,2.5549970864313893,0.000599801175635976,-270.3396443714821,9.660355628517822,,-0.15716622525907611,0.014659582618835277,-133.3200020371794,6.679997962820597,-2.9803576656972246,-0.9522857288369957,True,0.9522857288369957,mf=0.52
6,2.3572295593759818,0.02522681768248961,-274.16633237688353,5.8336676231164155,,-0.10527168955164913,-0.01495453295625674,-135.96406119010334,4.035938809896629,-1.7977288132197866,-0.9711718656435955,True,0.9711718656435955,mf=0.52
7,2.324674320157356,0.025402856624793815,-272.5308952139057,7.469104786094271,,-0.04767800296665966,-0.02431024108827896,-134.8123776091674,5.187622390832579,-2.2814823952616927,-0.9629455543511959,True,0.9629455543511959,mf=0.52
8,2.4402166837389627,0.001684204938210034,-279.31645949248565,0.6835405075142997,,0.020361554535861682,0.007049822387630049,-139.51799974216686,0.48200025783311373,-0.201540249681186,-0.9965571410154778,True,0.9965571410154778,mf=0.52
9,2.4108130998971995,0.014199035309313995,-278.34079849637783,1.659201503622105,,-0.06229742318105341,0.006624212325550048,-138.85770906636773,1.1422909336322533,-0.5169105699898517,-0.991840779045484,True,0.991840779045484,mf=0.52
10,2.277058812571788,-0.027020643857956578,-268.0492104327305,11.950789567269451,,0.14670267194931016,0.023521531461449034,-131.24445601499716,8.755543985002836,-3.1952455822666157,-0.9374604001071226,True,0.9374604001071226,mf=0.52
11,2.396045553670919,-0.02656106030871012,-274.35502698722837,5.6449730127716125,,0.13604894094046344,0.006912114365833592,-135.88291073663024,4.117089263369727,-1.527883749401885,-0.9705922195473591,True,0.9705922195473591,mf=0.52
12,2.363871919360389,-0.02182110076635247,-275.66087504514996,4.33912495485,,0.12104252018467362,-0.004813005043381112,-136.8498718566723,3.1501281433276787,-1.188996811522321,-0.9774990846905166,True,0.9774990846905166,mf=0.52
13,2.3671946447030336,-0.032289389065365416,-271.22714908038176,8.77285091961819,,0.13412139574164594,0.018695745922553346,-133.574884384409,6.425115615590999,-2.3477353040271893,-0.9541063170314928,True,0.9541063170314928,mf=0.52
14,2.4370296124129913,-0.011897453745696401,-278.30830066307345,1.691699336926484,,0.07606145336524987,0.0024145301635358414,-138.77503528130987,1.2249647186901078,-0.4667346182363763,-0.9912502520093563,True,0.9912502520093563,mf=0.52
15,2.37190242165064,-0.043896847731087686,-264.27635114526964,15.723648854730337,,-0.13177945375362377,0.03160276592837008,-128.5102972018728,11.489702798127178,-4.233946056603159,-0.9179306942990916,True,0.9179306942990916,mf=0.52
16,2.458557994678896,-0.008011817154091452,-278.08770331448056,1.9122966855194077,,0.06592264843627087,0.007810663109746199,-138.62632090117864,1.3736790988213334,-0.5386175866980742,-0.9901880064369905,True,0.9901880064369905,mf=0.52
17,2.481870643812193,0.016822095129526926,-275.00962965006926,4.990370349930693,,-0.10305454995299057,0.012623606805971495,-136.57082555399197,3.429174446008001,-1.561195903922692,-0.9755058968142286,True,0.9755058968142286,mf=0.52
18,2.4751827835394726,0.00596342582689067,-277.4129441463564,2.5870558536435735,,-0.006344897692547264,0.014993419285759051,-138.19504748525748,1.804952514742511,-0.7821033389010624,-0.9871074820375535,True,0.9871074820375535,mf=0.52
19,2.25988598140356,0.011941926801949849,-270.9431059700492,9.056894029950735,,0.10790557229087007,-0.02244078775638143,-133.61361723717903,6.3863827628209355,-2.6705112671297986,-0.9543829802655648,True,0.9543829802655648,mf=0.52
20,2.350479825479494,-0.023350371428203284,-274.6408218236738,5.359178176326168,,0.13765875447978398,-0.003004009964096426,-136.10495026271442,3.895049737285566,-1.4641284390406015,-0.972178216162246,True,0.972178216162246,mf=0.52
21,2.5555341642496523,-0.012914187649528248,-268.94370683829976,11.05629316170021,,-0.157519514005302,0.018524308727731458,-132.27306786447093,7.7269321355290375,-3.329361026171173,-0.944807627603364,True,0.944807627603364,mf=0.52
0,2.3795358079481104,-0.002384776557305476,-279.7832792103248,0.21672078967515465,,-0.004931915491815343,-0.004331133541011768,-139.8450971471549,0.15490285284507935,-0.06181793683007532,-0.9988935510511066,True,0.9988935510511066,mf=0.52
1,2.3919738949643543,0.0008868305259301046,-279.96736269746054,0.03263730253939617,,-0.00935052354478703,-0.0007114206061781645,-139.9780722889257,0.021927711074296863,-0.0107095914650993,-0.9998433734923264,True,0.9998433734923264,mf=0.52
2,2.3752233901295825,0.003270451965817459,-279.6634958977203,0.33650410227964583,,-0.031103592593305564,-0.0021251904748421217,-139.76616000085053,0.23383999914944345,-0.10266410313020237,-0.9983297142917897,True,0.9983297142917897,mf=0.52
3,2.4962478574926954,-0.003460286921456345,-276.1401877912148,3.859812208785155,,0.02288880618077676,0.018108374176087027,-137.27205896712417,2.7279410328758047,-1.1318711759093503,-0.98051470690803,True,0.98051470690803,mf=0.52
4,2.337581171382709,-0.006013568181023741,-278.121647332654,1.8783526673459723,,0.004655075323674893,-0.01291574403229746,-138.66229960179848,1.3377003982014937,-0.5406522691444786,-0.9904449971557037,True,0.9904449971557037,mf=0.52
5,2.321244218240262,-0.012814411677399808,-276.1616778630752,3.8383221369247438,,0.07082854120535631,-0.014719011824053711,-137.24606658545972,2.7539334145402714,-1.0843887223844721,-0.980329047038998,True,0.980329047038998,mf=0.52
6,2.3786999983748087,0.018472603514359053,-277.08715045477356,2.9128495452264103,,-0.09926859080212741,-0.001237565766634602,-137.98657316034456,2.013426839655404,-0.8994227055710063,-0.9856183797167472,True,0.9856183797167472,mf=0.52
7,2.411615255220624,-0.032062316540959125,-271.7286627528554,8.271337247144519,,0.10566373578153056,0.021736833599528244,-133.9584886301015,6.041511369898472,-2.229825877246048,-0.956846347357868,True,0.956846347357868,mf=0.52
8,2.426711153206961,0.0073605364292372065,-279.27526430612,0.7247356938799544,,-0.013834720743787332,0.007598394658903272,-139.49940838015252,0.5005916198474751,-0.2241440740324793,-0.996424345572518,True,0.996424345572518,mf=0.52
9,2.4742585887366806,-0.010563862430305595,-276.8612993577921,3.1387006422078145,,0.06995503187332132,0.012525268107071313,-137.74872212648305,2.251277873516927,-0.8874227686908873,-0.9839194437605934,True,0.9839194437605934,mf=0.52
10,2.3498754126420773,-0.010533299334292381,-278.0872993141086,1.9127006858913633,,0.03257697326744322,-0.012016684552774999,-138.62898227175833,1.3710177282416411,-0.5416829576497221,-0.9902070162268454,True,0.9902070162268454,mf=0.52
11,2.338498177982264,-0.013470511182374256,-277.00664150695167,2.9933584930482966,,0.06105873872578784,-0.013187457500856023,-137.84954406589804,2.150455934101921,-0.8429025589463754,-0.9846396004707005,True,0.9846396004707005,mf=0.52
12,2.391982525955445,-0.019203004724857805,-277.0264550104105,2.973544989589495,,0.09992132573135036,-0.0040458024244887855,-137.841778167583,2.1582218324169893,-0.8153231571725059,-0.9845841297684501,True,0.9845841297684501,mf=0.52
13,2.287197058805448,-0.02875403168551407,-268.234559348447,11.765440651552957,,0.14024308064978966,0.024148643569049263,-131.37342075378405,8.62657924621592,-3.138861405337037,-0.9383815768127434,True,0.9383815768127434,mf=0.52
14,2.393844967734789,-0.024933249400265152,-275.0158755684279,4.984124431572106,,0.13227732241533777,0.0034972491773458967,-136.36864351038383,3.6313564896161403,-1.3527679419559653,-0.9740617393598847,True,0.9740617393598847,mf=0.52
15,2.285828487823086,-0.006090796723624004,-274.4214441112401,5.578555888759872,,0.07858579794200221,-0.018451402190917933,-136.02141973764927,3.9785802623507065,-1.5999756264091651,-0.9715815695546378,True,0.9715815695546378,mf=0.52
16,2.5953751905842757,0.006675923557989353,-264.45577217538823,15.544227824611735,,-0.18135744336715312,-0.022410547297281133,-129.41747504727465,10.582524952725315,-4.961702871886419,-0.924410536051962,True,0.924410536051962,mf=0.52
17,2.427899771069501,-0.005190549585736691,-279.46641797857575,0.5335820214242318,,0.042174911016514445,0.0017101600216228691,-139.61327053795907,0.38672946204091097,-0.1468525593833208,-0.9972376466997078,True,0.9972376466997078,mf=0.52
18,2.4530487909930088,-0.014573674491471946,-277.1535925109306,2.8464074890693745,,0.08926188125740755,0.007396857787300377,-137.94241536548026,2.057584634519716,-0.7888228545496583,-0.9853029668962877,True,0.9853029668962877,mf=0.52
19,2.4113815469948765,0.01738817237943481,-277.530513687217,2.469486312782924,,-0.08365930457068113,0.005871389982347612,-138.30019247649182,1.6998075235081511,-0.7696787892747728,-0.9878585176892275,True,0.9878585176892275,mf=0.52
20,2.44436436450155,-0.004716739115250502,-279.01817913820463,0.9818208617953338,,0.04936283281335067,0.005098092659123862,-139.29474893305118,0.705251066948792,-0.27656979484654176,-0.9949624923789372,True,0.9949624923789372,mf=0.52
21,2.426424110660303,-0.029980866949119313,-272.53049590507294,7.469504094927024,,0.10593642408897037,0.019911868785443897,-134.55436136085288,5.445638639147086,-2.023865455779938,-0.9611025811489494,True,0.9611025811489494,mf=0.52
0,2.4122852112721747,0.009472114952146945,-279.2211765489273,0.7788234510726786,,-0.033128096876886164,0.006238891538199941,-139.46460370494276,0.5353962950572195,-0.243427156015459,-0.9961757407495913,True,0.9961757407495913,mf=0.52
1,2.456080375849299,-0.004403829419557464,-278.5613645838927,1.4386354161072277,,0.05148786887119069,0.007810474531866538,-138.97123697427074,1.0287630257292528,-0.409872390377975,-0.9926516926733625,True,0.9926516926733625,mf=0.52
2,2.3990565902107654,0.009077406749695063,-279.34106550072534,0.6589344992746098,,-0.03954640544539481,0.00408109476213607,-139.547358899076,0.4526411009239987,-0.20629339835061117,-0.9967668492791143,True,0.9967668492791143,mf=0.52
3,2.454689249746166,0.00394794899349466,-278.6545512708865,1.3454487291134718,,0.012577477391722802,0.010673644273107834,-139.0570957952967,0.9429042047032739,-0.40254452441019795,-0.9932649699664052,True,0.9932649699664052,mf=0.52
4,2.358158412210822,-0.024003678738831937,-274.6796692819778,5.320330718022169,,0.1381180065359319,-0.0016577335186135878,-136.12991473348535,3.870085266514635,-1.4502454515075343,-0.9723565338106097,True,0.9723565338106097,mf=0.52
5,2.4977195946602135,0.022738227591263004,-271.9883979518235,8.011602048176414,,-0.16505323270556108,0.0010977673182122985,-134.5275077508594,5.472492249140592,-2.5391097990358227,-0.9609107696489958,True,0.9609107696489958,mf=0.52
6,2.3690209374342546,0.020183664197958178,-276.3517159598442,3.6482840401557444,,-0.1067844405574187,-0.005142900953279315,-137.47553040926567,2.524469590734307,-1.1238144494214375,-0.9819680743518978,True,0.9819680743518978,mf=0.52
7,2.271533396368801,-0.00015943241570313548,-273.3290971685247,6.670902831475231,,0.0830706210753796,-0.020421848384704032,-135.26233420187592,4.737665798124049,-1.933237033351181,-0.9661595300133996,True,0.9661595300133996,mf=0.52
8,2.4308450736618807,-0.006046536633399528,-279.3188489323368,0.6811510676631883,,0.047615023764299234,0.0019435862582636242,-139.50683585099972,0.4931641490002666,-0.1879869186629217,-0.9964773989357124,True,0.9964773989357124,mf=0.52
9,2.3320095490369686,0.020192161421817914,-274.8565830683279,5.143416931672056,,-0.08306076313783961,-0.016492098340635652,-136.42206777186996,3.5779322281300217,-1.5654847035420343,-0.9744433412276426,True,0.9744433412276426,mf=0.52
10,2.4843196533241656,0.009959536812466148,-276.3137339501263,3.686266049873674,,-0.045071713315093256,0.016358796677437996,-137.44623871480715,2.5537612851928166,-1.1325047646808575,-0.9817588479629085,True,0.9817588479629085,mf=0.52
11,2.474538875019282,-0.011634134686731247,-276.6544921584955,3.345507841504479,,0.07258937190623754,0.012890829489973159,-137.59822314490896,2.401776855091018,-0.9437309864134608,-0.9828444510350641,True,0.9828444510350641,mf=0.52
12,2.3597775714654117,0.006877897689088185,-278.96085626787664,1.0391437321233075,,-0.05461541470174333,-0.0038137770104476583,-139.2749564040078,0.7250435959921553,-0.3141001361311522,-0.9948211171714846,True,0.9948211171714846,mf=0.52
13,2.4724780211379462,0.00813333168590246,-277.33055471125505,2.669445288744894,,-0.019657816547241972,0.01490886626238429,-138.1444696916564,1.855530308343567,-0.8139149804013269,-0.9867462120832602,True,0.9867462120832602,mf=0.52
14,2.3711089688614275,-0.006869644133886755,-279.2815674710302,0.7184325289697431,,0.012083623739937066,-0.007795107649843046,-139.48448754206703,0.5155124579329526,-0.2029200710367904,-0.9963177681576217,True,0.9963177681576217,mf=0.52
15,2.3787270170219577,-0.003325279706578842,-279.7265566399021,0.2734433600978435,,-0.0013161520690036018,-0.004947541274726806,-139.80400576187841,0.1959942381215602,-0.0774491219762833,-0.9986000411562745,True,0.9986000411562745,mf=0.52
16,2.3660344394881583,0.017785987231276928,-277.0001150945633,2.9998849054366503,,-0.09802311733922064,-0.003985177898813316,-137.92143254119426,2.078567458805717,-0.9213174466309332,-0.9851530895799592,True,0.9851530895799592,mf=0.52
17,2.563640743324779,-0.013469550299868087,-267.806803248821,12.193196751178963,,-0.1877438091379136,0.013551614021262346,-131.50501121709257,8.494988782907393,-3.698207968271569,-0.9393215086935186,True,0.9393215086935186,mf=0.52
18,2.3697675033902903,0.028392968929518588,-273.18316240865704,6.816837591342897,,-0.10874849834964782,-0.016982910063200393,-135.29662578871708,4.703374211282898,-2.113463380059999,-0.9664044699194079,True,0.9664044699194079,mf=0.52
19,2.525656902058737,0.011874217852912995,-272.48767495633064,7.512325043669297,,-0.13705286028382302,0.013118685673356851,-134.83469860892384,5.165301391076146,-2.347023652593151,-0.9631049900637418,True,0.9631049900637418,mf=0.52
20,2.3281425300860548,-0.023069761983673606,-273.6419452869094,6.358054713090552,,0.15068121430939033,-0.0025381406684990004,-135.38056349650705,4.61943650349294,-1.7386182095976115,-0.9670040249750504,True,0.9670040249750504,mf=0.52
21,2.322847931383497,-0.0044443886617181235,-277.41761674878353,2.5823832512164238,,0.003597407432874409,-0.015142170977916754,-138.16480685783753,1.835193142162437,-0.7471901090539866,-0.9868914775559826,True,0.9868914775559826,mf=0.52
0,2.512308572977128,-0.012301807738834263,-273.6778138438,6.322186156199985,,0.005714649099214733,0.023685834971053903,-135.50941933681028,4.490580663189702,-1.8316054930102825,-0.9679244238343593,True,0.9679244238343593,mf=0.52
1,2.4766844715072587,-0.0038219640753816083,-277.4879130632461,2.5120869367538816,,0.04502831856905761,0.013096807110156624,-138.21497931162347,1.7850206883765203,-0.7270662483773614,-0.987249852225882,True,0.987249852225882,mf=0.52
2,2.4087041999737226,-0.01479037590785735,-278.2206230990535,1.7793769009464548,,0.07707754640576828,-0.003183604867228975,-138.70906857267727,1.2909314273227082,-0.48844547362374663,-0.9907790612334092,True,0.9907790612334092,mf=0.52
3,2.3409280023611587,0.0024312279572390135,-278.52887903710655,1.4711209628934085,,-0.04058329717068895,-0.009357048508677222,-138.96374884581218,1.0362511541878132,-0.4348698087055954,-0.9925982060415156,True,0.9925982060415156,mf=0.52
4,2.4237467892267377,-0.0219050256968507,-275.93439951717556,4.065600482824412,,0.11629751213852883,0.0052125893372344,-137.04351391627392,2.95648608372605,-1.1091143990983627,-0.9788822422590996,True,0.9788822422590996,mf=0.52
5,2.4689742217792565,-0.029120301289147922,-271.2830244088435,8.716975591156412,,0.033441195448708334,0.027575429070811,-133.69396777210153,6.306032227898449,-2.410943363257964,-0.9549569126578682,True,0.9549569126578682,mf=0.52
6,2.34128028107752,0.001533560591041878,-278.57421405846947,1.4257859415305059,,-0.036612560152604015,-0.009566950326302706,-138.99456246984641,1.0054375301535512,-0.4203484113769547,-0.992818303356046,True,0.992818303356046,mf=0.52
7,2.534821882184335,0.024792212302447048,-267.7493347443379,12.250665255662073,,-0.16721377178786861,-0.018458677968622515,-131.6729042796934,8.327095720306573,-3.9235695353554987,-0.9405207448549531,True,0.9405207448549531,mf=0.52
8,2.391276954021567,0.014821367366095623,-278.213154017732,1.786845982267961,,-0.07530349398375047,0.003121480203310344,-138.7670268915054,1.2329731084945696,-0.5538728737733912,-0.9911930492250388,True,0.9911930492250388,mf=0.52
9,2.407205580672407,4.171631520662553e-05,-279.97874690845555,0.021253091544378922,,0.005889720997526038,0.0010176930696496197,-139.98462704933792,0.01537295066205681,-0.005880140882322111,-0.9998901932095567,True,0.9998901932095567,mf=0.52
10,2.357542388539017,0.01821241055134436,-276.6125061114567,3.387493888543238,,-0.09908451797997356,-0.0066768962568532556,-137.64986585392518,2.350134146074808,-1.0373597424684302,-0.983213327528037,True,0.983213327528037,mf=0.52
11,2.2582822656798105,-0.025710790798195507,-266.61994027428995,13.380059725710014,,0.12277888896569407,0.029084990134395035,-130.18919430813463,9.810805691865355,-3.5692540338446586,-0.9299228164866761,True,0.9299228164866761,mf=0.52
12,2.368343073488321,0.007823747076172274,-279.10110383957124,0.8988961604287257,,-0.05420237882679323,-0.0017697230046088874,-139.37532744237498,0.6246725576250023,-0.2742236028037234,-0.9955380531598214,True,0.9955380531598214,mf=0.52
13,2.435366207305948,-0.0177593319224813,-276.9680311896053,3.0319688103946496,,0.10064154226818733,0.004234513669229021,-137.80017415020077,2.199825849799192,-0.8321429605954576,-0.9842869582157201,True,0.9842869582157201,mf=0.52
14,2.4438551254822403,0.013119286809531802,-277.8386958016546,2.16130419834539,,-0.04734879059633931,0.011366627073489854,-138.50955872765556,1.4904412723444151,-0.6708629260009746,-0.9893539909118256,True,0.9893539909118256,mf=0.52
15,2.5041807670812313,0.0075849576599220595,-275.13511573137646,4.864884268623503,,-0.056845630624256745,0.01843241523238711,-136.6251316440105,3.374868355989478,-1.490015912634025,-0.975893797457218,True,0.975893797457218,mf=0.52
16,2.3124160149488677,0.00948792400860432,-276.15994349056956,3.840056509430414,,-0.04826776665225779,-0.016664355990883454,-137.30476589379433,2.695234106205651,-1.1448224032247627,-0.9807483278128167,True,0.9807483278128167,mf=0.52
17,2.3350078652784476,-0.017433807098922307,-275.8481452450622,4.151854754937757,,0.09941610388187076,-0.01112362399814987,-137.00396213972928,2.9960378602706874,-1.1558168946670697,-0.978599729569495,True,0.978599729569495,mf=0.52
18,2.520778360690715,0.004340013522452463,-273.94506998419604,6.054930015803908,,-0.07139731174614669,0.01990887347613412,-135.79329175527826,4.206708244721712,-1.8482217710821962,-0.9699520839662735,True,0.9699520839662735,mf=0.52
19,2.4656342241121463,0.013348049725217801,-276.819231711347,3.180768288652946,,-0.05672280076646993,0.013872984014184235,-137.80520987626917,2.194790123730801,-0.9859781649221452,-0.9843229276876372,True,0.9843229276876372,mf=0.52
20,2.4413374720180423,-0.03542482663657337,-269.27198668578984,10.72801331421011,,0.0048172049759321435,0.03122566787321262,-132.20229997996884,7.797700020031129,-2.9303132941789802,-0.9443021427140633,True,0.9443021427140633,mf=0.52
21,2.4851265547518264,-0.009027350652980439,-276.39984486721187,3.60015513278806,,0.05620077213984555,0.015523614464707215,-137.42939572074945,2.5706042792505195,-1.0295508535375404,-0.9816385408624962,True,0.9816385408624962,mf=0.52
0,2.436079221347396,-0.024569129538135726,-274.6434276224306,5.356572377569358,,0.11527818237501308,0.012272491503028487,-136.10425161156917,3.895748388430813,-1.460823989138545,-0.9721732257969228,True,0.9721732257969228,mf=0.52
1,2.5292719913395487,-0.010130271839402953,-272.42621579985536,7.573784200144604,,-0.04905890049621309,0.02462494945514173,-134.66206126907957,5.3379387309204125,-2.2358454692241914,-0.9618718662077114,True,0.9618718662077114,mf=0.52
2,2.4572018762287375,0.011868137037556521,-277.53888291359016,2.4611170864098018,,-0.040271357143397184,0.013089958859447698,-138.2991888328699,1.7008111671300845,-0.7603059192797174,-0.9878513488062137,True,0.9878513488062137,mf=0.52
3,2.3725255818328557,0.0050446284811475105,-279.487979582111,0.5120204178889645,,-0.04009866812925123,-0.0018438355157137164,-139.64432730256567,0.35567269743429525,-0.15634772045466916,-0.9974594807326121,True,0.9974594807326121,mf=0.52
4,2.5569971919203365,-0.03269744013712657,-261.55127441743815,18.448725582561806,,-0.2417391122450695,-0.013264597593445102,-127.13670242251078,12.863297577489194,-5.585428005072613,-0.9081193030179343,True,0.9081193030179343,mf=0.52
5,2.33217915696692,0.0021997950755344403,-278.0859657701227,1.9140342298772437,,-0.03790713629793133,-0.011495143485093754,-138.65028315293472,1.3497168470652656,-0.5643173828119781,-0.9903591653781052,True,0.9903591653781052,mf=0.52
6,2.445902097027955,0.016504860469008235,-276.96215669063855,3.0378433093613832,,-0.07515015849758738,0.01084151680861525,-137.91016450730743,2.0898354926925435,-0.9480078166688395,-0.9850726036236247,True,0.9850726036236247,mf=0.52
7,2.2725859048434622,0.012289499478426237,-272.22976034470344,7.770239655296515,,0.05773523507488327,-0.024472866069293303,-134.53300693561314,5.466993064386827,-2.303246590909688,-0.9609500495400941,True,0.9609500495400941,mf=0.52
8,2.379717025147141,-0.0031547789056407963,-279.7522066590022,0.24779334099779401,,-0.0014495920075770065,-0.0047093659019326285,-139.8223131519412,0.17768684805878238,-0.07010649293901162,-0.9987308082281515,True,0.9987308082281515,mf=0.52
9,2.4929225834143054,0.005268796256998139,-276.2680055378724,3.731994462127577,,-0.020576637723127074,0.017741924655284663,-137.3976003757936,2.6023996242063836,-1.1295948379211933,-0.9814114312556687,True,0.9814114312556687,mf=0.52
10,2.3166228743566557,0.0028456468166790845,-277.1058004478418,2.8941995521581676,,-0.03029298230290595,-0.015231897578134456,-137.95809478868932,2.0419052113106604,-0.8522943408475074,-0.9854149627763524,True,0.9854149627763524,mf=0.52
11,2.5833196376820458,-0.005610110384022193,-266.33266616574576,13.667333834254215,,-0.21803067958130684,-0.0014257237646666144,-130.59025914130137,9.409740858698601,-4.257592975555614,-0.93278756529501,True,0.93278756529501,mf=0.52
12,2.302035232353602,-0.007568347469286526,-275.64353864725456,4.3564613527453835,,0.054769372578976974,-0.017672047128566924,-136.89173118597657,3.1082688140234014,-1.2481925387219823,-0.9777980798998328,True,0.9777980798998328,mf=0.52
13,2.3206976626142337,0.03202010203201906,-269.2445584240606,10.75544157593936,,0.04533091769886481,-0.029672763168728862,-132.54320072019175,7.456799279808243,-3.2986422961311166,-0.9467371480013697,True,0.9467371480013697,mf=0.52
14,2.361431858244254,-0.011712368524334382,-278.29574474174274,1.704255258257211,,0.040421725525088194,-0.010560995404320423,-138.77475902260645,1.225240977393526,-0.479014280863685,-0.9912482787329033,True,0.9912482787329033,mf=0.52
15,2.4597671269934134,-0.02595216000500727,-273.1594853876132,6.84051461238679,,0.08227977591494864,0.021166984645252303,-135.04113584020402,4.958864159795946,-1.881650452590843,-0.9645795417157432,True,0.9645795417157432,mf=0.52
16,2.4325123338706285,0.01768811870990434,-277.0673203197208,2.932679680279167,,-0.08312415295235276,0.008738119332524162,-137.98352950826347,2.0164704917365093,-0.9162091885426581,-0.9855966393447392,True,0.9855966393447392,mf=0.52
17,2.3912991328894315,-0.003027811947147382,-279.8957599761228,0.10424002387717574,,0.006015567145263264,-0.0029386776687803256,-139.92357715696855,0.07642284303142671,-0.027817180845749013,-0.9994541225497755,True,0.9994541225497755,mf=0.52
18,2.3809597865734107,0.015743148486929148,-277.87083628882175,2.1291637111782133,,-0.08493157723657146,0.0007279647624494805,-138.52806150451877,1.4719384954812131,-0.6572252156970003,-0.9894861536037056,True,0.9894861536037056,mf=0.52
19,2.274217605825807,0.00400104993488608,-273.4740239241268,6.525976075873158,,0.05812388110387851,-0.022167766829416933,-135.38311774125842,4.616882258741557,-1.9090938171316003,-0.9670222695804175,True,0.9670222695804175,mf=0.52
20,2.3153256839000895,-0.0087826822894336,-276.465757228623,3.5342427713770044,,0.043582181235144686,-0.0163478159812345,-137.47604225950923,2.523957740490752,-1.0102850308862523,-0.981971730425066,True,0.981971730425066,mf=0.52
21,2.4210866242163793,0.028744577491185596,-273.2144122826152,6.7855877173847166,,-0.14243592216743906,-0.008402556174360898,-135.3468276046852,4.653172395314788,-2.132415322069929,-0.9667630543191801,True,0.9667630543191801,mf=0.52
0,2.296351074989782,0.004102803184119977,-275.5049059033429,4.495094096657094,,-0.0034902626495652575,-0.01991612805658755,-136.8272953277299,3.1727046722700862,-1.3223894243870071,-0.9773378237694994,True,0.9773378237694994,mf=0.52
1,2.4111179337282245,-0.004087002533382273,-279.81593568052887,0.1840643194710759,,0.025505825385202654,-0.0005752477733139855,-139.86435306540432,0.13564693459566107,-0.04841738487541485,-0.9990310933243167,True,0.9990310933243167,mf=0.52
2,2.440442773566899,0.01084672202129976,-278.3913679275122,1.6086320724877525,,-0.03085984947423678,0.010708717648073988,-138.88879770542425,1.1112022945757132,-0.49742977791203946,-0.9920628407530306,True,0.9920628407530306,mf=0.52
3,2.4530317102303703,-0.02406681566480202,-274.222552029323,5.77744797067693,,0.0999921683507099,0.01644539127913524,-135.8081887558913,4.191811244108661,-1.58563672656827,-0.9700584911135096,True,0.9700584911135096,mf=0.52
4,2.4028952827440038,-0.011934095609617957,-278.8582684026444,1.1417315973555624,,0.057442857367819344,-0.004401289587548085,-139.17187075368932,0.8281292463106718,-0.3136023510448907,-0.9940847910977809,True,0.9940847910977809,mf=0.52
5,2.41311911539815,-0.021838014051758788,-276.11802153691417,3.881978463085774,,0.11692046307927814,0.0026267023970776284,-137.17640029347646,2.823599706523505,-1.058378756562269,-0.9798314306676893,True,0.9798314306676893,mf=0.52
6,2.37923487206459,0.00882502206378363,-279.201202619732,0.798797380267985,,-0.05187781095258472,0.0006038661218383901,-139.44767619379778,0.5523238062022009,-0.24647357406578396,-0.9960548299556986,True,0.9960548299556986,mf=0.52
7,2.254767913279964,0.009389080560937181,-270.79840349682263,9.201596503177338,,0.12456276329116492,-0.020523650703882144,-133.4954530561009,6.504546943899068,-2.6970495592782715,-0.9535389504007209,True,0.9535389504007209,mf=0.52
8,2.2476501187030857,0.02039472992619699,-267.3396592011096,12.660340798890317,,0.19423091262384218,-0.013283818521035926,-131.08191794307405,8.91808205692593,-3.7422587419643882,-0.9362994138791005,True,0.9362994138791005,mf=0.52
9,2.3073284038917246,-0.019798369330605515,-273.37586022165215,6.624139778347795,,0.14965860927144894,-0.0060160189375759714,-135.20357144737565,4.796428552624317,-1.8277112257234782,-0.9657397960526835,True,0.9657397960526835,mf=0.52
10,2.388726148642246,-0.02705243352546648,-274.0988796439821,5.901120356017827,,0.13956097979935791,0.006874302736116704,-135.6945069392621,4.305493060737852,-1.5956272952799746,-0.9692464781375868,True,0.9692464781375868,mf=0.52
11,2.3325253030128734,0.005610971831506411,-277.89204705292207,2.1079529470778677,,-0.052334997358244505,-0.010740697021647531,-138.51885701712473,1.481142982875235,-0.6268099642026331,-0.9894204072651769,True,0.9894204072651769,mf=0.52
12,2.498094377785878,0.004901220501145992,-275.8990996208265,4.10090037917341,,-0.026068785495421545,0.0184486313826455,-137.14082666477768,2.859173335222298,-1.2417270439511123,-0.9795773333198408,True,0.9795773333198408,mf=0.52
13,2.274268445687941,-0.015519912838411698,-271.6819641837884,8.318035816211546,,0.17055622877745108,-0.004782020744913917,-133.99183736083864,6.008162639161337,-2.3098731770502097,-0.957084552577419,True,0.957084552577419,mf=0.52
14,2.345794858473347,-0.009218912813976871,-278.1213330437129,1.8786669562870224,,0.023910059396884866,-0.012390798377179152,-138.65602078441864,1.3439792155813433,-0.5346877407056791,-0.9904001484601332,True,0.9904001484601332,mf=0.52
15,2.4550029633287935,0.01867399003660904,-275.97800587255733,4.0219941274426345,,-0.09745504379217898,0.010210567710106665,-137.23750844391327,2.762491556086714,-1.25950257135592,-0.9802679174565234,True,0.9802679174565234,mf=0.52
16,2.4882900605675724,0.004974749125036291,-276.6313997740676,3.36860022593239,,-0.012362955758152277,0.01703858266460273,-137.64843294920658,2.3515670507933937,-1.0170331751389958,-0.9832030924943329,True,0.9832030924943329,mf=0.52
17,2.487636419164778,-0.03696627845378125,-265.9540148498266,14.045985150173342,,-0.16388737314967308,0.024178153891694126,-129.94030459680405,10.059695403195928,-3.9862897469774157,-0.9281450328343148,True,0.9281450328343148,mf=0.52
18,2.3275701089061602,0.01080915303434479,-276.9282763304157,3.071723669584256,,-0.06748179712389969,-0.012364617751006661,-137.8497294073356,2.1502705926644015,-0.9214530769198545,-0.9846409243381115,True,0.9846409243381115,mf=0.52
19,2.3861883506553436,0.021353305929157174,-276.27771678681904,3.7222832131809134,,-0.11183086662648861,-0.0020404356087265854,-137.4318990794934,2.5681009205065597,-1.1541822926743537,-0.9816564219963817,True,0.9816564219963817,mf=0.52
20,2.305307388477292,-0.009446592480006259,-275.6425320978715,4.357467902128472,,0.06429812632659003,-0.01686025133032659,-136.88492228846638,3.115077711533605,-1.2423901905948669,-0.9777494449176171,True,0.9777494449176171,mf=0.52
21,2.615337881344587,-0.016039130494703267,-259.60267236882567,20.3973276311743,,-0.12093152904013628,-0.03706904530818605,-126.05788850391853,13.942111496081443,-6.455216135092857,-0.900413489313704,True,0.900413489313704,mf=0.52
0,2.4023132252515813,-0.004480614652100967,-279.83735577277366,0.1626442272263063,,0.02043320168676518,-0.0020861793618194044,-139.87984159913808,0.1201584008618958,-0.042485826364410506,-0.9991417257081293,True,0.9991417257081293,mf=0.52
1,2.2314014151073733,-0.0038556751846594004,-268.49083057307485,11.509169426925133,,0.20401735952102673,0.0010962600911978353,-131.73035358935823,8.269646410641739,-3.2395230162833943,-0.9409310970668447,True,0.9409310970668447,mf=0.52
2,2.519705234590543,-0.011482158567869705,-273.14525808552315,6.854741914476796,,-0.01672344710638905,0.02449624827394777,-135.1468217181421,4.8531782818578755,-2.001563632618921,-0.9653344408438723,True,0.9653344408438723,mf=0.52
3,2.396865271745628,0.010986554513873934,-279.0312593120415,0.9687406879584399,,-0.05085391743436652,0.004170436293853273,-139.3330145175006,0.6669854824993761,-0.3017552054590639,-0.9952358179821473,True,0.9952358179821473,mf=0.52
4,2.3848224293501694,0.028777067100100022,-273.28709455723344,6.712905442766497,,-0.12172517657255684,-0.014256053908743592,-135.37749880811572,4.622501191884269,-2.0904042508822283,-0.9669821343436837,True,0.9669821343436837,mf=0.52
5,2.365246262043537,-0.007465208096167866,-279.0609180411325,0.9390819588674907,,0.013320347287857345,-0.00892474022410739,-139.32710754350651,0.6728924564934734,-0.2661895023740173,-0.9951936253107609,True,0.9951936253107609,mf=0.52
6,2.492083774831545,0.004086669857466544,-276.41909200502687,3.580907994973112,,-0.011397228018877555,0.017599839282804838,-137.49774431558973,2.5022556844102586,-1.0786523105628534,-0.9821267451113553,True,0.9821267451113553,mf=0.52
7,2.4232540815884294,0.01629148792406235,-277.6575819456784,2.342418054321588,,-0.07305255834096222,0.008099860300729483,-138.3882955289907,1.611704471009275,-0.730713583312313,-0.9884878252070766,True,0.9884878252070766,mf=0.52
8,2.286898468799371,-0.02469800550807909,-269.9402556329439,10.059744367056066,,0.17489417683306227,0.012375110930734888,-132.65717619755506,7.3428238024449115,-2.7169205646111543,-0.9475512585539649,True,0.9475512585539649,mf=0.52
9,2.249793782358409,-0.038080166911875296,-259.33085953621867,20.669140463781268,,-0.23963834408902585,0.022180874536564758,-124.80082326495324,15.199176735046736,-5.469963728734532,-0.8914344518925233,True,0.8914344518925233,mf=0.52
10,2.436622934654567,0.004997129635027115,-279.2522715774068,0.7477284225931321,,0.0029528469487450945,0.008059660726074011,-139.47904348536701,0.5209565146329674,-0.2267719079601647,-0.9962788820383359,True,0.9962788820383359,mf=0.52
11,2.363802917442158,0.011053408168983604,-278.4880170984374,1.511982901562565,,-0.0702328255579739,-0.0023858606527495875,-138.9491884371888,1.0508115628111627,-0.4611713387514025,-0.9924942031227774,True,0.9924942031227774,mf=0.52
12,2.398088661707944,0.030094456750965757,-272.75995462073456,7.240045379265383,,-0.1273806136162543,-0.01456671443720606,-135.02423324457436,4.975766755425613,-2.2642786238397696,-0.964458808889817,True,0.964458808889817,mf=0.52
13,2.3648390487354645,0.004987000076597879,-279.29593158098135,0.7040684190186243,,-0.044406101988002225,-0.003327494424158511,-139.50874626862682,0.49125373137315603,-0.21281468764546818,-0.996491044775906,True,0.996491044775906,mf=0.52
14,2.3601619533967586,0.005607503454929622,-279.10018692449665,0.8998130755033,,-0.04926806606434297,-0.004078445135940637,-139.37143781058418,0.6285621894157845,-0.27125088608751563,-0.9955102700756016,True,0.9955102700756016,mf=0.52
15,2.2626382954090407,6.13894767453881e-05,-272.386628590915,7.613371409084986,,0.11141825499084643,-0.01903755539121577,-134.58699321764897,5.413006782351008,-2.200364626733978,-0.9613356658403499,True,0.9613356658403499,mf=0.52
16,2.4675769900108246,0.00010633752063661644,-278.1379683024343,1.8620316975656783,,0.03099010595098294,0.011834647560129285,-138.68428638348576,1.3157136165142154,-0.546318081051463,-0.990602045596327,True,0.990602045596327,mf=0.52
17,2.373189814278542,-0.006194310804361483,-279.39944261450177,0.6005573854982039,,0.00942397187590095,-0.007187175170640908,-139.56898273965925,0.43101726034072924,-0.16954012515747463,-0.9969213052832805,True,0.9969213052832805,mf=0.52
18,2.235317297616994,-0.013634684917163317,-267.636484902506,12.36351509749393,,0.1907603519992184,0.01469367068160562,-131.02555846929147,8.974441530708503,-3.3890735667854273,-0.935896846209225,True,0.935896846209225,mf=0.52
19,2.3983828024772067,0.01655800018833064,-277.8076677237593,2.1923322762406228,,-0.08251477918242077,0.003960996008419694,-138.48883191145404,1.5111680885459313,-0.6811641876946914,-0.989205942224672,True,0.989205942224672,mf=0.52
20,2.408749478523975,0.00806350839097519,-279.44901584715296,0.5509841528470069,,-0.027946211723296907,0.005226730763953517,-139.6220014934524,0.3779985065475963,-0.17298564629941054,-0.9973000106675172,True,0.9973000106675172,mf=0.52
21,2.460845815715911,-0.0005762242640646283,-278.48690542788296,1.5130945721169962,,0.03523796103537489,0.010118105726827515,-138.9280122780186,1.0719877219813696,-0.4411068501356266,-0.9923429448429902,True,0.9923429448429902,mf=0.52
0,2.402123752608951,0.0009971396771227944,-279.9902081186289,0.009791881371068246,,0.0028131281192666125,0.00037215568692237303,-139.99727436339074,0.002725636609237947,-0.0070662447618302995,-0.9999805311670769,True,0.9999805311670769,mf=0.6
1,2.3856670036380674,0.01136552622144076,-278.88354869079114,1.1164513092087829,,0.001902380465501871,0.009713575402868936,-139.2451460174652,0.7548539825347611,-0.36159732667402184,-0.9946081858390374,True,0.9946081858390374,mf=0.6
2,2.390662801522343,-0.004876116047876102,-279.774304700367,0.22569529963296653,,-0.02414360882432562,-0.0029153534696858383,-139.81288943540525,0.1871105645947171,-0.03858473503824944,-0.9986634959671806,True,0.9986634959671806,mf=0.6
3,2.4798254916330746,-0.02895907467286492,-270.70267371326383,9.297326286736109,,0.17919610575125788,0.003680669316687099,-133.47526058503968,6.524739414960309,-2.7725868717757987,-0.9533947184645692,True,0.9533947184645692,mf=0.6
4,2.431368320887318,0.001907849004211738,-279.56866711784375,0.4313328821562048,,0.0356833448306479,-0.0014326238831334503,-139.7233925249161,0.27660747508386,-0.15472540707234483,-0.9980242323208296,True,0.9980242323208296,mf=0.6
5,2.423598955475597,-0.013905042277997149,-278.226930261342,1.7730697386579628,,0.009416259217607229,-0.01262901432625222,-138.70713709911402,1.292862900885953,-0.48020683777200984,-0.9907652649936718,True,0.9907652649936718,mf=0.6
6,2.3374460666571024,-0.01223979777324035,-277.2064430409617,2.7935569590382507,,-0.07672790306448238,-0.010597801389995262,-137.9033231756459,2.0966768243540743,-0.6968801346841763,-0.9850237369688994,True,0.9850237369688994,mf=0.6
7,2.4185728235201043,-0.006298411909745473,-279.54186140791523,0.45813859208472146,,0.002826752089270831,-0.006476438196471371,-139.6631292746427,0.3368707253572842,-0.12126786672743728,-0.9975937805331623,True,0.9975937805331623,mf=0.6
8,2.3978065172987835,-0.002497354310580301,-279.94818474646263,0.05181525353729825,,-0.011021896379996138,-0.0017419175733854628,-139.95090254231522,0.04909745768475292,-0.0027177958525453345,-0.9996493038736803,True,0.9996493038736803,mf=0.6
9,2.4215948887922196,-0.01080551856928293,-278.87610188600377,1.1238981139962076,,0.0031455701559065896,-0.010137490566460702,-139.1766047978766,0.8233952021233799,-0.30050291187282774,-0.9941186056991187,True,0.9941186056991187,mf=0.6
10,2.487938285836783,0.010812186779174898,-275.9199301201071,4.080069879892841,,0.09087160679331742,0.011601827247723615,-137.2452975419086,2.7547024580913697,-1.3253674218014715,-0.980323553870776,True,0.980323553870776,mf=0.6
11,2.323332206714969,-0.003528260911849491,-277.5062043381058,2.4937956618941604,,-0.09416135129621626,-0.0024189602687274604,-138.15137029410045,1.8486297058995267,-0.6451659559946334,-0.9867955021007176,True,0.9867955021007176,mf=0.6
12,2.388279702926347,0.002872456828610915,-279.87786560170275,0.12213439829722195,,-0.006616233343688018,0.00305423233503531,-139.91649044792075,0.08350955207922868,-0.03862484621799327,-0.999403503199434,True,0.999403503199434,mf=0.6
13,2.4812976000231197,-0.02462870027619561,-272.4612411829037,7.538758817096297,,0.16129103750638113,-0.0029339327299585014,-134.70989105082535,5.290108949174634,-2.2486498679216624,-0.9622135075058955,True,0.9622135075058955,mf=0.6
14,2.494996594180642,0.011297614672155594,-275.3123581185224,4.687641881477555,,0.08947470686315435,0.01388944435105547,-136.8301463368989,3.1698536631010628,-1.517788218376492,-0.9773581881207067,True,0.9773581881207067,mf=0.6
15,2.5206370836721264,-0.00041189504854268524,-274.107915732753,5.892084267246975,,0.12502792969382642,0.010363657447587587,-135.98038139236837,4.019618607631612,-1.8724656596153642,-0.971288438516917,True,0.971288438516917,mf=0.6
16,2.6527978404207393,-0.030711928863322836,-247.50129121377452,32.49870878622543,,0.12248972874740972,-0.04900590847502808,-117.77002901202621,22.229970987973765,-10.268737798251667,-0.8412144929430445,True,0.8412144929430445,mf=0.6
17,2.2984890661401214,0.005204564075104321,-275.5996478486838,4.400352151316176,,-0.12510085914321145,-0.0018876253765272495,-136.80668606754622,3.1933139324537625,-1.207038218862414,-0.9771906147681874,True,0.9771906147681874,mf=0.6
18,2.3363588449262127,-0.004807832410014187,-278.16326049986515,1.8367395001347906,,-0.08116149832468941,-0.0020365193360956453,-138.62594636158138,1.3740536384186057,-0.4626858617161849,-0.9901853311541529,True,0.9901853311541529,mf=0.6
19,2.3890945100726606,-0.0359443476090422,-269.6251683160716,10.37483168392834,,0.18742028802866292,-0.007359051261507809,-132.5635374472192,7.436462552780776,-2.9383691311475633,-0.9468824103372802,True,0.9468824103372802,mf=0.6
20,2.3993030191446256,0.0330415417061044,-271.2741224628522,8.725877537147763,,-0.15377463906927752,0.012522064401863127,-133.99259488690547,6.007405113094513,-2.71847242405325,-0.9570899634778963,True,0.9570899634778963,mf=0.6
21,2.3900715213756416,-0.009627409155328363,-279.2188831903139,0.7811168096860971,,-0.03252826847334739,-0.006953407378101441,-139.39730902937714,0.6026909706228443,-0.17842583906325285,-0.9956950644955511,True,0.9956950644955511,mf=0.6
0,2.361237309453463,0.014214156155598616,-277.7711936116926,2.228806388307363,,-0.03795441633442719,0.01250505870952537,-138.45582927525723,1.5441707247427547,-0.6846356635646084,-0.9889702091089804,True,0.9889702091089804,mf=0.6
1,2.3793529660972217,-0.01294865591931676,-278.4855886729259,1.5144113270740112,,-0.04306672747544103,-0.009811524095903388,-138.8517384760609,1.1482615239390843,-0.36614980313492684,-0.9917981319718637,True,0.9917981319718637,mf=0.6
2,2.3913310188135424,-0.01233223529829925,-278.75373793623305,1.246262063766888,,-0.031636449740353706,-0.009619525350096001,-139.05584762408216,0.9441523759178192,-0.30210968784906883,-0.9932560544577299,True,0.9932560544577299,mf=0.6
3,2.4207842295398234,0.004153897569977116,-279.68542815254386,0.3145718474561058,,0.030059883613172172,0.0010660289934466406,-139.80621413465263,0.1937858653473539,-0.1207859821087519,-0.9986158152475189,True,0.9986158152475189,mf=0.6
4,2.3690098304440697,-0.0033714811956807654,-279.51654264232724,0.48345735767273473,,-0.04301036769740276,-0.0002073144903701326,-139.62178349440688,0.37821650559310355,-0.10524085207963124,-0.9972984535314778,True,0.9972984535314778,mf=0.6
5,2.3879402701583876,-0.005960339179365028,-279.6565737458557,0.3434262541442105,,-0.029250228163084098,-0.003578557949930657,-139.7227549816835,0.2772450183164737,-0.06618123582773681,-0.9980196784405966,True,0.9980196784405966,mf=0.6
6,2.3189349232387926,-0.016046174437098992,-275.26663873647306,4.7333612635268905,,-0.06119564340388557,-0.018585614460197394,-136.47531006472315,3.5246899352768386,-1.2086713282500514,-0.9748236433194511,True,0.9748236433194511,mf=0.6
7,2.3573151857224994,0.011684152805791432,-278.1645149095227,1.8354850904772215,,-0.03945064774350843,0.010966712564163698,-138.72077984594733,1.2792201540526373,-0.5562649364245843,-0.9908627131853383,True,0.9908627131853383,mf=0.6
8,2.46060928628375,0.009381957111716686,-277.79774591569424,2.20225408430574,,0.07696762889134966,0.005756093533902039,-138.5286980746633,1.4713019253366744,-0.7309521589690658,-0.9894907005333095,True,0.9894907005333095,mf=0.6
9,2.513652264496506,-0.00409826428804681,-274.63119161758283,5.368808382417151,,0.13097471149602677,0.0051172456683664345,-136.3254934957527,3.6745065042472733,-1.6943018781698775,-0.9737535249696623,True,0.9737535249696623,mf=0.6
10,2.667353992580074,-0.03507059795205491,-242.40395546007156,37.596044539928386,,0.3687020383154798,-0.01019721304290032,-113.95023114840025,26.049768851599726,-11.54627568832866,-0.8139302224885734,True,0.8139302224885734,mf=0.6
11,2.3815144011039453,0.0003582743793580093,-279.8592166449559,0.14078335504406977,,-0.02027178842150202,0.0018331291570721467,-139.88911144801344,0.11088855198654457,-0.0298948030575252,-0.9992079389143819,True,0.9992079389143819,mf=0.6
12,2.3639070294839435,0.035365163948260746,-269.47150176171095,10.528498238289016,,-0.19113898001176166,-0.002821112364680331,-132.65950351076518,7.340496489234792,-3.188001749054223,-0.9475678822197515,True,0.9475678822197515,mf=0.6
13,2.4639755108425563,0.004995614988893689,-278.1311951290224,1.8688048709775644,,0.07792825935834177,0.0012668659812941699,-138.7505105064272,1.2494894935727938,-0.6193153774047706,-0.9910750750459086,True,0.9910750750459086,mf=0.6
14,2.363216614897141,0.008597076825009818,-278.85632604993236,1.1436739500676032,,-0.02879973612026917,0.008871826518356359,-139.20137076594753,0.7986292340524603,-0.3450447160151429,-0.9942955054710538,True,0.9942955054710538,mf=0.6
15,2.4115381637694338,-0.008827918749144778,-279.32267685670854,0.6773231432914382,,-0.008547942228621597,-0.007855204428285174,-139.49188879516942,0.5081112048305716,-0.16921193846086657,-0.9963706342512102,True,0.9963706342512102,mf=0.6
16,2.436361405665216,0.010789268734912085,-278.5292613022257,1.470738697774255,,0.05554547223437249,0.006550536356242879,-139.02739015121156,0.9726098487884038,-0.4981288489858511,-0.9930527867943686,True,0.9930527867943686,mf=0.6
17,2.455569431564965,0.01569746885586978,-276.7701806531357,3.229819346864277,,0.06166153060494065,0.013221307518747227,-137.82735126431393,2.1726487356860313,-1.0571706111782457,-0.9844810804593855,True,0.9844810804593855,mf=0.6
18,2.48115118148299,0.024643068339688476,-272.4652200438186,7.534779956181371,,-0.030759400550852346,0.024806178154117193,-134.88849540787,5.111504592129954,-2.4232753640514164,-0.9634892529133575,True,0.9634892529133575,mf=0.6
19,2.4859898284464736,0.01979006590617435,-273.86117717183225,6.138822828167709,,0.029629402760276986,0.02230870865261972,-135.8428874385387,4.15711256146128,-1.9817102667064286,-0.9703063388467051,True,0.9703063388467051,mf=0.6
20,2.3097758098808505,0.0014023801429986227,-276.67386807295816,3.3261319270418226,,-0.10936666192519723,-0.000847139353158323,-137.5689556925576,2.431044307442373,-0.8950876195994497,-0.982635397803983,True,0.982635397803983,mf=0.6
21,2.5695443399149474,-0.027782570987460144,-262.3150490256389,17.684950974361037,,-0.11996420220493381,0.03402176563464929,-127.83598048289554,12.164019517104444,-5.520931457256592,-0.9131141463063968,True,0.9131141463063968,mf=0.6
0,2.4004032200618117,0.011676323723594758,-278.910273834205,1.0897261657949844,,0.019458156102990468,0.009007362267405693,-139.27413098696329,0.7258690130366908,-0.36385715275829345,-0.9948152213354522,True,0.9948152213354522,mf=0.6
1,2.378741987365081,0.008149934108815714,-279.28432474277906,0.7156752572208788,,-0.008041545358762203,0.007710376794323549,-139.5116245028193,0.48837549718066686,-0.22729976004021193,-0.9965116035915667,True,0.9965116035915667,mf=0.6
2,2.3496873747257547,0.03504615226507877,-269.1498050014171,10.850194998582854,,-0.1895347876428971,-0.007440196887993945,-132.3991495599184,7.600850440081564,-3.24934455850129,-0.9457082111422745,True,0.9457082111422745,mf=0.6
3,2.3207427589594394,-0.03285565986996158,-268.81420781270583,11.185792187294116,,0.17856291815242226,-0.014772083353354896,-131.8836925132305,8.116307486769486,-3.0694847005246295,-0.9420263750945037,True,0.9420263750945037,mf=0.6
4,2.3743132513092857,0.0165542100745742,-277.53995102444355,2.4600489755564166,,-0.02439325903954867,0.014003361986277676,-138.31107504213284,1.6889249578671486,-0.7711240176892681,-0.9879362503009489,True,0.9879362503009489,mf=0.6
5,2.3728481216724147,0.012886968348702867,-278.3712392132546,1.6287607867453078,,-0.016973759655226066,0.011512582323177065,-138.881769051062,1.118230948937964,-0.5105298378073436,-0.9920126360790146,True,0.9920126360790146,mf=0.6
6,2.44681326211947,0.008067200905425547,-278.584780888041,1.4152191119589623,,0.0636721390430759,0.003680719278214722,-139.06492268241513,0.9350773175848474,-0.4801417943741148,-0.9933208763029654,True,0.9933208763029654,mf=0.6
7,2.3522206191290285,-0.0143525601951007,-277.4212545911991,2.5787454088008706,,-0.06244475051882472,-0.011963244416483935,-138.06081070493732,1.9391892950626581,-0.6395561137382124,-0.9861486478924096,True,0.9861486478924096,mf=0.6
8,2.3703986344857526,-0.01780654140680632,-277.1075883209508,2.89241167904914,,-0.03654851612039949,-0.015365569416003385,-137.84002053962323,2.1599794603767517,-0.7324322186723884,-0.9845715752830232,True,0.9845715752830232,mf=0.6
9,2.3707430734720027,-0.009134146627807876,-278.98322393676364,1.0167760632362914,,-0.05119200971479823,-0.005573542018310322,-139.21671325346156,0.7832867465384167,-0.23348931669787473,-0.9944050946675828,True,0.9944050946675828,mf=0.6
10,2.3433321249837635,-0.005512170991207262,-278.44655307569315,1.5534469243068183,,-0.07448637999241454,-0.002219160890497676,-138.83037298275156,1.1696270172484327,-0.38381990705838576,-0.9916455213053683,True,0.9916455213053683,mf=0.6
11,2.3732371533832333,-0.006622684364236417,-279.35659690498574,0.6434030950142162,,-0.04535136534061886,-0.0032385049173496946,-139.49611287737463,0.5038871226253606,-0.1395159723888556,-0.9964008062669617,True,0.9964008062669617,mf=0.6
12,2.439063242824691,0.013350690363419638,-277.9518760296326,2.0481239703673264,,0.05646713830298896,0.009465186336278934,-138.633281728546,1.366718271453972,-0.6814056989133542,-0.9902377266324717,True,0.9902377266324717,mf=0.6
13,2.3772289423598654,-0.0051221746951032815,-279.5782651269621,0.42173487303785984,,-0.03834593624373622,-0.0021281861828306033,-139.6633603188922,0.3366396811077795,-0.08509519193008036,-0.9975954308492302,True,0.9975954308492302,mf=0.6
14,2.4063642839553614,0.006743998554167897,-279.6199231128109,0.3800768871890326,,0.021039555039373492,0.004325583003133858,-139.75994169936232,0.240058300637676,-0.1400185865513566,-0.998285297852588,True,0.998285297852588,mf=0.6
15,2.3822792404921382,0.001492702030516311,-279.8537572067423,0.14624279325770578,,-0.016538742767428408,0.0025929580312517037,-139.89032578488275,0.10967421511721764,-0.03656857814048813,-0.9992166127491627,True,0.9992166127491627,mf=0.6
16,2.3520786725366096,-0.0168934764854503,-276.7811687743027,3.218831225697255,,-0.05230195519887653,-0.015213929292071705,-137.5916321803187,2.408367819681293,-0.8104634060159616,-0.9827973727165622,True,0.9827973727165622,mf=0.6
17,2.247559808260943,-0.014704602820212827,-268.9250190520452,11.07498094795479,,0.08449554436420531,-0.028935530884390905,-131.8554721593053,8.144527840694682,-2.9304531072601097,-0.9418248011378951,True,0.9418248011378951,mf=0.6
18,2.3834804268332315,-0.0018277142561656664,-279.8616847508421,0.13831524915787924,,-0.023917670020198324,4.761398423126237e-05,-139.8830204768993,0.1169795231006668,-0.021335726057212453,-0.9991644319778524,True,0.9991644319778524,mf=0.6
19,2.5209618561227964,0.004588176814724775,-273.9095984039293,6.09040159607065,,0.10917264525323223,0.014689789154173767,-135.85852933028193,4.1414706697180526,-1.948930926352597,-0.9704180666448711,True,0.9704180666448711,mf=0.6
20,2.4299908557489527,-0.015019065554486876,-277.8294171219842,2.170582878015754,,0.021687818156946106,-0.013584160821620806,-138.42898578324937,1.571014216750602,-0.5995686612651518,-0.9887784698803529,True,0.9887784698803529,mf=0.6
21,2.267944960225342,-0.005219380902539867,-272.73849548865826,7.261504511341679,,-0.0830644819195388,-0.022232102308244784,-134.64540970990632,5.35459029009367,-1.9069142212480086,-0.961752926499331,True,0.961752926499331,mf=0.6
0,2.423864322306007,0.03166532318849386,-271.7531721052574,8.246827894742536,,-0.12269713912530969,0.018028098804149142,-134.3566585435277,5.643341456472293,-2.603486438270242,-0.959690418168055,True,0.959690418168055,mf=0.6
1,2.2833036392378356,-0.013600261893004867,-273.0057477779063,6.994252222093624,,-0.045140110861237724,-0.024412727120585228,-134.8204993647948,5.179500635205163,-1.81475158688846,-0.9630035668913917,True,0.9630035668913917,mf=0.6
2,2.494634536932206,0.03733582635403812,-265.2190471637845,14.78095283621541,,-0.22500200731113384,-0.003964830979862172,-129.89284149937208,10.107158500627895,-4.673794335587515,-0.9278060107098007,True,0.9278060107098007,mf=0.6
3,2.3937145588780178,-0.000664103411864073,-279.9803138108252,0.019686189174798925,,-0.010279986622448957,-9.88077655388991e-06,-139.97838508368864,0.02161491631135531,0.0019287271365563854,-0.9998456077406331,True,0.9998456077406331,mf=0.6
4,2.2841881340904657,0.017041896557572316,-272.2453584968099,7.754641503190056,,-0.1556042809999382,-0.009363124591416316,-134.43333868777108,5.566661312228882,-2.187980190961175,-0.9602381334840794,True,0.9602381334840794,mf=0.6
5,2.4249368993719163,0.0007194029537664215,-279.74158843435083,0.2584115656491391,,0.02570793917728987,-0.0018936764147404468,-139.83622170999791,0.16377829000207003,-0.09463327564706903,-0.9988301550714138,True,0.9988301550714138,mf=0.6
6,2.444921699043597,-0.032844105872976544,-270.55398191191796,9.446018088081994,,0.1824871319108443,-0.002328787704060665,-133.30808191846438,6.691918081535599,-2.7541000065463943,-0.9522005851318885,True,0.9522005851318885,mf=0.6
7,2.5214683676326137,-0.0072493962968429495,-273.608651461139,6.391348538860939,,0.13968877267695545,0.007520000062247958,-135.61312803141504,4.386871968584947,-2.0044765702759917,-0.9686652002243933,True,0.9686652002243933,mf=0.6
8,2.430160963758406,0.0187685917433709,-276.81269464401225,3.1873053559877267,,0.0311984570726919,0.015630190785729307,-137.84847754849895,2.151522451501021,-1.0357829044867055,-0.9846319824892784,True,0.9846319824892784,mf=0.6
9,2.536901506971695,-0.025153259570728476,-267.3801928353755,12.619807164624437,,0.10217926175740301,0.028765491200655573,-131.26728453948175,8.732715460518223,-3.8870917041062123,-0.9376234609962983,True,0.9376234609962983,mf=0.6
10,2.437457465805736,-0.039667456568751085,-266.850473828013,13.149526171986947,,0.1871153007116368,0.016955223301348733,-130.7209107428687,9.279089257131279,-3.870436914855669,-0.9337207910204909,True,0.9337207910204909,mf=0.6
11,2.458658778199365,-0.019845773215977542,-275.44806767205114,4.551932327948814,,0.09514087242061445,-0.013169081917702247,-136.77461829566275,3.225381704337237,-1.326550623611577,-0.976961559254734,True,0.976961559254734,mf=0.6
12,2.468762358891857,-0.016293527477561798,-275.95057091087773,4.049429089122218,,0.09486459929665514,-0.01129373035596235,-137.1518783502657,2.84812164973429,-1.2013074393879275,-0.9796562739304694,True,0.9796562739304694,mf=0.6
13,2.3309823864677597,0.004733594525475287,-277.8790190339847,2.120980966015242,,-0.07986560151330711,0.005411941269483163,-138.4672839157482,1.5327160842517893,-0.5882648817634527,-0.9890520279696301,True,0.9890520279696301,mf=0.6
14,2.3479740433977576,-0.002728571283379073,-278.8354046542608,1.1645953457391376,,-0.06537684049077179,0.0006312277935373377,-139.1252923998019,0.8747076001980837,-0.28988774554105384,-0.9937520885700137,True,0.9937520885700137,mf=0.6
15,2.495817765568343,0.018242902374578502,-273.6093193504166,6.390680649583318,,0.03755132024286568,0.022483171529537587,-135.67175402061704,4.328245979382946,-2.062434670200372,-0.9690839572901218,True,0.9690839572901218,mf=0.6
16,2.4177685545194025,-0.036626944390540275,-269.14876853966337,10.851231460336582,,0.19700629880390222,0.00015678408466686158,-132.2820401137521,7.717959886247875,-3.1332715740887074,-0.9448717150982294,True,0.9448717150982294,mf=0.6
17,2.3127260132596876,0.016208335027156205,-274.8016646861734,5.19833531382653,,-0.13167188094886853,0.0048530161367101145,-136.31002712214183,3.6899728778581435,-1.5083624359683871,-0.9736430508724419,True,0.9736430508724419,mf=0.6
18,2.422061210171887,-0.01750992422368343,-277.3505117129638,2.649488287036141,,0.01921766822464963,-0.015223365038437525,-138.07222708237217,1.9277729176277993,-0.7217153694083416,-0.9862301934455158,True,0.9862301934455158,mf=0.6
19,2.4133689728995362,0.025136805156882075,-274.8768075510818,5.123192448918162,,-0.037292941657089865,0.02004034830715937,-136.50593418702212,3.4940658129778575,-1.6291266359403043,-0.9750423870501581,True,0.9750423870501581,mf=0.6
20,2.3286485781105517,0.010263410189847274,-277.08314825734544,2.9168517426545386,,-0.08717108104836363,0.008136366353402525,-137.92520694930292,2.0747930506970516,-0.8420586919574867,-0.9851800496378782,True,0.9851800496378782,mf=0.6
21,2.511996079085961,-0.007098186024490886,-274.51280344001333,5.487196559986604,,0.13515386601415894,0.0031885416419498917,-136.2318462795504,3.7681537204495803,-1.7190428395370232,-0.973084616282503,True,0.973084616282503,mf=0.6
0,2.4450246532548223,-0.010532667248756039,-278.2852602450538,1.714739754946137,,0.036928688723462805,-0.010829666513787608,-138.783970487176,1.2160295128239758,-0.49871024212216114,-0.9913140749084002,True,0.9913140749084002,mf=0.6
1,2.477547788891524,0.0018384163004721938,-277.5236497575151,2.4763502424848776,,0.09070102030023147,-0.0002955354530895552,-138.32665881194816,1.673341188051821,-0.8030090544330565,-0.988047562942487,True,0.988047562942487,mf=0.6
2,2.4590723840792745,0.00010250508057345338,-278.5760186614245,1.4239813385754874,,0.0652072699037434,-0.003382977448568883,-139.0415084978189,0.9584915021810612,-0.46548983639442626,-0.9931536321272781,True,0.9931536321272781,mf=0.6
3,2.3629413367115415,-0.008397228823628368,-278.87517152896066,1.1248284710392926,,-0.05800928975048423,-0.004695412439704276,-139.13717528984955,0.8628247101504266,-0.26200376088886607,-0.9938369663560683,True,0.9938369663560683,mf=0.6
4,2.400123087114888,-0.017547953649338737,-277.53888069365263,2.461119306347318,,-0.009502493074660391,-0.01501312842127079,-138.18008641637445,1.819913583625518,-0.6412057227217997,-0.9870006172598177,True,0.9870006172598177,mf=0.6
5,2.3772326716418557,0.0025059348894618002,-279.7378391025337,0.2621608974662331,,-0.019680038742705127,0.0037357467272554476,-139.80926106969196,0.1907389303080296,-0.07142196715820354,-0.9986375790692283,True,0.9986375790692283,mf=0.6
6,2.466286808447297,0.004679028238031873,-278.03327003389205,1.9667299661079196,,0.08011848010199728,0.001137803889757688,-138.68282983191583,1.3171701680841488,-0.6495597980237708,-0.9905916416565418,True,0.9905916416565418,mf=0.6
7,2.3976971911121936,-0.015146152892338213,-278.16432061908154,1.83567938091841,,-0.020561849396334653,-0.012667369067069677,-138.63106515517796,1.368934844822018,-0.46674453609639194,-0.990221893965557,True,0.990221893965557,mf=0.6
8,2.441606502127285,-0.007808136269133228,-278.8054486895185,1.1945513104814427,,0.03119656142809321,-0.008973271708438816,-139.15752726090605,0.8424727390939156,-0.35207857138752713,-0.9939823375779006,True,0.9939823375779006,mf=0.6
9,2.4890347582191215,-0.0286993307994924,-270.19281861301596,9.807181386983977,,0.17846017931353145,0.007899399161290475,-133.1361852663998,6.863814733600177,-2.9433666533838005,-0.9509727519028559,True,0.9509727519028559,mf=0.6
10,2.466581119665929,-0.016776763665643492,-275.9428097229675,4.057190277032405,,0.09297408616596113,-0.011737238354205076,-137.14194603836083,2.8580539616391594,-1.1991363153932462,-0.9795853288454346,True,0.9795853288454346,mf=0.6
11,2.4937900859798003,0.0051837251237488195,-276.20968943218367,3.790310567816285,,0.10534084701604825,0.0062665461536268955,-137.43468101260757,2.5653189873924123,-1.224991580423873,-0.981676292947197,True,0.981676292947197,mf=0.6
12,2.415294508630723,0.009116922835895292,-279.2400050596419,0.7599949403580843,,0.033859650011320484,0.005694672978690874,-139.50650298266066,0.49349701733930174,-0.2664979230187826,-0.9964750213047193,True,0.9964750213047193,mf=0.6
13,2.3738166521765924,0.01630576526240404,-277.59467312263916,2.405326877360768,,-0.024228242474435408,0.013843427002502007,-138.34831042594118,1.6516895740587874,-0.7536373033019806,-0.9882022173281515,True,0.9882022173281515,mf=0.6
14,2.255959909265786,0.011308026080902929,-270.61778320700085,9.382216792999076,,-0.11107500887732066,-0.023261030259443274,-133.17451129431691,6.825488705683077,-2.5567280873159977,-0.9512465092451209,True,0.9512465092451209,mf=0.6
15,2.259931394498784,0.010385934908262638,-271.2258366860885,8.774163313911483,,-0.1208528766434808,-0.020703587577655995,-133.61833960833465,6.381660391665327,-2.3925029222461567,-0.9544167114881048,True,0.9544167114881048,mf=0.6
16,2.427176057628828,-0.02977174449395655,-272.6138953963136,7.3861046036863724,,0.13786435098864772,-0.013460625636814234,-134.71766947812105,5.28233052187893,-2.103774081807442,-0.9622690677008647,True,0.9622690677008647,mf=0.6
17,2.4836664373664536,0.018843421823944773,-274.3130440053246,5.6869559946753085,,0.041171921257625754,0.02093445057620702,-136.15101088271894,3.848989117281042,-1.8379668773942663,-0.9725072205908497,True,0.9725072205908497,mf=0.6
18,2.268438374935801,0.013073143818843098,-271.6421397257956,8.357860274204395,,-0.13859967173650992,-0.016502092613575183,-133.9488779229286,6.051122077071368,-2.3067381971330256,-0.9567776994494902,True,0.9567776994494902,mf=0.6
19,2.508095850386058,0.011844007447136555,-274.13931812167397,5.860681878325991,,0.08089329491712857,0.018171176106977566,-136.0288673744375,3.9711326255624666,-1.8895492527635247,-0.9716347669602681,True,0.9716347669602681,mf=0.6
20,2.325196901412524,-0.01822546123017224,-275.0654565877257,4.934543412274245,,-0.045477183826963426,-0.020159863177626376,-136.3293238935672,3.670676106432793,-1.2638673058414513,-0.9737808849540515,True,0.9737808849540515,mf=0.6
21,2.3692254442484844,-0.011946208574071901,-278.472217724284,1.5277822757159745,,-0.05314873289095791,-0.008558229704844642,-138.8380062365336,1.1619937634663835,-0.3657885122495909,-0.9917000445466687,True,0.9917000445466687,mf=0.6
0,2.527267679785533,-0.01276453522244397,-272.1495354351791,7.850464564820904,,0.14874262368467353,0.010942920007915337,-134.58988329113043,5.410116708869542,-2.4403478559513623,-0.9613563092223604,True,0.9613563092223604,mf=0.6
1,2.473565937188183,0.009066014784876297,-277.1378510210018,2.8621489789981673,,0.08738054120112523,0.006803454988177038,-138.07696809744115,1.9230319025588387,-0.9391170764393285,-0.9862640578388654,True,0.9862640578388654,mf=0.6
2,2.41310095664923,-0.026235225113127723,-274.42871191565956,5.571288084340377,,0.07862744734412296,-0.018608992793074108,-135.97341373071518,4.02658626928481,-1.5447018150555683,-0.9712386695051085,True,0.9712386695051085,mf=0.6
3,2.365925913273244,-0.0242249567382285,-274.83509082200203,5.164909177997912,,0.01605968852572881,-0.021663372444725125,-136.19639622369456,3.8036037763054136,-1.3613054016924988,-0.9728314015978184,True,0.9728314015978184,mf=0.6
4,2.5994468970756146,-0.045733189713004885,-247.47437623110076,32.525623768899194,,0.022170768086872326,-0.05259591438246707,-117.78980492391446,22.210195076085512,-10.315428692813683,-0.841355749456532,True,0.841355749456532,mf=0.6
5,2.473639233794366,-0.024202657893062276,-273.10867786581593,6.891322134184009,,0.1496430231403189,-0.006556720966863846,-135.15016156084215,4.84983843915783,-2.0414836950261788,-0.9653582968631583,True,0.9653582968631583,mf=0.6
6,2.323329700106331,0.0036501913138953465,-277.49905290326177,2.5009470967381713,,-0.09170765505623371,0.003640403214161982,-138.1843325639767,1.8156674360232583,-0.6852796607149131,-0.9870309468855482,True,0.9870309468855482,mf=0.6
7,2.4477064629723926,0.027338767614677423,-273.0968963328648,6.903103667135158,,-0.052641601364450674,0.022731745975086867,-135.3043823762852,4.695617623714776,-2.2074860434203822,-0.9664598741163231,True,0.9664598741163231,mf=0.6
8,2.5511378083832725,-0.037674691470181404,-259.4652645870653,20.53473541293465,,-0.20253099240997743,0.027427132401014243,-125.84403623329085,14.15596376670913,-6.378771646225522,-0.8988859730949348,True,0.8988859730949348,mf=0.6
9,2.4197554436879116,0.027437542172290455,-273.82353999623126,6.176460003768693,,-0.061628062919252526,0.020749012741707443,-135.78437897347925,4.215621026520721,-1.960838977247972,-0.9698884212391377,True,0.9698884212391377,mf=0.6
10,2.354205227686701,0.01548229309731964,-277.2275947289804,2.77240527101953,,-0.05406552010931092,0.012907289034765478,-138.07185389197235,1.9281461080276279,-0.8442591629919022,-0.9862275277998026,True,0.9862275277998026,mf=0.6
11,2.3131440316398773,0.026633890274754716,-271.26126513391495,8.738734866084984,,-0.1729112957982686,-0.004969832184497955,-133.81872408736535,6.1812759126346215,-2.557458953450362,-0.955848029195467,True,0.955848029195467,mf=0.6
12,2.521802820192433,0.02743194317813845,-267.9817182652973,12.018281734702693,,-0.15647580443168457,0.020122750766252636,-131.84399710001804,8.156002899981932,-3.8622788347207617,-0.9417428364287005,True,0.9417428364287005,mf=0.6
13,2.4142335240117103,0.011575891170502409,-278.84613879153494,1.1538612084650006,,0.034288961760070874,0.008083673008868694,-139.23744635025758,0.7625536497423919,-0.3913075587226086,-0.9945531882161258,True,0.9945531882161258,mf=0.6
14,2.378488039534609,-0.028523232702192584,-273.3083164915746,6.691683508425382,,0.0796541436096177,-0.021167969479577158,-135.1269411102088,4.873058889791186,-1.8186246186341963,-0.9651924365014916,True,0.9651924365014916,mf=0.6
15,2.3127703052229713,-0.01037479649271159,-276.0442068225918,3.9557931774082067,,-0.09116256701860183,-0.012535813149792968,-137.05441129908735,2.945588700912618,-1.010204476495589,-0.978960080707767,True,0.978960080707767,mf=0.6
16,2.472593424697518,-0.030684277387999198,-270.3273981571272,9.672601842872728,,0.18284323253365684,0.003974171245443847,-133.19985030503204,6.800149694967924,-2.872452147904805,-0.9514275021788006,True,0.9514275021788006,mf=0.6
17,2.183583911359765,0.009241532457461498,-260.79824956012476,19.201750439875187,,0.26418112697010887,-0.006844825742367781,-126.05378552634947,13.946214473650508,-5.255535966224676,-0.9003841823310678,True,0.9003841823310678,mf=0.6
18,2.2855615085846583,-0.011964553101132636,-273.54932936326304,6.45067063673694,,-0.06440743276397222,-0.02218389363370391,-135.2207798975903,4.779220102409691,-1.6714505343272492,-0.9658627135542165,True,0.9658627135542165,mf=0.6
19,2.3719094517425834,0.009905861657376053,-278.8931180767181,1.1068819232818576,,-0.016217050261066557,0.009413557165009015,-139.23796751960342,0.7620324803965752,-0.34484944288528235,-0.9945569108543102,True,0.9945569108543102,mf=0.6
20,2.2384506429957427,-0.04989116252842401,-249.63036541416082,30.369634585839137,,-0.33667173416405155,0.0011951741150487138,-118.62199116424154,21.37800883575844,-8.991625750080697,-0.8472999368874397,True,0.8472999368874397,mf=0.6
21,2.392669443859237,0.03408008544384703,-270.695196911049,9.304803088950957,,-0.16996971658572188,0.008924653321484212,-133.57717160155758,6.422828398442406,-2.881974690508551,-0.95412265429684,True,0.95412265429684,mf=0.6
0,2.485924355100603,-0.002607125094824873,-276.941614293378,3.0583857066219506,,0.10016987195427195,-0.0024953704003034954,-137.91280982433565,2.087190175664322,-0.9711955309576287,-0.9850914987452548,True,0.9850914987452548,mf=0.6
1,2.4931499756105193,-0.0058027075473746055,-276.2036691325761,3.796330867423838,,0.11201207889541216,-0.002806967852669952,-137.39405523100896,2.605944768991004,-1.190386098432834,-0.9813861087929214,True,0.9813861087929214,mf=0.6
2,2.3147579772571634,-0.000688030765671469,-277.03942584986373,2.9605741501362095,,-0.10316728450771509,-0.0013852830705214838,-137.82444261987163,2.175557380128347,-0.7850167700078625,-0.9844603044276546,True,0.9844603044276546,mf=0.6
3,2.3886292038148675,-0.009531397948776504,-279.2210197304302,0.7789802695697551,,-0.033919671532928436,-0.006774045346990094,-139.39810706454276,0.6018929354572139,-0.17708733411254118,-0.9957007647467342,True,0.9957007647467342,mf=0.6
4,2.34339376443902,0.01257058136847508,-277.42927886697055,2.5707211330293855,,-0.06505760344203078,0.010862726917106975,-138.19384436093665,1.8061556390633218,-0.7645654939660637,-0.9870988882924049,True,0.9870988882924049,mf=0.6
5,2.3172178672372143,-0.01442134303853389,-275.5483329701048,4.451667029895161,,-0.07186369764122202,-0.01683358359603361,-136.68282106894034,3.317178931059622,-1.1344880988355384,-0.9763058647781455,True,0.9763058647781455,mf=0.6
6,2.344218955117183,-0.032402741312503806,-270.3384538763733,9.661546123626664,,0.1482562333996962,-0.01800335737571879,-132.98505524883464,7.014944751165326,-2.646601372461337,-0.9498932517773905,True,0.9498932517773905,mf=0.6
7,2.415296506835183,0.010539106466884489,-279.0165559279913,0.9834440720086752,,0.035074344577916396,0.007023655788031341,-139.35431397355546,0.6456860264445055,-0.3377580455641698,-0.9953879569539679,True,0.9953879569539679,mf=0.6
8,2.4362559735578673,0.003986915803465563,-279.3357286127068,0.6642713872931626,,0.0458614009766788,4.969187883578256e-06,-139.57044969225163,0.42955030774834985,-0.23472107954481278,-0.9969317835160832,True,0.9969317835160832,mf=0.6
9,2.383456100386847,-0.016635493923072106,-277.67623365980006,2.3237663401999042,,-0.030690759852988084,-0.013899010861174657,-138.2634712257089,1.7365287742910593,-0.5872375659088449,-0.9875962230407781,True,0.9875962230407781,mf=0.6
10,2.2825272967345547,0.007101276869231028,-274.00814519598083,5.991854804019109,,-0.13774281047427758,-0.008081151227901462,-135.6505234675007,4.349476532499274,-1.6423782715198354,-0.968932310482148,True,0.968932310482148,mf=0.6
11,2.416350628123558,0.009795010977910629,-279.12384339611987,0.8761566038801124,,0.03561400701321625,0.006257528626264777,-139.42784883867202,0.5721511613279675,-0.3040054425521449,-0.9959132059905145,True,0.9959132059905145,mf=0.6
12,2.4913765844441853,0.023798102653316673,-272.078491653297,7.921508346702941,,-0.030611668444589273,0.025459867907608683,-134.6277290300486,5.372270969951377,-2.5492373767515644,-0.9616266359289187,True,0.9616266359289187,mf=0.6
13,2.4273854980330665,-0.0027502992591927925,-279.63291056775955,0.3670894322404215,,0.01999619222791105,-0.004610459656197771,-139.74834781076302,0.2516521892369611,-0.11543724300346044,-0.9982024843625932,True,0.9982024843625932,mf=0.6
14,2.35304961319721,-0.021466167983896806,-275.4168020980205,4.583197901979433,,-0.017609646803173357,-0.020427412484058834,-136.60151248950174,3.3984875104982377,-1.1847103914811952,-0.9757250892107269,True,0.9757250892107269,mf=0.6
15,2.260810375160589,0.004183369889728705,-272.0456844367902,7.954315563209714,,-0.11107525751153978,-0.020371415596625475,-134.182192886224,5.817807113775985,-2.1365084494337285,-0.9584442349016001,True,0.9584442349016001,mf=0.6
16,2.3868676022292408,-0.021574714362004095,-276.2092368179284,3.790763182071528,,0.0022389320608845304,-0.01869203824109538,-137.20648266012674,2.7935173398732274,-0.9972458421983009,-0.9800463047151913,True,0.9800463047151913,mf=0.6
17,2.406124996318758,-0.026672452424985244,-274.2986839073832,5.70131609261677,,0.07572258684360658,-0.019250389294852687,-135.87025012772003,4.129749872279952,-1.571566220336818,-0.9705017866265717,True,0.9705017866265717,mf=0.6
18,2.4658299089174642,0.016699038487550506,-276.00403692159136,3.99596307840861,,0.06057392632933983,0.015607632960819072,-137.30455527439665,2.695444725603327,-1.3005183528052833,-0.9807468233885477,True,0.9807468233885477,mf=0.6
19,2.3051054078491253,0.0020933877391650668,-276.3052752353506,3.6947247646493167,,-0.11491656022138202,-0.0016302059171670097,-137.30348333921285,2.696516660787125,-0.998208103862192,-0.9807391667086633,True,0.9807391667086633,mf=0.6
20,2.2778247843044257,0.021657183843124567,-270.2110255176815,9.788974482318451,,-0.14813189991415765,-0.018084497795322972,-132.96895157865384,7.031048421346135,-2.757926060972316,-0.9497782255618133,True,0.9497782255618133,mf=0.6
21,2.351556361762186,0.0037868415450840734,-278.92699017824685,1.073009821753096,,-0.049831828528214904,0.005807139502188904,-139.22346731396,0.7765326860400054,-0.2964771357130906,-0.9944533379568571,True,0.9944533379568571,mf=0.6
0,2.480557232452131,0.004307438541651751,-277.20949321861247,2.7905067813874727,,0.09489645692326364,0.0025576511774717974,-138.11779557573308,1.8822044242668863,-0.9083023571205866,-0.986555682683808,True,0.986555682683808,mf=0.6
1,2.258174943127042,0.016435928554836714,-269.7321311258599,10.267868874140053,,-0.11212025102170199,-0.024743764695360288,-132.55876529431302,7.441234705686944,-2.8266341684531073,-0.9468483235308075,True,0.9468483235308075,mf=0.6
2,2.5140289207492916,-0.005348546743490392,-274.5023672915491,5.497632708450846,,0.13337271758108216,0.0046934636509355825,-136.23232899779055,3.7676710022094233,-1.7299617062414225,-0.9730880642699327,True,0.9730880642699327,mf=0.6
3,2.4178276511952133,0.013094589168258747,-278.49956445996423,1.5004355400357277,,0.03731209693699916,0.009450813871380696,-139.00165850467,0.9983414953299921,-0.5020940447057357,-0.9928689893190715,True,0.9928689893190715,mf=0.6
4,2.3521788305858347,-0.0006946311199486953,-279.0621769162527,0.9378230837472072,,-0.05660328449731936,0.002416245907539888,-139.29952534833083,0.7004746516691601,-0.23734843207804715,-0.9949966096309346,True,0.9949966096309346,mf=0.6
5,2.495036208402957,-0.004464054433139627,-276.17016958545474,3.829830414545191,,0.11335158822413854,-0.001553552630457993,-137.3771261090043,2.622873890995658,-1.206956523549533,-0.9812651864928882,True,0.9812651864928882,mf=0.6
6,2.402543233950003,-0.002749750801588165,-279.93692225133447,0.06307774866546431,,-0.006839259481410192,-0.002381495494081738,-139.94510348533427,0.0548965146657157,-0.008181233999748613,-0.999607882038102,True,0.999607882038102,mf=0.6
7,2.342039712768911,-0.010510491941655573,-277.74615353801454,2.253846461985436,,-0.07657454804538748,-0.007932981297725178,-138.3027664326767,1.6972335673232832,-0.5566128946621529,-0.987876903090548,True,0.987876903090548,mf=0.6
8,2.418237483873425,-0.016203743706506787,-277.76546633771005,2.234533662289908,,0.008340846155604681,-0.014235843338021479,-138.36603175463625,1.6339682453637339,-0.6005654169261742,-0.9883287982474019,True,0.9883287982474019,mf=0.6
9,2.4455972356974045,-0.015946297704462466,-277.11840396607084,2.8815960339291387,,0.050674975349844664,-0.01384838020721865,-137.9429567143458,2.0570432856541876,-0.824552748274951,-0.9853068336738987,True,0.9853068336738987,mf=0.6
10,2.5400620707920676,0.01387492630694038,-270.55003802192147,9.449961978078498,,-0.002205572181963667,0.028324661994574278,-133.58678980271543,6.413210197284549,-3.0367517807939484,-0.9541913557336817,True,0.9541913557336817,mf=0.6
11,2.2941762343313075,-0.029779476289098383,-268.36821708164524,11.631782918354734,,0.1743335337408345,-0.017292574568389032,-131.5294662680399,8.470533731960082,-3.161249186394653,-0.9394961876288566,True,0.9394961876288566,mf=0.6
12,2.450786226226554,-0.006511243609547146,-278.60800093987757,1.3919990601223717,,0.04546841988163792,-0.008261801394228298,-139.0322269088992,0.9677730911007818,-0.4242259690215898,-0.9930873350635658,True,0.9930873350635658,mf=0.6
13,2.3582049201311883,0.012214279609237738,-278.0939261438952,1.9060738561047539,,-0.03876904547442995,0.0112928094047673,-138.67364559659723,1.3263544034027406,-0.5797194527020133,-0.9905260399756947,True,0.9905260399756947,mf=0.6
14,2.468608067198745,-0.008205967094506607,-277.54281039652386,2.45718960347607,,0.0744470763882397,-0.008480966533466625,-138.29605118050898,1.7039488194909989,-0.7532407839850713,-0.9878289370036357,True,0.9878289370036357,mf=0.6
15,2.3651651178618494,0.015711990321801584,-277.5309613606781,2.4690386393218704,,-0.036002359564773094,0.013423150574581908,-138.29504431574458,1.7049556842554057,-0.764082955066465,-0.9878217451124613,True,0.9878217451124613,mf=0.6
16,2.5199157832077446,0.0007164068869859338,-274.17466632275165,5.825333677248331,,0.12223303790808998,0.010888162480965576,-136.0295239446575,3.970476055342472,-1.8548576219058588,-0.9716394567475538,True,0.9716394567475538,mf=0.6
17,2.3850419503798395,0.012957776416667576,-278.5665243435346,1.4334756564653781,,-6.616710957223581e-05,0.011031754180782652,-139.02732407173337,0.9726759282665984,-0.46079972819877973,-0.9930523147980957,True,0.9930523147980957,mf=0.6
18,2.476666478690867,0.017498904539828646,-275.1584068155285,4.841593184471463,,0.05554913118905611,0.01818350804189967,-136.7276431852368,3.2723568147631963,-1.5692363697082656,-0.9766260227516914,True,0.9766260227516914,mf=0.6
19,2.4113574731526204,0.022466241887940677,-275.9132025795321,4.086797420467892,,-0.011882032138117804,0.01855654669157497,-137.21896965469227,2.7810303453077103,-1.3057670751601822,-0.9801354975335164,True,0.9801354975335164,mf=0.6
20,2.352930251174468,-0.02359596670525104,-274.6451666392984,5.354833360701552,,0.006157437878897505,-0.022220592517208988,-136.04594704536598,3.9540529546340073,-1.4007804060675453,-0.9717567646097571,True,0.9717567646097571,mf=0.6
21,2.4434639610160778,-0.027236001230913492,-273.2994720408358,6.70052795916418,,0.13138791683853188,-0.012678949837149305,-135.22833226534505,4.7716677346549305,-1.9288602245092494,-0.965916659038179,True,0.965916659038179,mf=0.6
0,2.4425537713317675,-0.011028229018606601,-278.28814016835395,1.711859831646031,,0.033484907251323325,-0.011125792460444086,-138.7815167538371,1.2184832461628754,-0.49337658548315555,-0.9912965482416938,True,0.9912965482416938,mf=0.6
1,2.1580740812126313,0.0032551163806519823,-256.9673115412002,23.032688458799726,,0.22632826544110057,0.028444619026240722,-123.43818195887918,16.561818041120794,-6.470870417678933,-0.8817012997062801,True,0.8817012997062801,mf=0.6
2,2.559111520261607,-0.007037286636993832,-269.43672825498277,10.563271745017211,,0.07539995451715788,0.027565898063049436,-132.76867886450165,7.231321135498336,-3.3319506095188745,-0.9483477061750119,True,0.9483477061750119,mf=0.6
3,2.44510126513865,-0.0005730885101654786,-279.1664754053498,0.8335245946501827,,0.0460444587466939,-0.003953973197983708,-139.44206640974747,0.5579335902525222,-0.2755910043976605,-0.9960147600696249,True,0.9960147600696249,mf=0.6
4,2.3113426472594005,0.009245140817212798,-276.1197788647682,3.8802211352317855,,-0.1145613797526919,0.003957629925714247,-137.21589369471948,2.7841063052804826,-1.096114829951303,-0.9801135263908537,True,0.9801135263908537,mf=0.6
5,2.484647172822032,0.0013656792018245806,-277.0692111043653,2.9307888956346195,,0.09884831980101219,0.00045586054405024397,-138.01394168147783,1.9860583185221532,-0.9447305771124663,-0.9858138691534132,True,0.9858138691534132,mf=0.6
6,2.2342005551999895,-0.0017544780458123932,-268.9526368887858,11.04736311121419,,0.01386942953848252,-0.03179243117459053,-131.88224545099166,8.117754549008328,-2.9296085622058627,-0.9420160389356548,True,0.9420160389356548,mf=0.6
7,2.376982208063258,0.006466420726999857,-279.44914152662244,0.5508584733774916,,-0.012273454274906205,0.006604685345913824,-139.6205468377417,0.3794531622582711,-0.17140531111922053,-0.9972896202695838,True,0.9972896202695838,mf=0.6
8,2.454028007769651,0.01033863207999008,-277.9541166671855,2.0458833328144603,,0.07119961840444651,0.006433841291411161,-138.63607812287387,1.3639218771261032,-0.6819614556883571,-0.9902577008776707,True,0.9902577008776707,mf=0.6
9,2.5045029453157976,0.018173922906875858,-272.9280322329049,7.071967767095062,,0.027408665346438193,0.024090963644583772,-135.20782345457516,4.792176545424815,-2.279791221670247,-0.9657701675326799,True,0.9657701675326799,mf=0.6
10,2.367015290370231,0.04485134423431264,-263.47736174594604,16.522638254053913,,-0.09159550565161795,-0.03531212567365804,-128.3282808459343,11.671719154065684,-4.8509190999882295,-0.9166305774709594,True,0.9166305774709594,mf=0.6
11,2.534153202540977,0.012423923418396404,-271.4999065818223,8.50009341817763,,0.03207382642996505,0.02637454349907143,-134.2300739827318,5.769926017268173,-2.7301674009094588,-0.9587862427337988,True,0.9587862427337988,mf=0.6
12,2.3113966048578454,-0.0017980705806031846,-276.78094063333964,3.2190593666603182,,-0.10623580859936031,-0.0031800637973781487,-137.62961169453203,2.3703883054679515,-0.8486710611923666,-0.9830686549609432,True,0.9830686549609432,mf=0.6
13,2.5501688648382794,-0.014604284917642438,-269.22044463329155,10.7795553667084,,0.10591790649928355,0.025357274894495182,-132.58494686523073,7.415053134769241,-3.36450223193916,-0.9470353347516483,True,0.9470353347516483,mf=0.6
14,2.4744314270431884,-0.004735617185266305,-277.563548212647,2.436451787352955,,0.08305275602278804,-0.005781182368351799,-138.3290680686509,1.6709319313490578,-0.7655198560038973,-0.9880647719189353,True,0.9880647719189353,mf=0.6
15,2.4178093430110676,0.009411022379117354,-279.1624107278348,0.8375892721651548,,0.03671736214412402,0.005811391294166429,-139.45459032957635,0.5454096704236239,-0.29217960174153096,-0.9961042166398313,True,0.9961042166398313,mf=0.6
16,2.3931831554945533,0.012539059428989417,-278.72435737909683,1.2756426209031022,,0.010633284044662752,0.010220837408321677,-139.14194190997097,0.8580580900290125,-0.4175845308740897,-0.99387101364265,True,0.99387101364265,mf=0.6
17,2.294019892075515,0.002832324698859786,-275.3785958009184,4.62140419908155,,-0.12535870556690007,-0.004917329501111879,-136.62899598709407,3.371004012905892,-1.2504001861756584,-0.975921399907815,True,0.975921399907815,mf=0.6
18,2.2334562589570117,-0.009729321141345086,-268.12348714501104,11.876512854988897,,0.08877029286096699,-0.02985601050240647,-131.27310486623693,8.726895133763044,-3.149617721225853,-0.9376650347588353,True,0.9376650347588353,mf=0.6
19,2.4131235625985004,0.014107204466222096,-278.33895418029266,1.6610458197072926,,0.03135382406921154,0.010668773988806899,-138.88934524633896,1.1106547536610263,-0.5503910660462662,-0.992066751759564,True,0.992066751759564,mf=0.6
20,2.478297812252394,0.0091991088013684,-276.8269194542846,3.1730805457153366,,0.09041300953516751,0.007697942045870352,-137.86428171934963,2.1357182806503308,-1.0373622650650058,-0.9847448694239263,True,0.9847448694239263,mf=0.6
21,2.371383964910068,0.013658621107873883,-278.1741572769969,1.825842723003057,,-0.020506972273621027,0.012094923081128493,-138.74481909350473,1.2551809064952453,-0.5706618165078118,-0.9910344220964625,True,0.9910344220964625,mf=0.6
0,2.393295485515644,-0.004094687032432499,-279.8476072026094,0.15239279739054054,,-0.011103205525375446,0.0031882401833228094,-139.8935438583863,0.10645614161368205,-0.04593665577685849,-0.9992395989884737,True,0.9992395989884737,mf=0.7
1,2.4624584477563913,-0.052655136601895414,-256.24915746571867,23.750842534281265,,0.18604166617788243,0.034910503593393746,-123.35573849196302,16.644261508036955,-7.10658102624431,-0.881112417799736,True,0.881112417799736,mf=0.7
2,2.4314930725141544,-0.0019606135070167887,-279.5638322610058,0.43616773899413974,,-0.030484387184185367,-0.003764669132453322,-139.69677234777484,0.3032276522251403,-0.13294008676899946,-0.9978340881983918,True,0.9978340881983918,mf=0.7
3,2.2596657849322277,0.012856858102660348,-270.73721708630944,9.262782913690524,,-0.10890129858861591,0.022689487826953705,-133.48050572501933,6.519494274980649,-2.743288638709874,-0.9534321837501382,True,0.9534321837501382,mf=0.7
4,2.4328584242712537,0.015365922687338327,-277.6715618112116,2.3284381887883874,,0.06635392264689223,-0.009567490768212592,-138.37071440189908,1.629285598100898,-0.6991525906874894,-0.9883622457278507,True,0.9883622457278507,mf=0.7
5,2.461898543905707,0.025651305129489568,-273.1780565248571,6.821943475142889,,0.1538428812625575,0.0011828294467351192,-135.23049392659968,4.7695060734003025,-2.0524374017425866,-0.9659320994757121,True,0.9659320994757121,mf=0.7
6,2.4415220002176548,-0.01043340504422289,-278.4255662152322,1.5744337847677528,,-0.07073826415979059,-0.0034159269503646165,-138.88695510134275,1.1130448986572197,-0.4613888861105329,-0.9920496792953055,True,0.9920496792953055,mf=0.7
7,2.3576282303284724,-0.02018617134718266,-276.0097343457601,3.9902656542399013,,-0.10869488366982376,0.007457202068801307,-137.15968120568752,2.840318794312467,-1.1499468599274345,-0.9797120086120538,True,0.9797120086120538,mf=0.7
8,2.4097543391935052,-0.0026815303705437755,-279.90360881567955,0.09639118432041126,,-0.01787677473312274,6.147839806076974e-05,-139.93461713354594,0.06538286645403296,-0.0310083178663783,-0.9995329795253284,True,0.9995329795253284,mf=0.7
9,2.2953842448307697,-0.029100800893121663,-268.78992594088425,11.21007405911569,,-0.14976745939594518,-0.021147910319923108,-131.91189988905435,8.088100110945623,-3.121973948170068,-0.9422278563503884,True,0.9422278563503884,mf=0.7
10,2.3261505338271125,0.00010103899359962162,-277.7777246182448,2.2222753817551273,,0.02651655831128522,0.01340673493527516,-138.41969045281274,1.5803095471872228,-0.6419658345679045,-0.9887120746629484,True,0.9887120746629484,mf=0.7
11,2.520402634774712,-0.0008904280516748675,-274.12556753538894,5.874432464610991,,0.04395857931512852,-0.021502568240670834,-135.90992430174418,4.090075698255792,-1.7843567663551991,-0.9707851735838872,True,0.9707851735838872,mf=0.7
12,2.3632803724170426,-0.006384382591184243,-279.12318343899767,0.8768165610023018,,-0.005356186391532568,0.008772150089509163,-139.3791099178729,0.6208900821270698,-0.2559264788752319,-0.9955650708419495,True,0.9955650708419495,mf=0.7
13,2.3216500393986945,0.018870921847219307,-274.6537590472193,5.346240952780657,,0.06967934457742794,0.018706956369230112,-136.2134595686633,3.7865404313366797,-1.5597005214439774,-0.9729532826333094,True,0.9729532826333094,mf=0.7
14,2.67378647560247,-0.01698488075944917,-248.64899008544808,31.351009914551867,,-0.32985406834973396,-0.010674253276933155,-118.51299597254938,21.48700402745061,-9.864005887101259,-0.8465213998039242,True,0.8465213998039242,mf=0.7
15,2.4107001991060577,-0.028409766191553117,-273.5023604155135,6.497639584486454,,-0.12782385558241124,-0.0130452361690959,-135.3374093831785,4.662590616821461,-1.8350489676649935,-0.9666957813084182,True,0.9666957813084182,mf=0.7
16,2.378489643752666,-0.018883490241932345,-276.9607922119284,3.0392077880715758,,-0.09497762074118385,0.006398610919526348,-137.839740025825,2.160259974174971,-0.8789478138966049,-0.9845695716130359,True,0.9845695716130359,mf=0.7
17,2.3488204816708316,0.013676102127045486,-277.4356374722072,2.5643625277927757,,0.08471613383985319,0.006801361897280566,-138.16997692316005,1.8300230768399381,-0.7343394509528374,-0.9869284065940004,True,0.9869284065940004,mf=0.7
18,2.443726174826018,-0.013534323107937996,-277.7548890362434,2.2451109637565487,,-0.08410939744838677,-0.00437907008013976,-138.40716490770188,1.5928350922980865,-0.6522758714584621,-0.9886226064835851,True,0.9886226064835851,mf=0.7
19,2.350341464156843,-0.01777479294229823,-276.46786418248047,3.5321358175194684,,-0.09091173785742805,0.010173534688241545,-137.49240039643115,2.507599603568838,-1.0245362139506304,-0.9820885742602226,True,0.9820885742602226,mf=0.7
20,2.3523472793679843,0.005047300170122121,-278.8689816684145,1.1310183315854216,,0.051083149911040654,0.005923656890401556,-139.18680965486124,0.8131903451387308,-0.3178279864466908,-0.9941914975347234,True,0.9941914975347234,mf=0.7
21,2.471296308143199,0.019813362477093564,-274.790662209375,5.209337790624974,,0.12140556813262846,-0.008994316618181723,-136.3708258489986,3.6291741510013797,-1.5801636396235945,-0.9740773274928473,True,0.9740773274928473,mf=0.7
0,2.4557396554666293,-0.016889019339361207,-276.45213100364396,3.547868996355978,,-0.09426237884957947,-0.00947916469653095,-137.4761374632015,2.5238625367984895,-1.0240064595574883,-0.9819724104514393,True,0.9819724104514393,mf=0.7
1,2.34175891544242,-0.009887423958686732,-277.83444912053073,2.1655508794692193,,-0.028494223628517914,0.013071567655483653,-138.46839221946,1.5316077805399881,-0.633943098929231,-0.9890599444247143,True,0.9890599444247143,mf=0.7
2,2.433798441889981,0.01202907137802537,-278.3765823172677,1.62341768273224,,0.041388799528218244,-0.009908189894798894,-138.86541365106802,1.1345863489319596,-0.48883133380028027,-0.9918958117933432,True,0.9918958117933432,mf=0.7
3,2.5254883543480116,-0.013051696018576486,-272.27002177670295,7.729978223296991,,0.04149457501364095,-0.025154068437170787,-134.59123424134071,5.4087657586592774,-2.3212124646377137,-0.9613659588667195,True,0.9613659588667195,mf=0.7
4,2.364348389877809,0.00774226738988802,-279.00142928839347,0.9985707116064685,,0.05706164091195053,0.0026111321675877297,-139.28108826772706,0.7189117322729208,-0.27965897933354766,-0.9948649161980506,True,0.9948649161980506,mf=0.7
5,2.404980023401159,-0.01823661142536635,-277.3317815440558,2.6682184559441704,,-0.09536225983184014,0.0024952951725031257,-138.10242464161314,1.8975753583868342,-0.7706430975573363,-0.986445890297237,True,0.986445890297237,mf=0.7
6,2.4095896246388304,0.010586247463082609,-279.06668220465855,0.9333177953414281,,0.041959650744341354,-0.006114441382308953,-139.34153247905695,0.6584675209430152,-0.2748502743984129,-0.9952966605646928,True,0.9952966605646928,mf=0.7
7,2.3493502307356633,-0.016187499908404204,-276.85819484108293,3.141805158917043,,-0.07736247094286285,0.011231703373294526,-137.77289810657123,2.22710189342875,-0.9147032654882933,-0.9840921293326518,True,0.9840921293326518,mf=0.7
8,2.3315946975906727,0.030444140492749506,-270.68454547241146,9.315454527588507,,0.013181834117108444,0.02853521542990551,-133.45656197798027,6.54343802201972,-2.7720165055687866,-0.9532611569855735,True,0.9532611569855735,mf=0.7
9,2.430097410257883,0.00639698853104803,-279.3026096904029,0.6973903095970703,,0.008090456593149201,-0.007691742335744667,-139.5137570330692,0.48624296693078434,-0.2111473426662859,-0.9965268359504944,True,0.9965268359504944,mf=0.7
10,2.391516904237915,0.0334210769866837,-271.0432753909131,8.956724609086885,,0.09407222651815404,0.02371415866572312,-133.70689311818313,6.29310688181685,-2.6636177272700357,-0.9550492365584511,True,0.9550492365584511,mf=0.7
11,2.3408526491470583,-0.014910546639819227,-276.79558424781294,3.2044157521870007,,-0.07040949031250743,0.012553524805320139,-137.73010408725716,2.269895912742807,-0.9345198394441934,-0.9837864577661228,True,0.9837864577661228,mf=0.7
12,2.38200536105959,0.010394539600247006,-279.00401262268775,0.9959873773122129,,0.05843221600951758,-0.0014192613342479102,-139.28726108622936,0.7127389137706268,-0.28324846354158606,-0.9949090077587812,True,0.9949090077587812,mf=0.7
13,2.452131565857143,-0.04006393505214476,-266.0616331661362,13.938366833863787,,0.12613342160547084,-0.028808474206393295,-130.15017221197184,9.849827788028154,-4.088539045835633,-0.9296440872283703,True,0.9296440872283703,mf=0.7
14,2.291228138777848,-0.0017102665992704145,-275.1781690074172,4.8218309925827505,,-0.03398160258531308,0.019920844845037554,-136.5922875750274,3.4077124249725883,-1.414118567610162,-0.9756591969644816,True,0.9756591969644816,mf=0.7
15,2.257954523984073,0.016352047774905107,-269.7292581478342,10.27074185216579,,-0.12997344384952964,0.021835180941680438,-132.7763250707784,7.223674929221579,-3.04706692294421,-0.9484023219341315,True,0.9484023219341315,mf=0.7
16,2.3683798723870018,-0.02628569623942712,-274.0690101890426,5.93098981095736,,-0.14405664361622475,-0.0029970312077891503,-135.7471573176224,4.252842682377585,-1.678147128579775,-0.9696225522687315,True,0.9696225522687315,mf=0.7
17,2.4216058263898916,-0.006136194570594685,-279.5081603383869,0.4918396616130674,,-0.040982527542608914,-0.0002445413467758235,-139.6563980939577,0.34360190604226676,-0.14823775557080066,-0.9975457006711267,True,0.9975457006711267,mf=0.7
18,2.3949622834738844,0.010409471035116418,-279.1235821409812,0.8764178590187366,,0.05008639129786721,-0.0037358395805744014,-139.376264847665,0.6237351523349687,-0.2526827066837679,-0.995544748911893,True,0.995544748911893,mf=0.7
19,2.4511542717221326,-0.017433181547179682,-276.5025352181104,3.497464781889602,,-0.09717083277415053,-0.008455929227381805,-137.51044283918907,2.489557160810905,-1.0079076210786968,-0.9822174488513506,True,0.9822174488513506,mf=0.7
20,2.4337648953975584,0.0010578569960540784,-279.5250564582235,0.47494354177644454,,-0.019152100733391606,-0.005646477922057121,-139.67017261130454,0.3298273886954333,-0.14511615308101117,-0.997644090080747,True,0.997644090080747,mf=0.7
21,2.4340648241432192,0.023181462479524146,-275.23072050727745,4.769279492722504,,0.12714962404787186,-0.003075921755076121,-136.6562654337459,3.343734566254087,-1.4255449264684168,-0.9761161816696137,True,0.9761161816696137,mf=0.7
0,2.402154366927699,-0.0056884212755703885,-279.73948130165417,0.26051869834576347,,-0.024650944050898536,0.0026683521820050943,-139.81885332956662,0.18114667043336333,-0.07937202791240015,-0.9987060952111902,True,0.9987060952111902,mf=0.7
1,2.3256024425216855,-0.01373218025230146,-276.237678497496,3.76232150250394,,-0.07220355881645046,0.014159963044775998,-137.33517389132925,2.664826108670741,-1.0974953938331986,-0.980965527795209,True,0.980965527795209,mf=0.7
2,2.416647333420527,-0.01611536454507475,-277.8109782341084,2.1890217658915647,,-0.08707733892666618,0.0012211546514116363,-138.44569499759348,1.5543050024064904,-0.6347167634850742,-0.9888978214113822,True,0.9888978214113822,mf=0.7
3,2.457724774968024,0.00435821227305326,-278.4883634397596,1.5116365602403437,,-0.009079485044966156,-0.011388839033528888,-138.94647620108393,1.053523798916049,-0.45811276132429446,-0.9924748300077425,True,0.9924748300077425,mf=0.7
4,2.2420149220249797,0.005431512207550493,-269.7376063446686,10.26239365533131,,-0.16827420091917145,0.014056931827461377,-132.74698608310328,7.2530139168966965,-3.009379738434614,-0.9481927577364522,True,0.9481927577364522,mf=0.7
5,2.4115268061110045,-0.013269870705768962,-278.53826890645337,1.4617310935465766,,-0.06885825937770318,0.0028979683795412573,-138.96639312704488,1.0336068729550925,-0.4281242205914841,-0.9926170937646065,True,0.9926170937646065,mf=0.7
6,2.35732031592187,-0.01307028813587376,-277.8904494380008,2.1095505619991477,,-0.04929726149436759,0.01115990844975802,-138.50838987775452,1.4916101222454592,-0.6179404397536886,-0.989345641983961,True,0.989345641983961,mf=0.7
7,2.4839576345812873,-0.013956527220340709,-275.57438473894024,4.425615261059707,,-0.06564496789007236,-0.016787717127818427,-136.86885118180348,3.131148818196498,-1.2944664428632087,-0.9776346512985964,True,0.9776346512985964,mf=0.7
8,2.4235718589962367,0.003007743391570878,-279.7004862190328,0.29951378096710585,,-0.004598660656655293,-0.005044530008114727,-139.7922889173864,0.20771108261359064,-0.0918026983535152,-0.998516349409903,True,0.998516349409903,mf=0.7
9,2.4656284684299283,0.0001930551739497843,-278.2432549246687,1.7567450753312637,,-0.02991302785658095,-0.011438716920565781,-138.7713330711431,1.2286669288568923,-0.5280781464743712,-0.9912238076510222,True,0.9912238076510222,mf=0.7
10,2.361821294791054,-0.04350572638829192,-264.27669298954817,15.723307010451776,,0.11315374563003891,-0.0328283277981876,-128.79198176061908,11.208018239380904,-4.515288771070873,-0.919942726861565,True,0.919942726861565,mf=0.7
11,2.432396544687687,9.524859611007972e-05,-279.57090431121793,0.4290956887820437,,-0.02250889141831883,-0.0049298298945162885,-139.70216448718196,0.2978355128180187,-0.131260175964025,-0.9978726034798713,True,0.9978726034798713,mf=0.7
12,2.389471522733419,0.010192951739368036,-279.1242735932848,0.8757264067151724,,0.05259729878638662,-0.0027506323548494114,-139.3748060594538,0.6251939405461895,-0.25053246616898295,-0.9955343289960986,True,0.9955343289960986,mf=0.7
13,2.5168370106988323,0.029034306653773614,-267.73336897328517,12.266631026714789,,0.14053078484801135,0.02390689250219024,-131.4502185574704,8.54978144252957,-3.7168495841852187,-0.9389301325533602,True,0.9389301325533602,mf=0.7
14,2.372485739434961,0.02155049505055438,-275.978604687899,4.021395312100934,,0.11275156486841398,0.005850296128782025,-137.15010406090363,2.8498959390963505,-1.1714993730045835,-0.9796436004350261,True,0.9796436004350261,mf=0.7
15,2.3481373547180904,-0.04884200985299638,-259.83555543648174,20.1644445635182,,0.26182457845667234,-0.010649421366496232,-125.75099387973853,14.249006120261447,-5.915438443256751,-0.8982213848552754,True,0.8982213848552754,mf=0.7
16,2.4532939258084814,-0.010397798998582203,-277.97640455016057,2.0235954498394118,,-0.0735935443649916,-0.006407044591928614,-138.56846945023304,1.4315305497669293,-0.5920649000724824,-0.9897747817873791,True,0.9897747817873791,mf=0.7
17,2.4895672092798495,0.0016635992513482438,-276.71522104628446,3.2847789537155276,,-0.005035771410837973,-0.016916039338204954,-137.70776133410962,2.292238665890354,-0.9925402878251737,-0.9836268666722118,True,0.9836268666722118,mf=0.7
18,2.5454329471013395,0.003085927699708197,-271.40370498061554,8.5962950193844,,0.1403943664526345,-0.01576405580965265,-134.03966035283588,5.96033964716411,-2.6359553722202897,-0.9574261453773992,True,0.9574261453773992,mf=0.7
19,2.3990810942740395,-0.022153697798758337,-276.0770812462416,3.9229187537583456,,-0.11762193499156062,-3.753931955732958e-05,-137.198550180675,2.8014498193249726,-1.121468934433373,-0.9799896441476788,True,0.9799896441476788,mf=0.7
20,2.409101945159487,0.013014019438148894,-278.61247620005224,1.3875237999477112,,0.056738760132854844,-0.006342716850384736,-139.02152525000972,0.9784747499902549,-0.40904904995745633,-0.9930108946429268,True,0.9930108946429268,mf=0.7
21,2.496201939525459,0.019025237590317854,-273.3465164883525,6.653483511647459,,0.1428935811483526,-0.008000422280465783,-135.37361970188394,4.626380298116026,-2.027103213531433,-0.9669544264420283,True,0.9669544264420283,mf=0.7
0,2.393421303817759,0.036212211958167095,-269.50163335163023,10.49836664836971,,0.05391619213070423,0.029089590776000106,-132.6434360618464,7.356563938153587,-3.1418027102161226,-0.9474531147274744,True,0.9474531147274744,mf=0.7
1,2.3083126870441277,-0.012651968637471032,-275.30264639452355,4.6973536054764295,,-0.0849705437850264,0.015250168772525522,-136.67217729239826,3.3278227076017157,-1.369530897874714,-0.9762298378028449,True,0.9762298378028449,mf=0.7
2,2.444494811358941,-0.006245757050270896,-278.8794830270401,1.1205169729598181,,-0.05478175810651254,-0.004686739032888943,-139.21194163744002,0.7880583625599468,-0.3324586103998713,-0.9943710116960004,True,0.9943710116960004,mf=0.7
3,2.171606818386535,-0.004274683222793589,-259.30742909564594,20.692570904354028,,0.05761751058628517,-0.04216646787838317,-125.11198301368009,14.888016986319888,-5.804553918034141,-0.8936570215262865,True,0.8936570215262865,mf=0.7
4,2.371579854408524,-0.03068596665919241,-272.14387655431074,7.856123445689204,,-0.14307354039173725,-0.013826051035159766,-134.34714277981584,5.652857220184149,-2.2032662255050544,-0.9596224484272561,True,0.9596224484272561,mf=0.7
5,2.362266887760239,0.0012208104171691568,-279.4062397509116,0.5937602490883519,,0.03126827084903811,0.005347293606941626,-139.57162750397598,0.4283724960239947,-0.16538775306435718,-0.9969401964569715,True,0.9969401964569715,mf=0.7
6,2.47435203611754,-0.008508430574904344,-277.16898135912965,2.8310186408702993,,-0.06260481801528894,-0.012243405987661922,-138.00253697901897,1.9974630209810031,-0.8335556198892958,-0.9857324069929928,True,0.9857324069929928,mf=0.7
7,2.435247213353153,0.008019909020421198,-278.97816008270155,1.0218399172984005,,0.015127028444782139,-0.00912759774446668,-139.28732938231977,0.7126706176802057,-0.30916929961819484,-0.9949094955879986,True,0.9949094955879986,mf=0.7
8,2.452260236794742,-0.023736999140829353,-274.3816603796656,5.618339620334357,,-0.10101606019868069,-0.015577647288896575,-135.98880010620834,4.011199893791641,-1.6071397265427156,-0.9713485721872026,True,0.9713485721872026,mf=0.7
9,2.379701468145649,0.038129830180294935,-268.2114345258538,11.78856547414616,,-0.00840122312514741,0.032084499058180484,-131.75804022519688,8.241959774803108,-3.546605699343052,-0.9411288587514064,True,0.9411288587514064,mf=0.7
10,2.3154368726742107,0.023931712907699607,-272.5123977244381,7.487602275561869,,0.0341060900749148,0.02511183061084871,-134.72221552414433,5.2777844758556345,-2.2098177997062343,-0.962301539458174,True,0.962301539458174,mf=0.7
11,2.3223488898594966,-0.024277617610641698,-272.8334024370677,7.166597562932242,,-0.1599224906192862,-0.00041853535296707217,-134.86388044083517,5.136119559164806,-2.0304780037674357,-0.9633134317202514,True,0.9633134317202514,mf=0.7
12,2.2881450788108313,-0.023124910089390223,-270.65414645482684,9.345853545173096,,-0.17839063867459687,-0.006645957034129084,-133.2867464714684,6.7132535285315615,-2.632600016641535,-0.9520481890819175,True,0.9520481890819175,mf=0.7
13,2.5722165283576586,-0.009883394827402756,-267.3454659147094,12.654534085290571,,0.20589079496786383,-0.006847465692228111,-131.21748543712394,8.782514562876047,-3.8720195224145226,-0.9372677531223139,True,0.9372677531223139,mf=0.7
14,2.276353096337841,-0.0006758107676326326,-273.8113254614632,6.188674538536772,,-0.06798667371059311,0.020709503344303784,-135.62992553287822,4.370074467121756,-1.8186000714150155,-0.9687851823777017,True,0.9687851823777017,mf=0.7
15,2.371394404950579,-0.016731039316524032,-277.4281505993291,2.5718494006708412,,-0.07793164881407433,0.008566571060224095,-138.17669756270348,1.823302437296487,-0.7485469633743542,-0.9869764111621679,True,0.9869764111621679,mf=0.7
16,2.473249522656756,-0.04528849980769024,-261.4207736264915,18.579226373508487,,0.2583333076576754,-0.001179946649866186,-126.98278773947033,13.017212260529657,-5.5620141129788285,-0.9070199124247882,True,0.9070199124247882,mf=0.7
17,2.3827546454713855,-0.020776424012534798,-276.42835395120153,3.571646048798451,,-0.10896093090482921,0.004146755712439156,-137.4550632170589,2.5449367829410847,-1.0267092658573662,-0.9818218801218493,True,0.9818218801218493,mf=0.7
18,2.3613918392758073,-0.007543679414252185,-278.9360558377786,1.0639441622213441,,-0.011517797350100174,0.009526683970314961,-139.2474936718273,0.7525063281726675,-0.3114378340486766,-0.9946249547987667,True,0.9946249547987667,mf=0.7
19,2.386608643793067,-0.027992184625733173,-273.6640841877988,6.3359158122011605,,-0.14075947747351697,-0.008330502881194935,-135.45076984513244,4.549230154867527,-1.7866856573336334,-0.9675054988938033,True,0.9675054988938033,mf=0.7
20,2.3269035284313553,0.004860469138165779,-277.63390158497845,2.3660984150214928,,0.048290256123171414,0.012306886643934381,-138.31329747367448,1.686702526325489,-0.679395888696004,-0.9879521248119608,True,0.9879521248119608,mf=0.7
21,2.490151501249783,-0.026023328862802918,-271.2823069958497,8.71769300415025,,-0.004660634094129495,-0.027767672229228508,-133.83304809369466,6.16695190630532,-2.5507410978449303,-0.9559503435263905,True,0.9559503435263905,mf=0.7
0,2.5241045875085404,-0.010417560655358179,-272.90223441224555,7.097765587754428,,0.03333789979047272,-0.024343494405790242,-135.03649403569375,4.963505964306221,-2.134259623448207,-0.9645463859692412,True,0.9645463859692412,mf=0.7
1,2.4998708931229427,0.03152501783207383,-268.00618036563594,11.993819634364016,,0.12847199218421132,0.025089966218643157,-131.63309044362904,8.366909556370924,-3.626910077993092,-0.9402363603116363,True,0.9402363603116363,mf=0.7
2,2.4505248602945695,-0.014539833336594473,-277.2679891726053,2.7320108273946393,,-0.08844203267493407,-0.006612548176982743,-138.0596921280736,1.9403078719263582,-0.7917029554682811,-0.9861406580576688,True,0.9861406580576688,mf=0.7
3,2.32967862798917,-0.03638541981315358,-267.4031504111114,12.596849588888515,,-0.06564466852317354,-0.03202278555469602,-130.92544075131883,9.074559248681137,-3.5222903402073777,-0.9351817196522776,True,0.9351817196522776,mf=0.7
4,2.448670329420955,0.007997521091847874,-278.5214295668104,1.4785704331895504,,0.012624255946951591,-0.011169933393769236,-138.97021098398935,1.0297890160106251,-0.4487814171789254,-0.9926443641713527,True,0.9926443641713527,mf=0.7
5,2.161074979795908,-0.01710594681898269,-255.25580548459521,24.744194515404754,,0.28555127991563134,-0.015383998558896519,-122.38520584081773,17.61479415918225,-7.129400356222506,-0.8741800417201268,True,0.8741800417201268,mf=0.7
6,2.4540762429067278,-0.005506065930936642,-278.5639770514621,1.436022948537868,,-0.054715229713926235,-0.007066807149165672,-138.98984311476525,1.0101568852347154,-0.42586606330315263,-0.9927845936768949,True,0.9927845936768949,mf=0.7
7,2.4331748272823326,0.004549858323861166,-279.38467970348773,0.6153202965122184,,-0.002750396192363823,-0.007305721780333238,-139.5718683933504,0.4281316066495784,-0.18718868986263998,-0.9969419170953602,True,0.9969419170953602,mf=0.7
8,2.3510898841127923,0.007707639166543748,-278.5482774309131,1.451722569086814,,0.062082682410639044,0.0056563087399782545,-138.958142394603,1.0418576053969901,-0.4098649636898238,-0.99255815996145,True,0.99255815996145,mf=0.7
9,2.2280833145461036,-0.027193965335783346,-262.25611021977403,17.74388978022594,,0.04166436542307018,-0.039419180381761,-127.2261733456944,12.773826654305578,-4.97006312592036,-0.9087583810406744,True,0.9087583810406744,mf=0.7
10,2.38067356686021,-0.023064938044701846,-275.5953414031674,4.404658596832559,,-0.12434020874369776,0.001585509286314264,-136.85300998556826,3.14699001443171,-1.257668582400849,-0.9775214998969164,True,0.9775214998969164,mf=0.7
11,2.4420164304725995,-0.005157948383624443,-279.06610139806713,0.9338986019327964,,-0.049276792782297636,-0.004469396839940602,-139.3445534953517,0.6554465046482639,-0.27845209728453246,-0.9953182392525124,True,0.9953182392525124,mf=0.7
12,2.4011467522133594,0.0103548038497624,-279.14249844562335,0.8575015543766005,,0.04580509804900348,-0.004740790833720591,-139.39187177162984,0.6081282283701313,-0.24937332600646922,-0.9956562269402134,True,0.9956562269402134,mf=0.7
13,2.4539238792334817,0.031120041805654742,-271.07266377513236,8.927336224867574,,0.14888771817143903,0.01496832793951631,-133.74769465822516,6.25230534177482,-2.6750308830927545,-0.9553406761301798,True,0.9553406761301798,mf=0.7
14,2.3322397447841854,0.005196651881142527,-277.9121429082283,2.0878570917716313,,0.05194557693276744,0.010844584333461981,-138.50920789541905,1.4907921045809354,-0.5970649871906958,-0.989351484967279,True,0.989351484967279,mf=0.7
15,2.3074866561461587,0.010556513694581913,-275.629858442366,4.370141557633947,,0.04413798234662751,0.018382021051430417,-136.90145193471187,3.0985480652881083,-1.271593492345839,-0.9778675138193706,True,0.9778675138193706,mf=0.7
16,2.4989370578199352,-0.009608870871321772,-275.2861832152301,4.71381678476984,,-0.035004377469314736,-0.019583431204645084,-136.68441391793263,3.3155860820673433,-1.3982307027024965,-0.9763172422709475,True,0.9763172422709475,mf=0.7
17,2.2567532143346356,0.007865453119845498,-271.2357969487608,8.76420305123915,,-0.11358764146172957,0.02111311785706056,-133.82292918346775,6.1770708165322326,-2.5871322347069174,-0.9558780655961984,True,0.9558780655961984,mf=0.7
18,2.3686869928023975,0.01064418947757822,-278.6936429630767,1.3063570369232855,,0.067288972115872,0.0012860560273658603,-139.06370299542485,0.9362970045751333,-0.3700600323481522,-0.9933121642530348,True,0.9933121642530348,mf=0.7
19,2.3800649740254447,0.006555597164818983,-279.49399229943,0.5060077005700032,,0.04232591456482711,-9.006823476439977e-05,-139.63397756258175,0.36602243741822427,-0.13998526315177898,-0.9973855540184412,True,0.9973855540184412,mf=0.7
20,2.3944566338829163,-0.033067797829185834,-271.24787760500027,8.752122394999668,,-0.11290690992525079,-0.0215394460098097,-133.70854653924582,6.291453460754168,-2.4606689342455006,-0.9550610467088988,True,0.9550610467088988,mf=0.7
21,2.3236223778736687,-0.013070123377469241,-276.258380480616,3.741619519383952,,-0.06832713930321803,0.01457451699765023,-137.3505931460926,2.6494068539073807,-1.092212665476571,-0.981075665329233,True,0.981075665329233,mf=0.7
0,2.4906107832133997,0.019027247750169184,-273.7677798322842,6.2322201677157665,,0.135712181624444,-0.008789776414050368,-135.6654925245801,4.33450747541989,-1.8977126922958776,-0.9690392323184294,True,0.9690392323184294,mf=0.7
1,2.383433036526825,-0.040392821096148876,-266.84746042396137,13.152539576038611,,0.02088636703948276,-0.03414472208372436,-130.59273220963843,9.40726779036154,-3.7452717856770716,-0.9328052300688461,True,0.9328052300688461,mf=0.7
2,2.469257404551756,0.013201198083531122,-276.65178180592324,3.348218194076698,,0.0600925308168667,-0.014113503886654647,-137.6712952219029,2.328704778097079,-1.0195134159796189,-0.9833663944421637,True,0.9833663944421637,mf=0.7
3,2.3895034664961394,0.004664183585146909,-279.7810594003344,0.21894059966554782,,0.027418568861175205,-0.0008649492599961622,-139.84033347876132,0.1596665212386577,-0.05927407842689012,-0.9988595248482953,True,0.9988595248482953,mf=0.7
4,2.399227156930907,-0.020255447242266158,-276.72059805531865,3.279401944681333,,-0.10659598099966143,0.001999201511916253,-137.66307111370705,2.3369288862929407,-0.9424730583883923,-0.9833076508121933,True,0.9833076508121933,mf=0.7
5,2.38824086607856,0.0062012526519027306,-279.63608520681663,0.3639147931833156,,0.03490163234113515,-0.001331921398320742,-139.73688321191412,0.26311678808585015,-0.10079800509746542,-0.9981205943708154,True,0.9981205943708154,mf=0.7
6,2.446477055071676,-0.009698679520455201,-278.3659134420738,1.634086557926176,,-0.06944462867920202,-0.004635506069239337,-138.8453023933354,1.1546976066645822,-0.47938895126159375,-0.9917521599523959,True,0.9917521599523959,mf=0.7
7,2.373403970893905,-0.0021982857519203414,-279.6721587923202,0.3278412076797263,,0.010567333542844719,0.005153935640370921,-139.7648575282346,0.23514247176539566,-0.09269873591433063,-0.9983204109159615,True,0.9983204109159615,mf=0.7
8,2.609334092691075,0.013099130876019627,-261.2638765510228,18.736123448977153,,0.022631281408468415,0.0401473212403005,-127.01302582114965,12.986974178850325,-5.7491492701268285,-0.9072358987224977,True,0.9072358987224977,mf=0.7
9,2.310059706347127,0.02785326577686432,-270.50970469893815,9.490295301061792,,-0.022455425031676725,0.028650686738645875,-133.33622008701704,6.663779912982949,-2.826515388078844,-0.9524015720501218,True,0.9524015720501218,mf=0.7
10,2.465332653657114,-0.005284769963199521,-278.0360831718312,1.9639168281687442,,-0.054068815262133176,-0.009910697339991696,-138.61827293665806,1.3817270633419279,-0.5821897648268165,-0.9901305209761291,True,0.9901305209761291,mf=0.7
11,2.423084648680298,0.01390479054374958,-278.2368004655293,1.7631995344706226,,0.057171517973408206,-0.008443363359281992,-138.76324245651745,1.236757543482541,-0.5264419909880816,-0.9911660175465533,True,0.9911660175465533,mf=0.7
12,2.4537719871994956,-0.010691960599078317,-277.90596987615186,2.0940301238481265,,-0.07473760772381159,-0.006560074006618482,-138.51817639719667,1.4818236028032967,-0.6122065210448296,-0.9894155456942622,True,0.9894155456942622,mf=0.7
13,2.3291958633603396,0.009487232003616572,-277.23726509549783,2.7627349045021203,,0.06592927747045893,0.011643975250583269,-138.0301024864951,1.9698975135048638,-0.7928373909972568,-0.9859293034749652,True,0.9859293034749652,mf=0.7
14,2.299251966521245,0.003281591335550533,-275.7922608310614,4.207739168938546,,0.008187663940539916,0.019260161574668425,-137.0214675619282,2.978532438071774,-1.2292067308667725,-0.9787247682994873,True,0.9787247682994873,mf=0.7
15,2.511262567700561,-0.021706213972422967,-271.21557126463506,8.784428735364878,,0.030531764494889962,-0.02737225661340812,-133.82120777737484,6.178792222625152,-2.605636512739728,-0.9558657698383918,True,0.9558657698383918,mf=0.7
16,2.519870664909095,0.023705527641084054,-269.6917421629589,10.308257837041051,,0.17880779672883224,0.009939988404353268,-132.82099240411532,7.179007595884659,-3.129250241156391,-0.9487213743151096,True,0.9487213743151096,mf=0.7
17,2.2710654309284455,-0.0003341605255214264,-273.2803094741428,6.71969052585712,,-0.08266503945367393,0.02048499321391443,-135.25530136289305,4.744698637106923,-1.9749918887501963,-0.9661092954492363,True,0.9661092954492363,mf=0.7
18,2.4630090960504285,-0.013348234720804472,-276.9565103379272,3.043489662072704,,-0.08237034739619616,-0.009862620760515091,-137.84161843938773,2.1583815606122507,-0.8851081014604529,-0.9845829888527696,True,0.9845829888527696,mf=0.7
19,2.3418959263352677,0.020824969562499962,-275.1561366946478,4.843863305352153,,0.09524936800521605,0.014110931971360789,-136.56509385622545,3.434906143774534,-1.4089571615776195,-0.9754649561158962,True,0.9754649561158962,mf=0.7
20,2.298927938557735,0.019358483133184508,-272.85680409510604,7.14319590489389,,0.012755592993193158,0.025019374422747716,-134.96371203094992,5.036287969050043,-2.106907935843847,-0.9640265145067854,True,0.9640265145067854,mf=0.7
21,2.3623104787809566,-0.005017834780052319,-279.2182550527194,0.781744947280511,,0.0023206702195242364,0.008324797108624453,-139.44500536128038,0.5549946387195946,-0.22675030856091635,-0.9960357525805743,True,0.9960357525805743,mf=0.7
0,2.3127784161822884,-0.004698207843896986,-276.728637163988,3.271362836011954,,-0.014400918787153036,0.01686356493666666,-137.68470216537023,2.3152978346297393,-0.9560650013822152,-0.9834621583240732,True,0.9834621583240732,mf=0.7
1,2.3201902982107345,0.002761050073959569,-277.34543803485644,2.654561965143535,,0.03485410609856934,0.014321942760234744,-138.11234803454303,1.8876519654569568,-0.7669099996865782,-0.9865167716753075,True,0.9865167716753075,mf=0.7
2,2.3191885937300616,-0.004812954220739478,-277.15602395281337,2.843976047186604,,-0.007705080144489662,0.01582586269653606,-137.98609067992095,2.013909320079019,-0.8300667271075852,-0.985614933428007,True,0.985614933428007,mf=0.7
3,2.4450300696047953,0.003833590200603014,-279.0542576796588,0.9457423203411678,,-0.010714449647349085,-0.00891434682864193,-139.34139770615124,0.6586022938487291,-0.2871400264924387,-0.9952956979010805,True,0.9952956979010805,mf=0.7
4,2.2929345000105625,0.008868223022210953,-274.7211029546892,5.278897045310775,,0.010313002963766449,0.021545510128857578,-136.2680907449702,3.731909255029778,-1.5469877902809974,-0.9733435053212158,True,0.9733435053212158,mf=0.7
5,2.2659753836088465,0.02879245248884201,-266.12154611404327,13.878453885956663,,-0.2024732598290665,0.014168750037546828,-130.25631655941845,9.743683440581522,-4.134770445375141,-0.9304022611387034,True,0.9304022611387034,mf=0.7
6,2.3509720139629278,-0.027140129922964974,-273.13126889058424,6.868731109415719,,-0.15383090634159333,-0.0046678345754055574,-135.06825961018248,4.931740389817511,-1.936990719598208,-0.964773282929875,True,0.964773282929875,mf=0.7
7,2.495527658985924,-0.0023270710656589136,-276.24835250276107,3.7516474972388814,,-0.01741592280223914,-0.01790800851844578,-137.37482752236002,2.6251724776399525,-1.1264750195989293,-0.9812487680168575,True,0.9812487680168575,mf=0.7
8,2.3257762956362993,-0.003237200988385996,-277.67156120767186,2.328438792328083,,0.00793831634650409,0.014319168132641698,-138.34835526697668,1.6516447330232993,-0.6767940593047838,-0.9882025376212622,True,0.9882025376212622,mf=0.7
9,2.521766935556055,0.008922285433579839,-273.36335517467285,6.636644825327124,,0.10960312077178606,-0.01646637578250688,-135.39720595961654,4.602794040383426,-2.033850784943698,-0.967122899711547,True,0.967122899711547,mf=0.7
10,2.3585343898342264,-0.028500895715299925,-272.8052428678445,7.194757132155441,,-0.15237161823873044,-0.007926609175636739,-134.8285515912322,5.171448408767755,-2.0233087233876867,-0.9630610827945161,True,0.9630610827945161,mf=0.7
11,2.349166698583958,-0.003639665856622152,-278.83902355795976,1.160976442040202,,0.012371293761395657,0.009970690989186737,-139.1741338453479,0.8258661546520806,-0.3351102873881216,-0.9941009560381995,True,0.9941009560381995,mf=0.7
12,2.5610019538874953,-0.004008139861567457,-269.46567483476247,10.534325165237512,,0.17106059610071836,-0.013460363932821504,-132.69275479161092,7.307245208389062,-3.22707995684845,-0.9478053913686495,True,0.9478053913686495,mf=0.7
13,2.4110154938472803,-0.025318376647533582,-274.82705886742025,5.17294113257972,,-0.12776620731282623,-0.007127961839705923,-136.29441078297458,3.7055892170254014,-1.4673519155543187,-0.9735315055926757,True,0.9735315055926757,mf=0.7
14,2.3237850692300466,-0.00795861730174009,-277.12754442602164,2.8724555739783257,,-0.0255892126155452,0.01541229971324911,-137.96761446898535,2.032385531014634,-0.8400700429636911,-0.9854829604927526,True,0.9854829604927526,mf=0.7
15,2.320664609307469,0.006763716987946774,-277.0713263678685,2.9286736321314755,,0.05103315061715761,0.013938488839514504,-137.91552169186252,2.0844783081374576,-0.8441953239940176,-0.9851108692275896,True,0.9851108692275896,mf=0.7
16,2.3970727208286853,0.0053068254929592475,-279.77140869679647,0.22859130320346838,,0.024397001401559443,-0.0023188370199399505,-139.8353303429869,0.16466965701307057,-0.06392164619039781,-0.9988237881641924,True,0.9988237881641924,mf=0.7
17,2.4043160297411017,0.009577759249769276,-279.2592065980799,0.7407934019200465,,0.03963563195948519,-0.005048259880872059,-139.47534720442792,0.5246527955720489,-0.2161406063479976,-0.9962524800316283,True,0.9962524800316283,mf=0.7
18,2.4758263884772553,0.0027571174490130146,-277.59698884616466,2.4030111538352994,,-0.011768964319273925,-0.014361635066397658,-138.32318152957268,1.6768184704272986,-0.7261926834080008,-0.9880227252112336,True,0.9880227252112336,mf=0.7
19,2.490495312374834,-0.020780590983226842,-273.2183871990528,6.781612800947131,,-0.042312074553149795,-0.023556956570699904,-135.19904286952158,4.800957130478398,-1.9806556704687321,-0.9657074490680114,True,0.9657074490680114,mf=0.7
20,2.3771143306105946,0.003406589759668702,-279.6930698188864,0.3069301811135509,,0.031336629681766745,0.0017174301795914815,-139.7757110199263,0.2242889800736912,-0.08264120103985971,-0.9983979358566165,True,0.9983979358566165,mf=0.7
21,2.39442953470336,-0.015286561584131206,-278.1196444620933,1.8803555379066608,,-0.07273964947696385,0.005630901615189438,-138.66850328853724,1.3314967114627452,-0.5488588264439156,-0.9904893092038375,True,0.9904893092038375,mf=0.7
0,2.461419144503655,-0.013213588124971639,-277.06557025743416,2.9344297425657677,,-0.08251076238308365,-0.009327667336724021,-137.91897920421735,2.0810207957826306,-0.8534089467831375,-0.9851355657444097,True,0.9851355657444097,mf=0.7
1,2.2802249561043326,-0.015624658308735235,-272.24109139768757,7.758908602312391,,-0.15939327356161667,0.007318125360751087,-134.4705481384877,5.529451861512295,-2.2294567408000963,-0.9605039152749122,True,0.9605039152749122,mf=0.7
2,2.4160767832943546,-0.042119825022003746,-265.7150858185233,14.2849141814767,,0.10463343566649082,-0.03148074813075756,-129.8576438186882,10.142356181311786,-4.142558000164912,-0.9275545987049157,True,0.9275545987049157,mf=0.7
3,2.4455715278742636,-0.043873521242794866,-263.7672015803577,16.23279841964222,,0.20117002079077817,-0.020614085228967054,-128.565900772066,11.434099227934004,-4.798699191708213,-0.9183278626576142,True,0.9183278626576142,mf=0.7
4,2.343638462472277,0.00456290389194338,-278.53709090698214,1.462909093017784,,0.05076626420331676,0.008083283828344489,-138.95161724708137,1.048382752918593,-0.414526340099191,-0.9925115517648672,True,0.9925115517648672,mf=0.7
5,2.470380551221356,0.02174536909658746,-274.20162433777523,5.798375662224702,,0.13625681743433166,-0.006095463006722856,-135.95654250632705,4.043457493672931,-1.7549181685517707,-0.9711181607594791,True,0.9711181607594791,mf=0.7
6,2.274435028339292,0.018853744119279557,-270.7827989596859,9.21720104031406,,-0.07536955795930932,0.02580376513334361,-133.5212517342161,6.478748265783898,-2.7384527745301623,-0.9537232266729722,True,0.9537232266729722,mf=0.7
7,2.5128935369565135,-0.031169602412070205,-267.0694470119237,12.930552988076236,,0.15143046145220215,-0.023591441705654952,-130.93903673183902,9.06096326816096,-3.8695897199152767,-0.9352788337988502,True,0.9352788337988502,mf=0.7
8,2.4330439504008488,-0.0066855632734132055,-279.1964367716459,0.8035632283540884,,-0.050780229037899687,-0.00217192437863986,-139.4358468924616,0.5641531075383905,-0.239410120815698,-0.9959703349461544,True,0.9959703349461544,mf=0.7
9,2.323891050364131,-0.0048617290106203635,-277.4514175073406,2.5485824926593916,,-0.0036656840152746437,0.015018567489861242,-138.1945009703504,1.805499029649578,-0.7430834630098138,-0.9871035783596459,True,0.9871035783596459,mf=0.7
10,2.3151566336756257,-0.0059787608992632815,-276.78496232690486,3.215037673095077,,-0.020323704702163284,0.016555270197952113,-137.72499819232416,2.2750018076758143,-0.9400358654192629,-0.9837499870880299,True,0.9837499870880299,mf=0.7
11,2.38979195625473,-0.018149397621968356,-277.3246644713426,2.675335528657375,,-0.09098083428194353,0.005220106133147928,-138.09929340535314,1.9007065946468438,-0.7746289340105309,-0.9864235243239511,True,0.9864235243239511,mf=0.7
12,2.331567041378092,0.007136102359040636,-277.68374737690675,2.3162526230932095,,0.05906850504489826,0.010854547360683005,-138.34646738713192,1.653532612868059,-0.6627200102251503,-0.9881890527652282,True,0.9881890527652282,mf=0.7
13,2.369665325154581,0.010725431915637244,-278.70440577608576,1.2955942239142086,,0.06715107784317073,0.001067716433663272,-139.07157746366178,0.9284225363381993,-0.36717168757600926,-0.9933684104547271,True,0.9933684104547271,mf=0.7
14,2.509796162297673,-0.01339775901286237,-273.6769048890193,6.3230951109806535,,-0.010247539159433832,-0.023524141789753414,-135.55563152392403,4.444368476075952,-1.8787266349047018,-0.9682545108851718,True,0.9682545108851718,mf=0.7
15,2.4678268940086414,-0.0013882770182224696,-278.1089044678099,1.8910955321900405,,-0.036903166938001615,-0.011442954155743488,-138.67518242169308,1.3248175783068918,-0.5662779538831485,-0.990537017297808,True,0.990537017297808,mf=0.7
16,2.3725222949266986,-0.018466890833780402,-276.9656737586887,3.034326241311243,,-0.09172491890589252,0.007462349175450477,-137.84454118109952,2.1554588189004753,-0.8788674224107678,-0.9846038655792824,True,0.9846038655792824,mf=0.7
17,2.3754827122931244,-0.006109512570764091,-279.4558800242964,0.5441199757035678,,-0.009024756111125689,0.006783438201563118,-139.61556992528008,0.3844300747198807,-0.15968990098368713,-0.997254070894858,True,0.997254070894858,mf=0.7
18,2.329842580475829,0.017630447018781133,-275.5093605828117,4.490639417188243,,0.08227762766576233,0.015047570305095537,-136.8124238528858,3.187576147114202,-1.3030632700740412,-0.9772315989491843,True,0.9772315989491843,mf=0.7
19,2.5437249252577896,-0.022279498973359735,-267.7085335803599,12.29146641964002,,0.16791560190076732,-0.019110642156350766,-131.43096314632388,8.569036853676112,-3.722429565963909,-0.9387925939023135,True,0.9387925939023135,mf=0.7
20,2.531605631619194,-0.007850552572260402,-272.51090002985427,7.4890999701456975,,0.06053724443900822,-0.023660941288431814,-134.77791889477385,5.222081105226138,-2.2670188649195593,-0.9626994206769561,True,0.9626994206769561,mf=0.7
21,2.5418226510736517,0.03130792466539145,-264.0574089975928,15.942591002407173,,0.02417473202741,0.037013267982535916,-128.9310323924204,11.068967607579586,-4.873623394827589,-0.9209359456601458,True,0.9209359456601458,mf=0.7
0,2.4092286657803754,-0.006758057032412988,-279.60013612677517,0.3998638732247808,,-0.034676200563158656,0.002039511201064327,-139.721019162626,0.27898083737399254,-0.12088303585078826,-0.9980072797330429,True,0.9980072797330429,mf=0.7
1,2.4432869796131813,-0.005705587723384731,-278.9743319715539,1.0256680284460227,,-0.05207719820945558,-0.0045711106270973165,-139.27936556966972,0.7206344303302687,-0.30503359811575387,-0.9948526112119267,True,0.9948526112119267,mf=0.7
2,2.5009019724513957,-0.0389504236497033,-263.74022537557516,16.259774624424786,,0.22986049514039497,-0.01107017608570722,-128.61989421249498,11.380105787504991,-4.8796688369197945,-0.91871353008925,True,0.91871353008925,mf=0.7
3,2.3196193170206936,0.00011694709731130222,-277.3691897576237,2.6308102423762483,,0.02171639314685625,0.014888708857047607,-138.13185979313715,1.8681402068628268,-0.7626700355134216,-0.9866561413795513,True,0.9866561413795513,mf=0.7
4,2.3238807040619816,-0.017003669979968227,-275.3288824006308,4.671117599369145,,-0.10413639321782232,0.011821673726883463,-136.682370099393,3.3176299006069536,-1.3534876987621915,-0.9763026435670932,True,0.9763026435670932,mf=0.7
5,2.3629841486784895,0.020336768150727692,-276.1344992308628,3.8655007691371797,,0.10732228298036968,0.007138102359339453,-137.25652813197922,2.7434718680207557,-1.1220289011164237,-0.9804037723712803,True,0.9804037723712803,mf=0.7
6,2.367109285960795,-0.024922981240626925,-274.5932637397721,5.406736260227863,,-0.13852909019014992,-0.00019138673776541344,-136.1289653111801,3.8710346888198615,-1.5357015714080011,-0.9723497522227152,True,0.9723497522227152,mf=0.7
7,2.5534638211014715,0.005372386668514413,-270.2987082747676,9.70129172523238,,0.17230168048772818,-0.009892868858536633,-133.27513343882632,6.724866561173659,-2.9764251640587207,-0.9519652388487596,True,0.9519652388487596,mf=0.7
8,2.2950230443003754,-0.01710284222438433,-273.1900454117484,6.809954588251564,,-0.14506553720286683,0.008748849455478203,-135.1493177442233,4.850682255776667,-1.9592723324748973,-0.9653522696015953,True,0.9653522696015953,mf=0.7
9,2.4904386810825763,-0.002803011467864793,-276.61112655448744,3.3888734455125165,,-0.02668019024307664,-0.016697812946407497,-137.62605089660147,2.3739491033984956,-1.0149243421140208,-0.9830432206900107,True,0.9830432206900107,mf=0.7
10,2.429316930574561,-0.015544201928940812,-277.71746944813674,2.2825305518632413,,-0.08884806986191413,-0.0014131989239409158,-138.3786490805562,1.6213509194437943,-0.6611796324194471,-0.9884189220039729,True,0.9884189220039729,mf=0.7
11,2.4523480887514277,-0.014895595736742618,-277.1078596184604,2.8921403815395403,,-0.08949026758932302,-0.007301165459092083,-137.94540309884601,2.054596901153969,-0.8375434803855717,-0.9853243078489002,True,0.9853243078489002,mf=0.7
12,2.32246727113907,-0.015476521608841338,-275.63724183910006,4.362758160899905,,-0.09163345733291436,0.01317590770013488,-136.90547958314332,3.0945204168566587,-1.2682377440432466,-0.9778962827367381,True,0.9778962827367381,mf=0.7
13,2.419401125973504,0.013239491514947027,-278.44511479671047,1.5548852032895015,,0.05377944693927635,-0.007921997282414491,-138.90807168941706,1.0919283105829258,-0.4629568927065758,-0.9922005120672648,True,0.9922005120672648,mf=0.7
14,2.326207600579705,0.011871205765083822,-276.6548888008954,3.345111199104551,,0.07048112303972381,0.01308644880391171,-137.61884490307176,2.3811550969282087,-0.9639561021763422,-0.9829917493076556,True,0.9829917493076556,mf=0.7
15,2.4165807725078503,0.009802731075753558,-279.1195349327284,0.8804650672715255,,0.033607209441307406,-0.006967013910869253,-139.38122301636008,0.61877698363989,-0.26168808363163554,-0.9955801644025722,True,0.9955801644025722,mf=0.7
16,2.4204082616122107,-0.004617650728029829,-279.6592479335495,0.34075206645042305,,-0.0337813059650169,-0.0006644168821222848,-139.76324562866364,0.2367543713363434,-0.10399769511407964,-0.9983088973475975,True,0.9983088973475975,mf=0.7
17,2.3702151563075073,-0.01015228624274805,-278.81354772208465,1.1864522779153246,,-0.029949762852798857,0.00904485548736541,-139.16279113092764,0.8372088690723251,-0.3492434088429995,-0.9940199366494834,True,0.9940199366494834,mf=0.7
18,2.3116595917487888,-0.0012880179912479752,-276.8123412335247,3.187658766475274,,0.005428245158430965,0.016788279067043787,-137.74133730477894,2.258662695221046,-0.9289960712542278,-0.9838666950341354,True,0.9838666950341354,mf=0.7
19,2.3117697716298973,0.005981819386383201,-276.54748279602575,3.4525172039742027,,0.0387148193676378,0.016383487284280854,-137.5484413732425,2.451558626757476,-1.0009585772167267,-0.9824888669517323,True,0.9824888669517323,mf=0.7
20,2.4800565743905896,0.024603995469851616,-272.5521045015745,7.447895498425492,,0.1608402424765344,0.0007246955500281296,-134.80309017873566,5.1969098212643114,-2.2509856771611805,-0.9628792155623978,True,0.9628792155623978,mf=0.7
21,2.4348695142645838,0.006501442416836173,-279.165209007718,0.8347909922820069,,0.006650455559977559,-0.008464592629624696,-139.41830166986887,0.5816983301311138,-0.2530926621508931,-0.9958450119276349,True,0.9958450119276349,mf=0.7
0,2.4042192693072564,-0.029575555636910746,-273.00163469362735,6.99836530637261,,-0.0668853871282954,0.022247024267386083,-135.1322335549522,4.8677664450477875,-2.1305988613248217,-0.9652302396782301,True,0.9652302396782301,mf=0.8
1,2.3742879723786605,0.014505993294703477,-278.0478823931144,1.9521176068855712,,-0.011795830903409115,-0.013105167548994295,-138.5988798281584,1.401120171841578,-0.5509974350439932,-0.9899919987725602,True,0.9899919987725602,mf=0.8
2,2.369541933576857,0.00767261434085601,-279.1502428454508,0.8497571545491374,,0.0001587864539917157,-0.008824827445567398,-139.37756406286636,0.6224359371336197,-0.22732121741551772,-0.9955540290204742,True,0.9955540290204742,mf=0.8
3,2.4460998011824775,0.0072333512401178,-278.7137841080254,1.2862158919745976,,-0.06678211047689123,0.00036248791141244176,-139.08968071579673,0.9103192842032356,-0.3758966077713619,-0.9934977193985484,True,0.9934977193985484,mf=0.8
4,2.4779329198117126,0.03500791272486001,-267.7312322508486,12.268767749151355,,0.16961437369272384,-0.018793467824612567,-131.41454752473413,8.585452475265853,-3.683315273885501,-0.9386753394623868,True,0.9386753394623868,mf=0.8
5,2.4172385907899008,-0.020096287934053655,-276.6506308201456,3.3493691798543956,,0.009852670848186949,0.016911756154747878,-137.69425158468877,2.3057484153111996,-1.0436207645431956,-0.9835303684620629,True,0.9835303684620629,mf=0.8
6,2.3846693680245474,-0.016643485430807087,-277.6899225754362,2.3100774245637665,,0.05638587694853157,0.01096749254027131,-138.3898121849004,1.6101878150995899,-0.6998896094641768,-0.9884986584635743,True,0.9884986584635743,mf=0.8
7,2.434038620121545,-0.013391877125728613,-278.0930401324022,1.906959867597735,,0.002528291473978787,0.012728630021633082,-138.703775478641,1.2962245213589818,-0.6107353462387533,-0.9907412534188644,True,0.9907412534188644,mf=0.8
8,2.4194798007889227,-0.01476824104672719,-278.1016539452582,1.898346054741772,,0.02115732479500699,0.012280343786765542,-138.70315698969137,1.2968430103085988,-0.6015030444331732,-0.9907368356406528,True,0.9907368356406528,mf=0.8
9,2.4906862644033243,-0.004951426829781024,-276.4598482877038,3.5401517122961943,,-0.098178780632464,0.008027299709316992,-137.5271932907035,2.4728067092964667,-1.0673450029997273,-0.9823370949335967,True,0.9823370949335967,mf=0.8
10,2.4342764059034208,-0.02072827743151154,-276.0857491452646,3.9142508547353794,,-0.02079568748487956,0.018057210665884338,-137.30553759280343,2.6944624071965344,-1.219788447538845,-0.9807538399485962,True,0.9807538399485962,mf=0.8
11,2.268711227041738,-0.01479535094672114,-271.2871490166479,8.71285098335208,,0.061547245918855895,0.025889786616413654,-133.87014368615732,6.129856313842653,-2.5829946695094277,-0.956215312043981,True,0.956215312043981,mf=0.8
12,2.3804720200941234,0.016225208254486406,-277.7399760562577,2.260023943742227,,-0.017852325584042338,-0.013934390181734854,-138.38295874849325,1.6170412515067367,-0.6429826922354904,-0.9884497053463804,True,0.9884497053463804,mf=0.8
13,2.4833652215798403,-0.00019920814685024877,-277.17100738892384,2.828992611076108,,-0.09178863454568092,0.00577984115559349,-138.02025073349472,1.9797492665052454,-0.8492433445708628,-0.9858589338106768,True,0.9858589338106768,mf=0.8
14,2.449192219599178,-0.03682313157826784,-268.17453324388526,11.8254667561147,,-0.2058416567091009,-0.0014960447980136543,-131.5782341682305,8.42176583176947,-3.40370092434523,-0.9398445297730752,True,0.9398445297730752,mf=0.8
15,2.37618527185144,-0.007153609769054003,-279.3590801772732,0.6409198227267403,,0.04699882128211263,0.0009361083491336878,-139.5419099429274,0.45809005707257766,-0.18282976565416262,-0.9967279281637673,True,0.9967279281637673,mf=0.8
16,2.3746891287447163,0.007658273167004104,-279.26929569078567,0.7307043092142745,,-0.005526709609205319,-0.008149736703468264,-139.46290984162482,0.5370901583751437,-0.19361415083913075,-0.9961636417258918,True,0.9961636417258918,mf=0.8
17,2.3775018475327268,0.011305011138843114,-278.77155174942646,1.2284482505734715,,-0.015353094733084513,-0.01026430715810596,-139.10974371536574,0.8902562846342348,-0.33819196593923667,-0.9936410265383269,True,0.9936410265383269,mf=0.8
18,2.4134684590099917,-0.02316412780627908,-275.6372511657424,4.362748834257568,,-0.004741547615720001,0.019400728772893,-136.9871460677012,3.0128539322988,-1.349894901958767,-0.9784796147692942,True,0.9784796147692942,mf=0.8
19,2.4789045964623053,-0.01308788107271644,-276.09555229991156,3.9044477000883684,,-0.07986688418605932,0.013265937975335906,-137.29478547604995,2.7052145239500134,-1.199233176138355,-0.9806770391146428,True,0.9806770391146428,mf=0.8
20,2.5408234504761955,0.03639221961133226,-261.41856802226596,18.58143197773397,,0.24454341731874749,0.013076503084727444,-126.92045033925163,13.079549660748345,-5.501882316985625,-0.9065746452803689,True,0.9065746452803689,mf=0.8
21,2.2581722163728095,0.0008001986479854693,-271.88577809033956,8.114221909660422,,0.13951308788715697,0.015270103291113184,-134.21121212669385,5.788787873306129,-2.3254340363542942,-0.9586515151906705,True,0.9586515151906705,mf=0.8
0,2.4759118528749346,-0.011187947706928363,-276.65207079959407,3.34792920040586,,-0.07004509653359087,0.012816018445078953,-137.68727332381684,2.3127266761831273,-1.0352025242227325,-0.983480523741549,True,0.983480523741549,mf=0.8
1,2.3596887961564037,0.0364606374146243,-268.71106822174943,11.288931778250523,,0.20020496844730648,-0.0027451016259046556,-131.97668064963543,8.023319350364558,-3.2656124278859657,-0.9426905760688246,True,0.9426905760688246,mf=0.8
2,2.3619856124442498,0.013300077381932245,-277.99565709268705,2.0043429073129233,,0.005074271567447442,-0.013395695413824666,-138.56053535180374,1.4394646481962317,-0.5648782591166915,-0.9897181096557413,True,0.9897181096557413,mf=0.8
3,2.4662106934403485,0.01157868277025278,-277.1408382268368,2.859161773163142,,-0.0956286515855566,-0.004683858683199993,-137.9665782498178,2.033421750182194,-0.825740022980948,-0.98547555892727,True,0.98547555892727,mf=0.8
4,2.3614553339642326,-0.0014839835680871148,-279.37528031396187,0.6247196860381105,,0.038668925837680786,-0.004402756008200354,-139.53955514555054,0.4604448544494546,-0.16427483158865583,-0.9967111081825039,True,0.9967111081825039,mf=0.8
5,2.3493812314625777,-0.011346734204718888,-277.924759005046,2.0752409949539925,,0.08244580905813993,0.0035499949460286585,-138.5158088827991,1.4841911172008786,-0.5910498777531139,-0.9893986348771365,True,0.9893986348771365,mf=0.8
6,2.346691465967074,0.004539071881954311,-278.6751957109463,1.3248042890536562,,0.03701415881767134,-0.009251148930078177,-139.03602364716278,0.9639763528372122,-0.360827936216444,-0.9931144546225913,True,0.9931144546225913,mf=0.8
7,2.4041164196113662,0.0004981378262132959,-279.99108488237067,0.008915117629274862,,-0.005073981417218669,0.00012491163791757533,-139.99460935510461,0.005390644895366881,-0.00352447273390798,-0.9999614953936046,True,0.9999614953936046,mf=0.8
8,2.455099518031425,-0.016269234997001943,-276.6452788301776,3.3547211698223944,,-0.038898285135040754,0.01579856099074173,-137.69598563751975,2.304014362480234,-1.0507068073421608,-0.9835427545537127,True,0.9835427545537127,mf=0.8
9,2.322333681571726,0.0011764764921924015,-277.5321398278807,2.467860172119233,,0.08250936565650877,-0.007069734447839045,-138.2149393180714,1.7850606819285855,-0.6827994901906476,-0.987249566557653,True,0.987249566557653,mf=0.8
10,2.2690626024495257,-0.005240450748976201,-272.85397805191576,7.14602194808419,,0.12907645266881454,0.0147059026507855,-134.9048224234427,5.095177576557264,-2.050844371526926,-0.9636058744531624,True,0.9636058744531624,mf=0.8
11,2.2820830435416437,-0.024722543959774038,-269.48426194266085,10.515738057339124,,-0.052514597019324295,0.029136013279918965,-132.65221908909152,7.3477809109084715,-3.1679571464306533,-0.947515850636368,True,0.947515850636368,mf=0.8
12,2.465227650091216,-0.002690849121514007,-278.20700496732877,1.7929950326711894,,-0.05760741547396989,0.008346127385150505,-138.76610585350178,1.2338941464981938,-0.5591008861729955,-0.9911864703821558,True,0.9911864703821558,mf=0.8
13,2.3822223698998877,-0.02453206495277831,-275.0607207115603,4.939279288439644,,0.01862834314444734,0.020499642586614467,-136.57033834256822,3.4296616574317498,-1.5096176310078941,-0.9755024167326304,True,0.9755024167326304,mf=0.8
14,2.330082599496894,0.007108726865480241,-277.6034339219226,2.3965660780773588,,0.06006419981602498,-0.011141307827707678,-138.27191734240782,1.72808265759215,-0.6684834204852089,-0.9876565524457703,True,0.9876565524457703,mf=0.8
15,2.493552415564825,-0.009708981162192955,-275.68903632963753,4.31096367036245,,-0.10533633889905307,0.009749436612506589,-136.98903934698907,3.010960653010893,-1.3000030173515569,-0.9784931381927793,True,0.9784931381927793,mf=0.8
16,2.283924736473521,-0.0019024224861163002,-274.51314189119614,5.486858108803829,,0.13666357540299895,0.004642343823626538,-136.05915334820577,3.940846651794215,-1.546011457009614,-0.971851095344327,True,0.971851095344327,mf=0.8
17,2.4097430658876196,0.0011167707434515171,-279.95120113026,0.048798869739936745,,-0.011871456744233132,0.0006174946370333987,-139.96812879784773,0.031871202152253884,-0.016927667587682865,-0.9997723485560553,True,0.9997723485560553,mf=0.8
18,2.386039618650431,-0.0025916541278242305,-279.8666008544349,0.133399145565049,,0.021341905273815062,-0.0008303948955893852,-139.901354791856,0.09864520814399784,-0.034753937421051165,-0.9992953913704,True,0.9992953913704,mf=0.8
19,2.3588798529812296,0.005141092605566745,-279.0978947307765,0.902105269223447,,0.019194204550633545,-0.008561088212899349,-139.33888004111606,0.6611199588839154,-0.2409853103395316,-0.9952777145794006,True,0.9952777145794006,mf=0.8
20,2.436123887080345,7.39973058092578e-05,-279.46663200023846,0.5333679997614884,,-0.03022163636029086,0.004643291588456127,-139.64098711520822,0.3590128847917679,-0.17435511496972045,-0.9974356222514874,True,0.9974356222514874,mf=0.8
21,2.3212391487784196,-0.019444623964536983,-274.45190009684285,5.548099903157093,,0.07860054747018684,0.018213927512256832,-136.09054052912967,3.909459470870305,-1.6386404322867878,-0.9720752894937835,True,0.9720752894937835,mf=0.8
0,2.3687967956706806,0.005907786778439186,-279.3230279339909,0.6769720660090542,,0.0054987498315376285,-0.007855699318540636,-139.50058682045042,0.4994131795495666,-0.1775588864594876,-0.9964327630032174,True,0.9964327630032174,mf=0.8
1,2.4603288355758877,0.022088803109084086,-274.61542311190783,5.384576888092154,,-0.059295347635601334,-0.019629509711923884,-136.20305785634417,3.7969421436557957,-1.5876347444363574,-0.9728789846881729,True,0.9728789846881729,mf=0.8
2,2.3860161074056996,0.0003940057069370156,-279.9187739064126,0.08122609358738987,,0.00917498743605155,-0.0024629752170988307,-139.93429845276268,0.06570154723730066,-0.015524546350089211,-0.9995307032340193,True,0.9995307032340193,mf=0.8
3,2.438123606214295,0.0383057299224148,-267.6785412988608,12.321458701139125,,0.19589284543765567,-0.011431259241245372,-131.32241370650425,8.677586293495724,-3.6438724076434004,-0.9380172407607448,True,0.9380172407607448,mf=0.8
4,2.4200135383193753,0.003429535199810487,-279.74218668188973,0.2578133181102259,,-0.029325864381183293,0.0007275929162185075,-139.81997038979188,0.18002961020810274,-0.07778370790212318,-0.9987140742127992,True,0.9987140742127992,mf=0.8
5,2.3879225340708006,-0.023832471375197114,-275.4007431972088,4.599256802791182,,0.020046497764770726,0.019720521985951683,-136.80957940857886,3.190420591421121,-1.4088362113700617,-0.9772112814898491,True,0.9772112814898491,mf=0.8
6,2.443973917699861,0.011209621631922273,-278.20576829245994,1.7942317075400163,,-0.07590963813961546,-0.0036546784899990107,-138.71955803371532,1.2804419662846547,-0.5137897412553618,-0.9908539859551097,True,0.9908539859551097,mf=0.8
7,2.3608911189689015,0.0006888857235780145,-279.3712043381259,0.6287956618740816,,0.031152664579754904,-0.0057748348693745675,-139.5350961097662,0.4649038902337895,-0.16389177164029217,-0.9966792579269015,True,0.9966792579269015,mf=0.8
8,2.297643717142798,-0.003029177447190053,-275.67336523306767,4.326634766932288,,0.12393078022513132,0.0010089549942049454,-136.88529429646638,3.114705703533587,-1.2119290633987005,-0.9777521021176172,True,0.9777521021176172,mf=0.8
9,2.4224745663486487,-0.013825305525819696,-278.2657787070832,1.7342212929167646,,0.017822870960836592,0.011818273803132539,-138.81872589801344,1.1812741019865423,-0.5529471909302223,-0.9915623278429533,True,0.9915623278429533,mf=0.8
10,2.4511032557653722,-0.012647232981775475,-277.6552773327216,2.344722667278366,,-0.02387418552482236,0.013618822870129232,-138.40108942815985,1.598910571840138,-0.7458120954382281,-0.9885792102011419,True,0.9885792102011419,mf=0.8
11,2.454939240148962,0.02846208194941383,-272.29337611739226,7.70662388260768,,0.02204012929482704,-0.02573028496040634,-134.609308491314,5.390691508685974,-2.3159323739217066,-0.961495060652243,True,0.961495060652243,mf=0.8
12,2.430536831945319,0.02609052352056119,-274.1782188339912,5.8217811660087655,,-0.009420072523478267,-0.022578971637221685,-135.90723210706332,4.092767892936661,-1.7290132730721046,-0.970765943621881,True,0.970765943621881,mf=0.8
13,2.419695475838863,-0.009117058910118828,-279.177018533106,0.8229814668939684,,0.015636060656186654,0.007920549313028505,-139.44859510899943,0.5514048910005416,-0.2715765758934269,-0.9960613936357104,True,0.9960613936357104,mf=0.8
14,2.3626853975370383,0.0016723132408554022,-279.4086219165955,0.5913780834044426,,0.02570788640036581,-0.006158632226790108,-139.5617404568666,0.4382595431333753,-0.1531185402710673,-0.9968695746919045,True,0.9968695746919045,mf=0.8
15,2.467371129742979,0.00454442626442781,-277.9842899136486,2.0157100863513877,,-0.08139155521941242,0.0029217306280300837,-138.58329107278442,1.4167089272155482,-0.5990011591358397,-0.9898806505198889,True,0.9898806505198889,mf=0.8
16,2.5174652615887503,-0.01957175492064006,-271.35036183354975,8.649638166450211,,-0.1747020426845918,-0.0019399044305491815,-133.86422514546229,6.135774854537696,-2.513863311912514,-0.9561730367533021,True,0.9561730367533021,mf=0.8
17,2.3866344383690814,0.029692109201784552,-272.88063758168664,7.119362418313335,,0.08217311654875527,-0.02133895672841154,-134.98626504532987,5.013734954670099,-2.1056274636432355,-0.9641876074666421,True,0.9641876074666421,mf=0.8
18,2.392348472529603,0.018571372452761952,-277.21949592549174,2.7805040745081886,,-0.027200028128152667,-0.015132135348920713,-138.01863394135125,1.9813660586487252,-0.7991380158594633,-0.9858473852953662,True,0.9858473852953662,mf=0.8
19,2.327040188203354,0.006055351975875136,-277.53775737665575,2.462242623344213,,0.06657746323158903,-0.01045015901849825,-138.22345764855697,1.7765423514429914,-0.6857002719012218,-0.9873104117754072,True,0.9873104117754072,mf=0.8
20,2.411946395837146,0.004666024695880255,-279.76761320017255,0.232386799827399,,-0.02787593678936271,-0.0010845744524370406,-139.83174428070998,0.1682557192899873,-0.06413108053741169,-0.998798173433643,True,0.998798173433643,mf=0.8
21,2.257086068992567,-0.016849575363493165,-269.4989533885469,10.501046611453024,,-0.0008901161553738456,0.030325096823649658,-132.6499112250322,7.350088774967753,-3.1509578364852704,-0.9474993658930875,True,0.9474993658930875,mf=0.8
0,2.41377283538939,0.0072459958867392964,-279.50277254555675,0.49722745444321864,,-0.03886903146895372,-0.0025459214862877952,-139.6395110786789,0.36048892132105603,-0.1367385331221626,-0.997425079133421,True,0.997425079133421,mf=0.8
1,2.5364897397223274,-0.001248017814097468,-272.4692561305914,7.530743869408524,,-0.1465305065833375,-0.011252214242765806,-134.66443247714912,5.33556752285085,-2.1951763465576746,-0.9618888034082083,True,0.9618888034082083,mf=0.8
2,2.415662961984243,-0.022349093033119976,-275.90758466001785,4.0924153399821135,,-0.0016456324537252587,0.018793961850004436,-137.17641734299252,2.8235826570074605,-1.2688326829746526,-0.9798315524499467,True,0.9798315524499467,mf=0.8
3,2.303548585072837,0.005490241454203721,-275.97914164247646,4.020858357523496,,0.11108059849858029,-0.00702411060046625,-137.1044365411177,2.895563458882277,-1.1252948986412183,-0.9793174038651266,True,0.9793174038651266,mf=0.8
4,2.3274744371051272,0.002495041181739423,-277.8067090930591,2.1932909069408693,,0.07140976200856305,-0.008282156798155095,-138.4126011843209,1.5873988156790955,-0.6058920912617736,-0.9886614370308636,True,0.9886614370308636,mf=0.8
5,2.2749738016416963,0.023270040458312068,-269.34993830862845,10.650061691371528,,0.17842879292323024,0.012474525838371938,-132.39337201225007,7.606627987749908,-3.0434337036216204,-0.9456669429446435,True,0.9456669429446435,mf=0.8
6,2.3663911987793607,-0.005498508020780538,-279.29665584393814,0.7033441560618148,,0.049385778741453924,-0.0012399873955067277,-139.48972573936908,0.5102742606309065,-0.19306989543090833,-0.9963551838526363,True,0.9963551838526363,mf=0.8
7,2.492785686599242,-0.040775056901085814,-263.21189766450954,16.78810233549044,,-0.0994255308517402,-0.03515266718644272,-128.11620648237837,11.883793517621612,-4.904308817868826,-0.915115760588417,True,0.915115760588417,mf=0.8
8,2.4326456955794415,-0.004769727673108175,-279.38252755404756,0.6174724459524041,,-0.009609037926737804,0.0069737041664162626,-139.59242295822003,0.40757704177994153,-0.20989540417246258,-0.9970887354158575,True,0.9970887354158575,mf=0.8
9,2.360079965152473,-0.016752229395024878,-277.1058606826557,2.8941393173442287,,0.07601173939612693,0.010393016666622935,-137.9598639042029,2.040136095797059,-0.8540032215471692,-0.9854275993157353,True,0.9854275993157353,mf=0.8
10,2.3699587155442834,-0.028756652249196272,-273.02175343553046,6.978246564469489,,-0.027572538543558785,0.024246036235085505,-135.14607338335918,4.853926616640811,-2.1243199478286776,-0.9653290955954228,True,0.9653290955954228,mf=0.8
11,2.5294549233411896,-0.004249692762334465,-273.08318124061947,6.916818759380466,,-0.15181219934564263,-0.005776271527524621,-135.09770472986892,4.902295270131069,-2.014523489249397,-0.9649836052133495,True,0.9649836052133495,mf=0.8
12,2.3431358611708943,-0.005497313089687914,-278.4387878916396,1.5612121083603723,,0.07297170726553821,-0.0024001169845349717,-138.8690157947181,1.1309842052818817,-0.43022790307849074,-0.9919215413908437,True,0.9919215413908437,mf=0.8
13,2.3330612465935645,-0.02507717214923838,-273.1467952643681,6.853204735631824,,0.023678455897094705,0.02417754552479315,-135.21336336760572,4.786636632394263,-2.0665681032375613,-0.965809738340041,True,0.965809738340041,mf=0.8
14,2.287603867549694,0.006258373080752884,-274.56640046564684,5.433599534353107,,0.13836773046832498,-0.0024025842280178335,-136.09200912668692,3.9079908733130693,-1.5256086610400375,-0.9720857794763352,True,0.9720857794763352,mf=0.8
15,2.474478701505832,-0.02470055355246978,-272.8636126611084,7.136387338891541,,-0.13529649511013894,0.01281444253616088,-134.9929858169931,5.007014183006886,-2.1293731558846543,-0.9642356129785222,True,0.9642356129785222,mf=0.8
16,2.4149580303034415,-0.013457931202332763,-278.4609291082913,1.5390708917086466,,0.02667200271423429,0.010640805212825543,-138.94960772268664,1.0503922773133494,-0.48867861439529725,-0.9924971980191903,True,0.9924971980191903,mf=0.8
17,2.3456394042048117,0.023721986304784337,-274.2961227842689,5.703877215731064,,0.08689870076956363,-0.017722241882593484,-135.95365653797705,4.046343462022921,-1.657533753708144,-0.9710975466998363,True,0.9710975466998363,mf=0.8
18,2.4367658827013057,0.011137864105318217,-278.4560931138278,1.5439068861721172,,-0.0695705329568781,-0.0038355247491017506,-138.89590952973717,1.1040904702628214,-0.4398164159092958,-0.9921136394981227,True,0.9921136394981227,mf=0.8
19,2.364556700726493,-0.008178153951891792,-278.9520132144939,1.0479867855060647,,0.060543149052270005,0.0007675054516227002,-139.24754621956353,0.7524537804364408,-0.29553300506962393,-0.9946253301397397,True,0.9946253301397397,mf=0.8
20,2.2321108538886603,0.02332127294117387,-264.3564131264646,15.643586873535378,,0.01477080939177141,0.03695996230506023,-129.0374164584221,10.962583541577905,-4.6810033319574735,-0.9216958318458721,True,0.9216958318458721,mf=0.8
21,2.3984210435190843,0.00033808274041067105,-279.99806657033923,0.0019334296607245375,,-0.00014441611712285178,-0.000630349193746625,-139.99682002269236,0.0031799773076291566,0.0012465476469046193,-0.999977285876374,True,0.999977285876374,mf=0.8
0,2.2552231672688463,-0.01696043681981274,-269.25627879198794,10.743721208011998,,-0.009552092728817319,0.03063009718182772,-132.48282141362193,7.517178586378055,-3.2265426216339437,-0.9463058672401568,True,0.9463058672401568,mf=0.8
1,2.4407783200262796,0.0009364194301988576,-279.31355722331597,0.6864427766839649,,-0.038215898416445564,0.004605066368429103,-139.53209902690872,0.46790097309124823,-0.21854180359271674,-0.9966578501922053,True,0.9966578501922053,mf=0.8
2,2.3865388177580282,-0.04231905475021324,-265.6122271224582,14.387772877541769,,-0.22452138042791242,-0.006566289433338359,-129.7149268490837,10.285073150916281,-4.102699726625487,-0.9265351917791694,True,0.9265351917791694,mf=0.8
3,2.295217346843968,0.00748795713036294,-275.0961635808767,4.903836419123274,,0.12724966495360424,-0.005635750165441567,-136.47294716447897,3.5270528355210238,-1.3767835836022502,-0.9748067654605641,True,0.9748067654605641,mf=0.8
4,2.346487081305805,0.008090466401423363,-278.3078213205811,1.6921786794188198,,0.030889129932157644,-0.011343865203447498,-138.7764813326519,1.2235186673480716,-0.46866001207074826,-0.9912605809475138,True,0.9912605809475138,mf=0.8
5,2.3197930508878435,-0.008700851428408306,-276.77554028254815,3.2244597174517886,,0.10560059875942089,0.002632413161013178,-137.68212930891528,2.3178706910846896,-0.906589026367099,-0.9834437807779665,True,0.9834437807779665,mf=0.8
6,2.3525478955265937,0.01786623189517264,-276.52916984184975,3.4708301581502052,,0.03286732422178179,-0.016781646134921595,-137.52835747497687,2.4716425250231184,-0.9991876331270868,-0.9823454105355491,True,0.9823454105355491,mf=0.8
7,2.392960088274964,0.0013798993946415052,-279.9645076504107,0.03549234958925931,,-0.00025712404444819075,-0.0019808909592443627,-139.96862476548708,0.03137523451288728,-0.0041171150763720235,-0.9997758911820508,True,0.9997758911820508,mf=0.8
8,2.372854626580432,-0.015471547415597982,-277.7855800824194,2.2144199175805652,,0.0671376430084544,0.008926562651999773,-138.44419094817545,1.555809051824522,-0.6586108657560432,-0.9888870782012534,True,0.9888870782012534,mf=0.8
9,2.367297142965957,0.0049595219327992395,-279.36624336273474,0.6337566372652232,,0.009899353280953076,-0.007492158717018427,-139.531322333716,0.46867766628397356,-0.16507897098124966,-0.9966523023836859,True,0.9966523023836859,mf=0.8
10,2.341389765706805,-0.00020847013143083788,-278.5978920717523,1.402107928247621,,0.057771942283603606,-0.006519627393671657,-138.97925458602165,1.0207454139783207,-0.3813625142693002,-0.9927089613287263,True,0.9927089613287263,mf=0.8
11,2.5052529163477475,-0.02501455912045523,-270.50344839392125,9.496551606078736,,-0.18350607400504362,-0.0016530717501426193,-133.25694900922943,6.7430509907705485,-2.753500615308187,-0.9518353500659247,True,0.9518353500659247,mf=0.8
12,2.4751010912847713,-0.002446352889788705,-277.6543236797433,2.3456763202566666,,-0.07386251433033801,0.008031366047330839,-138.37297783268897,1.6270221673109968,-0.7186541529456698,-0.9883784130906358,True,0.9883784130906358,mf=0.8
13,2.501494217464399,0.011416526066165694,-274.7758007380686,5.224199261931351,,-0.11654752621892706,-0.010912796989055765,-136.29719177380574,3.7028082261942314,-1.5213910357371192,-0.9735513698128984,True,0.9735513698128984,mf=0.8
14,2.4406094691326468,0.005436785388680134,-279.08992869106237,0.9100713089375589,,-0.05517650875429179,0.0015201294163656586,-139.3601912800884,0.6398087199115682,-0.2702625890259907,-0.9954299377149174,True,0.9954299377149174,mf=0.8
15,2.3824395456851297,0.024768499463118255,-274.97069630207125,5.029303697928691,,0.027558285841467644,-0.020613138794615214,-136.44874983699086,3.551250163009125,-1.4780535349195663,-0.9746339274070777,True,0.9746339274070777,mf=0.8
16,2.4095197073419232,-0.00805529761360867,-279.44431787416795,0.5556821258320053,,0.022551116053998146,0.005795301186132517,-139.62758756298282,0.37241243701714266,-0.18326968881486264,-0.9973399111641633,True,0.9973399111641633,mf=0.8
17,2.419581337023899,0.026749220953774307,-274.12444086152954,5.8755591384704395,,0.005786407880412448,-0.022715047292072715,-135.86927259280154,4.1307274071984335,-1.7448317312720063,-0.9704948042342969,True,0.9704948042342969,mf=0.8
18,2.3669733132458104,-0.027510318430701078,-273.50532943316114,6.4946705668388205,,-0.007864223268362497,0.023740560372822635,-135.48270559225617,4.517294407743816,-1.9773761590950036,-0.9677336113732584,True,0.9677336113732584,mf=0.8
19,2.3682009416286385,0.001862618092093856,-279.55891568706795,0.4410843129320184,,0.019308681528797167,-0.005632833334195553,-139.67017151573273,0.3298284842672579,-0.11125582866476044,-0.9976440822552338,True,0.9976440822552338,mf=0.8
20,2.437809726133321,0.013078975354036555,-278.0486076278747,1.9513923721252544,,-0.07391152915351287,-0.005944940285532922,-138.60457140653298,1.3954285934669903,-0.5559637786582641,-0.9900326529038073,True,0.9900326529038073,mf=0.8
21,2.4346032950536896,0.042698973066365525,-264.93878241334636,15.061217586653589,,0.2280984423131084,0.007186372354703265,-129.33948018091428,10.660519819085689,-4.400697767567901,-0.9238534298636737,True,0.9238534298636737,mf=0.8
0,2.3462187858197483,0.016018331853438254,-276.76849170623757,3.231508293762398,,0.03821994630272831,-0.01585003426120772,-137.69364245698318,2.306357543016788,-0.9251507507456094,-0.9835260175498801,True,0.9835260175498801,mf=0.8
1,2.4929997484318998,-0.01342028889419307,-275.0446124712263,4.955387528773657,,-0.11179735219446976,0.010787654781588591,-136.53657328980412,3.4634267101958462,-1.491960818577811,-0.9752612377843154,True,0.9752612377843154,mf=0.8
2,2.518745458695217,0.026571919676779226,-268.64749087557936,11.352509124420573,,0.0855481644203492,-0.028305373790047595,-132.10753811543293,7.892461884567049,-3.4600472398535245,-0.9436252722530925,True,0.9436252722530925,mf=0.8
3,2.3302087323406457,0.01589307178129645,-275.99567612560367,4.004323874396268,,0.07149628165562738,-0.015080987686422017,-137.1405575074612,2.8594424925387587,-1.1448813818575088,-0.9795754107675803,True,0.9795754107675803,mf=0.8
4,2.453354770789446,0.015066201336494377,-277.02365176592446,2.9763482340755196,,-0.08673861154371655,-0.008589337930359391,-137.8798690412747,2.1201309587252757,-0.8562172753502442,-0.9848562074376767,True,0.9848562074376767,mf=0.8
5,2.3220586443455598,0.0006782968713038095,-277.5221709840986,2.4778290159013947,,0.08398063363118817,-0.006685496096547502,-138.20758304539268,1.7924169546072917,-0.685412061294103,-0.9871970217528051,True,0.9871970217528051,mf=0.8
6,2.386778511758374,-0.0004793902818972348,-279.92666067008264,0.07333932991732285,,0.012123675095622663,-0.0018883987563440862,-139.94143727641526,0.05856272358472674,-0.014776606332596103,-0.9995816948315377,True,0.9995816948315377,mf=0.8
7,2.4487799625969258,-0.004784481478256022,-278.845315678823,1.1546843211769418,,-0.028746971943783527,0.008739461709640736,-139.2206223550729,0.7793776449270764,-0.37530667624986536,-0.9944330168219494,True,0.9944330168219494,mf=0.8
8,2.4903149355338265,0.0072164859303690265,-276.26673682352134,3.733263176478633,,-0.11316522716186143,-0.002516915959240237,-137.35425936616076,2.645740633839219,-1.0875225426394142,-0.9811018526154341,True,0.9811018526154341,mf=0.8
9,2.3181092546373647,-0.0064610319703806126,-276.93637255215873,3.0636274478412178,,0.10429427957824215,0.00026263428460467737,-137.79215083123333,2.207849168766646,-0.8557782790745717,-0.9842296487945239,True,0.9842296487945239,mf=0.8
10,2.420465044978819,0.01180479755448474,-278.7149486548755,1.285051345124415,,-0.05729721064564884,-0.00564582597361595,-139.07533529237625,0.9246647076237225,-0.3603866375006925,-0.993395252088402,True,0.993395252088402,mf=0.8
11,2.5194954641267886,0.007679818461591333,-273.747691410219,6.252308589780995,,-0.12734070836375636,-0.011994129265638769,-135.57238640086905,4.427613599130938,-1.8246949906500574,-0.9683741885776361,True,0.9683741885776361,mf=0.8
12,2.433514737058673,-0.013748831395384225,-278.03006309731376,1.9699369026862226,,0.00308307859946325,0.0129393596337282,-138.65990764203596,1.3400923579640058,-0.6298445447222166,-0.9904279117288285,True,0.9904279117288285,mf=0.8
13,2.473436359232661,-0.015310206988755638,-275.92905650911723,4.0709434908827475,,-0.07429000374988924,0.014552842335477227,-137.18298327542033,2.817016724579663,-1.2539267663030842,-0.9798784519672881,True,0.9798784519672881,mf=0.8
14,2.3505557521008806,-0.027037366327969846,-273.1590572067103,6.840942793289664,,0.0010554225953591488,0.024418779952520245,-135.23407392390632,4.765926076093644,-2.075016717196021,-0.9659576708850454,True,0.9659576708850454,mf=0.8
15,2.3515221769684063,0.0014437504456746564,-279.02359261695625,0.9764073830436836,,0.03938946917010417,-0.007058149571452923,-139.28484105470838,0.7151589452916111,-0.26124843775207257,-0.9948917218193456,True,0.9948917218193456,mf=0.8
16,2.3992491164095853,0.034429520849712195,-270.5256124213139,9.47438757868606,,0.1429241306516738,-0.01788892385271502,-133.32577052542095,6.674229474579016,-2.800158104107044,-0.9523269323244355,True,0.9523269323244355,mf=0.8
17,2.3776945056399987,-0.0003525225525133768,-279.7955452967744,0.20445470322558357,,0.019055771508606635,-0.0031997146850565004,-139.84391741264514,0.1560825873548323,-0.04837211587075129,-0.9988851243760369,True,0.9988851243760369,mf=0.8
18,2.452974871917968,-0.015713714630674273,-276.88081627532955,3.1191837246703837,,-0.03299508188370083,0.015484321120474027,-137.86119760321645,2.1388023967835372,-0.9803813278868464,-0.9847228400229747,True,0.9847228400229747,mf=0.8
19,2.6622877077828115,-0.02112963922721787,-249.65670186866805,30.343298131331913,,0.05997369410664901,0.05055916218253374,-118.83574780551257,21.164252194487403,-9.179045936844508,-0.8488267700393757,True,0.8488267700393757,mf=0.8
20,2.2768447990670238,-0.003025200230184549,-273.79038220214693,6.209617797853028,,0.13787277793580457,0.008762068048531036,-135.5517332106575,4.448266789342486,-1.7613510085105413,-0.9682266657904108,True,0.9682266657904108,mf=0.8
21,2.409016279166346,-0.0011789500998459661,-279.9556370396556,0.044362960344350576,,-0.0019072016690900853,0.001724845654417193,-139.97547778416737,0.024522215832619786,-0.01984074451173079,-0.9998248413154813,True,0.9998248413154813,mf=0.8
0,2.425855244752513,-0.045882843954760034,-262.90072342730394,17.099276572696017,,-0.15735959234192082,-0.030064387257473412,-127.80150954333419,12.198490456665784,-4.900786116030232,-0.9128679253095301,True,0.9128679253095301,mf=0.8
1,2.32338337940416,-0.03748100835312301,-266.3809129529171,13.61908704708287,,-0.21108113240645796,0.01022976351225891,-130.3404043636316,9.659595636368387,-3.9594914107144836,-0.9310028883116543,True,0.9310028883116543,mf=0.8
2,2.5361409149238674,-0.0164573956511843,-270.354851545561,9.64514845443893,,-0.17092920659330973,-0.011173225450763491,-133.15185808493848,6.848141915061496,-2.797006539377435,-0.9510847006067036,True,0.9510847006067036,mf=0.8
3,2.5131696792676625,0.010758888591372844,-273.88422330730515,6.115776692694798,,-0.11803209639165903,-0.013732644187528764,-135.6719322417226,4.328067758277387,-1.78770893441741,-0.9690852302980186,True,0.9690852302980186,mf=0.8
4,2.5672346575935587,0.009133380945792314,-268.1227513452559,11.877248654744044,,-0.003937355313176254,-0.032154691890629514,-131.73326644216206,8.266733557837902,-3.6105150969061413,-0.9409519031583007,True,0.9409519031583007,mf=0.8
5,2.444139477613869,-0.006881957495181319,-278.8255786172135,1.1744213827864332,,-0.017644374555188032,0.009530561178171294,-139.2103702976522,0.7896297023477988,-0.3847916804386342,-0.9943597878403728,True,0.9943597878403728,mf=0.8
6,2.458068784238492,-0.014904401114010844,-276.84850883114115,3.1514911688588025,,-0.040669711633627266,0.015110649935677286,-137.83716330395438,2.1628366960455856,-0.9886544728132173,-0.9845511664568173,True,0.9845511664568173,mf=0.8
7,2.318334753290989,0.0034413191216393652,-277.1903052477118,2.8096947522881206,,0.08542595194874006,-0.00824917895182177,-137.97137561335435,2.0286243866456246,-0.7810703656424959,-0.9855098258096741,True,0.9855098258096741,mf=0.8
8,2.4056984266117847,-0.012786857575971,-278.67992498259486,1.3200750174050728,,0.03593713039653638,0.008956560357506757,-139.09493320048244,0.9050667995175247,-0.4150082178875482,-0.9935352371463034,True,0.9935352371463034,mf=0.8
9,2.3946832949238153,-0.014595329218604557,-278.28586080618635,1.7141391938136288,,0.04785813081161591,0.009491355942804832,-138.8122913596802,1.1877086403197767,-0.5264305534938519,-0.9915163668548588,True,0.9915163668548588,mf=0.8
10,2.3634767772937963,-0.016553668150017107,-277.2647148134076,2.7352851865923866,,0.07379946165415051,0.010109992369558072,-138.0734799005768,1.9265200994231582,-0.8087650871692285,-0.9862391421469774,True,0.9862391421469774,mf=0.8
11,2.2987450158631195,0.006845713409453627,-275.4625015322022,4.537498467797758,,0.12037201959324126,-0.0064475683916723455,-136.73517414864563,3.2648258513543422,-1.2726726164434161,-0.976679815347469,True,0.976679815347469,mf=0.8
12,2.3580344690194486,0.005459145099230558,-279.04228715213367,0.9577128478662862,,0.019420016521416082,-0.008833734469050687,-139.299192336819,0.7008076631809709,-0.2569051846853153,-0.9949942309772788,True,0.9949942309772788,mf=0.8
13,2.3554648388534343,-0.024325178191951995,-274.46056545318964,5.539434546810326,,0.03517650306902933,0.02125753611882595,-136.1354888319306,3.864511168069381,-1.6749233787409445,-0.9723963487995044,True,0.9723963487995044,mf=0.8
14,2.3662950166448486,0.00035056869874701565,-279.53466910766565,0.46533089233431396,,0.026814801473846916,-0.00499797580729808,-139.65335447207025,0.3466455279297296,-0.11868536440458441,-0.9975239605147876,True,0.9975239605147876,mf=0.8
15,2.303099723203228,-0.035648127915181356,-266.02834582963004,13.971654170369941,,-0.21047544966986848,0.011864644164135008,-130.1006479620496,9.899352037950367,-4.072302132419575,-0.9292903425860688,True,0.9292903425860688,mf=0.8
16,2.3105982331667834,0.010676245775698118,-275.8383179290009,4.161682070999094,,0.10083052502113606,-0.010748212535846104,-137.01249625989857,2.987503740101409,-1.1741783308976845,-0.9786606875707042,True,0.9786606875707042,mf=0.8
17,2.4131262895000565,-0.02166082525697741,-276.17954620789425,3.8204537921056803,,0.006692507531063884,0.018126827821348168,-137.3646724833088,2.635327516691189,-1.1851262754144911,-0.9811762320236344,True,0.9811762320236344,mf=0.8
18,2.4697118628589405,0.005263260733848919,-277.7975747858008,2.20242521419916,,-0.08628230893462091,0.002155099797571798,-138.44837668695075,1.5516233130492294,-0.6508019011499304,-0.9889169763353627,True,0.9889169763353627,mf=0.8
19,2.3138805325328433,-0.0047802006121015865,-276.79972561060026,3.2002743893996937,,0.10652714583891774,-0.0008751198814338612,-137.69184577600925,2.308154223990727,-0.8921201654089668,-0.983513184114352,True,0.983513184114352,mf=0.8
20,2.356266643688957,-0.0013328915711783248,-279.2044692673013,0.795530732698656,,0.043581973622546254,-0.004951817778943586,-139.4160521798701,0.583947820129879,-0.21158291256877712,-0.9958289441419295,True,0.9958289441419295,mf=0.8
21,2.364121215336125,-0.0232620090194036,-275.14901171185636,4.8509882881436015,,0.042184257935353374,0.01943728799753139,-136.61688095487088,3.3831190451291095,-1.467869243014492,-0.9758348639633635,True,0.9758348639633635,mf=0.8
0,2.3272873115015353,-0.016929489667312368,-275.5547408637611,4.445259136238848,,0.09275623334184915,0.013233804627605735,-136.85143512481878,3.1485648751811923,-1.296694261057656,-0.977510250891563,True,0.977510250891563,mf=0.8
1,2.331021434528164,-0.00285843010877337,-277.99499064406103,2.0050093559389137,,0.07974317843840834,-0.004448843235652269,-138.54714692973533,1.4528530702646547,-0.552156285674259,-0.9896224780695382,True,0.9896224780695382,mf=0.8
2,2.370967720774775,-0.0030564004168699096,-279.5807413286032,0.41925867139673373,,0.03576485973519914,-0.002437283853938628,-139.69112937854695,0.3088706214530419,-0.11038804994369182,-0.9977937812753355,True,0.9977937812753355,mf=0.8
3,2.4032335361882113,-0.05935257800229531,-251.84057622373538,28.159423776264582,,0.31602535762065126,-0.009166205489669389,-120.32075489462392,19.67924510537607,-8.480178670888515,-0.859433963533028,True,0.859433963533028,mf=0.8
4,2.371047886835683,0.0151493259816335,-277.8230241621184,2.1769758378816007,,-0.006477211986099545,-0.013930249656658997,-138.4404737081298,1.559526291870187,-0.6174495460114136,-0.9888605264866415,True,0.9888605264866415,mf=0.8
5,2.3084585620854847,0.017761892883782212,-274.0713243164311,5.928675683568832,,0.1284850480021922,-0.010635035331477333,-135.75972871734248,4.240271282657488,-1.688404400911343,-0.9697123479810179,True,0.9697123479810179,mf=0.8
6,2.384980084544038,0.0028725813040987396,-279.8417746360655,0.1582253639344324,,0.00024642798819465866,-0.003937441690982494,-139.87607742742355,0.1239225725764382,-0.03430279135799421,-0.9991148387673111,True,0.9991148387673111,mf=0.8
7,2.3083737413573755,0.005566751666876805,-276.3388600767667,3.661139923233274,,0.10206511042090491,-0.008085690438709178,-137.36281000842118,2.6371899915787904,-1.023949931654484,-0.9811629286315801,True,0.9811629286315801,mf=0.8
8,2.342429907664419,-0.02973635925389982,-271.5801210144571,8.41987898554282,,-0.046941883814465485,0.026042900509309002,-134.12927992136738,5.870720078632604,-2.5491589069102165,-0.9580662851526243,True,0.9580662851526243,mf=0.8
9,2.3585940004138695,0.011657654626362854,-278.2133367203938,1.7866632796061763,,0.009741344942259901,-0.012592807951301683,-138.71316200846306,1.2868379915369228,-0.4998252880692534,-0.9908083000604505,True,0.9908083000604505,mf=0.8
10,2.4869585439135813,0.02577227143226777,-271.61494259257944,8.38505740742051,,0.0031163891454355527,-0.027062852419893167,-134.1443769443258,5.855623055674154,-2.5294343517463553,-0.9581741210308989,True,0.9581741210308989,mf=0.8
11,2.436399187853247,0.016171321336441103,-277.36841139194104,2.6315886080589004,,-0.07361766233017286,-0.009839295055984585,-138.12207924759306,1.8779207524069168,-0.7536678556519835,-0.9865862803399505,True,0.9865862803399505,mf=0.8
12,2.348380210802921,0.005202193916124776,-278.6957656119131,1.3042343880868397,,0.03305150303835682,-0.009528112487064967,-139.05114239392032,0.948857606079657,-0.35537678200718276,-0.9932224456708596,True,0.9932224456708596,mf=0.8
13,2.4353328173902877,0.013516368802775314,-278.0296031914674,1.9703968085325807,,-0.07238869766677615,-0.006540472485774469,-138.59035952137756,1.4096404786224193,-0.5607563299101614,-0.9899311394384113,True,0.9899311394384113,mf=0.8
14,2.410156564199089,0.013875916214647056,-278.4189333502159,1.5810666497840409,,-0.05126764896466996,-0.008669290625064649,-138.8627302377979,1.1372697622020778,-0.44379688758196323,-0.9918766445556995,True,0.9918766445556995,mf=0.8
15,2.2591499010503466,0.011586292444563669,-270.9277824832682,9.0722175167318,,0.1611492783526233,0.012620702533904038,-133.51463998496033,6.48536001503966,-2.5868575016921405,-0.9536759998925739,True,0.9536759998925739,mf=0.8
16,2.513443151756341,0.03637504238557593,-264.20936702185173,15.79063297814824,,0.23669979861562146,-0.003372773972978977,-128.90564388340474,11.094356116595254,-4.696276861552986,-0.9207545991671767,True,0.9207545991671767,mf=0.8
17,2.5173447891293512,-0.010308990302184804,-273.5738335610668,6.42616643893314,,-0.14977697289434763,0.0018604205661240593,-135.45815816286537,4.541841837134615,-1.8843246017985251,-0.9675582725918956,True,0.9675582725918956,mf=0.8
18,2.5434593679393034,0.0029415153192458134,-271.63690077470346,8.363099225296468,,-0.1268317581016954,-0.01822575663622063,-134.09310316153955,5.90689683846043,-2.4562023868360368,-0.9578078797252826,True,0.9578078797252826,mf=0.8
19,2.467658131490996,0.011909353303319678,-277.00001226555446,2.9999877344454955,,-0.09706427600605969,-0.005242118028752071,-137.86646842346335,2.1335315765366434,-0.8664561579088519,-0.984760488739024,True,0.984760488739024,mf=0.8
20,2.4248153384243967,-0.0187591256522838,-276.93562375008105,3.064376249918915,,0.004780343670725715,0.016207370577730258,-137.89588458539416,2.104115414605816,-0.9602608353130989,-0.984970604181387,True,0.984970604181387,mf=0.8
21,2.333302340795381,0.0062032994900724355,-277.87848740635343,2.1215125936465036,,0.05522979758682675,-0.010669835480840622,-138.46756122104048,1.5324387789595024,-0.5890738146870014,-0.9890540087217179,True,0.9890540087217179,mf=0.8
0,2.3366148954715533,-0.01618737164310587,-276.26697153885186,3.733028461148095,,0.09148527525176998,0.010877275456165361,-137.3528589057779,2.6471410942220714,-1.0858873669260236,-0.9810918493269852,True,0.9810918493269852,mf=0.8
1,2.3784500062073466,-0.004754596047910337,-279.629405001286,0.3705949987139436,,0.036102881547359425,-0.0004944312777725858,-139.731693770353,0.2683062296469828,-0.10228876906696077,-0.998083526931093,True,0.998083526931093,mf=0.8
2,2.385387311114147,0.002468924579682743,-279.863942335149,0.13605766485095733,,0.0014558696803160691,-0.0036607339946101566,-139.8924601723376,0.1075398276623949,-0.02851783718856242,-0.99923185837384,True,0.99923185837384,mf=0.8
3,2.4130267849497984,0.024983539975687717,-274.9418970646683,5.058102935331667,,-0.008784050931124224,-0.021073896145206075,-136.43470933640793,3.565290663592039,-1.4928122717396284,-0.9745336381171997,True,0.9745336381171997,mf=0.8
4,2.3457608710727373,0.00675961888927118,-278.4339013313738,1.566098668626121,,0.03389746445541506,-0.010611558807753187,-138.86518000242444,1.134819997575532,-0.4312786710505889,-0.9918941428744605,True,0.9918941428744605,mf=0.8
5,2.4153058005967356,0.014752089317939856,-278.16483566087993,1.8351643391200512,,-0.05636725369649164,-0.009144628469515657,-138.68325532392527,1.3167446760747155,-0.5184196630453358,-0.9905946808851807,True,0.9905946808851807,mf=0.8
6,2.3852533888678997,-0.007180317088278502,-279.4989877764038,0.5010122235961578,,0.03968863866537004,0.0019733123626640915,-139.64705332597066,0.3529466740293186,-0.1480655495668392,-0.997478952328362,True,0.997478952328362,mf=0.8
7,2.3989613535498497,0.02576696180850111,-274.6930968614375,5.306903138562459,,0.014859557153023818,-0.02150079452144673,-136.26007078165003,3.7399292183499506,-1.5669739202125093,-0.9732862198689289,True,0.9732862198689289,mf=0.8
8,2.509723850989075,0.004934030205577501,-274.92335252822517,5.0766474717747965,,-0.12962639066595869,-0.005038303612576887,-136.40201144089323,3.5979885591067555,-1.478658912668041,-0.9743000817206661,True,0.9743000817206661,mf=0.8
9,2.3532100468048953,-0.004310825603975396,-278.95729051302357,1.0427094869763958,,0.057870385636863975,-0.003075427637145542,-139.241065346126,0.7589346538739878,-0.28377483310240786,-0.9945790381866144,True,0.9945790381866144,mf=0.8
10,2.310404429142337,-0.014796927060175347,-274.98535204803085,5.014647951969084,,0.10375959137354855,0.013131757691787885,-136.4368610768119,3.563138923188082,-1.4515090287810024,-0.9745490076915136,True,0.9745490076915136,mf=0.8
11,2.3846101965557263,-0.0033361437476989307,-279.81417144078335,0.18582855921657387,,0.0254856752604722,-0.0005932521507967994,-139.86439488603762,0.1356051139623523,-0.050223445254221566,-0.9990313920431261,True,0.9990313920431261,mf=0.8
12,2.552401552486535,0.026696347178571483,-264.96168028606627,15.038319713933664,,0.1978266711947661,-0.018364423169192262,-129.52418804596758,10.47581195403241,-4.562507759901253,-0.9251727717569114,True,0.9251727717569114,mf=0.8
13,2.4212665899176655,-0.0016267367561868995,-279.7938938145869,0.20610618541301895,,-0.0099994643898978,0.003716533464539029,-139.86915295622097,0.13084704377899756,-0.07525914163402138,-0.9990653782587214,True,0.9990653782587214,mf=0.8
14,2.211504439541415,-0.009229524629195565,-265.15487736849957,14.845122631500399,,-0.1257038701952477,0.029987373019587836,-129.6178026316177,10.382197368382272,-4.462925263118127,-0.925841447368698,True,0.925841447368698,mf=0.8
15,2.4478013492306006,-0.0016692003184571214,-279.0445373669971,0.9554626330028863,,-0.03676171115670538,0.006820023484085965,-139.3520979764901,0.647902023509854,-0.30756060949303227,-0.9953721284035011,True,0.9953721284035011,mf=0.8
16,2.46048949759006,0.026397563655007856,-272.93777777867956,7.062222221320422,,-0.008679411213949263,-0.02484092943867259,-135.05269170256605,4.947308297433917,-2.114913923886505,-0.9646620835897577,True,0.9646620835897577,mf=0.8
17,2.3858164232543757,-0.010541666128238094,-279.0295422595959,0.9704577404040045,,0.04956710042791987,0.0047098975044159675,-139.3210607011592,0.6789392988407607,-0.2915184415632438,-0.9951504335797089,True,0.9951504335797089,mf=0.8
18,2.3982908123024878,-0.016736763260467153,-277.75997263232915,2.240027367670813,,0.043215217696867425,0.012087640760677709,-138.45074207287695,1.5492579271230253,-0.6907694405477874,-0.9889338719491212,True,0.9889338719491212,mf=0.8
19,2.4210071067598173,0.007284138126235739,-279.39546096019745,0.6045390398025268,,-0.044838866641864025,-0.0017188367407030944,-139.56575038315336,0.434249616846618,-0.17028942295590882,-0.9968982170225241,True,0.9968982170225241,mf=0.8
20,2.2687769751772437,-0.04981403989951046,-253.2108816960768,26.789118303923146,,0.17683391244993896,-0.039643671467130784,-121.18671520472643,18.813284795273553,-7.975833508649592,-0.8656193943194745,True,0.8656193943194745,mf=0.8
21,2.494630958597312,-0.013044532019541269,-275.000484268136,4.999515731863933,,-0.1142666855963691,0.010322045341815113,-136.50305972972535,3.496940270274622,-1.5025754615893108,-0.9750218552123241,True,0.9750218552123241,mf=0.8
0,2.4823490764223055,0.004270144024906271,-277.0937882693132,2.906211730686723,,0.02936906525789516,0.014919180196253705,-138.0447138726041,1.9552861273958975,-0.9509256032908255,-0.9860336705186007,True,0.9860336705186007,mf=0.9
1,2.417382685484427,-0.015659347054598177,-277.916554385234,2.0834456147659552,,0.07713055677790652,-0.005865224919768618,-138.51347056670107,1.4865294332989063,-0.5969161814670492,-0.9893819326192935,True,0.9893819326192935,mf=0.9
2,2.4490362460641544,-0.01468895016560985,-277.29356507463723,2.706434925362699,,0.09672239074940223,0.0009148424406244957,-138.09277653132196,1.9072234686780194,-0.79921145668468,-0.9863769752237285,True,0.9863769752237285,mf=0.9
3,2.480229946674262,0.010010659628497271,-276.57816271960934,3.4218372803906445,,-0.00916423096163978,0.017017996688005386,-137.6681186989216,2.3318813010783623,-1.0899559793122822,-0.9833437049922974,True,0.9833437049922974,mf=0.9
4,2.326182604700722,0.02372585625969833,-273.28066176597684,6.719338234023136,,-0.10766999441308191,-0.017339078625021712,-135.2458554458015,4.75414455419847,-1.965193679824665,-0.966041824612868,True,0.966041824612868,mf=0.9
5,2.4689021169726875,-0.0035812594697410835,-277.9620697860153,2.037930213984646,,0.06636865926355084,0.007788573774639027,-138.61708303792616,1.3829169620738009,-0.6550132519108449,-0.9901220216994728,True,0.9901220216994728,mf=0.9
6,2.4455566405120535,-0.014913274798994111,-277.37470087867837,2.6252991213216084,,0.09552393220459526,5.116978419202403e-05,-138.14593956340545,1.854060436594532,-0.7712386847270762,-0.9867567111671819,True,0.9867567111671819,mf=0.9
7,2.3699619387635376,0.008200004608288231,-279.093718223518,0.9062817764819425,,-0.056732115427270816,0.001746454870398698,-139.31883676177594,0.6811632382240432,-0.2251185382578993,-0.9951345482983996,True,0.9951345482983996,mf=0.9
8,2.538708040825949,0.008965169767993575,-271.59639703804567,8.403602961954299,,-0.12341289048817078,0.018916533507036072,-134.05908127128214,5.940918728717852,-2.4626842332364474,-0.957564866223444,True,0.957564866223444,mf=0.9
9,2.3932245560664676,0.01676419182572515,-277.73504439419236,2.264955605807594,,-0.07776172354353846,0.007272053582256773,-138.34593303655956,1.6540669634404195,-0.6108886423671746,-0.9881852359754256,True,0.9881852359754256,mf=0.9
10,2.4258804540018826,-0.011151235563461884,-278.73226942682703,1.2677305731729296,,0.06186697392632111,-0.00378989527056624,-139.10449132016896,0.8955086798310271,-0.3722218933419025,-0.9936035094297784,True,0.9936035094297784,mf=0.9
11,2.4144118983295426,0.0016424059672418194,-279.8934847001954,0.10651529980451513,,0.009249023496185272,0.0024351421555745298,-139.93510908543286,0.06489091456713214,-0.04162438523738298,-0.9995364934673776,True,0.9995364934673776,mf=0.9
12,2.31148017178169,0.01295382685047934,-275.47162469834666,4.528375301653271,,-0.09083319682790043,-0.013907443765531298,-136.7766366939993,3.223363306000683,-1.3050119956525876,-0.9769759763857094,True,0.9769759763857094,mf=0.9
13,2.559334856181292,0.004594629131629981,-269.6357787709096,10.364221229090337,,-0.16350734110644113,0.015936587475006342,-132.6071392861336,7.392860713866396,-2.9713605152239406,-0.9471938520438115,True,0.9471938520438115,mf=0.9
14,2.327960785758503,0.02096706671423495,-274.3713941877115,5.628605812288463,,-0.11341511100699872,-0.013291872081769936,-135.98147168181748,4.018528318182489,-1.6100774941059732,-0.9712962262986965,True,0.9712962262986965,mf=0.9
15,2.4053759225002227,-0.02598993715479645,-274.5894788851958,5.4105211148042045,,0.13863868603487176,-0.000475609190207613,-136.12140875438413,3.8785912456158425,-1.5319298691883623,-0.9722957768170297,True,0.9722957768170297,mf=0.9
16,2.3907589496378012,-0.007677860642098119,-279.49391746136973,0.5060825386302066,,0.012848264972293345,-0.006378383220316381,-139.64107637339802,0.3589236266019509,-0.14715891202825573,-0.9974362598099861,True,0.9974362598099861,mf=0.9
17,2.392799346850517,0.004237469925388307,-279.83527664643833,0.164723353561607,,-0.020305422411661445,0.0022741921606433306,-139.87435348129426,0.1256465187057216,-0.039076834855885395,-0.9991025248663877,True,0.9991025248663877,mf=0.9
18,2.3377200981382766,-0.011063549529530052,-277.4394344038212,2.5605655961787295,,0.007606512578017171,-0.014981661624315683,-138.19426433062458,1.8057356693753874,-0.7548299268033419,-0.98710188807589,True,0.98710188807589,mf=0.9
19,2.4598374397700074,-0.028981885139757926,-271.8258431444923,8.174156855507656,,0.10773957148917788,0.020241040526849805,-134.3712187647111,5.628781235288886,-2.545375620218769,-0.9597944197479366,True,0.9597944197479366,mf=0.9
20,2.34994517962367,0.00859589375167646,-278.3863553920254,1.613644607974579,,-0.07571514403169381,-0.0019022764878492934,-138.80337001066857,1.1966299893314092,-0.41701461864317,-0.9914526429333471,True,0.9914526429333471,mf=0.9
21,2.350473450060729,0.016936697415793983,-276.70571236770263,3.294287632297318,,-0.10815839324895028,-0.0023049799119135767,-137.5850670073234,2.414932992676569,-0.8793546396207487,-0.9827504786237388,True,0.9827504786237388,mf=0.9
0,2.43229836214103,-0.020161888274407413,-276.3246363296118,3.6753636703881747,,0.11353102230133567,-0.0009520582965769659,-137.38099960763356,2.619000392366417,-1.0563632780217576,-0.9812928543402398,True,0.9812928543402398,mf=0.9
1,2.4434481662145324,-0.0008937687917941944,-279.2224271516217,0.7775728483783038,,0.04319479170057537,0.004143578219332837,-139.48166003791064,0.5183399620893392,-0.2592328862889645,-0.9962975716993618,True,0.9962975716993618,mf=0.9
2,2.3841456179337928,0.010913149203971372,-278.94531748939846,1.0546825106014739,,-0.053460831346750816,0.004951838177972334,-139.22064043395082,0.7793595660491525,-0.2753229445523214,-0.9944331459567918,True,0.9944331459567918,mf=0.9
3,2.345828582599648,-0.02283498105880892,-274.6345434851283,5.36545651487166,,0.11841576200161029,-0.011362813423372996,-136.12907718606564,3.8709228139343277,-1.4945337009373318,-0.9723505513290405,True,0.9723505513290405,mf=0.9
4,2.3597160175479046,-0.008681861541537337,-278.7344924886332,1.2655075113668026,,-0.005097750538977841,-0.010561354513039635,-139.10319177193114,0.8968082280688295,-0.36869928329797313,-0.9935942269423655,True,0.9935942269423655,mf=0.9
5,2.4688914748175734,0.0022696285560763296,-278.0240010539417,1.9759989460582852,,0.04309876299410946,0.01087277393368731,-138.6757319894768,1.3242680105231996,-0.6517309355350854,-0.9905409427819771,True,0.9905409427819771,mf=0.9
6,2.4136356310385323,0.02785631040851457,-273.7220335958611,6.277966404138852,,-0.1506479788450979,-5.2898067205712574e-05,-135.434011247732,4.565988752267988,-1.7119776518708636,-0.9673857946266572,True,0.9673857946266572,mf=0.9
7,2.301031302243155,0.025890864687184392,-270.66398410876235,9.336015891237617,,-0.03093749671091781,-0.02804779299389766,-133.51689096365894,6.483109036341044,-2.852906854896574,-0.9536920783118497,True,0.9536920783118497,mf=0.9
8,2.435817158824929,0.004857433288951509,-279.28710722917964,0.7128927708202948,,0.01789648482775365,0.0071184476601817495,-139.52950860868867,0.47049139131131507,-0.24240137950897972,-0.9966393472049192,True,0.9966393472049192,mf=0.9
9,2.280753178106429,0.045135248859360884,-257.960769710251,22.039230289748968,,0.2475205534074695,0.021505838680537775,-124.31632720066918,15.683672799330793,-6.355557490418176,-0.8879737657190657,True,0.8879737657190657,mf=0.9
10,2.4920665949672696,-0.023427820949977942,-272.16710557160945,7.832894428390477,,0.07440015971197321,0.022957232789406562,-134.66005317977348,5.3399468202264995,-2.4929476081639774,-0.9618575227126679,True,0.9618575227126679,mf=0.9
11,2.3009072518503335,0.02094197499591724,-272.506484977833,7.493515022166987,,-0.06579930154360675,-0.023332273255932744,-134.76617634546977,5.233823654530211,-2.2596913676367762,-0.9626155453247842,True,0.9626155453247842,mf=0.9
12,2.4062188965467133,0.036949776107317055,-269.0722323482583,10.927767651741664,,-0.1155531178905496,-0.02483483615779978,-132.36581110595628,7.634188894043695,-3.293578757697969,-0.9454700793282593,True,0.9454700793282593,mf=0.9
13,2.425948348952974,0.014201988980418334,-278.1126456358962,1.8873543641037793,,-0.03809396369761775,0.011351667576187155,-138.67358384680517,1.326416153194813,-0.5609382109089662,-0.9905255989057513,True,0.9905255989057513,mf=0.9
14,2.4526552214417467,-0.015622142560719577,-276.9175070007519,3.082492999248045,,0.10247520194617774,0.0021786958400446966,-137.83050717534593,2.169492824654039,-0.9130001745940062,-0.9845036226810425,True,0.9845036226810425,mf=0.9
15,2.533560232033552,-0.01610284638294742,-270.7243822658645,9.275617734135428,,-0.030060612293955118,0.027763537684024377,-133.65461397550683,6.345386024493155,-2.930231709642274,-0.9546758141107632,True,0.9546758141107632,mf=0.9
16,2.52020811341087,-0.005737515218266417,-273.8875473908815,6.112452609118462,,0.02099114287681636,0.022511793975712773,-135.85949275000195,4.140507249998026,-1.9719453591204361,-0.9704249482142998,True,0.9704249482142998,mf=0.9
17,2.362230169736951,0.018515385587439016,-276.67706025994465,3.3229397400553036,,-0.10971993482250929,0.0001540541199170414,-137.55894571959863,2.441054280401349,-0.8818854596539542,-0.9825638979971332,True,0.9825638979971332,mf=0.9
18,2.3824278674532007,0.006023484372237184,-279.58372638373964,0.4162736162602989,,-0.03661013337282233,0.0023081054369123344,-139.68353936329495,0.3164606367050254,-0.0998129795552735,-0.9977395668806784,True,0.9977395668806784,mf=0.9
19,2.36871192699601,0.018874451778648983,-276.7525514230786,3.2474485769213226,,-0.10801817469032957,0.0016125235531368523,-137.61284325346367,2.3871567465363084,-0.8602918303850141,-0.9829488803818835,True,0.9829488803818835,mf=0.9
20,2.3687499869215043,-0.0031197571953354877,-279.522995570806,0.4770044291939196,,-0.022785575129285484,-0.0055237299261254955,-139.6499830822756,0.35001691772437715,-0.12698751146954243,-0.9974998791591116,True,0.9974998791591116,mf=0.9
21,2.4605020093534784,-0.015257608047904799,-276.64594122702374,3.354058772976189,,0.10393155994328244,0.004411219624920631,-137.6523846087137,2.347615391286274,-1.0064433816899152,-0.9832313186336694,True,0.9832313186336694,mf=0.9
0,2.5498674842491953,0.004931077051802738,-270.7665655351236,9.233434464876314,,-0.13198816590800866,0.019407159378182284,-133.4713832889821,6.528616711017858,-2.7048177538584564,-0.9533670234927296,True,0.9533670234927296,mf=0.9
1,2.3774615431335273,0.0005191137733659353,-279.79011415761903,0.20988584238093277,,-0.025770317214387092,-0.0018943466181227731,-139.83554524155295,0.16445475844703758,-0.045431083933895194,-0.9988253231539498,True,0.9988253231539498,mf=0.9
2,2.3840206763778133,-0.006465047954463183,-279.56150536908365,0.4384946309163216,,0.002053455076955647,-0.006251777380759188,-139.6867557771454,0.3132442228545733,-0.1252504080617483,-0.9977625412653245,True,0.9977625412653245,mf=0.9
3,2.335949024040803,-0.018012468283746592,-275.7335919512554,4.266408048744538,,0.07301414983690005,-0.015663030159236223,-136.95301318373393,3.0469868162660494,-1.2194212324784892,-0.9782358084552425,True,0.9782358084552425,mf=0.9
4,2.443347560822911,0.03828162454865635,-267.5196116131525,12.480388386847427,,-0.1089146202070959,-0.028004303288729788,-131.32653793240868,8.673462067591306,-3.80692631925612,-0.938046699517205,True,0.938046699517205,mf=0.9
5,2.4385972190970047,-0.001573885129225423,-279.3714282813416,0.6285717186583755,,0.0412875595492806,0.002970291297711143,-139.5812414712854,0.4187585287145799,-0.20981318994379558,-0.9970088676520387,True,0.9970088676520387,mf=0.9
6,2.3596802831097907,-0.027236675406969307,-273.4066707099703,6.5933292900296925,,0.1520403161118069,-0.0037333623261378394,-135.23926855532267,4.760731444677297,-1.8325978453523961,-0.9659947753951622,True,0.9659947753951622,mf=0.9
7,2.4059040149370765,0.009078590234932628,-279.3269984978768,0.6730015021231768,,-0.024178739123533806,0.006689470368556256,-139.5228192390809,0.47718076091910333,-0.1958207412040734,-0.996591565993435,True,0.996591565993435,mf=0.9
8,2.4107745680130956,0.0038811298912228794,-279.83212124756454,0.16787875243538966,,-0.0008043594986738188,0.003722300847777954,-139.88912841626365,0.11087158373633037,-0.05700716869905929,-0.999208060116169,True,0.999208060116169,mf=0.9
9,2.5029577483198002,0.009790573078684854,-274.93084044662004,5.069159553379942,,-0.03740842616359065,0.020017952346460567,-136.5113435691515,3.488656430848472,-1.5805031225314696,-0.9750810254939395,True,0.9750810254939395,mf=0.9
10,2.348879946316404,0.013026801654830097,-277.57669088494714,2.423309115052824,,-0.09314220888910603,-0.001681714282443182,-138.21408104968725,1.785918950312728,-0.637390164740096,-0.9872434360691948,True,0.9872434360691948,mf=0.9
11,2.409280894348886,-0.055407709896147544,-255.4279036452844,24.572096354715544,,-0.2628854676813132,-0.02278817824014337,-122.4039731489725,17.596026851027485,-6.97606950368806,-0.8743140939212323,True,0.8743140939212323,mf=0.9
12,2.4083126522583878,0.00910111929352585,-279.3097177873722,0.6902822126277403,,-0.02205200724942214,0.006959144974077181,-139.51349673878116,0.4865032612188294,-0.20377895140891086,-0.9965249767055798,True,0.9965249767055798,mf=0.9
13,2.389754715628347,0.007476459554175441,-279.51030686053934,0.489693139460601,,-0.033928139043136,0.004006084563812746,-139.63647556122217,0.36352443877779483,-0.1261687006828062,-0.9974033968658729,True,0.9974033968658729,mf=0.9
14,2.3169392914707165,0.021147109188633346,-273.6176333112065,6.3823666887935,,-0.09933946260000694,-0.017705491345032815,-135.49047518114315,4.509524818856837,-1.8728418699366622,-0.9677891084367368,True,0.9677891084367368,mf=0.9
15,2.338984742668099,-0.0058737542640359824,-278.20541130520155,1.7945886947984244,,-0.02599247437552605,-0.011912063562665382,-138.7277732919093,1.2722267080906904,-0.5223619867077341,-0.9909126663707808,True,0.9909126663707808,mf=0.9
16,2.2112793892962563,0.003588475014470826,-265.69981582288517,14.300184177114776,,0.2292442507320427,-0.0002323724910411427,-129.65250642948874,10.347493570511245,-3.952690606603529,-0.9260893316392054,True,0.9260893316392054,mf=0.9
17,2.368668755684913,-0.008644130393332143,-279.00150631171215,0.9984936882877907,,-0.0004056756625521802,-0.009415272002867707,-139.29145898989165,0.7085410101083355,-0.28995267817945525,-0.9949389927849405,True,0.9949389927849405,mf=0.9
18,2.576288224405169,0.02379906198607779,-263.0440003475856,16.955999652414366,,-0.11224575516775333,-0.03382326339265886,-128.30306408678143,11.696935913218558,-5.259063739195811,-0.9164504577627246,True,0.9164504577627246,mf=0.9
19,2.3951360362981227,0.04116120102401896,-266.44919859978575,13.550801400214235,,-0.01135663496238931,-0.03414162380701772,-130.65724681557003,9.342753184429945,-4.20804821578429,-0.9332660486826433,True,0.9332660486826433,mf=0.9
20,2.4483745784825355,-0.018554579948732195,-276.2927568953107,3.7072431046893097,,0.11269585146636124,0.0023785161772037398,-137.38095858766272,2.6190414123372547,-1.088201692352055,-0.9812925613404482,True,0.9812925613404482,mf=0.9
21,2.3863955161348933,-0.015179398715623219,-278.0827275205038,1.917272479496188,,0.050108949200968485,-0.010331362252721903,-138.63426257432224,1.3657374256777357,-0.5515350538184521,-0.9902447326737305,True,0.9902447326737305,mf=0.9
0,2.360685331675886,0.03160276642556927,-271.3860957684365,8.613904231563428,,-0.11965367622484811,-0.019920257809882286,-133.9304337824119,6.069566217588054,-2.5443380139753735,-0.9566459555886567,True,0.9566459555886567,mf=0.9
1,2.434892232659933,-0.0036656746861363845,-279.39499609287844,0.6050039071214999,,0.04418848168412809,0.0011159595919597687,-139.59121897585072,0.40878102414925155,-0.1962228829722483,-0.9970801355417911,True,0.9970801355417911,mf=0.9
2,2.3831454758001884,0.004744919971923094,-279.7038689638162,0.29613103618375386,,-0.031893755696206776,0.0015996268410122954,-139.77163913484543,0.2283608651545404,-0.06777017102921346,-0.9983688509631818,True,0.9983688509631818,mf=0.9
3,2.2807709537122802,0.01596781843479349,-272.2067251377625,7.793274862237486,,-0.022729545936010054,-0.02580172841610436,-134.57357476096496,5.426425239035012,-2.366849623202474,-0.9612398197211784,True,0.9612398197211784,mf=0.9
4,2.393130152407914,-0.03392759093429711,-270.7807608941133,9.219239105886645,,0.1485619913159924,0.01591230239935358,-133.5338987421391,6.46610125786088,-2.7531378480257644,-0.9538135624438508,True,0.9538135624438508,mf=0.9
5,2.4097790562838255,0.027767981583942034,-273.7982354222348,6.201764577765148,,-0.14969627770319088,-0.0004294580839965278,-135.48913090494165,4.510869095058339,-1.6908954827068081,-0.967779506463869,True,0.967779506463869,mf=0.9
6,2.4147566467401584,0.03469017617175797,-270.29278001860393,9.70721998139601,,-0.14775975651360965,-0.017612006339416293,-133.12556846561012,6.874431534389849,-2.8327884470061617,-0.9508969176115011,True,0.9508969176115011,mf=0.9
7,2.3280721923591785,0.015767843599544647,-275.90440335928463,4.095596640715311,,-0.10647808524765763,-0.009054769832664275,-137.0447791797163,2.955220820283681,-1.1403758204316294,-0.9788912798551166,True,0.9788912798551166,mf=0.9
8,2.5261452683009487,0.013182136845768015,-272.17659517946976,7.823404820530196,,-0.12461350020204597,0.017365242790545084,-134.44936737126477,5.550632628735196,-2.272772191795,-0.9603526240804628,True,0.9603526240804628,mf=0.9
9,2.2675181357066925,0.010075071963080013,-272.09991215261897,7.900087847380974,,0.01661702719058458,-0.026138690083531278,-134.48285754796396,5.517142452036013,-2.3829453953449615,-0.9605918396283142,True,0.9605918396283142,mf=0.9
10,2.2763341554662664,-0.022795495829072022,-269.6599605473476,10.34003945265232,,0.19380249588135925,0.00018914745849198596,-132.52415792651692,7.4758420734830615,-2.864197379169258,-0.9466011280465495,True,0.9466011280465495,mf=0.9
11,2.3803037993443787,0.006746829390003076,-279.4775305147545,0.5224694852454486,,-0.041189217368313116,0.0024688484926077402,-139.6046950802534,0.39530491974657084,-0.12716456549887772,-0.9971763934303817,True,0.9971763934303817,mf=0.9
12,2.3040067649584164,-0.004283523794200545,-276.1089920521492,3.8910079478507886,,-0.016178183006331535,-0.018302347617949355,-137.26920397764184,2.7307960223581493,-1.1602119254926393,-0.9804943141260132,True,0.9804943141260132,mf=0.9
13,2.2331107201476943,-0.009039602114930097,-268.1816943661337,11.818305633866265,,0.20543474654779986,-0.004927477244339294,-131.43424611628748,8.565753883712507,-3.2525517501537577,-0.9388160436877678,True,0.9388160436877678,mf=0.9
14,2.5530766444657926,-0.007595918455058011,-270.1151576952618,9.884842304738136,,-0.10042833926386494,0.02461193006357512,-133.1107383802218,6.889261619778198,-2.9955806849599385,-0.9507909884301557,True,0.9507909884301557,mf=0.9
15,2.450319214321193,0.017485899198907175,-276.5223567300657,3.477643269934231,,-0.06196103139995944,0.01444999280950712,-137.5480831337279,2.451916866272077,-1.0257264036621538,-0.9824863080980566,True,0.9824863080980566,mf=0.9
16,2.32703971293646,-0.0011342358805529217,-277.8205076188987,2.1794923811012374,,-0.04921928797262677,-0.011509981507764309,-138.44652672564763,1.5534732743523518,-0.6260191067488857,-0.9889037623260546,True,0.9889037623260546,mf=0.9
17,2.4132213648347114,0.03750600499842123,-268.68555004124846,11.314449958751485,,-0.11228853760757934,-0.02583675762310445,-132.10932699270563,7.890673007294342,-3.423776951457143,-0.9436380499478976,True,0.9436380499478976,mf=0.9
18,2.2705763499946214,-6.182326878109057e-05,-273.2307248959106,6.7692751040893215,,0.033522059126393534,-0.02378715408645971,-135.24799297018694,4.752007029813048,-2.0172680742762736,-0.9660570926441925,True,0.9660570926441925,mf=0.9
19,2.3913889738967034,0.003656814692021785,-279.8627908262896,0.13720917371038027,,-0.02010964385685126,0.0017379584434258353,-139.89316625706005,0.10683374293992139,-0.030375430770458876,-0.9992369018361434,True,0.9992369018361434,mf=0.9
20,2.4445245139120817,-0.01654060956862432,-277.00352297300907,2.996477026990899,,0.10219427659863368,0.00024927134002979514,-137.8795303776616,2.1204696223383546,-0.8760074046525445,-0.9848537884118689,True,0.9848537884118689,mf=0.9
21,2.44004013081859,-0.007581598045505516,-278.88550368887655,1.1144963111233939,,0.061570964102067964,-0.00010377975359211752,-139.22663521363438,0.7733647863656079,-0.341131524757786,-0.9944759658116742,True,0.9944759658116742,mf=0.9
0,2.325282793103531,0.01801963368622622,-275.13029299613646,4.869707003863506,,-0.10932910351404607,-0.011555125907748716,-136.50918624561163,3.4908137543883457,-1.3788932494751605,-0.9750656160400832,True,0.9750656160400832,mf=0.9
1,2.4280985411012623,-0.01818050334825591,-277.0354579731106,2.964542026889324,,0.10014625360819115,-0.0031370520709791756,-137.88487706527556,2.1151229347244094,-0.8494190921649145,-0.9848919790376828,True,0.9848919790376828,mf=0.9
2,2.379327432273076,-0.0037530549988441624,-279.7126522280775,0.28734777192244615,,-0.011530210131737564,-0.004797552961599137,-139.78885162846694,0.21114837153303584,-0.07619940038941031,-0.9984917973461926,True,0.9984917973461926,mf=0.9
3,2.299458544550176,-0.016701211324668678,-273.66575976235345,6.33424023764652,,0.10518679829658138,-0.016956310029423834,-135.45711361376178,4.542886386238205,-1.7913538514083145,-0.96755081152687,True,0.96755081152687,mf=0.9
4,2.3238662793762384,0.04039029975843896,-264.60014576191276,15.399854238087197,,0.1515220143097834,-0.027972218261421544,-129.12815043758454,10.871849562415445,-4.528004675671753,-0.9223439316970325,True,0.9223439316970325,mf=0.9
5,2.4664992105609262,-0.020961066131537896,-274.68518427685365,5.3148157231463244,,0.11765410987292561,0.010585317111249881,-136.3015012110231,3.6984987889768814,-1.6163169341694432,-0.973582151507308,True,0.973582151507308,mf=0.9
6,2.425687079932851,-0.013539230987023424,-278.2651056234946,1.7348943765053775,,0.07291789735662106,-0.004312661390602284,-138.76799843816914,1.2320015618308464,-0.5028928146745313,-0.9911999888440653,True,0.9911999888440653,mf=0.9
7,2.2440897291091093,0.022731114729634384,-266.10068755293344,13.899312447066501,,0.18983244362157942,-0.01871244779350768,-130.02107456122556,9.978925438774413,-3.920387008292088,-0.9287219611516113,True,0.9287219611516113,mf=0.9
8,2.4541038063764025,0.008925768748579662,-278.16831554763235,1.8316844523676288,,0.006455490848319355,0.012395484930474834,-138.7634556102533,1.2365443897466768,-0.5951400626209521,-0.991167540073238,True,0.991167540073238,mf=0.9
9,2.341735905572259,-0.008088222660085046,-278.0918473673753,1.9081526326246612,,-0.013212340935121551,-0.01281463803668927,-138.65182237336003,1.3481776266399355,-0.5599750059847256,-0.9903701598097148,True,0.9903701598097148,mf=0.9
10,2.4891015117052713,-0.023843827195422135,-272.2270657242135,7.772934275786476,,0.07940321181652926,0.022429354645008056,-134.69550226295428,5.304497737045692,-2.468436538740784,-0.9621107304496737,True,0.9621107304496737,mf=0.9
11,2.337331267602958,-0.004437171868789693,-278.2406034757216,1.7593965242783036,,-0.03352970315238737,-0.01130433764634496,-138.7488957227494,1.251104277250554,-0.5082922470277494,-0.9910635408767817,True,0.9910635408767817,mf=0.9
12,2.362330018823549,0.04199328147901519,-265.32596580964304,14.674034190356931,,0.07808658437823048,-0.03348131444631246,-129.7988334800026,10.201166519997374,-4.472867670359557,-0.9271345248571616,True,0.9271345248571616,mf=0.9
13,2.356608021890405,-0.024083736665646106,-274.594984513005,5.405015486994971,,0.12605067752409013,-0.009296563066595886,-136.0967277930238,3.903272206976176,-1.501743280018795,-0.9721194842358845,True,0.9721194842358845,mf=0.9
14,2.2690135133416924,0.0021136923928141505,-273.0326311922504,6.967368807749544,,0.028257772790885326,-0.024303366656099112,-135.1160113091144,4.883988690885574,-2.08338011686397,-0.9651143664936744,True,0.9651143664936744,mf=0.9
15,2.4298357554142758,-0.011411650598232048,-278.59525845636597,1.4047415436339659,,0.06682014441163328,-0.0031948338973467475,-139.00811988188596,0.9918801181140282,-0.4128614255199377,-0.9929151420134712,True,0.9929151420134712,mf=0.9
16,2.465497505574755,0.02736793765923206,-272.2641749009667,7.735825099033254,,-0.166333810361654,0.002775641439278774,-134.3921755230006,5.607824476999391,-2.128000622033863,-0.9599441108785758,True,0.9599441108785758,mf=0.9
17,2.356221518402129,0.0011789824383426045,-279.2059481689788,0.7940518310211734,,-0.04654603822626662,-0.004293022428014054,-139.41024886870014,0.5897511312998274,-0.20430069972134599,-0.995787491919287,True,0.995787491919287,mf=0.9
18,2.4388810970977746,-0.015250694951892284,-277.52334055870654,2.476659441293406,,0.09243530292380688,-0.001526295901690707,-138.24456376646697,1.7554362335329967,-0.7212232077604095,-0.9874611697604786,True,0.9874611697604786,mf=0.9
19,2.4666350100655303,-0.011867852956969604,-277.06373772300844,2.936262276991492,,0.09393393222523112,0.00553700237131047,-137.96173929033594,2.0382607096640304,-0.8980015673274614,-0.9854409949309713,True,0.9854409949309713,mf=0.9
20,2.3437855326339605,0.009269970376115327,-278.0234278128868,1.9765721871131616,,-0.0821639629457404,-0.0032156393643351434,-138.543285044191,1.4567149558089572,-0.5198572313042044,-0.9895948931727931,True,0.9895948931727931,mf=0.9
21,2.422118190272355,0.016386440993827495,-277.65385017624857,2.346149823751406,,-0.056387273350742895,0.01130431527904043,-138.32982373139748,1.6701762686025055,-0.6759735551489001,-0.988070169509982,True,0.988070169509982,mf=0.9
0,2.342707792547278,0.017480684831960292,-276.2181464809063,3.7818535190936733,,-0.11227297016729307,-0.00501264678676646,-137.24445461656254,2.7555453834374473,-1.0263081356562263,-0.9803175329754468,True,0.9803175329754468,mf=0.9
1,2.3315074996935166,0.003700050904982414,-277.9780215695635,2.0219784304364685,,-0.06810711090650641,-0.008056611631344225,-138.53563501884975,1.4643649811502286,-0.55761344928624,-0.9895402501346412,True,0.9895402501346412,mf=0.9
2,2.457820596482024,-0.022711743311259875,-274.51298505839463,5.487014941605314,,0.12410262850989023,0.009500869341959579,-136.16345728127692,3.836542718723046,-1.650472222882268,-0.9725961234376925,True,0.9725961234376925,mf=0.9
3,2.395021903792223,-0.020870428116225647,-276.5085633490368,3.4914366509631187,,0.09901521413039216,-0.008052547633683651,-137.4906869188131,2.5093130811868534,-0.9821235697762656,-0.9820763351343796,True,0.9820763351343796,mf=0.9
4,2.3584881801337394,-0.01179369323606365,-278.1842580841467,1.815741915853252,,0.013388142302613173,-0.012491838593909123,-138.71615555161418,1.2838444483857954,-0.5318974674674566,-0.99082968251153,True,0.99082968251153,mf=0.9
5,2.486439999757339,0.020705323552603037,-273.53353657457495,6.466463425425014,,-0.1256163171077465,0.013433685304223935,-135.36698572799227,4.6330142720077125,-1.8334491534173014,-0.9669070409142306,True,0.9669070409142306,mf=0.9
6,2.4812577354928123,8.229788115228185e-05,-277.3118013048479,2.6881986951520647,,0.0514150546771393,0.012604551905206415,-138.19053522209924,1.8094647779007327,-0.8787339172513319,-0.9870752515864233,True,0.9870752515864233,mf=0.9
7,2.465092368205683,0.021664228081340067,-274.52088767573423,5.479112324265726,,-0.11359362005698657,0.012831158298418107,-136.0695282533719,3.9304717466280517,-1.5486405776376744,-0.9719252018097996,True,0.9719252018097996,mf=0.9
8,2.2985066520655035,-0.017319450304824027,-273.4201463065775,6.57985369342241,,0.11365810465544673,-0.016249861466876122,-135.27198485204414,4.728015147955826,-1.8518385454665836,-0.9662284632288869,True,0.9662284632288869,mf=0.9
9,2.3632903585727827,-0.000646932917703691,-279.44591181938665,0.5540881806133151,,-0.03521214473300452,-0.0044605784667842985,-139.58759333676582,0.41240666323415653,-0.14168151737915857,-0.997054238119756,True,0.997054238119756,mf=0.9
10,2.42322793543152,0.03095753818538277,-272.11967454407824,7.880325455921744,,-0.16364815917465356,-0.006271063705762069,-134.31364022002828,5.686359779971694,-2.19396567595005,-0.9593831444287736,True,0.9593831444287736,mf=0.9
11,2.355403640956394,-0.01066922735401271,-278.2777759946512,1.722224005348751,,0.005079270097169936,-0.012313707535437937,-138.78285237803095,1.2171476219690294,-0.5050763833797217,-0.991306088414507,True,0.991306088414507,mf=0.9
12,2.403388477085508,0.006619454607557215,-279.6450974299413,0.3549025700586495,,-0.017026796190901246,0.0049080718389926245,-139.74818200104218,0.25181799895778584,-0.10308457110086369,-0.9982013000074443,True,0.9982013000074443,mf=0.9
13,2.5410638789142066,-0.004562333014494852,-271.81039239176187,8.189607608238067,,-0.05310412985213191,0.025162593589172725,-134.36390991537982,5.636090084620162,-2.5535175236179057,-0.9597422136812845,True,0.9597422136812845,mf=0.9
14,2.381929950626434,0.015876009015445194,-277.8519815896291,2.1480184103709057,,-0.08132690103156992,0.005404686348474163,-138.4201858421368,1.5798141578631877,-0.5682042525077181,-0.9887156131581201,True,0.9887156131581201,mf=0.9
15,2.3308436541709563,-0.006846932559124732,-277.67562847062095,2.324371529379013,,-0.01973662662257808,-0.013972622501306584,-138.35995111244668,1.64004888755331,-0.6843226418257027,-0.988285365088905,True,0.988285365088905,mf=0.9
16,2.446567591400515,0.019009603403310874,-276.22609767586846,3.7739023241314698,,-0.07630840125507228,0.013684963122469163,-137.31719205381245,2.6828079461875367,-1.0910943779439333,-0.9808370860986605,True,0.9808370860986605,mf=0.9
17,2.2524993984802846,0.0026396749545374463,-271.18399376659306,8.81600623340691,,0.08966603462747506,-0.02401044577078964,-133.75744396819658,6.242556031803407,-2.5734502016035026,-0.955410314058547,True,0.955410314058547,mf=0.9
18,2.3711813288385377,0.002646393952649839,-279.60447817440695,0.39552182559301025,,-0.03786829520867017,-0.0011844133352016833,-139.6957776066208,0.30422239337918905,-0.09129943221382117,-0.9978269829044344,True,0.9978269829044344,mf=0.9
19,2.3249510009243584,-0.005921151317049681,-277.42511427621383,2.5748857237861436,,-0.023485745847085543,-0.014596114571133034,-138.18446428890482,1.8155357110951489,-0.7593500126909948,-0.9870318877778917,True,0.9870318877778917,mf=0.9
20,2.372861974780234,0.028405587234022808,-273.24997262153556,6.750027378464403,,-0.14291344216376656,-0.00961798663768206,-135.14471732865024,4.855282671349741,-1.8947447071146615,-0.965319409490359,True,0.965319409490359,mf=0.9
21,2.3915496438751997,0.021316833872172054,-276.33897167928814,3.6610283207118246,,-0.1105290994599885,0.005042860750979712,-137.32007134514174,2.6799286548582457,-0.9810996658535789,-0.9808576524652982,True,0.9808576524652982,mf=0.9
0,2.471026169039902,0.015994425487208173,-275.8992201510614,4.1007798489385365,,-0.05721470736749763,0.01658441450187467,-137.13376066506723,2.8662393349327564,-1.2345405140057797,-0.9795268618933375,True,0.9795268618933375,mf=0.9
1,2.395485047109995,0.009165074269572051,-279.32030848170126,0.6796915182986778,,-0.03461184465325016,0.005592791977210844,-139.50517732412052,0.49482267587946466,-0.18486884241921311,-0.9964655523151467,True,0.9964655523151467,mf=0.9
2,2.435294925163153,0.017522268028101314,-277.0369365568603,2.963063443139638,,-0.06185742483414214,0.012855336912317205,-137.8987034946113,2.1012965053886723,-0.8617669377509656,-0.9849907392472238,True,0.9849907392472238,mf=0.9
3,2.344755298304853,0.040746039312655316,-265.4849106599978,14.515089340002124,,0.09216640910150709,-0.03241354173441288,-129.87606653177292,10.123933468227058,-4.391155871775066,-0.9276861895126639,True,0.9276861895126639,mf=0.9
4,2.373874108501966,-0.021072657920330796,-276.17181950952863,3.8281804904713455,,0.09469613766172048,-0.01078613174174271,-137.2479017937878,2.752098206212164,-1.0760822842591813,-0.9803421556699131,True,0.9803421556699131,mf=0.9
5,2.4319694341309535,-0.0016632559769687875,-279.5600957901244,0.43990420987552625,,0.03557526377187998,0.002004827718302944,-139.70924445581772,0.29075554418226307,-0.1491486656932632,-0.9979231746844124,True,0.9979231746844124,mf=0.9
6,2.4938544470857673,-0.032694478221631455,-267.8762415015234,12.123758498476576,,-0.04268872950206538,0.031539685806103376,-131.67727010727273,8.322729892727232,-3.801028605749344,-0.9405519293376626,True,0.9405519293376626,mf=0.9
7,2.262954469878687,0.017491950993432856,-269.9757591559756,10.024240844024373,,0.058502902859423465,-0.028127054093291814,-132.9786207233272,7.0213792766727865,-3.002861567351587,-0.9498472908809087,True,0.9498472908809087,mf=0.9
8,2.251853436502073,-0.034031667693037886,-261.90754946777764,18.09245053222234,,-0.011940667403872283,0.03937330931454383,-127.58052125229165,12.41947874770833,-5.67297178451401,-0.911289437516369,True,0.911289437516369,mf=0.9
9,2.2252960720398094,0.007328617891674536,-267.35908490249113,12.640915097508847,,0.19657022684062844,-0.013452887766805517,-130.86894012014565,9.131059879854332,-3.5098552176545144,-0.9347781437153262,True,0.9347781437153262,mf=0.9
10,2.443036157862471,0.005815626624775017,-278.97303269443,1.026967305569933,,0.01860812366339027,0.00875241121834495,-139.3169347121316,0.6830652878683882,-0.3439020177015449,-0.9951209622295115,True,0.9951209622295115,mf=0.9
11,2.243017740655588,-0.038178168038737394,-258.44846738555685,21.55153261444312,,-0.1974236663471076,0.030509262872055073,-124.81095335360642,15.189046646393562,-6.362485968049556,-0.8915068096686174,True,0.8915068096686174,mf=0.9
12,2.2849944247231107,0.03355227364938769,-265.64372116286023,14.356278837139714,,0.15566469184341145,-0.02578439146749027,-129.81666378813875,10.18333621186123,-4.172942625278484,-0.9272618842009912,True,0.9272618842009912,mf=0.9
13,2.3348106400185826,0.005420978738808796,-278.03203217614407,1.967967823855889,,-0.07319950847418724,-0.006549507565264775,-138.56545521257348,1.4345447874265018,-0.5334230364293873,-0.9897532515183821,True,0.9897532515183821,mf=0.9
14,2.3119242672196663,0.03670254187726654,-266.07807651851834,13.921923481481588,,0.10773392625556544,-0.03044338741285308,-130.23857905128358,9.76142094871641,-4.160502532765178,-0.9302755646520257,True,0.9302755646520257,mf=0.9
15,2.264507883066742,-0.033156768170497834,-263.8031021602221,16.196897839777854,,0.07120098948792497,0.03555539735121211,-128.86296434177882,11.13703565822116,-5.059862181556692,-0.9204497452984203,True,0.9204497452984203,mf=0.9
16,2.5394111050118378,-0.02130205770713078,-268.53423526186634,11.465764738133624,,-0.09364611328757552,0.027793330176991225,-132.04377352632073,7.95622647367923,-3.509538264454394,-0.9431698109022912,True,0.9431698109022912,mf=0.9
17,2.533649471624918,0.009550271671934136,-272.0583570241982,7.941642975801764,,-0.11264383376105291,0.019460613340865688,-134.40167265578108,5.598327344218903,-2.34331563158286,-0.9600119475412935,True,0.9600119475412935,mf=0.9
18,2.467946819431381,-0.01872086179304183,-275.31658119985053,4.6834188001494494,,0.1135784698787433,0.008997104534349367,-136.7391110666386,3.2608889333613695,-1.4225298667880801,-0.976707936190276,True,0.976707936190276,mf=0.9
19,2.3416154222711603,-0.004674267285901393,-278.43436102493257,1.5656389750673954,,-0.03167902632646093,-0.010670445258219335,-138.88487346255715,1.1151265374428325,-0.4505124376245628,-0.992034810446837,True,0.992034810446837,mf=0.9
20,2.5037434124184332,-0.010757710215289231,-274.70660076040406,5.293399239595921,,0.06795853134805016,0.01820986863591572,-136.40823967587892,3.591760324121073,-1.701638915474848,-0.9743445691134209,True,0.9743445691134209,mf=0.9
21,2.3794022177692216,0.027937232532757837,-273.5884905892042,6.411509410795764,,-0.14521300667292214,-0.006947820343548221,-135.36677432284776,4.633225677152204,-1.7782837336435602,-0.9669055308774842,True,0.9669055308774842,mf=0.9
0,2.284331897455426,0.02703722664950952,-268.737362362431,11.262637637568977,,0.051457241073416184,-0.03025428079079955,-132.14380617874627,7.856193821253704,-3.406443816315273,-0.9438843298481878,True,0.9438843298481878,mf=0.9
1,2.468125045621478,-0.004644257498009144,-277.93544821498705,2.0645517850128883,,0.06990815312591807,0.007159736385302382,-138.5942178362947,1.4057821637052994,-0.6587696213075891,-0.9899586988306764,True,0.9899586988306764,mf=0.9
2,2.400226278525664,0.014511827158074225,-278.31682909579723,1.6831709042027287,,-0.05770201336351216,0.008213274327821322,-138.78146856777067,1.2185314322292988,-0.4646394719734299,-0.991296204055505,True,0.991296204055505,mf=0.9
3,2.492359761669182,-0.0020943606057272153,-276.49694789394226,3.5030521060576834,,0.054704343787926844,0.014809992903296171,-137.63619970828387,2.3638002917161183,-1.139251814341565,-0.9831157122020278,True,0.9831157122020278,mf=0.9
4,2.428709829316902,0.012470776465204385,-278.4200265549336,1.5799734450663412,,-0.024883033836289384,0.011023559182591128,-138.90218037564478,1.097819624355207,-0.4821538207111341,-0.9921584312546057,True,0.9921584312546057,mf=0.9
5,2.4517524576173595,-0.011158403594140378,-277.9113380287864,2.088661971213542,,0.0842522841970442,0.001421500712175421,-138.53940973643938,1.4605902635605932,-0.628071707652949,-0.9895672124031386,True,0.9895672124031386,mf=0.9
6,2.314945892689984,0.0200617102355597,-273.83943337661134,6.1605666233886165,,-0.09799068535583613,-0.017346684310659104,-135.64466704484713,4.3553329551528535,-1.8052336682357626,-0.9688904788917653,True,0.9688904788917653,mf=0.9
7,2.502771980669915,-0.001784582070664421,-275.6868978900956,4.313102109904357,,0.041497087685325375,0.01789389412836899,-137.0891102008319,2.9108897991680887,-1.4022123107362685,-0.9792079300059422,True,0.9792079300059422,mf=0.9
8,2.5033415270745363,-0.014948341146971807,-273.8791370238803,6.120862976119705,,0.07145518290861926,0.019758759408580243,-135.83920559704805,4.160794402951929,-1.9600685731677754,-0.9702800399789148,True,0.9702800399789148,mf=0.9
9,2.337645059446798,0.010349160832051802,-277.55789020952915,2.4421097904707927,,-0.08894951378986052,-0.004734195095793931,-138.2118330359265,1.7881669640734736,-0.6539428263973192,-0.9872273788280466,True,0.9872273788280466,mf=0.9
10,2.486347785233676,0.010947497460543323,-276.0085465075709,3.991453492429083,,-0.023181952537725,0.018126737207225303,-137.26398059479854,2.736019405201444,-1.2554340872276393,-0.9804570042485611,True,0.9804570042485611,mf=0.9
11,2.411862839583491,-0.02166361338275181,-276.19149374101755,3.8085062589823995,,0.11269930727384339,-0.004452284893121536,-137.26758547207882,2.7324145279211693,-1.0760917310612301,-0.9804827533719916,True,0.9804827533719916,mf=0.9
12,2.2545411362586183,0.004135334563672434,-271.3401478169879,8.659852183012045,,0.07675158722386255,-0.024793793706135218,-133.88704091565504,6.1129590843449355,-2.546893098667109,-0.9563360065403933,True,0.9563360065403933,mf=0.9
13,2.455723265570994,0.014656283486863177,-277.01580013250356,2.9841998674963888,,-0.03662657522698185,0.014995853901329704,-137.9285701655294,2.0714298344705644,-0.9127700330258245,-0.9852040726109246,True,0.9852040726109246,mf=0.9
14,2.4978822166772514,-0.0020635440883230013,-276.07383226016924,3.9261677398307198,,0.04911466553421601,0.016426484677490808,-137.35086614987344,2.6491338501265473,-1.2770338897041724,-0.9810776153562389,True,0.9810776153562389,mf=0.9
15,2.467605497163355,-0.015681715661819386,-276.1710256329312,3.828974367068713,,0.106110225224153,0.00691841487978624,-137.33324985754166,2.6667501424583087,-1.1622242246104044,-0.9809517846967264,True,0.9809517846967264,mf=0.9
16,2.2816922113787306,-0.03442298966987932,-264.8616965302192,15.13830346978074,,0.09570894673564781,0.0327593450135102,-129.56155046751985,10.438449532480126,-4.699853937300612,-0.9254396461965705,True,0.9254396461965705,mf=0.9
17,2.4568488282518874,0.018926369387650924,-275.8180849250209,4.181915074979027,,-0.07888640075867862,0.014579042410335075,-137.0341019805452,2.965898019454786,-1.2160170555242407,-0.9788150141467515,True,0.9788150141467515,mf=0.9
18,2.4381485757766135,-0.024629028306449342,-274.5571637650843,5.442836234915677,,0.13337894756539437,0.005663455933609996,-136.1517048300576,3.8482951699423746,-1.5945410649733025,-0.9725121773575545,True,0.9725121773575545,mf=0.9
19,2.3840388015120735,0.014865084717959751,-278.1297080114522,1.8702919885477638,,-0.07368866775528123,0.005795606913018289,-138.62525918588003,1.3747408141199602,-0.4955511744278038,-0.990180422756286,True,0.990180422756286,mf=0.9
20,2.379334260195621,-0.016792677276585666,-277.57152809349867,2.428471906501285,,0.05846280124563761,-0.01138347255279025,-138.26694649889885,1.7330535011011312,-0.6954184054001541,-0.9876210464207063,True,0.9876210464207063,mf=0.9
21,2.3123246567546807,0.008420126865711629,-276.30629900148716,3.6937009985128166,,-0.08066760024772582,-0.01279945457870832,-137.3659197263048,2.6340802736951647,-1.0596207248176517,-0.9811851409021773,True,0.9811851409021773,mf=0.9
0,2.343294990305291,-0.034571411192379144,-269.13527365983896,10.864726340160974,,0.16035415221821261,0.01761667186412063,-132.357615576349,7.642384423650976,-3.222341916509997,-0.9454115398310644,True,0.9454115398310644,mf=0.9
1,2.393618761823854,0.004509592781347931,-279.82080498131523,0.17919501868473162,,-0.020250802381128075,0.00253966001172565,-139.8645926061754,0.13540739382459008,-0.043787624860141545,-0.9990328043298243,True,0.9990328043298243,mf=0.9
2,2.423430790881905,-0.008204858394754199,-279.23745243851147,0.7625475614884835,,0.04756384192769418,-0.0029863116764466606,-139.46674367602958,0.533256323970389,-0.2292912375180944,-0.9961910262573543,True,0.9961910262573543,mf=0.9
3,2.5270255910261827,0.010501917162170448,-272.59487767288255,7.405122327117395,,-0.10171966937094226,0.019712721981433777,-134.7937361501715,5.206263849828481,-2.1988584772889137,-0.9628124010726536,True,0.9628124010726536,mf=0.9
4,2.368980282320576,0.0008935293839829887,-279.60026201137754,0.39973798862243515,,-0.03489157339154394,-0.0026404657099525033,-139.69548157015026,0.3045184298497161,-0.09521955877271907,-0.9978248683582163,True,0.9978248683582163,mf=0.9
5,2.3385843609375905,-0.01446498458593006,-276.7889128393685,3.2110871606314824,,0.03604893564109179,-0.015853060370993707,-137.72578959345503,2.274210406544932,-0.9368767540865505,-0.9837556399532504,True,0.9837556399532504,mf=0.9
6,2.375964607003882,-0.017648503763793826,-277.2743713936878,2.7256286063121595,,0.06422254498151676,-0.011765444019304195,-138.05253181271377,1.9474681872862,-0.7781604190259594,-0.9860895129479557,True,0.9860895129479557,mf=0.9
7,2.3932324048690066,-0.018540593594152437,-277.23383902567053,2.7661609743294426,,0.07943520130182534,-0.009342357254254701,-138.01769366380253,1.982306336197455,-0.7838546381319874,-0.985840669027161,True,0.985840669027161,mf=0.9
8,2.489983667524195,-0.008892840827819682,-276.0750470108582,3.9249529891417416,,0.08034425301905163,0.013044689683782664,-137.32581334539626,2.6741866546037363,-1.2507663345380053,-0.9808986667528304,True,0.9808986667528304,mf=0.9
9,2.4991065995839867,-0.018975712791961946,-273.1326925328374,6.867307467162557,,0.0750418849441421,0.021013776460342148,-135.32359528046095,4.676404719539019,-2.190902747623537,-0.9665971091461498,True,0.9665971091461498,mf=0.9
10,2.4617882218040905,0.00027261238635334394,-278.44194553475273,1.558054465247232,,0.04995165670400423,0.008185926266323572,-138.95499044771196,1.0450095522880052,-0.5130449129592267,-0.9925356460550857,True,0.9925356460550857,mf=0.9
11,2.511716149806515,-0.018685704417197614,-272.15005042145486,7.849949578545107,,0.04168163349233789,0.02494932180287827,-134.67005011891908,5.329949881080885,-2.5199996974642227,-0.9619289294208508,True,0.9619289294208508,mf=0.9
12,2.4733939159539218,-0.0021367836642223275,-277.7685378636466,2.231462136353346,,0.061711761475817285,0.009562983427157029,-138.49227794560923,1.507722054390741,-0.7237400819626051,-0.9892305567543519,True,0.9892305567543519,mf=0.9
13,2.3410253359636184,-0.007460270634081098,-278.13597417725543,1.864025822744494,,-0.016985465461070534,-0.012551007102976889,-138.68197121893576,1.3180287810642173,-0.5459970416802765,-0.9905855087066842,True,0.9905855087066842,mf=0.9
14,2.5995436017313684,-0.0014869145881150905,-264.15816858564386,15.84183141435607,,-0.22979972556719092,-0.010831353420585879,-128.66698848623966,11.333011513760315,-4.508819900595754,-0.9190499177588549,True,0.9190499177588549,mf=0.9
15,2.3181784250060935,-0.013393699318022298,-275.8408325215201,4.15916747847985,,0.04148131102631642,-0.01800811421785594,-137.0566025156603,2.9433974843396773,-1.2157699941401723,-0.9789757322547166,True,0.9789757322547166,mf=0.9
16,2.466275020910861,0.016633627009526374,-275.99756100846923,4.002438991530716,,-0.06033506614812379,0.016065517586295743,-137.19451976603722,2.805480233962762,-1.1969587575679543,-0.9799608554716945,True,0.9799608554716945,mf=0.9
17,2.5132077139294697,0.02612019070071637,-269.3529717071996,10.647028292800407,,-0.19386619050085396,-0.0047898654285609245,-132.3362942524432,7.663705747556781,-2.9833225452436247,-0.9452592446603088,True,0.9452592446603088,mf=0.9
18,2.3010013961196556,0.007783002066561983,-275.53507215999156,4.464927840008403,,-0.06758591450221128,-0.016664709785679997,-136.8491872625102,3.150812737489769,-1.3141151025186342,-0.9774941947322159,True,0.9774941947322159,mf=0.9
19,2.371662705694019,0.007729008592656778,-279.19424623965085,0.8057537603490872,,-0.053363529868270684,0.001793412727526261,-139.39303126810955,0.6069687318904236,-0.1987850284586637,-0.9956645090579256,True,0.9956645090579256,mf=0.9
20,2.346653092045041,-0.010002910957598032,-278.03848971555664,1.9615102844433199,,-0.0007816420578231072,-0.01316237467109167,-138.61520238047964,1.384797619520329,-0.576712664922991,-0.9901085884319977,True,0.9901085884319977,mf=0.9
21,2.3678854578667545,0.03314099154782691,-270.8001240594249,9.199875940575048,,-0.11653653754231752,-0.021551714063859338,-133.53722345850812,6.462776541491865,-2.7370993990831827,-0.9538373104179152,True,0.9538373104179152,mf=0.9
