shot_id,x0_um,v0_m_s,initial_aod_energy_uK,initial_excitation_energy_uK,initial_phase_coord,final_x_um,final_v_m_s,final_slm_energy_uK,final_excitation_energy_uK,excitation_energy_change_uK,final_energy_over_slm_depth,captured_in_slm,capture_margin,label
0,2.3751938036840174,0.007933988420727964,-279.2452735501776,0.7547264498223314,,-0.012969687397827744,0.014034100776553033,-138.39144124021865,1.6085587597813231,0.8538323099589918,-0.9885102945729906,True,0.9885102945729906,T=100us
1,2.470873028442982,-0.02373545329090269,-273.44997335716397,6.550026642835983,,-0.21737128176107512,0.0196650355445231,-127.57052169434752,12.429478305652456,5.879451662816472,-0.9112180121024824,True,0.9112180121024824,T=100us
2,2.3976250035331277,-0.01849549584024974,-277.2636165626376,2.736383437362336,,-0.12253288490470778,0.027819852892852468,-130.7766639022595,9.223336097740495,6.486952660378159,-0.9341190278732822,True,0.9341190278732822,T=100us
3,2.3059536134654564,-0.0011024903189478666,-276.3952969260433,3.6047030739566566,,0.005438769368385934,0.0315857900584709,-132.0202090445975,7.979790955402487,4.375087881445831,-0.9430014931756965,True,0.9430014931756965,T=100us
4,2.3763039491534554,0.02018279402626243,-276.5147142497633,3.4852857502366725,,0.012547709571791535,0.006301950565092235,-139.65038345922284,0.3496165407771331,-3.1356692094595395,-0.9975027389944491,True,0.9975027389944491,T=100us
5,2.4587393239772366,-0.005135529989371246,-278.38128381399804,1.6187161860019352,,-0.13611702733355768,0.013195524976068438,-134.86942207040767,5.130577929592299,3.5118617435903636,-0.9633530147886264,True,0.9633530147886264,T=100us
6,2.4807125783289257,0.009177789414937758,-276.67441652705406,3.3255834729458704,,-0.13255353353113064,0.0012163718866453868,-136.4399878151155,3.560012184884486,0.23442871193861564,-0.9745713415365393,True,0.9745713415365393,T=100us
7,2.6516970678799487,0.04924673701252653,-235.86338068735816,44.13661931264181,,-0.005450478781388348,-0.04474021617611246,-123.99558910952345,16.004410890476528,-28.13220842216528,-0.8856827793537391,True,0.8856827793537391,T=100us
8,2.372716173510429,0.004859829240588951,-279.50687316418436,0.4931268358155939,,-0.017421638693677893,0.016416829635194204,-137.78387492236024,2.216125077639729,1.7229982418241354,-0.9841705351597162,True,0.9841705351597162,T=100us
9,2.3176980541909304,-0.01835549770966611,-274.5498240259013,5.450175974098697,,-0.09945291919097311,0.038318267771272424,-126.25623283570317,13.7437671642968,8.293591190198104,-0.9018302345407371,True,0.9018302345407371,T=100us
10,2.3776007433806536,0.004866151963190784,-279.6055689167926,0.39443108320734455,,-0.022435823320206313,0.015777500344177964,-137.90752671483915,2.092473285160838,1.6980422019534938,-0.9850537622488511,True,0.9850537622488511,T=100us
11,2.4646285073209344,0.003201648495241342,-278.21458124284715,1.7854187571528228,,-0.12528156042998262,0.007164671824023174,-136.4158477760036,3.584152223996369,1.7987334668435462,-0.9743989126857402,True,0.9743989126857402,T=100us
12,2.4017603841883832,0.03675888979069597,-269.1992387283155,10.800761271684474,,0.03028231855636587,-0.005052996457443419,-139.60848629127545,0.391513708724515,-10.409247562959958,-0.9972034735091106,True,0.9972034735091106,T=100us
13,2.3462536759207704,-0.03982216285855404,-266.14634607513676,13.853653924863165,,-0.3050245581969319,0.030669024539944835,-114.68845357266409,25.311546427335887,11.457892502472722,-0.8192032398047436,True,0.8192032398047436,T=100us
14,2.3817711238789134,0.005488384714694778,-279.62334570702455,0.3766542929753901,,-0.02542421530838786,0.01483051327534942,-138.10996009599162,1.8900399040083633,1.5133856110329733,-0.9864997149713688,True,0.9864997149713688,T=100us
15,2.3624074817515384,0.0059812891641088705,-279.1365393013248,0.8634606986752088,,-0.0044395868469679365,0.01708582239979872,-137.66277698027616,2.337223019723813,1.4737623210486044,-0.9833055498591157,True,0.9833055498591157,T=100us
16,2.225041147218943,-0.015226074803074075,-265.90056382497727,14.099436175022683,,-0.2202547826036933,0.04617282624404647,-113.38133664570697,26.61866335429301,12.519227179270326,-0.8098666903264785,True,0.8098666903264785,T=100us
17,2.337468128774758,0.04643796768852968,-261.1693868151939,18.83061318480605,,0.14262565799451302,0.009776915190879004,-135.13639638079593,4.863603619204043,-13.967009565602007,-0.9652599741485426,True,0.9652599741485426,T=100us
18,2.4882775445627163,-0.053581691868070574,-253.88385488214578,26.11614511785418,,-0.42913944473670945,-0.003379268901034563,-106.8819700844378,33.11802991556219,7.001884797708007,-0.76344264346027,True,0.76344264346027,T=100us
19,2.4677972410662874,0.001135179491792637,-278.11564326787936,1.884356732120575,,-0.13301529519855676,0.008154620554431356,-135.8958888626758,4.104111137324173,2.219754405203598,-0.9706849204476845,True,0.9706849204476845,T=100us
20,2.310613611764762,-0.006222549108338012,-276.4409564697592,3.559043530240714,,-0.02018764841007475,0.03369341379296732,-130.84329424752406,9.156705752475927,5.597662222235215,-0.9345949589108862,True,0.9345949589108862,T=100us
21,2.2908240945470344,-0.01471446272480068,-273.4356587272422,6.564341272757776,,-0.08608050539669629,0.04109163255188127,-124.99714607276006,15.002853927239919,8.438512654482142,-0.892836757662572,True,0.892836757662572,T=100us
0,2.3336576408506917,-0.011473854654580628,-277.1530583499346,2.84694165006535,,-0.05144509931042121,0.03277474050542596,-130.87436712394359,9.125632876056399,6.278691225991049,-0.9348169080281685,True,0.9348169080281685,T=100us
1,2.4379035784024317,-0.012649170871039379,-278.1340876120941,1.8659123879058597,,-0.13461642879490857,0.02000761761720128,-133.1425752953608,6.857424704639173,4.991512316733313,-0.951018394966863,True,0.951018394966863,T=100us
2,2.439363211673536,0.010315768237832795,-278.51633649120924,1.4836635087907195,,-0.08253112677801099,0.005129416501247327,-138.40339454889792,1.5966054511020704,0.11294194231135098,-0.988595675349271,True,0.988595675349271,T=100us
3,2.453146082336226,0.0045679678259812895,-278.6801378799303,1.319862120069618,,-0.10923378102086917,0.007547752530043033,-137.1252131063738,2.874786893626177,1.554924773556559,-0.9794658079026701,True,0.9794658079026701,T=100us
4,2.3800689302071087,-0.027686914147785315,-273.71082246192725,6.289177538072689,,-0.17503707647447828,0.032630398919386,-125.36150344358444,14.638496556415543,8.349319018342854,-0.8954393103113175,True,0.8954393103113175,T=100us
5,2.3353961940608454,0.0020331350621789154,-278.26476818605187,1.7352318139480645,,0.006524680456594594,0.023969647656908486,-135.39929214964715,4.60070785035282,2.865476036404756,-0.9671378010689085,True,0.9671378010689085,T=100us
6,2.4417332070977382,-0.0014213374069936746,-279.2722677160199,0.727732283980076,,-0.10777946979593545,0.012790739975528414,-136.33639908182636,3.6636009181736124,2.935868634193536,-0.9738314220130456,True,0.9738314220130456,T=100us
7,2.4083799304427425,0.015867744631951668,-277.9588985194527,2.0411014805472734,,-0.0351303493282247,0.004816850329118112,-139.56235083386227,0.4376491661377218,-1.6034523144095514,-0.9968739345275877,True,0.9968739345275877,T=100us
8,2.5015215767005214,0.016356652094755342,-273.6769776617581,6.323022338241887,,-0.13976595791707286,-0.006405206075263363,-135.7329124483404,4.267087551659597,-2.05593478658229,-0.9695208032024314,True,0.9695208032024314,T=100us
9,2.4140437141833786,-0.003884680061543774,-279.7987173381128,0.20128266188717894,,-0.08233003653964854,0.01744230036035132,-136.1888301949294,3.8111698050705676,3.6098871431833883,-0.9727773585352102,True,0.9727773585352102,T=100us
10,2.4076041329224465,0.011144679127509669,-278.9836561485453,1.0163438514546261,,-0.04331052434510535,0.008001766397653999,-139.10510055609245,0.8948994439075126,-0.12144440754711343,-0.9936078611149464,True,0.9936078611149464,T=100us
11,2.3800117013903797,0.01562764885900735,-277.88466658941655,2.1153334105834185,,-0.0019291469984802226,0.008464590839179,-139.4265870673625,0.5734129326374677,-1.5419204779459506,-0.9959041933383038,True,0.9959041933383038,T=100us
12,2.4412465638538823,-0.039272298153161994,-266.9780665855293,13.021933414470679,,-0.3010152912794627,0.02178223749840003,-118.84850713038946,21.151492869610507,8.129559455139828,-0.8489179080742106,True,0.8489179080742106,T=100us
13,2.28928453339107,-0.0215779521390665,-271.3087381135378,8.691261886462145,,-0.1513549724724872,0.0422360939703621,-121.13420189936684,18.86579810063314,10.174536214170995,-0.8652442992811918,True,0.8652442992811918,T=100us
14,2.398976977235958,-0.0043251797341252165,-279.8500561121679,0.14994388783204937,,-0.06764800229149229,0.019431860067316484,-136.0491607427362,3.9508392572637763,3.800895369431727,-0.971779719590973,True,0.971779719590973,T=100us
15,2.4691202993023853,0.011577619725047053,-276.9810271567065,3.018972843293482,,-0.11489768852345388,0.0009650391810305038,-137.31815058427006,2.6818494157299266,-0.33712342756355546,-0.9808439327447862,True,0.9808439327447862,T=100us
16,2.5034652598974327,-0.01545630808181725,-273.74539175395694,6.254608246042995,,-0.21802764159838242,0.012010920385840696,-129.45375303158602,10.54624696841395,4.291638722370955,-0.9246696645113289,True,0.9246696645113289,T=100us
17,2.4835601482892007,0.04129693805375096,-263.5275688431416,16.472431156858352,,-0.038304322743892866,-0.018406127693404984,-136.99249217290145,3.0075078270985185,-13.464923329759833,-0.9785178012350105,True,0.9785178012350105,T=100us
18,2.361300044331414,0.019175324574067076,-276.4492252293475,3.5507747706524473,,0.027534485748700727,0.009154195058106475,-139.17525181525562,0.8247481847443573,-2.72602658590809,-0.9941089415375403,True,0.9941089415375403,T=100us
19,2.4861249996740464,0.002009844171297715,-276.94968427417876,3.050315725821179,,-0.15252127367543858,0.005309614239201092,-135.09638074094775,4.903619259052232,1.8533035332310528,-0.9649741481496269,True,0.9649741481496269,T=100us
20,2.3599683556120565,0.011119276679254088,-278.35702063123045,1.6429793687694993,,0.010252577496338686,0.014116330498116522,-138.3858439701206,1.614156029879378,-0.02882333889012135,-0.9884703140722901,True,0.9884703140722901,T=100us
21,2.4179834169841885,-0.02015381111946837,-276.6213985936337,3.3786014063662293,,-0.1478108624478157,0.025982617762036433,-130.2060304213629,9.793969578637093,6.415368172270863,-0.9300430744383065,True,0.9300430744383065,T=100us
0,2.4584234096135247,-0.044136056882599604,-263.03796161241297,16.962038387586983,,-0.3510859847719263,0.015076682322934989,-115.110786950353,24.88921304964697,7.927174662059985,-0.8222199067882359,True,0.8222199067882359,T=100us
1,2.3545543150804713,0.02878781328120308,-272.53275206890896,7.4672479310909825,,0.06084338939796045,0.005950808520605259,-138.96181090121027,1.0381890987897016,-6.429058832301281,-0.9925843635800735,True,0.9925843635800735,T=100us
2,2.4052349971436113,0.004520276317483875,-279.8254806769846,0.17451932301532785,,-0.05341434817734629,0.012745241951803757,-138.11933305624822,1.8806669437517622,1.7061476207364343,-0.9865666646874874,True,0.9865666646874874,T=100us
3,2.3670079688722576,0.012807334382495828,-278.24409248103575,1.7559075189641833,,0.0066188621258894565,0.012018861831475295,-138.83650914860002,1.1634908513999493,-0.592416667564234,-0.991689351061429,True,0.991689351061429,T=100us
4,2.3572544177032744,-0.004357932351638563,-279.1017294583734,0.8982705416265259,,-0.030578122272450627,0.024766351985215887,-134.90654595801487,5.093454041985095,4.195183500358569,-0.9636181854143921,True,0.9636181854143921,T=100us
5,2.4594218217377275,0.017278058919926648,-276.17326102819567,3.826738971804284,,-0.0926413489448156,-0.0017953838244140277,-138.22971679105734,1.770283208942635,-2.056455762861649,-0.987355119936124,True,0.987355119936124,T=100us
6,2.451550859083855,-0.01822452934544188,-276.26040903677034,3.7395909632296163,,-0.17106306797109774,0.020873932950563154,-130.65819953337083,9.341800466629135,5.602209503399518,-0.9332728538097919,True,0.9332728538097919,T=100us
7,2.4565103678154574,-0.00238576728455764,-278.6511617161724,1.3488382838275532,,-0.12713832713798845,0.011745691680425035,-135.6298127543727,4.370187245627271,3.0213489617997173,-0.9687843768169481,True,0.9687843768169481,T=100us
8,2.5397239989825358,-0.013885045571202959,-270.5853968457699,9.414603154230106,,-0.2521901909965688,0.004627392411903184,-127.40600709254774,12.593992907452233,3.179389753222128,-0.9100429078039126,True,0.9100429078039126,T=100us
9,2.4813608719509523,0.010523184049825244,-276.4199997322287,3.5800002677712897,,-0.13069647363652354,0.00021812172163461664,-136.54892888067818,3.4510711193217993,-0.12892914844948997,-0.9753494920048443,True,0.9753494920048443,T=100us
10,2.3989056746766373,0.03057321697314496,-272.5288170410133,7.471182958986609,,0.012483134094229046,-0.0022256848778906342,-139.92853798184527,0.07146201815470613,-7.3997209408319025,-0.9994895570131807,True,0.9994895570131807,T=100us
11,2.279751799295166,-0.00900188715304941,-273.49913179832555,6.500868201674415,,-0.05149607870120978,0.040971209509494275,-126.04222493863564,13.957775061364332,7.456906859689918,-0.9003016067045405,True,0.9003016067045405,T=100us
12,2.481150394224736,-0.00768535725113032,-276.84684835776176,3.1531516422381833,,-0.16870365170100873,0.01181791600197929,-133.18162281128195,6.818377188718013,3.6652255464798293,-0.9512973057948714,True,0.9512973057948714,T=100us
13,2.4078280027396373,0.01580792288907763,-277.97770250176995,2.0222974982300155,,-0.03458586189216369,0.004918692629927275,-139.56217705106454,0.43782294893543255,-1.584474549294583,-0.9968726932218898,True,0.9968726932218898,T=100us
14,2.4350420889573634,0.007346409209724732,-279.0667630068974,0.9332369931025174,,-0.08278068156584562,0.007614851647661771,-138.14187953271716,1.8581204672828142,0.9248834741802969,-0.9867277109479798,True,0.9867277109479798,T=100us
15,2.3249660762845306,-0.01322144297890101,-276.30911856252834,3.690881437471597,,-0.06106556539142093,0.035075467558515185,-129.406340515218,10.59365948478197,6.902778047310374,-0.9243310036801288,True,0.9243310036801288,T=100us
16,2.3362129754574674,-0.007066222910193943,-277.94137447513043,2.0586255248695142,,-0.029617593414882484,0.02973208048118714,-132.75541137121462,7.244588628785362,5.185963103915848,-0.9482529383658188,True,0.9482529383658188,T=100us
17,2.459594137165197,-0.02503225841334245,-273.5427384511153,6.457261548884612,,-0.21294546566871853,0.021637234844642205,-127.28356349202834,12.71643650797164,6.259174959087028,-0.9091683106573454,True,0.9091683106573454,T=100us
18,2.5860877886743543,-0.035253997110744374,-256.25289120269036,23.747108797309572,,-0.36977189659047077,-0.009799398840832597,-113.88139445580784,26.118605544192146,2.371496746882573,-0.8134385318271989,True,0.8134385318271989,T=100us
19,2.4425137979560927,0.029999086651607054,-272.0688357854661,7.931164214533883,,-0.04133808439957827,-0.00768025873309233,-139.1794596961744,0.8205403038255707,-7.110623910708312,-0.9941389978298174,True,0.9941389978298174,T=100us
20,2.4178975068259647,-0.009330220237021463,-279.1732266890181,0.826773310981836,,-0.10224290778965196,0.02045688661781258,-134.5333202025436,5.466679797456372,4.639906486474536,-0.9609522871610259,True,0.9609522871610259,T=100us
21,2.3800505709573194,0.008698019027706705,-279.2325675059774,0.7674324940225746,,-0.01657618645900577,0.012898227806251689,-138.61415461180982,1.3858453881901414,0.6184128941675668,-0.9901011043700704,True,0.9901011043700704,T=100us
0,2.410325725653797,0.018000134183017706,-277.3668016414795,2.633198358520423,,-0.0331582883875701,0.003236467063124636,-139.69157192227746,0.3084280777225269,-2.3247702807978956,-0.9977969423019819,True,0.9977969423019819,T=100us
1,2.458550723124946,0.002464073656614397,-278.55255018794344,1.447449812056504,,-0.1195685225183838,0.008352617519687138,-136.54844077161405,3.4515592283859324,2.0041094163294284,-0.9753460055115291,True,0.9753460055115291,T=100us
2,2.4389039471420624,-0.0346050556645041,-269.8105140917203,10.18948590827967,,-0.26062896953622905,0.024288517532857313,-122.05807207095985,17.94192792904013,7.752442020760459,-0.8718433719354276,True,0.8718433719354276,T=100us
3,2.256963964533337,0.019622930936556485,-268.6766463747393,11.323353625260665,,0.07350989808453111,0.03616610656801801,-128.4450660827962,11.554933917203785,0.23158029194312096,-0.9174647577342586,True,0.9174647577342586,T=100us
4,2.3738176088480576,-0.007050794682075197,-279.3223705389953,0.6776294610046741,,-0.053111619006265466,0.024287528768852,-134.7095966276943,5.290403372305656,4.612773911300982,-0.962211404483531,True,0.962211404483531,T=100us
5,2.3032074731401844,0.002153941242280954,-276.15637394284835,3.843626057151606,,0.02005905282486007,0.030239102793450486,-132.6094219157686,7.390578084231392,3.5469520270797856,-0.9472101565412043,True,0.9472101565412043,T=100us
6,2.460741645564934,0.01439388847062493,-276.8388097383996,3.16119026160031,,-0.09993832878967288,4.488762241431e-06,-137.97191714879975,2.028082851200239,-1.1331074104000707,-0.9855136939199983,True,0.9855136939199983,T=100us
7,2.4230877119178857,0.004791997127842578,-279.59849187769805,0.40150812230191774,,-0.07346577057819223,0.010627049082368278,-137.99775549880854,2.0022445011914236,1.6007363788895057,-0.9856982535629184,True,0.9856982535629184,T=100us
8,2.408212858044283,0.030846249743530434,-272.36768571748695,7.632314282512982,,0.0018971595437728022,-0.003666642777707869,-139.8918114796684,0.10818852033157082,-7.524125762181411,-0.9992272248547744,True,0.9992272248547744,T=100us
9,2.26921916941915,0.004146064610241389,-272.9524287881206,7.047571211879349,,0.019887793980273336,0.037514670640419856,-128.67097668214123,11.329023317858754,4.281452105979404,-0.9190784048724374,True,0.9190784048724374,T=100us
10,2.362579370231458,0.01911852723728795,-276.5063626085772,3.4936373914227468,,0.02595687501821749,0.008979385933557479,-139.2178302361621,0.7821697638378927,-2.711467627584854,-0.9944130731154436,True,0.9944130731154436,T=100us
11,2.400075183311995,-0.009785318976865657,-279.2347031902835,0.7652968097164883,,-0.08610758828262083,0.022800812117887474,-134.33651286630095,5.663487133699042,4.898190323982553,-0.9595465204735782,True,0.9595465204735782,T=100us
12,2.412821301540045,0.0018516569497779905,-279.9053567966433,0.09464320335670175,,-0.06755862110140907,0.013731840285855166,-137.56245440601612,2.437545593983874,2.3429023906271724,-0.9825889600429724,True,0.9825889600429724,T=100us
13,2.6290774963706913,0.03258213357616524,-250.85010950200768,29.14989049799228,,-0.12523715807661925,-0.03919702877250461,-124.548723303014,15.45127669698598,-13.6986138010063,-0.8896337378786715,True,0.8896337378786715,T=100us
14,2.488963558494762,-0.0027435901644918665,-276.7207564755831,3.2792435244168776,,-0.16581222728833742,0.007901789571456232,-133.98875335860464,6.0112466413953305,2.7320031169784524,-0.9570625239900333,True,0.9570625239900333,T=100us
15,2.3564313901174034,-0.0036718784934005456,-279.1167766189661,0.8832233810338547,,-0.027529855064307163,0.024428500468203773,-135.0755703019086,4.924429698091356,4.041206317057502,-0.9648255021564903,True,0.9648255021564903,T=100us
16,2.336140077179255,-0.019156020837760065,-275.4038185444269,4.596181455573091,,-0.10192705597284941,0.03605862087562525,-127.499070380817,12.50092961918297,7.904748163609879,-0.9107076455772645,True,0.9107076455772645,T=100us
17,2.4954731132462777,-0.008717448624979165,-275.68846344290614,4.311536557093799,,-0.18806689820249864,0.01031439350677255,-132.0989152089914,7.901084791008587,3.5895482339147873,-0.9435636800642244,True,0.9435636800642244,T=100us
18,2.5587911705103252,0.012851549821034985,-268.5526443430333,11.447355656966671,,-0.19781490296866036,-0.013395529293706417,-130.7863868561496,9.213613143850386,-2.2337425131162836,-0.9341884775439258,True,0.9341884775439258,T=100us
19,2.353554344745062,0.01594041233266846,-277.08805652148175,2.9119434785182174,,0.028257802114329544,0.01223266017390293,-138.6407959037915,1.359204096208467,-1.5527393823097502,-0.9902913993127966,True,0.9902913993127966,T=100us
20,2.485521037622309,0.023265175329123308,-272.69787727343,7.302122726569962,,-0.10661694970916931,-0.00892761436125538,-137.05710117024455,2.9428988297554297,-4.359223896814532,-0.9789792940731755,True,0.9789792940731755,T=100us
21,2.4361211205294815,-0.0030615858695355585,-279.39184190242133,0.6081580975786042,,-0.10500384054155862,0.014476247220198317,-136.08790092674548,3.912099073254512,3.3039409756759075,-0.9720564351910392,True,0.9720564351910392,T=100us
0,2.4196942443799134,0.009675264025990058,-279.09319805148334,0.9068019485166224,,-0.060360037431540475,0.007666917874015041,-138.7869506940742,1.2130493059257925,0.3062473574091702,-0.9913353621005301,True,0.9913353621005301,T=100us
1,2.405425348967108,-0.0032406095992390557,-279.90402614212934,0.09597385787061605,,-0.07140505910248748,0.017978370563884807,-136.377644635679,3.6223553643209914,3.526381506450375,-0.9741260331119929,True,0.9741260331119929,T=100us
2,2.3870453841524037,-0.025192857970482808,-274.8587209028415,5.141279097158404,,-0.15834220758345072,0.031417577603171445,-127.07538146453344,12.924618535466546,7.7833394383081425,-0.907681296175239,True,0.907681296175239,T=100us
3,2.3465239626553807,-0.04266667487542202,-264.2828053509079,15.717194649092088,,-0.33876950166725234,0.02743110051984205,-112.37404924380508,27.62595075619491,11.908756107102823,-0.8026717803128934,True,0.8026717803128934,T=100us
4,2.413652069062091,0.015732768010132594,-277.94547988530513,2.0545201146948315,,-0.04173406891686611,0.004304536910657132,-139.49610036866008,0.5038996313398937,-1.550620483354938,-0.9964007169190008,True,0.9964007169190008,T=100us
5,2.4825372900258627,0.01617852623992513,-275.13497788466776,4.865022115332222,,-0.12051811678652596,-0.0037995594001973515,-136.9449969040419,3.0550030959580803,-1.8100190193741412,-0.9781785493145851,True,0.9781785493145851,T=100us
6,2.4194321759433017,0.005208426726954603,-279.6287510570967,0.3712489429033008,,-0.06840261562737879,0.010733569825501645,-138.12541658442856,1.8745834155714065,1.5033344726681057,-0.9866101184602042,True,0.9866101184602042,T=100us
7,2.347149622456785,-0.0037849929646410793,-278.74517940106256,1.2548205989373966,,-0.021566010715533636,0.025887760687294172,-134.54856724472842,5.451432755271552,4.196612156334155,-0.9610611946052032,True,0.9610611946052032,T=100us
8,2.4698356167551303,0.008664392645355791,-277.41196059616965,2.5880394038303063,,-0.12115780562899786,0.0028729689999421127,-136.9634572152002,3.0365427847997797,0.4485033809694732,-0.9783104086800015,True,0.9783104086800015,T=100us
9,2.4642365994856257,-0.005239941054108831,-278.09759544686904,1.9024045531309002,,-0.14278258540600108,0.012593635179125885,-134.62388840181163,5.376111598188361,3.473707045057461,-0.9615992028700832,True,0.9615992028700832,T=100us
10,2.3352005220322365,0.027981343052053298,-272.0297965420838,7.97020345791616,,0.07933937376542388,0.010377125322585636,-137.85769109200817,2.1423089079918074,-5.827894549924353,-0.9846977935143443,True,0.9846977935143443,T=100us
11,2.3460105450142184,-0.030482889269543796,-271.38348757666506,8.616512423334878,,-0.20066561154955856,0.03615334936696697,-121.5546732339629,18.44532676603707,9.828814342702191,-0.8682476659568781,True,0.8682476659568781,T=100us
12,2.3588746336575057,-0.007118008840882894,-278.9040213842009,1.0959786157990554,,-0.042199886869620076,0.026346635975060623,-134.0883113770548,5.911688622945176,4.81571000714612,-0.9577736526932488,True,0.9577736526932488,T=100us
13,2.4203729919813735,0.02348715410379392,-275.42126305144905,4.578736948550907,,-0.03310032627729125,-0.0012954469497314957,-139.7626618756582,0.2373381243417622,-4.341398824209145,-0.9983047276832732,True,0.9983047276832732,T=100us
14,2.5089293738781446,0.011109061667010514,-274.20140451916524,5.798595480834709,,-0.15891446256324823,-0.0038620129265635322,-134.8094157513381,5.190584248661883,-0.6080112321728248,-0.9629243982238437,True,0.9629243982238437,T=100us
15,2.566513088301604,0.0101181723006232,-268.0658144186797,11.93418558132027,,-0.21082541630036503,-0.013163461990096638,-129.81257353667417,10.187426463325819,-1.7467591179944504,-0.9272326681191013,True,0.9272326681191013,T=100us
16,2.399830015459646,-0.0047815692013784125,-279.81725411789796,0.182745882101999,,-0.06981562002101097,0.01963501646539963,-135.92519905847834,4.074800941521635,3.8920550594196355,-0.9708942789891312,True,0.9708942789891312,T=100us
17,2.458439348823791,0.003633323978881471,-278.5008728167057,1.499127183294303,,-0.11720650619328737,0.007584849411891304,-136.75831393081876,3.2416860691812333,1.74255888588693,-0.9768450995058483,True,0.9768450995058483,T=100us
18,2.5320239549063217,0.005895175414879915,-272.68173681396985,7.318263186030087,,-0.1932215390728131,-0.00402600472158949,-132.4384388249675,7.561561175032467,0.2432979890023796,-0.9459888487497681,True,0.9459888487497681,T=100us
19,2.3504903353328075,-0.02812233160301407,-272.6781009666239,7.321899033376045,,-0.1763929632377705,0.03598563981734364,-123.4282945342733,16.571705465726666,9.249806432350619,-0.8816306752448095,True,0.8816306752448095,T=100us
20,2.5619144102541975,0.03031098917901055,-262.134953030099,17.865046969900963,,-0.137385886104598,-0.025049827890812938,-131.17680906914276,8.823190930857205,-9.04185603904376,-0.9369772076367342,True,0.9369772076367342,T=100us
21,2.2922473674669464,-0.010738574513346788,-274.36863236201975,5.631367637980226,,-0.05427684730269529,0.03940523778966743,-126.98829259596303,13.011707404036944,7.380339766056718,-0.9070592328283076,True,0.9070592328283076,T=100us
0,2.4217494669170283,-0.0055555409100023585,-279.55987383474405,0.4401261652558956,,-0.09514819608956797,0.017670113197584103,-135.66492288341053,4.335077116589455,3.8949509513335587,-0.9690351634529325,True,0.9690351634529325,T=100us
1,2.5003284203579645,0.024934718043565098,-270.9431283263696,9.05687167363034,,-0.11607501349822853,-0.01198370031040322,-136.12326085583632,3.876739144163648,-5.180132529466692,-0.9723090061131168,True,0.9723090061131168,T=100us
2,2.370218290418474,0.026907623764322722,-273.85071676093685,6.149283239063099,,0.0369489267630609,0.003852871870787708,-139.60238584369839,0.3976141563016016,-5.751669082761497,-0.9971598988835599,True,0.9971598988835599,T=100us
3,2.421069988660765,-0.008511710907712793,-279.23940169217985,0.760598307820089,,-0.10297414047539986,0.01959675268369609,-134.77844562957907,5.2215543704209235,4.460956062600834,-0.962703183068422,True,0.962703183068422,T=100us
4,2.3369564464158503,-0.017384281381367522,-275.9633802915414,4.036619708458549,,-0.0890944659199385,0.035246221822826725,-128.4567861390712,11.543213860928784,7.506594152470235,-0.9175484724219373,True,0.9175484724219373,T=100us
5,2.424852877616876,0.007363168924514338,-279.3141152659695,0.6858847340304243,,-0.07071184008426164,0.008686456961754392,-138.37790935835656,1.6220906416434209,0.9362059076129966,-0.9884136382739755,True,0.9884136382739755,T=100us
6,2.504667027739302,0.02127039017311492,-271.93803537822953,8.061964621770443,,-0.13047928698001535,-0.010173617437453512,-135.7333901573352,4.2666098426647805,-3.795354779105663,-0.9695242154095373,True,0.9695242154095373,T=100us
7,2.4398199212871226,-0.014682673492583046,-277.6290764389816,2.37092356101834,,-0.14416465510209628,0.0208170801253804,-132.34924512713482,7.650754872865148,5.2798313118468085,-0.9453517509081061,True,0.9453517509081061,T=100us
8,2.491662792490288,-0.013024980413847576,-275.22791324617253,4.772086753827446,,-0.19645006596531214,0.01294946415007909,-130.9843017979725,9.015698202027464,4.243611448200019,-0.9356021556998038,True,0.9356021556998038,T=100us
9,2.3481941839629856,-0.008387391728509191,-278.3419691868391,1.6580308131608854,,-0.04119604681192013,0.02870320244692708,-133.06854530582348,6.93145469417649,5.273423881015605,-0.9504896093273107,True,0.9504896093273107,T=100us
10,2.3595790637053056,0.010140855484563418,-278.51049181127144,1.4895081887285,,0.0083640425767502,0.014793877004070973,-138.23647871088946,1.7635212891105236,0.27401310038202376,-0.9874034193634963,True,0.9874034193634963,T=100us
11,2.33706426047633,-0.004791483514639136,-278.2008288246913,1.799171175308621,,-0.01992750694026217,0.028146261781975948,-133.58710199158077,6.412898008419224,4.6137268331106025,-0.9541935856541484,True,0.9541935856541484,T=100us
12,2.394096377213168,0.005566341606563441,-279.7381039379162,0.2618960620837199,,-0.03872226239008354,0.013295483862074194,-138.28081969436022,1.7191803056397492,1.4572842435560291,-0.9877201406740018,True,0.9877201406740018,T=100us
13,2.33378730313507,0.024039459578250655,-273.59345423975407,6.406545760245863,,0.06935625363974281,0.012072983025030534,-137.85458305251564,2.1454169474843523,-4.261128812761511,-0.9846755932322546,True,0.9846755932322546,T=100us
14,2.306300035173025,-0.01032219054832683,-275.57970411636535,4.42029588363462,,-0.04501722943980668,0.03671493960208749,-128.81241015686706,11.187589843132917,6.767293959498296,-0.920088643977622,True,0.920088643977622,T=100us
15,2.4245073989378896,0.009969442819045762,-278.9600390819215,1.0399609180784917,,-0.06552913600442829,0.006951354081343491,-138.73821995297004,1.261780047029945,0.22181912895145325,-0.9909872853783576,True,0.9909872853783576,T=100us
16,2.4030264553397016,-0.012999038566963954,-278.6457328259904,1.3542671740095156,,-0.10114975507684655,0.0243480255007633,-133.18469968567894,6.815300314321032,5.461033140311516,-0.9513192834691355,True,0.9513192834691355,T=100us
17,2.242687923612408,-0.035624223600957385,-259.9140343002926,20.08596569970738,,-0.4145958523715568,0.025898025764439305,-103.54778763135573,36.452212368644254,16.36624666893687,-0.7396270545096839,True,0.7396270545096839,T=100us
18,2.4217643505762836,-0.015001713355986764,-278.00758092607003,1.9924190739299268,,-0.1270437246655255,0.023184640770114166,-132.44111256800946,7.558887431990528,5.566468358060601,-0.9460079469143534,True,0.9460079469143534,T=100us
19,2.4376178206363024,0.01614515349487719,-277.338344472829,2.6616555271709217,,-0.06957868001912335,0.0013897711900860566,-138.99782077457118,1.002179225428809,-1.6594763017421126,-0.9928415769612228,True,0.9928415769612228,T=100us
20,2.335065266856237,0.01424201390842285,-276.6592330617933,3.340766938206629,,0.0419774486268725,0.016519727231058975,-137.45889156421106,2.541108435788914,-0.7996585024177149,-0.9818492254586506,True,0.9818492254586506,T=100us
21,2.318909772037559,0.0007207607013774824,-277.3187217527261,2.6812782472738768,,0.010267328210651527,0.027854421017882845,-133.7773654328406,6.222634567159376,3.541356319885499,-0.9555526102345758,True,0.9555526102345758,T=100us
0,2.323487036136887,0.026492270622203756,-272.00591115222477,7.9940888477751955,,0.08587569196242127,0.013671623489067256,-137.00577092428028,2.994229075719687,-4.999859772055508,-0.9786126494591451,True,0.9786126494591451,T=100us
1,2.406092037404268,-0.005517588272862416,-279.7414983194042,0.25850168059576817,,-0.07835602834887673,0.01940139614248887,-135.74132255011162,4.258677449888371,4.0001757692926025,-0.9695808753579402,True,0.9695808753579402,T=100us
2,2.4816804871089806,0.010758655931792607,-276.35883571692057,3.641164283079396,,-0.13059597257726993,1.7577629394172398e-05,-136.55454573036457,3.4454542696354076,-0.1957100134439886,-0.9753896123597471,True,0.9753896123597471,T=100us
3,2.251573342099175,-0.0023695564611571273,-271.08622892518355,8.91377107481638,,-0.039799237563053654,0.0443259101317769,-123.97297256358067,16.027027436419303,7.113256361602924,-0.885521232597005,True,0.885521232597005,T=100us
4,2.540491781948828,0.005374093377711206,-271.8099395233313,8.190060476668624,,-0.20235265957311768,-0.005175787663578181,-131.6561225482006,8.34387745179937,0.15381697513074719,-0.9404008753442902,True,0.9404008753442902,T=100us
5,2.5648664698113546,-0.04721418362808362,-251.28195393029247,28.71804606970748,,-0.40929437142844616,-0.01416942190426181,-108.00093440593596,31.999065594064014,3.2810195243565357,-0.7714352457566855,True,0.7714352457566855,T=100us
6,2.443461665772414,-0.018190720252280166,-276.58362091876273,3.416379081237223,,-0.16250247763873327,0.021935892743004167,-130.85564779320666,9.144352206793315,5.727973125556091,-0.9346831985229049,True,0.9346831985229049,T=100us
7,2.34678579616139,0.008224313243233663,-278.30335636854727,1.6966436314526938,,0.0158613525399943,0.018032664174437038,-137.34959693408777,2.65040306591221,0.9537594344595164,-0.9810685495291985,True,0.9810685495291985,T=100us
8,2.4171161387505817,-0.015695786540193473,-277.91118266954686,2.0888173304531144,,-0.1255469787507756,0.02409797807206989,-132.17150913815172,7.828490861848267,5.739673531395153,-0.9440822081296553,True,0.9440822081296553,T=100us
9,2.495325872936283,0.010505242423316094,-275.4251348908892,4.574865109110748,,-0.1459927761535836,-0.0015624523371457022,-135.68804493695438,4.311955063045586,-0.26291004606516205,-0.9692003209782458,True,0.9692003209782458,T=100us
10,2.3231822739030066,-0.007492298175580086,-277.1477144895121,2.852285510487831,,-0.02791256338915088,0.03217456691937175,-131.5669470248476,8.433052975152373,5.580767464664542,-0.9397639073203402,True,0.9397639073203402,T=100us
11,2.4642654211597783,0.011194756643606654,-277.3139059382334,2.6860940617665725,,-0.11006205381375127,0.0017877462956919006,-137.51848031631707,2.481519683682898,-0.2045743780836746,-0.982274859402265,True,0.982274859402265,T=100us
12,2.3858280399182217,-0.009773506478351356,-279.1544011424809,0.8455988575190521,,-0.07327802902642543,0.024507132615601977,-134.10571714355083,5.894282856449148,5.048683998930096,-0.9578979795967918,True,0.9578979795967918,T=100us
13,2.2973538595577354,-0.0070052931519629215,-275.330543392645,4.669456607354958,,-0.027042507460221802,0.03666865053236841,-129.1039622318377,10.89603776816227,6.226581160807313,-0.9221711587988409,True,0.9221711587988409,T=100us
14,2.346066085300299,0.0027425170531536437,-278.75242941271387,1.2475705872860954,,0.0011495763398858487,0.021717837938718537,-136.22998626486344,3.770013735136549,2.5224431478504536,-0.9730713304633104,True,0.9730713304633104,T=100us
15,2.3557460685990157,0.015000656447608358,-277.40153045885614,2.5984695411438308,,0.023718716352421603,0.012415693307143223,-138.65294756750464,1.3470524324953281,-1.2514171086485024,-0.9903781969107477,True,0.9903781969107477,T=100us
16,2.392201215767606,-0.0021312785829355925,-279.9388155918952,0.061184408104775725,,-0.05472441793537711,0.018752254480143265,-136.57826522687336,3.421734773126612,3.3605503650218362,-0.9755590373348099,True,0.9755590373348099,T=100us
17,2.40319607293933,0.015507755138226208,-278.07371900246125,1.9262809975387243,,-0.0296244717629388,0.005648180659998104,-139.56563156530882,0.4343684346911601,-1.4919125628475642,-0.9968973683236346,True,0.9968973683236346,T=100us
18,2.378560601406273,0.004920464814189116,-279.61852249482314,0.38147750517682677,,-0.023313109665304824,0.015618435293601048,-137.93923778640698,2.0607622135930037,1.679284708416177,-0.9852802699029071,True,0.9852802699029071,T=100us
19,2.411895355893058,0.01607928850807288,-277.8757303903161,2.124269609683843,,-0.03893797226962428,0.004279384830945214,-139.5438545797273,0.45614542027266136,-1.6681241894111816,-0.9967418184266238,True,0.9967418184266238,T=100us
20,2.3314295664661815,0.008305983131278488,-277.5317086868767,2.468291313123239,,0.0286567118350022,0.02070009448464076,-136.40742208323354,3.5925779167664396,1.1242866036432004,-0.974338729165954,True,0.974338729165954,T=100us
21,2.4371265215751663,-0.01725879508189134,-277.0560178388006,2.9439821611993766,,-0.1519401295973266,0.022359165729547496,-131.36101775008532,8.638982249914642,5.695000088715266,-0.9382929839291811,True,0.9382929839291811,T=100us
0,2.37080625964147,-0.01769476347345246,-277.149096334671,2.8509036653289415,,-0.10096507072780471,0.03082349657916748,-130.3368348904397,9.663165109560278,6.812261444231337,-0.9309773920745694,True,0.9309773920745694,T=100us
1,2.4596327158825857,-0.008544408593663642,-277.9655297962751,2.0344702037248537,,-0.14604756754886417,0.01509312322663415,-133.88369038296028,6.116309617039692,4.081839413314838,-0.9563120741640022,True,0.9563120741640022,T=100us
2,2.478448899149883,-0.032110224686821474,-269.25294292008635,10.747057079913603,,-0.2735487635830093,0.018357755058857898,-122.80769684720697,17.19230315279301,6.445246072879408,-0.877197834622907,True,0.877197834622907,T=100us
3,2.4250034254080077,0.015234331391220966,-277.8894459715616,2.110554028438349,,-0.05632203289662014,0.0033714391981004635,-139.26180656638056,0.7381934336194287,-1.3723605948189206,-0.9947271897598612,True,0.9947271897598612,T=100us
4,2.4487426419468994,0.029657482236552696,-271.999888092252,8.000111907747954,,-0.049397521673935275,-0.008264311610605583,-138.95590474954798,1.0440952504519938,-6.95601665729596,-0.9925421767824858,True,0.9925421767824858,T=100us
5,2.2730331943716413,-0.005390707601549622,-273.2500725655997,6.749927434400266,,-0.03252969391932365,0.0408414527336817,-126.45216263102562,13.547837368974363,6.797909934574097,-0.9032297330787545,True,0.9032297330787545,T=100us
6,2.51231746771891,0.010494169661552068,-274.00635432370404,5.993645676295935,,-0.16366453582495866,-0.003940248395472153,-134.5028110733172,5.497188926682776,-0.4964567496131582,-0.9607343648094088,True,0.9607343648094088,T=100us
7,2.343410075317525,0.005880511199617469,-278.41660853730565,1.583391462694301,,0.012394726021587761,0.020097621570220357,-136.74032378162912,3.2596762183708736,1.6762847556765723,-0.9767165984402081,True,0.9767165984402081,T=100us
8,2.3955649902063927,0.006201228608638584,-279.6846030195054,0.31539698049456266,,-0.03904947185525554,0.012694379491321716,-138.40048865865447,1.599511341345516,1.2841143608509533,-0.9885749189903892,True,0.9885749189903892,T=100us
9,2.3778925726082365,0.0028586928908529386,-279.734819471538,0.26518052846196233,,-0.027499512576469615,0.017101486744524167,-137.50793300615047,2.4920669938495017,2.226886465387539,-0.9821995214725036,True,0.9821995214725036,T=100us
10,2.4028447278503697,-0.009030118857226254,-279.3449627336181,0.6550372663818365,,-0.08611405893112502,0.022010270869002875,-134.61941914382956,5.380580856170422,4.725543589788585,-0.9615672795987827,True,0.9615672795987827,T=100us
11,2.3709418625981376,-0.0398712576047727,-266.94909277865327,13.050907221346705,,-0.29454204344829027,0.029364806951657666,-116.44156351199624,23.558436488003736,10.50752926665703,-0.8317254536571161,True,0.8317254536571161,T=100us
12,2.3015880896374648,-0.018460163893791084,-273.34228486345285,6.657715136547091,,-0.1093749002497044,0.04054181284887783,-124.43766963717195,15.562330362828028,8.904615226280939,-0.8888404974083712,True,0.8888404974083712,T=100us
13,2.656740724209988,-0.010995322530421063,-253.32615087411892,26.67384912588102,,-0.3006385605945983,-0.028764720487380442,-116.06825439936722,23.931745600632762,-2.7421035252482566,-0.8290589599954802,True,0.8290589599954802,T=100us
14,2.3652444608250116,-0.017542772914653663,-277.046619347267,2.9533806527329984,,-0.09739021828510341,0.03147479688068257,-130.15551305117603,9.844486948823949,6.8911062960909515,-0.9296822360798289,True,0.9296822360798289,T=100us
15,2.218375301541251,-0.015595333232204087,-264.88137051331034,15.118629486689604,,-0.24605153007049282,0.04534423100180247,-111.71529348302023,28.28470651697975,13.166077030290145,-0.7979663820215732,True,0.7979663820215732,T=100us
16,2.406453154806299,0.015329364854168347,-278.10482922703653,1.8951707729634073,,-0.033882874597683584,0.005384746886282928,-139.53362611682866,0.4663738831713276,-1.4287968897920797,-0.9966687579773477,True,0.9966687579773477,T=100us
17,2.3223450455322543,0.057423847343703247,-251.18890761138874,28.81109238861121,,0.18025928869498853,0.02502716424552572,-128.5028427514313,11.497157248568689,-17.313935140042524,-0.9178774482245093,True,0.9178774482245093,T=100us
18,2.424843565618018,-0.015596201825436976,-277.8035340754478,2.196465924552151,,-0.13254872954885025,0.023109398427603893,-132.1837575477007,7.816242452299265,5.6197765277471134,-0.944169696769291,True,0.944169696769291,T=100us
19,2.3269800568729706,-0.0191899409776863,-274.88401337087834,5.115986629121616,,-0.10337341537354074,0.03731363192005533,-126.70329497507964,13.296705024920335,8.180718395798719,-0.9050235355362833,True,0.9050235355362833,T=100us
20,2.374984340529973,-0.03178000862789209,-271.67201490319326,8.327985096806676,,-0.2102157359636153,0.033020960493775786,-122.5318773998835,17.46812260011648,9.140137503309804,-0.8752276957134537,True,0.8752276957134537,T=100us
21,2.3740025886680525,-0.0035622301630017176,-279.6222285622511,0.37777143774884625,,-0.0414777143529611,0.021955047244301702,-135.79600270246638,4.203997297533592,3.8262258597847456,-0.9699714478747601,True,0.9699714478747601,T=100us
0,2.442301014934906,-0.03102477481804917,-271.5759417340373,8.424058265962623,,-0.23582497808450711,0.024485235516737033,-124.28282054509083,15.71717945490915,7.293121188946527,-0.8877344324649347,True,0.8877344324649347,T=100us
1,2.488983284905512,0.004862008561386505,-276.5905642990191,3.409435700980884,,-0.15014067648561272,0.0030713238719081533,-135.3888377493754,4.61116225062458,1.2017265496436962,-0.967063126781253,True,0.967063126781253,T=100us
2,2.3676193782091266,-0.013233002366891705,-278.17182563616785,1.8281743638321,,-0.07504754435727923,0.02890428529527187,-132.17537499611015,7.824625003889829,5.99645064005773,-0.9441098214007869,True,0.9441098214007869,T=100us
3,2.30020506647327,0.0113486864828522,-274.92601574298214,5.073984257017799,,0.055107881014802136,0.02583280985213632,-134.046583328962,5.953416671037991,0.879432414020192,-0.9574755952068715,True,0.9574755952068715,T=100us
4,2.393079593495314,-0.010958159132861082,-279.02066815135896,0.9793318486410085,,-0.08412791188569162,0.02434829989520835,-133.8215717260178,6.178428273982182,5.199096425341173,-0.9558683694715558,True,0.9558683694715558,T=100us
5,2.2484326126783176,0.0021792697340972953,-270.72017016066036,9.279829839339579,,-0.015358584190508964,0.043670687912244086,-124.70917227172761,15.29082772827237,6.010997888932791,-0.8907798019409117,True,0.8907798019409117,T=100us
6,2.2613889634926183,-0.0015329469116124022,-272.2307009072869,7.769299092713019,,-0.02005835380461736,0.04185685802436709,-125.91502588853642,14.084974111463554,6.315675018750536,-0.8993930420609746,True,0.8993930420609746,T=100us
7,2.349012772908684,-0.005205539529959949,-278.7219373572263,1.27806264277368,,-0.028214572822399867,0.026537676365342218,-134.20861302710563,5.791386972894353,4.513324330120673,-0.9586329501936117,True,0.9586329501936117,T=100us
8,2.430663960389371,0.039715306617844004,-267.0091099372179,12.990890062782075,,0.007929528143997076,-0.010397646835400917,-139.12306977584953,0.876930224150445,-12.11395983863163,-0.9937362126846396,True,0.9937362126846396,T=100us
9,2.3781415652694116,0.004715795456871994,-279.626868393321,0.37313160667894996,,-0.023347511515835022,0.015810140419014906,-137.89075519325812,2.1092448067418634,1.7361132000629136,-0.9849339656661296,True,0.9849339656661296,T=100us
10,2.2275689616990673,-0.0064384419657351425,-267.76590382851055,12.234096171489407,,-0.12588607591980802,0.04867198167914753,-117.8620181884491,22.137981811550883,9.903885640061477,-0.8418715584889223,True,0.8418715584889223,T=100us
11,2.4068497398750215,0.0024551514809968435,-279.93263020812543,0.06736979187451568,,-0.059543169044754596,0.013974853552555202,-137.7157945978886,2.284205402111386,2.21683561023687,-0.9836842471277758,True,0.9836842471277758,T=100us
12,2.43993533544339,-0.0005389085136643727,-279.3460127612543,0.6539872387456205,,-0.10378963106523108,0.012408563511507362,-136.58323070706203,3.416769292937946,2.7627820541923254,-0.9755945050504432,True,0.9755945050504432,T=100us
13,2.4435569786146747,-0.02144362832963536,-275.5497986890522,4.450201310947799,,-0.17811162235385092,0.023097583044999842,-129.39523899048967,10.60476100951029,6.154559698562491,-0.9242517070749264,True,0.9242517070749264,T=100us
14,2.389419184580293,-0.00155750138057566,-279.9348167836818,0.06518321631812872,,-0.05037473290429611,0.018693274416131216,-136.68904650345732,3.3109534965426595,3.2457702802245305,-0.9763503321675524,True,0.9763503321675524,T=100us
15,2.418466775592418,0.008903323151437862,-279.22697405296793,0.7730259470320358,,-0.060332519516268876,0.008322055555279899,-138.7039059287432,1.2960940712567584,0.5230681242247226,-0.9907421852053089,True,0.9907421852053089,T=100us
16,2.4207109960537716,0.013337654761218827,-278.40278186244285,1.5972181375571306,,-0.05478856933815235,0.005096863878344715,-139.17972005469596,0.8202799453040207,-0.7769381922531099,-0.9941408575335428,True,0.9941408575335428,T=100us
17,2.548023753595918,-0.012184199796602124,-269.9919097370078,10.008090262992146,,-0.2552047928431655,0.0022997570243165305,-127.25008771986815,12.749912280131824,2.7418220171396768,-0.9089291979990584,True,0.9089291979990584,T=100us
18,2.258270123620787,0.05676335277888844,-246.14970304082738,33.85029695917258,,0.04294970486585206,0.055034646895699056,-115.41563251294892,24.58436748705106,-9.265929472121524,-0.8243973750924924,True,0.8243973750924924,T=100us
19,2.252733266737392,-0.018096623637065604,-268.6495824116428,11.35041758835713,,-0.17716745707815634,0.04527308295538378,-117.34301406500893,22.65698593499104,11.306568346633913,-0.8381643861786354,True,0.8381643861786354,T=100us
20,2.4615520422958284,0.021998954985942898,-274.58642375193324,5.413576248066742,,-0.08448901027857111,-0.005159442302643918,-138.33471654771654,1.6652834522834448,-3.7482927957832977,-0.9881051181979754,True,0.9881051181979754,T=100us
21,2.4475879061686,-0.0040863276547523746,-278.9416494440078,1.0583505559921762,,-0.12063699431009771,0.013846205707192201,-135.52235296576865,4.4776470342313335,3.419296478239157,-0.9680168068983476,True,0.9680168068983476,T=100us
0,2.4890185052479508,-0.006464532741511074,-276.4429581509447,3.5570418490552522,,0.152711103615218,0.003776097598615043,-135.19628473272044,4.803715267279526,1.2466734182242736,-0.9656877480908606,True,0.9656877480908606,T=200us
1,2.3777344679105683,0.0031055365520852377,-279.7201848438982,0.2798151561017556,,0.012721000259328877,-0.002426265628268054,-139.91985431678984,0.08014568321012665,-0.19966947289162895,-0.9994275308342134,True,0.9994275308342134,T=200us
2,2.321577840548703,-0.00489520175177045,-277.3038438504978,2.6961561495021718,,-0.020594338363611527,-0.0145840757464034,-138.213323234157,1.786676765842971,-0.9094793836592006,-0.9872380231011216,True,0.9872380231011216,T=200us
3,2.399062218747594,-0.008642239295257183,-279.4026995341008,0.5973004658991262,,0.06147342642958952,-0.009546961142658109,-138.50069718559183,1.499302814408158,0.9020023485090317,-0.9892906941827989,True,0.9892906941827989,T=200us
4,2.247843459375354,-0.009686229206561228,-269.93747755739025,10.062522442609694,,0.021727535284235943,-0.031101762185081712,-132.172240799687,7.827759200312991,-2.2347632422967028,-0.9440874342834786,True,0.9440874342834786,T=200us
5,2.385526069500879,-0.00164915359741603,-279.89257438611986,0.10742561388009574,,0.030098682736448126,-0.0055135868946812475,-139.5718532024144,0.4281467975855903,0.3207211837054946,-0.9969418085886743,True,0.9969418085886743,T=200us
6,2.2602527900709557,-0.004902522947113259,-271.93161767855923,8.0683823214407,,-0.02579964849758223,-0.026157776934492276,-134.395265453525,5.604734546474975,-2.463647774965725,-0.959966181810893,True,0.959966181810893,T=200us
7,2.353775806448007,0.01445783381370611,-277.4566268041835,2.543373195816469,,-0.036565851340070836,0.0036006794390431537,-139.62315838220476,0.37684161779522224,-2.166531578021247,-0.9973082741586056,True,0.9973082741586056,T=200us
8,2.4806283392969175,-0.014806014106460553,-275.60105642882473,4.398943571175193,,0.17121369025946936,-0.0009309823886798107,-134.12363724048976,5.876362759510219,1.477419188335025,-0.9580259802892127,True,0.9580259802892127,T=200us
9,2.4426399665969,0.009395169569136646,-278.5517124450582,1.44828755494181,,0.07100892101928408,0.007838408609985541,-138.48136542904612,1.5186345709538613,0.07034701601205146,-0.9891526102074725,True,0.9891526102074725,T=200us
10,2.4078255076266926,-0.016197811347053153,-277.87798366239866,2.122016337601273,,0.09843252639915909,-0.013078456834786992,-136.66507134331405,3.3349286566859337,1.212912319084661,-0.9761790810236719,True,0.9761790810236719,T=200us
11,2.254995757308305,0.005809471316692192,-271.2594631577279,8.740536842272075,,-0.0768350955908993,-0.021376100368762863,-135.14560114691756,4.854398853082418,-3.8861379891896566,-0.9653257224779828,True,0.9653257224779828,T=200us
12,2.280620100244591,0.006110729439105566,-273.931696419816,6.0683035801839615,,-0.07840979043441973,-0.014258938916106636,-137.1230776551189,2.8769223448810854,-3.1913812353028757,-0.9794505546794208,True,0.9794505546794208,T=200us
13,2.4048188720077497,-0.0158251027850019,-277.9889263182378,2.011073681762112,,0.0936232665722677,-0.013245424025995062,-136.81633911132195,3.183660888678022,1.1725872069159098,-0.9772595650808713,True,0.9772595650808713,T=200us
14,2.3688797683700678,0.003398215383748735,-279.5117961131421,0.48820388685782634,,0.002451577573138585,-0.0029202974093588373,-139.9306101472392,0.06938985276077694,-0.4188140340970494,-0.9995043581945658,True,0.9995043581945658,T=200us
15,2.3793477101776523,0.03304543746735857,-271.09783497938804,8.902165020611903,,-0.0818226228699355,0.0149161768925137,-136.85901340919546,3.140986590804531,-5.761178429807372,-0.9775643814942534,True,0.9775643814942534,T=200us
16,2.390758469155178,-0.00968898794208526,-279.2147628239998,0.7852371760001617,,0.05573085877505435,-0.011004682089575156,-138.39823386863668,1.6017661313633054,0.8165289553631436,-0.9885588133474049,True,0.9885588133474049,T=200us
17,2.501009202427031,0.02539136831382562,-270.70420271848724,9.295797281512716,,0.034932794444172716,0.027249024814593695,-133.81616660095884,6.183833399041132,-3.1119638824715845,-0.9558297614354205,True,0.9558297614354205,T=200us
18,2.3609803043166098,0.02295634040977217,-275.1658843975473,4.83411560245268,,-0.0537587521529605,0.009213856854029357,-138.7315957109376,1.2684042890623926,-3.5657113133902882,-0.9909399693638401,True,0.9909399693638401,T=200us
19,2.2896688345632246,-0.010418562479264851,-274.19666293429566,5.803337065704306,,-0.0029906309492042115,-0.023782447123434625,-135.47761623799644,4.522383762003548,-1.2809533037007588,-0.9676972588428318,True,0.9676972588428318,T=200us
20,2.480255057693215,0.004398721251963615,-277.2228335375504,2.7771664624495416,,0.11679684704975635,0.008868057128587964,-136.6087934902536,3.3912065097463753,0.614040047296834,-0.9757770963589545,True,0.9757770963589545,T=200us
21,2.4153353410117773,0.013054506286935734,-278.5417400104737,1.458259989526265,,0.03500250113375363,0.008191323932640463,-139.21334810187668,0.7866518981233147,-0.6716080914029502,-0.9943810578705478,True,0.9943810578705478,T=200us
0,2.401985725246939,0.04065761367758853,-266.78657489620764,13.213425103792304,,-0.11427079221008758,0.01788593314432482,-134.7975915478382,5.202408452161757,-8.011016651630547,-0.962839939627416,True,0.962839939627416,T=200us
1,2.535724327212883,0.02157406445722705,-268.84466780097273,11.155332199027255,,0.05201631261525879,0.030953795608594074,-131.78981632843167,8.210183671568313,-2.945148527458941,-0.9413558309173692,True,0.9413558309173692,T=200us
2,2.351341018682817,0.011419731371566851,-277.9907837776965,2.009216222303491,,-0.03237919894053757,0.001320282294847071,-139.77178592066835,0.22821407933162788,-1.7810021429718632,-0.9983698994333455,True,0.9983698994333455,T=200us
3,2.4348832142726384,0.012844157911690347,-278.1841190351672,1.8158809648327618,,0.055078090173619254,0.00978472392862162,-138.61566839312314,1.3843316068768325,-0.43154935795592925,-0.9901119170937369,True,0.9901119170937369,T=200us
4,2.4253893308862122,0.004576091126902483,-279.56905259408626,0.43094740591368125,,0.06309834163197317,0.0024412393886992364,-139.14036111684987,0.8596388831501007,0.4286914772364194,-0.9938597222632136,True,0.9938597222632136,T=200us
5,2.4077262840638056,0.011744230695079618,-278.87320943187893,1.1267905681210064,,0.02996492615697891,0.006558954001657376,-139.47262801365227,0.5273719863477021,-0.5994185817733044,-0.9962330572403736,True,0.9962330572403736,T=200us
6,2.377653539837369,0.026834253919296388,-274.04062727058056,5.959372729419414,,-0.051355388440884095,0.01304360155735555,-138.10178342826825,1.8982165717317356,-4.0611561576876785,-0.9864413102019162,True,0.9864413102019162,T=200us
7,2.356351294441179,0.036908381887813,-268.334174666879,11.66582533312094,,-0.12611915258159964,0.010566587402335853,-135.89165454873648,4.108345451263503,-7.557479881857438,-0.9706546753481178,True,0.9706546753481178,T=200us
8,2.5168777758149736,-0.029581423502753133,-267.47323408969487,12.526765910305087,,0.24388870043715635,0.015045472966945401,-126.53785070286908,13.462149297130892,0.935383386825805,-0.9038417907347793,True,0.9038417907347793,T=200us
9,2.4150517210319538,0.030383865824927418,-272.52889265089425,7.471107349105713,,-0.03440982247105719,0.018989981848480997,-136.87579826481064,3.1242017351893434,-4.34690561391637,-0.9776842733200761,True,0.9776842733200761,T=200us
10,2.4194804696965235,0.004238757231366132,-279.70119849416534,0.2988015058346303,,0.057268815128459334,0.0016771407882372163,-139.30827779775188,0.6917222022480805,0.3929206964134502,-0.9950591271267994,True,0.9950591271267994,T=200us
11,2.4052282514579697,0.0052564209869194415,-279.7679875526799,0.23201244732002776,,0.039710651897337836,0.0013379229499331628,-139.66351209491896,0.3364879050810303,0.10447545776100257,-0.9975965149637069,True,0.9975965149637069,T=200us
12,2.5396598567517437,-0.011794486543270177,-271.02159177020036,8.978408229799603,,0.195377916248573,0.016183739879584953,-130.31245936930492,9.687540630695047,0.7091324008954429,-0.9308032812093211,True,0.9308032812093211,T=200us
13,2.395278346129344,-0.008575613358597044,-279.40310779862176,0.5968922013781667,,0.05718425747330341,-0.009836759244084855,-138.55936723324413,1.4406327667558356,0.8437405653776691,-0.989709765951744,True,0.989709765951744,T=200us
14,2.330591875526616,0.020798552265842072,-274.5787831496716,5.421216850328363,,-0.08032398385734563,0.00366798234284388,-138.57896494740694,1.4210350525930437,-4.000181797735319,-0.9898497496243354,True,0.9898497496243354,T=200us
15,2.3132069240355606,-0.001572843184425564,-276.9154520444264,3.084547955573571,,-0.03717286478124391,-0.013232850994642243,-138.3181015610396,1.6818984389603702,-1.4026495166132007,-0.9879864397217116,True,0.9879864397217116,T=200us
16,2.4119470633918128,-0.010681930157943382,-279.02965124724415,0.9703487527558309,,0.08182066536287788,-0.009651797922419152,-137.89277973091626,2.1072202690837085,1.1368715163278775,-0.9849484266494021,True,0.9849484266494021,T=200us
17,2.4124772290163308,0.004896074539803443,-279.74472917439033,0.2552708256096073,,0.04838397888775872,0.001620682905699771,-139.5009859902902,0.49901400970977544,0.24374318410016815,-0.9964356142163587,True,0.9964356142163587,T=200us
18,2.274357271657262,-0.012067245876994606,-272.4521628544768,7.5478371455231805,,0.014487164396182153,-0.027437896225205847,-133.94007425922632,6.059925740773662,-1.4879114047495188,-0.956714816137331,True,0.956714816137331,T=200us
19,2.4542897604973932,-0.0029231516635025902,-278.7285627439126,1.2714372560873273,,0.1092613762087891,2.852171381733298e-05,-137.5793117021927,2.420688297807276,1.1492510417199486,-0.9827093693013766,True,0.9827093693013766,T=200us
20,2.3521867692192084,0.011409415702865116,-278.0259307352347,1.9740692647652498,,-0.03141276350006854,0.001406632298251909,-139.78249550867795,0.21750449132201807,-1.7565647734432317,-0.998446396490557,True,0.998446396490557,T=200us
21,2.5358472268887273,-0.002018780836574841,-272.5188007745739,7.48119922542607,,0.16461409036101765,0.01746952673630397,-132.12643548419567,7.873564515804304,0.3923652903782337,-0.9437602534585406,True,0.9437602534585406,T=200us
0,2.338929941122197,-0.0017292355200840667,-278.4545363819885,1.545463618011505,,-0.01684682604316148,-0.009869594111868612,-139.16342601044863,0.8365739895513485,-0.7088896284601564,-0.9940244715032046,True,0.9940244715032046,T=200us
1,2.3984423732256976,-0.0075804667812870066,-279.53973489635405,0.46026510364591383,,0.057849090249774526,-0.008866533097266151,-138.68883351595815,1.3111664840418153,0.8509013803959016,-0.9906345251139871,True,0.9906345251139871,T=200us
2,2.429138413664538,0.03399083569120789,-270.41861638780165,9.581383612198314,,-0.047592953848944436,0.021789299143933436,-135.74286337657855,4.257136623421426,-5.3242469887768875,-0.9695918812612755,True,0.9695918812612755,T=200us
3,2.2884938493926685,0.006746872543240042,-274.5956634664077,5.4043365335922315,,-0.07722272448865393,-0.01201204491196131,-137.6323112929516,2.367688707048364,-3.036647826543867,-0.9830879378067974,True,0.9830879378067974,T=200us
4,2.526545103389403,-0.008463007631446567,-272.95261224212163,7.047387757878347,,0.18280345851997318,0.012512333245898994,-132.07763385622675,7.922366143773212,0.8749783858948642,-0.9434116704016199,True,0.9434116704016199,T=200us
5,2.41684264794627,-0.01626856638495347,-277.7686508105577,2.2313491894422732,,0.10832877282607452,-0.01203422791123021,-136.4626294570417,3.5373705429582825,1.3060213535160092,-0.974733067550298,True,0.974733067550298,T=200us
6,2.4452020336145175,-0.00500386162120081,-278.9652694449362,1.0347305550637642,,0.10412700532549783,-0.002468263477938878,-137.75102853249132,2.2489714675086607,1.2142409124448965,-0.9839359180892239,True,0.9839359180892239,T=200us
7,2.3824997083289734,-0.014447349658584891,-278.20651439759513,1.7934856024048156,,0.06533786085541543,-0.014843190412332018,-137.3686190036629,2.631380996337092,0.8378953939322762,-0.9812044214547351,True,0.9812044214547351,T=200us
8,2.24732630703863,-0.01137832175953606,-269.5902641813032,10.40973581869676,,0.03719601842624355,-0.03174029790761739,-131.66534898407028,8.334651015929687,-2.0750848027670745,-0.940466778457645,True,0.940466778457645,T=200us
9,2.312824393503959,-0.008766525689986425,-276.2940654957585,3.705934504241439,,-0.009064656820049147,-0.01884250492405988,-137.14556324137035,2.8544367586296326,-0.8514977456118064,-0.9796111660097884,True,0.9796111660097884,T=200us
10,2.2907961342600403,0.0079329530661691,-274.6607100754062,5.339289924593768,,-0.07955744915186036,-0.010763919275915766,-137.78531251868108,2.2146874813189057,-3.1246024432748616,-0.9841808037048649,True,0.9841808037048649,T=200us
11,2.297771626933792,-0.002224296857342039,-275.7177033085704,4.2822966914295755,,-0.042806545334128594,-0.016374983398180692,-137.48260543061855,2.5173945693814206,-1.764902122048155,-0.9820186102187042,True,0.9820186102187042,T=200us
12,2.4551926638498345,-0.003324541015178711,-278.6682572057267,1.3317427942732325,,0.1111428827973098,-0.00011513505600380775,-137.49588144763618,2.504118552363788,1.1723757580905556,-0.9821134389116872,True,0.9821134389116872,T=200us
13,2.4329975287788956,0.004113649525075089,-279.41967571854116,0.580324281458814,,0.07214659558799003,0.002772741589645637,-138.87791427290264,1.1220857270973421,0.5417614456385281,-0.9919851019493047,True,0.9919851019493047,T=200us
14,2.413439005166967,0.011090069816037369,-278.9431400747934,1.0568599252065454,,0.037499232464624256,0.006521483864727987,-139.37275143706447,0.627248562935501,-0.4296113622710443,-0.9955196531218893,True,0.9955196531218893,T=200us
15,2.468881053946145,-0.026182565670826174,-272.58673333533085,7.413266664669116,,0.2109350625938895,-0.0027640295963991804,-131.12754997262388,8.872450027376088,1.459183362706971,-0.9366253569473136,True,0.9366253569473136,T=200us
16,2.416218723549381,-0.004609198021900384,-279.7226146743175,0.27738532568244767,,0.07051112699352785,-0.0052149389854327065,-138.76937117866134,1.2306288213386327,0.953243495656185,-0.9912097941332955,True,0.9912097941332955,T=200us
17,2.3591111733580097,-0.010485551313738094,-278.43814115950823,1.5618588404916978,,0.028050362783083364,-0.01450795137054878,-138.1569017245883,1.8430982754116718,0.28123943491997394,-0.986835012318488,True,0.986835012318488,T=200us
18,2.388343800918549,-0.016886535289556418,-277.66534323372406,2.3346567662759177,,0.08234589935520376,-0.015564073752933772,-136.68377920061414,3.316220799385837,0.9815640331099195,-0.9763127085758154,True,0.9763127085758154,T=200us
19,2.4472807158492644,0.016868883836593036,-276.81267171480283,3.1873282851971094,,0.05395216414412355,0.014182228697041293,-137.79830935415947,2.2016906458404977,-0.9856376393566116,-0.9842736382439965,True,0.9842736382439965,T=200us
20,2.291789047395321,-0.009090542592145014,-274.5900092819399,5.409990718060034,,-0.01123801525919984,-0.02251192365371828,-135.92371475659456,4.076285243405408,-1.333705474654626,-0.9708836768328185,True,0.9708836768328185,T=200us
21,2.3679533919213815,0.0036258433298696053,-279.475113835436,0.5248861645639619,,0.0010251753058316293,-0.002822519325632823,-139.93611244532974,0.0638875546702465,-0.4609986098937154,-0.999543660323784,True,0.999543660323784,T=200us
0,2.4300850149137525,0.013018999210896363,-278.27530526222426,1.724694737775675,,0.0499861692591631,0.009467587499455844,-138.77345230005326,1.2265476999467029,-0.4981470378289719,-0.9912389450003807,True,0.9912389450003807,T=200us
1,2.4199344671142704,0.019278102837310133,-276.86713563833865,3.132864361661298,,0.021482733835880383,0.013210328253178838,-138.51085285434675,1.4891471456532166,-1.6437172160080815,-0.9893632346739056,True,0.9893632346739056,T=200us
2,2.5038778462916333,0.01240830976838868,-274.3897479935363,5.610252006463671,,0.10451236240125109,0.018899991675266372,-134.92856301502246,5.071436984977514,-0.538815021486157,-0.9637754501073035,True,0.9637754501073035,T=200us
3,2.347173115396357,-0.01843885587171777,-276.1433356567846,3.856664343215371,,0.060758987289291515,-0.020807637216926526,-135.78654483761147,4.213455162388519,0.35679081917314803,-0.9699038916972249,True,0.9699038916972249,T=200us
4,2.4463153387714147,0.018977241128037916,-276.24547784139304,3.7545221586069197,,0.04548710027735565,0.01566587769411123,-137.61592337931916,2.3840766206808324,-1.3704455379260871,-0.9829708812808512,True,0.9829708812808512,T=200us
5,2.2656099220024304,0.005185492288971777,-272.4933113963234,7.506688603676552,,-0.07695379282677361,-0.018694128695877707,-136.00082323875577,3.9991767612441986,-3.507511842432353,-0.9714344517053985,True,0.9714344517053985,T=200us
6,2.374683024252122,-0.020120237955834338,-276.50239273384574,3.4976072661542394,,0.08915017025639808,-0.0184863583353377,-135.65236342573516,4.347636574264821,0.8500293081105817,-0.9689454530409656,True,0.9689454530409656,T=200us
7,2.312725826915275,0.0219135476937289,-273.0633512676322,6.936648732367748,,-0.1023202211266837,0.0005195950792168968,-137.8726805533101,2.127319446689886,-4.809329285677862,-0.9848048610950723,True,0.9848048610950723,T=200us
8,2.4507519398790056,0.01368304460356527,-277.4518814010746,2.5481185989253126,,0.06707881399511967,0.01208964291820063,-137.91449133498614,2.0855086650138444,-0.46260993391146793,-0.9851035095356154,True,0.9851035095356154,T=200us
9,2.3621108185070354,-0.003066392201066862,-279.33818251005283,0.661817489947113,,0.008453362020776995,-0.008563514504695736,-139.39926939547263,0.6007306045273597,-0.061086885419753295,-0.9957090671105189,True,0.9957090671105189,T=200us
10,2.2905795673915077,0.0011739901328691354,-275.1336380228419,4.866361977158033,,-0.05807650400002054,-0.015295216647572364,-137.4420180497465,2.5579819502534726,-2.308380026904561,-0.9817287003553323,True,0.9817287003553323,T=200us
11,2.376010455493642,0.0021107740181390555,-279.72906056927087,0.27093943072906956,,0.01259560609556328,-0.0033372128852407414,-139.87854146664515,0.12145853335482053,-0.14948089737424905,-0.9991324390474655,True,0.9991324390474655,T=200us
12,2.446850271348896,-0.019855474917372017,-275.952579232094,4.047420767905913,,0.15745932149755887,-0.00853048009187799,-134.43780735347232,5.562192646527666,1.5147718786217532,-0.9602700525248024,True,0.9602700525248024,T=200us
13,2.3475250369640785,-0.028103249035477035,-272.56343159743136,7.436568402568578,,0.14196841510074934,-0.02239189075664851,-131.93014454028412,8.069855459715859,0.6332870571472811,-0.9423581752877439,True,0.9423581752877439,T=200us
14,2.3234020622724247,-0.002909836720171481,-277.5423684468854,2.4576315531145774,,-0.026002076925784774,-0.012768831048065058,-138.55866512504963,1.4413348749503563,-1.016296678164221,-0.9897047508932117,True,0.9897047508932117,T=200us
15,2.3700125671707957,-0.009810567685718283,-278.8631222060318,1.136877793968158,,0.03539374062918823,-0.012969655406518852,-138.39957725184212,1.600422748157851,0.4635449541896929,-0.9885684089417296,True,0.9885684089417296,T=200us
16,2.3587708069985625,-0.00047676956147319133,-279.3036599901465,0.6963400098534548,,-0.0007308198638157925,-0.0068343375751015525,-139.62657916712578,0.3734208328741886,-0.32291917697926625,-0.9973327083366129,True,0.9973327083366129,T=200us
17,2.328280549854156,0.005632769864918491,-277.6500869656936,2.3499130343063546,,-0.04412120785236338,-0.005587014958275922,-139.35290272946136,0.6470972705386102,-1.7028157637677444,-0.9953778766390099,True,0.9953778766390099,T=200us
18,2.1531528025640876,0.005759114332139612,-255.88512746730134,24.114872532698616,,0.2127473705228106,-0.0355605521367337,-120.93467589500418,19.065324104995806,-5.0495484277028115,-0.8638191135357443,True,0.8638191135357443,T=200us
19,2.6372837639955327,-0.004982119251795997,-257.69043029003245,22.3095697099675,,0.025880964047389134,0.04840514916714707,-121.13633753796051,18.863662462039464,-3.4459072479280346,-0.8652595538425752,True,0.8652595538425752,T=200us
20,2.475190473924232,0.006499501030360071,-277.35907703203407,2.640922967965906,,0.10720840024107091,0.00963168698851086,-136.9272237226942,3.0727762773057603,0.43185330933985444,-0.9780515980192446,True,0.9780515980192446,T=200us
21,2.3986003898617403,-0.042504279216733845,-265.5599721657279,14.440027834272062,,0.28387235679837497,0.00021377396379019235,-124.45009452916997,15.54990547083,1.1098776365579375,-0.8889292466369285,True,0.8889292466369285,T=200us
0,2.419491745539733,0.00997518661645287,-279.0493381159378,0.9506618840621395,,0.046286595271699135,0.006157040165779764,-139.2594744978721,0.7405255021278603,-0.21013638193427917,-0.9947105321276581,True,0.9947105321276581,T=200us
1,2.5086118689407506,0.002970899477683901,-275.14498832675855,4.855011673241416,,0.13973333687527742,0.01325950009863392,-134.65744440308734,5.342555596912648,0.4875439236712323,-0.9618388885934811,True,0.9618388885934811,T=200us
2,2.271741063268272,0.00785918642834943,-272.8569247473954,7.143075252604581,,-0.08637975111903853,-0.01553674203567037,-136.5527985587427,3.4472014412572722,-3.695873811347309,-0.9753771325624481,True,0.9753771325624481,T=200us
3,2.391592703420536,-0.005333989961665236,-279.74369000789926,0.2563099921006964,,0.04470274456134639,-0.007822061021790807,-139.10283532607554,0.8971646739244361,0.6408546818237397,-0.9935916809005397,True,0.9935916809005397,T=200us
4,2.337870783986343,-0.018352534920297807,-275.73337692873696,4.266623071262978,,0.05605081380306003,-0.02183292977945877,-135.54905445595452,4.450945544045471,0.18432247278249372,-0.9682075318282466,True,0.9682075318282466,T=200us
5,2.418760003796596,0.03967763579745877,-267.273469465285,12.72653053471491,,-0.0962660513488968,0.020620860262409505,-134.71869774779654,5.281302252203438,-7.445228282511471,-0.9622764124842611,True,0.9622764124842611,T=200us
6,2.4749783684812208,0.008352442312656841,-277.15205045951376,2.847949540486218,,0.10198951490794364,0.011007732272493433,-136.92000593391103,3.079994066088947,0.23204452560272917,-0.978000042385079,True,0.978000042385079,T=200us
7,2.430781314669846,-0.009403381525738613,-278.9059430925081,1.0940569074918878,,0.09922065702486733,-0.0068693203252714365,-137.62358931805514,2.3764106819448254,1.2823537744529379,-0.9830256379861084,True,0.9830256379861084,T=200us
8,2.457506872062227,-0.0012510419525965206,-278.6378849058401,1.3621150941598534,,0.1089125649703221,0.0015710671954457269,-137.57488867952347,2.4251113204765193,1.062996226316666,-0.9826777762823106,True,0.9826777762823106,T=200us
9,2.319958756229678,-0.0010267004393219813,-277.38294197283784,2.6170580271620922,,-0.03424111552600356,-0.01178580367064748,-138.65019783898958,1.3498021610103934,-1.2672558661516986,-0.9903585559927829,True,0.9903585559927829,T=200us
10,2.34503150172862,0.025091647738443437,-273.7346938626884,6.265306137311567,,-0.07966528180964152,0.007679764092192357,-138.23646760445098,1.7635323955490012,-4.501773741762566,-0.9874033400317929,True,0.9874033400317929,T=200us
11,2.4578784046686994,-0.019358873728626193,-275.6376522330745,4.362347766925467,,0.1666944719094316,-0.006388859633701688,-134.1039270873321,5.896072912667891,1.5337251457424235,-0.9578851934809436,True,0.9578851934809436,T=200us
12,2.2997795766008777,0.016899501533176493,-273.6384894767196,6.361510523280376,,-0.0985684078636971,-0.004141641981591049,-137.88965009792534,2.1103499020746326,-4.251160621205744,-0.9849260721280383,True,0.9849260721280383,T=200us
13,2.533461862152159,0.01325069373829221,-271.4039836125793,8.596016387420658,,0.10280157307488702,0.025560609741440275,-132.63314091303275,7.366859086967235,-1.2291573004534235,-0.947379577950234,True,0.947379577950234,T=200us
14,2.323787910840558,-0.01565636783357437,-275.67483884919784,4.325161150802143,,0.0332370377666175,-0.02206773897292614,-135.88203024841678,4.117969751583194,-0.20719139921894839,-0.9705859303458343,True,0.9705859303458343,T=200us
15,2.3907945232664134,-0.015165638987579591,-278.1271049146547,1.87289508534525,,0.07650412906535328,-0.014409823021676677,-137.1483621523297,2.851637847670286,0.978742762325036,-0.9796311582309265,True,0.9796311582309265,T=200us
16,2.3129043572519885,0.031127308829434968,-269.1700009064044,10.829999093595546,,-0.13649139217002754,0.001310378151255383,-136.22703884934134,3.772961150658629,-7.057037942936916,-0.9730502774952955,True,0.9730502774952955,T=200us
17,2.449252346690559,0.007906224247238492,-278.5098007803711,1.4901992196288407,,0.08079456143412354,0.00737200931723367,-138.2367733492798,1.7632266507201806,0.27302743109133976,-0.9874055239234273,True,0.9874055239234273,T=200us
18,2.3026727179770496,0.0005915620571488604,-276.1487721047526,3.8512278952473507,,-0.05046634132292701,-0.013370849501808134,-138.0511424972153,1.9488575027846913,-1.9023703924626596,-0.9860795892658236,True,0.9860795892658236,T=200us
19,2.3894453229620316,-0.0059170501328259404,-279.6746041808692,0.3253958191307519,,0.04379057911295881,-0.008429498374271876,-139.04039938637789,0.9596006136220797,0.6342047944913278,-0.9931457099026995,True,0.9931457099026995,T=200us
20,2.2785278799595017,-0.016384357275453895,-271.88277435889535,8.117225641104604,,0.047841877137943814,-0.028690111784274736,-132.95386716941536,7.046132830584623,-1.071092810519979,-0.9496704797815384,True,0.9496704797815384,T=200us
21,2.3608160545023216,0.01838038277941272,-276.67244948394494,3.327550516054986,,-0.038949264039582765,0.0068033274172985886,-139.3201099142151,0.6798900857848763,-2.64766043027011,-0.9951436422443938,True,0.9951436422443938,T=200us
0,2.341658448685033,-0.017566578034006502,-276.14469005305807,3.855309946941863,,0.05234591147693278,-0.020989369643140268,-135.91955877762987,4.080441222370114,0.22513127542825154,-0.9708539912687849,True,0.9708539912687849,T=200us
1,2.5104805491078857,-0.007955968491009283,-274.54505645166796,5.454943548331977,,0.1734182019444426,0.008172824974127744,-133.4479064629089,6.552093537091095,1.0971499887591185,-0.9531993318779207,True,0.9531993318779207,T=200us
2,2.343360082493392,-0.01766466025729432,-276.19672668144517,3.803273318554801,,0.05378851384114228,-0.02084582870228022,-135.9363647639653,4.063635236034679,0.26036191747987747,-0.9709740340283237,True,0.9709740340283237,T=200us
3,2.3315943056491046,-0.017260711867467384,-275.71106833679903,4.288931663200905,,0.046304166269286524,-0.022012049768136265,-135.68955600335454,4.310443996645444,0.021512333444539795,-0.9692111143096754,True,0.9692111143096754,T=200us
4,2.3360707248072297,0.005536380654735974,-278.0880803663966,1.9119196336034006,,-0.036314033581761454,-0.00463564966356826,-139.55877470766285,0.4412252923371406,-1.4706943412662599,-0.9968483907690204,True,0.9968483907690204,T=200us
5,2.3419844109107713,-0.013716098151442868,-277.1228435924051,2.877156407594862,,0.02996734741285659,-0.01861472595611845,-137.04699187371864,2.9530081262813526,0.07585171868649052,-0.9789070848122761,True,0.9789070848122761,T=200us
6,2.4991798174510023,0.001861651654649822,-275.97703244209686,4.0229675579030895,,0.1375943024429474,0.010564794913375973,-135.28853046531677,4.71146953468321,0.6885019767801204,-0.9663466461808342,True,0.9663466461808342,T=200us
7,2.547812653099845,-0.015632336079811186,-269.25005879736347,10.749941202636494,,0.20505838996634515,0.019317646274807313,-128.67547132266864,11.32452867733133,0.5745874746948356,-0.9191105094476334,True,0.9191105094476334,T=200us
8,2.4185619029905077,0.01376080618364316,-278.34564263941843,1.6543573605815383,,0.036578278074784275,0.009008271880649052,-139.0780167033724,0.9219832966275512,-0.7323740639539871,-0.993414405024089,True,0.993414405024089,T=200us
9,2.477413478408509,-0.007828573079946088,-277.069274052342,2.9307259476579537,,0.14569776394747466,0.0008426257886984303,-135.71894460118241,4.281055398817557,1.3503294511596031,-0.9694210328655889,True,0.9694210328655889,T=200us
10,2.3052289360265212,0.009894802295789453,-275.5672443068519,4.4327556931480885,,-0.07498377316057456,-0.006542988829818086,-138.51248840724878,1.487511592751206,-2.945244100396882,-0.9893749171946342,True,0.9893749171946342,T=200us
11,2.398546903618118,-0.005720069269804945,-279.73763049744986,0.2623695025501181,,0.053248285999057336,-0.007530540013788103,-138.9679974864872,1.0320025135127813,0.7696330109626633,-0.9926285534749087,True,0.9926285534749087,T=200us
12,2.3924394781375273,-0.00020547713549159862,-279.9762794729433,0.023720527056664192,,0.034978795796422046,-0.003866909439636237,-139.63045026060922,0.3695497393907621,0.34582921233409786,-0.9973603590043517,True,0.9973603590043517,T=200us
13,2.4284555727872155,-0.006662620487625569,-279.3141617365657,0.685838263434214,,0.08922213062185476,-0.005426344872875006,-138.14580469153697,1.854195308463017,1.168357045028803,-0.9867557477966927,True,0.9867557477966927,T=200us
14,2.2876236165457113,0.012198373793369497,-273.69194887409276,6.308051125907216,,-0.0937432340799601,-0.009162884626378223,-137.5429694972479,2.4570305027520902,-3.8510206231551263,-0.9824497821231993,True,0.9824497821231993,T=200us
15,2.4035865402238805,-0.030238550236508885,-272.6867040466259,7.313295953374052,,0.18590503239790038,-0.014432292000154433,-131.4415856490034,8.55841435099659,1.2451183976225395,-0.9388684689214529,True,0.9388684689214529,T=200us
16,2.4372088840336543,-0.016183615072572623,-277.34089881836746,2.659101181632484,,0.13032784070954284,-0.009254614749592662,-135.88397257816806,4.116027421831915,1.4569262401994314,-0.970599804129772,True,0.970599804129772,T=200us
17,2.437989414402484,0.02770529252297104,-273.27537650039744,6.72462349960252,,-0.0019065993602297643,0.020412167952868116,-136.66915947121507,3.3308405287849183,-3.393782970817601,-0.9762082819372506,True,0.9762082819372506,T=200us
18,2.4525159785798585,-0.015276236371664899,-277.0088962354126,2.9911037645873857,,0.14363944341678697,-0.006538170421755593,-135.50110888969758,4.4988911103024,1.507787345715014,-0.96786506349784,True,0.96786506349784,T=200us
19,2.339609383974409,-0.014984061072605309,-276.71753840851903,3.2824615914809456,,0.03554373100692919,-0.019716307739659655,-136.63490853424167,3.3650914657582938,0.0826298742773479,-0.9759636323874408,True,0.9759636323874408,T=200us
20,2.3445321427638355,0.007679255716270352,-278.27287061943946,1.7271293805605135,,-0.03203432333095543,-0.0020683841358034656,-139.75606156906633,0.2439384309336368,-1.4831909496268767,-0.9982575826361884,True,0.9982575826361884,T=200us
21,2.2742558350441686,0.010777638934719776,-272.6774334553268,7.32256654467314,,-0.09532224513856535,-0.013356197778358732,-136.72797656387135,3.2720234361286122,-4.050543108544527,-0.9766284040276527,True,0.9766284040276527,T=200us
0,2.3718951894579847,0.019691018531720898,-276.57810320366934,3.421896796330614,,-0.03035975350762577,0.0088128484691412,-139.19085374760567,0.809146252394305,-2.6127505439363095,-0.9942203839114693,True,0.9942203839114693,T=200us
1,2.3057265735328363,0.01686068132643352,-274.1156383098181,5.884361690181831,,-0.09338772999738976,-0.0028183820090050718,-138.16394967283154,1.8360503271684436,-4.048311363013387,-0.9868853548059396,True,0.9868853548059396,T=200us
2,2.362496440848906,0.012272838921332723,-278.2213624032216,1.7786375967783568,,-0.021662687456735392,0.0030768272062194177,-139.8283829946062,0.17161700539379673,-1.60702059138456,-0.9987741642471871,True,0.9987741642471871,T=200us
3,2.379777932095713,0.01458196062597081,-278.13330285685913,1.8666971431408346,,-0.007341885937716657,0.006304717259854156,-139.67128024098062,0.3287197590193571,-1.5379773841214774,-0.9976520017212903,True,0.9976520017212903,T=200us
4,2.466741268273637,0.01975959056504094,-275.06310413739067,4.936895862609267,,0.05620496255965794,0.018675113495171078,-136.56789807453063,3.4321019254693543,-1.5047939371399137,-0.9754849862466475,True,0.9754849862466475,T=200us
5,2.365465021563528,0.031807635130061955,-271.4263782331262,8.573621766873798,,-0.08864573212819514,0.012560965250310484,-137.1408451282962,2.859154871703786,-5.714466895170011,-0.9795774652021159,True,0.9795774652021159,T=200us
6,2.329181792132936,0.01705794142880871,-275.6302516014164,4.3697483985835825,,-0.07065694227280436,0.0017197854244638787,-138.9589111235146,1.0410888764853734,-3.3286595220982087,-0.9925636508822473,True,0.9925636508822473,T=200us
7,2.3677892902688793,0.02507987869113211,-274.5486425753854,5.451357424614585,,-0.054417866715654524,0.011045651706425613,-138.42046476202933,1.5795352379706544,-3.871822186643931,-0.9887176054430667,True,0.9887176054430667,T=200us
8,2.3967245927151244,-0.007077851871598717,-279.5952227599691,0.4047772400308839,,0.054640825488242256,-0.00865965284715088,-138.79129128000815,1.2087087199918387,0.8039314799609547,-0.9913663662857726,True,0.9913663662857726,T=200us
9,2.3631908942135844,-0.009058370766087254,-278.79046011754014,1.2095398824598416,,0.026494256380979398,-0.013063218430204006,-138.49260608162584,1.507393918374135,0.2978540359142933,-0.9892329005830419,True,0.9892329005830419,T=200us
10,2.475034310399543,0.007272766102912947,-277.28347905006564,2.716520949934308,,0.10501153614345593,0.010192533846026482,-136.93216713677617,3.067832863223813,0.3513119132895051,-0.9780869081198299,True,0.9780869081198299,T=200us
11,2.1951988894246535,-0.023632009010542798,-258.89305858268744,21.106941417312523,,0.30109940436456356,-0.01780151280229142,-120.0988153261436,19.901184673856385,-1.2057567434561371,-0.8578486809010258,True,0.8578486809010258,T=200us
12,2.360436324445226,0.022955488703318122,-275.14874874774125,4.851251252258718,,-0.05436665007633709,0.009141271618955008,-138.728856899691,1.271143100308967,-3.5801081519497515,-0.9909204064263645,True,0.9909204064263645,T=200us
13,2.4269544339753626,0.0014883095337412306,-279.6852348331331,0.3147651668668297,,0.07048603315630768,0.00021505351955228882,-138.98707874316597,1.0129212568340136,0.6981560899671839,-0.9927648481654713,True,0.9927648481654713,T=200us
14,2.37918544298323,-0.0068664095582238755,-279.4459970693587,0.5540029306412138,,0.035420683468450544,-0.009993592346173101,-138.94539067822427,1.0546093217757118,0.500606391134498,-0.9924670762730307,True,0.9924670762730307,T=200us
15,2.387945021675289,-0.003921056079885153,-279.81767568236944,0.18232431763049511,,0.037495274595286,-0.007059485339797115,-139.3144147141912,0.6855852858087651,0.5032609681782699,-0.9951029622442231,True,0.9951029622442231,T=200us
16,2.3144526919489974,0.022596492085220944,-272.94116151728576,7.058838482714213,,-0.10292365580479507,0.001089233964724479,-137.84040967792487,2.159590322075101,-4.899248160639112,-0.9845743548423207,True,0.9845743548423207,T=200us
17,2.330551624905573,0.002471393112579658,-277.985058561475,2.014941438524942,,-0.034723002984259434,-0.007631018037026604,-139.2881828741052,0.711817125894779,-1.3031243126301633,-0.9949155919578945,True,0.9949155919578945,T=200us
18,2.4432958124477784,0.002245694619641574,-279.19389629507066,0.8061037049292761,,0.08670490879176301,0.0023869944793456464,-138.42516786880776,1.5748321311922264,0.7687284262629503,-0.9887511990629126,True,0.9887511990629126,T=200us
19,2.3198182232817244,0.011863027232794837,-276.2574561976803,3.7425438023196387,,-0.06684215127758165,-0.002713347106872585,-139.03025827475233,0.969741725247645,-2.7728020770719937,-0.9930732733910882,True,0.9930732733910882,T=200us
20,2.4309735200879694,0.0007667611603378914,-279.6031141520262,0.39688584797378906,,0.07626676045223706,4.5242593125175546e-05,-138.81527148404777,1.1847285159522183,0.7878426679784293,-0.9915376534574841,True,0.9915376534574841,T=200us
21,2.389375476920402,-0.0018264502805035393,-279.9271637016471,0.0728362983528585,,0.0346811733896644,-0.0053500858095435425,-139.52542353334246,0.47457646665750325,0.40174016830464476,-0.9966101680953036,True,0.9966101680953036,T=200us
0,2.4249623460506498,0.02333542891809661,-275.3929923606259,4.607007639374071,,0.010084788252681075,0.01644029101052735,-137.81898065154,2.1810193484599796,-2.4259882909140917,-0.984421290368143,True,0.984421290368143,T=200us
1,2.3228740170364017,-0.002022023261561433,-277.54444230649534,2.455557693504615,,-0.029124414881774717,-0.012145642866636094,-138.64759115256425,1.3524088474357205,-1.1031488460688943,-0.9903399368040305,True,0.9903399368040305,T=200us
2,2.2153614788059746,-0.009414588723284404,-265.6868613975927,14.313138602407285,,0.08560666223380212,-0.03549000699020634,-128.44221227443285,11.55778772556712,-2.7553508768401644,-0.9174443733888062,True,0.9174443733888062,T=200us
3,2.381216846939057,0.0007933283192234405,-279.8506781009172,0.1493218990827684,,0.02071625355599249,-0.003954039683696651,-139.7872878323295,0.21271216767047949,0.06339026858771109,-0.9984806273737823,True,0.9984806273737823,T=200us
4,2.4534305745851412,-0.008241720196917789,-278.29166506510256,1.7083349348973862,,0.12153717454883635,-0.003310570517934278,-136.92339859789038,3.0766014021095915,1.3682664672122054,-0.9780242756992172,True,0.9780242756992172,T=200us
5,2.3391052452108116,0.018217245661116335,-275.8347043544515,4.1652956455484516,,-0.06307025209043153,0.0038581061462676586,-139.06974675655118,0.9302532434488078,-3.235042402099644,-0.9933553339753657,True,0.9933553339753657,T=200us
6,2.2529769820478744,-0.0030532077324800285,-271.2209255791912,8.779074420808731,,-0.0315404058303316,-0.026807776588378834,-134.05285632802125,5.947143671978717,-2.8319307488300156,-0.9575204023430092,True,0.9575204023430092,T=200us
7,2.3039880381661457,-0.0062796290604927325,-275.9390191756598,4.060980824340176,,-0.02373374557061425,-0.018356516742187107,-137.1916883248779,2.8083116751220705,-1.2526691492181063,-0.9799406308919852,True,0.9799406308919852,T=200us
8,2.4442300468130833,-0.0017771643762913361,-279.17560319320853,0.8243968067914353,,0.09588264022281243,-0.0004198312503986742,-138.13069465083268,1.8693053491672995,1.0449085423758642,-0.9866478189345192,True,0.9866478189345192,T=200us
9,2.3127943988304214,-0.007319754980391679,-276.4779583981515,3.522041601848477,,-0.01572048047458249,-0.017750179456045175,-137.4312949094001,2.5687050905998885,-0.9533365112485889,-0.9816521064957151,True,0.9816521064957151,T=200us
10,2.3270049669539463,-0.014767442445178428,-276.0857641496503,3.914235850349682,,0.02863955937694999,-0.02111162578781336,-136.27009853531038,3.7299014646895956,-0.18433438566008656,-0.9733578466807886,True,0.9733578466807886,T=200us
11,2.292992349373488,-0.03450398820499104,-265.83946795097967,14.160532049020295,,0.24142129635200477,-0.01927569223734264,-125.60220364288585,14.397796357114123,0.2372643080938263,-0.8971585974491848,True,0.8971585974491848,T=200us
12,2.3662181782293783,-0.011602972462001952,-278.4575214729882,1.542478527011729,,0.038568560109773206,-0.014600456160011098,-137.99229262540027,2.007707374599715,0.4652288475879863,-0.9856592330385735,True,0.9856592330385735,T=200us
13,2.2803691692996506,0.01251818513852937,-272.95366047339957,7.04633952660041,,-0.09841782536783607,-0.010878683324715052,-137.08685805338916,2.913141946610822,-4.133197579989588,-0.9791918432384942,True,0.9791918432384942,T=200us
14,2.3619499712699064,0.014195725508167077,-277.7977243975505,2.2022756024494736,,-0.026648791387023762,0.0043227294251894696,-139.70547051522652,0.29452948477344143,-1.9077461176760322,-0.997896217965904,True,0.997896217965904,T=200us
15,2.3859580591037197,0.0007996201533519498,-279.9142390242314,0.08576097576856331,,0.02594110703651987,-0.0035832959772412274,-139.75979890258697,0.24020109741301754,0.15444012164445423,-0.9982842778756214,True,0.9982842778756214,T=200us
16,2.55491532453973,-0.00027254408478604613,-270.3519345948705,9.648065405129437,,0.15583458847985643,0.023906657757676406,-130.5519614669381,9.448038533061878,-0.20002687206755948,-0.9325140104781294,True,0.9325140104781294,T=200us
17,2.4111580191177753,0.020922345021855374,-276.45043202644104,3.5495679735589354,,0.007152780651653562,0.013496224813683991,-138.5337304072003,1.4662695927996727,-2.083298380759263,-0.9895266457657166,True,0.9895266457657166,T=200us
18,2.572155082588326,-0.002835389010269769,-268.07021286136506,11.929787138634907,,0.1543322394484521,0.028720276164869534,-128.61929433243805,11.380705667561946,-0.5490814710729615,-0.9187092452317004,True,0.9187092452317004,T=200us
19,2.4019873697061143,-0.009019614895008986,-279.34817281615756,0.6518271838423747,,0.06575970038674858,-0.00953846557028208,-138.39110226871816,1.6088977312818158,0.9570705474394411,-0.9885078733479871,True,0.9885078733479871,T=200us
20,2.4090238977831624,-0.0348141980887272,-270.2796426430463,9.720357356953663,,0.2272464363652643,-0.009959483239483384,-129.03302780800075,10.966972191999231,1.2466148350455681,-0.9216644843428626,True,0.9216644843428626,T=200us
21,2.3348884502749754,0.009944494366075737,-277.4806329561152,2.5193670438847824,,-0.04704232174829767,-0.001679561260668197,-139.5255335982427,0.474466401757282,-2.0449006421275002,-0.9966109542731623,True,0.9966109542731623,T=200us
0,2.3415304145548914,0.01730663276451257,-276.2110545814636,3.7889454185363283,,-0.05777947332065345,0.0037294982897022313,-139.20763193138094,0.7923680686190375,-2.9965773499172905,-0.9943402280812926,True,0.9943402280812926,T=200us
1,2.494227899020762,0.030059288618651578,-269.16956826223173,10.830431737768231,,0.001439115425893701,0.02851392099922453,-133.5013849594632,6.4986150405367775,-4.331816697231454,-0.953581321139023,True,0.953581321139023,T=200us
2,2.485954793330951,-0.04475202994819892,-260.9870379558977,19.012962044102302,,0.2641929018326568,0.02753797317368986,-120.36611861570032,19.633881384299663,0.620919340197361,-0.8597579901121453,True,0.8597579901121453,T=200us
3,2.3949925411848696,0.01046249703337008,-279.11486080331366,0.8851391966862788,,0.018713578868795183,0.004569467804851905,-139.76150534728652,0.23849465271345335,-0.6466445439728254,-0.9982964667663324,True,0.9982964667663324,T=200us
4,2.4695096491554005,0.0008530968502597239,-278.02459918453604,1.9754008154639089,,0.11608402568477909,0.004696940983110887,-137.09430316774075,2.9056968322592334,0.9302960167953245,-0.9792450226267198,True,0.9792450226267198,T=200us
5,2.402855681791215,-0.03617180162685406,-269.53938007809376,10.460619921906186,,0.23601252900671768,-0.009509219065901084,-128.33508947333306,11.664910526666926,1.2042906047607398,-0.9166792105238076,True,0.9166792105238076,T=200us
6,2.347842387969615,0.016908634395588432,-276.60427021851194,3.3957297814880056,,-0.0495783153143038,0.004362501113620442,-139.34602395982415,0.6539760401758172,-2.7417537413121886,-0.9953287425701728,True,0.9953287425701728,T=200us
7,2.3843113501157926,-0.006320392696114434,-279.5800515023687,0.41994849763128517,,0.03932689212015124,-0.009154744156030372,-139.01416886409461,0.9858311359053509,0.5658826382740657,-0.9929583490292475,True,0.9929583490292475,T=200us
8,2.506669162270345,0.0031404607870681514,-275.3049258914674,4.6950741085325545,,0.13820810029756586,0.012948189528679769,-134.80695139864406,5.19304860135591,0.497974492823355,-0.9629067957046007,True,0.9629067957046007,T=200us
9,2.2766254364294007,-0.011236700023025724,-272.8327389812349,7.167261018765022,,0.006922462798463222,-0.026587485554957047,-134.34039751528118,5.659602484718797,-1.5076585340462254,-0.9595742679662943,True,0.9595742679662943,T=200us
10,2.5071030635950997,0.002078756971683079,-275.31189679736616,4.688103202633814,,0.14169126871899798,0.012368466624660297,-134.73046256243452,5.269537437565465,0.5814342349316515,-0.9623604468745324,True,0.9623604468745324,T=200us
11,2.4199811850012476,-0.02485700396807891,-274.8984349931482,5.101565006851764,,0.15890220326107393,-0.013267457441619519,-133.5225218372721,6.47747816272788,1.3759131558761157,-0.953732298837658,True,0.953732298837658,T=200us
12,2.46488407190038,-0.0011229300287144966,-278.2729721880905,1.72702781190948,,0.11614940777468359,0.0026767895543040226,-137.21031356970184,2.7896864302981528,1.062658618388673,-0.9800736683550132,True,0.9800736683550132,T=200us
13,2.443208452739279,-0.007690268870743162,-278.76461233775314,1.2353876622467994,,0.1086042608736836,-0.004370558133458566,-137.45542841736076,2.544571582639217,1.3091839203924172,-0.9818244886954341,True,0.9818244886954341,T=200us
14,2.448082310688502,-0.006329429379992425,-278.73563240876183,1.2643675912381207,,0.11055859465695626,-0.002934792737620354,-137.45317322398444,2.546826776015533,1.2824591847774125,-0.9818083801713177,True,0.9818083801713177,T=200us
15,2.5171294301362193,0.010703871112409426,-273.5277624568365,6.472237543163431,,0.114895386393701,0.02030448623559955,-134.03064539115564,5.969354608844339,-0.5028829343190916,-0.957361752793969,True,0.957361752793969,T=200us
16,2.4412435396138226,0.004669880285046576,-279.13069682918035,0.869303170819613,,0.07973106862044897,0.004009683649649433,-138.5772273032474,1.4227726967525605,0.5534695259329475,-0.9898373378803389,True,0.9898373378803389,T=200us
17,2.2585618406414425,-0.02578480649801439,-266.62092735999784,13.379072640002116,,0.1786168242212019,-0.02817116705353282,-127.28109001329801,12.718909986701965,-0.6601626533001517,-0.9091506429521288,True,0.9091506429521288,T=200us
18,2.382448468099836,0.009675451708854478,-279.12580048022335,0.8741995197766216,,0.006211398701923497,0.0029777681307657454,-139.9212389577136,0.07876104228638073,-0.7954384774902408,-0.9994374211265259,True,0.9994374211265259,T=200us
19,2.149012119010619,0.014177870467384592,-253.77334749656185,26.226652503438103,,0.20993741732334395,-0.03737269974676914,-120.10594384908627,19.894056150913702,-6.332596352524401,-0.8578995989220449,True,0.8578995989220449,T=200us
20,2.325059632477846,-0.015792393985390334,-275.71863126944857,4.281368730551399,,0.03448430337119981,-0.02198672564861801,-135.89330703407092,4.106692965929072,-0.1746757646223278,-0.9706664788147923,True,0.9706664788147923,T=200us
21,2.4175324040717068,-0.014822798636383286,-278.11822204441876,1.8817779555812197,,0.10294444387820284,-0.01130339099275976,-136.8278647562661,3.172135243733856,1.2903572881526366,-0.9773418911161867,True,0.9773418911161867,T=200us
0,2.4535915379889115,-0.008037787332662602,-278.31118154709884,1.6888184529010886,,-0.09258784027687494,-0.00011657664972781353,-138.25737304431735,1.7426269556826324,0.05380850278154395,-0.9875526646022669,True,0.9875526646022669,T=300us
1,2.533543307044023,-0.008962737649620505,-272.1565964803889,7.8434035196110745,,-0.12208057644885638,-0.0209741928421461,-133.46849516190426,6.53150483809572,-1.3118986815153544,-0.953346394013602,True,0.953346394013602,T=300us
2,2.2376762145867044,0.022651773432980908,-265.32485167737593,14.675148322624016,,0.04819421488353301,0.03301734336995322,-130.81281214211168,9.18718785788831,-5.487960464735707,-0.934377229586512,True,0.934377229586512,T=300us
3,2.373545350511023,0.0008226881116870207,-279.70843759389425,0.2915624061057119,,0.014120515866956203,0.0023145929496650765,-139.91640401677427,0.0835959832257096,-0.20796642288000225,-0.9994028858341021,True,0.9994028858341021,T=300us
4,2.390312494357905,0.009310666411384628,-279.2687591944331,0.7312408055668996,,0.017270519957854023,-0.005418370677706163,-139.7043562788979,0.2956437211020749,-0.4355970844648247,-0.9978882591349851,True,0.9978882591349851,T=300us
5,2.3076225577345393,0.012776660259941942,-275.2259778529985,4.77402214700145,,0.10380977188859335,0.006722647978214015,-137.45179253892388,2.548207461076084,-2.225814685925366,-0.9817985181351708,True,0.9817985181351708,T=300us
6,2.2518261546076315,0.018864742560516817,-268.31647731546116,11.683522684538772,,0.08679023781885732,0.026474923816872845,-132.86564781153794,7.134352188462036,-4.549170496076735,-0.9490403415109855,True,0.9490403415109855,T=300us
7,2.4925195005088483,0.029148872100037523,-269.7292554579028,10.270744542097168,,0.09939936604868532,-0.02369745795858484,-133.50527324822667,6.49472675177331,-3.776017790323858,-0.9536090946301906,True,0.9536090946301906,T=300us
8,2.284082038008703,0.025230199952392646,-269.4690238464641,10.53097615353585,,0.13657279845983616,0.016785351737247333,-133.98448763511632,6.0155123648836515,-4.515463788652197,-0.9570320545365454,True,0.9570320545365454,T=300us
9,2.427248949543694,-0.008433996174942815,-279.1278954486469,0.8721045513530464,,-0.06651839644808787,0.003801566423297998,-138.98236895834026,1.017631041659724,0.1455264903066776,-0.9927312068452877,True,0.9927312068452877,T=300us
10,2.3909538855528867,-0.014202678336835722,-278.354324719296,1.6456752807039197,,-0.051754016529533896,0.011102761074060542,-138.4679677400295,1.5320322599704832,-0.1136430207334363,-0.9890569124287822,True,0.9890569124287822,T=300us
11,2.276281162851031,0.010504889846493348,-272.9258715361724,7.0741284638275745,,0.09681351319242361,0.016857663015458893,-135.8246134819274,4.175386518072578,-2.898741945754996,-0.9701758105851959,True,0.9701758105851959,T=300us
12,2.350350473221692,-0.0008106441573696014,-278.98812980662217,1.0118701933777945,,0.032043430616058674,0.006110931732489395,-139.49167063276388,0.5083293672360991,-0.5035408261416955,-0.9963690759483136,True,0.9963690759483136,T=300us
13,2.368398677429732,-0.005693345628789555,-279.33269722557867,0.6673027744212645,,0.0017321559023658723,0.007761841194232434,-139.51787317862826,0.48212682137171176,-0.18517595304955276,-0.996556236990202,True,0.996556236990202,T=300us
14,2.429461588222198,-0.020372816599243972,-276.3278734984234,3.6721265015765416,,-0.12048062438438317,0.007452461060862757,-136.61829741198085,3.381702588019143,-0.29042391355739905,-0.975844981514149,True,0.975844981514149,T=300us
15,2.54078137353094,0.02772045501133479,-265.86682612353525,14.133173876464705,,0.1381279882977077,-0.025690117464933326,-130.87647176641647,9.123528233583498,-5.009645642881208,-0.9348319411886893,True,0.9348319411886893,T=300us
16,2.4671514667038505,0.01416096653985685,-276.5586118056975,3.441388194302419,,-0.02620385880592782,-0.017182840658843356,-137.49985818109892,2.5001418189010614,-0.9412463754013575,-0.9821418441507067,True,0.9821418441507067,T=300us
17,2.3724542263492463,-0.007069432032508051,-279.2903323232034,0.7096676767965603,,-0.006372038772070444,0.00837480215241239,-139.43112792058807,0.5688720794119221,-0.14079559738463818,-0.9959366280042006,True,0.9959366280042006,T=300us
18,2.5456030742269546,-0.0019290967940199834,-271.43043517852186,8.569564821478071,,-0.0852421521814257,-0.025949884668113155,-133.139528495948,6.860471504051955,-1.7090933174261165,-0.9509966321139146,True,0.9509966321139146,T=300us
19,2.325391127273548,-0.011854328800799539,-276.60891884719075,3.3910811528091878,,-0.0006414470278918391,0.017581195552725942,-137.52946949761653,2.4705305023834554,-0.9205506504257323,-0.9823533535544039,True,0.9823533535544039,T=300us
20,2.426344091631911,0.027430660947892076,-273.7024023501556,6.29759764984435,,0.08100631389427629,-0.017173713132778566,-136.30693506774094,3.693064932259046,-2.6045327175853044,-0.9736209647695783,True,0.9736209647695783,T=300us
21,2.4155267398429356,0.01062839323593838,-278.998548327152,1.001451672848002,,-0.0044473711717476425,-0.008722093993240941,-139.38793117720724,0.6120688227927399,-0.3893828500552622,-0.9956280798371947,True,0.9956280798371947,T=300us
0,2.3023337640430768,0.033054761004125244,-267.39224160318264,12.607758396817308,,0.1567682821682797,0.016507408560379095,-132.8843585993978,7.11564140060215,-5.492116996215159,-0.9491739899956989,True,0.9491739899956989,T=300us
1,2.4132757270244056,0.01976556086253272,-276.80544954458173,3.194550455418214,,0.03731742714176484,-0.013940335736896996,-138.16225208220243,1.8377479177975549,-1.356802537620659,-0.9868732291585889,True,0.9868732291585889,T=300us
2,2.433235577370783,0.04289589259246113,-264.84196085540543,15.158039144594516,,0.20668882102920627,-0.0030061363645774468,-131.45672000843606,8.543279991563919,-6.6147591530305965,-0.9389765714888292,True,0.9389765714888292,T=300us
3,2.482304937186794,0.02611534357991875,-271.79154331726573,8.208456682734209,,0.06379711520883362,-0.0236059299231803,-134.7162635901817,5.283736409818279,-2.9247202729159305,-0.9622590256441551,True,0.9622590256441551,T=300us
4,2.445269048194024,-0.014506972459373118,-277.4808919973411,2.519108002658867,,-0.10726246250699405,0.0038508148272373578,-137.5478262174893,2.4521737825106853,-0.06693422014818201,-0.9824844729820665,True,0.9824844729820665,T=300us
5,2.2550026148806337,0.020371553118194566,-268.21313798832864,11.786862011671294,,0.09411685438174736,0.02583565414058799,-132.86503590238266,7.134964097617316,-4.651897914053979,-0.9490359707313049,True,0.9490359707313049,T=300us
6,2.356361480540674,0.001907462780466109,-279.1929691457978,0.8070308542021343,,0.03382995741488748,0.0033685658651973556,-139.6754102400243,0.32458975997568673,-0.4824410942264475,-0.9976815017144594,True,0.9976815017144594,T=300us
7,2.407541335583554,-0.019799523996258468,-276.84353546144933,3.1564645385505954,,-0.09736441183055841,0.010951919166283785,-137.11567842987435,2.8843215701256306,-0.27214296842496466,-0.9793977030705312,True,0.9793977030705312,T=300us
8,2.3065984443401195,0.009398288781183968,-275.7478747194422,4.252125280557738,,0.09337075401258764,0.00807860150211619,-137.70645990419828,2.2935400958016965,-1.958585184756042,-0.9836175707442736,True,0.9836175707442736,T=300us
9,2.4040788185594693,-0.01312405032160666,-278.6165731905617,1.383426809438216,,-0.05930724393777147,0.009081353988105029,-138.6232502253765,1.3767497746234965,-0.006677034814719622,-0.9901660730384036,True,0.9901660730384036,T=300us
10,2.5550725937514778,0.032120022637804065,-262.08751984150035,17.9124801584996,,0.2055188971139854,-0.018552974163101827,-128.87055640552478,11.129443594475191,-6.783036564024411,-0.9205039743251772,True,0.9205039743251772,T=300us
11,2.319171634536005,-0.0015114016563105884,-277.32179657759633,2.67820342240365,,0.05080008255372777,0.011477238534517733,-138.42031993391086,1.579680066089124,-1.0985233563145265,-0.9887165709565062,True,0.9887165709565062,T=300us
12,2.4621049626377887,-0.009979194298691351,-277.6306555515473,2.3693444484526287,,-0.10688931042437927,-0.0007689298407206539,-137.67769236875066,2.3223076312493367,-0.04703681720329223,-0.983412088348219,True,0.983412088348219,T=300us
13,2.448523038942706,0.029300038427191217,-272.17702838192906,7.822971618070902,,0.09036621916388596,-0.019574712558361632,-135.27715623649866,4.722843763501327,-3.1001278545695747,-0.9662654016892762,True,0.9662654016892762,T=300us
14,2.410364848022325,-0.009383834583027979,-279.2522712779067,0.7477287220932972,,-0.05157899466822633,0.006258517380181606,-139.14383373175482,0.8561662682451547,0.10843754615185748,-0.9938845266553917,True,0.9938845266553917,T=300us
15,2.3098336351451776,-0.0015214369625408085,-276.67530273391793,3.3246972660820355,,0.05394636760961287,0.013320598805349755,-137.98783532061506,2.0121646793849073,-1.312532586697128,-0.9856273951472506,True,0.9856273951472506,T=300us
16,2.5345611117766094,0.03874636239790965,-260.6910212416961,19.308978758303837,,0.2340075308107857,-0.009423018241548205,-128.52594936263273,11.474050637367254,-7.834928120936582,-0.9180424954473767,True,0.9180424954473767,T=300us
17,2.3669990891885115,0.007958448528818213,-279.0486177792301,0.9513822207698482,,0.038439796569282425,-0.0020689809392663992,-139.66387538799546,0.3361246120045292,-0.6152576087653191,-0.9975991099142534,True,0.9975991099142534,T=300us
18,2.4675690613831964,0.010459718963633858,-277.2640769979547,2.7359230020452694,,-0.04454662752221711,-0.014666514700069303,-137.87546673426036,2.124533265739619,-0.6113897363056501,-0.9848247623875741,True,0.9848247623875741,T=300us
19,2.4587700418841014,0.005932237136099386,-278.3093392170036,1.6906607829963993,,-0.056670574597155465,-0.010057397181627369,-138.53619152598418,1.463808474015797,-0.2268523089806024,-0.9895442251856015,True,0.9895442251856015,T=300us
20,2.36432370751725,0.006279354360440173,-279.16465435140765,0.8353456485922965,,0.03685535457956082,-0.0006423461775538043,-139.71914241541234,0.2808575845876325,-0.5544880640046641,-0.9979938743958027,True,0.9979938743958027,T=300us
21,2.4266802583014657,0.034128101530673347,-270.39995132126023,9.60004867873975,,0.1381726220002222,-0.014435813462892645,-134.4833136330637,5.5166863669363,-4.08336231180345,-0.9605950973790264,True,0.9605950973790264,T=300us
0,2.318017307976754,0.0033335575699460023,-277.17509535421635,2.8249046457836102,,0.06812946547226979,0.008521402819651573,-138.4734321284387,1.5265678715612712,-1.298336774222339,-0.9890959437745623,True,0.9890959437745623,T=300us
1,2.5512627569924904,0.01191689326038914,-269.65960044879586,10.340399551204122,,0.00493830121711351,-0.03073033137025446,-132.44733845026315,7.552661549736821,-2.787738001467301,-0.9460524175018798,True,0.9460524175018798,T=300us
2,2.440332160891851,-0.027956793983700746,-273.08859541041204,6.911404589587918,,-0.17387918073658323,0.0019452235751263064,-133.92018316677974,6.07981683322024,-0.8315877563676783,-0.9565727369055698,True,0.9565727369055698,T=300us
3,2.3625532104929645,-0.019771679018561354,-276.30254577657047,3.697454223429478,,-0.06615820911431898,0.01663344246439057,-136.89631121757654,3.103688782423443,-0.5937654410060352,-0.9778307944112611,True,0.9778307944112611,T=300us
4,2.372436249263457,-0.03730810049923692,-268.5647514067238,11.435248593276167,,-0.22208895855848007,0.001217761661628674,-130.25426889759544,9.74573110240455,-1.6895174908716166,-0.9303876349828246,True,0.9303876349828246,T=300us
5,2.3853951294170597,0.040400508367365424,-266.8675082014574,13.132491798542548,,0.19103350350699347,0.0005870709390899201,-132.72817489032963,7.271825109670348,-5.8606666888721985,-0.9480583920737832,True,0.9480583920737832,T=300us
6,2.2813898926767533,-0.007496403351904198,-273.8544103129332,6.14558968706672,,0.014176017356001097,0.022936384661014924,-135.75426367705367,4.2457363229463025,-1.8998533641204176,-0.969673311978955,True,0.969673311978955,T=300us
7,2.3933460310917263,0.017310338953630957,-277.5869750060142,2.4130249939857658,,0.04303610791711439,-0.010485145401693863,-138.7430016868984,1.2569983131015883,-1.1560266808841775,-0.991021440620703,True,0.991021440620703,T=300us
8,2.254698497099096,-0.03861429367757655,-259.57775870276345,20.422241297236482,,-0.26975929787344416,-0.019413570206383693,-122.86704254245247,17.132957457547516,-3.2892838396889656,-0.8776217324460892,True,0.8776217324460892,T=300us
9,2.3441227096660238,0.007038623014929157,-278.32966385851523,1.6703361414847213,,0.058984528005195436,0.0015822758841753774,-139.270152265829,0.729847734170958,-0.9404884073137633,-0.9947868018987789,True,0.9947868018987789,T=300us
10,2.4924642105969457,0.04248158823216829,-262.1003922940325,17.89960770596748,,0.22621015347571533,-0.005779464127392149,-129.64800486005882,10.351995139941172,-7.547612566026307,-0.9260571775718488,True,0.9260571775718488,T=300us
11,2.277076080251784,-0.03767805283727921,-262.53996804981387,17.460031950186096,,-0.26995496676448627,-0.0077000089824974865,-125.38598888834595,14.614011111654033,-2.846020838532063,-0.8956142063453283,True,0.8956142063453283,T=300us
12,2.4970201685342013,0.023367959621826466,-271.8112952200003,8.188704779999656,,0.044498081963211186,-0.025151469532969352,-134.53959235962367,5.4604076403763,-2.728297139623356,-0.9609970882830264,True,0.9609970882830264,T=300us
13,2.3288936246985195,-0.0024958460649353947,-277.88943961529,2.1105603847099776,,0.04230663688882966,0.010468638517841479,-138.75846617323947,1.2415338267605036,-0.8690265579494738,-0.991131901237425,True,0.991131901237425,T=300us
14,2.3240281197635366,-0.009127862850511375,-276.98287372341804,3.0171262765819282,,0.01527731799481906,0.016007402253122967,-137.90431370316554,2.0956862968344345,-0.9214399797474938,-0.9850308121654683,True,0.9850308121654683,T=300us
15,2.442889845810994,-0.014430058878935703,-277.5842421752052,2.41575782479474,,-0.10456114361368349,0.004247848165694848,-137.6372648279792,2.3627351720207623,-0.053022652773977885,-0.9831233201998517,True,0.9831233201998517,T=300us
16,2.4270378847393133,0.0012690873666013163,-279.688224850445,0.3117751495549432,,-0.04118405248664885,-0.002815648652996692,-139.59013445282463,0.40986554717535917,0.09809039762041598,-0.9970723889487474,True,0.9970723889487474,T=300us
17,2.3922318968700096,0.010776755206501783,-279.04708736796573,0.9529126320342151,,0.019591066587619,-0.0065916525912926216,-139.57424610043836,0.42575389956162735,-0.5271587324725877,-0.996958900717417,True,0.996958900717417,T=300us
18,2.4252436766687677,0.008280062735505992,-279.19147679525764,0.8085232047423219,,-0.021077545155968203,-0.00794106069355068,-139.4051523328056,0.594847667194363,-0.21367553754795882,-0.9957510880914688,True,0.9957510880914688,T=300us
19,2.392932972778766,0.02788217141351636,-273.7661341266421,6.233865873357854,,0.10489306567067488,-0.012275241277873992,-136.56317643122668,3.4368235687733097,-2.797042304584544,-0.9754512602230477,True,0.9754512602230477,T=300us
20,2.4518914567817283,-0.0024289186597379617,-278.85345184890497,1.14654815109499,,-0.0749888174720547,-0.0031432417940656415,-138.77553138300925,1.224468616990734,0.07792046589574389,-0.9912537955929234,True,0.9912537955929234,T=300us
21,2.3044835813764046,-0.026094206887119647,-270.85039663254713,9.149603367452837,,-0.14183292926896943,0.02046788963590142,-132.596855002057,7.4031449979429915,-1.7464583695098452,-0.9471203928718358,True,0.9471203928718358,T=300us
0,2.4288924870405766,0.003911915594578647,-279.5364029817008,0.46359701829917516,,-0.03657891097920475,-0.004992747197807962,-139.52735292375536,0.47264707624462976,0.009050057945454602,-0.9966239494553955,True,0.9966239494553955,T=300us
1,2.4226773473102567,0.01892264967381913,-276.9278794608173,3.0721205391826656,,0.025260552428303936,-0.014630791266528147,-138.1586832400309,1.8413167599690599,-1.2308037792136057,-0.9868477374287924,True,0.9868477374287924,T=300us
2,2.2911578660826484,-0.010088632592678259,-274.3819251656836,5.618074834316358,,0.003278775787805155,0.022292440912069035,-136.02594171161016,3.9740582883898257,-1.644016545926533,-0.9716138693686441,True,0.9716138693686441,T=300us
3,2.20143735517308,-0.012064425696647018,-263.16331185288834,16.836688147111598,,-0.21922134873704263,0.020843879924798046,-127.03475009764408,12.965249902355893,-3.871438244755704,-0.9073910721260293,True,0.9073910721260293,T=300us
4,2.302083429977742,0.013072654913766983,-274.73929224599704,5.260707754002938,,0.10690538904953309,0.008219510905940891,-137.1417552676021,2.8582447323978806,-2.4024630216050578,-0.979583966197158,True,0.979583966197158,T=300us
5,2.1925004130168917,0.013569730355825014,-261.45715511625406,18.542844883745886,,-0.13201028567476075,0.03426064049846983,-127.09902739587686,12.900972604123115,-5.64187227962277,-0.9078501956848348,True,0.9078501956848348,T=300us
6,2.5414216095177946,0.012305571147935717,-270.72633179445626,9.273668205543713,,-0.007614660177394411,-0.029154840921020782,-133.19454049043114,6.805459509568843,-2.46820869597487,-0.9513895749316511,True,0.9513895749316511,T=300us
7,2.432543081291631,-0.01122607981844854,-278.5598455071272,1.4401544928727574,,-0.08146428112141253,0.004617074458590268,-138.47874171492592,1.5212582850740546,0.08110379220129713,-0.9891338693923282,True,0.9891338693923282,T=300us
8,2.409687846019033,0.03424940831454858,-270.5863168505237,9.413683149476258,,0.14419967673807021,-0.011829413205670013,-134.6923453313554,5.3076546686445925,-4.106028480831665,-0.9620881809382529,True,0.9620881809382529,T=300us
9,2.415310935940221,-0.013081780392766126,-278.5363485205814,1.4636514794185653,,-0.07050870894348468,0.007740527420687625,-138.50792684000578,1.49207315999421,0.02842168057564484,-0.9893423345714699,True,0.9893423345714699,T=300us
10,2.364333296654318,0.0038741922283524388,-279.3601161342934,0.6398838657065617,,0.03084644770189106,0.001029691901398249,-139.79703702255497,0.20296297744499997,-0.4369208882615618,-0.9985502644468214,True,0.9985502644468214,T=300us
11,2.3634580853624634,0.0004052737493761467,-279.4529604071635,0.5470395928364601,,0.023188524067273883,0.0036641475830387423,-139.7827522985155,0.21724770148446884,-0.3297918913519913,-0.9984482307036824,True,0.9984482307036824,T=300us
12,2.3962838665130857,0.00993570046572005,-279.2053532563375,0.7946467436624751,,0.012795021155500068,-0.006418288684674153,-139.6372741901789,0.36272580982106445,-0.4319209338414107,-0.997409101358421,True,0.997409101358421,T=300us
13,2.3122694600495097,-0.024568374237192044,-272.04476553049466,7.9552344695052986,,-0.11754627921583222,0.021266052729781278,-133.5875932543709,6.412406745629077,-1.5428277238762214,-0.954197094674078,True,0.954197094674078,T=300us
14,2.5213754876033994,0.006638761962921604,-273.6854623997933,6.314537600206644,,-0.06469913898478266,-0.02263645556332108,-135.05100505684976,4.948994943150232,-1.3655426570564126,-0.9646500361203555,True,0.9646500361203555,T=300us
15,2.522840336278232,-0.02779057904175433,-267.7218402653129,12.278159734687039,,-0.15487552149949058,-0.026165878352757688,-129.70665954774003,10.293340452259935,-1.9848192824271054,-0.9264761396267147,True,0.9264761396267147,T=300us
16,2.4090286797937064,-0.012751348693937998,-278.66711075208235,1.3328892479175942,,-0.06271117621113258,0.00832354320839462,-138.64417265890123,1.3558273410987465,0.02293809318115221,-0.9903155189921518,True,0.9903155189921518,T=300us
17,2.4243451578455995,-0.01210881338434023,-278.5857678228122,1.4142321771877595,,-0.07607105029865831,0.006136325260382901,-138.52038394924978,1.479616050750191,0.06538387356243132,-0.9894313139232129,True,0.9894313139232129,T=300us
18,2.3464393075090912,0.008065106329220752,-278.30901200295847,1.690987997041471,,0.05965432040893556,0.0006111255396970799,-139.27100671672585,0.7289932832741165,-0.9619947137673543,-0.9947929051194706,True,0.9947929051194706,T=300us
19,2.327142306768491,-0.016954705640984405,-275.53934334822327,4.4606566517766755,,-0.036859540469683184,0.019955132821135233,-136.5397346401135,3.460265359886479,-1.0003912918901967,-0.9752838188579537,True,0.9752838188579537,T=300us
20,2.298827882580334,-0.010026812246842256,-275.04028297112126,4.9597170288786785,,0.007900717496438074,0.020871841791685046,-136.50546199765958,3.494538002340404,-1.4651790265382745,-0.9750390142689971,True,0.9750390142689971,T=300us
21,2.629093517344717,-0.030174017519535922,-252.05517642090228,27.944823579097683,,0.26112632392533586,-0.031244736311250455,-118.92253158051089,21.077468419489087,-6.8673551596085955,-0.8494466541465064,True,0.8494466541465064,T=300us
0,2.2718568440503315,-0.007833794145107946,-272.87196578054574,7.128034219454215,,0.001693102671291114,0.024981442919460774,-135.01156054573542,4.988439454264559,-2.1395947651896563,-0.964368289612396,True,0.964368289612396,T=300us
1,2.4794408070602842,0.004958269351668665,-277.2336891445152,2.766310855484724,,-0.07251114615888643,-0.01265017928284568,-137.64965209156708,2.3503479084329055,-0.41596294705181874,-0.9832118006540507,True,0.9832118006540507,T=300us
2,2.384622086801126,0.01063636726258569,-278.99907400113295,1.0009259988670278,,0.027212908845672384,-0.005729406824640008,-139.58624836897806,0.4137516310219111,-0.5871743678451167,-0.9970446312069864,True,0.9970446312069864,T=300us
3,2.51888750203362,-0.0002924135119929754,-274.2764684288681,5.723531571131882,,-0.09848604088146287,-0.01860733152883239,-135.2627790371088,4.737220962891183,-0.986310608240698,-0.9661627074079201,True,0.9661627074079201,T=300us
4,2.4759893478164083,0.03912782099136037,-265.4114138436976,14.588586156302359,,0.19093950591148082,-0.012646214768747359,-131.45968973880312,8.540310261196856,-6.048275895105505,-0.9389977838485939,True,0.9389977838485939,T=300us
5,2.3220453762461806,0.026396735986498533,-271.9559856970092,8.04401430299074,,0.14496565724864585,0.0037366549135509496,-135.65522797324226,4.3447720267577115,-3.699242276233029,-0.9689659140945878,True,0.9689659140945878,T=300us
6,2.3609179918346883,-0.014337624085553302,-277.73287219610364,2.2671278038963374,,-0.029325922307856103,0.014500847799735261,-138.14359677131068,1.8564032286893062,-0.4107245752070314,-0.9867399769379335,True,0.9867399769379335,T=300us
7,2.364710496079847,0.011178317016256793,-278.49231459391365,1.5076854060863347,,0.05009486041733027,-0.0037592267494371123,-139.37469095872066,0.6253090412793069,-0.8823763648070279,-0.9955335068480049,True,0.9955335068480049,T=300us
8,2.314622585617579,0.004505152543311121,-276.87164173239444,3.1283582676055297,,0.07374179718634735,0.008543002350752945,-138.3088174218837,1.6911825781162697,-1.43717568948926,-0.9879201244420266,True,0.9879201244420266,T=300us
9,2.5037472252512325,-0.01832313965006898,-272.9478756087677,7.052124391232283,,-0.15830769762326494,-0.01168776217460716,-133.87477793118796,6.1252220688120005,-0.9269023224202823,-0.9562484137942,True,0.9562484137942,T=300us
10,2.5243801155271557,0.037261349918397496,-262.6454840082965,17.35451599170348,,0.2117492561340456,-0.013902748919324304,-129.57783745765167,10.42216254234832,-6.932353449355161,-0.9255559818403691,True,0.9255559818403691,T=300us
11,2.275946077126183,0.0001708327607647022,-273.77441273451973,6.225587265480247,,0.054953728727169845,0.020509318544774818,-136.0217851359273,3.9782148640726818,-2.247372401407565,-0.971584179542338,True,0.971584179542338,T=300us
12,2.277563603817918,-0.0016949673951027315,-273.9112096362106,6.088790363789387,,0.046490390077951665,0.02097120866481047,-136.04360355210017,3.9563964478998077,-2.1323939158895797,-0.9717400253721442,True,0.9717400253721442,T=300us
13,2.464851898334317,-0.002071612399449373,-278.2504473878744,1.7495526121256066,,-0.08545369996109409,-0.005387814271615766,-138.282283783521,1.7177162164789792,-0.03183639564662744,-0.9877305984537216,True,0.9877305984537216,T=300us
14,2.3915476715466384,0.012643364226968856,-278.69314903811426,1.306850961885713,,0.026391282891032625,-0.007716125090679946,-139.38175000963972,0.6182499903602604,-0.6886009715254525,-0.9955839286402839,True,0.9955839286402839,T=300us
15,2.4261460515321813,0.01172120050044165,-278.6224290425938,1.3775709574061503,,-0.010437482246881976,-0.010548460252260241,-139.08840122548142,0.9115987745185657,-0.46597218288758446,-0.9934885801820103,True,0.9934885801820103,T=300us
16,2.3491287645949637,-0.0072127633139008876,-278.5275306299153,1.472469370084656,,0.011963898809186064,0.01107827053352641,-138.98983064612116,1.0101693538788108,-0.4623000162058452,-0.9927845046151513,True,0.9927845046151513,T=300us
17,2.3458277796623066,0.00726527605217665,-278.38017540398494,1.6198245960150088,,0.058003333675162666,0.0011831194131038596,-139.3023365596699,0.6976634403300854,-0.9221611556849235,-0.9950166897119279,True,0.9950166897119279,T=300us
18,2.504471244941257,-0.039337401921478644,-263.20280043047035,16.797199569529617,,-0.1295334198039897,-0.03647593388331594,-125.97583143523197,14.024168564768008,-2.7730310047616094,-0.8998273673945142,True,0.8998273673945142,T=300us
19,2.417559619355606,-0.0064335770676139685,-279.5430764354612,0.45692356453872474,,-0.050244765188720376,0.003618284381766711,-139.37993618477017,0.6200638152298158,0.1631402506910911,-0.9955709727483585,True,0.9955709727483585,T=300us
20,2.390270221298599,-0.011868057201625625,-278.8355355009653,1.164464499034664,,-0.040639740584872686,0.009858460184631216,-138.88580730312876,1.1141926968712141,-0.05027180216344968,-0.9920414807366342,True,0.9920414807366342,T=300us
21,2.4421769678568657,0.0011324360633412146,-279.2629707592013,0.7370292407986474,,-0.05650013772170688,-0.004360156673030023,-139.19661848084237,0.8033815191576101,0.06635227835896283,-0.9942615605774456,True,0.9942615605774456,T=300us
0,2.30032693586913,0.007476972323718174,-275.51836529347804,4.481634706521925,,0.08918291887095707,0.010506355112325444,-137.50032585944024,2.499674140559746,-1.9819605659621793,-0.9821451847102876,True,0.9821451847102876,T=300us
1,2.270008240137657,-0.014935812012419104,-271.3889912443294,8.611008755670555,,-0.06340224991899125,0.02653428824511112,-133.55296049551697,6.447039504483018,-2.1639692511875372,-0.9539497178251213,True,0.9539497178251213,T=300us
2,2.4475492184379317,-0.013384594546901213,-277.64478621203074,2.3552137879691912,,-0.10504353324985367,0.0031216197388751767,-137.68324718225622,2.3167528177437524,-0.03846097022543912,-0.9834517655875447,True,0.9834517655875447,T=300us
3,2.405203490237983,0.02267395110312415,-275.87995309332115,4.120046906678789,,0.0609330193329639,-0.013934671164679106,-137.69068938956306,2.3093106104369245,-1.8107362962418645,-0.9835049242111649,True,0.9835049242111649,T=300us
4,2.269874679719919,0.0010396660540141747,-273.1494250815879,6.850574918412065,,0.05418438547290854,0.02179150400394747,-135.60539583330402,4.394604166695949,-2.4559707517161162,-0.9686099702378861,True,0.9686099702378861,T=300us
5,2.481396349779639,-0.0039048827596062097,-277.1808513905206,2.819148609479313,,-0.10312048713354098,-0.00748865852011544,-137.39350901978298,2.6064909802170004,-0.21265762926231274,-0.9813822072841643,True,0.9813822072841643,T=300us
6,2.329773292760649,0.007558413920982395,-277.5331127177691,2.4668872822308807,,0.07301757508433272,0.003749057495190999,-138.8013606095501,1.198639390449886,-1.2682478917809947,-0.991438290068215,True,0.991438290068215,T=300us
7,2.483771822686952,0.021684364063581266,-273.3856742523255,6.614325747674481,,0.024271189033769094,-0.02326004872836769,-135.55541590934047,4.4445840906595,-2.1697416570149803,-0.9682529707810036,True,0.9682529707810036,T=300us
8,2.5173941719645385,-0.025732720110442937,-269.12621549612516,10.873784503874802,,-0.16381640354415605,-0.021812313155099988,-130.8145035408449,9.185496459155083,-1.6882880447197204,-0.9343893110060351,True,0.9343893110060351,T=300us
9,2.3187501016066836,-0.02738228922279296,-271.3197323520673,8.680267647932617,,-0.14473750247436123,0.019007846020448794,-132.8922853783154,7.107714621684597,-1.5725530262480196,-0.94923060984511,True,0.94923060984511,T=300us
10,2.4126429296273604,-0.01579102609846731,-277.9416541924243,2.0583458075756216,,-0.08002391090549796,0.009225922536636675,-138.01594916718864,1.9840508328113384,-0.07429497476428307,-0.9858282083370619,True,0.9858282083370619,T=300us
11,2.1912912743663284,0.018154939909616464,-260.1012909101353,19.898709089864674,,-0.1444047999861663,0.034534827154315995,-126.2668185707441,13.733181429255866,-6.165527660608807,-0.9019058469338866,True,0.9019058469338866,T=300us
12,2.3484046525475333,0.03627333032266817,-268.3970209934197,11.602979006580277,,0.17645567032719608,0.0043060119201676055,-133.62569843460656,6.374301565393428,-5.228677441186849,-0.9544692745329041,True,0.9544692745329041,T=300us
13,2.324949667141169,0.01606890980839432,-275.6415245798232,4.358475420176751,,0.10423313887047476,0.0015161914441190767,-137.77689558435534,2.223104415644625,-2.1353710045321255,-0.9841206827453955,True,0.9841206827453955,T=300us
14,2.434397206282156,0.0003996381725548236,-279.5151223687599,0.48487763124009287,,-0.05072624293636209,-0.0029381564436684647,-139.40566916379564,0.5943308362043508,0.10945320496425792,-0.9957547797413975,True,0.9957547797413975,T=300us
15,2.3621325668659843,0.0029712681484048513,-279.3434453677655,0.6565546322344207,,0.030851181139635305,0.0019246839459870707,-139.77584425426173,0.22415574573825628,-0.43239888649616437,-0.998398887530441,True,0.998398887530441,T=300us
16,2.5051000406935415,-0.01957055585946173,-272.45632654529123,7.543673454708707,,-0.1616203618326132,-0.012664814040673867,-133.4757854425147,6.524214557485259,-1.0194588972234493,-0.9533984674465339,True,0.9533984674465339,T=300us
17,2.3416049218493886,0.032427443728535545,-270.20413824050377,9.795861759496201,,0.1625572745966824,0.0020301147177306674,-134.66502519975873,5.334974800241234,-4.460886959254967,-0.961893037141134,True,0.961893037141134,T=300us
18,2.3836010578013114,-0.007909872701665646,-279.389952800168,0.6100471998319802,,-0.019582402052157565,0.00789490020010282,-139.42342196194002,0.5765780380599661,-0.03346916177201414,-0.9958815854424288,True,0.9958815854424288,T=300us
19,2.5916229128384893,-0.003100045464954315,-265.29758844645045,14.702411553549528,,0.014864637712801028,-0.037284426440396645,-128.8443132044328,11.155686795567181,-3.5467247579823464,-0.9203165228888058,True,0.9203165228888058,T=300us
20,2.4624342560717,0.0004667857874712593,-278.4081524891773,1.591847510822605,,-0.07620348097969833,-0.006663007757592982,-138.46241552423783,1.537584475762147,-0.05426303506045779,-0.9890172537445561,True,0.9890172537445561,T=300us
21,2.393882638606729,0.011297087014771322,-278.9646647406716,1.0353352593283385,,0.01949932765891656,-0.007097626537394103,-139.5196203208948,0.480379679105178,-0.5549555802231605,-0.9965687165778202,True,0.9965687165778202,T=300us
0,2.4754021296365187,-0.01834030508597242,-274.99538693884006,5.004613061159893,,-0.14874969428540727,-0.0027490758969499953,-135.48613762616978,4.513862373830208,-0.49075068732968485,-0.9677581259012128,True,0.9677581259012128,T=300us
1,2.3417574183229193,-0.0056109497739109055,-278.3641032920588,1.635896707941152,,0.02304224651406586,0.010844700306359213,-138.95147115913537,1.0485288408646154,-0.5873678670765365,-0.9925105082795385,True,0.9925105082795385,T=300us
2,2.3952999864786135,-0.025267758393283418,-274.8881222170746,5.111877782925346,,-0.12700632383511137,0.012321357608228908,-135.5257830779043,4.474216922095688,-0.6376608608296578,-0.9680413076993165,True,0.9680413076993165,T=300us
3,2.442815862066724,0.02723165027483181,-273.3241793223079,6.675820677692075,,0.07316278642071604,-0.01921397359324065,-135.95877145104075,4.041228548959228,-2.6345921287328475,-0.9711340817931484,True,0.9711340817931484,T=300us
4,2.4448463799776947,0.015481361746288343,-277.2628863802134,2.7371136197865606,,-0.008256384972000465,-0.015175875373797186,-138.1453442066778,1.8546557933221652,-0.8824578264643953,-0.9867524586191274,True,0.9867524586191274,T=300us
5,2.40473779175547,0.02029897357255852,-276.69755178268093,3.3024482173190237,,0.04744107830639607,-0.013136427865579033,-138.16117950179205,1.8388204982079333,-1.4636277191110907,-0.9868655678699433,True,0.9868655678699433,T=300us
6,2.3696692812384716,0.007203836308328806,-279.20914265355714,0.7908573464428252,,0.033626106334205735,-0.001872842594046239,-139.7408764429632,0.25912355703676787,-0.5317337894060573,-0.9981491174497373,True,0.9981491174497373,T=300us
7,2.3336122050208257,-0.022294412846062817,-274.23024258571814,5.769757414281837,,-0.08367301932061634,0.020168135614645998,-135.3243037542417,4.675696245758267,-1.0940611685235695,-0.9666021696731553,True,0.9666021696731553,T=300us
8,2.4960955696667133,0.021148797459190648,-272.67292239142273,7.327077608577208,,0.02397092739109478,-0.02469290343699895,-135.00921977087816,4.990780229121818,-2.33629737945539,-0.964351569791987,True,0.964351569791987,T=300us
9,2.2221280290909613,-0.0007669785647750356,-267.3469897585742,12.653010241425797,,-0.05857127920754968,0.03207033637817044,-131.07978699164653,8.92021300835345,-3.732797233072347,-0.9362841927974753,True,0.9362841927974753,T=300us
10,2.4765948885122837,-0.02294623171304797,-273.40198258389694,6.598017416103015,,-0.16779998979992453,-0.004745561489954766,-134.17755656961577,5.822443430384207,-0.7755739857188074,-0.9584111183543985,True,0.9584111183543985,T=300us
11,2.489260839732545,-0.020515049273836565,-273.39574291467005,6.604257085329921,,-0.16319189904329834,-0.007606414165353929,-134.19486537802993,5.80513462197005,-0.7991224633598717,-0.9585347527002139,True,0.9585347527002139,T=300us
12,2.3998127511690917,-0.03336941661756391,-271.1002758731656,8.899724126834386,,-0.19419352602996295,0.004522954189491613,-132.33156921301153,7.66843078698844,-1.2312933398459467,-0.945225494378654,True,0.945225494378654,T=300us
13,2.511984402245139,-0.04234683508598744,-260.5840931000779,19.41590689992204,,-0.0706300457024477,-0.04341035693735109,-123.92192210389967,16.07807789610031,-3.33782900382173,-0.8851565864564264,True,0.8851565864564264,T=300us
14,2.282020914511298,0.011274762221990727,-273.34739180536945,6.652608194630482,,0.10169361776325825,0.014815358468825769,-136.1462955490172,3.8537044509827836,-2.798903743647699,-0.9724735396358373,True,0.9724735396358373,T=300us
15,2.4192422756899052,-0.005823940442064105,-279.5774807195721,0.42251928042782727,,-0.050368595504790385,0.0030380218109904273,-139.4082671705931,0.5917328294068994,0.16921354897907218,-0.9957733369328079,True,0.9957733369328079,T=300us
16,2.414339955659747,-0.043838258819610364,-264.55610262008867,15.443897379911304,,-0.21898432295823472,-0.021466618265074247,-126.84396882216475,13.156031177835219,-2.2878662020760854,-0.9060283487297485,True,0.9060283487297485,T=300us
17,2.4355174708934064,0.0009688398367201722,-279.47691297621014,0.5230870237898393,,-0.050443049771870044,-0.003478759331156573,-139.38378181731372,0.6162181826862663,0.09313115889642697,-0.995598441552241,True,0.995598441552241,T=300us
18,2.377019693702055,0.010084275449000974,-278.97127576828103,1.028724231718945,,0.03369240264355457,-0.004566123550766136,-139.60136087131934,0.3986391286806365,-0.6300851030383083,-0.9971525776522812,True,0.9971525776522812,T=300us
19,2.321714913592784,-0.006711969080434546,-277.14401221341706,2.85598778658288,,0.028033189499634036,0.014701358904830883,-138.11194688560025,1.8880531143997317,-0.9679346721831482,-0.9865139063257162,True,0.9865139063257162,T=300us
20,2.2798566793616586,0.002823199963582613,-274.09318512786524,5.90681487213473,,0.06964944917993801,0.018228720173420237,-136.35548356324094,3.6445164367590426,-2.262298435375688,-0.9739677397374354,True,0.9739677397374354,T=300us
21,2.2464831750671976,-0.01867867496546695,-267.7344582413064,12.265541758693542,,-0.15280443357778428,0.024562884354747714,-130.482498659195,9.517501340804994,-2.7480404178885482,-0.9320178475656786,True,0.9320178475656786,T=300us
0,2.323779307655956,-0.042801689687806725,-262.99142373072027,17.0085762692797,,-0.2554202865857773,-0.014483099012073132,-125.59540353724165,14.404596462758322,-2.6039798065213775,-0.8971100252660119,True,0.8971100252660119,T=300us
1,2.3526432813252702,0.02129546819186727,-275.45951664427196,4.540483355728004,,0.10153654347131941,-0.005297712496295095,-137.6827100793896,2.3172899206103597,-2.223193435117645,-0.9834479291384974,True,0.9834479291384974,T=300us
2,2.4876868181059426,0.022638029611910134,-272.7761748230722,7.22382517692775,,0.033594873307930484,-0.02397039118692649,-135.1770536428309,4.822946357169051,-2.4008788197586997,-0.9655503831630782,True,0.9655503831630782,T=300us
3,2.5356942377598837,0.04448849740092264,-256.7490965298206,23.250903470179363,,0.2592248920439111,0.00545535678288513,-126.67046475652846,13.329535243471524,-9.921368226707841,-0.9047890339752034,True,0.9047890339752034,T=300us
4,2.5245792174659885,-0.03248942099916056,-265.2859048941419,14.714095105858048,,-0.13497541805362764,-0.03274000361778955,-127.75556025374154,12.244439746258442,-2.469655359599608,-0.912539716098154,True,0.912539716098154,T=300us
5,2.4379979215837806,-0.047005891513373345,-261.75026946803223,18.249730531967725,,-0.16734587225857772,-0.03506509990796424,-124.56025116752646,15.439748832473516,-2.809981699494209,-0.8897160797680463,True,0.8897160797680463,T=300us
6,2.2466006187901897,-0.017779626897741704,-268.0106791061272,11.989320893872748,,-0.14253709170625414,0.025399983193530234,-130.74900504110542,9.250994958894562,-2.738325934978184,-0.9339214645793246,True,0.9339214645793246,T=300us
7,2.4473702790139553,-0.02733892145110666,-273.1098617819365,6.890138218063438,,-0.17409982256651674,0.0006579621145623312,-133.9319404779157,6.068059522084264,-0.8220786959791748,-0.9566567176993981,True,0.9566567176993981,T=300us
8,2.3970674282860016,0.011057270507432812,-279.0193020684147,0.9806979315852908,,0.015427020391143562,-0.00725266929302617,-139.5309171936022,0.46908280639779654,-0.5116151251874943,-0.99664940852573,True,0.99664940852573,T=300us
9,2.3532988774114956,0.007043415666914783,-278.71270020665054,1.2872997933494335,,0.05010516126171339,0.00024495350615887725,-139.4869482993206,0.5130517006793724,-0.774248092670061,-0.9963353449951473,True,0.9963353449951473,T=300us
10,2.471382243776984,0.0051621984552529,-277.7102802552682,2.2897197447317863,,-0.06753950548784443,-0.011407741239908717,-138.02995161350077,1.970048386499209,-0.31967135823257736,-0.9859282258107199,True,0.9859282258107199,T=300us
11,2.3478561595566383,0.018439966688199833,-276.1722218571076,3.8277781428923165,,0.09348982718900832,-0.003966185313651107,-138.0978567016457,1.9021432983542954,-1.9256348445380211,-0.9864132621546122,True,0.9864132621546122,T=300us
12,2.555049063211264,0.012596721771579902,-269.06793731709,10.932062682909914,,0.017216253225722507,-0.03135843980585466,-132.0800205387334,7.919979461266562,-3.0120832216433517,-0.9434287181338102,True,0.9434287181338102,T=300us
13,2.2712716390368253,0.0005896398676148031,-273.299638143502,6.700361856497944,,0.05322506155153376,0.021591693103948137,-135.6956653143091,4.304334685690862,-2.396027170807082,-0.9692547522450653,True,0.9692547522450653,T=300us
14,2.4916300167656646,0.011509312439495687,-275.5275459733281,4.472454026671894,,-0.045484711886012025,-0.0193289377630061,-136.59143371331052,3.40856628668946,-1.0638877399824342,-0.9756530979522181,True,0.9756530979522181,T=300us
15,2.2515050079768812,0.019137419216117574,-268.1959149163196,11.804085083680352,,0.08634130263628174,0.026689737803325547,-132.7900952315957,7.209904768404277,-4.594180315276074,-0.9485006802256837,True,0.9485006802256837,T=300us
16,2.410984066271905,0.0023166987820611787,-279.9077519552698,0.0922480447301152,,-0.022050880107313698,-0.002118157663647125,-139.86471892333614,0.13528107666384218,0.04303303193372697,-0.9990337065952583,True,0.9990337065952583,T=300us
17,2.4552051681832636,-0.032255591771957776,-270.44052656400254,9.559473435997395,,-0.19882223767945723,-0.007160736347701179,-131.73356763821766,8.266432361782323,-1.2930410742150709,-0.9409540545586976,True,0.9409540545586976,T=300us
18,2.471984913637875,0.019172823903607954,-274.95018953534344,5.049810464656495,,0.004030220837105628,-0.020751973851458855,-136.55478411084707,3.445215889152922,-1.604594575503574,-0.9753913150774791,True,0.9753913150774791,T=300us
19,2.3762677425156733,-0.018014988782895286,-277.1758279851071,2.824172014892857,,-0.06151521195458903,0.01448128679940318,-137.5520442088124,2.447955791187577,-0.3762162237052798,-0.9825146014915173,True,0.9825146014915173,T=300us
20,2.5525825122081494,0.0020909487567663705,-270.60107513677514,9.398924863224815,,-0.056540251933207865,-0.02886593007667259,-132.68801476511416,7.311985234885813,-2.0869396283390014,-0.9477715340365299,True,0.9477715340365299,T=300us
21,2.503168841422969,-0.020091086650840192,-272.45327413840505,7.546725861594924,,-0.16320058145239266,-0.012209431922938658,-133.4652971750146,6.534702824985367,-1.0120230366095564,-0.9533235512501045,True,0.9533235512501045,T=300us
0,2.5265286994527734,-0.007898479170656668,-273.0280935044097,6.971906495590272,,-0.12324354129495119,-0.018671989251247044,-134.14090434954252,5.859095650457462,-1.1128108451328094,-0.9581493167824467,True,0.9581493167824467,T=300us
1,2.3151106001014674,0.023471764492925377,-272.66427627650853,7.335723723491448,,0.13683043920717206,0.004697728638385647,-136.04593584592027,3.9540641540797195,-3.381659569411728,-0.9717566846137163,True,0.9717566846137163,T=300us
2,2.318027574689151,-0.007571354828428611,-276.8064247944183,3.193575205581661,,0.02465548074434787,0.015925458947106823,-137.84867352799924,2.151326472000752,-1.0422487335809092,-0.9846333823428518,True,0.9846333823428518,T=300us
3,2.5002435815525503,0.003337278399328811,-275.83018504432,4.1698149556799935,,-0.08508972082727058,-0.015818177150358246,-136.52703232209822,3.472967677901763,-0.6968472777782304,-0.9751930880149874,True,0.9751930880149874,T=300us
4,2.333039572266047,-0.023838191566178484,-273.62999822495266,6.370001775047309,,-0.09923862915553587,0.01999468310631522,-134.8047424980391,5.195257501960863,-1.1747442730864466,-0.9628910178431367,True,0.9628910178431367,T=300us
5,2.3488431296574857,0.0021499629411249016,-278.8945078052038,1.1054921947961807,,0.04145971865550115,0.00414961037143956,-139.51122539120863,0.4887746087913634,-0.6167175860048173,-0.9965087527943474,True,0.9965087527943474,T=300us
6,2.559879265931422,-0.0003851513755105204,-269.7348229724125,10.265177027587507,,-0.056099637017580105,-0.030361653075675732,-131.9900860146321,8.009913985367877,-2.2552630422196303,-0.9427863286759437,True,0.9427863286759437,T=300us
7,2.3798955650302447,0.009630173273749926,-279.0934809219758,0.9065190780241429,,0.029298668963871222,-0.004583203010456589,-139.6566403123795,0.34335968762049573,-0.5631593904036472,-0.9975474308027108,True,0.9975474308027108,T=300us
8,2.357473540337382,-0.022421005669734213,-275.24333731893216,4.756662681067804,,-0.08603831214060113,0.017585170513331926,-136.0224409960193,3.977559003980688,-0.7791036770871159,-0.9715888642572807,True,0.9715888642572807,T=300us
9,2.3369662029632994,0.005691359261700804,-278.120410273106,1.8795897268939203,,0.0616430995115677,0.003557303950728882,-139.12377389731682,0.8762261026831638,-1.0033636242107566,-0.9937412421236916,True,0.9937412421236916,T=300us
10,2.480948453066186,-0.021064738143509832,-273.785757339408,6.214242660591958,,-0.162323427273046,-0.0051806964388732306,-134.49840328747982,5.501596712520157,-0.712645948071801,-0.960702880624856,True,0.960702880624856,T=300us
11,2.3488996406109437,0.01761241679693603,-276.45457815747994,3.5454218425199917,,0.08912694531916977,-0.003983870644907213,-138.2577260962459,1.7422739037540826,-1.803147938765909,-0.9875551864017565,True,0.9875551864017565,T=300us
12,2.4833585843900843,-0.00045291457451983926,-277.17013317450596,2.8298668254939816,,-0.09329906960416248,-0.009849074712144834,-137.45547899688984,2.54452100311013,-0.28534582238385175,-0.9818248499777847,True,0.9818248499777847,T=300us
13,2.324496357098348,0.002153650715510738,-277.64048813703477,2.35951186296519,,0.060516745633551874,0.008007383061476778,-138.74044475924973,1.2595552407502384,-1.0999566222149515,-0.991003176851784,True,0.991003176851784,T=300us
14,2.410980226708297,-0.01227252080259607,-278.7469051861359,1.2530948138640727,,-0.06276422391010272,0.007849157445123812,-138.70413766724204,1.2958623327579375,0.042767518893864834,-0.9907438404803004,True,0.9907438404803004,T=300us
15,2.2874094788633696,0.02217134538606046,-270.9330528004653,9.066947199534662,,0.13317227150566704,0.013909777246518233,-134.87264959367093,5.1273504063290565,-3.939596793205605,-0.963376068526221,True,0.963376068526221,T=300us
16,2.4260831515406207,0.0027690257526601317,-279.66054143585416,0.3394585641458181,,-0.036613092892688284,-0.0038493190996903934,-139.6076477475188,0.39235225248119443,0.052893688335376284,-0.9971974839108486,True,0.9971974839108486,T=300us
17,2.2522338408091755,-0.0322917693874105,-262.8744437534206,17.125556246579315,,-0.26990045482945213,0.00011853564817522228,-125.86516020205912,14.134839797940856,-2.990716448638458,-0.8990368585861367,True,0.8990368585861367,T=300us
18,2.4553278860634706,-0.024221888140799383,-274.0613523712813,5.938647628718667,,-0.16229567738125752,0.0006715020762878029,-134.7110860079896,5.288913992010396,-0.6497336367082713,-0.9622220429142114,True,0.9622220429142114,T=300us
19,2.4291409307922844,0.00193985843242128,-279.6227448490367,0.3772551509632658,,-0.04170476557350673,-0.0035289430201213465,-139.5451579915945,0.45484200840549244,0.07758685744222664,-0.9967511285113894,True,0.9967511285113894,T=300us
20,2.5659510546987243,0.0221641252099128,-265.0312073254771,14.968792674522843,,0.12801300580459926,-0.02893912166554924,-129.9944425850965,10.005557414903478,-4.963235259619365,-0.9285317327506895,True,0.9285317327506895,T=300us
21,2.4267775787340518,0.02902092491149047,-272.9754883380918,7.024511661908174,,0.09385999006181084,-0.017003043071530655,-135.89894008230587,4.101059917694098,-2.9234517442140766,-0.9707067148736136,True,0.9707067148736136,T=300us
0,2.4467726421356466,-0.0004726230451757314,-279.1046906825039,0.8953093174961054,,0.04988405371880414,0.005328023770961461,-139.2650458236349,0.7349541763650753,-0.16035514113103014,-0.994750327311678,True,0.994750327311678,T=400us
1,2.3224038791262416,-0.020418291908477437,-274.21552625029415,5.7844737497058265,,0.09149058789203161,-0.01798698797862232,-135.7124839061539,4.287516093846082,-1.4969576558597448,-0.9693748850439565,True,0.9693748850439565,T=400us
2,2.33202460838822,-0.02413305996580662,-273.4612885179408,6.538711482059191,,0.12382514373007855,-0.015029506440544441,-135.09328753392234,4.906712466077653,-1.631999015981538,-0.9649520538137311,True,0.9649520538137311,T=400us
3,2.296103632747587,0.018126132349396366,-272.99279657166693,7.007203428333047,,-0.10423813314617231,-0.017176502192551638,-135.43703604962946,4.562963950370518,-2.4442394779625283,-0.9674074003544962,True,0.9674074003544962,T=400us
4,2.3813270034684084,0.0005045926325044767,-279.85536035802426,0.14463964197569984,,-0.014877051032641716,-0.0016764471224585138,-139.9322738137718,0.06772618622820373,-0.07691345574749611,-0.9995162415269414,True,0.9995162415269414,T=400us
5,2.176587215439211,-0.030060709462078943,-253.08552184841972,26.914478151580234,,-0.05003873515165149,0.05055001242360611,-119.06570772505286,20.93429227494711,-5.980185876633123,-0.8504693408932349,True,0.8504693408932349,T=400us
6,2.283909284992049,0.005026505445064176,-274.33869456607994,5.661305433920034,,-0.05641238370858292,-0.019867013079100892,-136.19598336011836,3.8040166398816107,-1.8572887940384233,-0.9728284525722742,True,0.9728284525722742,T=400us
7,2.432880791379007,0.03744697019478404,-268.3504819534553,11.649518046544632,,-0.19055472696470613,-0.004764972758581324,-132.58489542130704,7.415104578692938,-4.234413467851693,-0.9470349672950504,True,0.9470349672950504,T=400us
8,2.4455269995884765,0.0640289698634322,-246.38674349401103,33.613256505988936,,0.3397907597743328,-0.004974954816071401,-118.07045450535578,21.9295454946442,-11.683711011344737,-0.84336038932397,True,0.84336038932397,T=400us
9,2.3536685056093414,0.009235057135482075,-278.4415809060178,1.5584190939821465,,-0.06784059498076647,-0.0005430902907956884,-139.0594191910592,0.9405808089407879,-0.6178382850413587,-0.9932815656504229,True,0.9932815656504229,T=400us
10,2.375985949448529,0.00530765894285682,-279.53903234776305,0.46096765223688496,,-0.03437103697518373,0.000864525565828111,-139.75259331279736,0.24740668720261885,-0.2135609650342661,-0.9982328093771241,True,0.9982328093771241,T=400us
11,2.37392834596378,0.020070865417404514,-276.50240251045653,3.4975974895434088,,-0.09900439663097953,0.005147431380279059,-137.79760817630756,2.2023918236924227,-1.2952056658509863,-0.9842686298307685,True,0.9842686298307685,T=400us
12,2.41010535851679,-0.01718940687889975,-277.59666010239573,2.4033398976042317,,0.08340807742081746,-0.007552032870686084,-138.12838151226686,1.8716184877331172,-0.5317214098711146,-0.986631296516192,True,0.986631296516192,T=400us
13,2.4671978197061,-0.018060037751666078,-275.5519765883345,4.448023411665417,,0.1265128537352311,0.005270232171829605,-136.5421631676367,3.4578368323633,-0.9901865793021172,-0.9753011654831193,True,0.9753011654831193,T=400us
14,2.423298932908999,-0.0019218293314681126,-279.7484993705009,0.2515006294990787,,0.03346115790501404,0.001210047609746147,-139.75946731106788,0.24053268893208446,-0.010967940566994228,-0.9982819093647708,True,0.9982819093647708,T=400us
15,2.572673016217742,-0.008629718580710141,-267.46929816191164,12.530701838088332,,-0.05732124478020681,0.03251362721319027,-130.880455158818,9.119544841181977,-3.4111569969063553,-0.9348603939915573,True,0.9348603939915573,T=400us
16,2.3620962755388315,-0.008196497158379118,-278.8759317328155,1.1240682671844493,,0.0002378680416323277,-0.009978045841732501,-139.20425132797925,0.7957486720207151,-0.32831959516373416,-0.9943160809141377,True,0.9943160809141377,T=400us
17,2.459569567702081,0.019146977934489707,-275.62201822422105,4.3779817757788875,,-0.04992346124193688,0.01757605043562215,-137.02213131875982,2.9778686812401616,-1.4001130945387257,-0.9787295094197132,True,0.9787295094197132,T=400us
18,2.440963532833314,-0.002491880353707099,-279.264758581299,0.7352414187009297,,0.05149655582509888,0.0031809904479436196,-139.37774778143122,0.6222522185687505,-0.11298920013217921,-0.9955553412959375,True,0.9955553412959375,T=400us
19,2.42876336517673,0.010299138782675478,-278.81397888228923,1.1860211177107476,,-0.004060940161238073,0.01014355023192906,-139.17427328576034,0.825726714239641,-0.3602944034711066,-0.9941019520411454,True,0.9941019520411454,T=400us
20,2.4705134995078266,0.00243490147124562,-277.92593886962567,2.0740611303742678,,0.05326667387837593,0.011257562419693974,-138.40793946615727,1.5920605338426927,-0.48200059653157495,-0.9886281390439807,True,0.9886281390439807,T=400us
21,2.1947110896104016,-0.02255565362184837,-259.21343767839363,20.786562321606326,,0.21094928764448426,0.029664210442316596,-124.15440264505068,15.845597354949291,-4.940964966657035,-0.8868171617503622,True,0.8868171617503622,T=400us
0,2.3394438107905957,0.0023764545679848008,-278.45872847307504,1.541271526924921,,-0.05484509101953497,-0.0066429181267429836,-139.03339286931256,0.9666071306874237,-0.5746643962374974,-0.9930956633522326,True,0.9930956633522326,T=400us
1,2.3483876289339016,-0.011221348310950443,-277.90597972676244,2.094020273237527,,0.009840401419642023,-0.013619808974907008,-138.4976061340887,1.5023938659112925,-0.5916264073262344,-0.9892686152434907,True,0.9892686152434907,T=400us
2,2.4014358901595942,-0.02003338635356108,-276.791503781055,3.2084962189449615,,0.09535799064328082,-0.008841755454705934,-137.5275328155396,2.472467184460378,-0.7360290344845833,-0.9823395201109973,True,0.9823395201109973,T=400us
3,2.3775720572593877,0.021020451895190813,-276.26277089903385,3.7372291009660934,,-0.10174167708776145,0.005697084031429647,-137.63921372318748,2.3607862768125,-1.3764428241535929,-0.9831372408799107,True,0.9831372408799107,T=400us
4,2.501065599140532,0.013034630261682546,-274.49457326812825,5.505426731871687,,-0.017450812040401706,0.02190910819408271,-136.1012874416883,3.898712558311681,-1.6067141735600055,-0.9721520531549166,True,0.9721520531549166,T=400us
5,2.460022302894038,0.011116372712506276,-277.5424076275384,2.457592372461544,,0.00776795149181716,0.014797857395762719,-138.23750404358196,1.7624959564180234,-0.6950964160435206,-0.9874107431684427,True,0.9874107431684427,T=400us
6,2.461852567748832,0.0013139499058311894,-278.4255043834876,1.574495616512357,,0.053794688154497436,0.008960266750368288,-138.76764378972234,1.2323562102776349,-0.34213940623472194,-0.991197455640874,True,0.991197455640874,T=400us
7,2.4235795143127357,-0.014947877022455338,-277.9868224564698,2.0131775435302024,,0.08257736222814976,-0.0050505403457287885,-138.40826612491188,1.5917338750880916,-0.42144366844211073,-0.9886304723207994,True,0.9886304723207994,T=400us
8,2.3417014103550464,0.00879213952060707,-277.9952416546057,2.0047583453942726,,-0.07540344251593772,-0.0031162499997162917,-138.76423206516233,1.23576793483764,-0.7689904105566326,-0.9911730861797311,True,0.9911730861797311,T=400us
9,2.378153957625864,0.022561292531168866,-275.7365911379631,4.263408862036847,,-0.11040657044242887,0.005347678709488668,-137.3001969124545,2.6998030875454755,-1.5636057744913718,-0.980715692231818,True,0.980715692231818,T=400us
10,2.3412689251234706,-0.009428987292989984,-277.88189479940536,2.1181052005946186,,-0.002617062055794593,-0.013661304822565465,-138.5069626591181,1.4930373408818693,-0.6250678597127489,-0.9893354475651295,True,0.9893354475651295,T=400us
11,2.4387690676355778,0.010489298028927542,-278.50642973948936,1.4935702605106105,,0.0017648955482560097,0.01150406905927272,-138.9416164264158,1.058383573584166,-0.43518668692644435,-0.9924401173315417,True,0.9924401173315417,T=400us
12,2.4991093920718193,-0.004615639763566081,-275.84009176912514,4.159908230874835,,0.08329039288662463,0.014852004647495845,-136.8252017045643,3.1747982954356644,-0.9851099354391708,-0.9773228693183167,True,0.9773228693183167,T=400us
13,2.405959695358453,-0.009149280873761637,-279.31642971892194,0.6835702810779895,,0.04034712241735836,-0.005334545970859132,-139.43997729697338,0.5600227030265907,-0.12354757805139863,-0.9959998378355244,True,0.9959998378355244,T=400us
14,2.4916344542778424,-0.014394848526988982,-274.92980436075237,5.070195639247571,,0.11669058132944897,0.012002497948609416,-136.090923836781,3.90907616321899,-1.1611194760285817,-0.9720780274055787,True,0.9720780274055787,T=400us
15,2.330784173731286,0.0013053428051143243,-278.0333553170202,1.9666446829797375,,-0.05516684413529645,-0.008976222453209627,-138.7349069999492,1.2650930000507776,-0.70155168292896,-0.9909636214282087,True,0.9909636214282087,T=400us
16,2.3508678592287486,0.01653517752257189,-276.8289894413932,3.171010558606752,,-0.0986819164659696,0.0004069079644990668,-138.02090739209248,1.9790926079074902,-1.1919179506992617,-0.9858636242292322,True,0.9858636242292322,T=400us
17,2.2781298484532173,-0.019886254273500662,-270.82883327698596,9.171166723013972,,0.14394415580954123,-0.018084155094101353,-133.21155932352488,6.788440676475089,-2.3827260465388838,-0.951511138025178,True,0.951511138025178,T=400us
18,2.320070094329815,-0.003042913529976724,-277.3245808716757,2.675419128324254,,-0.03875603673845727,-0.013674531770391848,-138.19857962650858,1.8014203734913987,-0.8739987548328554,-0.9871327116179186,True,0.9871327116179186,T=400us
19,2.326279556786946,0.01977183919623987,-274.6610894156697,5.338910584330225,,-0.12124305968997098,-0.007286754132724651,-136.60091690285256,3.399083097147411,-1.9398274871828143,-0.9757208350203757,True,0.9757208350203757,T=400us
20,2.4711787346214797,-0.01599578694992956,-275.8900619780328,4.109938021967158,,0.12022240131128949,0.005857203459821802,-136.80044256000153,3.199557439998447,-0.9103805819687116,-0.9771460182857253,True,0.9771460182857253,T=400us
21,2.401947720974819,-0.0031830310439600663,-279.91747132846,0.08252867153994826,,0.016112686643139487,-0.0020287552299012167,-139.9140110737822,0.08598892621777955,0.0034602546778312797,-0.9993857933841587,True,0.9993857933841587,T=400us
0,2.3662659237710604,-0.02204047529296622,-275.652269043535,4.347730956464941,,0.09617111100390384,-0.013268869260678247,-136.7137533081774,3.2862466918225914,-1.0614842646423497,-0.9765268093441244,True,0.9765268093441244,T=400us
1,2.426112828878102,0.007476208464786947,-279.2744641307681,0.7255358692318907,,0.005762086422143813,0.008021000885869854,-139.47900462686712,0.5209953731328675,-0.20454049609902317,-0.9962786044776224,True,0.9962786044776224,T=400us
2,2.28017335184959,0.02566799974807484,-268.92154921612337,11.078450783876574,,-0.06717925928465114,-0.028252673536414898,-132.70025702201644,7.2997429779835254,-3.7787078058930494,-0.9478589787286891,True,0.9478589787286891,T=400us
3,2.3803557388078582,-0.040478227715112496,-266.7466935981557,13.253306401844297,,0.181413147762318,0.021427284293509662,-129.7580420982175,10.241957901782484,-3.0113485000618128,-0.9268431578444108,True,0.9268431578444108,T=400us
4,2.4410973128380924,-0.0157681236478825,-277.3227207189677,2.677279281032269,,0.1013066140787408,-0.0017983779208730125,-137.8905723005389,2.1094276994610803,-0.5678515815711885,-0.9849326592895637,True,0.9849326592895637,T=400us
5,2.335884140427501,0.013243469639780662,-276.9215575660661,3.078442433933882,,-0.0950234890656917,-0.0034202948324230736,-138.07170971403994,1.9282902859600342,-1.150152147973848,-0.9862264979574283,True,0.9862264979574283,T=400us
6,2.334937430605838,-0.0071465931043704495,-277.8654164052805,2.134583594719484,,-0.0165641792885522,-0.013320082839707972,-138.52583713357606,1.474162866423908,-0.6604207282955761,-0.9894702652398292,True,0.9894702652398292,T=400us
7,2.4673544716381017,0.009868074959336441,-277.37196634629566,2.628033653704293,,0.01645999173505013,0.015219469683722245,-138.09329000016896,1.9067099998310093,-0.7213236538732838,-0.9863806428583499,True,0.9863806428583499,T=400us
8,2.399150372777451,-0.02482843585127606,-275.0727639662577,4.927236033742251,,0.12927894400524986,-0.007135403799656895,-136.21592379996213,3.7840762000378505,-1.143159833704401,-0.9729708842854439,True,0.9729708842854439,T=400us
9,2.5479453385885433,0.03449591072085237,-261.6768885567013,18.323111443298686,,-0.2294095769030013,-0.01291806141304482,-128.30482851988788,11.695171480112112,-6.6279399631865745,-0.916463060856342,True,0.916463060856342,T=400us
10,2.3847507240084367,0.018057000250596783,-277.2989142826562,2.7010857173437826,,-0.07935380767625445,0.007250011574191302,-138.29778585633636,1.7022141436636273,-0.9988715736801551,-0.9878413275452598,True,0.9878413275452598,T=400us
11,2.5010140124503546,-0.008652362474838693,-275.25836055765205,4.741639442347912,,0.09675951670253093,0.014705710417450835,-136.3695909766511,3.630409023348893,-1.1112304189990196,-0.9740685069760794,True,0.9740685069760794,T=400us
12,2.3605291006906053,0.00935063616949729,-278.6645730917369,1.3354269082630796,,-0.06233066612218049,0.0007343017986305013,-139.20326608232924,0.7967339176707379,-0.5386929905923418,-0.994309043445209,True,0.994309043445209,T=400us
13,2.474836714199624,-0.00632689593312099,-277.3983054500763,2.6016945499236517,,0.08744711684929744,0.007794109262082762,-137.95903420415104,2.040965795848949,-0.560728754074703,-0.9854216728867932,True,0.9854216728867932,T=400us
14,2.311086232718525,0.004709601257400736,-276.6072245497223,3.3927754502776932,,-0.07163142706476311,-0.012092847454443419,-137.78560932613522,2.2143906738647514,-1.1783847764129418,-0.9841829237581089,True,0.9841829237581089,T=400us
15,2.483865626395431,-0.02995053414227505,-269.9679570484285,10.032042951571459,,0.13311517829813682,0.022710166473361677,-132.29996265747013,7.70003734252985,-2.332005609041609,-0.944999733267644,True,0.944999733267644,T=400us
16,2.309949591478067,-0.011767871010328652,-275.5954379501092,4.404562049890724,,0.020238180814796027,-0.019575869713607107,-136.85343232493508,3.1465676750648814,-1.2579943748258424,-0.9775245166066794,True,0.9775245166066794,T=400us
17,2.4450368623794625,0.02543252581722337,-274.00186023529284,5.998139764707114,,-0.10572815361667205,0.01447537277465281,-136.0573848648231,3.942615135176894,-2.055524629530219,-0.971838463320165,True,0.971838463320165,T=400us
18,2.381042555384238,0.02430414462519786,-275.13196117965873,4.868038820341253,,-0.11926679926374752,0.005140980502382468,-136.90924078587813,3.0907592141218587,-1.7772796062193938,-0.9779231484705582,True,0.9779231484705582,T=400us
19,2.2201576893014434,0.03250680461569358,-258.6309899548667,21.369010045133212,,0.2480035356469129,-0.018675753313092493,-125.1804505814138,14.819549418586185,-6.549460626547028,-0.8941460755815273,True,0.8941460755815273,T=400us
20,2.3061092014201097,-0.03460990918781237,-266.8431264394613,13.15687356053867,,0.219619819344244,0.008300060305813203,-129.92325370022655,10.076746299773417,-3.0801272607652534,-0.9280232407159041,True,0.9280232407159041,T=400us
21,2.3731383519234166,-0.029848963050572625,-272.5840426432643,7.415957356735677,,0.16500884310919048,-0.0051511492049611035,-134.32794556770978,5.672054432290196,-1.7439029244454816,-0.9594853254836414,True,0.9594853254836414,T=400us
0,2.34421355841819,0.009220630540702842,-278.05024119945966,1.949758800540307,,-0.07514715917455604,-0.002425829652999519,-138.80264097196158,1.1973590280384112,-0.7523997725018957,-0.9914474355140114,True,0.9914474355140114,T=400us
1,2.3981771599392596,-0.030198947988608706,-272.70973646869174,7.290263531308199,,0.16707508191340634,-0.0010585346507423377,-134.39625433430425,5.603745665695731,-1.6865178656124675,-0.9599732452450305,True,0.9599732452450305,T=400us
2,2.4403656278089945,0.00040022494987955286,-279.3329518085719,0.6670481914280149,,0.041895549635319,0.004962664174091542,-139.4445993530898,0.5554006469101661,-0.11164754451784871,-0.9960328525220702,True,0.9960328525220702,T=400us
3,2.3356591455617846,0.014783449789405496,-276.56484483308753,3.4351551669124256,,-0.10085781357062887,-0.0034045289833795956,-137.84206593436227,2.1579340656376984,-1.2772211012747272,-0.9845861852454451,True,0.9845861852454451,T=400us
4,2.46092136989835,-0.01893252631843194,-275.62100635805837,4.37899364194157,,0.12764213391016496,0.0037627678962166454,-136.5936577858886,3.4063422141113744,-0.9726514278301952,-0.9756689841849188,True,0.9756689841849188,T=400us
5,2.5227131787200276,0.03521394625096574,-263.99623202026356,16.003767979736406,,-0.22431906224442785,-0.0063886279277371,-129.75057877436194,10.249421225638029,-5.754346754098376,-0.9267898483882998,True,0.9267898483882998,T=400us
6,2.3432444263558385,-0.031086236126388465,-270.9618317122362,9.0381682877638,,0.18344700255916913,-0.004659479966440876,-133.10948888327766,6.890511116722318,-2.1476571710414807,-0.9507820634519835,True,0.9507820634519835,T=400us
7,2.384553674446804,0.004900208429723816,-279.71049875127557,0.28950124872437316,,-0.024725210916059073,0.0016610113879309497,-139.85296005697995,0.14703994302003237,-0.14246130570434076,-0.9989497146927141,True,0.9989497146927141,T=400us
8,2.4503107856209794,-0.04835339697752202,-260.2797406809058,19.720259319094172,,-0.06371471486411948,0.04235791033659018,-124.83214773696758,15.167852263032394,-4.55240705606178,-0.8916581981211972,True,0.8916581981211972,T=400us
9,2.447780634549208,-0.018645994031248964,-276.2888619531216,3.711138046878316,,0.11962531764807176,0.00013238571581674865,-137.1031807628782,2.896819237121768,-0.8143188097565485,-0.9793084340205588,True,0.9793084340205588,T=400us
10,2.3756124267412626,0.021073424043350827,-276.2074492971424,3.7925507028575542,,-0.10342311067506928,0.005286463834571893,-137.60577505757968,2.394224942420286,-1.3983257604372676,-0.9828983932684265,True,0.9828983932684265,T=400us
11,2.3107192365318876,0.008543928987362798,-276.17461793593276,3.8253820640671896,,-0.08548342377823769,-0.011111453170933013,-137.52648402759345,2.4735159724065285,-1.3518660916606609,-0.9823320287685248,True,0.9823320287685248,T=400us
12,2.4386606173702443,0.01156153395923,-278.3208869698183,1.6791130301816948,,-0.003740166763554677,0.01212210266277267,-138.82268869825276,1.1773113017472296,-0.5018017284344651,-0.9915906335589484,True,0.9915906335589484,T=400us
13,2.313563522775358,-0.013677202236092256,-275.46510923895073,4.534890761049242,,0.03356239917574361,-0.019500735093533592,-136.73043520592373,3.2695647940762504,-1.2653259669729924,-0.9766459657565982,True,0.9766459657565982,T=400us
14,2.469443297381994,-0.031450750000071755,-270.1284556082726,9.871544391727355,,0.14718367741755495,0.02011280027691494,-132.4052145384518,7.594785461548196,-2.2767589301791578,-0.9457515324175129,True,0.9457515324175129,T=400us
15,2.4368879274312927,-0.0014209178789833965,-279.4277628592242,0.5722371407758078,,0.04459470797752236,0.0032803718476012754,-139.50781137761774,0.49218862238222755,-0.08004851839358024,-0.996484366982984,True,0.996484366982984,T=400us
16,2.500628818692856,0.004589300269033831,-275.7196727162984,4.280327283701524,,0.040658225835198764,0.018811319762102763,-136.8340326449312,3.1659673550687706,-1.1143599286327537,-0.9773859474637945,True,0.9773859474637945,T=400us
17,2.355542132226308,-0.01948278119463381,-276.15884876705695,3.8411512329430026,,0.0723678730911992,-0.015028070778825047,-137.12783692895744,2.8721630710425456,-0.968988161900457,-0.9794845494925533,True,0.9794845494925533,T=400us
18,2.4525224037750974,-0.007512981003841308,-278.42262936333987,1.5773706366600906,,0.07765020740780654,0.002464892477726633,-138.72354886025173,1.2764511397482619,-0.30091949691182884,-0.990882491858941,True,0.990882491858941,T=400us
19,2.3611200839000017,0.011948923981441558,-278.2411531321977,1.758846867802224,,-0.07150960216985341,0.001828644094094616,-138.9312114663603,1.0687885336396776,-0.6900583341625465,-0.992365796188288,True,0.992365796188288,T=400us
20,2.331327452065414,-0.02473188827414541,-273.1887096188709,6.811290381129037,,0.1304885467925942,-0.014490555229199974,-134.88192487232385,5.11807512767614,-1.6932152534528973,-0.963442320516599,True,0.963442320516599,T=400us
21,2.3311457152053623,0.016384300856154707,-275.92172366130393,4.078276338696005,,-0.10867498486036867,-0.004783957569116391,-137.4220918499604,2.5779081500395953,-1.5003681886564104,-0.98158637035686,True,0.98158637035686,T=400us
0,2.4302108526754376,0.028148083468941803,-273.29436065751463,6.705639342485328,,-0.13028905340631153,0.0106920455912114,-135.6568311774448,4.343168822555199,-2.3624705199301284,-0.9689773655531772,True,0.9689773655531772,T=400us
1,2.4185632203764156,-0.026182624871355732,-274.38002023611847,5.619979763881492,,0.14607334713236406,-0.0021750961287305202,-135.66507831627692,4.3349216837230715,-1.2850580801584204,-0.9690362736876923,True,0.9690362736876923,T=400us
2,2.446114667008107,0.022701943957680343,-275.01227719465686,4.98772280534311,,-0.0808687213026396,0.01574321506630289,-136.687791605691,3.312208394308994,-1.6755144110341162,-0.9763413686120787,True,0.9763413686120787,T=400us
3,2.4880940778587908,0.0021241843237837467,-276.8071159122399,3.192884087760056,,0.05713747654030448,0.014778218182032128,-137.58830601007742,2.4116939899225485,-0.7811900978375074,-0.9827736143576961,True,0.9827736143576961,T=400us
4,2.43183391168524,0.007255790254605101,-279.1649650513883,0.8350349486116132,,0.011183675280006251,0.0085582564998396,-139.38902382942766,0.6109761705723245,-0.22405877803928867,-0.995635884495912,True,0.995635884495912,T=400us
5,2.4007350196655053,-0.017293554882597387,-277.6095078404257,2.3904921595742836,,0.0768266199627459,-0.008994681139690291,-138.15128414926573,1.848715850734234,-0.5417763088400498,-0.9867948867804698,True,0.9867948867804698,T=400us
6,2.370812625805985,0.008542503443811807,-279.0684717227147,0.931528277285213,,-0.04998547231147564,0.001988831087524226,-139.45825566099438,0.5417443390055866,-0.3897839382796264,-0.9961303975785315,True,0.9961303975785315,T=400us
7,2.4915173785024907,0.0407428025799479,-263.3273585135835,16.67264148641649,,-0.20662178671514425,-0.016183638844161956,-129.44097311804558,10.559026881954408,-6.113614604462085,-0.9245783794146114,True,0.9245783794146114,T=400us
8,2.4261487640787514,0.004235809388972443,-279.5770220615826,0.42297793841731046,,0.017335622840291522,0.005805450871395931,-139.66917240535622,0.33082759464376227,-0.09215034377354818,-0.9976369457525446,True,0.9976369457525446,T=400us
9,2.4388756331647348,-0.023207180869269782,-275.0779152075515,4.922084792448473,,0.1374967837007193,0.00011954513419786358,-136.18582759871532,3.8141724012846514,-1.1079123911638218,-0.9727559114193953,True,0.9727559114193953,T=400us
10,2.3569844153000172,-0.02035867452855969,-275.93140517212316,4.068594827876797,,0.08017656842138825,-0.014764604090796395,-136.9489928780323,3.0510071219676798,-1.0175877059091176,-0.9782070919859451,True,0.9782070919859451,T=400us
11,2.3349081587074814,-0.018675403180514895,-275.4845471199807,4.515452880019299,,0.06761719027713933,-0.017348132611133677,-136.66254292729957,3.3374570727004103,-1.1779958073188892,-0.9761610209092828,True,0.9761610209092828,T=400us
12,2.3668162626035345,0.02275732522465422,-275.4106469105032,4.589353089496731,,-0.1184230577877611,0.0027435927892662717,-137.10049982628001,2.8995001737199506,-1.6898529157767803,-0.9792892844734289,True,0.9792892844734289,T=400us
13,2.3962270121954585,0.002390248721169363,-279.9485134816279,0.051486518372025676,,-0.00568107317342645,0.001265887487914856,-139.9805909563365,0.01940904366346823,-0.032077474708557444,-0.9998613639738324,True,0.9998613639738324,T=400us
14,2.4663822684198364,0.014389664476054513,-276.54817169861434,3.451828301385601,,-0.012805141704218419,0.01728829990429686,-137.57764592312094,2.422354076879043,-1.0294742245065578,-0.9826974708794354,True,0.9826974708794354,T=400us
15,2.372850632167254,-0.02686971130759342,-273.9282459811571,6.071754018842854,,0.14015978113719077,-0.009142472251116708,-135.37085678422252,4.629143215777452,-1.4426108030654021,-0.9669346913158754,True,0.9669346913158754,T=400us
16,2.424578460277164,0.02527132318378244,-274.64869786755753,5.351302132442447,,-0.10669296061566277,0.012092495771771876,-136.52213401620756,3.4778659837924066,-1.8734361486500402,-0.9751581001157685,True,0.9751581001157685,T=400us
17,2.3625833752247285,0.005235010934495141,-279.2088260118421,0.7911739881578383,,-0.04668594924284145,-0.0010470075513517093,-139.54612846501342,0.4538715349865547,-0.33730245317128366,-0.9967580604643818,True,0.9967580604643818,T=400us
18,2.2442352613472503,0.00490000255853619,-270.0564131026482,9.943586897351743,,0.035519627967371355,-0.028849493325169395,-133.09013403479616,6.909865965203806,-3.033720932147938,-0.9506438145342585,True,0.9506438145342585,T=400us
19,2.292173296074443,0.00559089882849263,-275.0340438866711,4.965956113328857,,-0.06698739840171666,-0.01728982035930017,-136.69591155512697,3.304088444873001,-1.6618676684558558,-0.9763993682509071,True,0.9763993682509071,T=400us
20,2.4289646294199208,-0.01291056116017884,-278.3248080796072,1.6751919203927714,,0.07781709236047989,-0.0036750386771371686,-138.65890314774452,1.3410968522554556,-0.3340950681373157,-0.9904207367696038,True,0.9904207367696038,T=400us
21,2.37329226458575,0.03289605042356581,-271.0593438294143,8.940656170585692,,-0.16357954146925285,-0.006277394411437168,-134.31742188495673,5.6825781150432455,-3.2580780555424456,-0.9594101563211197,True,0.9594101563211197,T=400us
0,2.4828631124243294,0.012947584247973553,-275.8652763056924,4.134723694307511,,-0.005310064629582892,0.019149409351701858,-137.06341104881525,2.9365889511847323,-1.1981347431227791,-0.9790243646343948,True,0.9790243646343948,T=400us
1,2.4230696323179535,-0.00024326946309805118,-279.78189197134486,0.21810802865511952,,0.02829724582220323,0.0023239358826295234,-139.79314605457273,0.2068539454272603,-0.011254083227859212,-0.9985224718183767,True,0.9985224718183767,T=400us
2,2.388680856296871,0.004243944122749158,-279.8036392950098,0.19636070499016114,,-0.01864512369005487,0.001705934106366335,-139.90565067310888,0.09434932689110613,-0.10201137809905501,-0.9993260762364921,True,0.9993260762364921,T=400us
3,2.46251692115677,-0.0003029029738510813,-278.4049591655203,1.5950408344796327,,0.060048890170055026,0.008096047774669457,-138.7405097892947,1.2594902107052843,-0.33555062377434836,-0.9910036413521051,True,0.9910036413521051,T=400us
4,2.3918524709063864,-0.014272442671885217,-278.3447670836867,1.6552329163132853,,0.05216490383360792,-0.009488453346027987,-138.72494099849484,1.2750590015051206,-0.38017391480816476,-0.9908924357035348,True,0.9908924357035348,T=400us
5,2.4083324817770797,-0.03629466462948452,-269.4431543749874,10.556845625012553,,0.18320039685866799,0.01344245176343648,-131.8563911789488,8.143608821051188,-2.413236803961364,-0.9418313655639201,True,0.9418313655639201,T=400us
6,2.3773523773855425,0.017289190247437063,-277.4011867547088,2.5988132452911485,,-0.08136929530042054,0.005899015139435049,-138.37412896078703,1.625871039212944,-0.9729422060782045,-0.9883866354341933,True,0.9883866354341933,T=400us
7,2.3792703323283995,0.0432956721191694,-264.84233845806693,15.157661541933017,,-0.1328835370808254,-0.027582806641435285,-130.35362396641167,9.646376033588313,-5.511285508344703,-0.9310973140457978,True,0.9310973140457978,T=400us
8,2.3701072455247933,-0.008520192033946583,-279.0544878071105,0.9455121928894602,,0.007081759129653728,-0.00917204782487399,-139.31736773118436,0.6826322688156095,-0.26287992407385063,-0.9951240552227456,True,0.9951240552227456,T=400us
9,2.4719699372391384,0.007106388933502336,-277.4854344168612,2.5145655831387614,,0.03218630453608429,0.014373792810463089,-138.13697896322932,1.8630210367706606,-0.6515445463681007,-0.9866927068802096,True,0.9866927068802096,T=400us
10,2.412246466559378,-0.0028627810406615804,-279.8731513760768,0.1268486239231624,,0.025385140476091365,-0.0006925745927056502,-139.86441926895617,0.13558073104379822,0.008732107120635822,-0.99903156620683,True,0.99903156620683,T=400us
11,2.4216286937112494,0.04687417766340942,-262.2478276074579,17.75217239254205,,-0.1275318653327697,-0.03152591840857981,-128.7688976056114,11.231102394388603,-6.521069998153447,-0.9197778400400813,True,0.9197778400400813,T=400us
12,2.4096557376471295,-0.011479812650460943,-278.90857140247476,1.0914285975252132,,0.05354496757015954,-0.006030051082432629,-139.124169765043,0.8758302349569781,-0.21559836256823506,-0.9937440697503073,True,0.9937440697503073,T=400us
13,2.35005186471364,0.004848891601592446,-278.79334351195484,1.206656488045096,,-0.05594565535685235,-0.003310589268268373,-139.27365960101395,0.7263403989860361,-0.4803160890590599,-0.9948118542929569,True,0.9948118542929569,T=400us
14,2.3927544365789375,0.014662326752880858,-278.26028217685774,1.7397178231422041,,-0.05461677409070039,0.0077879090308635695,-138.9064223257146,1.0935776742853744,-0.6461401488568297,-0.9921887308979616,True,0.9921887308979616,T=400us
15,2.407416033956806,-0.003694595823018616,-279.86840516576785,0.1315948342320818,,0.023080014308852467,-0.0017853532213047642,-139.86560880926405,0.13439119073594116,0.0027963565038593686,-0.9990400629233147,True,0.9990400629233147,T=400us
16,2.521859667262365,-0.009297611811913381,-273.2996558416351,6.700344158364813,,0.0809426753686881,0.021581248793016594,-134.94380579202308,5.0561942079768825,-1.6441499503879309,-0.9638843270858795,True,0.9638843270858795,T=400us
17,2.2666202572315903,-0.012286171368337305,-271.60957822194354,8.390421778056409,,0.09084956859289926,-0.023448580502340787,-133.92738365912052,6.072616340879446,-2.317805437176963,-0.9566241689937183,True,0.9566241689937183,T=400us
18,2.4897933228970364,0.010114267328784692,-275.9033310880664,4.096668911933545,,0.012007923553367042,0.019139154159849677,-137.04282657621062,2.9571734237893765,-1.1394954881441683,-0.9788773326872188,True,0.9788773326872188,T=400us
19,2.4660804712285134,-0.02434214345389779,-273.4835208944229,6.516479105577043,,0.147239019230295,0.009137976515945598,-134.96773109154665,5.032268908453311,-1.4842101971237316,-0.9640552220824763,True,0.9640552220824763,T=400us
20,2.3996258695899972,-0.016464629502771326,-277.83332376932583,2.1666762306741414,,0.07090231847390488,-0.00903465394509624,-138.32311540969584,1.6768845903041465,-0.4897916403699946,-0.988022252926399,True,0.988022252926399,T=400us
21,2.1902262375000454,-0.020911263270071534,-259.06964163258345,20.93035836741649,,0.21504122405097179,0.029128979560558006,-124.07223057782461,15.927769422175361,-5.002588945241127,-0.8862302184130331,True,0.8862302184130331,T=400us
0,2.359930276071024,0.03262506178771908,-270.8368504206412,9.163149579358725,,-0.1593688061324226,-0.009557118896830629,-134.1701029882739,5.829897011726076,-3.3332525676326488,-0.9583578784876708,True,0.9583578784876708,T=400us
1,2.260091061982395,0.011389891580280408,-271.06887777402875,8.931122225971187,,-0.02974721677463642,-0.027088114768685934,-133.95454673430712,6.0454532656928714,-2.885668960278316,-0.9568181909593366,True,0.9568181909593366,T=400us
2,2.4720383944468205,0.03351443677724304,-268.90782313282216,11.092176867177784,,-0.18654109934291327,0.005218961711669552,-132.84257968552234,7.15742031447765,-3.9347565527001334,-0.9488755691823025,True,0.9488755691823025,T=400us
3,2.339864937579667,0.018108974709677778,-275.90355217649824,4.096447823501721,,-0.11163744185364935,-0.0026180364450805868,-137.41907501951732,2.580924980482654,-1.515522843019067,-0.9815648215679811,True,0.9815648215679811,T=400us
4,2.361795716385501,0.0016819089040308907,-279.3809362098617,0.6190637901382243,,-0.03623466024568565,-0.0033580359131492417,-139.64157568434874,0.3584243156512479,-0.2606394744869765,-0.9974398263167767,True,0.9974398263167767,T=400us
5,2.3019896976055865,0.00962438779529104,-275.35741501725624,4.642584982743691,,-0.08708377393331018,-0.013630457549039122,-136.97247895068853,3.0275210493114444,-1.6150639334322465,-0.9783748496477754,True,0.9783748496477754,T=400us
6,2.442434662477704,-0.020799076074035496,-275.80678796154035,4.193212038459609,,0.12698022090483732,-0.00039875302456822154,-136.7392137064795,3.2607862935204843,-0.9324257449391242,-0.9767086693319965,True,0.9767086693319965,T=400us
7,2.5355458514134543,0.009080126277795078,-271.92498026042,8.075019739579972,,-0.03549362621259791,0.026200880207504405,-134.2558637917987,5.744136208201288,-2.3308835313786833,-0.958970455655705,True,0.958970455655705,T=400us
8,2.33663699723789,-0.004432324662258792,-278.2053589633004,1.7946410366995553,,-0.02944925388137747,-0.011345265927788018,-138.7939744171006,1.2060255828993647,-0.5886154538001908,-0.9913855315507188,True,0.9913855315507188,T=400us
9,2.467587319849797,-0.03415473286823284,-268.81396065981704,11.186039340182907,,0.13792330073030568,0.024420917618521238,-131.39603772544996,8.603962274550007,-2.5820770656329004,-0.9385431266103571,True,0.9385431266103571,T=400us
10,2.403015582444973,0.0003422202756198194,-279.995343858882,0.004656141117938458,,0.00694438118489651,0.000543479435699762,-139.98777561758544,0.012224382414525318,0.00756824129658686,-0.9999126829827534,True,0.9999126829827534,T=400us
11,2.5147480358847254,-0.008561023689308698,-274.0792049002905,5.920795099709466,,0.08714893602061094,0.01918493599802126,-135.51338368362084,4.4866163163791235,-1.434178783330342,-0.967952740597292,True,0.967952740597292,T=400us
12,2.431261121077311,0.013903208077655166,-278.05557179392963,1.9444282060703406,,-0.020921980080526804,0.012424087029172352,-138.67679944283023,1.3232005571697472,-0.6212276489005933,-0.9905485674487875,True,0.9905485674487875,T=400us
13,2.5162025397851284,0.027040072174508253,-268.68642405299727,11.313575947002693,,-0.17238174432518288,0.013831102761416466,-132.522991684756,7.477008315243982,-3.8365676317587107,-0.9465927977482572,True,0.9465927977482572,T=400us
14,2.330274083219835,0.016106863602232117,-275.9447008076296,4.055299192370374,,-0.10797572604586535,-0.004999418363239786,-137.43570495762583,2.5642950423741335,-1.4910041499962399,-0.9816836068401847,True,0.9816836068401847,T=400us
15,2.3556507856573234,0.021476311196683105,-275.51017779413934,4.4898222058606185,,-0.11819761756042571,0.0005517278297280787,-137.16891857621624,2.8310814237837407,-1.6587407820768778,-0.9797779898301161,True,0.9797779898301161,T=400us
16,2.396639351462131,0.028262122905530967,-273.6114489160712,6.388551083928749,,-0.13824881790634247,0.0052877156124530745,-135.92121963585154,4.07878036414844,-2.309770719780309,-0.9708658545417969,True,0.9708658545417969,T=400us
17,2.4556749167572542,-0.01916578872521136,-275.7989822209031,4.201017779096856,,0.12631130028920082,0.002378710091789016,-136.72911485908133,3.270885140918629,-0.930132638178227,-0.976636534707724,True,0.976636534707724,T=400us
18,2.4395980415273844,-0.011631961509106132,-278.277887420214,1.722112579786009,,0.08198465121505921,-0.0014421696094148635,-138.61526787856474,1.3847321214352422,-0.3373804583507669,-0.9901090562754625,True,0.9901090562754625,T=400us
19,2.455573386074878,-0.0029587301283753495,-278.66945317539694,1.3305468246030152,,0.06467259302265146,0.005289102473206773,-138.9235101893629,1.076489810637084,-0.25405701396593133,-0.9923107870668779,True,0.9923107870668779,T=400us
20,2.4956541120395825,-0.010969561838883927,-275.3201359263968,4.679864073603142,,0.10571621335846466,0.012917518086073086,-136.3989628398006,3.6010371601993967,-1.0788269134037451,-0.9742783059985758,True,0.9742783059985758,T=400us
21,2.3438426473235214,0.018416732597057797,-276.00200988123686,3.9979901187631035,,-0.11093359621936565,-0.001597714965641599,-137.48492217733823,2.5150778226617327,-1.4829122961013705,-0.982035158409559,True,0.982035158409559,T=400us
0,2.5066511756939414,0.003942976118936297,-275.26103616909853,4.73896383090145,,0.04027944127262571,0.0199143690010811,-136.49888135627347,3.5011186437264983,-1.2378451871749516,-0.9749920096876679,True,0.9749920096876679,T=400us
1,2.402430241486224,0.010222473094984584,-279.16238374917896,0.8376162508210075,,-0.02585802967725795,0.007001174633020769,-139.47154077682902,0.5284592231709604,-0.3091570276500471,-0.9962252912630646,True,0.9962252912630646,T=400us
2,2.419107746533109,0.04025224994526685,-266.9010024507355,13.098997549264412,,-0.1858758686226479,-0.013297678214218346,-131.69515838296354,8.30484161703643,-4.794155932227982,-0.9406797027354541,True,0.9406797027354541,T=400us
3,2.2434068332360386,0.0104377329776682,-269.27541455297103,10.724585447028948,,0.024895709314242065,-0.030113595842961124,-132.62552109674854,7.374478903251441,-3.350106543777508,-0.9473251506910612,True,0.9473251506910612,T=400us
4,2.404722452552273,0.014644143673049602,-278.27689358791974,1.7231064120802393,,-0.04424776160500929,0.009409912666004957,-138.89240222124695,1.1075977787530338,-0.6155086333272055,-0.9920885872946212,True,0.9920885872946212,T=400us
5,2.481590028148586,-0.005699813667118889,-277.03027488729396,2.9697251127059947,,0.08748812702970395,0.009708451453640226,-137.68978974708125,2.3102102529187416,-0.659514859787253,-0.9834984981934376,True,0.9834984981934376,T=400us
6,2.341532617648193,-0.018468113253436613,-275.8790608089349,4.120939191065005,,0.06401758216242319,-0.016648787682513683,-136.94887523157138,3.051124768428608,-1.0698144226363961,-0.9782062516540814,True,0.9782062516540814,T=400us
7,2.456487134734744,-0.00214414784910356,-278.6609785228899,1.3390214771100788,,0.06259819668736755,0.005916299469598984,-138.92102244952815,1.0789775504718289,-0.26004392663824977,-0.9922930174966298,True,0.9922930174966298,T=400us
8,2.370223364034296,-0.007218316753886755,-279.2210799903905,0.7789200096094784,,0.0015684048342930934,-0.008316792600220632,-139.44666842758267,0.5533315724173034,-0.225588437192175,-0.9960476316255907,True,0.9960476316255907,T=400us
9,2.285303460418652,-0.0014677127594713286,-274.6525032032489,5.347496796751072,,-0.026807379298749056,-0.021005768055980305,-136.32648838829715,3.673511611702817,-1.6739851850482552,-0.9737606313449799,True,0.9737606313449799,T=400us
10,2.3319888861876286,0.004852230812598171,-277.9259652844172,2.0740347155827688,,-0.06749088339734281,-0.006888626295785477,-138.69212647182187,1.3078735281781193,-0.7661611874046494,-0.9906580462272991,True,0.9906580462272991,T=400us
11,2.2132584968853206,0.008183082570890414,-265.55626804920115,14.443731950798801,,0.1529023656667548,-0.026256080121380716,-129.7888605176646,10.21113948233538,-4.232592468463421,-0.9270632894118901,True,0.9270632894118901,T=400us
12,2.386333853818863,0.014670173336796065,-278.20352594680764,1.7964740531922974,,-0.06038785834138527,0.00685249123614588,-138.88077760053176,1.1192223994682198,-0.6772516537240776,-0.9920055542895128,True,0.9920055542895128,T=400us
13,2.2992078542363035,0.014519303399684024,-274.1898619444465,5.8101380555534545,,-0.09975746851101591,-0.014832618775658326,-136.22081172247877,3.779188277521196,-2.0309497780322583,-0.9730057980177057,True,0.9730057980177057,T=400us
14,2.5030087352456127,0.0077982801233693515,-275.2066822003556,4.793317799644363,,0.01958618882868349,0.02064867806774038,-136.513841264106,3.4861587358939725,-1.307159063750391,-0.9750988661721859,True,0.9750988661721859,T=400us
15,2.3642027805125525,0.005184997513829495,-279.26139887674077,0.7386011232591884,,-0.04506755304446801,-0.0008342245507259329,-139.57960793126716,0.4203920687328195,-0.31820905452636883,-0.9969971995090513,True,0.9969971995090513,T=400us
16,2.352039782625283,0.009606531961830197,-278.32301860619987,1.6769813938001052,,-0.07050070273956013,-0.0007048920235871121,-138.9830571776709,1.0169428223290813,-0.6600385714710238,-0.9927361226976494,True,0.9927361226976494,T=400us
17,2.430357485324051,0.010454323485768958,-278.74973278072736,1.2502672192726008,,-0.0036313750202315977,0.010431458014469784,-139.1276043824521,0.8723956175478802,-0.3778716017247206,-0.9937686027318009,True,0.9937686027318009,T=400us
18,2.4282551144333384,0.010610192541941458,-278.77383789362824,1.226162106371718,,-0.005870669934730062,0.010269647430369892,-139.15002416838269,0.8499758316172868,-0.3761862747544312,-0.9939287440598765,True,0.9939287440598765,T=400us
19,2.347641936597206,-0.0008972190228255594,-278.8743497914269,1.1256502085730902,,-0.03827078350340128,-0.007200918475839067,-139.28630158582837,0.7136984141716036,-0.4119517944014865,-0.9949021541844886,True,0.9949021541844886,T=400us
20,2.5110888618871074,-0.0012604193592315486,-274.9841009334082,5.015899066591772,,0.06299592677875894,0.019216488637298728,-136.23922878717724,3.760771212822728,-1.2551278537690442,-0.9731373484798377,True,0.9731373484798377,T=400us
21,2.2758657647159106,0.014563334871860026,-272.0715538443615,7.92844615563843,,-0.07042357489756552,-0.02308146778915718,-134.73123746378732,5.268762536212647,-2.6596836194257834,-0.9623659818841954,True,0.9623659818841954,T=400us
0,2.347595062924205,-0.021272599122093318,-275.26202255908595,4.737977440914019,,0.08905484247056837,-0.015551184957045707,-136.45429014531618,3.545709854683807,-1.1922675862302123,-0.9746735010379728,True,0.9746735010379728,T=400us
1,2.3984582810630473,0.02682065581930143,-274.24969545242135,5.7503045475786,,-0.1276577564483167,0.006920254657904656,-136.32326463796463,3.676735362035348,-2.0735691855432523,-0.9737376045568904,True,0.9737376045568904,T=400us
2,2.3470158904282314,0.003655115001574249,-278.74713616540294,1.2528638345970295,,-0.05426856990512575,-0.004513635929463613,-139.2360678221541,0.7639321778458816,-0.4889316567511478,-0.9945433415868151,True,0.9945433415868151,T=400us
3,2.338846970249214,-0.005471691044050278,-278.2350213543949,1.7649786456050562,,-0.02390176080251299,-0.011629018137724718,-138.8023458560768,1.1976541439231747,-0.5673245016818815,-0.9914453275434059,True,0.9914453275434059,T=400us
4,2.5184027797707027,0.0037566112767435235,-274.21045705836735,5.789542941632588,,0.029703401562882828,0.022558362605927657,-135.75246543754074,4.247534562459248,-1.5420083791733392,-0.9696604674110053,True,0.9696604674110053,T=400us
5,2.3032507004375833,0.046021576979296146,-259.2689880787341,20.731011921265875,,0.12267471240082704,-0.03652074812556531,-126.29537849811038,13.7046215018896,-7.026390419376273,-0.9021098464150743,True,0.9021098464150743,T=400us
6,2.2517947729469223,0.021962865797694704,-267.30183893279474,12.69816106720521,,0.011733077138669473,-0.032683963441242476,-131.43400356938182,8.565996430618167,-4.132164636587042,-0.9388143112098702,True,0.9388143112098702,T=400us
7,2.27828720600325,0.019804730220776515,-270.870038938492,9.129961061507958,,-0.07663944571911721,-0.02459307341057072,-133.9697577581676,6.030242241832399,-3.099718819675559,-0.9569268411297686,True,0.9569268411297686,T=400us
8,2.2836849435452984,0.03659041912861422,-263.81898733846515,16.18101266153479,,0.02060377519846504,-0.03643713023766767,-129.3019351359369,10.698064864063086,-5.482947797471704,-0.923585250970978,True,0.923585250970978,T=400us
9,2.465949826922745,-0.02357807893985118,-273.78316827362835,6.216831726371579,,0.14516846268553935,0.008363293224895124,-135.19612422388167,4.803875776118305,-1.412955950253274,-0.965686601599155,True,0.965686601599155,T=400us
10,2.3347464391805675,0.0007820823593081439,-278.2586123925911,1.7413876074088384,,-0.051528034559803364,-0.008474440743894087,-138.88397473501573,1.116025264984265,-0.6253623424245732,-0.9920283909643981,True,0.9920283909643981,T=400us
11,2.2599157242295655,0.03478495040380513,-262.4154381195095,17.584561880490472,,0.0983563433285934,-0.03511207826546597,-128.1816410458416,11.818358954158395,-5.7662029263320775,-0.91558315032744,True,0.91558315032744,T=400us
12,2.511140429518,0.01813583994138677,-272.3634155637832,7.636584436216757,,-0.07567658770541838,0.022629265246048965,-134.74068526829794,5.259314731702043,-2.377269704514714,-0.9624334662021282,True,0.9624334662021282,T=400us
13,2.3341726678813277,0.041408933458978905,-264.5283150259386,15.471684974061345,,-0.0730390240053086,-0.03335758415142685,-130.0196623925257,9.980337607474274,-5.49134736658707,-0.9287118742323266,True,0.9287118742323266,T=400us
14,2.486248001295295,-0.021832590604530376,-273.16370375395303,6.836296246046919,,0.13564287897282726,0.013916355512782065,-134.73888043830843,5.2611195616915385,-1.57517668435538,-0.9624205745593462,True,0.9624205745593462,T=400us
15,2.4416186229120815,0.009934298407508072,-278.50353644219285,1.4964635578071233,,0.0061857282574822575,0.011533280942011824,-138.9290486433638,1.0709513566361657,-0.4255122011709575,-0.9923503474525989,True,0.9923503474525989,T=400us
16,2.2963466083781694,-0.016081450846100086,-273.57212374957436,6.427876250425577,,0.0739549567873391,-0.021139424539640028,-135.31412174697027,4.685878253029696,-1.741997997395881,-0.9665294410497879,True,0.9665294410497879,T=400us
17,2.3736029414636515,0.010311936184128581,-278.86520807729715,1.1347919227027776,,-0.05373267289384157,0.003261175992770037,-139.32568335250852,0.6743166474914458,-0.46047527521133175,-0.9951834525179183,True,0.9951834525179183,T=400us
18,2.411595442789164,0.0059596535076445875,-279.66113107424746,0.3388689257524705,,-0.0016499670323831574,0.0053632053704248134,-139.76954924043753,0.23045075956246414,-0.10841816619000641,-0.9983539231459824,True,0.9983539231459824,T=400us
19,2.427595374515896,-0.007936619576123818,-279.1852087651177,0.8147912348822617,,0.056798788046446856,-0.0018652607361676272,-139.3138662654217,0.6861337345782784,-0.12865750030398324,-0.9950990447530123,True,0.9950990447530123,T=400us
20,2.308535893545429,-0.012303344035529585,-275.3887008727895,4.611299127210442,,0.025712876306498645,-0.01991035955823287,-136.69645397089147,3.303546029108512,-1.3077530981019305,-0.976403242649225,True,0.976403242649225,T=400us
21,2.290214777654611,0.02854206029514727,-268.60148708213404,11.398512917865904,,-0.08020453915585006,-0.027743259234767014,-132.5387033013984,7.461296698601572,-3.9372162192643327,-0.9467050235814173,True,0.9467050235814173,T=400us
0,2.427284582953804,-0.02971669340305041,-272.63765458250936,7.362345417490593,,-0.14420420836205966,-0.012542861644321389,-134.55311081513895,5.446889184861026,-1.9154562326295677,-0.9610936486795641,True,0.9610936486795641,T=500us
1,2.2933667879029347,-0.0137920465951458,-273.8665127937104,6.133487206289562,,-0.09240014500091732,0.018280556718616,-135.59359656997003,4.406403430029949,-1.7270837762596132,-0.9685256897855004,True,0.9685256897855004,T=500us
2,2.311885892006474,0.0030326118931013543,-276.76824720548285,3.2317527945171083,,0.04822180496399081,0.014870287533965151,-137.75784389464914,2.2421561053508228,-0.9895966891662856,-0.9839845992474942,True,0.9839845992474942,T=500us
3,2.482189903752665,-0.003228109594267526,-277.166845220013,2.833154779986944,,-0.05897000750793562,-0.013010065924927925,-137.93769812684278,2.062301873157213,-0.7708529068297311,-0.9852692723345914,True,0.9852692723345914,T=500us
4,2.3532452091330107,0.033360716266864925,-270.21208722181456,9.78791277818537,,0.10534413850313211,0.02336209597563849,-133.38623446518656,6.613765534813414,-3.174147243371957,-0.9527588176084756,True,0.9527588176084756,T=500us
5,2.3979347730946454,0.0383628828871342,-268.2357158552334,11.76428414476652,,0.11670472653605463,0.02533845676144272,-132.1102141319682,7.889785868031781,-3.8744982767347382,-0.9436443866569159,True,0.9436443866569159,T=500us
6,2.466185764926228,0.005674061278596828,-277.95637558372067,2.0436244162793074,,-0.018280236761546567,-0.013201929196328219,-138.53865751303428,1.4613424869657,-0.5822819293136072,-0.9895618393788165,True,0.9895618393788165,T=500us
7,2.358349475537556,-0.013766328468463542,-277.77656826209386,2.2234317379061155,,-0.04188603487909993,0.0124615151173295,-138.40046105048725,1.5995389495127224,-0.6238927883933932,-0.9885747217891948,True,0.9885747217891948,T=500us
8,2.4276129418326624,0.023696360476709147,-275.20036780880383,4.799632191196128,,0.11644532683316597,-0.007913098000811502,-136.75331511003395,3.246684889966014,-1.552947301230114,-0.9768093936430999,True,0.9768093936430999,T=500us
9,2.3911945612514995,0.01187402307718682,-278.8414113868022,1.1585886131977492,,0.05340096075169838,-0.004974265784796931,-139.2201643694671,0.7798356305328784,-0.37875298266487084,-0.9944297454961937,True,0.9944297454961937,T=500us
10,2.4233189776082,0.003021402272436903,-279.7046750243038,0.2953249756961566,,-0.0108137680299497,-0.004911336554638185,-139.78329607053524,0.21670392946472777,-0.07862104623142883,-0.9984521147895377,True,0.9984521147895377,T=500us
11,2.3649319780425477,-0.04189515511847231,-265.4690315841225,14.530968415877453,,-0.06166435315245423,-0.03551028242464965,-129.14608983242394,10.853910167576037,-3.6770582483014147,-0.9224720702315997,True,0.9224720702315997,T=500us
12,2.461238544065621,0.016448877473016855,-276.30757630963217,3.6924236903677654,,0.057954046000048796,-0.015255689885584664,-137.4545616098691,2.5454383901308697,-1.1469853002368955,-0.9818182972133509,True,0.9818182972133509,T=500us
13,2.401367569785272,0.01235060014093874,-278.78009165432024,1.219908345679693,,0.048002442401099375,-0.006669403726118978,-139.17396493974582,0.8260350602541627,-0.3938732854255303,-0.9940997495696131,True,0.9940997495696131,T=500us
14,2.352269415122841,-0.0001516844844287652,-279.06937854331073,0.9306214566892459,,0.03466271277919764,0.006991818203663388,-139.3637415555984,0.6362584444015772,-0.29436301228766865,-0.995455296825703,True,0.995455296825703,T=500us
15,2.4778865944734507,0.014252522252123171,-275.9057716878762,4.094228312123762,,0.04735510208023366,-0.01727020922302917,-137.15823802583094,2.841761974169031,-1.2524663379547307,-0.9797017001845069,True,0.9797017001845069,T=500us
16,2.2631355424583472,0.0034990594957497122,-272.34307518648217,7.656924813517775,,-0.043890547808376784,0.024998772107743858,-134.61174938040296,5.388250619597016,-2.2686741939207593,-0.9615124955743071,True,0.9615124955743071,T=500us
17,2.5412933102534563,-0.007830905726058717,-271.46089284684365,8.539107153156321,,0.02954146647563666,-0.027222155196254847,-133.898855657334,6.101144342665971,-2.43796281049035,-0.956420397552386,True,0.956420397552386,T=500us
18,2.4212802628052272,0.006184190583347337,-279.5091420881288,0.49085791187114824,,0.003484563799862377,-0.00655369304108414,-139.65423458967874,0.34576541032123564,-0.14509250154991257,-0.9975302470691341,True,0.9975302470691341,T=500us
19,2.309984231832931,-0.0046825377221580275,-276.529529827945,3.4704701720549687,,0.005758342635714632,0.017463455809434574,-137.5557493888883,2.4442506111116686,-1.0262195609433002,-0.9825410670634881,True,0.9825410670634881,T=500us
20,2.419523121180813,0.0007184381173416737,-279.83999343072367,0.1600065692763049,,-0.016125206367102116,-0.0029655036854689047,-139.876537069268,0.12346293073196334,-0.03654363854434159,-0.9991181219233431,True,0.9991181219233431,T=500us
21,2.494382252097446,0.0069797073680617425,-275.9900938508784,4.009906149121541,,0.003905606158051646,-0.01882965830562258,-137.16311717433632,2.8368828256636447,-1.1730233234578966,-0.9797365512452597,True,0.9797365512452597,T=500us
0,2.4073103014559982,0.012795885139552843,-278.66950174230476,1.3304982576951685,,0.04614448883607165,-0.007665387833038983,-139.09551851745667,0.9044814825432994,-0.426016775151869,-0.9935394179818335,True,0.9935394179818335,T=500us
1,2.4003200780429115,-0.010987922346373514,-279.0349970484874,0.9650029515125321,,-0.045853503177854714,0.005905553575850896,-139.29185724361147,0.7081427563884999,-0.25686019512403224,-0.9949418374543678,True,0.9949418374543678,T=500us
2,2.3561947781863966,-0.017090073605537208,-276.8817494889505,3.1182505110494536,,-0.06849934125478863,0.012751701864346016,-137.74391446178075,2.25608553821923,-0.8621649728302236,-0.983885103298434,True,0.983885103298434,T=500us
3,2.421781962051372,0.0001543710130980494,-279.8057836035031,0.1942163964968627,,-0.02002482031019562,-0.002917299856595726,-139.8499826575217,0.15001734247826276,-0.04419905401859996,-0.9989284475537267,True,0.9989284475537267,T=500us
4,2.418707601412147,-0.01678719636495421,-277.6045212070918,2.3954787929081407,,-0.09069104811502413,0.0033670718992277683,-138.2371109381875,1.762889061812489,-0.6325897310956518,-0.9874079352727679,True,0.9874079352727679,T=500us
5,2.3860880268803943,0.007231307267346865,-279.502896782797,0.4971032172029618,,0.0371602141712025,-0.00239809397812602,-139.6718707063759,0.3281292936240929,-0.16897392357886892,-0.9976562193312565,True,0.9976562193312565,T=500us
6,2.3649349563123137,0.005541608895234182,-279.2520120633133,0.7479879366866179,,0.04810335294681172,0.0018020136372868159,-139.50154517050677,0.498454829493214,-0.24953310719340385,-0.9964396083607627,True,0.9964396083607627,T=500us
7,2.541713567503922,-0.011478928110226851,-270.8506323897065,9.149367610293467,,0.029507350605519806,-0.028258685892743846,-133.4396419983967,6.560358001603271,-2.589009608690197,-0.9531402999885481,True,0.9531402999885481,T=500us
8,2.4114469018793967,-0.013884765484439425,-278.40556823751007,1.5944317624898667,,-0.06953819494237445,0.004842800885748152,-138.82695763579645,1.1730423642035255,-0.4213893982863411,-0.9916211259699749,True,0.9916211259699749,T=500us
9,2.3007287940942,-0.0018997662223484211,-275.96857330379686,4.031426696203094,,0.012665547401682615,0.01870912062456697,-137.169593357465,2.830406642534985,-1.2010200536681086,-0.9797828096961787,True,0.9797828096961787,T=500us
10,2.484463349065676,-0.024822303799153237,-272.17219523513296,7.827804764866993,,-0.09215464902884525,-0.022458358072863595,-134.24244571442242,5.75755428557756,-2.070250479289433,-0.9588746122458746,True,0.9588746122458746,T=500us
11,2.5596434659486094,0.006776445457423983,-269.39868854162074,10.601311458379191,,0.14998147097472764,-0.018727931607494374,-132.67046070319995,7.32953929680004,-3.2717721615791517,-0.9476461478799997,True,0.9476461478799997,T=500us
12,2.359312393298642,1.5931928905329226e-05,-279.32357945991237,0.6764205400876024,,0.03142372222916905,0.0056707302758675915,-139.5411548983169,0.45884510168308246,-0.21757543840451998,-0.996722534987978,True,0.996722534987978,T=500us
13,2.274183763536637,-0.0025953780431274675,-273.54472936718736,6.455270632812583,,-0.04301400902640955,0.022892817446569135,-135.4333838421636,4.566616157836366,-1.8886544749762177,-0.9673813131583117,True,0.9673813131583117,T=500us
14,2.4139819405487457,0.008525632900111664,-279.3390961867655,0.6609038132344398,,0.019428101368537024,-0.00687146950881758,-139.5454368824727,0.4545631175272905,-0.20634069570714925,-0.9967531205890908,True,0.9967531205890908,T=500us
15,2.224975036798851,0.03177504563229565,-259.6748426214293,20.325157378570626,,-0.26835075445404316,-0.006255974488845557,-125.7059546662561,14.29404533374387,-6.031112044826758,-0.8978996761875437,True,0.8978996761875437,T=500us
16,2.335545671343284,-0.005751098669582164,-278.04129936000214,1.9587006399977889,,0.011640634126072105,0.012989605232966809,-138.62372539732127,1.3762746026787014,-0.5824260373190876,-0.9901694671237236,True,0.9901694671237236,T=500us
17,2.2909835049470946,0.008774218562349233,-274.56481358510206,5.435186414897872,,0.04372173491196886,0.020565071071409917,-136.22936769929197,3.7706323007079976,-1.6645541141898745,-0.9730669121378,True,0.9730669121378,T=500us
18,2.4246938311050683,0.015444111383669513,-277.8442974694134,2.1557025305865625,,0.05282295317876601,-0.010643602298010453,-138.5249983801711,1.475001619828879,-0.6807009107576838,-0.9894642741440794,True,0.9894642741440794,T=500us
19,2.378733069457008,0.006843267296688831,-279.44075026910343,0.5592497308965331,,0.041943862804029806,-0.0010975002885723149,-139.63098378061363,0.36901621938633894,-0.19023351151019408,-0.9973641698615261,True,0.9973641698615261,T=500us
20,2.3205077349010894,0.01359369899714361,-275.94995386456947,4.050046135430514,,0.08879669784068929,0.012084169380558014,-137.22934510444964,2.7706548955503343,-1.2793912398801797,-0.9802096078889262,True,0.9802096078889262,T=500us
21,2.414763119107608,-0.010054780504768131,-279.1028305297503,0.897169470249642,,-0.05295373062064413,0.003415199416740892,-139.3343921822352,0.6656078177647704,-0.23156165248487165,-0.9952456584445374,True,0.9952456584445374,T=500us
0,2.391240920906572,-0.0031476064845979484,-279.8894315868067,0.11056841319323679,,-0.00469462946042868,0.0030571706085954077,-139.92079247333837,0.07920752666160454,-0.031360886531632264,-0.9994342319524171,True,0.9994342319524171,T=500us
1,2.457116864985502,0.0192587456055502,-275.70420920957037,4.2957907904295825,,0.08180703828958392,-0.01404812963978431,-137.06047860175286,2.939521398247127,-1.3562693921824553,-0.9790034185839491,True,0.9790034185839491,T=500us
2,2.467085245736748,-0.004521038856773612,-278.0016058431416,1.9983941568583399,,-0.0646022163342403,-0.008783999074217862,-138.53226003890134,1.4677399610986366,-0.5306541957597033,-0.9895161431350097,True,0.9895161431350097,T=500us
3,2.3185311913566267,-0.017275025616732907,-274.9127879116298,5.087212088370158,,-0.0906328628810751,0.01582577822401629,-136.32810963888508,3.671890361114885,-1.4153217272552732,-0.9737722117063222,True,0.9737722117063222,T=500us
4,2.388390220329038,-0.016596317543103135,-277.74344990255247,2.2565500974474997,,-0.07211716712377254,0.008563555397335717,-138.35410221329184,1.6458977867081295,-0.61065231073937,-0.988243587237799,True,0.988243587237799,T=500us
5,2.5549970864313893,0.000599801175635976,-270.3396443714821,9.660355628517822,,0.10248116444525002,-0.024095020570253308,-133.2280359781339,6.771964021866061,-2.8883916066517608,-0.9516288284152424,True,0.9516288284152424,T=500us
6,2.3572295593759818,0.02522681768248961,-274.16633237688353,5.8336676231164155,,0.1286263017601157,0.008665447187177079,-136.0563014175234,3.943698582476565,-1.8899690406398506,-0.9718307244108817,True,0.9718307244108817,T=500us
7,2.324674320157356,0.025402856624793815,-272.5308952139057,7.469104786094271,,0.09971595106629924,0.019580272210223956,-134.91667486266317,5.083325137336797,-2.385779648757474,-0.9636905347333086,True,0.9636905347333086,T=500us
8,2.4402166837389627,0.001684204938210034,-279.31645949248565,0.6835405075142997,,-0.028110162029214937,-0.0065417970969855604,-139.4964298604851,0.5035701395148631,-0.17997036799943666,-0.9964030704320367,True,0.9964030704320367,T=500us
9,2.4108130998971995,0.014199035309313995,-278.34079849637783,1.659201503622105,,0.05202560323258802,-0.008495498928473974,-138.870620663913,1.1293793360869857,-0.5298221675351193,-0.9919330047422358,True,0.9919330047422358,T=500us
10,2.277058812571788,-0.027020643857956578,-268.0492104327305,11.950789567269451,,-0.201114444463022,-0.009832202953154878,-131.1938713848551,8.806128615144887,-3.144660952124565,-0.9370990813203937,True,0.9370990813203937,T=500us
11,2.396045553670919,-0.02656106030871012,-274.35502698722837,5.6449730127716125,,-0.14365231692947922,-0.00024020900156901897,-135.84157129664055,4.158428703359433,-1.4865443094121795,-0.9702969378331469,True,0.9702969378331469,T=500us
12,2.363871919360389,-0.02182110076635247,-275.66087504514996,4.33912495485,,-0.10938807783870866,0.009620945561970413,-136.83395010179922,3.1660498982007677,-1.1730750566492318,-0.9773853578699945,True,0.9773853578699945,T=500us
13,2.3671946447030336,-0.032289389065365416,-271.22714908038176,8.77285091961819,,-0.17056113836472664,-0.009130180564764962,-133.50802743678832,6.491972563211663,-2.2808783564065265,-0.953628767405631,True,0.953628767405631,T=500us
14,2.4370296124129913,-0.011897453745696401,-278.30830066307345,1.691699336926484,,-0.078421904315648,-0.00020405627175266937,-138.74735849205967,1.2526415079403153,-0.4390578289861688,-0.9910525606575692,True,0.9910525606575692,T=500us
15,2.37190242165064,-0.043896847731087686,-264.27635114526964,15.723648854730337,,-0.007170416238349381,-0.03832410003130082,-128.25071507236675,11.749284927633239,-3.974363927097097,-0.9160765362311911,True,0.9160765362311911,T=500us
16,2.458557994678896,-0.008011817154091452,-278.08770331448056,1.9122966855194077,,-0.0751116796982418,-0.005739047804014873,-138.5875111950652,1.4124888049347866,-0.4998078805846211,-0.9899107942504658,True,0.9899107942504658,T=500us
17,2.481870643812193,0.016822095129526926,-275.00962965006926,4.990370349930693,,0.07417241900011909,-0.017029819693298448,-136.56128155973374,3.438718440266245,-1.5516519096644477,-0.9754377254266696,True,0.9754377254266696,T=500us
18,2.4751827835394726,0.00596342582689067,-277.4129441463564,2.5870558536435735,,-0.015202595100971685,-0.014995288102773221,-138.1555678328299,1.8444321671700934,-0.7426236864734799,-0.9868254845202136,True,0.9868254845202136,T=500us
19,2.25988598140356,0.011941926801949849,-270.9431059700492,9.056894029950735,,-0.04123069962425749,0.027350894936253086,-133.67380738907758,6.326192610922391,-2.730701419028344,-0.9548129099219829,True,0.9548129099219829,T=500us
20,2.350479825479494,-0.023350371428203284,-274.6408218236738,5.359178176326168,,-0.12665831460235177,0.009158115364091956,-136.08646387489446,3.913536125105514,-1.4456420512206536,-0.9720461705349606,True,0.9720461705349606,T=500us
21,2.5555341642496523,-0.012914187649528248,-268.94370683829976,11.05629316170021,,0.08601113525482773,-0.02824609776537272,-132.11825732782987,7.881742672170106,-3.174550489530105,-0.9437018380559278,True,0.9437018380559278,T=500us
0,2.3795358079481104,-0.002384776557305476,-279.7832792103248,0.21672078967515465,,0.007848798504264233,0.004105442630505989,-139.85269031118244,0.14730968881754913,-0.06941110085760553,-0.9989477879370176,True,0.9989477879370176,T=500us
1,2.3919738949643543,0.0008868305259301046,-279.96736269746054,0.03263730253939617,,0.008885889483198498,0.00042598560736067167,-139.9824000160905,0.017599983909467758,-0.015037318629928405,-0.9998742858292181,True,0.9998742858292181,T=500us
2,2.3752233901295825,0.003270451965817459,-279.6634958977203,0.33650410227964583,,0.03170998238006854,0.0012935148817243961,-139.78110474394344,0.21889525605654564,-0.11760884622310018,-0.998436462456739,True,0.998436462456739,T=500us
3,2.4962478574926954,-0.003460286921456345,-276.1401877912148,3.859812208785155,,-0.051846658597492136,-0.016761568323662553,-137.20577558280505,2.7942244171949455,-1.0655877915902092,-0.9800412541628932,True,0.9800412541628932,T=500us
4,2.337581171382709,-0.006013568181023741,-278.121647332654,1.8783526673459723,,0.010252685266364614,0.012748453653339457,-138.67954691531477,1.3204530846852014,-0.5578995826607708,-0.9905681922522486,True,0.9905681922522486,T=500us
5,2.321244218240262,-0.012814411677399808,-276.1616778630752,3.8383221369247438,,-0.046080440696117046,0.01701120942699939,-137.25348514318244,2.7465148568175413,-1.0918072801072025,-0.9803820367370175,True,0.9803820367370175,T=500us
6,2.3786999983748087,0.018472603514359053,-277.08715045477356,2.9128495452264103,,0.09709647299039549,-0.002526996560859868,-138.03380017549756,1.9661998245024033,-0.946649720724007,-0.9859557155392685,True,0.9859557155392685,T=500us
7,2.411615255220624,-0.032062316540959125,-271.7286627528554,8.271337247144519,,-0.15053358607272455,-0.014007806093703492,-133.8725882286912,6.127411771308777,-2.1439254758357422,-0.9562327730620802,True,0.9562327730620802,T=500us
8,2.426711153206961,0.0073605364292372065,-279.27526430612,0.7247356938799544,,0.0049252769514762425,-0.007947514887453506,-139.49021265454888,0.5097873454510959,-0.21494834842885852,-0.9963586618182064,True,0.9963586618182064,T=500us
9,2.4742585887366806,-0.010563862430305595,-276.8612993577921,3.1387006422078145,,-0.08713045632859406,-0.009762350897052552,-137.69403546008311,2.305964539916853,-0.8327361022909615,-0.9835288247148796,True,0.9835288247148796,T=500us
10,2.3498754126420773,-0.010533299334292381,-278.0872993141086,1.9127006858913633,,-0.01813769200849844,0.012732828174814562,-138.63695484565076,1.3630451543492081,-0.5496555315421552,-0.99026396318322,True,0.99026396318322,T=500us
11,2.338498177982264,-0.013470511182374256,-277.00664150695167,2.9933584930482966,,-0.04152488875323052,0.01497902364885909,-137.854475905041,2.1455240949589753,-0.8478343980893215,-0.9846748278931502,True,0.9846748278931502,T=500us
12,2.391982525955445,-0.019203004724857805,-277.0264550104105,2.973544989589495,,-0.09238919738292196,0.007421329397698203,-137.8247122629908,2.1752877370091794,-0.7982572525803157,-0.9844622304499344,True,0.9844622304499344,T=500us
13,2.287197058805448,-0.02875403168551407,-268.234559348447,11.765440651552957,,-0.1969331836125682,-0.011025979488558438,-131.31614639881292,8.683853601187048,-3.08158705036591,-0.9379724742772354,True,0.9379724742772354,T=500us
14,2.393844967734789,-0.024933249400265152,-275.0158755684279,4.984124431572106,,-0.133860441655242,0.002438967634285511,-136.33487448287335,3.6651255171266213,-1.3189989144454841,-0.9738205320205241,True,0.9738205320205241,T=500us
15,2.285828487823086,-0.006090796723624004,-274.4214441112401,5.578555888759872,,-0.04041439018648789,0.021295620371178027,-136.04171955469937,3.958280445300606,-1.620275443459266,-0.9717265682478529,True,0.9717265682478529,T=500us
16,2.5953751905842757,0.006675923557989353,-264.45577217538823,15.544227824611735,,0.23156718868003162,0.0011377972613657184,-129.43998064703567,10.560019352964321,-4.984208471647413,-0.9245712903359691,True,0.9245712903359691,T=500us
17,2.427899771069501,-0.005190549585736691,-279.46641797857575,0.5335820214242318,,-0.04424499875549966,-0.0007450973701546603,-139.5957159198629,0.4042840801370807,-0.12929794128715105,-0.9971122565704494,True,0.9971122565704494,T=500us
18,2.4530487909930088,-0.014573674491471946,-277.1535925109306,2.8464074890693745,,-0.09821861357932593,-0.004196208473332233,-137.89989582129203,2.1001041787079395,-0.746303310361435,-0.9849992558663718,True,0.9849992558663718,T=500us
19,2.4113815469948765,0.01738817237943481,-277.530513687217,2.469486312782924,,0.07243993966905488,-0.008719205203974515,-138.32313086717224,1.6768691328277496,-0.7926171799551743,-0.9880223633369446,True,0.9880223633369446,T=500us
20,2.44436436450155,-0.004716739115250502,-279.01817913820463,0.9818208617953338,,-0.05494094854682009,-0.003813594851903088,-139.26770450790568,0.7322954920943071,-0.24952536970102665,-0.9947693179136121,True,0.9947693179136121,T=500us
21,2.426424110660303,-0.029980866949119313,-272.53049590507294,7.469504094927024,,-0.1445124652348449,-0.012850452228789402,-134.47302575540525,5.526974244594734,-1.9425298503322899,-0.960521612538609,True,0.960521612538609,T=500us
0,2.4122852112721747,0.009472114952146945,-279.2211765489273,0.7788234510726786,,0.0251999201914013,-0.0071055544106265476,-139.46663875262186,0.5333612473781147,-0.2454622036945638,-0.996190276804442,True,0.996190276804442,T=500us
1,2.456080375849299,-0.004403829419557464,-278.5613645838927,1.4386354161072277,,-0.060430708240715836,-0.006311713025780291,-138.936621694166,1.063378305833984,-0.3752571102732436,-0.9924044406726144,True,0.9924044406726144,T=500us
2,2.3990565902107654,0.009077406749695063,-279.34106550072534,0.6589344992746098,,0.033850075516026486,-0.005116986967098068,-139.5565540153288,0.4434459846711712,-0.21548851460343862,-0.9968325286809202,True,0.9968325286809202,T=500us
3,2.454689249746166,0.00394794899349466,-278.6545512708865,1.3454487291134718,,-0.025359432374276448,-0.010253883922074325,-139.02817877579434,0.9718212242056457,-0.37362750490782626,-0.9930584198271025,True,0.9930584198271025,T=500us
4,2.358158412210822,-0.024003678738831937,-274.6796692819778,5.320330718022169,,-0.12967150186834003,0.007862397708767961,-136.10849047687864,3.8915095231213304,-1.428821194900839,-0.9722035034062763,True,0.9722035034062763,T=500us
5,2.4977195946602135,0.022738227591263004,-271.9883979518235,8.011602048176414,,0.14850355825668637,-0.011169965182028316,-134.56382987668462,5.436170123315345,-2.5754319248610695,-0.9611702134048904,True,0.9611702134048904,T=500us
6,2.3690209374342546,0.020183664197958178,-276.3517159598442,3.6482840401557444,,0.11018310098191544,0.0005806892611075449,-137.53597197642563,2.464028023574339,-1.1842560165814058,-0.9823997998316119,True,0.9823997998316119,T=500us
7,2.271533396368801,-0.00015943241570313548,-273.3290971685247,6.670902831475231,,-0.03569751049628228,0.023583731767430262,-135.29426327373363,4.705736726266335,-1.965166105208895,-0.9663875948123833,True,0.9663875948123833,T=500us
8,2.4308450736618807,-0.006046536633399528,-279.3188489323368,0.6811510676631883,,-0.04985818018369996,-0.0008111784582987069,-139.48720035686335,0.5127996431366324,-0.1683514245265559,-0.9963371454061669,True,0.9963371454061669,T=500us
9,2.3320095490369686,0.020192161421817914,-274.8565830683279,5.143416931672056,,0.10900972854527967,0.011670604218175222,-136.50176704568997,3.4982329543100015,-1.645183977362055,-0.9750126217549285,True,0.9750126217549285,T=500us
10,2.4843196533241656,0.009959536812466148,-276.3137339501263,3.686266049873674,,0.016822706341656904,-0.017800875091731543,-137.40955616042262,2.590443839577364,-1.0958222102963098,-0.9814968297173046,True,0.9814968297173046,T=500us
11,2.474538875019282,-0.011634134686731247,-276.6544921584955,3.345507841504479,,-0.09060623415869726,-0.00993681628346438,-137.54165542641456,2.4583445735854195,-0.8871632679190593,-0.9824403959029613,True,0.9824403959029613,T=500us
12,2.3597775714654117,0.006877897689088185,-278.96085626787664,1.0391437321233075,,0.05681210564081316,0.00219717691614775,-139.30278134399808,0.6972186560018956,-0.34192507612141193,-0.9950198667428436,True,0.9950198667428436,T=500us
13,2.4724780211379462,0.00813333168590246,-277.33055471125505,2.669445288744894,,-0.0024084368820805383,-0.015372942141108573,-138.10998471039716,1.890015289602827,-0.779429999142067,-0.9864998907885513,True,0.9864998907885513,T=500us
14,2.3711089688614275,-0.006869644133886755,-279.2815674710302,0.7184325289697431,,-0.005051926529796024,0.007937457638949116,-139.49123106353915,0.5087689364608323,-0.20966359250891076,-0.996365936168137,True,0.996365936168137,T=500us
15,2.3787270170219577,-0.003325279706578842,-279.7265566399021,0.2734433600978435,,0.004890517556559513,0.004797570257978142,-139.8111488669088,0.18885113309117466,-0.08459222700666885,-0.998651063335063,True,0.998651063335063,T=500us
16,2.3660344394881583,0.017785987231276928,-277.0001150945633,2.9998849054366503,,0.0998860241902751,0.0001529996746334159,-137.9738370997344,2.0261629002655677,-0.9737220051710829,-0.985527407855246,True,0.985527407855246,T=500us
17,2.563640743324779,-0.013469550299868087,-267.806803248821,12.193196751178963,,0.12181013796594345,-0.026598160399849347,-131.34335984682596,8.656640153174024,-3.536556598004938,-0.9381668560487569,True,0.9381668560487569,T=500us
18,2.3697675033902903,0.028392968929518588,-273.18316240865704,6.816837591342897,,0.1381387106287823,0.009675553857483879,-135.40251913004982,4.597480869950149,-2.219356721392748,-0.9671608509289275,True,0.9671608509289275,T=500us
19,2.525656902058737,0.011874217852912995,-272.48767495633064,7.512325043669297,,0.09632369159531749,-0.02037390987786887,-134.79737039357087,5.202629606429112,-2.309695437240185,-0.9628383599540777,True,0.9628383599540777,T=500us
20,2.3281425300860548,-0.023069761983673606,-273.6419452869094,6.358054713090552,,-0.1380686736749109,0.009947859119227626,-135.36365923939096,4.636340760609016,-1.7217139524815352,-0.9668832802813642,True,0.9668832802813642,T=500us
21,2.322847931383497,-0.0044443886617181235,-277.41761674878353,2.5823832512164238,,0.01603484590825219,0.014840093657047587,-138.18725933906535,1.8127406609346197,-0.7696425902818039,-0.9870518524218955,True,0.9870518524218955,T=500us
0,2.512308572977128,-0.012301807738834263,-273.6778138438,6.322186156199985,,-0.054530438551736546,-0.022330917690220657,-135.4075121803709,4.592487819629086,-1.7296983365708993,-0.9671965155740779,True,0.9671965155740779,T=500us
1,2.4766844715072587,-0.0038219640753816083,-277.4879130632461,2.5120869367538816,,-0.062432504398561,-0.011405699309817451,-138.16525696583997,1.834743034160017,-0.6773439025938648,-0.9868946926131428,True,0.9868946926131428,T=500us
2,2.4087041999737226,-0.01479037590785735,-278.2206230990535,1.7793769009464548,,-0.07269050826986734,0.005369505147403629,-138.69293579547218,1.3070642045278036,-0.47231269641865115,-0.9906638271105157,True,0.9906638271105157,T=500us
3,2.3409280023611587,0.0024312279572390135,-278.52887903710655,1.4711209628934085,,0.04963193532897362,0.007942911979847528,-138.99280598888686,1.0071940111131281,-0.4639269517802805,-0.9928057570634776,True,0.9928057570634776,T=500us
4,2.4237467892267377,-0.0219050256968507,-275.93439951717556,4.065600482824412,,-0.12163439456173111,-0.0004344007211959278,-137.00475407478464,2.9952459252153445,-1.070354557609068,-0.9786053862484618,True,0.9786053862484618,T=500us
5,2.4689742217792565,-0.029120301289147922,-271.2830244088435,8.716975591156412,,-0.09944561909142843,-0.023529324699227448,-133.56688199598145,6.433118004018542,-2.283857587137871,-0.9540491571141533,True,0.9540491571141533,T=500us
6,2.34128028107752,0.001533560591041878,-278.57421405846947,1.4257859415305059,,0.04590019043544589,0.008277691922529678,-139.0220815885904,0.977918411409588,-0.44786753012091784,-0.9930148684899315,True,0.9930148684899315,T=500us
7,2.534821882184335,0.024792212302447048,-267.7493347443379,12.250665255662073,,0.2030362338419593,0.0023165878296613975,-131.77395836234845,8.226041637651514,-4.0246236180105575,-0.9412425597310606,True,0.9412425597310606,T=500us
8,2.391276954021567,0.014821367366095623,-278.213154017732,1.786845982267961,,0.06881333040533996,-0.005492501402532614,-138.7936596691599,1.2063403308400893,-0.5805056514278716,-0.9913832833511422,True,0.9913832833511422,T=500us
9,2.407205580672407,4.171631520662553e-05,-279.97874690845555,0.021253091544378922,,-0.007698746836936149,-0.0009532306589195527,-139.9806147631725,0.019385236827484588,-0.0018678547168943336,-0.9998615340226609,True,0.9998615340226609,T=500us
10,2.357542388539017,0.01821241055134436,-276.6125061114567,3.387493888543238,,0.10507433355237715,0.0025226912786536528,-137.7089633162193,2.2910366837806677,-1.0964572047625705,-0.9836354522587095,True,0.9836354522587095,T=500us
11,2.2582822656798105,-0.025710790798195507,-266.61994027428995,13.380059725710014,,-0.20143532699399333,-0.015044718784011434,-130.1325800312452,9.867419968754776,-3.512639756955237,-0.9295184287946088,True,0.9295184287946088,T=500us
12,2.368343073488321,0.007823747076172274,-279.10110383957124,0.8988961604287257,,0.05419153744190728,0.00022979581210942683,-139.4001763662277,0.5998236337722874,-0.29907252665643824,-0.9957155454730551,True,0.9957155454730551,T=500us
13,2.435366207305948,-0.0177593319224813,-276.9680311896053,3.0319688103946496,,-0.10489019389931634,-0.0006190068813977325,-137.76454634402882,2.2354536559711504,-0.7965151544234993,-0.9840324738859203,True,0.9840324738859203,T=500us
14,2.4438551254822403,0.013119286809531802,-277.8386958016546,2.16130419834539,,0.03053432363871968,-0.012794828660283275,-138.50100328199105,1.4989967180089303,-0.6623074803364596,-0.9892928805856505,True,0.9892928805856505,T=500us
15,2.5041807670812313,0.0075849576599220595,-275.13511573137646,4.864884268623503,,0.020411997927241906,-0.02044827674086826,-136.57291364839472,3.4270863516052605,-1.4377979170182427,-0.9755208117742481,True,0.9755208117742481,T=500us
16,2.3124160149488677,0.00948792400860432,-276.15994349056956,3.840056509430414,,0.07237472827546344,0.014038781761682042,-137.3574618657049,2.642538134295083,-1.1975183751353307,-0.981124727612178,True,0.981124727612178,T=500us
17,2.3350078652784476,-0.017433807098922307,-275.8481452450622,4.151854754937757,,-0.07852208098932932,0.014767758260325396,-137.00146257426007,2.998537425739911,-1.1533173291978462,-0.9785818755304292,True,0.9785818755304292,T=500us
18,2.520778360690715,0.004340013522452463,-273.94506998419604,6.054930015803908,,0.02663673874787323,-0.022734368657690178,-135.72405068978193,4.275949310218043,-1.7789807055858649,-0.969457504927014,True,0.969457504927014,T=500us
19,2.4656342241121463,0.013348049725217801,-276.819231711347,3.180768288652946,,0.033393931197242356,-0.015761259801021592,-137.78663081750298,2.213369182497002,-0.9673991061559442,-0.9841902201250214,True,0.9841902201250214,T=500us
20,2.4413374720180423,-0.03542482663657337,-269.27198668578984,10.72801331421011,,-0.09281887800672288,-0.027856513014388417,-132.04682404254544,7.953175957454527,-2.7748373567555817,-0.9431916003038963,True,0.9431916003038963,T=500us
21,2.4851265547518264,-0.009027350652980439,-276.39984486721187,3.60015513278806,,-0.0792583072008889,-0.013018414378736557,-137.36640983023136,2.6335901697686244,-0.9665649630194355,-0.9811886416445098,True,0.9811886416445098,T=500us
0,2.436079221347396,-0.024569129538135726,-274.6434276224306,5.356572377569358,,-0.13379870020507204,-0.006514922923595835,-136.04647856260195,3.953521437398037,-1.403050940171321,-0.9717605611614426,True,0.9717605611614426,T=500us
1,2.5292719913395487,-0.010130271839402953,-272.42621579985536,7.573784200144604,,-0.010944694777519642,-0.026065067633191757,-134.54554436209452,5.454455637905474,-2.11932856223913,-0.9610396025863894,True,0.9610396025863894,T=500us
2,2.4572018762287375,0.011868137037556521,-277.53888291359016,2.4611170864098018,,0.02062822003745142,-0.014291479364817526,-138.28056479781725,1.719435202182732,-0.7416818842270698,-0.9877183199844091,True,0.9877183199844091,T=500us
3,2.3725255818328557,0.0050446284811475105,-279.487979582111,0.5120204178889645,,0.04034574170757626,0.0007627566597609396,-139.66279356216978,0.3372064378301821,-0.17481398005878226,-0.9975913825869273,True,0.9975913825869273,T=500us
4,2.5569971919203365,-0.03269744013712657,-261.55127441743815,18.448725582561806,,0.24406456825349634,-0.013589479135921853,-126.85498248172263,13.14501751827735,-5.303708064284458,-0.9061070177265903,True,0.9061070177265903,T=500us
5,2.33217915696692,0.0021997950755344403,-278.0859657701227,1.9140342298772437,,0.05032993087963443,0.010010323513005072,-138.68193368165834,1.3180663183416377,-0.595967911535606,-0.990585240583274,True,0.990585240583274,T=500us
6,2.445902097027955,0.016504860469008235,-276.96215669063855,3.0378433093613832,,0.05599827103076688,-0.013462621633000018,-137.9114926403099,2.088507359690082,-0.9493359496713012,-0.985082090287928,True,0.985082090287928,T=500us
7,2.2725859048434622,0.012289499478426237,-272.22976034470344,7.770239655296515,,0.002986278727647698,0.02599931420159216,-134.59558105504954,5.40441894495043,-2.3658207103460858,-0.9613970075360684,True,0.9613970075360684,T=500us
8,2.379717025147141,-0.0031547789056407963,-279.7522066590022,0.24779334099779401,,0.004780061722350908,0.004559335133250507,-139.82918361171906,0.17081638828091883,-0.07697695271687517,-0.9987798829408506,True,0.9987798829408506,T=500us
9,2.4929225834143054,0.005268796256998139,-276.2680055378724,3.731994462127577,,-0.009021989663959186,-0.018164936885538482,-137.34613162621054,2.6538683737894546,-1.0781260883381225,-0.9810437973300753,True,0.9810437973300753,T=500us
10,2.3166228743566557,0.0028456468166790845,-277.1058004478418,2.8941995521581676,,0.05011674851465886,0.013663577717957785,-137.99505838946126,2.004941610538719,-0.8892579416194482,-0.985678988496152,True,0.985678988496152,T=500us
11,2.5833196376820458,-0.005610110384022193,-266.33266616574576,13.667333834254215,,0.19007500696845803,-0.017035948313954104,-130.4821968589028,9.517803141097183,-4.149530693157033,-0.9320156918493059,True,0.9320156918493059,T=500us
12,2.302035232353602,-0.007568347469286526,-275.64353864725456,4.3564613527453835,,-0.023896318959431295,0.01928855951930445,-136.90967695732652,3.0903230426734423,-1.2661383100719412,-0.977926263980904,True,0.977926263980904,T=500us
13,2.3206976626142337,0.03202010203201906,-269.2445584240606,10.75544157593936,,0.04672818111577745,0.029329873096589992,-132.67866953360235,7.32133046639764,-3.434111109541719,-0.947704782382874,True,0.947704782382874,T=500us
14,2.361431858244254,-0.011712368524334382,-278.29574474174274,1.704255258257211,,-0.028068409576486937,0.011518919240362043,-138.77846679691157,1.2215332030884172,-0.48272205516879385,-0.9912747628350828,True,0.9912747628350828,T=500us
15,2.4597671269934134,-0.02595216000500727,-273.1594853876132,6.84051461238679,,-0.12333146618766179,-0.015707551640537203,-134.95112332356572,5.048876676434253,-1.791637935952536,-0.9639365951683267,True,0.9639365951683267,T=500us
16,2.4325123338706285,0.01768811870990434,-277.0673203197208,2.932679680279167,,0.0669965141183707,-0.011671860968877838,-137.99607540855584,2.003924591444136,-0.9287550888350314,-0.9856862529182562,True,0.9856862529182562,T=500us
17,2.3912991328894315,-0.003027811947147382,-279.8957599761228,0.10424002387717574,,-0.00430457055408019,0.0029754506667782113,-139.92545059512895,0.07454940487103044,-0.029690619006145294,-0.9994675042509212,True,0.9994675042509212,T=500us
18,2.3809597865734107,0.015743148486929148,-277.87083628882175,2.1291637111782133,,0.08092912935809113,-0.0035849552298772274,-138.56400687503697,1.4359931249630016,-0.6931705862152118,-0.9897429062502643,True,0.9897429062502643,T=500us
19,2.274217605825807,0.00400104993488608,-273.4740239241268,6.525976075873158,,-0.009088717362749014,0.02388134500809999,-135.42487528121097,4.575124718788996,-1.9508513570841621,-0.9673205377229357,True,0.9673205377229357,T=500us
20,2.3153256839000895,-0.0087826822894336,-276.465757228623,3.5342427713770044,,-0.018169480560442423,0.017476516938419253,-137.49137443918806,2.50862556081191,-1.0256172105650943,-0.9820812459942007,True,0.9820812459942007,T=500us
21,2.4210866242163793,0.028744577491185596,-273.2144122826152,6.7855877173847166,,0.15061308999341433,-0.0001559995806286013,-135.43591889774348,4.564081102256503,-2.2215066151282135,-0.9673994206981679,True,0.9673994206981679,T=500us
0,2.296351074989782,0.004102803184119977,-275.5049059033429,4.495094096657094,,0.036668473662583974,0.018901782728555493,-136.8697320341445,3.1302679658554604,-1.3648261308016332,-0.9776409431010324,True,0.9776409431010324,T=500us
1,2.4111179337282245,-0.004087002533382273,-279.81593568052887,0.1840643194710759,,-0.025660216233134515,0.0010748185187741787,-139.85615044680767,0.14384955319229795,-0.04021476627877797,-0.9989725031914836,True,0.9989725031914836,T=500us
2,2.440442773566899,0.01084672202129976,-278.3913679275122,1.6086320724877525,,0.016556698493239538,-0.01155407249392924,-138.87697920159147,1.1230207984085205,-0.485611274079232,-0.9919784228685106,True,0.9919784228685106,T=500us
3,2.4530317102303703,-0.02406681566480202,-274.222552029323,5.77744797067693,,-0.12783826063401746,-0.010961116928358343,-135.73655172452726,4.263448275472707,-1.5139996952042232,-0.9695467980323378,True,0.9695467980323378,T=500us
4,2.4028952827440038,-0.011934095609617957,-278.8582684026444,1.1417315973555624,,-0.0527092995580085,0.005825332609300096,-139.1616548815657,0.8383451184342624,-0.30338647892130005,-0.9940118205826124,True,0.9940118205826124,T=500us
5,2.41311911539815,-0.021838014051758788,-276.11802153691417,3.881978463085774,,-0.11810373422892297,0.0019966663056989846,-137.14393442735457,2.8560655726454156,-1.0259128904403585,-0.9795995316239613,True,0.9795995316239613,T=500us
6,2.37923487206459,0.00882502206378363,-279.201202619732,0.798797380267985,,0.04943969987277325,-0.00202773265116163,-139.46806610056677,0.5319338994332129,-0.266863480834772,-0.9962004721469057,True,0.9962004721469057,T=500us
7,2.254767913279964,0.009389080560937181,-270.79840349682263,9.201596503177338,,-0.060738882921957456,0.026703246419738036,-133.5483185137164,6.451681486283594,-2.749915016893745,-0.9539165608122601,True,0.9539165608122601,T=500us
8,2.2476501187030857,0.02039472992619699,-267.3396592011096,12.660340798890317,,-0.12426864041781621,0.026730750618348696,-131.1658075172645,8.834192482735473,-3.8261483161548453,-0.936898625123318,True,0.936898625123318,T=500us
9,2.3073284038917246,-0.019798369330605515,-273.37586022165215,6.624139778347795,,-0.12925575577355122,0.01337186148452177,-135.1949475974008,4.80505240259918,-1.8190873757486155,-0.9656781971242916,True,0.9656781971242916,T=500us
10,2.388726148642246,-0.02705243352546648,-274.0988796439821,5.901120356017827,,-0.14691428151657965,0.00013445169561522046,-135.65390579084288,4.346094209157106,-1.5550261468607212,-0.9689564699345921,True,0.9689564699345921,T=500us
11,2.3325253030128734,0.005610971831506411,-277.89204705292207,2.1079529470778677,,0.06387173466460537,0.0087463323448164,-138.5566181345208,1.4433818654791923,-0.6645710815986756,-0.9896901295322915,True,0.9896901295322915,T=500us
12,2.498094377785878,0.004901220501145992,-275.8990996208265,4.10090037917341,,-0.0061629065623580144,-0.0190705331482186,-137.08550407839434,2.9144959216056434,-1.1864044575677672,-0.9791821719885311,True,0.9791821719885311,T=500us
13,2.274268445687941,-0.015519912838411698,-271.6819641837884,8.318035816211546,,-0.1468625571160692,0.01444256780667092,-133.98993970626952,6.010060293730466,-2.3079755224810805,-0.9570709979019253,True,0.9570709979019253,T=500us
14,2.345794858473347,-0.009218912813976871,-278.1213330437129,1.8786669562870224,,-0.009268586192448046,0.012830148970114972,-138.6667744412283,1.3332255587716764,-0.545441397515346,-0.9904769602944881,True,0.9904769602944881,T=500us
15,2.4550029633287935,0.01867399003660904,-275.97800587255733,4.0219941274426345,,0.07583530998244327,-0.014077043747492624,-137.2447936087048,2.7552063912951654,-1.2667877361474686,-0.9803199543478917,True,0.9803199543478917,T=500us
16,2.4882900605675724,0.004974749125036291,-276.6313997740676,3.36860022593239,,-0.014653532807140358,-0.01717183074604377,-137.5993452435016,2.400654756498387,-0.9679454694340026,-0.9828524660250115,True,0.9828524660250115,T=500us
17,2.487636419164778,-0.03696627845378125,-265.9540148498266,14.045985150173342,,0.057680849499255005,-0.03472946637660292,-129.6811664581104,10.318833541889575,-3.7271516082837683,-0.9262940461293602,True,0.9262940461293602,T=500us
18,2.3275701089061602,0.01080915303434479,-276.9282763304157,3.071723669584256,,0.08261011594774481,0.009425791131495193,-137.90094949734043,2.0990505026595336,-0.9726731669247222,-0.9850067821238605,True,0.9850067821238605,T=500us
19,2.3861883506553436,0.021353305929157174,-276.27771678681904,3.7222832131809134,,0.1100510661280507,-0.002671680456382276,-137.4874614738507,2.512538526149299,-1.2097446870316142,-0.9820532962417907,True,0.9820532962417907,T=500us
20,2.305307388477292,-0.009446592480006259,-275.6425320978715,4.357467902128472,,-0.034449068211319156,0.018911068056089636,-136.89915112950115,3.1008488704988277,-1.256619031629644,-0.9778510794964369,True,0.9778510794964369,T=500us
21,2.615337881344587,-0.016039130494703267,-259.60267236882567,20.3973276311743,,0.2557845957230165,0.01245899793216338,-125.99663315659843,14.003366843401546,-6.3939607877727545,-0.8999759511185603,True,0.8999759511185603,T=500us
0,2.4023132252515813,-0.004480614652100967,-279.83735577277366,0.1626442272263063,,-0.019289279751830524,0.002456435763255545,-139.87568787111985,0.12431212888012695,-0.038332098346179365,-0.9991120562222848,True,0.9991120562222848,T=500us
1,2.2314014151073733,-0.0038556751846594004,-268.49083057307485,11.509169426925133,,-0.18390439001446843,0.013702106345163605,-131.74973584466616,8.250264155333804,-3.25890527159133,-0.9410695417476157,True,0.9410695417476157,T=500us
2,2.519705234590543,-0.011482158567869705,-273.14525808552315,6.854741914476796,,-0.03743989679981925,-0.024187345999159254,-135.03778440764043,4.96221559235956,-1.8925263221172361,-0.9645556029117174,True,0.9645556029117174,T=500us
3,2.396865271745628,0.010986554513873934,-279.0312593120415,0.9687406879584399,,0.04454839322842241,-0.0055679211727372,-139.34687947142453,0.6531205285754519,-0.3156201593829881,-0.9953348533673182,True,0.9953348533673182,T=500us
4,2.3848224293501694,0.028777067100100022,-273.28709455723344,6.712905442766497,,0.1440914006200173,0.006494004250094735,-135.47990219549283,4.520097804507149,-2.192807638259349,-0.9677135871106632,True,0.9677135871106632,T=500us
5,2.365246262043537,-0.007465208096167866,-279.0609180411325,0.9390819588674907,,-0.004754982880760891,0.009088924557769457,-139.33513266108307,0.6648673389169221,-0.2742146199505686,-0.9952509475791649,True,0.9952509475791649,T=500us
6,2.492083774831545,0.004086669857466544,-276.41909200502687,3.580907994973112,,-0.017127624671180362,-0.017669074081173002,-137.4448039906578,2.555196009342194,-1.0257119856309178,-0.98174859993327,True,0.98174859993327,T=500us
7,2.4232540815884294,0.01629148792406235,-277.6575819456784,2.342418054321588,,0.05938053971523984,-0.010493983012135548,-138.40046789848768,1.5995321015122892,-0.7428859528092987,-0.9885747707034837,True,0.9885747707034837,T=500us
8,2.286898468799371,-0.02469800550807909,-269.9402556329439,10.059744367056066,,-0.19243122066959714,0.00026860146361584074,-132.62645537181254,7.373544628187435,-2.68619973886863,-0.9473318240843754,True,0.9473318240843754,T=500us
9,2.249793782358409,-0.038080166911875296,-259.33085953621867,20.669140463781268,,0.07831359970671471,-0.04227634606511229,-124.46635412514433,15.533645874855646,-5.1354945889256225,-0.8890453866081739,True,0.8890453866081739,T=500us
10,2.436622934654567,0.004997129635027115,-279.2522715774068,0.7477284225931321,,-0.012085040929652954,-0.00797513625265137,-139.46178928150707,0.538210718492905,-0.20951770410022716,-0.9961556377250507,True,0.9961556377250507,T=500us
11,2.363802917442158,0.011053408168983604,-278.4880170984374,1.511982901562565,,0.07063376926773644,0.0001832259323066064,-138.98294653493386,1.0170534650661074,-0.49492943649645776,-0.992735332392385,True,0.992735332392385,T=500us
12,2.398088661707944,0.030094456750965757,-272.75995462073456,7.240045379265383,,0.15080529366972284,0.006052211083116507,-135.13189356531177,4.868106434688205,-2.371938944577178,-0.9652278111807985,True,0.9652278111807985,T=500us
13,2.3648390487354645,0.004987000076597879,-279.29593158098135,0.7040684190186243,,0.04611972183044126,0.0020785388180809376,-139.53107492739403,0.46892507260595473,-0.23514334641266949,-0.9966505351956717,True,0.9966505351956717,T=500us
14,2.3601619533967586,0.005607503454929622,-279.10018692449665,0.8998130755033,,0.05177029792150809,0.0026431649312540543,-139.39702342663352,0.602976573366453,-0.29683650213684704,-0.9956930244759539,True,0.9956930244759539,T=500us
15,2.2626382954090407,6.13894767453881e-05,-272.386628590915,7.613371409084986,,-0.060797295584844493,0.02406228036914907,-134.61841901642123,5.3815809835787585,-2.2317904255062277,-0.9615601358315803,True,0.9615601358315803,T=500us
16,2.4675769900108246,0.00010633752063661644,-278.1379683024343,1.8620316975656783,,-0.04576563549343671,-0.010775518178954245,-138.6442243168076,1.3557756831923973,-0.5062560143732812,-0.9903158879771972,True,0.9903158879771972,T=500us
17,2.373189814278542,-0.006194310804361483,-279.39944261450177,0.6005573854982039,,-0.0032032300522116977,0.007268326461402126,-139.5756728312774,0.42432716872260384,-0.17623021677560005,-0.9969690916519814,True,0.9969690916519814,T=500us
18,2.235317297616994,-0.013634684917163317,-267.636484902506,12.36351509749393,,-0.21280263287237272,0.0014978648994517791,-131.0190867868414,8.980913213158574,-3.3826018843353562,-0.9358506199060102,True,0.9358506199060102,T=500us
19,2.3983828024772067,0.01655800018833064,-277.8076677237593,2.1923322762406228,,0.07429293045673994,-0.006701854428611699,-138.51659408085928,1.4834059191407032,-0.7089263570999197,-0.9894042434347092,True,0.9894042434347092,T=500us
20,2.408749478523975,0.00806350839097519,-279.44901584715296,0.5509841528470069,,0.021408614578317064,-0.005942298198470781,-139.62406326074097,0.3759367392590149,-0.175047413587992,-0.9973147375767213,True,0.9973147375767213,T=500us
21,2.460845815715911,-0.0005762242640646283,-278.48690542788296,1.5130945721169962,,-0.047242039499317094,-0.009032426744126522,-138.89218058426385,1.1078194157361214,-0.4052751563808747,-0.9920870041733134,True,0.9920870041733134,T=500us
0,2.402123752608951,0.0009971396771227944,-279.9902081186289,0.009791881371068246,,-0.0018737297708940346,0.0008145038450448137,-139.99397956925063,0.006020430749344429,-0.0037714506217238174,-0.9999569969232189,True,0.9999569969232189,T=600us
1,2.3856670036380674,0.01136552622144076,-278.88354869079114,1.1164513092087829,,-0.059863510457739987,0.0022299678695355115,-139.2291599152095,0.7708400847904765,-0.34561122441830644,-0.9944939993943538,True,0.9944939993943538,T=600us
2,2.390662801522343,-0.004876116047876102,-279.774304700367,0.22569529963296653,,0.013593649261706595,-0.003980656510464881,-139.83556301316827,0.1644369868317168,-0.06125831280124971,-0.9988254500940592,True,0.9988254500940592,T=600us
3,2.4798254916330746,-0.02895907467286492,-270.70267371326383,9.297326286736109,,0.0036438464429654604,0.02895987942378002,-133.294239480379,6.7057605196209895,-2.591565767115118,-0.9521017105741357,True,0.9521017105741357,T=600us
4,2.431368320887318,0.001907849004211738,-279.56866711784375,0.4313328821562048,,0.014979740077647085,0.005677475350070719,-139.6964837383685,0.30351626163146583,-0.127816620524739,-0.9978320267026324,True,0.9978320267026324,T=600us
5,2.423598955475597,-0.013905042277997149,-278.226930261342,1.7730697386579628,,0.07945295724712301,-0.000351834586580628,-138.71370858096512,1.2862914190348733,-0.4867783196230896,-0.9908122041497509,True,0.9908122041497509,T=600us
6,2.3374460666571024,-0.01223979777324035,-277.2064430409617,2.7935569590382507,,0.051184232957332015,-0.013557856695899699,-137.9960235775041,2.0039764224958665,-0.789580536542384,-0.9856858826964581,True,0.9856858826964581,T=600us
7,2.4185728235201043,-0.006298411909745473,-279.54186140791523,0.45813859208472146,,0.04036725767177269,-0.0003427251468208319,-139.6661503725725,0.33384962742748603,-0.1242889646572354,-0.9976153598040893,True,0.9976153598040893,T=600us
8,2.3978065172987835,-0.002497354310580301,-279.94818474646263,0.05181525353729825,,0.008720031493008413,-0.0017178677878130302,-139.96086136264447,0.03913863735550819,-0.012676616181790066,-0.9997204383046036,True,0.9997204383046036,T=600us
9,2.4215948887922196,-0.01080551856928293,-278.87610188600377,1.1238981139962076,,0.06298163369284437,-0.0009145938647975541,-139.1842999977931,0.8157000022068788,-0.30819811178932877,-0.994173571412808,True,0.994173571412808,T=600us
10,2.487938285836783,0.010812186779174898,-275.9199301201071,4.080069879892841,,-0.056798283381423884,0.016455196526188178,-137.1775480997891,2.8224519002108797,-1.2576179796819615,-0.979839629284208,True,0.979839629284208,T=600us
11,2.323332206714969,-0.003528260911849491,-277.5062043381058,2.4937956618941604,,-0.00261280902750831,-0.014877476207797759,-138.22956570141443,1.7704342985855543,-0.7233613633086059,-0.9873540407243889,True,0.9873540407243889,T=600us
12,2.388279702926347,0.002872456828610915,-279.87786560170275,0.12213439829722195,,-0.0201076383452193,-0.000214966803706121,-139.91695452796532,0.0830454720346568,-0.03908892626256515,-0.9994068180568954,True,0.9994068180568954,T=600us
13,2.4812976000231197,-0.02462870027619561,-272.4612411829037,7.538758817096297,,0.043931920083408404,0.025116209734278003,-134.5639697791388,5.436030220861181,-2.102728596235116,-0.9611712127081344,True,0.9611712127081344,T=600us
14,2.494996594180642,0.011297614672155594,-275.3123581185224,4.687641881477555,,-0.0713182139016375,0.016599105870519704,-136.7613318457838,3.2386681542161937,-1.448973727261361,-0.9768666560413128,True,0.9768666560413128,T=600us
15,2.5206370836721264,-0.00041189504854268524,-274.107915732753,5.892084267246975,,-0.04408734371589642,0.02158290975633065,-135.87994570609987,4.120054293900111,-1.7720299733468647,-0.9705710407578564,True,0.9705710407578564,T=600us
16,2.6527978404207393,-0.030711928863322836,-247.50129121377452,32.49870878622543,,0.34067402952172043,0.004734818148286802,-117.98528126158395,22.014718738416033,-10.483990047809398,-0.842752009011314,True,0.842752009011314,T=600us
17,2.2984890661401214,0.005204564075104321,-275.5996478486838,4.400352151316176,,-0.011967655322907864,-0.01960911942925232,-136.8974791973824,3.1025208026175757,-1.2978313486986006,-0.9778391371241602,True,0.9778391371241602,T=600us
18,2.3363588449262127,-0.004807832410014187,-278.16326049986515,1.8367395001347906,,-0.0024702547260756383,-0.012777178525640389,-138.693938044157,1.306061955842983,-0.5306775442918078,-0.990670986029693,True,0.990670986029693,T=600us
19,2.3890945100726606,-0.0359443476090422,-269.6251683160716,10.37483168392834,,0.07446492056402843,0.028444922273528,-132.40360112564255,7.596398874357437,-2.778432809570902,-0.945740008040304,True,0.945740008040304,T=600us
20,2.3993030191446256,0.0330415417061044,-271.2741224628522,8.725877537147763,,-0.10845567577735453,-0.021241149303750827,-134.008508288227,5.991491711772959,-2.734385825374804,-0.9572036306301931,True,0.9572036306301931,T=600us
21,2.3900715213756416,-0.009627409155328363,-279.2188831903139,0.7811168096860971,,0.036943713784006856,-0.005988157545885595,-139.43451636249813,0.5654836375018507,-0.21563317218424638,-0.9959608311607011,True,0.9959608311607011,T=600us
0,2.361237309453463,0.014214156155598616,-277.7711936116926,2.228806388307363,,-0.08438466802711043,-0.003517623411662026,-138.4521448568165,1.5478551431834935,-0.6809512451238695,-0.9889438918344036,True,0.9889438918344036,T=600us
1,2.3793529660972217,-0.01294865591931676,-278.4855886729259,1.5144113270740112,,0.05260888613512519,-0.008132987694946987,-138.90636531957733,1.0936346804226358,-0.4207766466513755,-0.9921883237112669,True,0.9921883237112669,T=600us
2,2.3913310188135424,-0.01233223529829925,-278.75373793623305,1.246262063766888,,0.053522403050854234,-0.0063017077521173295,-139.0978871995857,0.9021128004142839,-0.34414926335260415,-0.993556337139898,True,0.993556337139898,T=600us
3,2.4207842295398234,0.004153897569977116,-279.68542815254386,0.3145718474561058,,-0.0014321656735906017,0.005212069050815944,-139.78246090734459,0.21753909265539811,-0.09703275480070767,-0.9984461493381758,True,0.9984461493381758,T=600us
4,2.3690098304440697,-0.0033714811956807654,-279.51654264232724,0.48345735767273473,,-0.006560901354560474,-0.006481232139548484,-139.65546280368997,0.34453719631000046,-0.1389201613627343,-0.9975390200263572,True,0.9975390200263572,T=600us
5,2.3879402701583876,-0.005960339179365028,-279.6565737458557,0.3434262541442105,,0.016753072887343963,-0.0048967098147472245,-139.75096286737923,0.24903713262073893,-0.09438912152347156,-0.9982211633384233,True,0.9982211633384233,T=600us
6,2.3189349232387926,-0.016046174437098992,-275.26663873647306,4.7333612635268905,,0.10328173654092968,-0.01247859106562799,-136.5904792793601,3.409520720639884,-1.3238405428870064,-0.975646280566858,True,0.975646280566858,T=600us
7,2.3573151857224994,0.011684152805791432,-278.1645149095227,1.8354850904772215,,-0.07508972129144359,-0.004014336676881356,-138.72262703723214,1.277372962767829,-0.5581121277093926,-0.9908759074088013,True,0.9908759074088013,T=600us
8,2.46060928628375,0.009381957111716686,-277.79774591569424,2.20225408430574,,-0.02261837051998265,0.013342291069991848,-138.47261087340013,1.5273891265998527,-0.6748649577058874,-0.9890900776671439,True,0.9890900776671439,T=600us
9,2.513652264496506,-0.00409826428804681,-274.63119161758283,5.368808382417151,,-0.010313191508088229,0.021683525338538324,-136.22040502379386,3.779594976206115,-1.589213406211036,-0.9730028930270992,True,0.9730028930270992,T=600us
10,2.667353992580074,-0.03507059795205491,-242.40395546007156,37.596044539928386,,0.18512017812657652,0.04813043792231629,-114.64821221956598,25.351787780433995,-12.24425675949439,-0.8189158015683285,True,0.8189158015683285,T=600us
11,2.3815144011039453,0.0003582743793580093,-279.8592166449559,0.14078335504406977,,-0.01500254897330316,-0.002564483547532618,-139.90140677743412,0.09859322256585507,-0.042190132478214716,-0.9992957626959582,True,0.9992957626959582,T=600us
12,2.3639070294839435,0.035365163948260746,-269.47150176171095,10.528498238289016,,-0.020181868573777476,-0.029954187315893225,-132.7454817168053,7.254518283194687,-3.2739799550943283,-0.9481820122628951,True,0.9481820122628951,T=600us
13,2.4639755108425563,0.004995614988893689,-278.1311951290224,1.8688048709775644,,0.0054157479926376885,0.01275729642425195,-138.69324457646334,1.3067554235366268,-0.5620494474409375,-0.9906660326890241,True,0.9906660326890241,T=600us
14,2.363216614897141,0.008597076825009818,-278.85632604993236,1.1436739500676032,,-0.060118390096418166,-0.0027094074988323518,-139.2040104552603,0.795989544739688,-0.3476844053279153,-0.9943143603947165,True,0.9943143603947165,T=600us
15,2.4115381637694338,-0.008827918749144778,-279.32267685670854,0.6773231432914382,,0.04683417897772045,-0.002367403873631671,-139.50726916445933,0.49273083554064345,-0.18459230775079472,-0.9964804940318526,True,0.9964804940318526,T=600us
16,2.436361405665216,0.010789268734912085,-278.5292613022257,1.470738697774255,,-0.031098803871210213,0.010114778636175095,-138.984623036393,1.0153769636069776,-0.4553617341672772,-0.9927473074028073,True,0.9927473074028073,T=600us
17,2.455569431564965,0.01569746885586978,-276.7701806531357,3.229819346864277,,-0.07156236082623255,0.012149358345406052,-137.7766679280918,2.223332071908189,-1.006487274956088,-0.9841190566292273,True,0.9841190566292273,T=600us
18,2.48115118148299,0.024643068339688476,-272.4652200438186,7.534779956181371,,-0.1601334423202655,-0.00012356142455918165,-134.8518555772905,5.1481444227094695,-2.386635533471902,-0.9632275398377895,True,0.9632275398377895,T=600us
19,2.4859898284464736,0.01979006590617435,-273.86117717183225,6.138822828167709,,-0.13361773419981907,0.008675864567929594,-135.79375929442466,4.206240705575322,-1.9325821225923865,-0.9699554235316048,True,0.9699554235316048,T=600us
20,2.3097758098808505,0.0014023801429986227,-276.67386807295816,3.3261319270418226,,-0.015303215503784658,-0.016974710226443975,-137.64916252930314,2.3508374706968413,-0.9752944563449811,-0.9832083037807369,True,0.9832083037807369,T=600us
21,2.5695443399149474,-0.027782570987460144,-262.3150490256389,17.684950974361037,,-0.2389148499318964,-0.011682787247810342,-127.70729638870857,12.292703611291413,-5.3922473630696235,-0.9121949742050613,True,0.9121949742050613,T=600us
0,2.4004032200618117,0.011676323723594758,-278.910273834205,1.0897261657949844,,-0.052440913751016435,0.004861066514644307,-139.24976222211507,0.7502377778849106,-0.3394883879100737,-0.9946411587293935,True,0.9946411587293935,T=600us
1,2.378741987365081,0.008149934108815714,-279.28432474277906,0.7156752572208788,,-0.04918480794061901,0.000341306375009074,-139.50512122457002,0.4948787754299679,-0.2207964817909109,-0.9964651516040717,True,0.9964651516040717,T=600us
2,2.3496873747257547,0.03504615226507877,-269.1498050014171,10.850194998582854,,0.00910012423081519,-0.030576975290306823,-132.51053239933265,7.489467600667329,-3.3607273979155257,-0.9465038028523762,True,0.9465038028523762,T=600us
3,2.3207427589594394,-0.03285565986996158,-268.81420781270583,11.185792187294116,,0.12066235263609806,0.025666067545612924,-131.7884281708855,8.211571829114469,-2.974220358179646,-0.9413459155063252,True,0.9413459155063252,T=600us
4,2.3743132513092857,0.0165542100745742,-277.53995102444355,2.4600489755564166,,-0.09122704821867439,-0.0011520436026693983,-138.29740983011357,1.7025901698864079,-0.7574588056700089,-0.9878386416436685,True,0.9878386416436685,T=600us
5,2.3728481216724147,0.012886968348702867,-278.3712392132546,1.6287607867453078,,-0.07438327759202343,-0.00041870464744496217,-138.87144609655772,1.1285539034422496,-0.500206883303058,-0.9919389006896983,True,0.9919389006896983,T=600us
6,2.44681326211947,0.008067200905425547,-278.584780888041,1.4152191119589623,,-0.011935667989667905,0.010919963464927794,-139.01780205467333,0.9821979453266627,-0.4330211666322995,-0.9929843003905239,True,0.9929843003905239,T=600us
7,2.3522206191290285,-0.0143525601951007,-277.4212545911991,2.5787454088008706,,0.06227079275393541,-0.011546366691872895,-138.1435540256133,1.8564459743866841,-0.7222994344141863,-0.9867396716115236,True,0.9867396716115236,T=600us
8,2.3703986344857526,-0.01780654140680632,-277.1075883209508,2.89241167904914,,0.08800116004953704,-0.008050479267441629,-137.90690778483102,2.0930922151689497,-0.7993194638801904,-0.9850493413202218,True,0.9850493413202218,T=600us
9,2.3707430734720027,-0.009134146627807876,-278.98322393676364,1.0167760632362914,,0.025004472364445026,-0.008687011702997243,-139.26903097423494,0.7309690257650362,-0.28580703747125524,-0.9947787926731069,True,0.9947787926731069,T=600us
10,2.3433321249837635,-0.005512170991207262,-278.44655307569315,1.5534469243068183,,-6.600591082760567e-05,-0.01176367045540507,-138.89397570739328,1.106024292606694,-0.44742263170012425,-0.9920998264813807,True,0.9920998264813807,T=600us
11,2.3732371533832333,-0.006622684364236417,-279.35659690498574,0.6434030950142162,,0.011699137866151161,-0.0073689330259775095,-139.5380088183958,0.46199118160416097,-0.18141191341005525,-0.9967000629885417,True,0.9967000629885417,T=600us
12,2.439063242824691,0.013350690363419638,-277.9518760296326,2.0481239703673264,,-0.04904853713631755,0.010731464570738725,-138.58833833688053,1.4116616631194652,-0.6364623072478612,-0.9899167024062895,True,0.9899167024062895,T=600us
13,2.3772289423598654,-0.0051221746951032815,-279.5782651269621,0.42173487303785984,,0.006147926059225934,-0.006078195513438665,-139.69699320961,0.3030067903899567,-0.11872808264790313,-0.9978356657829289,True,0.9978356657829289,T=600us
14,2.4063642839553614,0.006743998554167897,-279.6199231128109,0.3800768871890326,,-0.023148082338448058,0.004337660950580285,-139.74006151869378,0.2599384813062061,-0.12013840588282645,-0.9981432965620985,True,0.9981432965620985,T=600us
15,2.3822792404921382,0.001492702030516311,-279.8537572067423,0.14624279325770578,,-0.019025549092890382,-0.0018499393474460417,-139.89862826262936,0.1013717373706089,-0.044871055887096875,-0.9992759161616385,True,0.9992759161616385,T=600us
16,2.3520786725366096,-0.0168934764854503,-276.7811687743027,3.218831225697255,,0.08417068128261587,-0.010503333084164457,-137.67661751134588,2.3233824886541075,-0.8954487370431471,-0.9834044107953278,True,0.9834044107953278,T=600us
17,2.247559808260943,-0.014704602820212827,-268.9250190520452,11.07498094795479,,0.19420618791936403,0.008084221512330703,-131.97177709699534,8.02822290300464,-3.0467580449501503,-0.942655550692824,True,0.942655550692824,T=600us
18,2.3834804268332315,-0.0018277142561656664,-279.8616847508421,0.13831524915787924,,-0.004638130258292449,-0.0034403199483717703,-139.90100310666762,0.09899689333237091,-0.039318355825508335,-0.9992928793333402,True,0.9992928793333402,T=600us
19,2.5209618561227964,0.004588176814724775,-273.9095984039293,6.09040159607065,,-0.07349701186596581,0.019786886443900063,-135.7702401858316,4.229759814168371,-1.8606417819022782,-0.9697874298987973,True,0.9697874298987973,T=600us
20,2.4299908557489527,-0.015019065554486876,-277.8294171219842,2.170582878015754,,0.0875268538044827,0.0014148767258943557,-138.42573731826266,1.5742626817373075,-0.5963201962784462,-0.9887552665590192,True,0.9887552665590192,T=600us
21,2.267944960225342,-0.005219380902539867,-272.73849548865826,7.261504511341679,,0.12159825289740686,-0.01656589825499894,-134.8146686317886,5.185331368211377,-2.076173143130302,-0.9629619187984901,True,0.9629619187984901,T=600us
0,2.423864322306007,0.03166532318849386,-271.7531721052574,8.246827894742536,,-0.13632600101452727,-0.015414373981688061,-134.35072061924686,5.649279380753125,-2.597548513989411,-0.959648004423192,True,0.959648004423192,T=600us
1,2.2833036392378356,-0.013600261893004867,-273.0057477779063,6.994252222093624,,0.14205279812227334,-0.010996492373158438,-134.9662943165662,5.033705683433784,-1.9605465386598397,-0.9640449594040444,True,0.9640449594040444,T=600us
2,2.494634536932206,0.03733582635403812,-265.2190471637845,14.78095283621541,,-0.02128263575584598,-0.03528799766313953,-129.9548718273414,10.045128172658568,-4.7358246635568415,-0.9282490844810102,True,0.9282490844810102,T=600us
3,2.3937145588780178,-0.000664103411864073,-279.9803138108252,0.019686189174798925,,-0.0018331457020730193,-0.0013075813257908417,-139.9856474466217,0.014352553378274256,-0.00533363579652467,-0.9998974817615838,True,0.9998974817615838,T=600us
4,2.2841881340904657,0.017041896557572316,-272.2453584968099,7.754641503190056,,0.028304158437464033,-0.025677116567522435,-134.56670985247965,5.433290147520332,-2.3213513556697234,-0.9611907846605691,True,0.9611907846605691,T=600us
5,2.4249368993719163,0.0007194029537664215,-279.74158843435083,0.2584115656491391,,0.016107771341847002,0.004032109400386538,-139.8169989539354,0.18300104606457568,-0.07541051958456338,-0.9986928496709673,True,0.9986928496709673,T=600us
6,2.444921699043597,-0.032844105872976544,-270.55398191191796,9.446018088081994,,0.04213040908376087,0.02852638894621805,-133.1335355341495,6.866464465850481,-2.5795536222315114,-0.9509538252439251,True,0.9509538252439251,T=600us
7,2.5214683676326137,-0.0072493962968429495,-273.608651461139,6.391348538860939,,-0.024311764001110535,0.023420168103887813,-135.49527440434582,4.504725595654151,-1.8866229432067874,-0.9678233886024703,True,0.9678233886024703,T=600us
8,2.430160963758406,0.0187685917433709,-276.81269464401225,3.1873053559877267,,-0.09162478903750615,0.007782870024083478,-137.8091962542207,2.190803745779292,-0.9965016102084349,-0.9843514018158622,True,0.9843514018158622,T=600us
9,2.536901506971695,-0.025153259570728476,-267.3801928353755,12.619807164624437,,-0.16648492181217153,0.020490575670499275,-131.0881420610258,8.911857938974197,-3.707949225650239,-0.93634387186447,True,0.93634387186447,T=600us
10,2.437457465805736,-0.039667456568751085,-266.850473828013,13.149526171986947,,-0.0843567763838689,0.03181964860904012,-130.45974169235112,9.54025830764886,-3.609267864338087,-0.9318552978025081,True,0.9318552978025081,T=600us
11,2.458658778199365,-0.019845773215977542,-275.44806767205114,4.551932327948814,,0.0977903840720046,0.01300905166045226,-136.7049557022301,3.2950442977698655,-1.2568880301789482,-0.9764639693016438,True,0.9764639693016438,T=600us
12,2.468762358891857,-0.016293527477561798,-275.95057091087773,4.049429089122218,,0.08612277118073906,0.013290108499035313,-137.07938432817352,2.92061567182646,-1.1288134172957576,-0.9791384594869539,True,0.9791384594869539,T=600us
13,2.3309823864677597,0.004733594525475287,-277.8790190339847,2.120980966015242,,-0.04829445442433065,-0.01127246398349412,-138.50815819091505,1.491841809084931,-0.6291391569303109,-0.9893439870779648,True,0.9893439870779648,T=600us
14,2.3479740433977576,-0.002728571283379073,-278.8354046542608,1.1645953457391376,,-0.015931676377789524,-0.009842499376095153,-139.173828055901,0.8261719440989667,-0.33842340164017093,-0.9940987718278645,True,0.9940987718278645,T=600us
15,2.495817765568343,0.018242902374578502,-273.6093193504166,6.390680649583318,,-0.13339728718184454,0.009930703960632902,-135.6188805940657,4.381119405934284,-2.009561243649034,-0.9687062899576122,True,0.9687062899576122,T=600us
16,2.4177685545194025,-0.036626944390540275,-269.14876853966337,10.851231460336582,,0.02715160958545808,0.031173153992351564,-132.08252551625674,7.917474483743243,-2.933756976593339,-0.9434466108304054,True,0.9434466108304054,T=600us
17,2.3127260132596876,0.016208335027156205,-274.8016646861734,5.19833531382653,,-0.055222188176693,-0.019405943155271905,-136.36776051503804,3.632239484961925,-1.5660958288646054,-0.9740554322502719,True,0.9740554322502719,T=600us
18,2.422061210171887,-0.01750992422368343,-277.3505117129638,2.649488287036141,,0.09719832131367014,0.000745900104245287,-138.07639857360365,1.9236014263963321,-0.7258868606398088,-0.9862599898114548,True,0.9862599898114548,T=600us
19,2.4133689728995362,0.025136805156882075,-274.8768075510818,5.123192448918162,,-0.13136063950855723,-0.002064981420249177,-136.4805094190215,3.519490580978476,-1.6037018679396864,-0.9748607815644394,True,0.9748607815644394,T=600us
20,2.3286485781105517,0.010263410189847274,-277.08314825734544,2.9168517426545386,,-0.06664219079412981,-0.011926908557093227,-137.95759296344806,2.042407036551913,-0.8744447061026254,-0.9854113783103434,True,0.9854113783103434,T=600us
21,2.511996079085961,-0.007098186024490886,-274.51280344001333,5.487196559986604,,0.0023396456450728424,0.02202622724880059,-136.1213174781575,3.8786825218424856,-1.6085140381441176,-0.9722951248439823,True,0.9722951248439823,T=600us
0,2.4450246532548223,-0.010532667248756039,-278.2852602450538,1.714739754946137,,0.0732230981573848,0.004280839802841048,-138.76113179581938,1.2388682041805978,-0.4758715507655391,-0.99115094139871,True,0.99115094139871,T=600us
1,2.477547788891524,0.0018384163004721938,-277.5236497575151,2.4763502424848776,,0.017228792195038135,0.014499736739907025,-138.25895164779746,1.7410483522025253,-0.7353018902823523,-0.9875639403414105,True,0.9875639403414105,T=600us
2,2.4590723840792745,0.00010250508057345338,-278.5760186614245,1.4239813385754874,,0.03209045776900792,0.009986096073957064,-138.9924980869406,1.0075019130593763,-0.4164794255161111,-0.9928035577638616,True,0.9928035577638616,T=600us
3,2.3629413367115415,-0.008397228823628368,-278.87517152896066,1.1248284710392926,,0.018320773428351148,-0.009607086099544792,-139.19369179255207,0.8063082074479095,-0.3185202635913832,-0.9942406556610863,True,0.9942406556610863,T=600us
4,2.400123087114888,-0.017547953649338737,-277.53888069365263,2.461119306347318,,0.09074831881868331,-0.0037345153592843075,-138.21415520476444,1.785844795235533,-0.6752745111117847,-0.9872439657483176,True,0.9872439657483176,T=600us
5,2.3772326716418557,0.0025059348894618002,-279.7378391025337,0.2621608974662331,,-0.026653851158274747,-0.002149479001146582,-139.81783470901644,0.18216529098353107,-0.07999560648270206,-0.9986988193501176,True,0.9986988193501176,T=600us
6,2.466286808447297,0.004679028238031873,-278.03327003389205,1.9667299661079196,,0.0065806494231609395,0.013079218878351681,-138.62391046773254,1.3760895322674334,-0.5906404338404863,-0.9901707890552326,True,0.9901707890552326,T=600us
7,2.3976971911121936,-0.015146152892338213,-278.16432061908154,1.83567938091841,,0.07430128868034046,-0.005076151160352746,-138.6693773926727,1.3306226073272933,-0.5050567735911166,-0.9904955528048051,True,0.9904955528048051,T=600us
8,2.441606502127285,-0.007808136269133228,-278.8054486895185,1.1945513104814427,,0.06075978321840847,0.00369628983331595,-139.13771102446646,0.8622889755335236,-0.3322623349479192,-0.9938407930319034,True,0.9938407930319034,T=600us
9,2.4890347582191215,-0.0286993307994924,-270.19281861301596,9.807181386983977,,-0.023586524155758917,0.029466536369549205,-132.94661591029623,7.0533840897037585,-2.753797297280219,-0.9496186850735445,True,0.9496186850735445,T=600us
10,2.466581119665929,-0.016776763665643492,-275.9428097229675,4.057190277032405,,0.08855128244444445,0.01291743953661002,-137.0716390004838,2.928360999516193,-1.1288292775162125,-0.9790831357177415,True,0.9790831357177415,T=600us
11,2.4937900859798003,0.0051837251237488195,-276.20968943218367,3.790310567816285,,-0.02125209730424907,0.017864705398156922,-137.35688361098843,2.6431163890115323,-1.1471941788047528,-0.9811205972213461,True,0.9811205972213461,T=600us
12,2.415294508630723,0.009116922835895292,-279.2400050596419,0.7599949403580843,,-0.029439311618938223,0.006574748609914163,-139.4773484444337,0.522651555566292,-0.23734338479179246,-0.9962667746030979,True,0.9962667746030979,T=600us
13,2.3738166521765924,0.01630576526240404,-277.59467312263916,2.405326877360768,,-0.09020048437191072,-0.0011537638143391672,-138.3350184977784,1.6649815022215835,-0.7403453751391845,-0.9881072749841315,True,0.9881072749841315,T=600us
14,2.255959909265786,0.011308026080902929,-270.61778320700085,9.382216792999076,,0.12254003221364648,-0.021178979541067188,-133.37700913254253,6.622990867457444,-2.759225925541631,-0.952692922375304,True,0.952692922375304,T=600us
15,2.259931394498784,0.010385934908262638,-271.2258366860885,8.774163313911483,,0.10503095156983708,-0.02224325295682762,-133.80731041895362,6.192689581046347,-2.5814737328651374,-0.9557665029925261,True,0.9557665029925261,T=600us
16,2.427176057628828,-0.02977174449395655,-272.6138953963136,7.3861046036863724,,0.1064935587301664,0.019642154532966895,-134.61581439032187,5.384185609678092,-2.0019189940082804,-0.9615415313594422,True,0.9615415313594422,T=600us
17,2.4836664373664536,0.018843421823944773,-274.3130440053246,5.6869559946753085,,-0.12307952483682322,0.01022598684151433,-136.09971737124363,3.9002826287563472,-1.786673365918961,-0.972140838366026,True,0.972140838366026,T=600us
18,2.268438374935801,0.013073143818843098,-271.6421397257956,8.357860274204395,,0.07578987209170109,-0.02427913008324555,-134.11865091852272,5.881349081477268,-2.4765111927271257,-0.9579903637037338,True,0.9579903637037338,T=600us
19,2.508095850386058,0.011844007447136555,-274.13931812167397,5.860681878325991,,-0.0994798699667828,0.015939584756280555,-135.9597095304044,4.0402904695955595,-1.8203914087304316,-0.9711407823600318,True,0.9711407823600318,T=600us
20,2.325196901412524,-0.01822546123017224,-275.0654565877257,4.934543412274245,,0.1158712221605053,-0.010278661481944033,-136.43611925476515,3.5638807452348362,-1.3706626670394082,-0.9745437089626083,True,0.9745437089626083,T=600us
21,2.3692254442484844,-0.011946208574071901,-278.472217724284,1.5277822757159745,,0.04302662682566278,-0.00950507071826331,-138.89975498337688,1.100245016623084,-0.4275372590928906,-0.9921411070241208,True,0.9921411070241208,T=600us
0,2.527267679785533,-0.01276453522244397,-272.1495354351791,7.850464564820904,,-0.045116441761711666,0.025340767274749782,-134.45189882935384,5.54810117064614,-2.3023633941747645,-0.9603707059239561,True,0.9603707059239561,T=600us
1,2.473565937188183,0.009066014784876297,-277.1378510210018,2.8621489789981673,,-0.027437695237912476,0.015142107387490944,-138.01356783351054,1.9864321664894435,-0.8757168125087236,-0.9858111988107897,True,0.9858111988107897,T=600us
2,2.41310095664923,-0.026235225113127723,-274.42871191565956,5.571288084340377,,0.1286579417347585,0.009463474027543795,-135.93904676359332,4.060953236406646,-1.510334847933731,-0.970993191168524,True,0.970993191168524,T=600us
3,2.365925913273244,-0.0242249567382285,-274.83509082200203,5.164909177997912,,0.1363658752890539,-0.0008775895316953159,-136.24142442023526,3.758575579764729,-1.4063335982331833,-0.9731530315731091,True,0.9731530315731091,T=600us
4,2.5994468970756146,-0.045733189713004885,-247.47437623110076,32.525623768899194,,0.33906778294507456,-0.008283979798710189,-117.80463076309364,22.195369236906338,-10.330254531992857,-0.8414616483078119,True,0.8414616483078119,T=600us
5,2.473639233794366,-0.024202657893062276,-273.10867786581593,6.891322134184009,,0.06515568233763983,0.022685874118377487,-135.02105211942865,4.978947880571324,-1.9123742536126855,-0.9644360865673477,True,0.9644360865673477,T=600us
6,2.323329700106331,0.0036501913138953465,-277.49905290326177,2.5009470967381713,,-0.03962772124767897,-0.013429240733707368,-138.23777146254807,1.7622285374519127,-0.7387185592862586,-0.9874126533039149,True,0.9874126533039149,T=600us
7,2.4477064629723926,0.027338767614677423,-273.0968963328648,6.903103667135158,,-0.15128144411706182,-0.0038740306324124107,-135.27624215876648,4.723757841233496,-2.1793458259016623,-0.9662588725626179,True,0.9662588725626179,T=600us
8,2.5511378083832725,-0.037674691470181404,-259.4652645870653,20.53473541293465,,-0.21595826299992943,-0.025200951693278625,-125.70234888728336,14.297651112716611,-6.237084300218042,-0.8978739206234527,True,0.8978739206234527,T=600us
9,2.4197554436879116,0.027437542172290455,-273.82353999623126,6.176460003768693,,-0.1405487843006877,-0.005645769941830713,-135.76244398046208,4.237556019537884,-1.9389039842308096,-0.9697317427175866,True,0.9697317427175866,T=600us
10,2.354205227686701,0.01548229309731964,-277.2275947289804,2.77240527101953,,-0.08991750982076308,-0.005949053788859707,-138.07309845663312,1.9269015433668486,-0.8455037276526812,-0.9862364175473797,True,0.9862364175473797,T=600us
11,2.3131440316398773,0.026633890274754716,-271.26126513391495,8.738734866084984,,-0.002630000948592427,-0.02756603673645753,-133.92524963136702,6.07475036863296,-2.6639844974520233,-0.956608925938336,True,0.956608925938336,T=600us
12,2.521802820192433,0.02743194317813845,-267.9817182652973,12.018281734702693,,-0.15806507975088063,-0.019858332850611837,-131.829870054803,8.170129945196996,-3.8481517895056974,-0.9416419289628786,True,0.9416419289628786,T=600us
13,2.4142335240117103,0.011575891170502409,-278.84613879153494,1.1538612084650006,,-0.04418330150871241,0.007033090331575196,-139.2059256124162,0.7940743875837959,-0.3597868208812046,-0.9943280400886871,True,0.9943280400886871,T=600us
14,2.378488039534609,-0.028523232702192584,-273.3083164915746,6.691683508425382,,0.14471752424725484,0.009147144080976905,-135.11235349526325,4.8876465047367175,-1.8040370036886648,-0.9650882392518806,True,0.9650882392518806,T=600us
15,2.3127703052229713,-0.01037479649271159,-276.0442068225918,3.9557931774082067,,0.06041475557685345,-0.01615425375167943,-137.16971118398857,2.830288816011408,-1.1255043613967988,-0.9797836513142042,True,0.9797836513142042,T=600us
16,2.472593424697518,-0.030684277387999198,-270.3273981571272,9.672601842872728,,0.001955322444663857,0.02956810521052135,-133.01165707089652,6.988342929103466,-2.6842589137692627,-0.9500832647921181,True,0.9500832647921181,T=600us
17,2.183583911359765,0.009241532457461498,-260.79824956012476,19.201750439875187,,0.08503216388520561,0.039419213800529984,-126.10961068542011,13.890389314579865,-5.311361125295321,-0.9007829334672867,True,0.9007829334672867,T=600us
18,2.2855615085846583,-0.011964553101132636,-273.54932936326304,6.45067063673694,,0.12479884543961502,-0.013617675223066278,-135.36812945738572,4.631870542614247,-1.8188000941226932,-0.9669152104098983,True,0.9669152104098983,T=600us
19,2.3719094517425834,0.009905861657376053,-278.8931180767181,1.1068819232818576,,-0.061207154228478444,-0.0006526428622553874,-139.23240335006196,0.7675966499380233,-0.3392852733438343,-0.994517166786157,True,0.994517166786157,T=600us
20,2.2384506429957427,-0.04989116252842401,-249.63036541416082,30.369634585839137,,-0.05317734114799387,-0.05147645019703988,-118.2442489720327,21.755751027967293,-8.613883557871844,-0.8446017783716622,True,0.8446017783716622,T=600us
21,2.392669443859237,0.03408008544384703,-270.695196911049,9.304803088950957,,-0.08942192730193733,-0.024419748028206102,-133.60785124078606,6.392148759213929,-2.912654329737028,-0.9543417945770434,True,0.9543417945770434,T=600us
0,2.485924355100603,-0.002607125094824873,-276.941614293378,3.0583857066219506,,0.032441818547854454,0.01561603687391442,-137.83585106984253,2.16414893015745,-0.8942367764645004,-0.9845417933560182,True,0.9845417933560182,T=600us
1,2.4931499756105193,-0.0058027075473746055,-276.2036691325761,3.796330867423838,,0.03628675486204511,0.017418693828831575,-137.30594115716232,2.694058842837665,-1.1022720245861726,-0.9807567225511595,True,0.9807567225511595,T=600us
2,2.3147579772571634,-0.000688030765671469,-277.03942584986373,2.9605741501362095,,-0.010756353400648188,-0.01610281569365482,-137.90389505253765,2.0961049474623143,-0.864469202673895,-0.9850278218038406,True,0.9850278218038406,T=600us
3,2.3886292038148675,-0.009531397948776504,-279.2210197304302,0.7789802695697551,,0.035584781114962084,-0.006176477361216742,-139.4363283781395,0.5636716218604667,-0.2153086477092884,-0.9959737741295681,True,0.9959737741295681,T=600us
4,2.34339376443902,0.01257058136847508,-277.42927886697055,2.5707211330293855,,-0.07928555123309525,-0.008013247051737771,-138.20687297374582,1.7931270262541708,-0.7775941067752146,-0.9871919498124702,True,0.9871919498124702,T=600us
5,2.3172178672372143,-0.01442134303853389,-275.5483329701048,4.451667029895161,,0.09051600144331022,-0.013855753713686875,-136.7997319797104,3.2002680202895855,-1.2513990096055752,-0.9771409427122173,True,0.9771409427122173,T=600us
6,2.344218955117183,-0.032402741312503806,-270.3384538763733,9.661546123626664,,0.13657265313560737,0.02037831856694831,-132.91728421713094,7.082715782869025,-2.5788303407576385,-0.949409172979507,True,0.949409172979507,T=600us
7,2.415296506835183,0.010539106466884489,-279.0165559279913,0.9834440720086752,,-0.03747377540600655,0.00698301137829249,-139.32332666549576,0.6766733345042135,-0.30677073750446177,-0.9951666190392556,True,0.9951666190392556,T=600us
8,2.4362559735578673,0.003986915803465563,-279.3357286127068,0.6642713872931626,,0.007831247650968055,0.007516880091859742,-139.53585628495208,0.4641437150479129,-0.2001276722452497,-0.9966846877496578,True,0.9966846877496578,T=600us
9,2.383456100386847,-0.016635493923072106,-277.67623365980006,2.3237663401999042,,0.08004233890883299,-0.006879515824723736,-138.3173844873499,1.6826155126500852,-0.6411508275498191,-0.9879813177667851,True,0.9879813177667851,T=600us
10,2.2825272967345547,0.007101276869231028,-274.00814519598083,5.991854804019109,,0.02392645366844737,-0.022671105913404193,-135.7750133116064,4.22498668839358,-1.7668681156255293,-0.9698215236543316,True,0.9698215236543316,T=600us
11,2.416350628123558,0.009795010977910629,-279.12384339611987,0.8761566038801124,,-0.03263120506327851,0.006942202196995841,-139.39718366321367,0.6028163367863197,-0.2733402670937927,-0.9956941690229548,True,0.9956941690229548,T=600us
12,2.4913765844441853,0.023798102653316673,-272.078491653297,7.921508346702941,,-0.16424257379781626,3.2872587345827607e-05,-134.58961262708826,5.410387372911713,-2.5111209737912286,-0.9613543759077735,True,0.9613543759077735,T=600us
13,2.4273854980330665,-0.0027502992591927925,-279.63291056775955,0.3670894322404215,,0.03188365062329397,0.002675252181937663,-139.73502024408515,0.2649797559148253,-0.10210967632559621,-0.9981072874577512,True,0.9981072874577512,T=600us
14,2.35304961319721,-0.021466167983896806,-275.4168020980205,4.583197901979433,,0.12262766178361162,-0.005942694257154563,-136.67544873848013,3.324551261519838,-1.258646640459595,-0.9762532052748583,True,0.9762532052748583,T=600us
15,2.260810375160589,0.004183369889728705,-272.0456844367902,7.954315563209714,,0.10488032874459614,-0.02064216743539935,-134.36246005796744,5.637539942032542,-2.316775621177172,-0.9597318575569104,True,0.9597318575569104,T=600us
16,2.3868676022292408,-0.021574714362004095,-276.2092368179284,3.790763182071528,,0.11553952345192788,-0.0025202756996354127,-137.2451562762293,2.754843723770694,-1.035919458300834,-0.9803225448302093,True,0.9803225448302093,T=600us
17,2.406124996318758,-0.026672452424985244,-274.2986839073832,5.70131609261677,,0.13212418402764053,0.008893121680320415,-135.84236818601715,4.157631813982822,-1.543684278633948,-0.9703026299001227,True,0.9703026299001227,T=600us
18,2.4658299089174642,0.016699038487550506,-276.00403692159136,3.99596307840861,,-0.086614503710259,0.012364517649975926,-137.25198423908333,2.7480157609166587,-1.2479473174919513,-0.9803713159934524,True,0.9803713159934524,T=600us
19,2.3051054078491253,0.0020933877391650668,-276.3052752353506,3.6947247646493167,,-0.011546389248879336,-0.017978102761441912,-137.38948368288106,2.6105163171189085,-1.0842084475304081,-0.9813534548777221,True,0.9813534548777221,T=600us
20,2.2778247843044257,0.021657183843124567,-270.2110255176815,9.788974482318451,,0.08361911633729768,-0.026059519810923686,-133.14943322742147,6.850566772578501,-2.9384077097399506,-0.9510673801958679,True,0.9510673801958679,T=600us
21,2.351556361762186,0.0037868415450840734,-278.92699017824685,1.073009821753096,,-0.045007269708720675,-0.006517242289459724,-139.2468036242815,0.753196375718473,-0.3198134460346229,-0.9946200258877252,True,0.9946200258877252,T=600us
0,2.480557232452131,0.004307438541651751,-277.20949321861247,2.7905067813874727,,0.00018783093745912703,0.01562796745550524,-138.0479757067398,1.9520242932601777,-0.8384824881272952,-0.9860569693338559,True,0.9860569693338559,T=600us
1,2.258174943127042,0.016435928554836714,-269.7321311258599,10.267868874140053,,0.13135059631212995,-0.021635228448404303,-132.77399700027686,7.2260029997231,-3.0418658744169518,-0.9483856928591207,True,0.9483856928591207,T=600us
2,2.5140289207492916,-0.005348546743490392,-274.5023672915491,5.497632708450846,,-0.00733199051496793,0.021989925121531907,-136.12421262079795,3.8757873792020368,-1.621845329248809,-0.9723158044342711,True,0.9723158044342711,T=600us
3,2.4178276511952133,0.013094589168258747,-278.49956445996423,1.5004355400357277,,-0.05216037935040123,0.007729353778503348,-138.96711045603726,1.032889543962719,-0.4675459960730087,-0.9926222175431234,True,0.9926222175431234,T=600us
4,2.3521788305858347,-0.0006946311199486953,-279.0621769162527,0.9378230837472072,,-0.025300993189192156,-0.008160188809181205,-139.33691939480394,0.6630806051960311,-0.2747424785511761,-0.9952637099628855,True,0.9952637099628855,T=600us
5,2.495036208402957,-0.004464054433139627,-276.17016958545474,3.829830414545191,,0.02870555466301651,0.01783766677074387,-137.28850662573967,2.711493374260308,-1.1183370402848827,-0.980632190183855,True,0.980632190183855,T=600us
6,2.402543233950003,-0.002749750801588165,-279.93692225133447,0.06307774866546431,,0.013409943593321242,-0.0011686540076033384,-139.9523067459526,0.047693254047382914,-0.015384494618081399,-0.9996593338996616,True,0.9996593338996616,T=600us
7,2.342039712768911,-0.010510491941655573,-277.74615353801454,2.253846461985436,,0.0347839701823149,-0.01307768912515808,-138.38582379943364,1.614176200566339,-0.6396702614190972,-0.9884701699959547,True,0.9884701699959547,T=600us
8,2.418237483873425,-0.016203743706506787,-277.76546633771005,2.234533662289908,,0.08916537200040539,-0.0007950318400352391,-138.37813868049378,1.6218613195062117,-0.6126723427836963,-0.9884152762892413,True,0.9884152762892413,T=600us
9,2.4455972356974045,-0.015946297704462466,-277.11840396607084,2.8815960339291387,,0.09428534609405811,0.005921975514894473,-137.91312633684524,2.086873663154726,-0.7947223707744128,-0.9850937595488948,True,0.9850937595488948,T=600us
10,2.5400620707920676,0.01387492630694038,-270.55003802192147,9.449961978078498,,-0.17718828490595953,0.0049015403481763205,-133.53124527227388,6.468754727726092,-2.981207250352405,-0.9537946090876708,True,0.9537946090876708,T=600us
11,2.2941762343313075,-0.029779476289098383,-268.36821708164524,11.631782918354734,,0.13625419913864253,0.02446980780387655,-131.46800371209574,8.53199628790423,-3.0997866304505046,-0.9390571693721126,True,0.9390571693721126,T=600us
12,2.450786226226554,-0.006511243609547146,-278.60800093987757,1.3919990601223717,,0.0588596184065545,0.006060351251593491,-138.9996130259765,1.00038697402348,-0.3916120860988916,-0.9928543787569751,True,0.9928543787569751,T=600us
13,2.3582049201311883,0.012214279609237738,-278.0939261438952,1.9060738561047539,,-0.07699140001925979,-0.0038523933574966785,-138.67415082437344,1.3258491756265358,-0.5802246804782181,-0.9905296487455247,True,0.9905296487455247,T=600us
14,2.468608067198745,-0.008205967094506607,-277.54281039652386,2.45718960347607,,0.06522484128529898,0.010571439185015937,-138.23931606120013,1.7606839387998618,-0.6965056646762086,-0.9874236861514295,True,0.9874236861514295,T=600us
15,2.3651651178618494,0.015711990321801584,-277.5309613606781,2.4690386393218704,,-0.0897419588460078,-0.003056013464615251,-138.28769289366994,1.7123071063300408,-0.7567315329918297,-0.9877692349547854,True,0.9877692349547854,T=600us
16,2.5199157832077446,0.0007164068869859338,-274.17466632275165,5.825333677248331,,-0.04776132037263599,0.02122975310988988,-135.93197722512855,4.068022774871423,-1.7573109023769078,-0.9709426944652041,True,0.9709426944652041,T=600us
17,2.3850419503798395,0.012957776416667576,-278.5665243435346,1.4334756564653781,,-0.06839593844906414,0.002140625834572872,-139.0097821795653,0.9902178204346895,-0.44325783603068863,-0.9929270155683236,True,0.9929270155683236,T=600us
18,2.476666478690867,0.017498904539828646,-275.1584068155285,4.841593184471463,,-0.10351516934654655,0.012000927816808915,-136.67421350287898,3.3257864971209874,-1.515806687350475,-0.9762443821634215,True,0.9762443821634215,T=600us
19,2.4113574731526204,0.022466241887940677,-275.9132025795321,4.086797420467892,,-0.11738053811877042,0.0015823314575465035,-137.18992204278794,2.8100779572120302,-1.276719463255862,-0.9799280145913426,True,0.9799280145913426,T=600us
20,2.352930251174468,-0.02359596670525104,-274.6451666392984,5.354833360701552,,0.13800444929979908,-0.0025314086003353146,-136.10690033076642,3.893099669233556,-1.4617336914679964,-0.9721921452197603,True,0.9721921452197603,T=600us
21,2.4434639610160778,-0.027236001230913492,-273.2994720408358,6.70052795916418,,0.10064048484064592,0.018769179957202325,-135.1279413850481,4.872058614951868,-1.828469344212312,-0.9651995813217724,True,0.9651995813217724,T=600us
0,2.4425537713317675,-0.011028229018606601,-278.28814016835395,1.711859831646031,,0.07444540690528456,0.00368911102099809,-138.76219793737874,1.2378020626212425,-0.4740577690247884,-0.9911585566955625,True,0.9911585566955625,T=600us
1,2.1580740812126313,0.0032551163806519823,-256.9673115412002,23.032688458799726,,-0.16770969912796432,0.037471331642721296,-123.14132484703077,16.85867515296921,-6.174013305830519,-0.8795808917645056,True,0.8795808917645056,T=600us
2,2.559111520261607,-0.007037286636993832,-269.43672825498277,10.563271745017211,,-0.16054759605765895,0.016477246560073724,-132.65587249156692,7.344127508433061,-3.2191442365841496,-0.9475419463683352,True,0.9475419463683352,T=600us
3,2.44510126513865,-0.0005730885101654786,-279.1664754053498,0.8335245946501827,,0.03234340188934617,0.006881152446096338,-139.407747624619,0.5922523753809865,-0.24127221926919623,-0.9957696258901358,True,0.9957696258901358,T=600us
4,2.3113426472594005,0.009245140817212798,-276.1197788647682,3.8802211352317855,,-0.046141298954580925,-0.016924709038850416,-137.2758022384022,2.7241977615977695,-1.156023373634016,-0.9805414445600159,True,0.9805414445600159,T=600us
5,2.484647172822032,0.0013656792018245806,-277.0692111043653,2.9307888956346195,,0.013893413179275787,0.01590039043294046,-137.93985869098958,2.0601413090103873,-0.8706475866242324,-0.9852847049356401,True,0.9852847049356401,T=600us
6,2.2342005551999895,-0.0017544780458123932,-268.9526368887858,11.04736311121419,,0.19834632317851955,-0.0034518404521018064,-132.08465491996583,7.91534508003416,-3.132018031180032,-0.9434618208568989,True,0.9434618208568989,T=600us
7,2.376982208063258,0.006466420726999857,-279.44914152662244,0.5508584733774916,,-0.04308388970941445,-0.0005060613324591852,-139.618788932941,0.3812110670589946,-0.169647406318497,-0.9972770638067214,True,0.9972770638067214,T=600us
8,2.454028007769651,0.01033863207999008,-277.9541166671855,2.0458833328144603,,-0.027778203235390007,0.012548765995673785,-138.5836775846512,1.4163224153487766,-0.6295609174656838,-0.9898834113189373,True,0.9898834113189373,T=600us
9,2.5045029453157976,0.018173922906875858,-272.9280322329049,7.071967767095062,,-0.14520360873059565,0.008647490003793624,-135.1554614121327,4.844538587867277,-2.227429179227786,-0.9653961529438052,True,0.9653961529438052,T=600us
10,2.367015290370231,0.04485134423431264,-263.47736174594604,16.522638254053913,,0.19874643507991482,-0.020995157834212578,-128.62617234088978,11.373827659110196,-5.148810594943717,-0.9187583738634986,True,0.9187583738634986,T=600us
11,2.534153202540977,0.012423923418396404,-271.4999065818223,8.50009341817763,,-0.15891287831872175,0.009760313690403867,-134.1673349471178,5.832665052882174,-2.6674283652954576,-0.9583381067651273,True,0.9583381067651273,T=600us
12,2.3113966048578454,-0.0017980705806031846,-276.78094063333964,3.2190593666603182,,-0.0002517825478834742,-0.01689725966395271,-137.71801050819707,2.281989491802908,-0.9370698748574104,-0.9837000750585506,True,0.9837000750585506,T=600us
13,2.5501688648382794,-0.014604284917642438,-269.22044463329155,10.7795553667084,,-0.1428877076225562,0.020752498250200403,-132.44345466063518,7.556545339364797,-3.223010027343604,-0.9460246761473943,True,0.9460246761473943,T=600us
14,2.4744314270431884,-0.004735617185266305,-277.563548212647,2.436451787352955,,0.04997178710340905,0.012379944097996828,-138.2652047865897,1.7347952134102724,-0.7016565739426829,-0.9876086056184981,True,0.9876086056184981,T=600us
15,2.4178093430110676,0.009411022379117354,-279.1624107278348,0.8375892721651548,,-0.029678335671543144,0.007042085113422777,-139.42360086896431,0.576399131035671,-0.2611901411294838,-0.9958828633497452,True,0.9958828633497452,T=600us
16,2.3931831554945533,0.012539059428989417,-278.72435737909683,1.2756426209031022,,-0.061494825441686746,0.0036793349427295635,-139.12042979938005,0.8795702006199283,-0.3960724202831738,-0.9937173557098576,True,0.9937173557098576,T=600us
17,2.294019892075515,0.002832324698859786,-275.3785958009184,4.62140419908155,,0.006760824959477755,-0.02018557598910749,-136.73407718564388,3.265922814356098,-1.3554813847254523,-0.9766719798974565,True,0.9766719798974565,T=600us
18,2.2334562589570117,-0.009729321141345086,-268.12348714501104,11.876512854988897,,0.20089286882026094,0.008431845964082071,-131.41546255183366,8.584537448166317,-3.291975406822579,-0.9386818753702406,True,0.9386818753702406,T=600us
19,2.4131235625985004,0.014107204466222096,-278.33895418029266,1.6610458197072926,,-0.06073245287878366,0.006994778550622736,-138.856538694526,1.1434613054739857,-0.5175845142333068,-0.9918324192466144,True,0.9918324192466144,T=600us
20,2.478297812252394,0.0091991088013684,-276.8269194542846,3.1730805457153366,,-0.03252114829484697,0.015760583058079328,-137.79854996395514,2.201450036044833,-0.971630509670504,-0.984275356885394,True,0.984275356885394,T=600us
21,2.371383964910068,0.013658621107873883,-278.1741572769969,1.825842723003057,,-0.07864086170308038,-0.0008714782358839814,-138.7346500714418,1.265349928558191,-0.560492794444866,-0.9909617862245843,True,0.9909617862245843,T=600us
0,2.393295485515644,-0.004094687032432499,-279.8476072026094,0.15239279739054054,,0.01724945701476319,-0.0026474314806356545,-139.88313443440157,0.1168655655983982,-0.035527231792142344,-0.9991652459600114,True,0.9991652459600114,T=800us
1,2.4624584477563913,-0.052655136601895414,-256.24915746571867,23.750842534281265,,0.2582726966730828,-0.021173595146864888,-123.41655179167982,16.583448208320153,-7.16739432596111,-0.8815467985119989,True,0.8815467985119989,T=800us
2,2.4314930725141544,-0.0019606135070167887,-279.5638322610058,0.43616773899413974,,0.022622759356377076,0.004954918962556577,-139.69913199384428,0.30086800615570103,-0.13529973283843874,-0.9978509428131735,True,0.9978509428131735,T=800us
3,2.2596657849322277,0.012856858102660348,-270.73721708630944,9.262782913690524,,0.18188795664754812,-0.0015606582070285273,-133.3745030405042,6.625496959495772,-2.637285954194751,-0.9526750217178873,True,0.9526750217178873,T=800us
4,2.4328584242712537,0.015365922687338327,-277.6715618112116,2.3284381887883874,,-0.08433446829698629,0.004441907633862652,-138.39506012307513,1.6049398769248426,-0.7234983118635447,-0.9885361437362511,True,0.9885361437362511,T=800us
5,2.461898543905707,0.025651305129489568,-273.1780565248571,6.821943475142889,,-0.11394037485338657,-0.01615600362974783,-135.28339969928663,4.716600300713353,-2.1053431744295366,-0.9663099978520475,True,0.9663099978520475,T=800us
6,2.4415220002176548,-0.01043340504422289,-278.4255662152322,1.5744337847677528,,0.058630167033055694,0.007217351654792993,-138.88231732020375,1.1176826797962238,-0.4567511049715289,-0.9920165522871698,True,0.9920165522871698,T=800us
7,2.3576282303284724,-0.02018617134718266,-276.0097343457601,3.9902656542399013,,0.11885009638783395,0.002292085298007887,-137.09836825195364,2.901631748046336,-1.0886339061935653,-0.9792740589425262,True,0.9792740589425262,T=800us
8,2.4097543391935052,-0.0026815303705437755,-279.90360881567955,0.09639118432041126,,0.018022759780571638,0.0006447190852300542,-139.9302537207207,0.06974627927927278,-0.026644905041138478,-0.9995018122908623,True,0.9995018122908623,T=800us
9,2.2953842448307697,-0.029100800893121663,-268.78992594088425,11.21007405911569,,-0.029831569851066164,0.03145046621438266,-131.9125273694,8.087472630599965,-3.122601428515726,-0.9422323383528574,True,0.9422323383528574,T=800us
10,2.3261505338271125,0.00010103899359962162,-277.7777246182448,2.2222753817551273,,0.011436745443686544,-0.014008731713223787,-138.40477827242572,1.5952217275742475,-0.6270536541808798,-0.9886055590887554,True,0.9886055590887554,T=800us
11,2.520402634774712,-0.0008904280516748675,-274.12556753538894,5.874432464610991,,-0.1149190660181335,0.013178943176009315,-135.93644739601604,4.063552603983931,-1.8108798606270602,-0.9709746242572577,True,0.9709746242572577,T=800us
12,2.3632803724170426,-0.006384382591184243,-279.12318343899767,0.8768165610023018,,0.024392287819608845,-0.008081014781571319,-139.35642486961368,0.643575130386302,-0.23324143061599972,-0.995403034782955,True,0.995403034782955,T=800us
13,2.3216500393986945,0.018870921847219307,-274.6537590472193,5.346240952780657,,0.01137584719385483,-0.021628711785771526,-136.23466631336763,3.7653336866323537,-1.5809072661483035,-0.9731047593811974,True,0.9731047593811974,T=800us
14,2.67378647560247,-0.01698488075944917,-248.64899008544808,31.351009914551867,,-0.26754987571072936,0.031186402344084582,-118.32443512511914,21.675564874880845,-9.675445039671022,-0.8451745366079939,True,0.8451745366079939,T=800us
15,2.4107001991060577,-0.028409766191553117,-273.5023604155135,6.497639584486454,,0.04782346222145539,0.02289555370735867,-135.34329135008082,4.656708649919166,-1.8409309345672886,-0.9667377953577202,True,0.9667377953577202,T=800us
16,2.378489643752666,-0.018883490241932345,-276.9607922119284,3.0392077880715758,,0.10411104195468711,0.001105802442362851,-137.79061711058526,2.209382889414707,-0.829824898656869,-0.9842186936470378,True,0.9842186936470378,T=800us
17,2.3488204816708316,0.013676102127045486,-277.4356374722072,2.5643625277927757,,-0.05771404383263693,-0.011858357040332503,-138.1964380281067,1.8035619718932772,-0.7608005558994985,-0.9871174144864766,True,0.9871174144864766,T=800us
18,2.443726174826018,-0.013534323107937996,-277.7548890362434,2.2451109637565487,,0.06647045880595068,0.009335017057090573,-138.40269004310767,1.5973099568922995,-0.647801006864249,-0.988590643165055,True,0.988590643165055,T=800us
19,2.350341464156843,-0.01777479294229823,-276.46786418248047,3.5321358175194684,,0.11196354540186969,-0.0019540222193471734,-137.42869448566913,2.5713055143308603,-0.9608303031886082,-0.9816335320404939,True,0.9816335320404939,T=800us
20,2.3523472793679843,0.005047300170122121,-278.8689816684145,1.1310183315854216,,-0.034179455493287395,-0.008417057511820524,-139.1950103020136,0.8049896979863892,-0.32602863359903245,-0.9942500735858115,True,0.9942500735858115,T=800us
21,2.471296308143199,0.019813362477093564,-274.790662209375,5.209337790624974,,-0.13201513506097762,-0.003102451122316777,-136.40328480792252,3.5967151920774567,-1.6126225985475175,-0.9743091771994468,True,0.9743091771994468,T=800us
0,2.4557396554666293,-0.016889019339361207,-276.45213100364396,3.547868996355978,,0.05517141237332741,0.01539637291052207,-137.48418369156863,2.51581630843134,-1.0320526879246377,-0.9820298835112047,True,0.9820298835112047,T=800us
1,2.34175891544242,-0.009887423958686732,-277.83444912053073,2.1655508794692193,,0.06080373389632389,-0.010139468057303893,-138.42412924543908,1.5758707545609147,-0.5896801249083043,-0.9887437803245649,True,0.9887437803245649,T=800us
2,2.433798441889981,0.01202907137802537,-278.3765823172677,1.62341768273224,,-0.060632020870431166,0.006748415418841313,-138.88607936249696,1.1139206375030193,-0.5094970452292207,-0.9920434240178356,True,0.9920434240178356,T=800us
3,2.5254883543480116,-0.013051696018576486,-272.27002177670295,7.729978223296991,,-0.13772701821819677,0.013926305033438665,-134.6232675482501,5.376732451749873,-2.353245771547119,-0.9615947682017866,True,0.9615947682017866,T=800us
4,2.364348389877809,0.00774226738988802,-279.00142928839347,0.9985707116064685,,-0.047333307531376156,-0.005555319703042773,-139.29582184400624,0.7041781559937448,-0.2943925556127237,-0.9949701560286162,True,0.9949701560286162,T=800us
5,2.404980023401159,-0.01823661142536635,-277.3317815440558,2.6682184559441704,,0.09378521350982111,0.004224280754237376,-138.06979030903264,1.9302096909673492,-0.7380087649768213,-0.9862127879216618,True,0.9862127879216618,T=800us
6,2.4095896246388304,0.010586247463082609,-279.06668220465855,0.9333177953414281,,-0.05148964655834027,0.0035183620097598207,-139.3598285145269,0.6401714854730925,-0.29314630986833556,-0.995427346532335,True,0.995427346532335,T=800us
7,2.3493502307356633,-0.016187499908404204,-276.85819484108293,3.141805158917043,,0.10267817295164168,-0.004307880869379775,-137.7117354982239,2.288264501776087,-0.8535406571409558,-0.9836552535587423,True,0.9836552535587423,T=800us
8,2.3315946975906727,0.030444140492749506,-270.68454547241146,9.315454527588507,,0.12840571583764618,-0.02003421106620338,-133.459856251604,6.5401437483959715,-2.7753107791925355,-0.9532846875114573,True,0.9532846875114573,T=800us
9,2.430097410257883,0.00639698853104803,-279.3026096904029,0.6973903095970703,,-0.022216740788200778,0.006813943869989982,-139.52798995517497,0.47201004482499137,-0.2253802647720789,-0.9966284996798215,True,0.9966284996798215,T=800us
10,2.391516904237915,0.0334210769866837,-271.0432753909131,8.956724609086885,,0.04694418942320732,-0.026896289214329086,-133.76815631693304,6.231843683066936,-2.7248809260199494,-0.9554868308352361,True,0.9554868308352361,T=800us
11,2.3408526491470583,-0.014910546639819227,-276.79558424781294,3.2044157521870007,,0.10056047709295328,-0.005913390384971267,-137.66729379197952,2.3327062080204537,-0.8717095441665467,-0.9833378127998539,True,0.9833378127998539,T=800us
12,2.38200536105959,0.010394539600247006,-279.00401262268775,0.9959873773122129,,-0.057192994195019095,-0.0018112674215998812,-139.3063049134792,0.693695086520778,-0.30229229079143477,-0.9950450350962802,True,0.9950450350962802,T=800us
13,2.452131565857143,-0.04006393505214476,-266.0616331661362,13.938366833863787,,-0.22021365330761006,-0.005441778986239525,-130.18740084820453,9.812599151795451,-4.125767682068337,-0.929910006058604,True,0.929910006058604,T=800us
14,2.291228138777848,-0.0017102665992704145,-275.1781690074172,4.8218309925827505,,0.0992669451599529,-0.01354617243127536,-136.5322795302494,3.467720469750578,-1.3541105228321726,-0.9752305680732102,True,0.9752305680732102,T=800us
15,2.257954523984073,0.016352047774905107,-269.7292581478342,10.27074185216579,,0.19082284796846505,0.0033247728077478336,-132.6581804617694,7.341819538230586,-2.9289223139352023,-0.9475584318697815,True,0.9475584318697815,T=800us
16,2.3683798723870018,-0.02628569623942712,-274.0690101890426,5.93098981095736,,0.1040691744354665,0.016180607607930653,-135.70963154391399,4.290368456086,-1.6406213548713606,-0.9693545110279571,True,0.9693545110279571,T=800us
17,2.4216058263898916,-0.006136194570594685,-279.5081603383869,0.4918396616130674,,0.039304271710999886,0.002127928446021921,-139.64818146056967,0.35181853943030234,-0.14002112218276505,-0.9974870104326407,True,0.9974870104326407,T=800us
18,2.3949622834738844,0.010409471035116418,-279.1235821409812,0.8764178590187366,,-0.05418439904494659,0.0008759428533500691,-139.3946235834816,0.6053764165183714,-0.27104144250036516,-0.9956758827391545,True,0.9956758827391545,T=800us
19,2.4511542717221326,-0.017433181547179682,-276.5025352181104,3.497464781889602,,0.06105832451163532,0.014688997457278615,-137.51501050371368,2.4849894962862917,-1.01247528560331,-0.9822500750265265,True,0.9822500750265265,T=800us
20,2.4337648953975584,0.0010578569960540784,-279.5250564582235,0.47494354177644454,,0.008172164509327591,0.0062124266738173475,-139.67787871462673,0.32212128537324475,-0.1528222564031998,-0.9976991336759053,True,0.9976991336759053,T=800us
21,2.4340648241432192,0.023181462479524146,-275.23072050727745,4.769279492722504,,-0.11725791790605798,-0.008053690979514699,-136.6972968811463,3.302703118853682,-1.4665763738688216,-0.9764092634367594,True,0.9764092634367594,T=800us
0,2.402154366927699,-0.0056884212755703885,-279.73948130165417,0.26051869834576347,,0.02932385069621894,-0.001500813401632918,-139.8062231717986,0.19377682820138128,-0.0667418701443822,-0.9986158797985616,True,0.9986158797985616,T=800us
1,2.3256024425216855,-0.01373218025230146,-276.237678497496,3.76232150250394,,0.10851312971123646,-0.0065840537393979095,-137.26560624140453,2.7343937585954556,-1.027927743908484,-0.9804686160100324,True,0.9804686160100324,T=800us
2,2.416647333420527,-0.01611536454507475,-277.8109782341084,2.1890217658915647,,0.08365561365053958,0.004398837953207294,-138.42119051950507,1.5788094804948931,-0.6102122853966715,-0.9887227894250364,True,0.9887227894250364,T=800us
3,2.457724774968024,0.00435821227305326,-278.4883634397596,1.5116365602403437,,-0.0166928851007221,0.011066446166890042,-138.96421270891605,1.0357872910839405,-0.4758492691564031,-0.9926015193494004,True,0.9926015193494004,T=800us
4,2.2420149220249797,0.005431512207550493,-269.7376063446686,10.26239365533131,,0.1742688584623215,0.012817035683917772,-132.6109108675593,7.389089132440658,-2.8733045228906517,-0.9472207919111382,True,0.9472207919111382,T=800us
5,2.4115268061110045,-0.013269870705768962,-278.53826890645337,1.4617310935465766,,0.07168504419886293,0.001193210218332302,-138.9414581505989,1.0585418494010994,-0.40318924414547724,-0.9924389867899921,True,0.9924389867899921,T=800us
6,2.35732031592187,-0.01307028813587376,-277.8904494380008,2.1095505619991477,,0.07471173974281282,-0.007095828366660041,-138.46048646916904,1.5395135308309496,-0.5700370311681981,-0.9890034747797789,True,0.9890034747797789,T=800us
7,2.4839576345812873,-0.013956527220340709,-275.57438473894024,4.425615261059707,,0.0016817210160498211,0.019703865039355447,-136.8964237345894,3.103576265410567,-1.3220389956491396,-0.9778315981042103,True,0.9778315981042103,T=800us
8,2.4235718589962367,0.003007743391570878,-279.7004862190328,0.29951378096710585,,-0.004193914608129697,0.004946923183122662,-139.8008113047074,0.19918869529259234,-0.10032508567451351,-0.998577223605053,True,0.998577223605053,T=800us
9,2.4656284684299283,0.0001930551739497843,-278.2432549246687,1.7567450753312637,,0.0014378289111685483,0.01230914689376203,-138.78860395500618,1.2113960449937973,-0.5453490303374663,-0.9913471711071872,True,0.9913471711071872,T=800us
10,2.361821294791054,-0.04350572638829192,-264.27669298954817,15.723307010451776,,-0.23492293471385067,-0.0061875101214925775,-128.84860452510048,11.151395474899505,-4.571911535552272,-0.9203471751792892,True,0.9203471751792892,T=800us
11,2.432396544687687,9.524859611007972e-05,-279.57090431121793,0.4290956887820437,,0.01283236668329914,0.005684495473083658,-139.70805873611792,0.2919412638820671,-0.13715442489997662,-0.9979147052579852,True,0.9979147052579852,T=800us
12,2.389471522733419,0.010192951739368036,-279.1242735932848,0.8757264067151724,,-0.05451909365772337,-0.00018618273859749275,-139.3930691706053,0.6069308293946973,-0.26879557732047504,-0.9956647797900379,True,0.9956647797900379,T=800us
13,2.5168370106988323,0.029034306653773614,-267.73336897328517,12.266631026714789,,0.05604674314034735,-0.031260510198945414,-131.5485971428354,8.451402857164581,-3.815228169550207,-0.9396328367345387,True,0.9396328367345387,T=800us
14,2.372485739434961,0.02155049505055438,-275.978604687899,4.021395312100934,,-0.07850493810925778,-0.013935472707245228,-137.19294158297137,2.807058417028606,-1.2143368950723277,-0.9799495827355099,True,0.9799495827355099,T=800us
15,2.3481373547180904,-0.04884200985299638,-259.83555543648174,20.1644445635182,,-0.08037584016725229,-0.04021472495084466,-125.75926353474172,14.240736465258257,-5.923708098259942,-0.8982804538195839,True,0.8982804538195839,T=800us
16,2.4532939258084814,-0.010397798998582203,-277.97640455016057,2.0235954498394118,,0.05260947597413117,0.010392583598522704,-138.57178729214945,1.4282127078505322,-0.5953827419888795,-0.9897984806582105,True,0.9897984806582105,T=800us
17,2.4895672092798495,0.0016635992513482438,-276.71522104628446,3.2847789537155276,,-0.04356121150662219,0.01533623679039878,-137.73257967158023,2.2674203284197616,-1.017358625295766,-0.9838041405112874,True,0.9838041405112874,T=800us
18,2.5454329471013395,0.003085927699708197,-271.40370498061554,8.5962950193844,,-0.16979417961091442,-0.004529360678948246,-134.06149387477106,5.938506125228906,-2.657788894155494,-0.9575820991055078,True,0.9575820991055078,T=800us
19,2.3990810942740395,-0.022153697798758337,-276.0770812462416,3.9229187537583456,,0.10268267465033443,0.009317427595637938,-137.16601332338044,2.833986676619531,-1.0889320771388151,-0.9797572380241462,True,0.9797572380241462,T=800us
20,2.409101945159487,0.013014019438148894,-278.61247620005224,1.3875237999477112,,-0.06639819142258586,0.0026908388525421012,-139.04325171241393,0.9567482875860349,-0.43077551236167627,-0.9931660836600997,True,0.9931660836600997,T=800us
21,2.496201939525459,0.019025237590317854,-273.3465164883525,6.653483511647459,,-0.14293993123191293,-0.007700827188720755,-135.40858600463002,4.591413995369951,-2.062069516277508,-0.9672041857473574,True,0.9672041857473574,T=800us
0,2.393421303817759,0.036212211958167095,-269.50163335163023,10.49836664836971,,0.11458444326589089,-0.024114383658067312,-132.69239367351528,7.307606326484696,-3.190760321885014,-0.9478028119536808,True,0.9478028119536808,T=800us
1,2.3083126870441277,-0.012651968637471032,-275.30264639452355,4.6973536054764295,,0.12538962496696726,-0.005353538064746312,-136.59163817652242,3.4083618234775495,-1.2889917819988803,-0.9756545584037318,True,0.9756545584037318,T=800us
2,2.444494811358941,-0.006245757050270896,-278.8794830270401,1.1205169729598181,,0.04214851180890838,0.007281592891294165,-139.213328545426,0.7866714545739729,-0.3338455183858452,-0.9943809181816144,True,0.9943809181816144,T=800us
3,2.171606818386535,-0.004274683222793589,-259.30742909564594,20.692570904354028,,-0.27040449932221755,-0.008771667338404013,-125.200247163221,14.799752836778985,-5.892818067575043,-0.894287479737293,True,0.894287479737293,T=800us
4,2.371579854408524,-0.03068596665919241,-272.14387655431074,7.856123445689204,,0.04221642156801809,0.02572936589726447,-134.34494280878963,5.65505719121034,-2.2010662544788633,-0.9596067343484975,True,0.9596067343484975,T=800us
5,2.362266887760239,0.0012208104171691568,-279.4062397509116,0.5937602490883519,,-0.0182043690367705,-0.006719259251931903,-139.57138518958774,0.4286148104122429,-0.16514543867610892,-0.9969384656399125,True,0.9969384656399125,T=800us
6,2.47435203611754,-0.008508430574904344,-277.16898135912965,2.8310186408702993,,0.0235198302126454,0.01528042813582097,-138.0207323075326,1.979267692467385,-0.851750948402914,-0.985862373625233,True,0.985862373625233,T=800us
7,2.435247213353153,0.008019909020421198,-278.97816008270155,1.0218399172984005,,-0.03268517323932872,0.007729933162335914,-139.30408974460693,0.6959102553930507,-0.32592966190534983,-0.9950292124614782,True,0.9950292124614782,T=800us
8,2.452260236794742,-0.023736999140829353,-274.3816603796656,5.618339620334357,,0.025164196361237633,0.021976550703458542,-136.01044307081645,3.9895569291835256,-1.6287826911508316,-0.9715031647915462,True,0.9715031647915462,T=800us
9,2.379701468145649,0.038129830180294935,-268.2114345258538,11.78856547414616,,0.1766293907065852,-0.015785168615070275,-131.77041895841054,8.229581041589421,-3.558984432556739,-0.9412172782743613,True,0.9412172782743613,T=800us
10,2.3154368726742107,0.023931712907699607,-272.5123977244381,7.487602275561869,,0.08318447092638441,-0.021988050631611925,-134.7276247241851,5.272375275814887,-2.2152269997469816,-0.9623401766013222,True,0.9623401766013222,T=800us
11,2.3223488898594966,-0.024277617610641698,-272.8334024370677,7.166597562932242,,0.118352637053558,0.017196095704505643,-134.80059669883997,5.199403301160021,-1.9671942617722211,-0.9628614049917141,True,0.9628614049917141,T=800us
12,2.2881450788108313,-0.023124910089390223,-270.65414645482684,9.345853545173096,,0.08332697393318185,0.02589636205831946,-133.22706003560546,6.772939964394515,-2.57291358077858,-0.951621857397182,True,0.951621857397182,T=800us
13,2.5722165283576586,-0.009883394827402756,-267.3454659147094,12.654534085290571,,-0.14279624764029084,-0.024119046693935334,-131.24128847186736,8.758711528132611,-3.895822557157959,-0.9374377747990528,True,0.9374377747990528,T=800us
14,2.276353096337841,-0.0006758107676326326,-273.8113254614632,6.188674538536772,,0.13629738203028083,-0.009381788755755077,-135.54782051314274,4.452179486857235,-1.736495051679537,-0.9681987179510197,True,0.9681987179510197,T=800us
15,2.371394404950579,-0.016731039316524032,-277.4281505993291,2.5718494006708412,,0.09476665817141501,-0.002472498649919725,-138.12618870915244,1.873811290847545,-0.6980381098232962,-0.9866156336368033,True,0.9866156336368033,T=800us
16,2.473249522656756,-0.04528849980769024,-261.4207736264915,18.579226373508487,,-0.045631671275983936,-0.039685299514359715,-126.98728070948475,13.012719290515227,-5.56650708299326,-0.9070520050677484,True,0.9070520050677484,T=800us
17,2.3827546454713855,-0.020776424012534798,-276.42835395120153,3.571646048798451,,0.10916873186953763,0.004672496586110712,-137.4088934724447,2.591106527555272,-0.9805395212431788,-0.981492096231748,True,0.981492096231748,T=800us
18,2.3613918392758073,-0.007543679414252185,-278.9360558377786,1.0639441622213441,,0.032440511350269305,-0.008404630729003756,-139.22033869753858,0.7796613024614103,-0.2842828597599338,-0.9944309906967043,True,0.9944309906967043,T=800us
19,2.386608643793067,-0.027992184625733173,-273.6640841877988,6.3359158122011605,,0.07778708950950922,0.020419538655509367,-135.4352922684526,4.5647077315473705,-1.7712080806537902,-0.9673949447746616,True,0.9673949447746616,T=800us
20,2.3269035284313553,0.004860469138165779,-277.63390158497845,2.3660984150214928,,-0.01066614280392589,-0.014425312953559968,-138.313590550829,1.6864094491709947,-0.6796889658504982,-0.9879542182202071,True,0.9879542182202071,T=800us
21,2.490151501249783,-0.026023328862802918,-271.2823069958497,8.71769300415025,,-0.12340542350938583,0.019507199559181867,-133.8780570892678,6.121942910732176,-2.5957500934180744,-0.956271836351913,True,0.956271836351913,T=800us
0,2.5241045875085404,-0.010417560655358179,-272.90223441224555,7.097765587754428,,-0.12455938603965337,0.014982630344774683,-135.0680593569078,4.931940643092169,-2.1658249446622593,-0.9647718525493416,True,0.9647718525493416,T=800us
1,2.4998708931229427,0.03152501783207383,-268.00618036563594,11.993819634364016,,0.06566995409634604,-0.030410866820540616,-131.72910740052728,8.270892599472702,-3.722927034891314,-0.9409221957180521,True,0.9409221957180521,T=800us
2,2.4505248602945695,-0.014539833336594473,-277.2679891726053,2.7320108273946393,,0.06251699045671309,0.01195295918995607,-138.06094074844484,1.9390592515551297,-0.7929515758395097,-0.9861495767746062,True,0.9861495767746062,T=800us
3,2.32967862798917,-0.03638541981315358,-267.4031504111114,12.596849588888515,,-0.14633914551581062,0.024270175925404227,-130.9796119177652,9.020388082234776,-3.5764615066537395,-0.9355686565554658,True,0.9355686565554658,T=800us
4,2.448670329420955,0.007997521091847874,-278.5214295668104,1.4785704331895504,,-0.03628774132083836,0.009635687971932408,-138.98884699362088,1.0111530063790937,-0.46741742681045684,-0.9927774785258636,True,0.9927774785258636,T=800us
5,2.161074979795908,-0.01710594681898269,-255.25580548459521,24.744194515404754,,-0.024559047033034055,-0.04671051503452211,-122.43823249355394,17.561767506446046,-7.182427008958711,-0.8745588035253854,True,0.8745588035253854,T=800us
6,2.4540762429067278,-0.005506065930936642,-278.5639770514621,1.436022948537868,,0.03584445339985632,0.009624731813472861,-138.9970614941786,1.002938505821376,-0.4330844427164919,-0.9928361535298473,True,0.9928361535298473,T=800us
7,2.4331748272823326,0.004549858323861166,-279.38467970348773,0.6153202965122184,,-0.010964442718180631,0.006995592690784216,-139.5842762370152,0.4157237629848009,-0.19959653352741746,-0.9970305445501085,True,0.9970305445501085,T=800us
8,2.3510898841127923,0.007707639166543748,-278.5482774309131,1.451722569086814,,-0.04404253961260142,-0.00888873801413196,-138.9723199458995,1.0276800541004716,-0.4240425149863424,-0.9926594281849966,True,0.9926594281849966,T=800us
9,2.2280833145461036,-0.027193965335783346,-262.25611021977403,17.74388978022594,,-0.25499638268648167,0.0008014859432451764,-127.30700128656638,12.692998713433596,-5.050891066792342,-0.9093357234754743,True,0.9093357234754743,T=800us
10,2.38067356686021,-0.023064938044701846,-275.5953414031674,4.404658596832559,,0.11199800752858306,0.009005293396747861,-136.80951289434321,3.190487105656753,-1.2141714911758057,-0.977210806388166,True,0.977210806388166,T=800us
11,2.4420164304725995,-0.005157948383624443,-279.06610139806713,0.9338986019327964,,0.03792557739117713,0.006711304390534214,-139.34611176559991,0.653888234400055,-0.2800103675327414,-0.9953293697542853,True,0.9953293697542853,T=800us
12,2.4011467522133594,0.0103548038497624,-279.14249844562335,0.8575015543766005,,-0.05220064642910211,0.002056664047693712,-139.40993819059204,0.5900618094079385,-0.267439744968662,-0.9957852727899433,True,0.9957852727899433,T=800us
13,2.4539238792334817,0.031120041805654742,-271.07266377513236,8.927336224867574,,-0.03248931155655953,-0.027305760493623665,-133.825069963949,6.174930036050967,-2.7524061888166065,-0.9558933568853503,True,0.9558933568853503,T=800us
14,2.3322397447841854,0.005196651881142527,-277.9121429082283,2.0878570917716313,,-0.01931512688358463,-0.013285908943313787,-138.5129247364218,1.4870752635781708,-0.6007818281934606,-0.9893780338315845,True,0.9893780338315845,T=800us
15,2.3074866561461587,0.010556513694581913,-275.629858442366,4.370141557633947,,0.02433810433445233,-0.01930861333752049,-136.8991356796032,3.1008643203967714,-1.2692772372371757,-0.977850969140023,True,0.977850969140023,T=800us
16,2.4989370578199352,-0.009608870871321772,-275.2861832152301,4.71381678476984,,-0.03560245877816006,0.01945529292123695,-136.71577298138962,3.2842270186103684,-1.4295897661594714,-0.9765412355813545,True,0.9765412355813545,T=800us
17,2.2567532143346356,0.007865453119845498,-271.2357969487608,8.76420305123915,,0.17725883639167772,-0.0008191368665390678,-133.71301571915714,6.286984280842822,-2.477218770396327,-0.9550929694225513,True,0.9550929694225513,T=800us
18,2.3686869928023975,0.01064418947757822,-278.6936429630767,1.3063570369232855,,-0.05922770312743104,-0.005005844045950872,-139.08403414198133,0.9159658580186487,-0.3903911789046368,-0.9934573867284382,True,0.9934573867284382,T=800us
19,2.3800649740254447,0.006555597164818983,-279.49399229943,0.5060077005700032,,-0.03959880212057604,-0.002047486264339353,-139.64612328368696,0.35387671631301143,-0.1521309842569918,-0.9974723091691928,True,0.9974723091691928,T=800us
20,2.3944566338829163,-0.033067797829185834,-271.24787760500027,8.752122394999668,,-0.022996628859279503,0.027749352915432013,-133.73748941932652,6.2625105806734656,-2.4896118143262034,-0.9552677815666181,True,0.9552677815666181,T=800us
21,2.3236223778736687,-0.013070123377469241,-276.258380480616,3.741619519383952,,0.1063891958020116,-0.007267813239969837,-137.28170701653534,2.718292983464644,-1.0233265359193082,-0.9805836215466811,True,0.9805836215466811,T=800us
0,2.4906107832133997,0.019027247750169184,-273.7677798322842,6.2322201677157665,,-0.14135667637642005,-0.00584403275222395,-135.6989853434857,4.30101465651427,-1.9312055112014972,-0.9692784667391838,True,0.9692784667391838,T=800us
1,2.383433036526825,-0.040392821096148876,-266.84746042396137,13.152539576038611,,-0.20173227251359024,0.012573218534678566,-130.6550487393362,9.344951260663786,-3.8075883153748253,-0.9332503481381158,True,0.9332503481381158,T=800us
2,2.469257404551756,0.013201198083531122,-276.65178180592324,3.348218194076698,,-0.09358456202583182,0.008106424931556253,-137.69478831332427,2.305211686675711,-1.043006507400987,-0.9835342022380307,True,0.9835342022380307,T=800us
3,2.3895034664961394,0.004664183585146909,-279.7810594003344,0.21894059966554782,,-0.026993466929144776,-0.0005189982510953171,-139.84888619608364,0.15111380391632914,-0.06782679574921868,-0.998920615686312,True,0.998920615686312,T=800us
4,2.399227156930907,-0.020255447242266158,-276.72059805531865,3.279401944681333,,0.10120538576816522,0.006055117789574619,-137.6275139934943,2.3724860065056887,-0.9069159381756442,-0.9830536713821022,True,0.9830536713821022,T=800us
5,2.38824086607856,0.0062012526519027306,-279.63608520681663,0.3639147931833156,,-0.03497885785327081,-0.00045854482324344864,-139.74827951282413,0.25172048717585643,-0.11219430600745915,-0.9982019965201725,True,0.9982019965201725,T=800us
6,2.446477055071676,-0.009698679520455201,-278.3659134420738,1.634086557926176,,0.05442014857777037,0.008304069852064642,-138.84440314697858,1.155596853021403,-0.47848970490477316,-0.9917457367641328,True,0.9917457367641328,T=800us
7,2.373403970893905,-0.0021982857519203414,-279.6721587923202,0.3278412076797263,,0.000504515868751344,-0.005515965242475618,-139.75677140553438,0.2432285944655956,-0.08461261321413069,-0.9982626528966743,True,0.9982626528966743,T=800us
8,2.609334092691075,0.013099130876019627,-261.2638765510228,18.736123448977153,,0.24887846923567358,-0.009684512226053217,-127.13721604927129,12.862783950728694,-5.873339498248459,-0.9081229717805093,True,0.9081229717805093,T=800us
9,2.310059706347127,0.02785326577686432,-270.50970469893815,9.490295301061792,,0.1540185413747572,-0.015509664546135513,-133.30841527906443,6.691584720935552,-2.7987105801262415,-0.9522029662790318,True,0.9522029662790318,T=800us
10,2.465332653657114,-0.005284769963199521,-278.0360831718312,1.9639168281687442,,0.02638340047089702,0.012384364093965603,-138.63187462188128,1.368125378118708,-0.5957914500500365,-0.9902276758705807,True,0.9902276758705807,T=800us
11,2.423084648680298,0.01390479054374958,-278.2368004655293,1.7631995344706226,,-0.07214956984978117,0.0043814821422206805,-138.78584000723683,1.214159992763149,-0.5490395417074735,-0.9913274286231204,True,0.9913274286231204,T=800us
12,2.4537719871994956,-0.010691960599078317,-277.90596987615186,2.0940301238481265,,0.052995433346386595,0.010640930764231024,-138.52173484001523,1.4782651599847596,-0.6157649638633668,-0.989440963142966,True,0.989440963142966,T=800us
13,2.3291958633603396,0.009487232003616572,-277.23726509549783,2.7627349045021203,,-0.02632778402482878,-0.015070806990699933,-138.04297830517388,1.9570216948260886,-0.8057132096760319,-0.9860212736083851,True,0.9860212736083851,T=800us
14,2.299251966521245,0.003281591335550533,-275.7922608310614,4.207739168938546,,0.057251454580438864,-0.01711189765689591,-136.99084512583138,3.0091548741685963,-1.19858429476995,-0.9785060366130814,True,0.9785060366130814,T=800us
15,2.511262567700561,-0.021706213972422967,-271.21557126463506,8.784428735364878,,-0.14605336665569563,0.015190470854129588,-133.8597925732647,6.140207426735251,-2.6442213086296285,-0.9561413755233197,True,0.9561413755233197,T=800us
16,2.519870664909095,0.023705527641084054,-269.6917421629589,10.308257837041051,,-0.062224030417588706,-0.028110699209491878,-132.8945708771705,7.105429122829465,-3.202828714211586,-0.9492469348369323,True,0.9492469348369323,T=800us
17,2.2710654309284455,-0.0003341605255214264,-273.2803094741428,6.71969052585712,,0.14861435211854562,-0.006987579256964135,-135.16426985474303,4.835730145256961,-1.8839603806001592,-0.9654590703910217,True,0.9654590703910217,T=800us
18,2.4630090960504285,-0.013348234720804472,-276.9565103379272,3.043489662072704,,0.046520522625719075,0.014607180500479988,-137.85269210962917,2.147307890370812,-0.8961817717018918,-0.9846620864973513,True,0.9846620864973513,T=800us
19,2.3418959263352677,0.020824969562499962,-275.1561366946478,4.843863305352153,,-0.03056791491041779,-0.02003093339367877,-136.60213790034624,3.397862099653753,-1.4460012056984002,-0.9757295564310446,True,0.9757295564310446,T=800us
20,2.298927938557735,0.019358483133184508,-272.85680409510604,7.14319590489389,,0.09628159080203591,-0.019910657609158906,-134.94816067341054,5.051839326589448,-2.091356578304442,-0.963915433381504,True,0.963915433381504,T=800us
21,2.3623104787809566,-0.005017834780052319,-279.2182550527194,0.781744947280511,,0.015888081747849527,-0.008080076274399078,-139.42656973351868,0.5734302664813107,-0.2083146807992004,-0.9959040695251334,True,0.9959040695251334,T=800us
0,2.3127784161822884,-0.004698207843896986,-276.728637163988,3.271362836011954,,0.06391998064011957,-0.01382043136569602,-137.64018386794484,2.359816132055122,-0.9115467039568322,-0.9831441704853205,True,0.9831441704853205,T=800us
1,2.3201902982107345,0.002761050073959569,-277.34543803485644,2.654561965143535,,0.008720803502134855,-0.015346159457399897,-138.1021916788626,1.8978083211373933,-0.7567536440061418,-0.9864442262775901,True,0.9864442262775901,T=800us
2,2.3191885937300616,-0.004812954220739478,-277.15602395281337,2.843976047186604,,0.05258134267109473,-0.01364698929944665,-137.94710654485948,2.0528934551405063,-0.7910825920460977,-0.9853364753204249,True,0.9853364753204249,T=800us
3,2.4450300696047953,0.003833590200603014,-279.0542576796588,0.9457423203411678,,-0.007660294731204957,0.00889597292903091,-139.35549059096164,0.6445094090383348,-0.30123291130283303,-0.9953963613640119,True,0.9953963613640119,T=800us
4,2.2929345000105625,0.008868223022210953,-274.7211029546892,5.278897045310775,,0.07077643883932969,-0.018508676847800047,-136.24114396035702,3.7588560396429584,-1.5200410056678169,-0.9731510282882646,True,0.9731510282882646,T=800us
5,2.2659753836088465,0.02879245248884201,-266.12154611404327,13.878453885956663,,0.16678488388047558,0.023269969370637498,-130.0964060677543,9.90359393224568,-3.974859953710981,-0.9292600433411022,True,0.9292600433411022,T=800us
6,2.3509720139629278,-0.027140129922964974,-273.13126889058424,6.868731109415719,,0.09820990489515695,0.01941267612988987,-135.0290111551597,4.970988844840267,-1.8977422645754514,-0.9644929368225695,True,0.9644929368225695,T=800us
7,2.495527658985924,-0.0023270710656589136,-276.24835250276107,3.7516474972388814,,-0.038502213916575635,0.01694642794304045,-137.40183201123656,2.5981679887634184,-1.1534795084754632,-0.9814416572231185,True,0.9814416572231185,T=800us
8,2.3257762956362993,-0.003237200988385996,-277.67156120767186,2.328438792328083,,0.03146160820991112,-0.013593088104765819,-138.32090530903963,1.679094690960355,-0.649344101367728,-0.9880064664931403,True,0.9880064664931403,T=800us
9,2.521766935556055,0.008922285433579839,-273.36335517467285,6.636644825327124,,-0.15028701643032896,0.0020943191127342944,-135.42047333313658,4.579526666863382,-2.057118158463742,-0.9672890952366902,True,0.9672890952366902,T=800us
10,2.3585343898342264,-0.028500895715299925,-272.8052428678445,7.194757132155441,,0.08077550650576507,0.022003011014294166,-134.8023645836752,5.197635416324764,-1.9971217158306767,-0.9628740327405374,True,0.9628740327405374,T=800us
11,2.349166698583958,-0.003639665856622152,-278.83902355795976,1.160976442040202,,0.011304137840161422,-0.010111592170653182,-139.1566851538629,0.8433148461370936,-0.31766159590310844,-0.9939763225275922,True,0.9939763225275922,T=800us
12,2.5610019538874953,-0.004008139861567457,-269.46567483476247,10.534325165237512,,-0.17310126268491488,-0.012704142912741483,-132.71332174368456,7.286678256315427,-3.247646908922085,-0.9479522981691755,True,0.9479522981691755,T=800us
13,2.4110154938472803,-0.025318376647533582,-274.82705886742025,5.17294113257972,,0.08078232058929105,0.017286593966187525,-136.28318731168977,3.716812688310218,-1.4561284442695024,-0.9734513379406413,True,0.9734513379406413,T=800us
14,2.3237850692300466,-0.00795861730174009,-277.12754442602164,2.8724555739783257,,0.06766465118407927,-0.011981938060002128,-137.91917320631694,2.0808267936830505,-0.7916287802952753,-0.9851369514736925,True,0.9851369514736925,T=800us
15,2.320664609307469,0.006763716987946774,-277.0713263678685,2.9286736321314755,,-0.005372890203409909,-0.01612049466111755,-137.91710087384877,2.082899126151201,-0.8457745059802746,-0.98512214909892,True,0.98512214909892,T=800us
16,2.3970727208286853,0.0053068254929592475,-279.77140869679647,0.22859130320346838,,-0.02677826917488161,0.0010115619474895397,-139.8452251108465,0.154774889153461,-0.0738164140500074,-0.9988944650774753,True,0.9988944650774753,T=800us
17,2.4043160297411017,0.009577759249769276,-279.2592065980799,0.7407934019200465,,-0.04688582419599934,0.0027140382864453225,-139.4922044241199,0.5077955758800665,-0.23299782603997996,-0.9963728887437138,True,0.9963728887437138,T=800us
18,2.4758263884772553,0.0027571174490130146,-277.59698884616466,2.4030111538352994,,-0.02562537158085795,0.013794514902737936,-138.34488089167638,1.6551191083235899,-0.7478920455117096,-0.9881777206548314,True,0.9881777206548314,T=800us
19,2.490495312374834,-0.020780590983226842,-273.2183871990528,6.781612800947131,,-0.06161675486290605,0.0223334189946313,-135.2390988781091,4.760901121890883,-2.020711679056248,-0.9659935634150651,True,0.9659935634150651,T=800us
20,2.3771143306105946,0.003406589759668702,-279.6930698188864,0.3069301811135509,,-0.02586805176213216,-0.003197273090527984,-139.78149214214318,0.21850785785680268,-0.08842232325674822,-0.9984392295867371,True,0.9984392295867371,T=800us
21,2.39442953470336,-0.015286561584131206,-278.1196444620933,1.8803555379066608,,0.08184033969914109,-0.0007671884288397824,-138.6319754007544,1.3680245992455522,-0.5123309386611086,-0.9902283957196746,True,0.9902283957196746,T=800us
0,2.461419144503655,-0.013213588124971639,-277.06557025743416,2.9344297425657677,,0.04874387811323457,0.014087591282513285,-137.92867485419382,2.0713251458061515,-0.8631045967596164,-0.9852048203870989,True,0.9852048203870989,T=800us
1,2.2802249561043326,-0.015624658308735235,-272.24109139768757,7.758908602312391,,0.14818968595808354,0.012301513870017563,-134.37000326655067,5.629996733449322,-2.128911868863069,-0.9597857376182192,True,0.9597857376182192,T=800us
2,2.4160767832943546,-0.042119825022003746,-265.7150858185233,14.2849141814767,,-0.22585876726070991,-0.002216637227011122,-129.90585373695745,10.094146263042536,-4.190767918434164,-0.9278989552639819,True,0.9278989552639819,T=800us
3,2.4455715278742636,-0.043873521242794866,-263.7672015803577,16.23279841964222,,-0.18691235269322398,-0.0235914861333059,-128.58507291113784,11.414927088862132,-4.817871330780084,-0.9184648065081276,True,0.9184648065081276,T=800us
4,2.343638462472277,0.00456290389194338,-278.53709090698214,1.462909093017784,,-0.027801621937465618,-0.010521650275953608,-138.95718866181002,1.0428113381899509,-0.42009775482783324,-0.9925513475843575,True,0.9925513475843575,T=800us
5,2.470380551221356,0.02174536909658746,-274.20162433777523,5.798375662224702,,-0.13266751568728388,-0.007513213580747102,-135.99462700794962,4.0053729920503605,-1.7930026701743416,-0.971390192913926,True,0.971390192913926,T=800us
6,2.274435028339292,0.018853744119279557,-270.7827989596859,9.21720104031406,,0.1744299023100924,-0.0076750655677859,-133.44208360887265,6.557916391127332,-2.659284649186729,-0.9531577400633762,True,0.9531577400633762,T=800us
7,2.5128935369565135,-0.031169602412070205,-267.0694470119237,12.930552988076236,,-0.20561329116905905,-0.009041516463631528,-130.96081635160837,9.0391836483916,-3.8913693396846374,-0.9354344025114886,True,0.9354344025114886,T=800us
8,2.4330439504008488,-0.0066855632734132055,-279.1964367716459,0.8035632283540884,,0.04435921809070022,0.004569979677101105,-139.43116942523196,0.5688305747680094,-0.2347326535860792,-0.9959369244659428,True,0.9959369244659428,T=800us
9,2.323891050364131,-0.0048617290106203635,-277.4514175073406,2.5485824926593916,,0.04510346458741839,-0.013354335346183055,-138.1591542980052,1.8408457019947804,-0.7077367906646114,-0.9868511021286087,True,0.9868511021286087,T=800us
10,2.3151566336756257,-0.0059787608992632815,-276.78496232690486,3.215037673095077,,0.06798042419131478,-0.013142635809813737,-137.67739524095998,2.322604759040005,-0.8924329140550721,-0.9834099660068572,True,0.9834099660068572,T=800us
11,2.38979195625473,-0.018149397621968356,-277.3246644713426,2.675335528657375,,0.09734296748603823,0.001502278113443206,-138.05713089985963,1.9428691001403473,-0.7324664285170275,-0.986122363570426,True,0.986122363570426,T=800us
12,2.331567041378092,0.007136102359040636,-277.68374737690675,2.3162526230932095,,-0.024662403317198114,-0.013794082855854779,-138.35487215150474,1.6451278484952472,-0.671124774597962,-0.9882490867964625,True,0.9882490867964625,T=800us
13,2.369665325154581,0.010725431915637244,-278.70440577608576,1.2955942239142086,,-0.05960632599070022,-0.00478695371038156,-139.09201054814034,0.9079894518596432,-0.38760477205456534,-0.9935143610581454,True,0.9935143610581454,T=800us
14,2.509796162297673,-0.01339775901286237,-273.6769048890193,6.3230951109806535,,-0.08236302969013956,0.019463398033213328,-135.59157449939906,4.4084255006009165,-1.9146696103797374,-0.9685112464242792,True,0.9685112464242792,T=800us
15,2.4678268940086414,-0.0013882770182224696,-278.1089044678099,1.8910955321900405,,0.0072404064495839955,0.012738559645194148,-138.69233935967736,1.307660640322623,-0.5834348918674175,-0.9906595668548384,True,0.9906595668548384,T=800us
16,2.3725222949266986,-0.018466890833780402,-276.9656737586887,3.034326241311243,,0.1043025652469589,-6.847262978019428e-05,-137.79231669851364,2.2076833014863317,-0.8266429398249113,-0.9842308335608119,True,0.9842308335608119,T=800us
17,2.3754827122931244,-0.006109512570764091,-279.4558800242964,0.5441199757035678,,0.02283972077907114,-0.006093627215882381,-139.59656270234723,0.40343729765275826,-0.14068267805080958,-0.997118305016766,True,0.997118305016766,T=800us
18,2.329842580475829,0.017630447018781133,-275.5093605828117,4.490639417188243,,-0.018901858163237455,-0.019654089909236512,-136.83959937568693,3.1604006243130383,-1.3302387928752053,-0.9774257098263355,True,0.9774257098263355,T=800us
19,2.5437249252577896,-0.022279498973359735,-267.7085335803599,12.29146641964002,,-0.1923351720488258,-0.012186724031784718,-131.44718821533635,8.552811784663634,-3.7386546349763883,-0.9389084872524026,True,0.9389084872524026,T=800us
20,2.531605631619194,-0.007850552572260402,-272.51090002985427,7.4890999701456975,,-0.14427236493394532,0.011192509179756787,-134.80537573825643,5.19462426174354,-2.294475708402157,-0.9628955409875462,True,0.9628955409875462,T=800us
21,2.5418226510736517,0.03130792466539145,-264.0574089975928,15.942591002407173,,0.21509336244626873,-0.015113845580177173,-129.02379961033017,10.976200389669804,-4.96639061273737,-0.9215985686452157,True,0.9215985686452157,T=800us
0,2.4092286657803754,-0.006758057032412988,-279.60013612677517,0.3998638732247808,,0.03774618922114247,-0.00038180848402133536,-139.70770915247041,0.2922908475295666,-0.10757302569521422,-0.9979122082319317,True,0.9979122082319317,T=800us
1,2.4432869796131813,-0.005705587723384731,-278.9743319715539,1.0256680284460227,,0.04011052547010036,0.006989823042665006,-139.28081435451543,0.7191856454845466,-0.3064823829614761,-0.9948629596751104,True,0.9948629596751104,T=800us
2,2.5009019724513957,-0.0389504236497033,-263.74022537557516,16.259774624424786,,-0.13700653686753958,-0.030804757079853872,-128.62844377921928,11.3715562207807,-4.888218403644085,-0.918774598422995,True,0.918774598422995,T=800us
3,2.3196193170206936,0.00011694709731130222,-277.3691897576237,2.6308102423762483,,0.022102076337791723,-0.014955792118182556,-138.11240404932437,1.8875959506756075,-0.7432142917006408,-0.9865171717808885,True,0.9865171717808885,T=800us
4,2.3238807040619816,-0.017003669979968227,-275.3288824006308,4.671117599369145,,0.12952244987895345,-0.0009005041982956784,-136.60379019345595,3.396209806544038,-1.2749077928251071,-0.9757413585246855,True,0.9757413585246855,T=800us
5,2.3629841486784895,0.020336768150727692,-276.1344992308628,3.8655007691371797,,-0.07051095923568304,-0.014540528784615496,-137.29692026707133,2.7030797329286442,-1.1624210362085352,-0.9806922876219383,True,0.9806922876219383,T=800us
6,2.367109285960795,-0.024922981240626925,-274.5932637397721,5.406736260227863,,0.11321730212050343,0.012845694457913117,-136.0836785863504,3.9163214136495705,-1.4904148465782923,-0.9720262756167888,True,0.9720262756167888,T=800us
7,2.5534638211014715,0.005372386668514413,-270.2987082747676,9.70129172523238,,-0.16056362067494126,-0.013800455249949705,-133.30262172787795,6.697378272122025,-3.0039134531103544,-0.9521615837705569,True,0.9521615837705569,T=800us
8,2.2950230443003754,-0.01710284222438433,-273.1900454117484,6.809954588251564,,0.14763884376988282,0.008345621445996092,-135.05509019467604,4.944909805323941,-1.865044782927623,-0.9646792156762576,True,0.9646792156762576,T=800us
9,2.4904386810825763,-0.002803011467864793,-276.61112655448744,3.3888734455125165,,-0.024421202219489697,0.01668980502398737,-137.65177725116496,2.348222748835009,-1.0406506966775075,-0.9832269803654642,True,0.9832269803654642,T=800us
10,2.429316930574561,-0.015544201928940812,-277.71746944813674,2.2825305518632413,,0.07828494560965235,0.006975182210663674,-138.3631852527517,1.6368147472482812,-0.6457158046149603,-0.9883084660910837,True,0.9883084660910837,T=800us
11,2.4523480887514277,-0.014895595736742618,-277.1078596184604,2.8921403815395403,,0.06080527031157912,0.012740700275096828,-137.94840897308006,2.0515910269199202,-0.84054935461962,-0.9853457783791434,True,0.9853457783791434,T=800us
12,2.32246727113907,-0.015476521608841338,-275.63724183910006,4.362758160899905,,0.12328693638515609,-0.0034752327102500384,-136.82874246354828,3.1712575364516957,-1.1915006244482096,-0.9773481604539165,True,0.9773481604539165,T=800us
13,2.419401125973504,0.013239491514947027,-278.44511479671047,1.5548852032895015,,-0.06744014768630029,0.004228826272101179,-138.92985509729408,1.070144902705889,-0.48474030058361284,-0.992356107837815,True,0.992356107837815,T=800us
14,2.326207600579705,0.011871205765083822,-276.6548888008954,3.345111199104551,,-0.022723419791377562,-0.016813051754313833,-137.63513423566928,2.364865764330705,-0.9802454347738457,-0.983108101683352,True,0.983108101683352,T=800us
15,2.4165807725078503,0.009802731075753558,-279.1195349327284,0.8804650672715255,,-0.0452865038676942,0.004779219645652815,-139.3985811211417,0.6014188788582823,-0.27904618841324325,-0.995704150865298,True,0.995704150865298,T=800us
16,2.4204082616122107,-0.004617650728029829,-279.6592479335495,0.34075206645042305,,0.03176164520470813,0.002130276312300797,-139.75753753359055,0.24246246640943767,-0.09828960004098536,-0.9982681252399326,True,0.9982681252399326,T=800us
17,2.3702151563075073,-0.01015228624274805,-278.81354772208465,1.1864522779153246,,0.049053709030305,-0.006886278620388197,-139.12966981085572,0.8703301891442596,-0.31612208877106496,-0.9937833557918268,True,0.9937833557918268,T=800us
18,2.3116595917487888,-0.0012880179912479752,-276.8123412335247,3.187658766475274,,0.04551256126816972,-0.015285720958688796,-137.70949344338374,2.2905065566162555,-0.8971522098590181,-0.9836392388813124,True,0.9836392388813124,T=800us
19,2.3117697716298973,0.005981819386383201,-276.54748279602575,3.4525172039742027,,0.016254475753927477,-0.017348122680296854,-137.5405889346916,2.459411065308365,-0.9931061386658377,-0.9824327781049402,True,0.9824327781049402,T=800us
20,2.4800565743905896,0.024603995469851616,-272.5521045015745,7.447895498425492,,-0.11731289422813958,-0.017173463056648318,-134.85592699215132,5.144073007848639,-2.303822490576853,-0.9632566213725097,True,0.9632566213725097,T=800us
21,2.4348695142645838,0.006501442416836173,-279.165209007718,0.8347909922820069,,-0.02278005139590759,0.007590931466398504,-139.43335467933247,0.5666453206675064,-0.26814567161450054,-0.9959525334238035,True,0.9959525334238035,T=800us
0,2.4042192693072564,-0.029575555636910746,-273.00163469362735,6.99836530637261,,-0.07037971532055388,0.02220164932296381,-135.0509171451753,4.9490828548246615,-2.0492824515479477,-0.9646494081798238,True,0.9646494081798238,T=1000us
1,2.3742879723786605,0.014505993294703477,-278.0478823931144,1.9521176068855712,,-0.05483380872353426,-0.009747013760118058,-138.62702288146946,1.3729771185305137,-0.5791404883550574,-0.9901930205819249,True,0.9901930205819249,T=1000us
2,2.369541933576857,0.00767261434085601,-279.1502428454508,0.8497571545491374,,-0.03549712153159181,-0.0065882047523620575,-139.39559579488648,0.6044042051134938,-0.24535294943564356,-0.9956828271063322,True,0.9956828271063322,T=1000us
3,2.4460998011824775,0.0072333512401178,-278.7137841080254,1.2862158919745976,,-0.04875489447228878,0.007014788904954185,-139.1213491743846,0.8786508256153853,-0.4075650663592122,-0.9937239226741759,True,0.9937239226741759,T=1000us
4,2.4779329198117126,0.03500791272486001,-267.7312322508486,12.268767749151355,,0.20819183391715826,0.0018475101178032922,-131.38189049720373,8.618109502796239,-3.6506582463551154,-0.9384420749800269,True,0.9384420749800269,T=1000us
5,2.4172385907899008,-0.020096287934053655,-276.6506308201456,3.3493691798543956,,0.05357933647808968,0.014960979348044516,-137.6250846600605,2.374915339939465,-0.9744538399149303,-0.9830363190004324,True,0.9830363190004324,T=1000us
6,2.3846693680245474,-0.016643485430807087,-277.6899225754362,2.3100774245637665,,0.08508802388462079,0.004854899060388588,-138.33853159856253,1.6614684014374599,-0.6486090231263069,-0.988132368561161,True,0.988132368561161,T=1000us
7,2.434038620121545,-0.013391877125728613,-278.0930401324022,1.906959867597735,,0.0485823258547885,0.010385571969315803,-138.65599460925355,1.3440053907464102,-0.5629544768513249,-0.9903999614946685,True,0.9903999614946685,T=1000us
8,2.4194798007889227,-0.01476824104672719,-278.1016539452582,1.898346054741772,,0.062267236866602245,0.008349118327912151,-138.65204875309558,1.3479512469043962,-0.5503948078373759,-0.9903717768078257,True,0.9903717768078257,T=1000us
9,2.4906862644033243,-0.004951426829781024,-276.4598482877038,3.5401517122961943,,-0.068364837163817,0.013707790938473303,-137.54546474322044,2.4545352567795415,-1.0856164555166528,-0.9824676053087176,True,0.9824676053087176,T=1000us
10,2.4342764059034208,-0.02072827743151154,-276.0857491452646,3.9142508547353794,,0.02099845189787642,0.01828250584437158,-137.23837002716942,2.761629972830565,-1.152620881904814,-0.9802740716226388,True,0.9802740716226388,T=1000us
11,2.268711227041738,-0.01479535094672114,-271.2871490166479,8.71285098335208,,0.018121174562827573,0.027767069746927657,-133.7706070783892,6.229392921610794,-2.483458061741287,-0.9555043362742086,True,0.9555043362742086,T=1000us
12,2.3804720200941234,0.016225208254486406,-277.7399760562577,2.260023943742227,,-0.06045750878776435,-0.010250575997266927,-138.4145639420635,1.5854360579364755,-0.6745878858057516,-0.9886754567290251,True,0.9886754567290251,T=1000us
13,2.4833652215798403,-0.00019920814685024877,-277.17100738892384,2.828992611076108,,-0.06175052476434325,0.012131647868779872,-138.04591672838052,1.9540832716194534,-0.8749093394566547,-0.9860422623455753,True,0.9860422623455753,T=1000us
14,2.449192219599178,-0.03682313157826784,-268.17453324388526,11.8254667561147,,-0.1629863300480579,-0.01930483403219983,-131.6918895617568,8.308110438243181,-3.5173563178715184,-0.9406563540125487,True,0.9406563540125487,T=1000us
15,2.37618527185144,-0.007153609769054003,-279.3590801772732,0.6409198227267403,,0.03964068050828225,-0.004393075332181773,-139.52470521087295,0.4752947891270314,-0.16562503359970887,-0.9966050372205212,True,0.9966050372205212,T=1000us
16,2.3746891287447163,0.007658273167004104,-279.26929569078567,0.7307043092142745,,-0.03737268842895238,-0.005392577253690693,-139.48218247038434,0.5178175296156239,-0.21288677959865057,-0.9963013033598884,True,0.9963013033598884,T=1000us
17,2.3775018475327268,0.011305011138843114,-278.77155174942646,1.2284482505734715,,-0.05133078006850354,-0.00638480624500068,-139.13627677282838,0.8637232271716081,-0.36472502340186347,-0.9938305483773456,True,0.9938305483773456,T=1000us
18,2.4134684590099917,-0.02316412780627908,-275.6372511657424,4.362748834257568,,0.03209774535924257,0.018984608999013365,-136.90883096450852,3.0911690354914576,-1.27157979876611,-0.977920221175061,True,0.977920221175061,T=1000us
19,2.4789045964623053,-0.01308788107271644,-276.09555229991156,3.9044477000883684,,-0.04371839642550639,0.017085114314634126,-137.27660300756017,2.723396992439819,-1.1810507076485492,-0.9805471643397156,True,0.9805471643397156,T=1000us
20,2.5408234504761955,0.03639221961133226,-261.41856802226596,18.58143197773397,,-0.06554113199096832,0.03909077358901035,-126.9109702700477,13.08902972995228,-5.492402247781689,-0.9065069305003408,True,0.9065069305003408,T=1000us
21,2.2581722163728095,0.0008001986479854693,-271.88577809033956,8.114221909660422,,0.11984199220411085,0.01911343901988066,-134.17310636797205,5.826893632027922,-2.2873282776325015,-0.9583793311998006,True,0.9583793311998006,T=1000us
0,2.4759118528749346,-0.011187947706928363,-276.65207079959407,3.34792920040586,,-0.028617743259769554,0.016457918879356027,-137.66773068361047,2.3322693163895183,-1.015659884016342,-0.9833409334543606,True,0.9833409334543606,T=1000us
1,2.3596887961564037,0.0364606374146243,-268.71106822174943,11.288931778250523,,0.1784981225983284,0.014410475139976463,-131.97255080732165,8.027449192678313,-3.2614825855722116,-0.9426610771951549,True,0.9426610771951549,T=1000us
2,2.3619856124442498,0.013300077381932245,-277.99565709268705,2.0043429073129233,,-0.041450137666729114,-0.011553818926640903,-138.58209639664574,1.4179036033542307,-0.5864393039586924,-0.9898721171188983,True,0.9898721171188983,T=1000us
3,2.4662106934403485,0.01157868277025278,-277.1408382268368,2.859161773163142,,-0.09654790501899571,0.003122663883812341,-138.02833564342453,1.9716643565754415,-0.8874974165877004,-0.9859166831673183,True,0.9859166831673183,T=1000us
4,2.3614553339642326,-0.0014839835680871148,-279.37528031396187,0.6247196860381105,,0.010509346296955576,-0.007419747337129268,-139.53740647720687,0.4625935227931049,-0.16212616324500553,-0.9966957605514778,True,0.9966957605514778,T=1000us
5,2.3493812314625777,-0.011346734204718888,-277.924759005046,2.0752409949539925,,0.08243015014994572,-0.004009345310943227,-138.48857896653848,1.5114210334615037,-0.5638199614924888,-0.989204135475275,True,0.989204135475275,T=1000us
6,2.346691465967074,0.004539071881954311,-278.6751957109463,1.3248042890536562,,-0.005909309133542662,-0.01090159039046967,-139.04300028805363,0.9569997119463519,-0.36780457710730424,-0.9931642877718118,True,0.9931642877718118,T=1000us
7,2.4041164196113662,0.0004981378262132959,-279.99108488237067,0.008915117629274862,,-0.001371099312900557,0.0006784259846007558,-139.99593686747775,0.004063132522218287,-0.004851985107056573,-0.9999709776248413,True,0.9999709776248413,T=1000us
8,2.455099518031425,-0.016269234997001943,-276.6452788301776,3.3547211698223944,,0.006891746107774014,0.017121571389292933,-137.64731998193656,2.3526800180634058,-1.0020411517589887,-0.9831951427281185,True,0.9831951427281185,T=1000us
9,2.322333681571726,0.0011764764921924015,-277.5321398278807,2.467860172119233,,0.04986737674620777,-0.012656141851777193,-138.21206234071036,1.787937659289608,-0.6799225128296251,-0.9872290167193599,True,0.9872290167193599,T=1000us
10,2.2690626024495257,-0.005240450748976201,-272.85397805191576,7.14602194808419,,0.1234232892440408,0.016041498646980838,-134.8618510510244,5.138148948975586,-2.0078729991086037,-0.9632989360787458,True,0.9632989360787458,T=1000us
11,2.2820830435416437,-0.024722543959774038,-269.48426194266085,10.515738057339124,,-0.1319806146074148,0.022256652485629268,-132.5229140113382,7.477085988661784,-3.0386520686773406,-0.9465922429381302,True,0.9465922429381302,T=1000us
12,2.465227650091216,-0.002690849121514007,-278.20700496732877,1.7929950326711894,,-0.01482847155435618,0.012209541725136545,-138.76357722999626,1.2364227700037331,-0.5565722626674563,-0.9911684087856876,True,0.9911684087856876,T=1000us
13,2.3822223698998877,-0.02453206495277831,-275.0607207115603,4.939279288439644,,0.04737727501170353,0.019561347753207548,-136.483359347018,3.516640652981979,-1.4226386354576648,-0.9748811381929858,True,0.9748811381929858,T=1000us
14,2.330082599496894,0.007108726865480241,-277.6034339219226,2.3965660780773588,,0.01662638629036514,-0.01444147020575803,-138.27659914003897,1.7234008599610222,-0.6731652181163366,-0.9876899938574213,True,0.9876899938574213,T=1000us
15,2.493552415564825,-0.009708981162192955,-275.68903632963753,4.31096367036245,,-0.0796624763154149,0.014612556668955957,-137.00134447145186,2.9986555285481296,-1.3123081418143205,-0.978581031938942,True,0.978581031938942,T=1000us
16,2.283924736473521,-0.0019024224861163002,-274.51314189119614,5.486858108803829,,0.13978347002566774,0.001537824800517602,-136.04094053099826,3.9590594690017307,-1.5277986398020984,-0.9717210037928448,True,0.9717210037928448,T=1000us
17,2.4097430658876196,0.0011167707434515171,-279.95120113026,0.048798869739936745,,-0.003686935164140589,0.001809774398583,-139.97104210386453,0.02895789613544241,-0.019840973604494334,-0.9997931578847469,True,0.9997931578847469,T=1000us
18,2.386039618650431,-0.0025916541278242305,-279.8666008544349,0.133399145565049,,0.012215485345516175,-0.003043914264057988,-139.8954285592374,0.10457144076258741,-0.028827704802461582,-0.9992530611374101,True,0.9992530611374101,T=1000us
19,2.3588798529812296,0.005141092605566745,-279.0978947307765,0.902105269223447,,-0.01987820310210325,-0.00844061037230142,-139.34978766949712,0.6502123305028695,-0.2518929387205775,-0.9953556262106937,True,0.9953556262106937,T=1000us
20,2.436123887080345,7.39973058092578e-05,-279.46663200023846,0.5333679997614884,,0.0001805915641168308,0.006713142417857464,-139.639804418446,0.36019558155398307,-0.17317241820750529,-0.9974271744174715,True,0.9974271744174715,T=1000us
21,2.3212391487784196,-0.019444623964536983,-274.45190009684285,5.548099903157093,,0.09451197288777122,0.016467461515579884,-136.01741617377567,3.982583826224314,-1.565516076932779,-0.9715529726698263,True,0.9715529726698263,T=1000us
0,2.3687967956706806,0.005907786778439186,-279.3230279339909,0.6769720660090542,,-0.028278824542098277,-0.006341926160314279,-139.51506791287485,0.4849320871251179,-0.19203997888393629,-0.9965361993776777,True,0.9965361993776777,T=1000us
1,2.4603288355758877,0.022088803109084086,-274.61542311190783,5.384576888092154,,-0.08006244554808017,-0.017445062957994462,-136.26265886608445,3.7373411339155305,-1.6472357541766227,-0.9733047061863176,True,0.9733047061863176,T=1000us
2,2.3860161074056996,0.0003940057069370156,-279.9187739064126,0.08122609358738987,,-0.0036807473613291153,-0.002754302138846292,-139.9365969049294,0.06340309507058418,-0.017822998516805685,-0.9995471207494958,True,0.9995471207494958,T=1000us
3,2.438123606214295,0.0383057299224148,-267.6785412988608,12.321458701139125,,0.19843955297358418,0.01044275573553585,-131.3011593883305,8.698840611669482,-3.622618089469642,-0.9378654242023609,True,0.9378654242023609,T=1000us
4,2.4200135383193753,0.003429535199810487,-279.74218668188973,0.2578133181102259,,-0.015515403779697692,0.00387469118309743,-139.83077714787237,0.16922285212761012,-0.0885904659826158,-0.9987912653419456,True,0.9987912653419456,T=1000us
5,2.3879225340708006,-0.023832471375197114,-275.4007431972088,4.599256802791182,,0.05264266250735371,0.01840827857934157,-136.72595286164193,3.2740471383580565,-1.325209664433126,-0.9766139490117282,True,0.9766139490117282,T=1000us
6,2.443973917699861,0.011209621631922273,-278.20576829245994,1.7942317075400163,,-0.07347013802849553,0.0040844966992346415,-138.76690471931016,1.2330952806898214,-0.5611364268501948,-0.9911921765665013,True,0.9911921765665013,T=1000us
7,2.3608911189689015,0.0006888857235780145,-279.3712043381259,0.6287956618740816,,-0.0008636563101612522,-0.007604686637772323,-139.53763538153427,0.4623646184657122,-0.16643104340836942,-0.9966973955823878,True,0.9966973955823878,T=1000us
8,2.297643717142798,-0.003029177447190053,-275.67336523306767,4.326634766932288,,0.12098756798450644,-0.004568653665198256,-136.8708567244086,3.129143275591358,-1.1974914913409291,-0.9776489766029188,True,0.9776489766029188,T=1000us
9,2.4224745663486487,-0.013825305525819696,-278.2657787070832,1.7342212929167646,,0.0589381852017518,0.008072779580045526,-138.77040966466905,1.2295903353309208,-0.5046309575858439,-0.9912172118904934,True,0.9912172118904934,T=1000us
10,2.4511032557653722,-0.012647232981775475,-277.6552773327216,2.344722667278366,,0.025672270192727286,0.013730742941002495,-138.3584186977111,1.6415813022888885,-0.7031413649894774,-0.9882744192693651,True,0.9882744192693651,T=1000us
11,2.454939240148962,0.02846208194941383,-272.29337611739226,7.70662388260768,,0.0393884424138073,-0.025159216576207292,-134.6239249358786,5.376075064121387,-2.3305488184862932,-0.9615994638277043,True,0.9615994638277043,T=1000us
12,2.430536831945319,0.02609052352056119,-274.1782188339912,5.8217811660087655,,-0.02679097013717709,-0.02213213554378067,-135.9383230606958,4.061676939304165,-1.7601042267046008,-0.9709880218621131,True,0.9709880218621131,T=1000us
13,2.419695475838863,-0.009117058910118828,-279.177018533106,0.8229814668939684,,0.04624274160863467,0.004285026706906726,-139.4165353549092,0.5834646450907713,-0.23951682180319706,-0.9958323953922088,True,0.9958323953922088,T=1000us
14,2.3626853975370383,0.0016723132408554022,-279.4086219165955,0.5913780834044426,,-0.006689541581488538,-0.007286266013602719,-139.5665317004524,0.4334682995475707,-0.15790978385687185,-0.9969037978603745,True,0.9969037978603745,T=1000us
15,2.467371129742979,0.00454442626442781,-277.9842899136486,2.0157100863513877,,-0.05545035738120378,0.009736854789522369,-138.61475845299967,1.385241547000325,-0.630468539351063,-0.9901054175214262,True,0.9901054175214262,T=1000us
16,2.5174652615887503,-0.01957175492064006,-271.35036183354975,8.649638166450211,,-0.1670916570927481,-0.0074055073807849665,-133.96580521097837,6.0341947890215994,-2.615443377428611,-0.9568986086498457,True,0.9568986086498457,T=1000us
17,2.3866344383690814,0.029692109201784552,-272.88063758168664,7.119362418313335,,0.08786494865849862,-0.02076795437897926,-134.9825467861631,5.017453213836855,-2.10190920447648,-0.9641610484725939,True,0.9641610484725939,T=1000us
18,2.392348472529603,0.018571372452761952,-277.21949592549174,2.7805040745081886,,-0.06816364633157515,-0.011169617081396766,-138.05571232444686,1.9442876755531087,-0.8362163989550798,-0.9861122308889063,True,0.9861122308889063,T=1000us
19,2.327040188203354,0.006055351975875136,-277.53775737665575,2.462242623344213,,0.025199885845378894,-0.014340791246852098,-138.22645926006305,1.7735407399369172,-0.688701883407296,-0.9873318518575934,True,0.9873318518575934,T=1000us
20,2.411946395837146,0.004666024695880255,-279.76761320017255,0.232386799827399,,-0.022668593102746052,0.002456218763641213,-139.84671313603354,0.15328686396643806,-0.07909993586096094,-0.9989050938288112,True,0.9989050938288112,T=1000us
21,2.257086068992567,-0.016849575363493165,-269.4989533885469,10.501046611453024,,-0.08979049016413841,0.0270341660153389,-132.51934105582745,7.480658944172524,-3.020387667280499,-0.9465667218273391,True,0.9465667218273391,T=1000us
0,2.41377283538939,0.0072459958867392964,-279.50277254555675,0.49722745444321864,,-0.0373901063448079,0.0025193950630207217,-139.66360477845586,0.3363952215441221,-0.1608322328990965,-0.9975971769889705,True,0.9975971769889705,T=1000us
1,2.5364897397223274,-0.001248017814097468,-272.4692561305914,7.530743869408524,,-0.13974077318029896,-0.012670528941964073,-134.77909190601653,5.220908093983445,-2.30983577542508,-0.9627077993286897,True,0.9627077993286897,T=1000us
2,2.415662961984243,-0.022349093033119976,-275.90758466001785,4.0924153399821135,,0.03775820399822963,0.018064557664337077,-137.10053480698227,2.899465193017701,-1.1929501469644122,-0.9792895343355879,True,0.9792895343355879,T=1000us
3,2.303548585072837,0.005490241454203721,-275.97914164247646,4.020858357523496,,0.09099615605245427,-0.012329717761182846,-137.1014955386344,2.898504461365587,-1.1223538961579083,-0.9792963967045315,True,0.9792963967045315,T=1000us
4,2.3274744371051272,0.002495041181739423,-277.8067090930591,2.1932909069408693,,0.03368326144985295,-0.013024408906932041,-138.41232761904973,1.5876723809502526,-0.6056185259906165,-0.9886594829932125,True,0.9886594829932125,T=1000us
5,2.2749738016416963,0.023270040458312068,-269.34993830862845,10.650061691371528,,0.11878926912021258,0.024410409842780586,-132.3808223270354,7.619177672964586,-3.030884018406942,-0.9455773023359673,True,0.9455773023359673,T=1000us
6,2.3663911987793607,-0.005498508020780538,-279.29665584393814,0.7033441560618148,,0.03232802136084393,-0.0062123652530109855,-139.47793866035687,0.5220613396431013,-0.18128281641871347,-0.9962709904311207,True,0.9962709904311207,T=1000us
7,2.492785686599242,-0.040775056901085814,-263.21189766450954,16.78810233549044,,0.17872975863942495,-0.025812089159261427,-128.29105255007715,11.708947449922835,-5.079154885567603,-0.9163646610719798,True,0.9163646610719798,T=1000us
8,2.4326456955794415,-0.004769727673108175,-279.38252755404756,0.6174724459524041,,0.024630115808525543,0.006153342045617398,-139.5733478308512,0.42665216914878046,-0.19082027680362368,-0.9969524845060801,True,0.9969524845060801,T=1000us
9,2.360079965152473,-0.016752229395024878,-277.1058606826557,2.8941393173442287,,0.09838885159717634,0.003920951536607404,-137.9110032206911,2.088996779308877,-0.8051425380353519,-0.985078594433508,True,0.985078594433508,T=1000us
10,2.3699587155442834,-0.028756652249196272,-273.02175343553046,6.978246564469489,,-0.031817013905879904,0.02437293306997101,-135.04526920134447,4.954730798655524,-2.0235157658139653,-0.9646090657238892,True,0.9646090657238892,T=1000us
11,2.5294549233411896,-0.004249692762334465,-273.08318124061947,6.916818759380466,,-0.1504866066208807,-0.005522844698255325,-135.19986605051284,4.800133949487131,-2.116684809893334,-0.9657133289322347,True,0.9657133289322347,T=1000us
12,2.3431358611708943,-0.005497313089687914,-278.4387878916396,1.5612121083603723,,0.05075688845739467,-0.008783466608296936,-138.85742219503436,1.1425778049656226,-0.4186343033947499,-0.9918387299645313,True,0.9918387299645313,T=1000us
13,2.3330612465935645,-0.02507717214923838,-273.1467952643681,6.853204735631824,,0.021136724389796056,0.024501055333205932,-135.11078067234004,4.8892193276599265,-1.9639854079718972,-0.9650770048024291,True,0.9650770048024291,T=1000us
14,2.287603867549694,0.006258373080752884,-274.56640046564684,5.433599534353107,,0.13457753845417575,-0.005679082119067556,-136.0862953671169,3.9137046328830856,-1.5198949014700212,-0.9720449669079779,True,0.9720449669079779,T=1000us
15,2.474478701505832,-0.02470055355246978,-272.8636126611084,7.136387338891541,,-0.137158666631148,0.012296516665205834,-134.99593135120597,5.004068648794014,-2.1323186900975264,-0.9642566525086141,True,0.9642566525086141,T=1000us
16,2.4149580303034415,-0.013457931202332763,-278.4609291082913,1.5390708917086466,,0.06271682323345353,0.006063785874296672,-138.90387734159395,1.0961226584060102,-0.4429482333026365,-0.9921705524399571,True,0.9921705524399571,T=1000us
17,2.3456394042048117,0.023721986304784337,-274.2961227842689,5.703877215731064,,0.071836126637256,-0.01935672234343462,-135.95381168459832,4.046188315401665,-1.6576889003293995,-0.9710986548899881,True,0.9710986548899881,T=1000us
18,2.4367658827013057,0.011137864105318217,-278.4560931138278,1.5439068861721172,,-0.06833129133931223,0.003680553490950051,-138.93993217890312,1.0600678210968508,-0.4838390650752665,-0.9924280869921653,True,0.9924280869921653,T=1000us
19,2.364556700726493,-0.008178153951891792,-278.9520132144939,1.0479867855060647,,0.05059987713873287,-0.005575218721593286,-139.22884600895526,0.7711539910447209,-0.2768327944613439,-0.9944917572068234,True,0.9944917572068234,T=1000us
20,2.2321108538886603,0.02332127294117387,-264.3564131264646,15.643586873535378,,-0.20828216834513277,0.01772700956485745,-128.8903532713837,11.109646728616262,-4.533940144919116,-0.9206453805098839,True,0.9206453805098839,T=1000us
21,2.3984210435190843,0.00033808274041067105,-279.99806657033923,0.0019334296607245375,,-0.001577536490750744,-0.00041261708138436637,-139.99813023553781,0.001869764462158965,-6.366519856557262e-05,-0.999986644539556,True,0.999986644539556,T=1000us
0,2.2552231672688463,-0.01696043681981274,-269.25627879198794,10.743721208011998,,-0.10348981178149291,0.02617766174437082,-132.34938834617472,7.65061165382525,-3.0931095541867477,-0.9453527739012482,True,0.9453527739012482,T=1000us
1,2.4407783200262796,0.0009364194301988576,-279.31355722331597,0.6864427766839649,,-0.006542131517059375,0.007555708368830655,-139.53496847102144,0.465031528978543,-0.22141124770542192,-0.9966783462215818,True,0.9966783462215818,T=1000us
2,2.3865388177580282,-0.04231905475021324,-265.6122271224582,14.387772877541769,,-0.09975314776783714,-0.03186226735362339,-129.86542842823712,10.134571571762862,-4.253201305778908,-0.9276102030588367,True,0.9276102030588367,T=1000us
3,2.295217346843968,0.00748795713036294,-275.0961635808767,4.903836419123274,,0.11656869883401319,-0.009869401340217347,-136.4695102569576,3.5304897430423883,-1.3733466760808857,-0.9747822161211258,True,0.9747822161211258,T=1000us
4,2.346487081305805,0.008090466401423363,-278.3078213205811,1.6921786794188198,,-0.015600287844711487,-0.01206046910981882,-138.7876916087849,1.212308391215065,-0.47987028820375477,-0.9913406543484639,True,0.9913406543484639,T=1000us
5,2.3197930508878435,-0.008700851428408306,-276.77554028254815,3.2244597174517886,,0.10367725357778261,-0.004452178156367615,-137.66011356730894,2.3398864326910473,-0.8845732847607415,-0.9832865254807782,True,0.9832865254807782,T=1000us
6,2.3525478955265937,0.01786623189517264,-276.52916984184975,3.4708301581502052,,-0.011080241836930503,-0.017445594899305313,-137.54240497947907,2.4575950205209107,-1.0132351376292945,-0.982445749853422,True,0.982445749853422,T=1000us
7,2.392960088274964,0.0013798993946415052,-279.9645076504107,0.03549234958925931,,-0.007897678616543776,-0.001316420761455563,-139.9733919209609,0.02660807903907155,-0.008884270550187756,-0.999809942292578,True,0.999809942292578,T=1000us
8,2.372854626580432,-0.015471547415597982,-277.7855800824194,2.2144199175805652,,0.08774383128823773,0.002070655100599659,-138.3997767763427,1.6002232236572902,-0.6141966939232751,-0.9885698341167336,True,0.9885698341167336,T=1000us
9,2.367297142965957,0.0049595219327992395,-279.36624336273474,0.6337566372652232,,-0.02371527156280264,-0.006535756632565285,-139.54360355532856,0.45639644467142726,-0.17736019259379596,-0.9967400253952041,True,0.9967400253952041,T=1000us
10,2.341389765706805,-0.00020847013143083788,-278.5978920717523,1.402107928247621,,0.0217286543192954,-0.010762167298130282,-138.97774444406437,1.0222555559356177,-0.37985237231200325,-0.9926981746004598,True,0.9926981746004598,T=1000us
11,2.5052529163477475,-0.02501455912045523,-270.50344839392125,9.496551606078736,,-0.17014363856792378,-0.010254094976371178,-133.36178966015353,6.638210339846449,-2.8583412662322867,-0.9525842118582396,True,0.9525842118582396,T=1000us
12,2.4751010912847713,-0.002446352889788705,-277.6543236797433,2.3456763202566666,,-0.03465376525960156,0.013115511439638025,-138.37975185733714,1.6202481426628297,-0.7254281775938368,-0.9884267989809797,True,0.9884267989809797,T=1000us
13,2.501494217464399,0.011416526066165694,-274.7758007380686,5.224199261931351,,-0.12681411071779466,-0.006733269066807951,-136.38655523837681,3.6134447616231626,-1.610754500308188,-0.9741896802741202,True,0.9741896802741202,T=1000us
14,2.4406094691326468,0.005436785388680134,-279.08992869106237,0.9100713089375589,,-0.03326109416592223,0.007001924892903583,-139.38205162010217,0.6179483798977908,-0.29212292903976816,-0.99558608300073,True,0.99558608300073,T=1000us
15,2.3824395456851297,0.024768499463118255,-274.97069630207125,5.029303697928691,,-0.0008855984792616732,-0.021033597844230187,-136.46389256512356,3.5361074348764308,-1.4931962630522606,-0.9747420897508826,True,0.9747420897508826,T=1000us
16,2.4095197073419232,-0.00805529761360867,-279.44431787416795,0.5556821258320053,,0.042826098761760745,0.0017419492034806208,-139.60110146293178,0.3988985370681954,-0.15678358876380988,-0.9971507247352271,True,0.9971507247352271,T=1000us
17,2.419581337023899,0.026749220953774307,-274.12444086152954,5.8755591384704395,,-0.010740353912778926,-0.0226038728074579,-135.89279616350638,4.107203836493604,-1.7683553019768357,-0.9706628297393314,True,0.9706628297393314,T=1000us
18,2.3669733132458104,-0.027510318430701078,-273.50532943316114,6.4946705668388205,,-0.0030595196114535502,0.024031069623991215,-135.38252089693302,4.617479103066953,-1.8771914637718674,-0.9670180064066646,True,0.9670180064066646,T=1000us
19,2.3682009416286385,0.001862618092093856,-279.55891568706795,0.4410843129320184,,-0.00974241123543414,-0.006174401290013472,-139.67589005873086,0.3241099412691072,-0.11697437166291119,-0.997684928990935,True,0.997684928990935,T=1000us
20,2.437809726133321,0.013078975354036555,-278.0486076278747,1.9513923721252544,,-0.08049030534289615,0.0017857216080052836,-138.65559006740693,1.3444099325930359,-0.6069824395322186,-0.9903970719100498,True,0.9903970719100498,T=1000us
21,2.4346032950536896,0.042698973066365525,-264.93878241334636,15.061217586653589,,0.07492918568236995,0.03451410022406301,-129.33554752445323,10.664452475546758,-4.396765111106832,-0.9238253394603803,True,0.9238253394603803,T=1000us
0,2.3462187858197483,0.016018331853438254,-276.76849170623757,3.231508293762398,,-0.006862511467836256,-0.016906178856184395,-137.7059812967277,2.294018703272273,-0.9374895904901245,-0.9836141521194838,True,0.9836141521194838,T=1000us
1,2.4929997484318998,-0.01342028889419307,-275.0446124712263,4.955387528773657,,-0.09147844229994662,0.01481117255784824,-136.5454312356163,3.4545687643836827,-1.5008187643899746,-0.9753245088258309,True,0.9753245088258309,T=1000us
2,2.518745458695217,0.026571919676779226,-268.64749087557936,11.352509124420573,,0.16802594812333663,-0.01679288652027649,-132.08878149859584,7.911218501404132,-3.441290623016441,-0.9434912964185419,True,0.9434912964185419,T=1000us
3,2.3302087323406457,0.01589307178129645,-275.99567612560367,4.004323874396268,,0.03625728796223362,-0.017988043222191243,-137.14525981163496,2.854740188365022,-1.1495836860312454,-0.9796089986545355,True,0.9796089986545355,T=1000us
4,2.453354770789446,0.015066201336494377,-277.02365176592446,2.9763482340755196,,-0.10033878929166137,-0.001221431949245902,-137.94382699592214,2.0561730040778436,-0.9201752299976759,-0.9853130499708725,True,0.9853130499708725,T=1000us
5,2.3220586443455598,0.0006782968713038095,-277.5221709840986,2.4778290159013947,,0.052462237788914165,-0.012426244829015312,-138.20404431638087,1.7959556836190929,-0.6818733322823018,-0.9871717451170064,True,0.9871717451170064,T=1000us
6,2.386778511758374,-0.0004793902818972348,-279.92666067008264,0.07333932991732285,,0.0009502311255602487,-0.002706166296827152,-139.9412840892696,0.05871591073038987,-0.01462341918693298,-0.9995806006376401,True,0.9995806006376401,T=1000us
7,2.4487799625969258,-0.004784481478256022,-278.845315678823,1.1546843211769418,,0.01459956386009115,0.009710380162359289,-139.20279115110927,0.7972088488907006,-0.3574754722862411,-0.9943056510793521,True,0.9943056510793521,T=1000us
8,2.4903149355338265,0.0072164859303690265,-276.26673682352134,3.733263176478633,,-0.10909356185569699,0.004548919824453952,-137.42129927997271,2.5787007200272565,-1.1545624564513768,-0.9815807091426625,True,0.9815807091426625,T=1000us
9,2.3181092546373647,-0.0064610319703806126,-276.93637255215873,3.0636274478412178,,0.09541071027747416,-0.006846701513456179,-137.7756603081657,2.2243396918342846,-0.8392877560069331,-0.9841118593440408,True,0.9841118593440408,T=1000us
10,2.420465044978819,0.01180479755448474,-278.7149486548755,1.285051345124415,,-0.06527683941302842,0.0013749434398381162,-139.11602339062827,0.883976609371709,-0.401074735752706,-0.9936858813616306,True,0.9936858813616306,T=1000us
11,2.5194954641267886,0.007679818461591333,-273.747691410219,6.252308589780995,,-0.13186398974102206,-0.010101021845431608,-135.67269435641558,4.3273056435843875,-1.9250029461966078,-0.9690906739743972,True,0.9690906739743972,T=1000us
12,2.433514737058673,-0.013748831395384225,-278.03006309731376,1.9699369026862226,,0.04926968586029367,0.010572358977233723,-138.6109974133887,1.3890025866112632,-0.5809343160749594,-0.9900785529527767,True,0.9900785529527767,T=1000us
13,2.473436359232661,-0.015310206988755638,-275.92905650911723,4.0709434908827475,,-0.038087083061350495,0.017857410039691036,-137.15491623271137,2.8450837672885934,-1.2258597235941542,-0.9796779730907957,True,0.9796779730907957,T=1000us
14,2.3505557521008806,-0.027037366327969846,-273.1590572067103,6.840942793289664,,-0.000971886627276197,0.024684029100966627,-135.1300113869147,4.869988613085265,-1.9709541802043986,-0.9652143670493909,True,0.9652143670493909,T=1000us
15,2.3515221769684063,0.0014437504456746564,-279.02359261695625,0.9764073830436836,,0.0020742225624052683,-0.009434343556331097,-139.28773941715303,0.7122605828469369,-0.26414680019674663,-0.9949124244082361,True,0.9949124244082361,T=1000us
16,2.3992491164095853,0.034429520849712195,-270.5256124213139,9.47438757868606,,0.17266539918377477,-0.00951460478432698,-133.3092343661735,6.690765633826473,-2.783621944859587,-0.9522088169012395,True,0.9522088169012395,T=1000us
17,2.3776945056399987,-0.0003525225525133768,-279.7955452967744,0.20445470322558357,,4.3349213081827446e-05,-0.004410392327577047,-139.84453446058777,0.1554655394122128,-0.04898916381337077,-0.9988895318613413,True,0.9988895318613413,T=1000us
18,2.452974871917968,-0.015713714630674273,-276.88081627532955,3.1191837246703837,,0.014376373593229533,0.016384566539648576,-137.81213238921498,2.187867610785003,-0.9313161138853808,-0.9843723742086785,True,0.9843723742086785,T=1000us
19,2.6622877077828115,-0.02112963922721787,-249.65670186866805,30.343298131331913,,-0.10917514116964903,-0.04850708130540316,-118.77743058042437,21.222569419575617,-9.120728711756295,-0.8484102184316027,True,0.8484102184316027,T=1000us
20,2.2768447990670238,-0.003025200230184549,-273.79038220214693,6.209617797853028,,0.1410335182506638,0.007624381920103373,-135.525469256374,4.474530743625963,-1.7350870542270647,-0.9680390661169574,True,0.9680390661169574,T=1000us
21,2.409016279166346,-0.0011789500998459661,-279.9556370396556,0.044362960344350576,,0.008141206263383915,0.0013931730274214461,-139.9709309014734,0.02906909852658194,-0.015293861817768636,-0.999792363581953,True,0.999792363581953,T=1000us
0,2.425855244752513,-0.045882843954760034,-262.90072342730394,17.099276572696017,,0.13890827214519602,-0.0318063228133099,-128.02286170074532,11.97713829925465,-5.122138273441366,-0.9144490121481811,True,0.9144490121481811,T=1000us
1,2.32338337940416,-0.03748100835312301,-266.3809129529171,13.61908704708287,,-0.19044723943389028,-0.017359578296092158,-130.3657501078836,9.634249892116388,-3.9848371549664825,-0.9311839293420258,True,0.9311839293420258,T=1000us
2,2.5361409149238674,-0.0164573956511843,-270.354851545561,9.64514845443893,,-0.13735967712920671,-0.019066714668437734,-133.2878768199224,6.712123180077596,-2.9330252743613348,-0.9520562629994458,True,0.9520562629994458,T=1000us
3,2.5131696792676625,0.010758888591372844,-273.88422330730515,6.115776692694798,,-0.12478832719670309,-0.01163804015442308,-135.7682524634232,4.2317475365767745,-1.8840291561180234,-0.9697732318815945,True,0.9697732318815945,T=1000us
4,2.5672346575935587,0.009133380945792314,-268.1227513452559,11.877248654744044,,0.11464974806417386,-0.026390506037016464,-131.77061805523246,8.229381944767521,-3.647866709976522,-0.9412187003945177,True,0.9412187003945177,T=1000us
5,2.444139477613869,-0.006881957495181319,-278.8255786172135,1.1744213827864332,,0.026066804815869118,0.009202064717706194,-139.18430329395434,0.8156967060456398,-0.3587246767407932,-0.9941735949568169,True,0.9941735949568169,T=1000us
6,2.458068784238492,-0.014904401114010844,-276.84850883114115,3.1514911688588025,,0.006152224275047746,0.01658819386036793,-137.79299701696914,2.2070029830308475,-0.9444881858279555,-0.9842356929783511,True,0.9842356929783511,T=1000us
7,2.318334753290989,0.0034413191216393652,-277.1903052477118,2.8096947522881206,,0.05221067042806754,-0.013577985958052869,-137.970034620119,2.029965379880983,-0.7797293724071377,-0.9855002472865644,True,0.9855002472865644,T=1000us
8,2.4056984266117847,-0.012786857575971,-278.67992498259486,1.3200750174050728,,0.06436881643545066,0.003562298608104827,-139.0536409383698,0.9463590616301708,-0.37371595577490196,-0.9932402924169274,True,0.9932402924169274,T=1000us
9,2.3946832949238153,-0.014595329218604557,-278.28586080618635,1.7141391938136288,,0.07480672802617026,0.0034103139229628146,-138.76707609866398,1.2329239013359945,-0.4812152924776343,-0.9911934007047429,True,0.9911934007047429,T=1000us
10,2.3634767772937963,-0.016553668150017107,-277.2647148134076,2.7352851865923866,,0.09607530747981911,0.0035242928635201144,-138.02536861900052,1.974631380999461,-0.7606538055929257,-0.9858954901357181,True,0.9858954901357181,T=1000us
11,2.2987450158631195,0.006845713409453627,-275.4625015322022,4.537498467797758,,0.10565140187252953,-0.011204031870553665,-136.73206203444528,3.2679379655546943,-1.2695605022430636,-0.9766575859603236,True,0.9766575859603236,T=1000us
12,2.3580344690194486,0.005459145099230558,-279.04228715213367,0.9577128478662862,,-0.020482582824614844,-0.00869150815361142,-139.31044642458033,0.6895535754196443,-0.26815927244664184,-0.9950746173184312,True,0.9950746173184312,T=1000us
13,2.3554648388534343,-0.024325178191951995,-274.46056545318964,5.539434546810326,,0.05483011862110842,0.02044651290561845,-136.0451072576712,3.9548927423287976,-1.584541804481528,-0.9717507661262229,True,0.9717507661262229,T=1000us
14,2.3662950166448486,0.00035056869874701565,-279.53466910766565,0.46533089233431396,,-0.0014761599931057915,-0.0065607908896258725,-139.65552849418233,0.3444715058176417,-0.12085938651667229,-0.9975394892441597,True,0.9975394892441597,T=1000us
15,2.303099723203228,-0.035648127915181356,-266.02834582963004,13.971654170369941,,-0.19310206071747416,-0.017567310397067975,-130.11038037048652,9.889619629513467,-4.082034540856476,-0.9293598597891896,True,0.9293598597891896,T=1000us
16,2.3105982331667834,0.010676245775698118,-275.8383179290009,4.161682070999094,,0.0751154367841678,-0.015164699867961437,-137.0126374194767,2.987362580523263,-1.1743194904758307,-0.9786616958534052,True,0.9786616958534052,T=1000us
17,2.4131262895000565,-0.02166082525697741,-276.17954620789425,3.8204537921056803,,0.04777382906932118,0.01675447505612308,-137.29036593852265,2.7096340614773164,-1.1108197306283636,-0.9806454709894478,True,0.9806454709894478,T=1000us
18,2.4697118628589405,0.005263260733848919,-277.7975747858008,2.20242521419916,,-0.06350932364671583,0.00930642968885756,-138.4851911093982,1.5148088906017838,-0.6876163235973762,-0.9891799364957016,True,0.9891799364957016,T=1000us
19,2.3138805325328433,-0.0047802006121015865,-276.79972561060026,3.2002743893996937,,0.09510779092716959,-0.007779965289425588,-137.67820850065883,2.321791499341145,-0.8784828900585487,-0.9834157750047061,True,0.9834157750047061,T=1000us
20,2.356266643688957,-0.0013328915711783248,-279.2044692673013,0.795530732698656,,0.012795599193108626,-0.008314554747368953,-139.41398363884556,0.586016361154411,-0.20951437154424513,-0.9958141688488971,True,0.9958141688488971,T=1000us
21,2.364121215336125,-0.0232620090194036,-275.14901171185636,4.8509882881436015,,0.06983056765677186,0.017587736659973742,-136.53384106415916,3.4661589358408054,-1.3848293523027961,-0.9752417218868514,True,0.9752417218868514,T=1000us
0,2.3272873115015353,-0.016929489667312368,-275.5547408637611,4.445259136238848,,0.11274102167713013,0.008859401423741808,-136.79681242164034,3.203187578359644,-1.242071557879204,-0.9771200887260025,True,0.9771200887260025,T=1000us
1,2.331021434528164,-0.00285843010877337,-277.99499064406103,2.0050093559389137,,0.0521642543100359,-0.010639901347625698,-138.5397163179093,1.4602836820906744,-0.5447256738482393,-0.9895694022707809,True,0.9895694022707809,T=1000us
2,2.370967720774775,-0.0030564004168699096,-279.5807413286032,0.41925867139673373,,0.015989484625735108,-0.005731213699693519,-139.6851896615133,0.31481033848666246,-0.10444833291007125,-0.9977513547250952,True,0.9977513547250952,T=1000us
3,2.4032335361882113,-0.05935257800229531,-251.84057622373538,28.159423776264582,,-0.2645225335676834,0.027771202560474835,-120.23083050763402,19.769169492365958,-8.390254283898624,-0.8587916464831002,True,0.8587916464831002,T=1000us
4,2.371047886835683,0.0151493259816335,-277.8230241621184,2.1769758378816007,,-0.051499339441407645,-0.011137979220226066,-138.46706528444741,1.5329347155525723,-0.6440411223290282,-0.9890504663174816,True,0.9890504663174816,T=1000us
5,2.3084585620854847,0.017761892883782212,-274.0713243164311,5.928675683568832,,0.12148510299663678,-0.012532337543265234,-135.75824148935047,4.241758510649508,-1.6869171729193233,-0.969701724923932,True,0.969701724923932,T=1000us
6,2.384980084544038,0.0028725813040987396,-279.8417746360655,0.1582253639344324,,-0.016373054928037846,-0.0027409008902285798,-139.8851338643831,0.11486613561687606,-0.04335922831755635,-0.9991795276027367,True,0.9991795276027367,T=1000us
7,2.3083737413573755,0.005566751666876805,-276.3388600767667,3.661139923233274,,0.0766102001952341,-0.01344032712053098,-137.36086882456365,2.639131175436313,-1.022008747796961,-0.9811490630325977,True,0.9811490630325977,T=1000us
8,2.342429907664419,-0.02973635925389982,-271.5801210144571,8.41987898554282,,-0.08040274669670695,0.0241576195249525,-134.01962628500362,5.9803737149963645,-2.4395052705464555,-0.9572830448928831,True,0.9572830448928831,T=1000us
9,2.3585940004138695,0.011657654626362854,-278.2133367203938,1.7866632796061763,,-0.03658616905478189,-0.011153059185596127,-138.73229222667257,1.267707773327408,-0.5189555062787682,-0.9909449444762328,True,0.9909449444762328,T=1000us
10,2.4869585439135813,0.02577227143226777,-271.61494259257944,8.38505740742051,,0.03511857296911182,-0.026420040973173322,-134.16909875404735,5.830901245952621,-2.5541561614678887,-0.9583507053860527,True,0.9583507053860527,T=1000us
11,2.436399187853247,0.016171321336441103,-277.36841139194104,2.6315886080589004,,-0.09312897430042666,-0.0026830207597746927,-138.17964854805797,1.8203514519420148,-0.8112371561168856,-0.9869974896289856,True,0.9869974896289856,T=1000us
12,2.348380210802921,0.005202193916124776,-278.6957656119131,1.3042343880868397,,-0.010270890936965005,-0.010722586452596758,-139.05950403842715,0.9404959615728267,-0.36373842651401306,-0.9932821717030512,True,0.9932821717030512,T=1000us
13,2.4353328173902877,0.013516368802775314,-278.0296031914674,1.9703968085325807,,-0.08138504709688547,0.0011260327806474541,-138.6415991006212,1.3584008993787902,-0.6119959091537905,-0.9902971364330087,True,0.9902971364330087,T=1000us
14,2.410156564199089,0.013875916214647056,-278.4189333502159,1.5810666497840409,,-0.07222214131280318,-0.001998866762912912,-138.9052133988334,1.0947866011665568,-0.4862800486174841,-0.9921800957059531,True,0.9921800957059531,T=1000us
15,2.2591499010503466,0.011586292444563669,-270.9277824832682,9.0722175167318,,0.13017584415943295,0.01964087077608556,-133.49321917467773,6.506780825322244,-2.5654366914095563,-0.9535229941048411,True,0.9535229941048411,T=1000us
16,2.513443151756341,0.03637504238557593,-264.20936702185173,15.79063297814824,,0.12288381295608479,0.03176174669170125,-128.8822953530373,11.117704646962665,-4.672928331185576,-0.9205878239502667,True,0.9205878239502667,T=1000us
17,2.5173447891293512,-0.010308990302184804,-273.5738335610668,6.42616643893314,,-0.14741066191252009,0.0034559313840552275,-135.5296405190631,4.47035948093689,-1.9558069579962498,-0.9680688608504507,True,0.9680688608504507,T=1000us
18,2.5434593679393034,0.0029415153192458134,-271.63690077470346,8.363099225296468,,-0.1039156176730019,-0.02122432397542224,-134.20821176109013,5.791788238909838,-2.571310986386629,-0.9586300840077868,True,0.9586300840077868,T=1000us
19,2.467658131490996,0.011909353303319678,-277.00001226555446,2.9999877344454955,,-0.0997602315827604,0.0024677900476115207,-137.93041309110163,2.069586908898358,-0.9304008255471375,-0.9852172363650117,True,0.9852172363650117,T=1000us
20,2.4248153384243967,-0.0187591256522838,-276.93562375008105,3.064376249918915,,0.050428718985739904,0.01436634686285084,-137.83122673821234,2.1687732617876327,-0.8956029881312823,-0.9845087624158027,True,0.9845087624158027,T=1000us
21,2.333302340795381,0.0062032994900724355,-277.87848740635343,2.1215125936465036,,0.011144026433767072,-0.013708821592635133,-138.47256925443813,1.5274307455618488,-0.594081848084655,-0.989089780388844,True,0.989089780388844,T=1000us
0,2.3366148954715533,-0.01618737164310587,-276.26697153885186,3.733028461148095,,0.11073923442942653,0.005114797201983004,-137.30488928410267,2.695110715897299,-1.037917745250796,-0.9807492091721621,True,0.9807492091721621,T=1000us
1,2.3784500062073466,-0.004754596047910337,-279.629405001286,0.3705949987139436,,0.0246601284613155,-0.004402680547772107,-139.72074571961588,0.2792542803840994,-0.09134071832984424,-0.998005326568685,True,0.998005326568685,T=1000us
2,2.385387311114147,0.002468924579682743,-279.863942335149,0.13605766485095733,,-0.014324890821881453,-0.002684534155072184,-139.90043418958572,0.09956581041426739,-0.03649185443668993,-0.9992888156398981,True,0.9992888156398981,T=1000us
3,2.4130267849497984,0.024983539975687717,-274.9418970646683,5.058102935331667,,-0.03683274159221148,-0.020188356966335412,-136.46530925077755,3.534690749222433,-1.5234121861092345,-0.9747522089341255,True,0.9747522089341255,T=1000us
4,2.3457608710727373,0.00675961888927118,-278.4339013313738,1.566098668626121,,-0.01156339867105827,-0.011720447135582492,-138.87474207542144,1.125257924578554,-0.440840744047567,-0.9919624433958675,True,0.9919624433958675,T=1000us
5,2.4153058005967356,0.014752089317939856,-278.16483566087993,1.8351643391200512,,-0.07769987057212363,-0.0022699432698386397,-138.72936204699795,1.2706379530020353,-0.564526386118016,-0.990924014621414,True,0.990924014621414,T=1000us
6,2.3852533888678997,-0.007180317088278502,-279.4989877764038,0.5010122235961578,,0.03845634066715439,-0.002948645312081055,-139.6283385479839,0.3716614520160786,-0.12935077158007918,-0.9973452753427423,True,0.9973452753427423,T=1000us
7,2.3989613535498497,0.02576696180850111,-274.6930968614375,5.306903138562459,,-0.010078444543072398,-0.02151411093022455,-136.2798749866599,3.720125013340059,-1.5867781252224005,-0.9734276784761424,True,0.9734276784761424,T=1000us
8,2.509723850989075,0.004934030205577501,-274.92335252822517,5.0766474717747965,,-0.13188579277588805,-0.00018828679354176072,-136.48673662567165,3.5132633743283233,-1.563384097446473,-0.9749052616119406,True,0.9749052616119406,T=1000us
9,2.3532100468048953,-0.004310825603975396,-278.95729051302357,1.0427094869763958,,0.032899150006885036,-0.008267937622724727,-139.23243356445914,0.767566435540825,-0.27514305143557066,-0.9945173826032798,True,0.9945173826032798,T=1000us
10,2.310404429142337,-0.014796927060175347,-274.98535204803085,5.014647951969084,,0.11906841279670456,0.009647777053853834,-136.38601897418533,3.613981025814654,-1.4006669261544307,-0.9741858498156096,True,0.9741858498156096,T=1000us
11,2.3846101965557263,-0.0033361437476989307,-279.81417144078335,0.18582855921657387,,0.016267908498931057,-0.0033426222975700003,-139.8565786387745,0.1434213612254701,-0.04240719799110377,-0.9989755617055324,True,0.9989755617055324,T=1000us
12,2.552401552486535,0.026696347178571483,-264.96168028606627,15.038319713933664,,0.20576953245557222,0.016310817933607877,-129.4755031466867,10.524496853313298,-4.513822860620365,-0.9248250224763336,True,0.9248250224763336,T=1000us
13,2.4212665899176655,-0.0016267367561868995,-279.7938938145869,0.20610618541301895,,0.011460702301195962,0.003732148676369133,-139.86181025107217,0.13818974892779692,-0.06791643648522203,-0.9990129303648014,True,0.9990129303648014,T=1000us
14,2.211504439541415,-0.009229524629195565,-265.15487736849957,14.845122631500399,,-0.2313057237551905,-0.0005761446576095445,-129.47056601622225,10.529433983777734,-4.3156886477226655,-0.9247897572587305,True,0.9247897572587305,T=1000us
15,2.4478013492306006,-0.0016692003184571214,-279.0445373669971,0.9554626330028863,,0.002171006655582596,0.009039749253377248,-139.3459183371179,0.6540816628820867,-0.3013809701207996,-0.9953279881222709,True,0.9953279881222709,T=1000us
16,2.46048949759006,0.026397563655007856,-272.93777777867956,7.062222221320422,,-0.004458765708196653,-0.02479127378972591,-135.08373067924362,4.916269320756364,-2.145952900564058,-0.9648837905660259,True,0.9648837905660259,T=1000us
17,2.3858164232543757,-0.010541666128238094,-279.0295422595959,0.9704577404040045,,0.058136171929595575,-0.0015158338251253026,-139.2920193703569,0.7079806296430746,-0.26247711076092983,-0.9949429955025495,True,0.9949429955025495,T=1000us
18,2.3982908123024878,-0.016736763260467153,-277.75997263232915,2.240027367670813,,0.07793534450712564,0.006773928264474166,-138.39637277460895,1.603627225391034,-0.6364001422797788,-0.9885455198186355,True,0.9885455198186355,T=1000us
19,2.4210071067598173,0.007284138126235739,-279.39546096019745,0.6045390398025268,,-0.038288417235196895,0.003700720535125097,-139.59100017939954,0.4089998206004314,-0.19553921920209544,-0.9970785727099969,True,0.9970785727099969,T=1000us
20,2.2687769751772437,-0.04981403989951046,-253.2108816960768,26.789118303923146,,0.009971677984949478,0.04841410924621447,-121.24600822387295,18.753991776127027,-8.03512652779612,-0.866042915884807,True,0.866042915884807,T=1000us
21,2.494630958597312,-0.013044532019541269,-275.000484268136,4.999515731863933,,-0.09501190861362084,0.01436843717779526,-136.51560048313797,3.484399516862009,-1.5151162150019237,-0.9751114320224142,True,0.9751114320224142,T=1000us
0,2.4823490764223055,0.004270144024906271,-277.0937882693132,2.906211730686723,,-0.09535267040512996,-0.004835214414458004,-137.9657012982466,2.034298701753387,-0.8719130289333358,-0.9854692949874758,True,0.9854692949874758,T=1400us
1,2.417382685484427,-0.015659347054598177,-277.916554385234,2.0834456147659552,,0.002629835056245756,0.013522916335901969,-138.53701632304748,1.4629836769524835,-0.620461937813472,-0.9895501165931966,True,0.9895501165931966,T=1400us
2,2.4490362460641544,-0.01468895016560985,-277.29356507463723,2.706434925362699,,-0.05730931639316044,0.01236581347376025,-138.1076656900122,1.8923343099877725,-0.8141006153749268,-0.9864833263572302,True,0.9864833263572302,T=1400us
3,2.480229946674262,0.010010659628497271,-276.57816271960934,3.4218372803906445,,-0.07469741682815546,-0.012608026428864402,-137.59285087039547,2.407149129604502,-1.0146881507861427,-0.9828060776456822,True,0.9828060776456822,T=1400us
4,2.326182604700722,0.02372585625969833,-273.28066176597684,6.719338234023136,,0.10853759808127675,0.017217034470443746,-135.24184320538117,4.758156794618799,-1.9611814394043363,-0.9660131657527229,True,0.9660131657527229,T=1400us
5,2.4689021169726875,-0.0035812594697410835,-277.9620697860153,2.037930213984646,,-0.07234107382636919,0.006631561210214939,-138.58216910964154,1.4178308903584256,-0.6200993236262202,-0.9898726364974398,True,0.9898726364974398,T=1400us
6,2.4455566405120535,-0.014913274798994111,-277.37470087867837,2.6252991213216084,,-0.05040765384685962,0.012838892068121716,-138.1637830451989,1.8362169548010736,-0.7890821665205345,-0.9868841646085638,True,0.9868841646085638,T=1400us
7,2.3699619387635376,0.008200004608288231,-279.093718223518,0.9062817764819425,,-0.004177247553109273,-0.009013836636528098,-139.34705226543852,0.6529477345614518,-0.2533340419204907,-0.9953360876102754,True,0.9953360876102754,T=1400us
8,2.538708040825949,0.008965169767993575,-271.59639703804567,8.403602961954299,,0.15981566658114293,-0.01003623723848876,-134.06696521241065,5.933034787589327,-2.4705681743649723,-0.9576211800886476,True,0.9576211800886476,T=1400us
9,2.3932245560664676,0.01676419182572515,-277.73504439419236,2.264955605807594,,-0.007858932787592336,-0.014160716007661776,-138.38467915556274,1.6153208444372524,-0.6496347613703415,-0.9884619939683054,True,0.9884619939683054,T=1400us
10,2.4258804540018826,-0.011151235563461884,-278.73226942682703,1.2677305731729296,,0.009680933358455419,0.010413403406159967,-139.11414093955193,0.8858590604480526,-0.38187151272487696,-0.9936724352825139,True,0.9936724352825139,T=1400us
11,2.4144118983295426,0.0016424059672418194,-279.8934847001954,0.10651529980451513,,-0.015088931198701312,0.0017671610002736654,-139.92847885243103,0.07152114756895123,-0.0349941522355639,-0.9994891346602218,True,0.9994891346602218,T=1400us
12,2.31148017178169,0.01295382685047934,-275.47162469834666,4.528375301653271,,0.123069245653446,0.004342997687096703,-136.78524783257535,3.214752167424635,-1.3136231342286357,-0.9770374845183954,True,0.9770374845183954,T=1400us
13,2.559334856181292,0.004594629131629981,-269.6357787709096,10.364221229090337,,0.18189906216682372,0.00937711898899003,-132.69040556662492,7.309594433375062,-3.0546267957152744,-0.9477886111901781,True,0.9477886111901781,T=1400us
14,2.327960785758503,0.02096706671423495,-274.3713941877115,5.628605812288463,,0.131610613334423,0.007852898098665462,-136.008602820225,3.9913971797749808,-1.6372086325134814,-0.9714900201444644,True,0.9714900201444644,T=1400us
15,2.4053759225002227,-0.02598993715479645,-274.5894788851958,5.4105211148042045,,-0.12870498126939914,0.007554332439011956,-136.19629883549095,3.803701164509038,-1.6068199502951666,-0.9728307059677925,True,0.9728307059677925,T=1400us
16,2.3907589496378012,-0.007677860642098119,-279.49391746136973,0.5060825386302066,,0.039412498406424905,0.0022671358773883083,-139.64155286817493,0.3584471318250624,-0.14763540680514425,-0.9974396633441067,True,0.9974396633441067,T=1400us
17,2.392799346850517,0.004237469925388307,-279.83527664643833,0.164723353561607,,-0.01570545713431936,-0.0029542297997219038,-139.879802348094,0.12019765190598754,-0.044525701655619455,-0.9991414453435287,True,0.9991414453435287,T=1400us
18,2.3377200981382766,-0.011063549529530052,-277.4394344038212,2.5605655961787295,,0.07766718260263178,0.00858683480680967,-138.1822624574883,1.8177375425116777,-0.7428280536670516,-0.9870161604106309,True,0.9870161604106309,T=1400us
19,2.4598374397700074,-0.028981885139757926,-271.8258431444923,8.174156855507656,,-0.0562947258332447,-0.02525286150654382,-134.25645337238544,5.7435466276145535,-2.430610227893102,-0.9589746669456103,True,0.9589746669456103,T=1400us
20,2.34994517962367,0.00859589375167646,-278.3863553920254,1.613644607974579,,0.03333240849036617,-0.01078556075117496,-138.8431806011905,1.156819398809459,-0.45682520916512004,-0.9917370042942182,True,0.9917370042942182,T=1400us
21,2.350473450060729,0.016936697415793983,-276.70571236770263,3.294287632297318,,0.08070316106984939,-0.011307778362269587,-137.65216618854882,2.347833811451167,-0.9464538208461504,-0.9832297584896346,True,0.9832297584896346,T=1400us
0,2.43229836214103,-0.020161888274407413,-276.3246363296118,3.6753636703881747,,-0.07757274670215633,0.013010760981373848,-137.4215891606653,2.5784108393346927,-1.0969528310534815,-0.981582779719038,True,0.981582779719038,T=1400us
1,2.4434481662145324,-0.0008937687917941944,-279.2224271516217,0.7775728483783038,,-0.03084458232894008,0.00653765867536811,-139.46393049927994,0.53606950072004,-0.24150334765826373,-0.996170932137714,True,0.996170932137714,T=1400us
2,2.3841456179337928,0.010913149203971372,-278.94531748939846,1.0546825106014739,,-0.022734363623368618,-0.009022216397686859,-139.24373461007744,0.7562653899225259,-0.29841712067894804,-0.9945981043576962,True,0.9945981043576962,T=1400us
3,2.345828582599648,-0.02283498105880892,-274.6345434851283,5.36545651487166,,-0.0847729926044852,0.017056633736860772,-136.21251764111952,3.787482358880448,-1.577974155991212,-0.9729465545794254,True,0.9729465545794254,T=1400us
4,2.3597160175479046,-0.008681861541537337,-278.7344924886332,1.2655075113668026,,0.06583850880507358,0.0014742736521141967,-139.0987924022802,0.9012075977197922,-0.3642999136470105,-0.99356280287343,True,0.99356280287343,T=1400us
5,2.4688914748175734,0.0022696285560763296,-278.0240010539417,1.9759989460582852,,-0.08102806956497567,0.0022565362059238803,-138.62278131317714,1.3772186868228378,-0.5987802592354475,-0.9901627236655511,True,0.9901627236655511,T=1400us
6,2.4136356310385323,0.02785631040851457,-273.7220335958611,6.277966404138852,,0.14759984076181978,-0.0028278223713634498,-135.55012732469817,4.449872675301825,-1.828093728837027,-0.9682151951764155,True,0.9682151951764155,T=1400us
7,2.301031302243155,0.025890864687184392,-270.66398410876235,9.336015891237617,,-0.0814649584519936,0.025627147947548022,-133.4000655373404,6.599934462659575,-2.736081428578043,-0.9528576109810031,True,0.9528576109810031,T=1400us
8,2.435817158824929,0.004857433288951509,-279.28710722917964,0.7128927708202948,,-0.04686664091365539,0.002409737049569818,-139.5050326729217,0.4949673270783049,-0.21792544374198988,-0.9964645190922978,True,0.9964645190922978,T=1400us
9,2.280753178106429,0.045135248859360884,-257.960769710251,22.039230289748968,,0.09420926805006291,0.04137989339878756,-124.510919007766,15.489080992233978,-6.550149297514992,-0.8893637071983287,True,0.8893637071983287,T=1400us
10,2.4920665949672696,-0.023427820949977942,-272.16710557160945,7.832894428390477,,-0.03315906159720523,-0.025700902017534246,-134.49599194420605,5.504008055793937,-2.3288863725965396,-0.960685656744329,True,0.960685656744329,T=1400us
11,2.3009072518503335,0.02094197499591724,-272.506484977833,7.493515022166987,,0.03855779015992919,0.02500774616800167,-134.6978719402272,5.302128059772771,-2.191386962394215,-0.9621276567159087,True,0.9621276567159087,T=1400us
12,2.4062188965467133,0.036949776107317055,-269.0722323482583,10.927767651741664,,-0.0799093649449758,0.028318646562729533,-132.29046608792726,7.709533912072716,-3.218233739668948,-0.944931900628052,True,0.944931900628052,T=1400us
13,2.425948348952974,0.014201988980418334,-278.1126456358962,1.8873543641037793,,-0.05438925944127424,-0.009579892021116913,-138.6627264350342,1.337273564965801,-0.5500807991379785,-0.99044804596453,True,0.99044804596453,T=1400us
14,2.4526552214417467,-0.015622142560719577,-276.9175070007519,3.082492999248045,,-0.07412027329602765,0.011389098540883323,-137.84406199475916,2.155938005240832,-0.926554994007213,-0.9846004428197084,True,0.9846004428197084,T=1400us
15,2.533560232033552,-0.01610284638294742,-270.7243822658645,9.275617734135428,,0.12866207005158953,-0.01999003330772243,-133.4608302582917,6.539169741708273,-2.736447992427155,-0.9532916447020837,True,0.9532916447020837,T=1400us
16,2.52020811341087,-0.005737515218266417,-273.8875473908815,6.112452609118462,,-0.04494948565669977,-0.022038412138537248,-135.70548340654904,4.294516593450947,-1.8179360156675153,-0.9693248814753503,True,0.9693248814753503,T=1400us
17,2.362230169736951,0.018515385587439016,-276.67706025994465,3.3229397400553036,,0.07039279061447616,-0.013036923093077647,-137.63171223766864,2.368287762331331,-0.9546519777239724,-0.9830836588404905,True,0.9830836588404905,T=1400us
18,2.3824278674532007,0.006023484372237184,-279.58372638373964,0.4162736162602989,,-0.014604977207501186,-0.005685223870047342,-139.69804715631403,0.3019528436859451,-0.1143207725743538,-0.9978431939736718,True,0.9978431939736718,T=1400us
19,2.36871192699601,0.018874451778648983,-276.7525514230786,3.2474485769213226,,0.06063240171243133,-0.013992412607668167,-137.68523595526386,2.3147640447361013,-0.9326845321852214,-0.9834659711090279,True,0.9834659711090279,T=1400us
20,2.3687499869215043,-0.0031197571953354877,-279.522995570806,0.4770044291939196,,0.0350364363320601,-0.0034198603004637995,-139.65566193680914,0.34433806319084526,-0.13266636600307435,-0.9975404424057797,True,0.9975404424057797,T=1400us
21,2.4605020093534784,-0.015257608047904799,-276.64594122702374,3.354058772976189,,-0.09041656108917158,0.0092427678821722,-137.65498656317632,2.345013436823643,-1.0090453361525462,-0.9832499040226883,True,0.9832499040226883,T=1400us
0,2.5498674842491953,0.004931077051802738,-270.7665655351236,9.233434464876314,,0.1784472681071925,-0.004364491389807549,-133.48357039967485,6.516429600325145,-2.7170048645511695,-0.9534540742833918,True,0.9534540742833918,T=1400us
1,2.3774615431335273,0.0005191137733659353,-279.79011415761903,0.20988584238093277,,0.010577510963586844,-0.004063084290981906,-139.8451725532254,0.1548274467745635,-0.05505839560636927,-0.998894089665896,True,0.998894089665896,T=1400us
2,2.3840206763778133,-0.006465047954463183,-279.56150536908365,0.4384946309163216,,0.03901192860956154,0.00045742467314900063,-139.6873720776652,0.3126279223347712,-0.12586670858155038,-0.9977669434118945,True,0.9977669434118945,T=1400us
3,2.335949024040803,-0.018012468283746592,-275.7335919512554,4.266408048744538,,-0.0005929332164108768,0.019433277587326207,-136.9815702571442,3.0184297428557723,-1.2479783058887663,-0.9784397875510302,True,0.9784397875510302,T=1400us
4,2.443347560822911,0.03828162454865635,-267.5196116131525,12.480388386847427,,-0.16410498777728869,0.020605652561384996,-131.20497751687918,8.795022483120807,-3.6853659037266198,-0.9371784108348514,True,0.9371784108348514,T=1400us
5,2.4385972190970047,-0.001573885129225423,-279.3714282813416,0.6285717186583755,,-0.021785705463539303,0.006475033045907821,-139.56786282704735,0.4321371729526397,-0.1964345457057358,-0.9969133059074812,True,0.9969133059074812,T=1400us
6,2.3596802831097907,-0.027236675406969307,-273.4066707099703,6.5933292900296925,,-0.14881663922189697,0.004825276941656208,-135.35650474821003,4.643495251789949,-1.9498340382397439,-0.9668321767729289,True,0.9668321767729289,T=1400us
7,2.4059040149370765,0.009078590234932628,-279.3269984978768,0.6730015021231768,,-0.04093209383177118,-0.004130036119141558,-139.52139060635272,0.47860939364725913,-0.1943921084759176,-0.9965813614739482,True,0.9965813614739482,T=1400us
8,2.4107745680130956,0.0038811298912228794,-279.83212124756454,0.16787875243538966,,-0.023865547287914332,0.0002197503988796429,-139.88316165074457,0.11683834925539789,-0.051040403179991756,-0.9991654403624615,True,0.9991654403624615,T=1400us
9,2.5029577483198002,0.009790573078684854,-274.93084044662004,5.069159553379942,,-0.01949199300426411,-0.020912871117799214,-136.4268347568279,3.573165243172068,-1.4959943102078737,-0.9744773911201995,True,0.9744773911201995,T=1400us
10,2.348879946316404,0.013026801654830097,-277.57669088494714,2.423309115052824,,0.05308410754175264,-0.012027142994566576,-138.26867459880393,1.73132540119605,-0.6919837138567739,-0.9876333899914568,True,0.9876333899914568,T=1400us
11,2.409280894348886,-0.055407709896147544,-255.4279036452844,24.572096354715544,,0.0981289324393606,-0.0437630922655483,-122.73701925721763,17.262980742782357,-7.309115611933188,-0.8766929946944118,True,0.8766929946944118,T=1400us
12,2.4083126522583878,0.00910111929352585,-279.3097177873722,0.6902822126277403,,-0.04268970969338385,-0.0038400432894605515,-139.50987712086416,0.4901228791358096,-0.20015933349193069,-0.9964991222918871,True,0.9964991222918871,T=1400us
13,2.389754715628347,0.007476459554175441,-279.51030686053934,0.489693139460601,,-0.024783274630809014,-0.005330291631674839,-139.64734249142415,0.3526575085758233,-0.13703563088477774,-0.9974810177958869,True,0.9974810177958869,T=1400us
14,2.3169392914707165,0.021147109188633346,-273.6176333112065,6.3823666887935,,0.10930935083505063,0.016201773364200603,-135.47921900094664,4.520780999053336,-1.8615856897401633,-0.967708707149619,True,0.967708707149619,T=1400us
15,2.338984742668099,-0.0058737542640359824,-278.20541130520155,1.7945886947984244,,0.07924097667879379,0.0001661057936059915,-138.72129527956983,1.2787047204301505,-0.5158839743682739,-0.9908663948540704,True,0.9908663948540704,T=1400us
16,2.2112793892962563,0.003588475014470826,-265.69981582288517,14.300184177114776,,0.0626229496038158,-0.034004864114880455,-129.95825969172998,10.04174030827,-4.258443868844775,-0.9282732835123572,True,0.9282732835123572,T=1400us
17,2.368668755684913,-0.008644130393332143,-279.00150631171215,0.9984936882877907,,0.05841500558935272,0.001359231888973871,-139.28900344345945,0.7109965565405421,-0.2874971317472486,-0.9949214531675675,True,0.9949214531675675,T=1400us
18,2.576288224405169,0.02379906198607779,-263.0440003475856,16.955999652414366,,-0.21451737037936736,-0.018732609204269324,-128.09218392941023,11.907816070589758,-5.04818358182461,-0.9149441709243589,True,0.9149441709243589,T=1400us
19,2.3951360362981227,0.04116120102401896,-266.44919859978575,13.550801400214235,,-0.2194588196358511,-0.002383781765847466,-130.4419199633329,9.558080036667077,-3.9927213635471577,-0.9317279997380923,True,0.9317279997380923,T=1400us
20,2.4483745784825355,-0.018554579948732195,-276.2927568953107,3.7072431046893097,,-0.09239575916553193,0.010379786742529528,-137.40355546472503,2.596444535274939,-1.1107985694143707,-0.981453967605179,True,0.981453967605179,T=1400us
21,2.3863955161348933,-0.015179398715623219,-278.0827275205038,1.917272479496188,,0.04225912965208197,0.011126047804952775,-138.64582092925684,1.3541790707431303,-0.5630934087530576,-0.9903272923518348,True,0.9903272923518348,T=1400us
0,2.360685331675886,0.03160276642556927,-271.3860957684365,8.613904231563428,,0.05019427799897087,0.026409133038031583,-133.91135034486723,6.088649655132734,-2.5252545764306937,-0.9565096453204804,True,0.9565096453204804,T=1400us
1,2.434892232659933,-0.0036656746861363845,-279.39499609287844,0.6050039071214999,,-0.009989410392386367,0.007037427096894653,-139.58376247719175,0.4162375228082136,-0.18876638431328624,-0.9970268748370842,True,0.9970268748370842,T=1400us
2,2.3831454758001884,0.004744919971923094,-279.7038689638162,0.29613103618375386,,-0.01106763705724349,-0.004889416907308166,-139.78387703155275,0.21612296844724158,-0.08000806773651228,-0.9984562645110912,True,0.9984562645110912,T=1400us
3,2.2807709537122802,0.01596781843479349,-272.2067251377625,7.793274862237486,,-0.018169808100778423,0.02610175583516781,-134.48723481316287,5.5127651868370995,-2.2805096754003866,-0.9606231058083065,True,0.9606231058083065,T=1400us
4,2.393130152407914,-0.03392759093429711,-270.7807608941133,9.219239105886645,,-0.062370308042450064,-0.026680636304247243,-133.51711104947495,6.482888950525022,-2.736350155361623,-0.9536936503533927,True,0.9536936503533927,T=1400us
5,2.4097790562838255,0.027767981583942034,-273.7982354222348,6.201764577765148,,0.14665252183983554,-0.0028676707681969883,-135.60355515697194,4.396444843028053,-1.805319734737094,-0.9685968225497996,True,0.9685968225497996,T=1400us
6,2.4147566467401584,0.03469017617175797,-270.29278001860393,9.70721998139601,,0.033392448243563674,0.02878748560047698,-133.14863019743004,6.851369802569933,-2.8558501788260777,-0.9510616442673576,True,0.9510616442673576,T=1400us
7,2.3280721923591785,0.015767843599544647,-275.90440335928463,4.095596640715311,,0.11837738115539258,-0.0030546705911146305,-137.08825134328143,2.91174865671856,-1.1838479839967504,-0.9792017953091532,True,0.9792017953091532,T=1400us
8,2.5261452683009487,0.013182136845768015,-272.17659517946976,7.823404820530196,,0.14746769026819978,-0.011984040984395369,-134.47391545500315,5.526084544996839,-2.2973202755333575,-0.9605279675357369,True,0.9605279675357369,T=1400us
9,2.2675181357066925,0.010075071963080013,-272.09991215261897,7.900087847380974,,-0.060214776310835334,0.02462702354939497,-134.4129934184708,5.587006581529198,-2.313081265851777,-0.9600928101319343,True,0.9600928101319343,T=1400us
10,2.2763341554662664,-0.022795495829072022,-269.6599605473476,10.34003945265232,,-0.12183993945152388,-0.02311649538803823,-132.72531370015548,7.274686299844485,-3.065353152807834,-0.9480379550011108,True,0.9480379550011108,T=1400us
11,2.3803037993443787,0.006746829390003076,-279.4775305147545,0.5224694852454486,,-0.014538420315892128,-0.006472389018319104,-139.62195587727678,0.3780441227231935,-0.1444253625222551,-0.9972996848376915,True,0.9972996848376915,T=1400us
12,2.3040067649584164,-0.004283523794200545,-276.1089920521492,3.8910079478507886,,0.08818950262321615,0.012142973946169592,-137.2396898308125,2.7603101691874703,-1.130697778663318,-0.9802834987915181,True,0.9802834987915181,T=1400us
13,2.2331107201476943,-0.009039602114930097,-268.1816943661337,11.818305633866265,,-0.09694624139146077,-0.028299737102648912,-131.68978376491242,8.31021623508756,-3.5080893987787047,-0.9406413126065174,True,0.9406413126065174,T=1400us
14,2.5530766444657926,-0.007595918455058011,-270.1151576952618,9.884842304738136,,0.18180226536674865,-0.006846414882507226,-133.02541164613936,6.974588353860614,-2.910253950877522,-0.9501815117581385,True,0.9501815117581385,T=1400us
15,2.450319214321193,0.017485899198907175,-276.5223567300657,3.477643269934231,,-0.02564579774767155,-0.01706674450906022,-137.5375507454692,2.462449254530785,-1.015194015403446,-0.9824110767533515,True,0.9824110767533515,T=1400us
16,2.32703971293646,-0.0011342358805529217,-277.8205076188987,2.1794923811012374,,0.08637135681702936,-0.0021152010851248912,-138.4466277399803,1.553372260019691,-0.6261201210815465,-0.9889044838570022,True,0.9889044838570022,T=1400us
17,2.4132213648347114,0.03750600499842123,-268.68555004124846,11.314449958751485,,-0.10436648581293594,0.026868932241368697,-132.01962087566847,7.980379124331501,-3.3340708344199843,-0.9429972919690607,True,0.9429972919690607,T=1400us
18,2.2705763499946214,-6.182326878109057e-05,-273.2307248959106,6.7692751040893215,,-0.03136810255043891,0.023959327663073605,-135.2108349967191,4.789165003280889,-1.9801101008084319,-0.9657916785479936,True,0.9657916785479936,T=1400us
19,2.3913889738967034,0.003656814692021785,-279.8627908262896,0.13720917371038027,,-0.012436366169161849,-0.0029438180490262175,-139.89910529586396,0.10089470413602665,-0.03631446957435361,-0.9992793235418855,True,0.9992793235418855,T=1400us
20,2.4445245139120817,-0.01654060956862432,-277.00352297300907,2.996477026990899,,-0.06247208229121604,0.012761633805858185,-137.9023451915096,2.0976548084903768,-0.898822218500522,-0.9850167513679259,True,0.9850167513679259,T=1400us
21,2.44004013081859,-0.007581598045505516,-278.88550368887655,1.1144963111233939,,-0.010866374565365414,0.009684677120976827,-139.22621657486516,0.7737834251348223,-0.3407128859885717,-0.9944729755347512,True,0.9944729755347512,T=1400us
0,2.325282793103531,0.01801963368622622,-275.13029299613646,4.869707003863506,,0.12979283204523942,0.002582837769761913,-136.54295996020554,3.4570400397944403,-1.4126669640690661,-0.9753068568586112,True,0.9753068568586112,T=1400us
1,2.4280985411012623,-0.01818050334825591,-277.0354579731106,2.964542026889324,,-0.04307132007893426,0.014588444250616577,-137.92008699006124,2.0799130099387515,-0.8846290169505722,-0.9851434785004375,True,0.9851434785004375,T=1400us
2,2.379327432273076,-0.0037530549988441624,-279.7126522280775,0.28734777192244615,,0.029649186282263568,-0.0018714443961344752,-139.79231433159276,0.20768566840720162,-0.07966210351524451,-0.9985165309399485,True,0.9985165309399485,T=1400us
3,2.299458544550176,-0.016701211324668678,-273.66575976235345,6.33424023764652,,-0.09032199544908781,0.01877713676084544,-135.52324768325147,4.476752316748503,-1.8574879208980162,-0.9680231977375107,True,0.9680231977375107,T=1400us
4,2.3238662793762384,0.04039029975843896,-264.60014576191276,15.399854238087197,,-0.0722723672742131,-0.03498376906107377,-129.1540306446325,10.845969355367457,-4.553884882719742,-0.9225287903188039,True,0.9225287903188039,T=1400us
5,2.4664992105609262,-0.020961066131537896,-274.68518427685365,5.3148157231463244,,-0.1339388510832783,-0.0035692930573485845,-136.27641164080927,3.723588359190712,-1.5912273639556127,-0.9734029402914949,True,0.9734029402914949,T=1400us
6,2.425687079932851,-0.013539230987023424,-278.2651056234946,1.7348943765053775,,0.001810053524022157,0.01232674862808574,-138.78489088293776,1.2151091170622264,-0.5197852594431512,-0.9913206491638412,True,0.9913206491638412,T=1400us
7,2.2440897291091093,0.022731114729634384,-266.10068755293344,13.899312447066501,,-0.08560085840474572,-0.032208623678144664,-130.21789205392142,9.782107946078556,-4.1172045009879445,-0.9301278003851532,True,0.9301278003851532,T=1400us
8,2.4541038063764025,0.008925768748579662,-278.16831554763235,1.8316844523676288,,-0.07681242093223341,-0.003220850799007253,-138.7154356004258,1.2845643995741745,-0.5471200527934544,-0.9908245400030417,True,0.9908245400030417,T=1400us
9,2.341735905572259,-0.008088222660085046,-278.0918473673753,1.9081526326246612,,0.07988418377197037,0.0027061966234671496,-138.64224085316226,1.3577591468377097,-0.5503934857869516,-0.9903017203797306,True,0.9903017203797306,T=1400us
10,2.4891015117052713,-0.023843827195422135,-272.2270657242135,7.772934275786476,,-0.04127018402102422,-0.0252931352132465,-134.53895236464277,5.461047635357211,-2.3118866404292646,-0.9609925168903056,True,0.9609925168903056,T=1400us
11,2.337331267602958,-0.004437171868789693,-278.2406034757216,1.7593965242783036,,0.0780968599273377,-0.0012559440792662463,-138.74539764726433,1.254602352735644,-0.5047941715426595,-0.9910385546233168,True,0.9910385546233168,T=1400us
12,2.362330018823549,0.04199328147901519,-265.32596580964304,14.674034190356931,,-0.16986365372900258,-0.02390364515579363,-129.65408554370242,10.345914456297544,-4.328119734059386,-0.9261006110264461,True,0.9261006110264461,T=1400us
13,2.356608021890405,-0.024083736665646106,-274.594984513005,5.405015486994971,,-0.09745931222510967,0.01534963243015456,-136.18749133573232,3.8125086642676633,-1.5925068227273078,-0.9727677952552309,True,0.9727677952552309,T=1400us
14,2.2690135133416924,0.0021136923928141505,-273.0326311922504,6.967368807749544,,-0.03370899212060527,0.024241587965246305,-135.07098477732697,4.929015222672995,-2.038353585076549,-0.9647927484094786,True,0.9647927484094786,T=1400us
15,2.4298357554142758,-0.011411650598232048,-278.59525845636597,1.4047415436339659,,0.002620365056091472,0.011072499480386182,-139.01872217867177,0.9812778213282214,-0.42346372230574447,-0.9929908727047985,True,0.9929908727047985,T=1400us
16,2.465497505574755,0.02736793765923206,-272.2641749009667,7.735825099033254,,0.1638249469228308,0.00329829186333085,-134.52961800798954,5.470381992010432,-2.265443107022822,-0.9609258429142112,True,0.9609258429142112,T=1400us
17,2.356221518402129,0.0011789824383426045,-279.2059481689788,0.7940518310211734,,0.03129258309798347,-0.0068272037967991184,-139.42731600069152,0.5726839993084625,-0.22136783171271093,-0.9959094000049395,True,0.9959094000049395,T=1400us
18,2.4388810970977746,-0.015250694951892284,-277.52334055870654,2.476659441293406,,-0.03712938105410209,0.013477816674238407,-138.26646508238423,1.73353491761574,-0.7431245236776662,-0.9876176077313161,True,0.9876176077313161,T=1400us
19,2.4666350100655303,-0.011867852956969604,-277.06373772300844,2.936262276991492,,-0.0840497544586203,0.008751549038736305,-137.95032331320618,2.0496766867937923,-0.8865855901976996,-0.9853594522371872,True,0.9853594522371872,T=1400us
20,2.3437855326339605,0.009269970376115327,-278.0234278128868,1.9765721871131616,,0.04937817498697822,-0.01070780812938842,-138.58577889462813,1.4142211053718368,-0.5623510817413249,-0.9898984206759155,True,0.9898984206759155,T=1400us
21,2.422118190272355,0.016386440993827495,-277.65385017624857,2.346149823751406,,-0.038703263781977686,-0.01304289810987438,-138.33429112723906,1.6657088727609115,-0.6804409509904942,-0.9881020794802792,True,0.9881020794802792,T=1400us
0,2.342707792547278,0.017480684831960292,-276.2181464809063,3.7818535190936733,,0.10335214804164214,-0.008096104818985435,-137.30821296827045,2.691787031729521,-1.0900664873641528,-0.9807729497733606,True,0.9807729497733606,T=1400us
1,2.3315074996935166,0.003700050904982414,-277.9780215695635,2.0219784304364685,,0.07297475901737305,-0.006703897379923389,-138.55576873765207,1.4442312623478968,-0.5777471680885718,-0.9896840624118007,True,0.9896840624118007,T=1400us
2,2.457820596482024,-0.022711743311259875,-274.51298505839463,5.487014941605314,,-0.13666573064462673,-0.0031112205344376222,-136.15391948303565,3.846080516964338,-1.6409344246409756,-0.9725279963073976,True,0.9725279963073976,T=1400us
3,2.395021903792223,-0.020870428116225647,-276.5085633490368,3.4914366509631187,,-0.030740019630183295,0.016839959062625958,-137.5403240838479,2.4596759161520705,-1.0317607348110485,-0.9824308863131995,True,0.9824308863131995,T=1400us
4,2.3584881801337394,-0.01179369323606365,-278.1842580841467,1.815741915853252,,0.06926157164742117,0.006239751132403727,-138.71101914668662,1.288980853313355,-0.5267610625398967,-0.9907929939049046,True,0.9907929939049046,T=1400us
5,2.486439999757339,0.020705323552603037,-273.53353657457495,6.466463425425014,,0.1168473747272278,-0.01505132489498637,-135.42434708362333,4.575652916376657,-1.8908105090483576,-0.9673167648830239,True,0.9673167648830239,T=1400us
6,2.4812577354928123,8.229788115228185e-05,-277.3118013048479,2.6881986951520647,,-0.09609916603762449,0.00014408222587421307,-138.12354847589876,1.8764515241012307,-0.8117471710508338,-0.9865967748278484,True,0.9865967748278484,T=1400us
7,2.465092368205683,0.021664228081340067,-274.52088767573423,5.479112324265726,,0.08022653484613823,-0.017935577173664802,-136.1186230571616,3.881376942838369,-1.5977353814273572,-0.9722758789797259,True,0.9722758789797259,T=1400us
8,2.2985066520655035,-0.017319450304824027,-273.4201463065775,6.57985369342241,,-0.10591333804120273,0.017231193946658875,-135.35113911707526,4.648860882924721,-1.9309928104976892,-0.966793850836252,True,0.966793850836252,T=1400us
9,2.3632903585727827,-0.000646932917703691,-279.44591181938665,0.5540881806133151,,0.029284533918109992,-0.005313045886117134,-139.59908252980765,0.40091747019233503,-0.15317071042098007,-0.9971363037843405,True,0.9971363037843405,T=1400us
10,2.42322793543152,0.03095753818538277,-272.11967454407824,7.880325455921744,,0.14497473087776197,0.012942464594493292,-134.4275107000351,5.572489299964879,-2.307836155956865,-0.9601965050002509,True,0.9601965050002509,T=1400us
11,2.355403640956394,-0.01066922735401271,-278.2777759946512,1.722224005348751,,0.07170399175073182,0.004693582804713746,-138.77621491029706,1.2237850897029205,-0.4984389156458306,-0.9912586779306934,True,0.9912586779306934,T=1400us
12,2.403388477085508,0.006619454607557215,-279.6450974299413,0.3549025700586495,,-0.031479648876661215,-0.002505821675368737,-139.74726467053634,0.2527353294636518,-0.10216724059499771,-0.9981947476466883,True,0.9981947476466883,T=1400us
13,2.5410638789142066,-0.004562333014494852,-271.81039239176187,8.189607608238067,,0.10501366314758948,-0.021034511924640783,-134.22613797962126,5.773862020378728,-2.415745587859339,-0.9587581284258663,True,0.9587581284258663,T=1400us
14,2.381929950626434,0.015876009015445194,-277.8519815896291,2.1480184103709057,,0.0019056357849603605,-0.013851195894287146,-138.46586533144142,1.5341346685585693,-0.6138837418123365,-0.9890418952245816,True,0.9890418952245816,T=1400us
15,2.3308436541709563,-0.006846932559124732,-277.67562847062095,2.324371529379013,,0.0872946122709898,0.0035903679089948695,-138.3469213194182,1.6530786805817876,-0.671292848797225,-0.9881922951387015,True,0.9881922951387015,T=1400us
16,2.446567591400515,0.019009603403310874,-276.22609767586846,3.7739023241314698,,-0.003960131207024641,-0.01828333061670985,-137.32508270723534,2.674917292764627,-1.0989850313668428,-0.980893447908824,True,0.980893447908824,T=1400us
17,2.2524993984802846,0.0026396749545374463,-271.18399376659306,8.81600623340691,,-0.15021893652619778,0.014529390855984236,-133.77235169486931,6.227648305130677,-2.588357928276233,-0.9555167978204951,True,0.9555167978204951,T=1400us
18,2.3711813288385377,0.002646393952649839,-279.60447817440695,0.39552182559301025,,0.0073003128814628695,-0.005893545968462019,-139.71149135781218,0.28850864218779704,-0.10701318340521321,-0.9979392239843728,True,0.9979392239843728,T=1400us
19,2.3249510009243584,-0.005921151317049681,-277.42511427621383,2.5748857237861436,,0.09108917544286564,0.0042406216692393575,-138.16937009978508,1.8306299002148811,-0.7442558235712624,-0.9869240721413223,True,0.9869240721413223,T=1400us
20,2.372861974780234,0.028405587234022808,-273.24997262153556,6.750027378464403,,0.14180877817030718,0.00954067129392132,-135.21901274689023,4.780987253109751,-1.9690401253546526,-0.965850091049216,True,0.965850091049216,T=1400us
21,2.3915496438751997,0.021316833872172054,-276.33897167928814,3.6610283207118246,,0.05577158842634999,-0.015704462139184687,-137.39404308509748,2.605956914902496,-1.055071405809329,-0.9813860220364108,True,0.9813860220364108,T=1400us
0,2.471026169039902,0.015994425487208173,-275.8992201510614,4.1007798489385365,,-0.021075457637909793,-0.018742912573771985,-137.1014628475114,2.898537152488557,-1.202242696449979,-0.9792961631965102,True,0.9792961631965102,T=1400us
1,2.395485047109995,0.009165074269572051,-279.32030848170126,0.6796915182986778,,-0.03319737338562015,-0.005717559620987085,-139.51348440175693,0.4865155982430482,-0.19317592005562959,-0.9965248885839783,True,0.9965248885839783,T=1400us
2,2.435294925163153,0.017522268028101314,-277.0369365568603,2.963063443139638,,-0.030760194673019988,-0.01544909124478846,-137.89900889698225,2.1009911030177246,-0.8620723401219136,-0.9849929206927306,True,0.9849929206927306,T=1400us
3,2.344755298304853,0.040746039312655316,-265.4849106599978,14.515089340002124,,-0.1649924494357999,-0.024444001998326862,-129.7655344629162,10.234465537083759,-4.280623802918366,-0.926896674735116,True,0.926896674735116,T=1400us
4,2.373874108501966,-0.021072657920330796,-276.17181950952863,3.8281804904713455,,-0.02440105171191812,0.01796717035267496,-137.2981566591366,2.701843340863382,-1.126337149607963,-0.9807011189938329,True,0.9807011189938329,T=1400us
5,2.4319694341309535,-0.0016632559769687875,-279.5600957901244,0.43990420987552625,,-0.01368078153994844,0.005732091638901558,-139.6991159094589,0.3008840905410839,-0.13902011933444236,-0.9978508279247066,True,0.9978508279247066,T=1400us
6,2.4938544470857673,-0.032694478221631455,-267.8762415015234,12.123758498476576,,0.20777347670169014,-0.0008050231869579859,-131.43740656275062,8.562593437249353,-3.561165061227222,-0.9388386183053617,True,0.9388386183053617,T=1400us
7,2.262954469878687,0.017491950993432856,-269.9757591559756,10.024240844024373,,-0.1687658858232464,0.013120500044942689,-132.91787296789255,7.0821270321074286,-2.9421138119169443,-0.9494133783420898,True,0.9494133783420898,T=1400us
8,2.251853436502073,-0.034031667693037886,-261.90754946777764,18.09245053222234,,0.061970466761197836,0.03875659742087807,-127.21146829771386,12.78853170228612,-5.30391882993622,-0.9086533449836706,True,0.9086533449836706,T=1400us
9,2.2252960720398094,0.007328617891674536,-267.35908490249113,12.640915097508847,,-0.11240529409039518,-0.028147745812310002,-131.10694347721062,8.893056522789369,-3.747858574719479,-0.9364781676943617,True,0.9364781676943617,T=1400us
10,2.443036157862471,0.005815626624775017,-278.97303269443,1.026967305569933,,-0.05826673441992789,0.0016893184611787276,-139.2844819448118,0.7155180551881878,-0.31144925038174526,-0.9948891567486559,True,0.9948891567486559,T=1400us
11,2.243017740655588,-0.038178168038737394,-258.44846738555685,21.55153261444312,,-0.27362248665620514,0.009329923013143266,-124.79808488222886,15.201915117771115,-6.349617496672002,-0.8914148920159206,True,0.8914148920159206,T=1400us
12,2.2849944247231107,0.03355227364938769,-265.64372116286023,14.356278837139714,,-0.11369148785763748,-0.03062334677458822,-129.88571344354636,10.114286556453619,-4.241992280686095,-0.9277550960253312,True,0.9277550960253312,T=1400us
13,2.3348106400185826,0.005420978738808796,-278.03203217614407,1.967967823855889,,0.0654732945805949,-0.008163886208759163,-138.59322401570088,1.4067759842991,-0.5611918395567893,-0.9899516001121493,True,0.9899516001121493,T=1400us
14,2.3119242672196663,0.03670254187726654,-266.07807651851834,13.921923481481588,,-0.17138084295483708,-0.02219590013411812,-130.18181032143977,9.818189678560204,-4.103733802921385,-0.92987007372457,True,0.92987007372457,T=1400us
15,2.264507883066742,-0.033156768170497834,-263.8031021602221,16.196897839777854,,0.21209720382724095,0.0178007450536247,-128.56188312928393,11.438116870716058,-4.758780969061793,-0.918299165209171,True,0.918299165209171,T=1400us
16,2.5394111050118378,-0.02130205770713078,-268.53423526186634,11.465764738133624,,0.2012928880587867,0.0023978991648071287,-131.90671693917494,8.09328306082505,-3.372481677308574,-0.9421908352798211,True,0.9421908352798211,T=1400us
17,2.533649471624918,0.009550271671934136,-272.0583570241982,7.941642975801764,,0.1422072428002079,-0.013842673959015946,-134.39253675059103,5.607463249408954,-2.3341797263928092,-0.9599466910756503,True,0.9599466910756503,T=1400us
18,2.467946819431381,-0.01872086179304183,-275.31658119985053,4.6834188001494494,,-0.12725069860479032,0.0008368058285766388,-136.72115083812136,3.2788491618786053,-1.4045696382708441,-0.9765796488437243,True,0.9765796488437243,T=1400us
19,2.3416154222711603,-0.004674267285901393,-278.43436102493257,1.5656389750673954,,0.07324412869932184,-0.0017404582492789502,-138.88276195922123,1.1172380407787592,-0.44840093428863625,-0.9920197282801517,True,0.9920197282801517,T=1400us
20,2.5037434124184332,-0.010757710215289231,-274.70660076040406,5.293399239595921,,-0.10581102176580233,-0.013410791595083918,-136.29112920271237,3.708870797287601,-1.5845284423083201,-0.97350806573366,True,0.97350806573366,T=1400us
21,2.3794022177692216,0.027937232532757837,-273.5884905892042,6.411509410795764,,0.14697255972862902,0.004930487031591199,-135.45636230818988,4.543637691810097,-1.8678717189856673,-0.9675454450584993,True,0.9675454450584993,T=1400us
0,2.284331897455426,0.02703722664950952,-268.737362362431,11.262637637568977,,-0.1959106936013871,0.006334336321411716,-132.0447744640773,7.955225535922679,-3.3074121016462987,-0.9431769604576952,True,0.9431769604576952,T=1400us
1,2.468125045621478,-0.004644257498009144,-277.93544821498705,2.0645517850128883,,-0.07034899693826846,0.007316188585324903,-138.5635599688801,1.4364400311198893,-0.6281117538929991,-0.9897397140634293,True,0.9897397140634293,T=1400us
2,2.400226278525664,0.014511827158074225,-278.31682909579723,1.6831709042027287,,-0.0322545160085459,-0.011114019233391899,-138.80012790893136,1.1998720910686274,-0.48329881313410145,-0.9914294850637955,True,0.9914294850637955,T=1400us
3,2.492359761669182,-0.0020943606057272153,-276.49694789394226,3.5030521060576834,,-0.10687520593545452,-0.0040670169823756345,-137.55082467907653,2.4491753209234566,-1.053876785134227,-0.9825058905648324,True,0.9825058905648324,T=1400us
4,2.428709829316902,0.012470776465204385,-278.4200265549336,1.5799734450663412,,-0.06050203251773577,-0.006805636961747497,-138.88308410071485,1.1169158992851256,-0.4630575457812156,-0.9920220292908205,True,0.9920220292908205,T=1400us
5,2.4517524576173595,-0.011158403594140378,-277.9113380287864,2.088661971213542,,-0.04289602150334641,0.011629119301847329,-138.5432638157395,1.456736184260492,-0.63192578695305,-0.9895947415409965,True,0.9895947415409965,T=1400us
6,2.314945892689984,0.0200617102355597,-273.83943337661134,6.1605666233886165,,0.11308037000884343,0.01489569846022001,-135.6353704234457,4.36462957655429,-1.7959370468343263,-0.9688240744531836,True,0.9688240744531836,T=1400us
7,2.502771980669915,-0.001784582070664421,-275.6868978900956,4.313102109904357,,-0.10023192672120564,-0.011084466315978498,-136.97807845764,3.021921542359978,-1.291180567544379,-0.9784148461260002,True,0.9784148461260002,T=1400us
8,2.5033415270745363,-0.014948341146971807,-273.8791370238803,6.120862976119705,,-0.09134137658977122,-0.018024253565238284,-135.70727059020606,4.292729409793912,-1.8281335663257925,-0.9693376470729006,True,0.9693376470729006,T=1400us
9,2.337645059446798,0.010349160832051802,-277.55789020952915,2.4421097904707927,,0.0684559773568345,-0.009933141866787218,-138.2561454012525,1.7438545987474894,-0.6982551917233033,-0.9875438957232322,True,0.9875438957232322,T=1400us
10,2.486347785233676,0.010947497460543323,-276.0085465075709,3.991453492429083,,-0.05663755956595718,-0.016428160993021808,-137.18836524285388,2.811634757146109,-1.179818735282974,-0.9799168945918135,True,0.9799168945918135,T=1400us
11,2.411862839583491,-0.02166361338275181,-276.19149374101755,3.8085062589823995,,-0.06443930800256199,0.015135584568772514,-137.32226634711614,2.6777336528838505,-1.1307726060985492,-0.9808733310508296,True,0.9808733310508296,T=1400us
12,2.2545411362586183,0.004135334563672434,-271.3401478169879,8.659852183012045,,-0.13737930695693332,0.01700541555647556,-133.88108411834415,6.118915881655838,-2.5409363013562056,-0.9562934579881726,True,0.9562934579881726,T=1400us
13,2.455723265570994,0.014656283486863177,-277.01580013250356,2.9841998674963888,,-0.056133356948812184,-0.013537913402443986,-137.8921605825243,2.1078394174756867,-0.8763604500207022,-0.9849440041608879,True,0.9849440041608879,T=1400us
14,2.4978822166772514,-0.0020635440883230013,-276.07383226016924,3.9261677398307198,,-0.1061124927495643,-0.007616957522353558,-137.25200131791095,2.747998682089039,-1.1781690577416808,-0.9803714379850783,True,0.9803714379850783,T=1400us
15,2.467605497163355,-0.015681715661819386,-276.1710256329312,3.828974367068713,,-0.10892441820050279,0.00583068412314526,-137.32237940847276,2.6776205915272224,-1.1513537755414907,-0.9808741386319484,True,0.9808741386319484,T=1400us
16,2.2816922113787306,-0.03442298966987932,-264.8616965302192,15.13830346978074,,0.23169816897773998,0.003934283598597801,-129.31514037209035,10.684859627909637,-4.453443841871101,-0.9236795740863597,True,0.9236795740863597,T=1400us
17,2.4568488282518874,0.018926369387650924,-275.8180849250209,4.181915074979027,,0.006215367112537682,-0.01922546072664158,-137.03795135442155,2.9620486455784127,-1.2198664294006138,-0.9788425096744399,True,0.9788425096744399,T=1400us
18,2.4381485757766135,-0.024629028306449342,-274.5571637650843,5.442836234915677,,-0.13735014500919399,0.0012560351445365912,-136.18135219075845,3.818647809241529,-1.6241884256741483,-0.9727239442197033,True,0.9727239442197033,T=1400us
19,2.3840388015120735,0.014865084717959751,-278.1297080114522,1.8702919885477638,,-0.009013987933695814,-0.01285051747865899,-138.66354576419823,1.336454235801748,-0.5338377527460159,-0.9904538983157019,True,0.9904538983157019,T=1400us
20,2.379334260195621,-0.016792677276585666,-277.57152809349867,2.428471906501285,,0.035232838616232054,0.013526119381447982,-138.2840575673715,1.7159424326284995,-0.7125294738727859,-0.9877432683383679,True,0.9877432683383679,T=1400us
21,2.3123246567546807,0.008420126865711629,-276.30629900148716,3.6937009985128166,,0.11377459546825715,0.0005675942840840885,-137.37455623265186,2.6254437673481137,-1.0682572311647027,-0.9812468302332278,True,0.9812468302332278,T=1400us
0,2.343294990305291,-0.034571411192379144,-269.13527365983896,10.864726340160974,,0.014185839778945122,-0.03084550123876841,-132.35449085904685,7.645509140953126,-3.2192171992078475,-0.9453892204217634,True,0.9453892204217634,T=1400us
1,2.393618761823854,0.004509592781347931,-279.82080498131523,0.17919501868473162,,-0.017313115423361572,-0.002938625516253894,-139.86968390225556,0.13031609774442748,-0.04887892094030414,-0.9990691707303969,True,0.9990691707303969,T=1400us
2,2.423430790881905,-0.008204858394754199,-279.23745243851147,0.7625475614884835,,0.013873778648554236,0.00783820123285088,-139.46960073811016,0.5303992618898153,-0.23214829959866806,-0.9962114338436442,True,0.9962114338436442,T=1400us
3,2.5270255910261827,0.010501917162170448,-272.59487767288255,7.405122327117395,,0.11879076189483347,-0.01722832321959384,-134.7709100981207,5.229089901879278,-2.176032425238117,-0.9626493578437194,True,0.9626493578437194,T=1400us
4,2.368980282320576,0.0008935293839829887,-279.60026201137754,0.39973798862243515,,0.0165157100246161,-0.005427655738901797,-139.70876553103363,0.2912344689663493,-0.10850351965608585,-0.9979197537930975,True,0.9979197537930975,T=1400us
5,2.3385843609375905,-0.01446498458593006,-276.7889128393685,3.2110871606314824,,0.05463608304848546,0.014439039393521067,-137.72443777118164,2.2755622288183432,-0.9355249318131393,-0.983745984079869,True,0.983745984079869,T=1400us
6,2.375964607003882,-0.017648503763793826,-277.2743713936878,2.7256286063121595,,0.027991480145035944,0.014863758223909,-138.07404983323937,1.9259501667605987,-0.7996784395515607,-0.9862432130945672,True,0.9862432130945672,T=1400us
7,2.3932324048690066,-0.018540593594152437,-277.23383902567053,2.7661609743294426,,0.005889639805610921,0.015592057435520376,-138.04984831931915,1.9501516806808241,-0.8160092936486185,-0.9860703451379941,True,0.9860703451379941,T=1400us
8,2.489983667524195,-0.008892840827819682,-276.0750470108582,3.9249529891417416,,-0.11578108371447444,-0.0018713595311092115,-137.2567248613495,2.7432751386504712,-1.1816778504912702,-0.980405177581068,True,0.980405177581068,T=1400us
9,2.4991065995839867,-0.018975712791961946,-273.1326925328374,6.867307467162557,,-0.0720470240860018,-0.0216967442088337,-135.17985118628738,4.820148813712609,-2.047158653449948,-0.9655703656163385,True,0.9655703656163385,T=1400us
10,2.4617882218040905,0.00027261238635334394,-278.44194553475273,1.558054465247232,,-0.06467117002642278,0.005360046098706808,-138.91750941597638,1.0824905840236072,-0.47556388122362475,-0.9922679243998314,True,0.9922679243998314,T=1400us
11,2.511716149806515,-0.018685704417197614,-272.15005042145486,7.849949578545107,,0.002336160025062071,-0.026277337870383947,-134.480125724363,5.519874275636971,-2.3300753029081367,-0.9605723266025931,True,0.9605723266025931,T=1400us
12,2.4733939159539218,-0.0021367836642223275,-277.7685378636466,2.231462136353346,,-0.0823995592665959,0.0046401736384366205,-138.44599058532228,1.5540094146777,-0.677452721675646,-0.9888999327523021,True,0.9888999327523021,T=1400us
13,2.3410253359636184,-0.007460270634081098,-278.13597417725543,1.864025822744494,,0.0798255306401979,0.0019238740369275766,-138.6730893793518,1.326910620648179,-0.5371152020963147,-0.9905220669953702,True,0.9905220669953702,T=1400us
14,2.5995436017313684,-0.0014869145881150905,-264.15816858564386,15.84183141435607,,-0.20082384939719142,0.019714007434683677,-128.88284579848286,11.117154201517112,-4.724677212838959,-0.9205917557034492,True,0.9205917557034492,T=1400us
15,2.3181784250060935,-0.013393699318022298,-275.8408325215201,4.15916747847985,,0.03649882830975829,0.018291439128069544,-137.05369919450277,2.9463008054971946,-1.2128666729826552,-0.9789549942464486,True,0.9789549942464486,T=1400us
16,2.466275020910861,0.016633627009526374,-275.99756100846923,4.002438991530716,,-0.019421396331417883,-0.018560422451472325,-137.16956420810897,2.8304357918909995,-1.1720031996397167,-0.9797826014864929,True,0.9797826014864929,T=1400us
17,2.5132077139294697,0.02612019070071637,-269.3529717071996,10.647028292800407,,0.08458144433567037,0.027501175997599294,-132.4995212846411,7.500478715358877,-3.146549577441529,-0.9464251520331509,True,0.9464251520331509,T=1400us
18,2.3010013961196556,0.007783002066561983,-275.53507215999156,4.464927840008403,,0.11369178279413794,0.008288222858485335,-136.83187517465691,3.1681248253430496,-1.2968030146653535,-0.9773705369618354,True,0.9773705369618354,T=1400us
19,2.371662705694019,0.007729008592656778,-279.19424623965085,0.8057537603490872,,-0.006201705045767408,-0.00846940678577104,-139.4188297214152,0.5811702785847911,-0.22458348176429618,-0.9958487837243943,True,0.9958487837243943,T=1400us
20,2.346653092045041,-0.010002910957598032,-278.03848971555664,1.9615102844433199,,0.07705999854108084,0.00480855288700164,-138.60582067616954,1.3941793238304283,-0.5673309606128918,-0.9900415762583541,True,0.9900415762583541,T=1400us
21,2.3678854578667545,0.03314099154782691,-270.8001240594249,9.199875940575048,,0.016607396104008798,0.028393308462277646,-133.5002634354336,6.499736564566395,-2.7001393760086527,-0.9535733102530972,True,0.9535733102530972,T=1400us
0,2.458629202215167,-0.01607895205300097,-276.53103082210134,3.468969177898609,,-0.06538802547337219,-0.014076513645884596,-137.54449457737462,2.4555054226253548,-1.0134637552732544,-0.982460675552676,True,0.982460675552676,T=2000us
1,2.2889011730767157,0.009163070483766621,-274.32484963157543,5.675150368424532,,-0.1341866843131863,0.006786485882741391,-135.99689192769742,4.003108072302571,-1.6720422961219605,-0.9714063709121245,True,0.9714063709121245,T=2000us
2,2.3871567345132827,0.0034727076640694164,-279.8361431038157,0.1638568961842543,,0.01080318137716518,-0.0033740205577338623,-139.88514409544362,0.1148559045563631,-0.049000991627891205,-0.9991796006817403,True,0.9991796006817403,T=2000us
3,2.479771461673317,0.018172020858857427,-274.76956319120393,5.230436808796028,,0.1146417654416518,0.011341707969486043,-136.30928029299727,3.6907197070027005,-1.5397171017933269,-0.9736377163785521,True,0.9736377163785521,T=2000us
4,2.4396938567654365,0.01180791521624294,-278.2418231313621,1.7581768686378463,,0.00880312088258051,-0.012391365002594103,-138.7569453539736,1.2430546460263692,-0.5151222226114773,-0.9911210382426688,True,0.9911210382426688,T=2000us
5,2.3777801173858495,-0.0013093124408885342,-279.78439539476017,0.21560460523979116,,0.027072885292017925,0.0003041254485692956,-139.84942244623153,0.15057755376845622,-0.06502705147133495,-0.998924446044511,True,0.998924446044511,T=2000us
6,2.371949044769809,0.015467800931958441,-277.7660811051071,2.2339188948928395,,0.08728149306159795,-0.0018071992672641366,-138.4243098810569,1.5756901189430763,-0.6582287759497634,-0.988745070578978,True,0.988745070578978,T=2000us
7,2.4404855618764243,0.04052434527469365,-266.2049325924998,13.795067407500152,,0.21657584822310444,0.0076850060881304225,-130.2551850637181,9.744814936281886,-4.050252471218267,-0.930394179026558,True,0.930394179026558,T=2000us
8,2.3720068458806995,-0.007532775330853043,-279.2261037233484,0.7738962766515608,,0.026520900409133775,0.007090898554852516,-139.45434044473387,0.5456595552661181,-0.22823672138544274,-0.9961024317480992,True,0.9961024317480992,T=2000us
9,2.5100757920600523,-0.0026758338636124943,-275.0296068435996,4.970393156400372,,0.11554800336579721,-0.010029002022875183,-136.49164416261465,3.5083558373853267,-1.4620373190150455,-0.9749403154472477,True,0.9749403154472477,T=2000us
10,2.399717464117457,-0.00743550012616285,-279.55809279581416,0.4419072041857724,,0.0019874578503596132,0.006255125041235335,-139.68647569262663,0.3135243073733521,-0.12838289681242032,-0.9977605406616189,True,0.9977605406616189,T=2000us
11,2.235150623614676,-0.0002162608586995578,-269.10034495681396,10.89965504318598,,0.19374296499944943,0.005017386434992395,-132.32770831819414,7.672291681805824,-3.227363361380156,-0.9451979165585298,True,0.9451979165585298,T=2000us
12,2.488333463798765,0.04623116889798047,-259.7437173567149,20.256282643285044,,-0.14004566875963165,-0.03589807228245726,-125.74564529160443,14.254354708395539,-6.001927934889504,-0.8981831806543176,True,0.8981831806543176,T=2000us
13,2.466876982817427,0.0008549698599533609,-278.17046583281194,1.8295341671880352,,-0.05194328435829425,-0.00964468711866744,-138.7057503681784,1.2942496318215777,-0.5352845353664574,-0.990755359772703,True,0.990755359772703,T=2000us
14,2.382508681065362,0.04209641808024671,-265.7114240337077,14.288575966292235,,0.1506757200685635,0.026263465982408165,-129.9194468340542,10.080553165945767,-4.208022800346468,-0.9279960488146731,True,0.9279960488146731,T=2000us
15,2.3070722716456857,-0.0038033365805704884,-276.3738773387331,3.6261226612668214,,-0.05629266974511523,0.015460273379032014,-137.44297648348993,2.557023516510049,-1.0690991447567724,-0.9817355463106425,True,0.9817355463106425,T=2000us
16,2.3052527851474753,0.014180291410357992,-274.7444622550647,5.255537744935225,,-0.09367225978257698,0.015497861969034165,-136.29703669517932,3.702963304820674,-1.5525744401145511,-0.9735502621084238,True,0.9735502621084238,T=2000us
17,2.2739971067070783,0.013867279953406962,-272.04282273758974,7.957177262410188,,-0.08958005584762695,-0.022343412303454414,-134.37816167130987,5.621838328690101,-2.3353389337200867,-0.9598440119379278,True,0.9598440119379278,T=2000us
18,2.4659239485331677,0.015814671255568895,-276.2288150175217,3.7711849824782617,,0.1089132181165882,-0.005685257381831908,-137.33625500130526,2.6637449986947277,-1.1074399837835338,-0.9809732500093233,True,0.9809732500093233,T=2000us
19,2.4545186674983537,0.000391099014945397,-278.785488858209,1.214511141790949,,-0.058259804739053046,-0.004584448069780002,-139.1394769290331,0.8605230709668948,-0.35398807082405426,-0.9938534066359508,True,0.9938534066359508,T=2000us
20,2.3782359308973113,0.010026603425352264,-279.00279183232385,0.9972081676761255,,0.039900927953621934,-0.006877114955572642,-139.2967280742901,0.7032719257098996,-0.293936241966226,-0.9949766291020722,True,0.9949766291020722,T=2000us
21,2.4452786304890615,0.001232866957092848,-279.1504139418247,0.849586058175247,,-0.051541418344486827,-0.002746001373762349,-139.3974118144089,0.6025881855910672,-0.24699787258417982,-0.9956957986743495,True,0.9956957986743495,T=2000us
0,2.3891503406735435,-0.029738657192827915,-272.88344497385657,7.1165550261434065,,0.12063279394449689,-0.01613947607090936,-134.97295452884626,5.027045471153714,-2.089509554989693,-0.964092532348902,True,0.964092532348902,T=2000us
1,2.2977170222748735,-0.0026847903580426084,-275.6951364761893,4.304863523810646,,-0.0945760741720256,0.012353352645311125,-136.96264676604918,3.0373532339507965,-1.2675102898598494,-0.9783046197574943,True,0.9783046197574943,T=2000us
2,2.219997552387008,0.023295817346943155,-262.7165903380812,17.283409661918807,,-0.21503703578062933,-0.019400665874270646,-127.84589202144228,12.154107978557702,-5.129301683361106,-0.9131849430103021,True,0.9131849430103021,T=2000us
3,2.4255172210919396,-0.025960736252296415,-274.34718409408447,5.652815905915466,,0.03512923914539191,-0.02164401271295202,-136.0036493164416,3.9963506835583744,-1.656465222357091,-0.9714546379745831,True,0.9714546379745831,T=2000us
4,2.2969676753281862,-0.020804575992793967,-272.2314045037559,7.768595496244038,,0.0818666946376326,-0.022707944520418254,-134.51450531777144,5.485494682228551,-2.2831008140154867,-0.9608178951269389,True,0.9608178951269389,T=2000us
5,2.5057671506672796,-0.019776887847654277,-272.3348190272633,7.665180972736657,,0.13690299190314575,0.014273892180857018,-134.58995654239558,5.410043457604393,-2.255137515132264,-0.9613568324456829,True,0.9613568324456829,T=2000us
6,2.3742162879853828,0.01723261747269444,-277.3547150849196,2.6452849150803766,,0.0956509169815527,0.0009330737275360211,-138.13410235290715,1.8658976470928346,-0.7793872679875422,-0.9866721596636226,True,0.9866721596636226,T=2000us
7,2.397933409897778,0.012463418551866638,-278.7567350028996,1.2432649971003766,,0.03038397239026253,-0.009289794123972746,-139.1215468204001,0.8784531795998753,-0.3648118175005013,-0.9937253344314294,True,0.9937253344314294,T=2000us
8,2.470415598028138,0.002578924309560437,-277.92577094811463,2.074229051885304,,-0.03725327315809962,-0.012165396835081405,-138.53356632224296,1.4664336777570128,-0.6077953741282909,-0.9895254737303071,True,0.9895254737303071,T=2000us
9,2.494310069331156,-0.016623226632182877,-274.176394967933,5.823605032066972,,0.1232989244005881,-0.01138457218340646,-135.88879136416682,4.111208635833162,-1.7123963962338107,-0.9706342240297632,True,0.9706342240297632,T=2000us
10,2.407657785842814,-0.02650112164935274,-274.36285524252133,5.637144757478598,,0.012698300866182816,-0.02224217547323524,-136.01305392040908,3.9869460795909135,-1.6501986778876845,-0.9715218137172078,True,0.9715218137172078,T=2000us
11,2.40955132221796,0.02792270431846582,-273.73116839771507,6.268831602284909,,-0.04896777544713464,0.02216536095545344,-135.58368959878638,4.4163104012136065,-1.8525212010713024,-0.9684549257056171,True,0.9684549257056171,T=2000us
12,2.419417044244211,-0.009278595327018593,-279.157721036691,0.8422789633089833,,-0.03252864803280589,0.006920596284893024,-139.40094230829587,0.5990576917041225,-0.24322127160486082,-0.9957210164878277,True,0.9957210164878277,T=2000us
13,2.454030350328513,0.014763498124026287,-277.0662663323269,2.933733667673048,,0.07240860946775468,-0.011211752396217585,-137.9269974832274,2.073002516772569,-0.8607311509004791,-0.9851928391659103,True,0.9851928391659103,T=2000us
14,2.394455096265961,0.00963150191888073,-279.245998480493,0.7540015195069821,,0.013688053114645344,-0.007863799497615566,-139.46743498679334,0.5325650132066543,-0.22143650630032788,-0.996195964191381,True,0.996195964191381,T=2000us
15,2.4794621617789234,-0.014343146647665913,-275.7845543439493,4.215445656050618,,0.0038770250112699117,-0.01929506187356308,-137.02135001578733,2.978649984212637,-1.2367956718379807,-0.9787239286841954,True,0.9787239286841954,T=2000us
16,2.4289728251500833,-0.0018597581474414247,-279.6291688989922,0.3708311010077855,,-0.03356754357406024,0.002064168914418867,-139.73565967969648,0.2643403203034899,-0.1064907807042956,-0.9981118548549751,True,0.9981118548549751,T=2000us
17,2.320292044531041,-0.011801024056601868,-276.2998871339202,3.700112866079722,,-0.0941944631038035,0.01008774683659864,-137.38354732522703,2.616452674772937,-1.0836601913067854,-0.9813110523230505,True,0.9813110523230505,T=2000us
18,2.4927802505072,0.027266478157449918,-270.55849892094113,9.441501079058805,,-0.1797031912514698,-0.0049505987042855045,-133.35214017048432,6.64785982951565,-2.7936412495431537,-0.952515286932031,True,0.952515286932031,T=2000us
19,2.4119574960139527,0.00039050469455971835,-279.94029526941927,0.059704730580709235,,-0.014363747361890153,0.00032729669356728816,-139.9569492753949,0.04305072460507408,-0.016654005975635156,-0.9996924948242495,True,0.9996924948242495,T=2000us
20,2.5114295016952273,0.003750468273545034,-274.8539240844438,5.146075915556171,,0.1328977455573242,-0.0028721589421786915,-136.36766660626884,3.6323333937311397,-1.5137425218250313,-0.974054761473349,True,0.974054761473349,T=2000us
21,2.3595508491368893,-0.018843980256549733,-276.493402123619,3.5065978763809524,,-0.10909783509449054,0.0030208476748579765,-137.5135614502111,2.486438549788861,-1.0201593265920916,-0.9822397246443653,True,0.9822397246443653,T=2000us
0,2.5106387186452155,0.0058460426402122834,-274.7637513263959,5.236248673604075,,0.1353204148203741,4.681361881373733e-05,-136.30411497172597,3.6958850282740188,-1.5403636453300567,-0.9736008212266142,True,0.9736008212266142,T=2000us
1,2.3471281697552517,-0.0006914180701103103,-278.8549353743559,1.1450646256440522,,0.056787516740894065,0.004275654553416455,-139.1958228233369,0.8041771766630805,-0.3408874489809717,-0.9942558773095495,True,0.9942558773095495,T=2000us
2,2.3982696074248655,0.02998443908391145,-272.8130520465666,7.186947953433358,,-0.13371744947951883,0.013490494640576762,-134.935472958708,5.064527041291978,-2.12242091214138,-0.9638248068479144,True,0.9638248068479144,T=2000us
3,2.4446605637304466,-0.012775224135463841,-277.880820893236,2.119179106763958,,-0.08567419112677595,-0.0011396895162380579,-138.4962751880102,1.503724811989784,-0.615454294774174,-0.9892591084857872,True,0.9892591084857872,T=2000us
4,2.2846637330025614,-0.0019753577359220196,-274.57948532115694,5.4205146788430225,,-0.13766328927573507,0.0008123482560702291,-136.17155183560052,3.828448164399453,-1.5920665144435693,-0.972653941682861,True,0.972653941682861,T=2000us
5,2.3642177266697724,-0.0025620750504338546,-279.42424157500284,0.5757584249970918,,0.04188807183006278,0.002384373880956999,-139.59612607505133,0.4038739249486581,-0.1718845000484338,-0.9971151862503668,True,0.9971151862503668,T=2000us
6,2.3877618891857004,-0.0037837405905023903,-279.8243119938026,0.17568800619733638,,0.01823152741376765,0.0026342535780902268,-139.87656670589647,0.1234332941035206,-0.05225471209381579,-0.9991183336135463,True,0.9991183336135463,T=2000us
7,2.375576159643701,0.0158493988830925,-277.74835084460227,2.251649155397675,,0.08707510744115612,-0.002405820528895783,-138.41143212574443,1.5885678742555538,-0.6630812811421214,-0.9886530866124603,True,0.9886530866124603,T=2000us
8,2.3290905462245926,-0.0029759875686768164,-277.8797980425925,2.1202019574074695,,0.03359412299406297,0.012561966879345667,-138.5081203474817,1.4918796525182656,-0.6283223048892038,-0.9893437167677267,True,0.9893437167677267,T=2000us
9,2.3502568683087226,-0.017487947159469355,-276.54527970459935,3.4547202954005805,,-0.10415986369649609,0.005556993732350907,-137.551535558133,2.448464441866975,-1.0062558535336052,-0.9825109682723787,True,0.9825109682723787,T=2000us
10,2.273548204419303,0.03221628898765034,-265.23923066124456,14.760769338755392,,-0.041925499402011644,0.035423611245016286,-129.61177133224825,10.388228667751733,-4.372540671003659,-0.9257983666589161,True,0.9257983666589161,T=2000us
11,2.3898135666078435,0.0033223771215279323,-279.8693329749086,0.130667025091341,,0.007492108642905509,-0.003166004341219954,-139.9084063336419,0.09159366635808786,-0.03907335873325315,-0.9993457595260137,True,0.9993457595260137,T=2000us
12,2.4857771450747648,0.001415469725789077,-276.99015578394125,3.009844216058704,,0.0036293297620628635,-0.016299131149635646,-137.87402451659645,2.125975483403537,-0.883868732655167,-0.9848144608328319,True,0.9848144608328319,T=2000us
13,2.451577351082276,0.0052873853171595065,-278.690408045062,1.3095919549379487,,-0.041322966955357573,-0.00850305165502509,-139.0732914094722,0.9267085905277657,-0.3828833644101831,-0.9933806529248017,True,0.9933806529248017,T=2000us
14,2.4358253782958665,-0.02001574785186847,-276.27343847152275,3.7265615284771823,,-0.0802011839826321,-0.012902582585986895,-137.35993790955877,2.6400620904412206,-1.0864994380359616,-0.9811424136397056,True,0.9811424136397056,T=2000us
15,2.3974223599877122,-0.002100957636477436,-279.96200319047,0.03799680952994811,,0.005995236521695683,0.0015590441158297916,-139.9732217652787,0.026778234721280242,-0.011218574808667869,-0.999808726894848,True,0.999808726894848,T=2000us
16,2.410616566301041,0.004379473649033314,-279.80060188355174,0.1993981164482267,,-0.01699583669948777,-0.003211507531536697,-139.8584961324415,0.141503867558483,-0.05789424888974372,-0.998989258088868,True,0.998989258088868,T=2000us
17,2.4125610238223296,-0.024836978914588356,-275.0051300057177,4.994869994282258,,-0.034162205954893665,-0.020309619267793785,-136.4647683804828,3.5352316195171745,-1.4596383747650838,-0.9747483455748773,True,0.9747483455748773,T=2000us
18,2.3618987977636023,0.020787632288079342,-275.95302396899837,4.046976031001602,,0.06492944068332165,0.015785496587842757,-137.14876005947167,2.851239940528299,-1.195736090473303,-0.9796340004247979,True,0.9796340004247979,T=2000us
19,2.502371881187834,-0.02614668620820915,-270.2814009781166,9.718599021883369,,-0.027305403040964623,0.028958662698240635,-133.14509678320832,6.8549032167916755,-2.8636958050916945,-0.9510364055943452,True,0.9510364055943452,T=2000us
20,2.3887147422378385,-0.016453300492471134,-277.78426628809075,2.215733711909204,,-0.06869811840901732,0.008739686678317395,-138.4275115679684,1.5724884320315697,-0.6432452798776344,-0.988767939771203,True,0.988767939771203,T=2000us
21,2.368570150567667,0.03359559024177005,-270.57541944728973,9.424580552710234,,-0.09438687900573423,-0.02463222472318985,-133.34017497496316,6.659825025036817,-2.764755527673418,-0.952429821249737,True,0.952429821249737,T=2000us
0,2.3817924866626456,-0.006786791025456324,-279.4962793720638,0.5037206279362014,,0.021807349194897824,0.005682743931917444,-139.64465680764127,0.3553431923586961,-0.14837743557750532,-0.997461834340295,True,0.997461834340295,T=2000us
1,2.405419912258873,-0.001996471544044537,-279.9561261270632,0.04387387293671503,,-0.0033028286035869255,0.001916179083801995,-139.9684225876775,0.03157741232247453,-0.012296460614240499,-0.9997744470548394,True,0.9997744470548394,T=2000us
2,2.4390643273509904,0.019765378577628872,-276.25401635587923,3.7459836441207357,,0.11426973059790993,8.28862346264139e-07,-137.35447004972875,2.6455299502712286,-1.1004536938495073,-0.9811033574980627,True,0.9811033574980627,T=2000us
3,2.3383000568543046,0.009506581307504607,-277.724658164506,2.275341835493946,,0.0788421422161156,0.006473643582343255,-138.39934782747085,1.6006521725291285,-0.6746896629648179,-0.9885667701962205,True,0.9885667701962205,T=2000us
4,2.475496136725727,0.002675461185186972,-277.6208080007706,2.379191999229374,,-0.024363019803634627,-0.013970987762491543,-138.3186146734479,1.681385326552076,-0.6978066726772979,-0.9879901048103423,True,0.9879901048103423,T=2000us
5,2.3043471867789687,0.010501580611182403,-275.40054485104264,4.599455148957293,,-0.05946244993571561,0.017748765726924888,-136.76087888159154,3.23912111840843,-1.3603340305488627,-0.976863420582797,True,0.976863420582797,T=2000us
6,2.4102309519083587,0.028335722052160117,-273.53995932578096,6.460040674218977,,-0.06572576519569656,0.021428834088082917,-135.4490972487635,4.550902751236483,-1.9091379229824943,-0.9674935517768822,True,0.9674935517768822,T=2000us
7,2.428403496548012,-0.019561090084774867,-276.6119676698813,3.3880323301186492,,-0.09464897345146778,-0.00853065899757828,-137.59792263614798,2.4020773638519892,-0.9859549662666598,-0.9828423045439144,True,0.9828423045439144,T=2000us
8,2.521899630684368,0.019359278994490175,-270.9912514056486,9.00874859435134,,-0.1640217144464166,0.010855711861890494,-133.66199914460037,6.338000855399612,-2.6707477389517273,-0.9547285653185742,True,0.9547285653185742,T=2000us
9,2.4276566765169023,-0.0023918757592976685,-279.64154182742135,0.35845817257860507,,-0.031641024029026694,0.0025258011922708865,-139.744380721448,0.25561927855195604,-0.10283889402664904,-0.9981741480103432,True,0.9981741480103432,T=2000us
10,2.3417242027239977,0.03363658436288887,-269.5713625359492,10.428637464050725,,0.04891361022100826,-0.029353115368483732,-132.62515772967862,7.374842270321344,-3.05379519372938,-0.9473225552119904,True,0.9473225552119904,T=2000us
11,2.4295140102937043,0.0025230001855963435,-279.59300392401326,0.4069960759867236,,-0.03604215755279183,-0.0017252886627485728,-139.71075158574135,0.28924841425863046,-0.11774766172809312,-0.9979339398981526,True,0.9979339398981526,T=2000us
12,2.283023707543775,-0.006346109558525881,-274.1359729935692,5.864027006430755,,-0.13210053897844226,-0.008813602506228318,-135.85486744818806,4.145132551811917,-1.7188944546188376,-0.9703919103442006,True,0.9703919103442006,T=2000us
13,2.4520452885250377,0.03376214589761534,-269.7836629449,10.216337055099947,,-0.10512771773282098,-0.024928623401779225,-132.79078507685898,7.209214923141006,-3.0071221319589405,-0.94850560769185,True,0.94850560769185,T=2000us
14,2.3829146292834835,0.020604524630161977,-276.4874528391022,3.512547160897731,,0.09924584070132549,0.00772629458199028,-137.5226117954677,2.477388204532279,-1.0351589563654522,-0.9823043699676266,True,0.9823043699676266,T=2000us
15,2.273481666523851,0.005741676159392992,-273.26427196771385,6.735728032286126,,-0.13489275584575963,-0.01165027224229552,-135.24234461519347,4.757655384806499,-1.9780726474796266,-0.9660167472513821,True,0.9660167472513821,T=2000us
16,2.3769081902471134,-0.023041964015636112,-275.5385109968631,4.461489003136857,,-0.0999100126684446,-0.011919112264903518,-136.83761217004,3.1623878299599992,-1.2991011731768582,-0.9774115155002857,True,0.9774115155002857,T=2000us
17,2.3176407686039466,0.024198747488139567,-272.5586459243543,7.441354075645653,,-0.1577063316904316,-0.005673781748294789,-134.74676215360344,5.253237846396539,-2.188116229249114,-0.962476872525739,True,0.962476872525739,T=2000us
18,2.3610484973743637,0.001856519887480837,-279.35246450449,0.6475354955099745,,0.04675634964582707,-0.0009843079360725437,-139.54580512054324,0.4541948794567525,-0.1933406160532219,-0.9967557508610232,True,0.9967557508610232,T=2000us
19,2.388641316426805,0.013883745716341676,-278.40661743732363,1.5933825626763405,,0.05544151334232417,-0.00789258370696485,-138.87481960412248,1.1251803958775084,-0.46820216679883225,-0.9919629971723035,True,0.9919629971723035,T=2000us
20,2.328216188414462,-0.027908703293125475,-271.6746550811034,8.32534491889653,,0.1584267662107768,-0.01021970113580885,-134.12438984275883,5.875610157241142,-2.449734761655388,-0.9580313560197061,True,0.9580313560197061,T=2000us
21,2.4048373155195124,-0.02766555782020492,-273.8731600707832,6.126839929216802,,0.05307414736158702,-0.021678480660760554,-135.6689190450719,4.331080954928071,-1.79575897428873,-0.9690637074647995,True,0.9690637074647995,T=2000us
0,2.468884033486536,0.013594725179515469,-276.5884556651043,3.411544334895705,,0.08757726903962772,-0.010312230710146976,-137.59002021145363,2.409979788546354,-1.001564546349351,-0.9827858586532403,True,0.9827858586532403,T=2000us
1,2.430876016603406,-0.0018068719994582406,-279.58418309363054,0.4158169063693872,,-0.03618547032027305,0.0018936057992428536,-139.70376999256635,0.2962300074336229,-0.11958689893576432,-0.9978840713754741,True,0.9978840713754741,T=2000us
2,2.326611913879371,0.003752408615084708,-277.6928394398486,2.3071605601513445,,0.05739804531427591,0.01090110247597546,-138.3779701929684,1.622029807031581,-0.6851307531197633,-0.9884140728069173,True,0.9884140728069173,T=2000us
3,2.3710432783717,0.019410215143467455,-276.64599545358686,3.3540045464130706,,0.09491775844108512,0.008172971142697162,-137.63538871437058,2.364611285629394,-0.9893932607836767,-0.9831099193883615,True,0.9831099193883615,T=2000us
4,2.3912789511615915,-0.017448510815010296,-277.53558959289506,2.4644104071049187,,-0.08231586775498251,0.006805032939814167,-138.25075204577666,1.7492479542233261,-0.7151624528815926,-0.9875053717555476,True,0.9875053717555476,T=2000us
5,2.248157999365117,-0.024957524890129385,-265.74686306299884,14.253136937001136,,-0.22064080930180854,0.007268834972769697,-129.96591390350213,10.034086096497852,-4.219050840503283,-0.9283279564535868,True,0.9283279564535868,T=2000us
6,2.404673506355338,-0.018898274842193415,-277.13661171806734,2.863388281932611,,-0.09983065105873141,0.001044239403438653,-137.96753828587222,2.032461714127752,-0.8309265678048589,-0.9854824163276589,True,0.9854824163276589,T=2000us
7,2.36912208656907,-0.009662242480945774,-278.8640644800781,1.1359355199218142,,0.015063957683814225,0.009725043045833902,-139.19769667596572,0.8023033240342663,-0.33363219588754783,-0.9942692619711838,True,0.9942692619711838,T=2000us
8,2.4329758723814368,0.012166854370693482,-278.3723704566438,1.6276295433561403,,0.00991919625107134,-0.011894312338152468,-138.84915051040116,1.1508494895988115,-0.47678005375732885,-0.9917796465028657,True,0.9917796465028657,T=2000us
9,2.5065963349839793,0.007383117818588099,-274.9543296652036,5.045670334796352,,0.13265658966972405,-0.0009998190926753553,-136.43837485917928,3.5616251408206994,-1.484045193975652,-0.9745598204227093,True,0.9745598204227093,T=2000us
10,2.445270669624298,0.013574309532799395,-277.69015671691136,2.309843283088572,,0.03961128076218326,-0.012812449946738774,-138.3673997891373,1.6326002108626883,-0.677243072225884,-0.9883385699224093,True,0.9883385699224093,T=2000us
11,2.368641670731267,-0.0011638881448985854,-279.58718785035666,0.41281214964331586,,0.03743447849064504,0.0005861958745132206,-139.71091138833384,0.28908861166613986,-0.12372353797717604,-0.9979350813452419,True,0.9979350813452419,T=2000us
12,2.586385718115294,-0.011031618055071081,-265.17042755402997,14.829572445969989,,0.16970653876182473,-0.02417889763877725,-129.55876973505116,10.441230264948816,-4.388342181021173,-0.9254197838217941,True,0.9254197838217941,T=2000us
13,2.481052078798206,0.001307758980370809,-277.3117111378453,2.688288862154671,,-0.015885293672794048,-0.015204969695206924,-138.10061665595603,1.8993833440439405,-0.7889055181107308,-0.9864329761139718,True,0.9864329761139718,T=2000us
14,2.3066817173204393,0.0033193907826217376,-276.372045281419,3.627954718580983,,-0.020688436744897686,0.01756751815660723,-137.44587624850865,2.5541237514913218,-1.0738309670896613,-0.9817562589179192,True,0.9817562589179192,T=2000us
15,2.3559346141203674,-0.030144960982290046,-271.9439098917262,8.05609010827377,,0.15813772996718636,-0.009118096444695543,-134.31269216910107,5.687307830898903,-2.3687822773748666,-0.9593763726364364,True,0.9593763726364364,T=2000us
16,2.318149243985176,-0.03588262710709032,-266.9819171658068,13.018082834193146,,-0.18686776441721642,0.016644997631807736,-130.82221346899857,9.1777865310014,-3.8402963031917445,-0.9344443819214185,True,0.9344443819214185,T=2000us
17,2.49048078736897,-0.012084211378923255,-275.50372342150575,4.49627657849418,,0.04252174935985241,-0.018736974565145992,-136.82471795762257,3.175282042377398,-1.3209945361167814,-0.9773194139830186,True,0.9773194139830186,T=2000us
18,2.2750373182059405,0.019750125441099692,-270.56655907746165,9.433440922538306,,0.037418965506732904,-0.028251312969787213,-133.33484654324263,6.665153456757357,-2.7682874657809493,-0.9523917610231617,True,0.9523917610231617,T=2000us
19,2.322498238235626,0.0065214389162771445,-277.21364507650696,2.786354923493001,,0.05029806946517989,0.013436604738206716,-138.0405093726243,1.9594906273756647,-0.8268642961173361,-0.9860036383758881,True,0.9860036383758881,T=2000us
20,2.274664248670347,0.012206107997597939,-272.456024312514,7.543975687485974,,-0.11417771852470528,-0.018338917099570553,-134.67070862900272,5.329291370997256,-2.214684316488718,-0.9619336330643053,True,0.9619336330643053,T=2000us
21,2.348072822627641,0.00028461870318625406,-278.8984457567703,1.101554243229659,,0.05822286318230183,0.0031994773807089323,-139.22651515592807,0.7734848440719103,-0.3280693991577486,-0.9944751082566292,True,0.9944751082566292,T=2000us
0,2.6055144592330306,-0.022609203977250195,-259.1584686334357,20.841531366564247,,-0.26731302461315165,0.009858243872843528,-125.3443996606711,14.655600339328881,-6.185931027235364,-0.8953171404333651,True,0.8953171404333651,T=2000us
1,2.4661047612120086,-0.032437541918391835,-269.8084638238953,10.19153617610464,,-0.0298939521820883,0.029613073747048295,-132.80849797484433,7.191502025155658,-3.000034150948982,-0.9486321283917453,True,0.9486321283917453,T=2000us
2,2.40493151406354,-0.009759214053613368,-279.2288345423002,0.7711654576997734,,-0.013975941701243685,0.007970711132004812,-139.45227609993307,0.547723900066903,-0.22344155763287046,-0.9960876864280935,True,0.9960876864280935,T=2000us
3,2.432865499771475,-0.023122053159441658,-275.2854907900927,4.7145092099072885,,-0.03055994547404881,-0.01983693941601055,-136.66405184735657,3.3359481526434007,-1.378561057263888,-0.97617179890969,True,0.97617179890969,T=2000us
4,2.552740685100242,0.015519826716146507,-268.691827697942,11.30817230205794,,-0.13185235645311516,-0.023583573593777208,-132.04351155304016,7.956488446959808,-3.3516838550981327,-0.9431679396645728,True,0.9431679396645728,T=2000us
5,2.3529733582287324,0.019108843206333232,-276.17834330886717,3.8216566911327887,,0.0654987762548089,0.015077934343858098,-137.3082022358687,2.691797764131284,-1.129858927001505,-0.9807728731133479,True,0.9807728731133479,T=2000us
6,2.4973031311144607,6.047464309484255e-06,-276.1534652211805,3.8465347788194655,,0.05353209263811035,-0.01632822515808736,-137.28419914775063,2.715800852249345,-1.1307339265701206,-0.9806014224839332,True,0.9806014224839332,T=2000us
7,2.4277600912062556,0.009828804298293258,-278.9128137886946,1.0871862113053383,,-0.013394247379367879,-0.009572921233361963,-139.23087598583137,0.7691240141686139,-0.3180621971367245,-0.9945062570416527,True,0.9945062570416527,T=2000us
8,2.330905700717551,-0.0041838769353328776,-277.91389597965207,2.086104020347912,,0.028741147275402147,0.012751385360341745,-138.5315867022251,1.4684132977748934,-0.6176907225730186,-0.9895113335873222,True,0.9895113335873222,T=2000us
9,2.344117811632564,0.011129324899670206,-277.7354465797958,2.2645534202041917,,0.08327864445420458,0.0047772603115549764,-138.40617869278287,1.5938213072170901,-0.6707321129871016,-0.9886155620913065,True,0.9886155620913065,T=2000us
10,2.4608861840808927,-0.029494042113815042,-271.5349603042206,8.465039695779382,,0.1378351443239429,0.01637719605618949,-134.02373768789994,5.976262312100051,-2.4887773836793303,-0.9573124120564283,True,0.9573124120564283,T=2000us
11,2.4019365378381217,0.0028479907479593202,-279.93363887642755,0.06636112357239671,,-0.006457555598201506,-0.002193559410251747,-139.95301360004638,0.0469863999535977,-0.019374723618799012,-0.9996643828574743,True,0.9996643828574743,T=2000us
12,2.435903916592199,-0.026698027127142483,-273.77626658308475,6.223733416915235,,0.09333869262793126,-0.018127065300717435,-135.60304976438917,4.396950235610798,-1.8267831813044368,-0.96859321260278,True,0.96859321260278,T=2000us
13,2.327013221769883,-0.016169027201666603,-275.73970104062255,4.260298959377434,,-0.12196099666456633,0.0009603821849768173,-136.98296624984232,3.017033750157664,-1.2432652092197702,-0.9784497589274452,True,0.9784497589274452,T=2000us
14,2.4743925954749617,0.02467233236561923,-272.87995069793726,7.120049302062681,,-0.05409460336424882,0.023508272275796896,-134.98581109758302,5.014188902416965,-2.1058603996457164,-0.964184364982736,True,0.964184364982736,T=2000us
15,2.436263975390261,0.003614652005277506,-279.3581085526573,0.6418914473426188,,-0.041674012517036736,-0.003545946081725835,-139.54471969584446,0.45528030415550164,-0.18661114318711716,-0.9967479978274607,True,0.9967479978274607,T=2000us
16,2.3858985608495744,0.003679669448639934,-279.8104473244373,0.18955267556265593,,0.012379600242343589,-0.0035651040856926096,-139.86707278176368,0.1329272182362868,-0.056625457326369116,-0.9990505198697408,True,0.9990505198697408,T=2000us
17,2.39638676680261,0.01680829990594725,-277.73664749861575,2.2633525013842095,,0.07985429592077047,-0.006129594207538806,-138.40145004109613,1.5985499589038608,-0.6648025424803488,-0.9885817860078295,True,0.9885817860078295,T=2000us
18,2.5776894311606937,-0.024330713737335665,-262.645659333277,17.354340666722933,,0.21023604844382887,0.02086417410306549,-127.76583871807027,12.234161281929712,-5.120179384793222,-0.912613133700502,True,0.912613133700502,T=2000us
19,2.481383815981218,-0.03608224126972266,-266.8979832819106,13.102016718089308,,-0.19446920433475104,-0.014555545845551738,-130.78102499496427,9.218975005035698,-3.8830417130536095,-0.9341501785354593,True,0.9341501785354593,T=2000us
20,2.4778670153645272,0.008666054341336398,-276.93030959726195,3.0696904027380074,,0.04589024451344243,-0.014747218946129053,-137.83171373235373,2.168286267646232,-0.9014041350917752,-0.984512240945384,True,0.984512240945384,T=2000us
21,2.4045507464991513,-0.03344557863762885,-271.05114685272923,8.948853147270714,,0.1515168669562681,0.014582571207851553,-133.68249216585343,6.31750783414655,-2.631345313124165,-0.9548749440418104,True,0.9548749440418104,T=2000us
0,2.453004150456583,-0.016920928758437745,-276.5646744877006,3.4353255122993747,,-0.07300581404784451,-0.012980281403539696,-137.56742067082234,2.4325793291776345,-1.0027461831217401,-0.9826244333630169,True,0.9826244333630169,T=2000us
1,2.6074811631137305,-0.013040802869895961,-261.5725858751904,18.427414124809562,,0.0076333460619202285,0.04028771577797604,-127.01557539963001,12.984424600369975,-5.442989524439588,-0.9072541099973573,True,0.9072541099973573,T=2000us
2,2.334774804641278,-0.013126615038273266,-276.88784657251693,3.112153427483045,,-0.0718469989521562,0.011993107782479065,-137.79853060267052,2.2014693973294603,-0.9106840301535846,-0.9842752185905038,True,0.9842752185905038,T=2000us
3,2.515319284060306,-0.0009479629156269176,-274.6050614509634,5.39493854903656,,0.135457992988661,-0.0036153264064619807,-136.19224825544663,3.8077517445533386,-1.5871868044832211,-0.9728017732531904,True,0.9728017732531904,T=2000us
4,2.45857652936965,-0.004618620253528408,-278.4293554832063,1.5706445167936636,,-0.0704002754531905,-0.00359324216544406,-138.886708519182,1.1132914808179668,-0.4573530359756968,-0.9920479179941574,True,0.9920479179941574,T=2000us
5,2.3128026357533176,0.01007294461685562,-276.0958190660242,3.9041809339757494,,-0.004284249743756498,0.01852830487767444,-137.25246122500832,2.747538774991657,-1.1566421589840923,-0.9803747230357739,True,0.9803747230357739,T=2000us
6,2.5009774313660604,0.018161075703218364,-273.2235793772813,6.776420622718662,,0.025590543834710253,0.024097271545090736,-135.2250834250693,4.774916574930674,-2.0015040477879884,-0.9658934530362094,True,0.9658934530362094,T=2000us
7,2.3084787181124256,-0.0003042522720206477,-276.5935647410361,3.406435258963856,,-0.02388753570395527,0.0168992538516454,-137.60081782460125,2.39918217539873,-1.0072530835651259,-0.9828629844614376,True,0.9828629844614376,T=2000us
8,2.404160053489438,0.01899572122065095,-277.10895403653103,2.891045963468934,,0.09899749318026034,-0.002532804704986738,-137.95837929653686,2.041620703463113,-0.8494252600058211,-0.9854169949752635,True,0.9854169949752635,T=2000us
9,2.5140568845903632,0.017013270788790526,-272.41502740593614,7.584972594063832,,-0.04037041807661426,0.025032060669668545,-134.65895059436116,5.341049405638832,-2.243923188425,-0.9618496471025798,True,0.9618496471025798,T=2000us
10,2.412701901570031,-0.012310962421770877,-278.7226758497454,1.277324150254603,,-0.04296334557190036,0.008147670636661412,-139.09237818748045,0.9076218125195252,-0.3697023377350779,-0.9935169870534319,True,0.9935169870534319,T=2000us
11,2.2863396387554236,-0.02154480931620967,-271.0547770064463,8.945222993553687,,0.16687342349907747,-0.009533250353227813,-133.69206014893814,6.307939851061848,-2.637283142491839,-0.9549432867781297,True,0.9549432867781297,T=2000us
12,2.4220412375591773,-0.012574687714046297,-278.5375446321039,1.4624553678960486,,-0.058542020331451644,0.006522485106097155,-138.96072586145914,1.0392741385408484,-0.4231812293552001,-0.9925766132961368,True,0.9925766132961368,T=2000us
13,2.3842720650598634,0.03234482113020484,-271.53724746890356,8.462752531096386,,-0.16375766272473113,-0.008613935116778835,-134.0278635050546,5.972136494945372,-2.4906160361510143,-0.9573418821789617,True,0.9573418821789617,T=2000us
14,2.511997536335883,0.00015763356019015036,-274.91516607557867,5.084833924421287,,0.126696994605699,-0.006559907583369313,-136.41090603748157,3.589093962518408,-1.4957399619028793,-0.9743636145534399,True,0.9743636145534399,T=2000us
15,2.440966747132212,-0.021881944134753712,-275.48735063510173,4.5126493648982215,,-0.03434659985699134,-0.019218134166802965,-136.807013738503,3.1929862614969746,-1.319663103401247,-0.9771929552750216,True,0.9771929552750216,T=2000us
16,2.5156962068750452,-2.1435489169364826e-05,-274.57730638309295,5.422693616907014,,0.13683618607291484,-0.002483997014430925,-136.17268972415195,3.8273102758480304,-1.5953833410589833,-0.9726620694582283,True,0.9726620694582283,T=2000us
17,2.315442037465927,-0.0004682293787842708,-277.08847623781685,2.911523762183108,,0.007556984405306254,0.015967235206362295,-137.9506296429175,2.049370357082467,-0.8621534051006411,-0.9853616403065538,True,0.9853616403065538,T=2000us
18,2.432679240659879,0.022422468156604387,-275.5451340087307,4.454865991269229,,0.10699100981732161,0.010139564207323896,-136.85633510691338,3.143664893086603,-1.3112010981826259,-0.9775452507636672,True,0.9775452507636672,T=2000us
19,2.3087189686567524,0.0021052847618118794,-276.57662886824505,3.4233711317549234,,-0.012368883544568868,0.01725156089019911,-137.59003385165735,2.4099661483426367,-1.013404983412287,-0.9827859560832669,True,0.9827859560832669,T=2000us
20,2.457071720970343,-0.01763806412936896,-276.1842388987551,3.815761101244879,,-0.0532513164333049,-0.01629174082110115,-137.29981826834506,2.7001817316549226,-1.1155793695899563,-0.9807129876310363,True,0.9807129876310363,T=2000us
21,2.3472050231262718,-0.02609340740342395,-273.42029453680533,6.579705463194641,,0.028365613715270032,-0.02369575395348862,-135.34786186579493,4.652138134205065,-1.927567328989576,-0.9667704418985352,True,0.9667704418985352,T=2000us
0,2.422216309030178,0.016066924511557796,-277.7349484458677,2.265051554132242,,0.06192968544063911,-0.010120211117438176,-138.39913622201126,1.600863777988704,-0.664187776143538,-0.9885652587286521,True,0.9885652587286521,T=2000us
1,2.438611838997501,0.02080114561343011,-275.93254163124067,4.06745836875931,,0.1161987252596553,0.004140214841109667,-137.12828165054538,2.8717183494545986,-1.1957400193047123,-0.9794877260753243,True,0.9794877260753243,T=2000us
2,2.266667570152525,-0.051865409231443234,-251.3212740001194,28.67872599988057,,0.3233672144240078,0.005885272699287864,-119.8884526653581,20.11154733464187,-8.567178665238702,-0.8563460904668437,True,0.8563460904668437,T=2000us
3,2.513245416233005,-0.014462943315386266,-273.1306616411465,6.869338358853447,,0.14983405635075822,0.0064320926443915466,-135.15177465745245,4.848225342547537,-2.02111301630591,-0.9653698189818033,True,0.9653698189818033,T=2000us
4,2.363742842947143,0.014932259654107325,-277.6806469556535,2.3193530443464665,,0.08961304390831033,0.0005017633650559323,-138.36499780263404,1.6350021973659394,-0.6843508469805272,-0.9883214128759575,True,0.9883214128759575,T=2000us
5,2.401341461536375,0.006053504903655812,-279.70638202083774,0.29361797916223525,,-0.006103275944531688,-0.005001671420409539,-139.7924366997527,0.2075633002472835,-0.08605467891495173,-0.9985174049982337,True,0.9985174049982337,T=2000us
6,2.3067786817514246,0.012719754391226325,-275.17430289554267,4.82569710445727,,-0.06647728926818447,0.017677919789216907,-136.6012820120654,3.3987179879345653,-1.4269791165227046,-0.9757234429433246,True,0.9757234429433246,T=2000us
7,2.5065677371425905,0.008306431892084893,-274.84100109390573,5.15899890609424,,0.13408618989373508,0.0012158817361595524,-136.35854987707185,3.641450122928136,-1.5175487831661036,-0.9739896419790848,True,0.9739896419790848,T=2000us
8,2.4320500667481295,0.020569764703350524,-276.19838059857364,3.8016194014263305,,0.11434979947066173,0.0020981225630766717,-137.3156130166247,2.6843869833752687,-1.1172324180510615,-0.9808258072616052,True,0.9808258072616052,T=2000us
9,2.2074249510863684,0.0015437179031706058,-265.21355826915453,14.786441730845413,,-0.19476450751624122,0.018875240161688622,-129.60458758685797,10.395412413142004,-4.391029317703409,-0.9257470541918428,True,0.9257470541918428,T=2000us
10,2.394050804761326,-0.015859583380752867,-277.97521558412313,2.0247844158768227,,-0.06301908118407783,0.008859286783827011,-138.56272474908906,1.4372752509109175,-0.5875091649659051,-0.9897337482077792,True,0.9897337482077792,T=2000us
11,2.4188823270678563,-0.046330040021304655,-262.6986577782941,17.301342221705884,,0.23185261373120966,-0.014128177018146532,-127.82998208230806,12.17001791769192,-5.1313243040139636,-0.9130713005879149,True,0.9130713005879149,T=2000us
12,2.4366197209286296,0.019819578191130074,-276.31239878443444,3.6876012155655213,,0.11336033956295824,-0.00020965735171742737,-137.395666444156,2.6043335558439775,-1.083267659721544,-0.9813976174582573,True,0.9813976174582573,T=2000us
13,2.4377648879516425,0.0007455885638203323,-279.4127291180774,0.5872708819225544,,-0.044825581076554884,-0.0009228681192060677,-139.58279911717116,0.41720088282880063,-0.17006999909375373,-0.99701999369408,True,0.99701999369408,T=2000us
14,2.3048381544022183,-0.014635643350638147,-274.6077996320978,5.392200367902167,,-0.12241662404427339,-0.00990456396383717,-136.18399432571883,3.8160056742811626,-1.5761946936210045,-0.9727428166122775,True,0.9727428166122775,T=2000us
15,2.517494440041436,0.0003119139433605114,-274.4083630524974,5.59163694750255,,0.13989483937859185,5.989427202304461e-05,-136.05362158921145,3.9463784107885376,-1.6452585367140113,-0.9718115827800818,True,0.9718115827800818,T=2000us
16,2.4463400094920336,0.013561147637863397,-277.65305849318594,2.3469415068140234,,0.04083685211201644,-0.012842037970024395,-138.3412136608595,1.6587863391404818,-0.6881551676735416,-0.9881515261489966,True,0.9881515261489966,T=2000us
17,2.3372883922255188,-0.0340834900286016,-269.1111001708594,10.888899829140529,,0.04281678813478773,0.03023671134431843,-132.3183712600688,7.681628739931163,-3.2072710892093657,-0.9451312232862059,True,0.9451312232862059,T=2000us
18,2.4299487040048673,-0.01155676774988282,-278.5658600214195,1.4341399785804514,,-0.06287272778799634,0.005161423208162756,-138.98085234099267,1.0191476590073039,-0.4149923195731476,-0.9927203738642335,True,0.9927203738642335,T=2000us
19,2.354372826856487,0.013709756633886764,-277.64740362646705,2.3525963735329225,,0.08852383789885539,0.002818915175482737,-138.34272976677045,1.6572702332295413,-0.6953261403033812,-0.9881623554769319,True,0.9881623554769319,T=2000us
20,2.398203586588434,0.026625706933204246,-274.33262319977933,5.667376800220597,,-0.007487267304427627,0.02231979021655011,-136.00692286319878,3.993077136801191,-1.6742996634194065,-0.9714780204514201,True,0.9714780204514201,T=2000us
21,2.394843173103176,0.010295636953450506,-279.14192313844796,0.8580768615519914,,0.01708363318825613,-0.008268690859064553,-139.3938643773042,0.6061356226957714,-0.25194123885622005,-0.9956704598378874,True,0.9956704598378874,T=2000us
0,2.5211960341129123,0.003956087114655908,-273.9300564717634,6.069943528236564,,0.1324460804477184,0.009624443521015498,-135.71715227378826,4.282847726211722,-1.7870958020248418,-0.9694082305270592,True,0.9694082305270592,T=2000us
1,2.3719317737273435,0.009569498381825916,-278.9459870589371,1.0540129410628625,,0.047684506102670665,-0.005902933140188728,-139.25718449188466,0.7428155081153129,-0.3111974329475496,-0.9946941749420335,True,0.9946941749420335,T=2000us
2,2.4412541041412745,-0.007517149901783344,-278.8530059093295,1.1469940906704363,,-0.06054953397075318,0.002897640774637682,-139.18498999155412,0.8150100084458479,-0.3319840822245884,-0.9941784999396726,True,0.9941784999396726,T=2000us
3,2.3662063228840693,-0.011503324869758821,-278.47559674227165,1.5244032577282831,,-0.0026626336333390615,0.01160552994746694,-138.92206341537383,1.0779365846261417,-0.4464666731021414,-0.9923004529669561,True,0.9923004529669561,T=2000us
4,2.3924494734510255,0.0019727857702706033,-279.94557311138686,0.05442688861307737,,0.005548762757564855,-0.0019878393411361787,-139.962120377466,0.03787962253399596,-0.016547266079081416,-0.9997294312676143,True,0.9997294312676143,T=2000us
5,2.325515778156762,0.003283665744807571,-277.6534186083392,2.3465813916607186,,0.05405682823290627,0.011480349286728617,-138.35017924648264,1.6498207535173328,-0.6967606381433857,-0.9882155660463048,True,0.9882155660463048,T=2000us
6,2.4099167635210095,0.013045417723915334,-278.5995979174864,1.400402082513544,,0.025270310173620986,-0.010369452697112109,-139.01005160383215,0.9899483961678343,-0.4104536863457098,-0.9929289400273726,True,0.9929289400273726,T=2000us
7,2.3689229025613185,-0.0025298923792316016,-279.5540331872927,0.44596681270727256,,0.03734561526428353,0.0018590590473220156,-139.68739162419027,0.31260837580970413,-0.13335843689756846,-0.9977670830299307,True,0.9977670830299307,T=2000us
8,2.4730248342921604,0.01532485147098136,-275.9499351013419,4.050064898658068,,0.11619677055648145,-0.003965503847161266,-137.1396912916614,2.8603087083385987,-1.189756190319469,-0.9795692235118671,True,0.9795692235118671,T=2000us
9,2.558654459932377,0.02829079532518304,-263.4929134150539,16.50708658494602,,0.07137808438015994,0.036412234504643634,-128.36498854234753,11.635011457652455,-4.872075127293565,-0.9168927753024825,True,0.9168927753024825,T=2000us
10,2.448314191159095,0.03012606217374754,-271.79294641052445,8.207053589475477,,-0.1627526066222299,0.007639574244329838,-134.21899760172545,5.781002398274533,-2.4260511912009433,-0.9587071257266104,True,0.9587071257266104,T=2000us
11,2.381572112459484,0.004991739201641075,-279.6619626600715,0.3380373399284488,,0.01869839219030993,-0.004558530424197224,-139.7624194371779,0.23758056282207454,-0.10045677710637427,-0.9983029959798423,True,0.9983029959798423,T=2000us
12,2.406501852997767,0.015856636240498927,-277.9731478124479,2.0268521875520245,,0.06220395127413647,-0.008969400556429882,-138.5677933083169,1.4322066916830642,-0.59464549586896,-0.9897699522022638,True,0.9897699522022638,T=2000us
13,2.3361069226771263,-0.004906215639552953,-278.14255653904877,1.8574434609511787,,0.032661945492913215,0.011675122568955719,-138.69252661889934,1.307473381100631,-0.5499700798505479,-0.9906609044207098,True,0.9906609044207098,T=2000us
14,2.401639397845393,-0.010697903128577817,-279.0842063005495,0.9157936994504405,,-0.015766343006580603,0.008659380557791033,-139.34985320475997,0.6501467952400195,-0.2656469042104211,-0.9953560943197142,True,0.9953560943197142,T=2000us
15,2.374153364793804,-0.001363715265512738,-279.71197928757397,0.2880207124259757,,0.03126958091393824,0.00044301565525686456,-139.79857397329542,0.20142602670455806,-0.08659468572141765,-0.998561242666396,True,0.998561242666396,T=2000us
16,2.4555934828536676,0.00922650605405499,-278.0581271804218,1.9418728195781236,,-0.005054255024687844,-0.013080247344151287,-138.62732784177297,1.3726721582270014,-0.5692006613511221,-0.9901951988698071,True,0.9901951988698071,T=2000us
17,2.3976256577248325,0.0432294489419661,-265.0615661703378,14.93843382966212,,0.08916382892630029,0.0334006723446584,-129.4668565754916,10.53314342450839,-4.40529040515373,-0.9247632612535115,True,0.9247632612535115,T=2000us
18,2.4872439514371507,0.0008107709419691219,-276.8982226526577,3.101777347342278,,0.006264415572154152,-0.016525945165504537,-137.80918697837123,2.1908130216287582,-0.9109643257135193,-0.9843513355597946,True,0.9843513355597946,T=2000us
19,2.2614805524132855,0.02636267556809064,-266.7049174318893,13.295082568110628,,0.12438000053871569,0.027922933226771612,-130.63950639894784,9.360493601052138,-3.9345889670584904,-0.9331393314210561,True,0.9331393314210561,T=2000us
20,2.409754333338113,-0.025355637650330175,-274.82268183281724,5.177318167182708,,-0.023398023544220162,-0.021080669719143054,-136.33627251231653,3.6637274876834405,-1.513590679499268,-0.9738305179451183,True,0.9738305179451183,T=2000us
21,2.3673247388826275,-0.0009366366089796893,-279.55655717654395,0.4434428234560337,,0.03886622244940502,0.0004953843537593395,-139.68939889412673,0.3106011058732432,-0.13284171758279054,-0.997781420672334,True,0.997781420672334,T=2000us
