t_over_T,acceleration_zero_jerk_L_T2,acceleration_min_jerk_L_T2,jerk_zero_jerk_L_T3,jerk_min_jerk_L_T3
0.0,5.0,0.0,0.0,60.0
0.00020004000800160032,4.999998799679952,0.011995198559808018,-0.011999999519807942,59.928000002881156
0.00040008001600320064,4.9999951993601925,0.02397599712134496,-0.02399519711903973,59.85602881728576
0.000600120024004801,4.999989200001297,0.035942401448068206,-0.035985592797695365,59.78408644321383
0.0008001600320064013,4.999980802563842,0.04789441730343513,-0.04797118655577484,59.71217288066535
0.0010002000400080016,4.999970008008404,0.059832050450903146,-0.05995197839327818,59.64028812964033
0.001200240048009602,4.999956817295559,0.07175530665392961,-0.07192796831020536,59.568432190138765
0.0014002800560112022,4.999941231385883,0.08366419167597189,-0.08389915630655637,59.49660506216066
0.0016003200640128026,4.999923251239953,0.0955587112804874,-0.09586554238233123,59.424806745706015
0.0018003600720144029,4.999902877818346,0.10743887123093351,-0.10782712653752995,59.35303724077482
0.002000400080016003,4.999880112081635,0.11930467729076762,-0.1197839087721525,59.281296547367084
0.0022004400880176033,4.999854954990399,0.13115613522344707,-0.1317358890861989,59.20958466548281
0.002400480096019204,4.9998274075052125,0.1429932507924293,-0.14368306747966916,59.13790159512198
0.0026005201040208044,4.999797470586654,0.1548160297611717,-0.1556254439525633,59.06624733628462
0.0028005601120224045,4.9997651451952985,0.16662447789313153,-0.1675630185048812,58.99462188897071
0.0030006001200240046,4.999730432291721,0.1784186009517663,-0.179495791136623,58.92302525318026
0.003200640128025605,4.999693332836499,0.1901984047005333,-0.19142376184778861,58.851457428913264
0.0034006801360272057,4.99965384779021,0.20196389490289007,-0.20334693063837814,58.77991841616973
0.0036007201440288058,4.999611978113427,0.21371507732229383,-0.21526529750839146,58.70840821494965
0.003800760152030406,4.99956772476673,0.22545195772220203,-0.22717886245782865,58.63692682525303
0.004000800160032006,4.999521088710692,0.237174541866072,-0.23908762548668966,58.56547424707986
0.004200840168033607,4.999472070905891,0.2488828355173612,-0.2509915865949745,58.49405048043015
0.004400880176035207,4.999420672312903,0.26057684443952694,-0.2628907457826832,58.422655525303895
0.004600920184036807,4.9993668938923035,0.27225657439602674,-0.2747851030498158,58.3512893817011
0.004800960192038408,4.999310736604669,0.28392203115031783,-0.28667465839637224,58.27995204962176
0.005001000200040008,4.9992522014105765,0.29557322046585766,-0.2985594118223525,58.20864352906588
0.005201040208041609,4.999191289270602,0.30721014810610364,-0.3104393633277566,58.13736382003346
0.0054010802160432084,4.99912800114532,0.31883281983451295,-0.3223145129125845,58.066112922524496
0.005601120224044809,4.999062337995309,0.3304412414145433,-0.33418486057683633,57.994890836538985
0.0058011602320464095,4.998994300781145,0.34203541860965186,-0.346050406320512,57.92369756207693
0.006001200240048009,4.998923890463403,0.35361535718329606,-0.3579111501436114,57.852533099138334
0.00620124024804961,4.998851108002659,0.36518106289893326,-0.3697670920461348,57.781397447723194
0.00640128025605121,4.998775954359492,0.3767325415200209,-0.3816182320280819,57.71029060783151
0.006601320264052811,4.998698430494475,0.38826979881001633,-0.39346457008945296,57.63921257946328
0.006801360272054411,4.998618537368186,0.39979284053237696,-0.4053061062302479,57.56816336261851
0.007001400280056011,4.998536275941199,0.41130167245056004,-0.41714284045046657,57.4971429572972
0.0072014402880576115,4.998451647174094,0.4227963003280232,-0.42897477275010915,57.42615136349935
0.007401480296059212,4.998364652027446,0.4342767299282236,-0.44080190312917555,57.35518858122495
0.007601520304060812,4.9982752914618285,0.4457429670146187,-0.4526242315876658,57.28425461047401
0.007801560312062412,4.99818356643782,0.45719501735066587,-0.46444175812557986,57.21334945124652
0.008001600320064013,4.998089477915997,0.46863288669982256,-0.4762544827429179,57.14247310354249
0.008201640328065612,4.9979930268569355,0.48005658082554603,-0.4880624054396796,57.07162556736192
0.008401680336067214,4.99789421422121,0.4914661054912938,-0.4998655262158653,57.00080684270481
0.008601720344068814,4.997793040969399,0.5028614664605233,-0.5116638450714748,56.93001692957115
0.008801760352070413,4.997689508062078,0.5142426694966916,-0.523457362006508,56.85925582796095
0.009001800360072015,4.997583616459822,0.5256097203632564,-0.5352460770209654,56.78852353787421
0.009201840368073614,4.99747536712321,0.536962624823675,-0.5470299901148463,56.717820059310924
0.009401880376075216,4.997364761012816,0.5483013886414047,-0.5588091012881512,56.64714539227109
0.009601920384076815,4.997251799089216,0.5596260175799028,-0.5705834105408799,56.576499536754724
0.009801960392078415,4.997136482312986,0.5709365174026269,-0.5823529178730324,56.505882492761806
0.010002000400080016,4.997018811644706,0.5822328938730345,-0.5941176232846089,56.435294260292345
0.010202040408081616,4.996898788044948,0.5935151527545824,-0.6058775267756091,56.36473483934635
0.010402080416083218,4.99677641247429,0.6047832998107289,-0.6176326283460334,56.2942042299238
0.010602120424084817,4.9966516858933065,0.6160373408049303,-0.6293829279958812,56.22370243202471
0.010802160432086417,4.996524609262577,0.6272772815006448,-0.6411284257251529,56.15322944564908
0.011002200440088018,4.996395183542675,0.6385031276613297,-0.6528691215338488,56.082785270796904
0.011202240448089618,4.996263409694177,0.6497148850504417,-0.6646050154219681,56.01236990746819
0.011402280456091218,4.996129288677661,0.660912559431439,-0.6763361073895116,55.94198335566293
0.011602320464092819,4.995992821453702,0.6720961565677787,-0.6880623974364787,55.87162561538113
0.011802360472094419,4.995854008982875,0.683265682222918,-0.6997838855628696,55.80129668662278
0.012002400480096018,4.9957128522257594,0.6944211421603145,-0.7115005717686845,55.73099656938789
0.01220244048809762,4.995569352142929,0.7055625421434255,-0.7232124560539233,55.66072526367646
0.01240248049609922,4.99542350969496,0.7166898879357084,-0.7349195384185859,55.59048276948848
0.01260252050410082,4.995275325842428,0.7278031853006206,-0.7466218188626723,55.520269086823966
0.01280256051210242,4.995124801545912,0.7389024400016194,-0.7583192973861825,55.4500842156829
0.01300260052010402,4.994971937765987,0.7499876578021623,-0.7700119739891167,55.3799281560653
0.013202640528105622,4.994816735463228,0.7610588444657066,-0.7816998486714747,55.30980090797115
0.013402680536107221,4.994659195598213,0.7721160057557097,-0.7933829214332565,55.239702471400456
0.013602720544108823,4.994499319131516,0.783159147435629,-0.8050611922744622,55.169632846353224
0.013802760552110422,4.994337107023716,0.7941882752689219,-0.8167346611950916,55.09959203282945
0.014002800560112022,4.994172560235388,0.8052033950190457,-0.828403328195145,55.02958003082913
0.014202840568113623,4.994005679727107,0.8162045124494578,-0.8400671932746221,54.95959684035226
0.014402880576115223,4.993836466459451,0.8271916333236158,-0.8517262564335232,54.88964246139886
0.014602920584116823,4.993664921392995,0.8381647634049767,-0.863380517671848,54.81971689396891
0.014802960592118424,4.993491045488315,0.8491239084569983,-0.8750299769895968,54.749820138062425
0.015003000600120024,4.99331483970599,0.8600690742431375,-0.8866746343867693,54.679952193679384
0.015203040608121624,4.993136305006592,0.8710002665268521,-0.8983144898633657,54.610113060819806
0.015403080616123225,4.9929554423507,0.8819174910715994,-0.909949543419386,54.54030273948368
0.015603120624124825,4.992772252698892,0.8928207536408366,-0.9215797950548301,54.47052122967102
0.015803160632126424,4.99258673701174,0.9037100599980212,-0.933205244769698,54.400768531381814
0.016003200640128026,4.992398896249822,0.9145854159066108,-0.9448258925639899,54.331044644616064
0.016203240648129627,4.992208731373714,0.9254468271300625,-0.9564417384377056,54.26134956937376
0.016403280656131225,4.992016243343993,0.9362942994318335,-0.968052782390845,54.191683305654934
0.016603320664132826,4.991821433121236,0.9471278385753815,-0.9796590244234084,54.122045853459554
0.016803360672134428,4.9916243016660164,0.9579474503241641,-0.9912604645353955,54.05243721278763
0.017003400680136026,4.991424849938913,0.9687531404416382,-1.0028571027268065,53.982857383639164
0.017203440688137627,4.991223078900501,0.9795449146912614,-1.0144489389976414,53.913306366014154
0.01740348069613923,4.991018989511356,0.9903227788364911,-1.0260359733479003,53.8437841599126
0.017603520704140826,4.990812582732056,1.0010867386407845,-1.0376182057775827,53.774290765334506
0.017803560712142428,4.990603859523176,1.011836799867599,-1.049195636286689,53.70482618227987
0.01800360072014403,4.990392820845292,1.0225729682803928,-1.0607682648752197,53.635390410748684
0.01820364072814563,4.990179467658981,1.0332952496426222,-1.0723360915431737,53.56598345074096
0.01840368073614723,4.989963800924818,1.0440036497177447,-1.0838991162905516,53.49660530225669
0.01860372074414883,4.989745821603382,1.0546981742692183,-1.0954573391173534,53.42725596529588
0.01880376075215043,4.9895255306552455,1.0653788290604997,-1.107010760023579,53.35793543985853
0.01900380076015203,4.989302929040988,1.076045619855047,-1.1185593790092285,53.28864372594463
0.01920384076815363,4.989078017721183,1.086698552416317,-1.130103196074302,53.21938082355419
0.019403880776155232,4.988850797656409,1.0973376325077675,-1.1416422112187992,53.150146732687205
0.01960392078415683,4.988621269807242,1.1079628658928555,-1.15317642444272,53.08094145334368
0.01980396079215843,4.9883894351342555,1.1185742583350389,-1.1647058357460651,53.01176498552361
0.020004000800160033,4.9881552945980285,1.1291718155977741,-1.176230445128834,52.942617329227
0.02020404080816163,4.987918849159136,1.1397555434445195,-1.1877502525910262,52.87349848445384
0.020404080816163232,4.9876800997781565,1.1503254476387321,-1.1992652581326426,52.80440845120415
0.020604120824164834,4.987439047415664,1.1608815339438694,-1.210775461753683,52.7353472294779
0.020804160832166435,4.987195693032234,1.1714238081233885,-1.2222808634541473,52.666314819275115
0.021004200840168033,4.986950037588445,1.1819522759407468,-1.2337814632340351,52.59731122059579
0.021204240848169634,4.986702082044871,1.1924669431594022,-1.245277261093347,52.52833643343992
0.021404280856171236,4.98645182736209,1.2029678155428116,-1.2567682570320826,52.4593904578075
0.021604320864172834,4.986199274500677,1.2134548988544325,-1.2682544510502418,52.39047329369855
0.021804360872174435,4.985944424421209,1.2239281988577224,-1.2797358431478256,52.321584941113045
0.022004400880176037,4.985687278084263,1.2343877213161383,-1.2912124333248327,52.252725400051006
0.022204440888177635,4.985427836450413,1.2448334719931378,-1.3026842215812635,52.183894670512416
0.022404480896179236,4.985166100480237,1.2552654566521786,-1.3141512079171185,52.11509275249729
0.022604520904180837,4.984902071134312,1.2656836810567178,-1.3256133923323972,52.046319646005614
0.022804560912182435,4.984635749373211,1.2760881509702127,-1.3370707748270998,51.9775753510374
0.023004600920184037,4.984367136157513,1.286478872156121,-1.3485233554012264,51.90885986759264
0.023204640928185638,4.9840962324477935,1.2968558503778995,-1.3599711340547767,51.84017319567134
0.023404680936187236,4.983823039204629,1.307219091399006,-1.3714141107877504,51.7715153352735
0.023604720944188837,4.983547557388595,1.3175686009828982,-1.3828522856001486,51.70288628639911
0.02380476095219044,4.983269787960268,1.327904384893033,-1.3942856584919705,51.63428604904818
0.024004800960192037,4.982989731880225,1.3382264488928677,-1.4057142294632161,51.5657146232207
0.024204840968193638,4.982707390109041,1.34853479874586,-1.4171379985138857,51.49717200891669
0.02440488097619524,4.982422763607292,1.358829440215467,-1.428556965643979,51.42865820613612
0.02460492098419684,4.9821358533355555,1.3691103790651464,-1.4399711308534962,51.36017321487902
0.02480496099219844,4.981846660254408,1.3793776210583555,-1.4513804941424373,51.291717035145375
0.02500500100020004,4.981555185324425,1.3896311719585517,-1.4627850555108022,51.223289666935194
0.02520504100820164,4.981261429506183,1.399871037529192,-1.474184814958591,51.15489111024845
0.02540508101620324,4.980965393760257,1.4100972235337341,-1.4855797724858033,51.08652136508518
0.02560512102420484,4.980667079047223,1.4203097357356356,-1.4969699280924398,51.01818043144536
0.025805161032206442,4.980366486327661,1.4305085798983537,-1.5083552817785002,50.949868309329005
0.02600520104020804,4.980063616562143,1.4406937617853453,-1.5197358335439841,50.881584998736095
0.026205241048209642,4.979758470711248,1.4508652871600685,-1.5311115833888922,50.81333049966665
0.026405281056211243,4.979451049735551,1.4610231617859804,-1.542482531313224,50.74510481212065
0.02660532106421284,4.979141354595628,1.4711673914265384,-1.5538486773169797,50.676907936098125
0.026805361072214443,4.978829386252055,1.4812979818451997,-1.5652100214001592,50.60873987159905
0.027005401080216044,4.97851514566541,1.4914149388054219,-1.5765665635627626,50.54060061862343
0.027205441088217645,4.978198633796267,1.5015182680706625,-1.58791830380479,50.47249017717126
0.027405481096219243,4.977879851605204,1.5116079754043783,-1.5992652421262408,50.404408547242554
0.027605521104220845,4.977558800052796,1.5216840665700277,-1.6106073785271158,50.336355728837304
0.027805561112222446,4.97723548009962,1.531746547331067,-1.6219447130074145,50.26833172195551
0.028005601120224044,4.976909892706251,1.541795423450954,-1.633277245567137,50.20033652659718
0.028205641128225645,4.976582038833268,1.5518307006931464,-1.6446049762062835,50.1323701427623
0.028405681136227247,4.9762519194412445,1.5618523848211012,-1.6559279049248536,50.064432570450876
0.028605721144228845,4.975919535490757,1.5718604815982762,-1.667246031722848,49.99652380966291
0.028805761152230446,4.975584887942383,1.5818549967881281,-1.678559356600266,49.92864386039841
0.029005801160232048,4.975247977756699,1.591835936154115,-1.6898678795571078,49.86079272265736
0.029205841168233646,4.9749088058942785,1.6018033054596934,-1.7011716005933732,49.79297039643976
0.029405881176235247,4.974567373315701,1.6117571104683217,-1.7124705197090628,49.725176881745625
0.02960592118423685,4.974223680981542,1.621697356943457,-1.7237646369041764,49.657412178574944
0.029805961192238446,4.973877729852375,1.631624050648556,-1.7350539521787134,49.58967628692772
0.030006001200240048,4.973529520888779,1.641537197347077,-1.7463384655326744,49.52196920680395
0.03020604120824165,4.973179055051329,1.6514368028024766,-1.7576181769660593,49.45429093820364
0.030406081216243247,4.9728263333006035,1.6613228727782128,-1.7688930864788681,49.386641481126794
0.03060612122424485,4.972471356597175,1.6711954130377427,-1.7801631940711007,49.3190208355734
0.03080616123224645,4.972114125901623,1.6810544293445238,-1.7914284997427572,49.25142900154346
0.03100620124024805,4.971754642174521,1.6908999274620133,-1.8026890034938374,49.18386597903697
0.03120624124824965,4.971392906376448,1.7007319131536682,-1.8139447053243414,49.11633176805395
0.03140628125625125,4.971028919467979,1.7105503921829472,-1.8251956052342697,49.04882636859438
0.03160632126425285,4.97066268240969,1.7203553703133063,-1.8364417032236213,48.98134978065827
0.03180636127225445,4.970294196162156,1.7301468533082038,-1.847682999292397,48.913902004245614
0.03200640128025605,4.969923461685956,1.7399248469310964,-1.8589194934405964,48.84648303935642
0.03220644128825765,4.969550479941664,1.7496893569454417,-1.8701511856682196,48.77909288599068
0.032406481296259254,4.969175251889856,1.759440389114698,-1.8813780759752674,48.7117315441484
0.03260652130426085,4.968797778491112,1.7691779492023207,-1.8926001643617383,48.64439901382957
0.03280656131226245,4.968418060706004,1.778902042971769,-1.9038174508276329,48.577095295034205
0.033006601320264055,4.96803609949511,1.7886126761864998,-1.9150299353729519,48.50982038776229
0.03320664132826565,4.967651895819005,1.7983098546099698,-1.9262376179976943,48.44257429201383
0.03340668133626725,4.9672654506382665,1.8079935840056374,-1.9374404987018607,48.375357007788836
0.033606721344268856,4.966876764913471,1.817663870136959,-1.948638577485451,48.30816853508729
0.033806761352270454,4.966485839605194,1.8273207187673928,-1.9598318543484652,48.24100887390921
0.03400680136027205,4.966092675674012,1.8369641356603958,-1.9710203292909032,48.173878024254584
0.034206841368273656,4.965697274080501,1.8465941265794252,-1.982204002312765,48.10677598612341
0.034406881376275254,4.965299635785237,1.8562106972879389,-1.9933828734140506,48.0397027595157
0.03460692138427685,4.964899761748797,1.8658138535493933,-2.00455694259476,47.97265834443144
0.03480696139227846,4.964497652931756,1.8754036011272477,-2.015726209854894,47.90564274087064
0.035007001400280055,4.964093310294692,1.8849799457849574,-2.026890675194451,47.83865594883329
0.03520704140828165,4.963686734798181,1.8945428932859805,-2.0380503386134317,47.771697968319415
0.03540708141628326,4.963277927402796,1.9040924493937752,-2.049205200111837,47.704768799328974
0.035607121424284856,4.962866889069118,1.9136286198717973,-2.0603552596896653,47.63786844186201
0.03580716143228646,4.96245362075772,1.9231514104835061,-2.071500517346918,47.57099689591849
0.03600720144028806,4.9620381234291795,1.9326608269923575,-2.0826409730835946,47.504154161498434
0.036207241448289657,4.961620398044071,1.9421568751618092,-2.0937766268996945,47.437340238601834
0.03640728145629126,4.961200445562974,1.9516395607553192,-2.1049074787952193,47.37055512722869
0.03660732146429286,4.960778266946462,1.9611088895363438,-2.1160335287701666,47.30379882737899
0.03680736147229446,4.960353863155112,1.9705648672683413,-2.1271547768245385,47.23707133905277
0.03700740148029606,4.959927235149501,1.9800074997147692,-2.138271222958335,47.17037266224999
0.03720744148829766,4.959498383890204,1.989436792639084,-2.149382867171554,47.10370279697068
0.03740748149629926,4.959067310337797,1.9988527518047434,-2.1604897094641973,47.03706174321482
0.03760752150430086,4.9586340154528585,2.008255382975205,-2.1715917498362645,46.97044950098241
0.03780756151230246,4.958198500195963,2.0176446919139264,-2.1826889882877554,46.903866070273466
0.03800760152030406,4.957760765527687,2.0270206843843646,-2.1937814248186704,46.83731145108798
0.038207641528305664,4.957320812408606,2.0363833661499773,-2.2048690594290092,46.770785643425945
0.03840768153630726,4.956878641799297,2.0457327429742214,-2.2159518921187717,46.70428864728737
0.03860772154430886,4.956434254660337,2.0550688206205545,-2.2270299228879584,46.63782046267225
0.038807761552310464,4.9559876519523005,2.064391604852434,-2.238103151736569,46.57138108958059
0.03900780156031206,4.955538834635766,2.0737011014333175,-2.249171578664603,46.504970528012386
0.03920784156831366,4.955087803671307,2.0829973161266615,-2.2602352036720603,46.43858877796764
0.039407881576315265,4.954634560019501,2.0922802546959254,-2.2712940267589428,46.37223583944635
0.03960792158431686,4.954179104640925,2.101549922904564,-2.2823480479252485,46.30591171244851
0.03980796159231846,4.953721438496155,2.1108063265160366,-2.2933972671709775,46.239616396974135
0.040008001600320066,4.953261562545766,2.1200494712938007,-2.3044416844961315,46.173349893023214
0.040208041608321664,4.952799477750335,2.129279363001311,-2.315481299900708,46.10711220059575
0.04040808161632326,4.952335185070439,2.138496007402028,-2.3265161133847094,46.04090331969174
0.04060812162432487,4.9518686854666525,2.1476994102594085,-2.3375461249481346,45.97472325031119
0.040808161632326465,4.951399979899553,2.156889577336908,-2.348571334590983,45.9085719924541
0.04100820164032806,4.9509290693297165,2.166066514397986,-2.3595917423132557,45.84244954612046
0.04120824164832967,4.95045595471772,2.175230227206098,-2.370607348114952,45.77635591131029
0.041408281656331265,4.949980637024138,2.184380721524703,-2.381618151996072,45.71029108802357
0.04160832166433287,4.949503117209548,2.1935180031172585,-2.392624153956617,45.6442550762603
0.04180836167233447,4.949023396234526,2.20264207774722,-2.4036253539965844,45.57824787602049
0.042008401680336066,4.948541475059646,2.2117529511780467,-2.4146217521159765,45.51226948730414
0.04220844168833767,4.948057354645489,2.2208506291731953,-2.425613348314792,45.44631991011125
0.04240848169633927,4.9475710359526275,2.2299351174961233,-2.4366001425930315,45.38039914444181
0.04260852170434087,4.947082519941639,2.239006421910288,-2.447582134950695,45.31450719029583
0.04280856171234247,4.9465918075731,2.2480645481791464,-2.458559325387782,45.24864404767331
0.04300860172034407,4.946098899807585,2.257109502066156,-2.4695317139042934,45.18280971657424
0.04320864172834567,4.945603797605672,2.266141289334775,-2.480499300500228,45.11700419699863
0.04340868173634727,4.945106501927937,2.2751599157484605,-2.491462085175587,45.05122748894648
0.04360872174434887,4.944607013734957,2.2841653870706695,-2.5024200679303696,44.98547959241778
0.04380876175235047,4.944105333987305,2.2931577090648587,-2.5133732487645757,44.91976050741255
0.04400880176035207,4.943601463645561,2.3021368874944876,-2.5243216276782063,44.85407023393076
0.04420884176835367,4.9430954036702985,2.311102928123011,-2.5352652046712603,44.788408771972435
0.04440888177635527,4.942587155022095,2.3200558367138884,-2.5462039797437384,44.72277612153757
0.044608921784356874,4.942076718661528,2.3289956190305765,-2.5571379528956406,44.65717228262616
0.04480896179235847,4.941564095549171,2.337922280836531,-2.5680671241269657,44.5915972552382
0.04500900180036007,4.941049286645602,2.3468358278952124,-2.5789914934377154,44.52605103937371
0.045209041808361675,4.940532292911397,2.355736265970076,-2.589911060827889,44.46053363503266
0.04540908181636327,4.9400131153071305,2.36462360082458,-2.600825826297486,44.39504504221509
0.04560912182436487,4.939491754793382,2.373497838222181,-2.6117357898465072,44.32958526092096
0.045809161832366475,4.9389682123307255,2.3823589839263364,-2.622640951474952,44.26415429115029
0.04600920184036807,4.938442488879737,2.3912070437005046,-2.633541311182821,44.198752132903074
0.04620924184836967,4.937914585400994,2.400042023308142,-2.644436868970113,44.13337878617932
0.046409281856371276,4.937384502855071,2.408863928512707,-2.65532762483683,44.06803425097902
0.046609321864372874,4.936852242202548,2.4176727650776564,-2.66621357878297,44.002718527302186
0.04680936187237447,4.936317804403997,2.426468538766447,-2.677094730808534,43.937431615148796
0.04700940188037608,4.935781190419996,2.435251255342537,-2.687971080913522,43.87217351451887
0.047209441888377675,4.93524240121112,2.444020920569383,-2.6988426290979337,43.806944225412394
0.04740948189637927,4.934701437737948,2.4527775402104437,-2.7097093753617694,43.74174374782938
0.04760952190438088,4.934158300961054,2.4615211200291753,-2.7205713197050296,43.67657208176982
0.047809561912382476,4.933612991841015,2.470251665789035,-2.7314284621277123,43.61142922723373
0.048009601920384073,4.933065511338406,2.478969183253482,-2.7422808026298195,43.54631518422108
0.04820964192838568,4.932515860413805,2.4876736781859714,-2.753128341211351,43.481229952731894
0.048409681936387276,4.931964040027787,2.496365156349962,-2.7639710778723057,43.416173532766166
0.04860972194438888,4.93141005114093,2.5050436235089113,-2.774809012612685,43.351145924323895
0.04880976195239048,4.930853894713808,2.513709085426275,-2.785642145432487,43.28614712740508
0.04900980196039208,4.930295571706998,2.522361547865512,-2.7964704763317134,43.22117714200972
0.04920984196839368,4.929735083081076,2.53100101659008,-2.807294005310364,43.15623596813781
0.04940988197639528,4.92917242979662,2.539627497363435,-2.818112732368438,43.09132360578937
0.04960992198439688,4.928607612814204,2.548240995949036,-2.828926657505936,43.02644005496438
0.04980996199239848,4.928040633094405,2.556841518110339,-2.839735780722858,42.96158531566285
0.05001000200040008,4.9274714915977995,2.5654290696108015,-2.850540102019204,42.89675938788478
0.05021004200840168,4.9269001892849635,2.5740036562138817,-2.861339621394973,42.83196227163016
0.05041008201640328,4.926326727116473,2.582565283683036,-2.8721343388501666,42.767193966899
0.05061012202440488,4.925751106052905,2.5911139577817233,-2.882924254384784,42.7024544736913
0.05081016203240648,4.925173327054835,2.599649684273399,-2.8937093679988246,42.63774379200705
0.051010202040408084,4.92459339108284,2.608172468921522,-2.90448967969229,42.57306192184626
0.05121024204840968,4.9240112990974945,2.616682317489549,-2.9152651894651784,42.50840886320893
0.05141028205641128,4.923427052059377,2.625179235740937,-2.926035897317491,42.44378461609505
0.051610322064412885,4.922840650929062,2.6336632294391458,-2.936801803249228,42.37918918050463
0.05181036207241448,4.922252096667127,2.642134304347629,-2.9475629072603877,42.31462255643767
0.05201040208041608,4.9216613902341475,2.6505924662298463,-2.958319209350972,42.25008474389417
0.052210442088417686,4.9210685325906995,2.6590377208492555,-2.96907070952098,42.18557574287412
0.052410482096419284,4.920473524697359,2.6674700739693127,-2.979817407770412,42.12109555337753
0.05261052210442088,4.9198763675147035,2.6758895313534756,-2.9905593040992677,42.056644175404394
0.052810562112422486,4.919277062003309,2.6842960987652016,-3.001296398507547,41.992221608954715
0.053010602120424084,4.918675609123751,2.6926897819679483,-3.0120286909952503,41.92782785402849
0.05321064212842568,4.918072009836606,2.7010705867251734,-3.022756181562378,41.86346291062574
0.05341068213642729,4.917466265102449,2.709438518800334,-3.0334788702089286,41.79912677874643
0.053610722144428885,4.916858375881859,2.7177935839568867,-3.0441967569349035,41.73481945839058
0.05381076215243048,4.916248343135409,2.726135787958289,-3.0549098417403022,41.67054094955818
0.05401080216043209,4.9156361678236795,2.734465136568,-3.065618124625125,41.60629125224926
0.054210842168433686,4.915021850907243,2.7427816355494756,-3.0763216055893716,41.54207036646377
0.05441088217643529,4.9144053933466765,2.751085290666174,-3.087020284633042,41.477878292201744
0.05461092218443689,4.913786796102556,2.7593761076815513,-3.0977141617561363,41.413715029463184
0.05481096219243849,4.913166060135459,2.7676540923590656,-3.1084032369586536,41.34958057824808
0.05501100220044009,4.912543186405961,2.775919250462175,-3.119087510240596,41.28547493855642
0.05521104220844169,4.911918175874639,2.784171587754336,-3.1297669816019615,41.221398110388236
0.05541108221644329,4.911291029502069,2.7924111099990054,-3.140441651042751,41.15735009374349
0.05561112222444489,4.910661748248825,2.8006378229596427,-3.151111518562965,41.09333088862222
0.05581116223244649,4.910030333075485,2.8088517323997024,-3.1617765841626015,41.029340495024385
0.05601120224044809,4.9093967849426265,2.8170528440826446,-3.1724368478416625,40.96537891295003
0.05621124224844969,4.908761104810824,2.8252411637719255,-3.183092309600148,40.90144614239911
0.05641128225645129,4.908123293640654,2.833416697231002,-3.1937429694380564,40.83754218337167
0.05661132226445289,4.907483352392694,2.8415794502233327,-3.204388827355389,40.77366703586766
0.056811362272454494,4.906841282027517,2.849729428512374,-3.2150298833521456,40.70982069988713
0.05701140228045609,4.9061970835057025,2.857866637861583,-3.225666137428326,40.64600317543004
0.05721144228845769,4.905550757787826,2.8659910840344183,-3.23629758958393,40.582214462496424
0.057411482296459294,4.904902305834463,2.8741027727943367,-3.246924239818958,40.518454561086244
0.05761152230446089,4.90425172860619,2.8822017099047956,-3.25754608813341,40.45472347119954
0.05781156231246249,4.903599027063583,2.8902879011292515,-3.2681631345272852,40.39102119283629
0.058011602320464095,4.90294420216722,2.8983613522311633,-3.278775379000585,40.32734772599649
0.05821164232846569,4.902287254877675,2.9064220689739875,-3.2893828215533087,40.26370307068015
0.05841168233646729,4.901628186155524,2.9144700571211817,-3.2999854621854556,40.20008722688727
0.058611722344468896,4.900966996961345,2.922505322436203,-3.310583300897027,40.13650019461783
0.058811762352470494,4.900303688255713,2.930527870682509,-3.3211763376880215,40.07294197387187
0.05901180236047209,4.899638260999205,2.9385377076235577,-3.3317645725584404,40.00941256464936
0.0592118423684737,4.898970716152397,2.9465348390228057,-3.3423480055082835,39.945911966950305
0.059411882376475295,4.898301054675866,2.9545192706437096,-3.3529266365375494,39.8824401807747
0.05961192238447689,4.897629277530186,2.962491008249729,-3.36350046564624,39.81899720612256
0.0598119623924785,4.896955385675935,2.970450057604319,-3.3740694928343538,39.75558304299388
0.060012002400480095,4.896279380073689,2.978396424470939,-3.384633718101892,39.69219769138865
0.06021204240848169,4.895601261684024,2.9863301146130445,-3.395193141448854,39.62884115130688
0.0604120824164833,4.894921031467517,2.9942511337940942,-3.4057477628752397,39.565513422748566
0.060612122424484896,4.894238690384742,3.0021594877775453,-3.4162975823810493,39.5022145057137
0.060812162432486494,4.893554239396277,3.010055182326855,-3.4268425999662826,39.4389444002023
0.0610122024404881,4.892867679462699,3.01793822320548,-3.4373828156309396,39.37570310621436
0.0612122424484897,4.892179011544584,3.025808616176879,-3.447918229375021,39.31249062374987
0.0614122824564913,4.891488236602505,3.033666367004508,-3.4584488411985257,39.249306952808844
0.0616123224644929,4.890795355597042,3.0415114814518254,-3.4689746511014548,39.18615209339127
0.0618123624724945,4.89010036948877,3.0493439652822887,-3.479495659083807,39.123026045497156
0.0620124024804961,4.889403279238265,3.057163824259354,-3.4900118651455836,39.0599288091265
0.0622124424884977,4.888704085806103,3.06497106414648,-3.5005232692867843,38.996860384279294
0.0624124824964993,4.8880027901528615,3.0727656907071235,-3.5110298715074078,38.93382077095555
0.0626125225045009,4.887299393239115,3.0805477097047422,-3.5215316718074563,38.87080996915526
0.0628125625125025,4.886593896025441,3.0883171269027936,-3.532028670186928,38.80782797887843
0.0630126025205041,4.885886299472414,3.0960739480647335,-3.5425208666458237,38.74487480012506
0.0632126425285057,4.885176604540613,3.1038181789540213,-3.553008261184143,38.681950432895135
0.0634126825365073,4.884464812190613,3.111549825334113,-3.563490853801886,38.61905487718869
0.0636127225445089,4.883750923382989,3.119268892968468,-3.573968644499054,38.556188133005676
0.0638127625525105,4.8830349390783185,3.1269753876205417,-3.5844416332756452,38.49335020034613
0.0640128025605121,4.882316860237178,3.1346693150537916,-3.59490982013166,38.43054107921004
0.0642128425685137,4.881596687820142,3.142350681031676,-3.6053732050670986,38.36776076959741
0.0644128825765153,4.880874422787789,3.1500194913176514,-3.615831788081961,38.30500927150823
0.06461292258451691,4.880150066100694,3.1576757516751766,-3.626285569176248,38.24228658494251
0.06481296259251851,4.879423618719432,3.1653194678677075,-3.6367345483499585,38.17959270990025
0.0650130026005201,4.878695081604582,3.1729506456587013,-3.647178725603092,38.11692764638145
0.0652130426085217,4.877964455716719,3.1805692908116168,-3.6576181009356503,38.0542913943861
0.0654130826165233,4.877231742016419,3.1881754090899097,-3.668052674347632,37.99168395391421
0.0656131226245249,4.876496941464258,3.195769006257039,-3.6784824458390375,37.929105324965775
0.06581316263252651,4.8757600550208124,3.2033500880764625,-3.6889074154098678,37.866555507540795
0.06601320264052811,4.875021083646658,3.210918660311635,-3.699327583060121,37.80403450163927
0.06621324264852971,4.874280028302373,3.218474728726016,-3.709742948789798,37.74154230726121
0.0664132826565313,4.8735368899485305,3.2260182990830617,-3.7201535125988987,37.6790789244066
0.0666133226645329,4.872791669545709,3.2335493771462307,-3.730559274487424,37.61664435307546
0.0668133626725345,4.872044368054485,3.24106796867898,-3.7409602344553727,37.55423859326777
0.06701340268053611,4.871294986435434,3.2485740794447664,-3.751356392502746,37.49186164498353
0.06721344268853771,4.87054352564913,3.2560677152070467,-3.7617477486295416,37.42951350822275
0.06741348269653931,4.869789986656154,3.26354888172928,-3.772134302835762,37.36719418298543
0.06761352270454091,4.869034370417078,3.2710175847749228,-3.7825160551214063,37.30490366927157
0.0678135627125425,4.86827667789248,3.2784738301074325,-3.7928930054864742,37.242641967081155
0.0680136027205441,4.867516910042937,3.285917623490267,-3.8032651539309663,37.18040907641421
0.06821364272854571,4.866755067829024,3.293348970686882,-3.813632500454882,37.11820499727071
0.06841368273654731,4.865991152211317,3.3007678774607374,-3.8239950450582216,37.05602972965067
0.06861372274454891,4.8652251641503925,3.308174349575289,-3.834352787740985,36.99388327355409
0.06881376275255051,4.864457104606828,3.3155683927939936,-3.8447057285031723,36.93176562898097
0.0690138027605521,4.8636869745411975,3.3229500128803107,-3.8550538673447834,36.869676795931305
0.0692138427685537,4.8629147749140795,3.330319215597694,-3.8653972042658173,36.80761677440509
0.06941388277655532,4.862140506686048,3.3376760067096063,-3.8757357392662772,36.74558556440234
0.06961392278455691,4.861364170817682,3.3450203919795007,-3.8860694723461595,36.68358316592305
0.06981396279255851,4.860585768269554,3.352352377170836,-3.8963984035054664,36.6216095789672
0.07001400280056011,4.859805300002244,3.3596719680470697,-3.9067225327441966,36.55966480353482
0.07021404280856171,4.8590227669763255,3.366979170371658,-3.91704186006235,36.4977488396259
0.0704140828165633,4.858238170152378,3.3742739899080596,-3.927356385459928,36.43586168724043
0.07061412282456492,4.857451510490972,3.3815564324197327,-3.9376661089369307,36.374003346378416
0.07081416283256652,4.856662788952691,3.3888265036701326,-3.947971030493356,36.31217381703986
0.07101420284056811,4.855872006498105,3.3960842094227175,-3.958271150129206,36.25037309922477
0.07121424284856971,4.855079164087794,3.403329555440944,-3.9685664678444788,36.18860119293313
0.07141428285657131,4.854284262682333,3.4105625474882713,-3.978856983639176,36.12685809816494
0.07161432286457292,4.8534873032422965,3.417783191328156,-3.989142697513298,36.06514381492021
0.07181436287257452,4.852688286728264,3.4249914927240557,-3.9994236094668425,36.00345834319894
0.07201440288057612,4.85188721410081,3.4321874574394267,-4.009699719499811,35.94180168300113
0.07221444288857772,4.851084086320511,3.4393710912377267,-4.019971027612203,35.880173834326776
0.07241448289657931,4.850278904347943,3.4465423998824134,-4.03023753380402,35.818574797175884
0.07261452290458091,4.849471669143681,3.4537013891369446,-4.0404992380752605,35.757004571548435
0.07281456291258252,4.848662381668305,3.4608480647647784,-4.050756140425925,35.69546315744445
0.07301460292058412,4.847851042882387,3.46798243252937,-4.0610082408560135,35.63395055486392
0.07321464292858572,4.847037653746505,3.4751044981941774,-4.0712555393655245,35.57246676380685
0.07341468293658732,4.846222215221237,3.4822142675226586,-4.08149803595446,35.51101178427324
0.07361472294458891,4.845404728267156,3.4893117462782715,-4.09173573062282,35.449585616263086
0.07381476295259051,4.84458519384484,3.496396940224473,-4.101968623370603,35.38818825977638
0.07401480296059212,4.843763612914866,3.5034698551247208,-4.112196714197811,35.32681971481313
0.07421484296859372,4.842939986437807,3.51053049674247,-4.122420003104441,35.265479981373346
0.07441488297659532,4.842114315374244,3.517578870841181,-4.132638490090496,35.20416905945702
0.07461492298459692,4.841286600684748,3.524614983184309,-4.1428521751559755,35.14288694906414
0.07481496299259852,4.840456843329901,3.5316388395353138,-4.153061058300878,35.08163365019474
0.07501500300060011,4.839625044270274,3.5386504456576504,-4.163265139525205,35.02040916284877
0.07521504300860173,4.838791204466446,3.545649807314777,-4.173464418828955,34.95921348702627
0.07541508301660332,4.837955324878992,3.5526369302701517,-4.183658896212129,34.89804662272722
0.07561512302460492,4.837117406468489,3.559611820287231,-4.193848571674727,34.83690856995164
0.07581516303260652,4.836277450195514,3.5665744831294726,-4.204033445216749,34.775799328699506
0.07601520304060812,4.835435457020641,3.573524924560334,-4.2142135168381945,34.71471889897084
0.07621524304860972,4.834591427904448,3.580463150343272,-4.224388786539064,34.65366728076562
0.07641528305661133,4.833745363807511,3.587389166241744,-4.2345592543193575,34.592644474083855
0.07661532306461293,4.832897265690406,3.5943029780192086,-4.244724920179075,34.53165047892555
0.07681536307261452,4.832047134513708,3.601204591439122,-4.254885784118216,34.47068529529071
0.07701540308061612,4.831194971237996,3.6080940122649423,-4.265041846136781,34.40974892317931
0.07721544308861772,4.830340776823844,3.6149712462601262,-4.27519310623477,34.348841362591386
0.07741548309661933,4.829484552231829,3.6218362991881317,-4.285339564412182,34.2879626135269
0.07761552310462093,4.828626298422527,3.628689176812416,-4.295481220669019,34.22711267598589
0.07781556311262253,4.827766016356514,3.6355298848964357,-4.305618075005279,34.16629154996832
0.07801560312062412,4.826903706994368,3.64235842920365,-4.315750127420964,34.10549923547422
0.07821564312862572,4.826039371296662,3.6491748154975143,-4.325877377916072,34.044735732503575
0.07841568313662732,4.825173010223974,3.6559790495414863,-4.335999826490602,33.98400104105638
0.07861572314462893,4.8243046247368815,3.6627711370990257,-4.3461174731445595,33.92329516113264
0.07881576315263053,4.8234342157959595,3.669551083933587,-4.356230317877939,33.86261809273237
0.07901580316063213,4.822561784361783,3.676318895808629,-4.366338360690742,33.801969835855544
0.07921584316863373,4.821687331394931,3.6830745784876084,-4.37644160158297,33.741350390502184
0.07941588317663532,4.820810857855977,3.689818137733982,-4.386540040554619,33.68075975667228
0.07961592318463692,4.819932364705499,3.6965495793112093,-4.396633677605695,33.62019793436583
0.07981596319263853,4.819051852904073,3.703268908982747,-4.406722512736194,33.55966492358284
0.08001600320064013,4.818169323412274,3.7099761325120513,-4.416806545946117,33.499160724323296
0.08021604320864173,4.81728477719068,3.7166712556625807,-4.426885777235464,33.43868533658722
0.08041608321664333,4.8163982151998646,3.723354284197791,-4.436960206604233,33.3782387603746
0.08061612322464493,4.815509638400408,3.730025223881142,-4.447029834052428,33.31782099568544
0.08081616323264652,4.814619047752882,3.7366840804760892,-4.457094659580045,33.25743204251973
0.08101620324064814,4.813726444217867,3.7433308597460915,-4.467154683187088,33.197071900877475
0.08121624324864973,4.812831828755937,3.7499655674546046,-4.477209904873554,33.13674057075868
0.08141628325665133,4.811935202327668,3.7565882093650864,-4.4872603246394425,33.07643805216334
0.08161632326465293,4.811036565893637,3.763198791240995,-4.497305942484756,33.01616434509146
0.08181636327265453,4.810135920414419,3.769797318845787,-4.5073467584094935,32.95591944954304
0.08201640328065612,4.809233266850593,3.7763837979429207,-4.517382772413654,32.895703365518074
0.08221644328865774,4.808328606162732,3.782958234295854,-4.52741398449724,32.835516093016565
0.08241648329665933,4.807421939311414,3.7895206336680407,-4.537440394660248,32.77535763203851
0.08261652330466093,4.806513267257214,3.7960710018229418,-4.547462002902681,32.71522798258391
0.08281656331266253,4.80560259096071,3.802609344524014,-4.557478809224538,32.65512714465278
0.08301660332066413,4.804689911382478,3.809135667534714,-4.567490813625818,32.59505511824509
0.08321664332866574,4.803775229483092,3.8156499766185,-4.577498016106523,32.53501190336087
0.08341668333666734,4.80285854622313,3.822152277538827,-4.58750041666665,32.4749975000001
0.08361672334466894,4.801939862563169,3.8286425760591554,-4.5974980153062015,32.41501190816279
0.08381676335267053,4.801019179463784,3.8351208779429413,-4.607490812025178,32.355055127848935
0.08401680336067213,4.800096497885552,3.8415871889536426,-4.617478806823577,32.29512715905854
0.08421684336867373,4.799171818789048,3.8480415148547156,-4.627461999701401,32.2352280017916
0.08441688337667534,4.798245143134849,3.8544838614096184,-4.637440390658648,32.175357656048114
0.08461692338467694,4.797316471883533,3.8609142343818084,-4.647413979695319,32.11551612182809
0.08481696339267854,4.796385805995672,3.8673326395347427,-4.6573827668114145,32.05570339913152
0.08501700340068014,4.795453146431845,3.873739082631879,-4.6673467520069325,31.995919487958403
0.08521704340868173,4.794518494152629,3.880133569436675,-4.6773059352818755,31.936164388308747
0.08541708341668333,4.793581850118597,3.8865161057125865,-4.687260316636241,31.87643810018255
0.08561712342468494,4.7926432152903296,3.8928866972230733,-4.697209896070032,31.816740623579804
0.08581716343268654,4.791702590628399,3.899245349731591,-4.707154673583247,31.75707195850052
0.08601720344068814,4.790759977093385,3.9055920690015977,-4.717094649175885,31.697432104944696
0.08621724344868974,4.789815375645861,3.9119268607965507,-4.727029822847947,31.637821062912323
0.08641728345669134,4.788868787246404,3.918249730879906,-4.7369601945994315,31.578238832403407
0.08661732346469293,4.7879202128555916,3.924560685015123,-4.746885764430341,31.518685413417952
0.08681736347269454,4.786969653433998,3.9308597289656593,-4.756806532340676,31.45916080595595
0.08701740348069614,4.7860171099422,3.93714686849497,-4.766722498330433,31.399665010017408
0.08721744348869774,4.785062583340775,3.9434221093665145,-4.776633662399614,31.34019802560232
0.08741748349669934,4.784106074590298,3.9496854573437483,-4.786540024548218,31.280759852710688
0.08761752350470094,4.783147584651346,3.955936918190131,-4.796441584776247,31.22135049134252
0.08781756351270253,4.782187114484494,3.9621764976691187,-4.8063383430836994,31.1619699414978
0.08801760352070415,4.78122466505032,3.96840420154417,-4.816230299470576,31.10261820317654
0.08821764352870574,4.780260237309399,3.97462003557874,-4.826117453936877,31.04329527637874
0.08841768353670734,4.779293832222308,3.9808240055362876,-4.835999806482601,30.984001161104395
0.08861772354470894,4.778325450749623,3.9870161171802696,-4.8458773571077485,30.924735857353507
0.08881776355271054,4.777355093851919,3.993196376274145,-4.85575010581232,30.865499365126077
0.08901780356071214,4.7763827624897734,3.9993647885813695,-4.865618052596316,30.806291684422103
0.08921784356871375,4.7754084576237625,4.0055213598654005,-4.875481197459736,30.747112815241586
0.08941788357671535,4.774432180214463,4.011666095889695,-4.885339540402579,30.687962757584526
0.08961792358471694,4.773453931222449,4.017799002417713,-4.895193081424846,30.628841511450922
0.08981796359271854,4.772473711608299,4.023920085212909,-4.905041820526538,30.569749076840772
0.09001800360072014,4.771491522332589,4.030029350038742,-4.914885757707653,30.510685453754085
0.09021804360872175,4.770507364355894,4.036126802658669,-4.924724892968192,30.451650642190852
0.09041808361672335,4.769521238638791,4.042212448836145,-4.934559226308154,30.392644642151076
0.09061812362472495,4.7685331461418565,4.048286294334632,-4.944388757727541,30.333667453634757
0.09081816363272655,4.767543087825665,4.0543483449175834,-4.954213487226351,30.274719076641894
0.09101820364072814,4.766551064650796,4.06039860634846,-4.964033414804585,30.215799511172488
0.09121824364872974,4.765557077577823,4.066437084390716,-4.973848540462243,30.15690875722654
0.09141828365673135,4.764561127567322,4.072463784807811,-4.983658864199326,30.09804681480405
0.09161832366473295,4.76356321557987,4.0784787133632,-4.993464386015831,30.039213683905015
0.09181836367273455,4.762563342576045,4.084481875820343,-5.00326510591176,29.980409364529436
0.09201840368073615,4.761561509516421,4.090473277942697,-5.013061023887114,29.921633856677317
0.09221844368873774,4.760557717361575,4.0964529254937165,-5.022852139941891,29.862887160348652
0.09241848369673934,4.759551967072084,4.102420824236861,-5.032638454076092,29.804169275543444
0.09261852370474095,4.758544259608522,4.10837697993559,-5.042419966289717,29.745480202261696
0.09281856371274255,4.757534595931468,4.114321398353359,-5.052196676582766,29.686819940503405
0.09301860372074415,4.756522977001495,4.120254085253624,-5.061968584955239,29.628188490268567
0.09321864372874575,4.7555094037791825,4.126175046399844,-5.071735691407135,29.569585851557186
0.09341868373674735,4.754493877225106,4.132084287555475,-5.081497995938455,29.511012024369265
0.09361872374474894,4.75347639829984,4.137981814483976,-5.0912554985492,29.452467008704808
0.09381876375275056,4.752456967963962,4.143867632948805,-5.101008199239368,29.393950804563794
0.09401880376075215,4.751435587178047,4.149741748713416,-5.1107560980089595,29.33546341194624
0.09421884376875375,4.750412256902674,4.155604167541269,-5.120499194857976,29.277004830852146
0.09441888377675535,4.749386978098417,4.1614548951958215,-5.130237489786414,29.21857506128151
0.09461892378475695,4.748359751725853,4.16729393744053,-5.139970982794278,29.160174103234333
0.09481896379275855,4.747330578745556,4.173121300038852,-5.149699673881566,29.10180195671061
0.09501900380076016,4.746299460118106,4.178936988754246,-5.159423563048277,29.043458621710336
0.09521904380876176,4.745266396804078,4.184741009350168,-5.169142650294412,28.985144098233526
0.09541908381676335,4.744231389764045,4.190533367590074,-5.1788569356199705,28.926858386280173
0.09561912382476495,4.743194439958588,4.196314069237424,-5.188566419024953,28.868601485850284
0.09581916383276655,4.742155548348281,4.202083120055676,-5.198271100509359,28.810373396943845
0.09601920384076815,4.741114715893699,4.207840525808285,-5.20797098007319,28.752174119560863
0.09621924384876976,4.74007194355542,4.21358629225871,-5.217666057716444,28.69400365370133
0.09641928385677136,4.7390272322940215,4.219320425170405,-5.227356333439122,28.63586199936526
0.09661932386477295,4.737980583070076,4.225042930306833,-5.237041807241224,28.577749156552656
0.09681936387277455,4.736931996844162,4.2307538134314475,-5.24672247912275,28.519665125263504
0.09701940388077615,4.735881474576856,4.236453080307706,-5.2563983490837,28.461609905497806
0.09721944388877776,4.7348290172287335,4.242140736699069,-5.266069417124074,28.403583497255557
0.09741948389677936,4.733774625760372,4.247816788368989,-5.27573568324387,28.345585900536776
0.09761952390478096,4.732718301132345,4.2534812410809275,-5.285397147443091,28.287617115341455
0.09781956391278256,4.731660044305231,4.25913410059834,-5.295053809721736,28.229677141669583
0.09801960392078415,4.730599856239605,4.264775372684685,-5.304705670079805,28.171765979521172
0.09821964392878575,4.729537737896046,4.270405063103418,-5.314352728517298,28.113883628896215
0.09841968393678736,4.728473690235126,4.276023177617998,-5.323994985034214,28.05603008979471
0.09861972394478896,4.727407714217424,4.281629721991881,-5.333632439630555,27.998205362216673
0.09881976395279056,4.726339810803515,4.287224701988526,-5.343265092306319,27.94040944616209
0.09901980396079216,4.7252699809539775,4.29280812337139,-5.352892943061507,27.88264234163096
0.09921984396879376,4.724198225629384,4.29837999190393,-5.362515991896119,27.82490404862329
0.09941988397679535,4.723124545790314,4.303940313349603,-5.372134238810154,27.76719456713907
0.09961992398479697,4.7220489423973415,4.309489093471868,-5.3817476838036145,27.70951389717832
0.09981996399279856,4.720971416411045,4.31502633803418,-5.3913563268764975,27.651862038741015
0.10002000400080016,4.719891968791998,4.320552052799998,-5.400960168028805,27.594238991827172
0.10022004400880176,4.718810600500778,4.32606624353278,-5.410559207260536,27.536644756436786
0.10042008401680336,4.7177273124979635,4.331568915995979,-5.420153444571691,27.479079332569853
0.10062012402480495,4.7166421057441275,4.337060075953058,-5.429742879962269,27.42154272022638
0.10082016403280657,4.715554981199847,4.342539729167473,-5.439327513432272,27.364034919406365
0.10102020404080816,4.714465939825699,4.34800788140268,-5.448907344981699,27.30655593010981
0.10122024404880976,4.713374982582258,4.353464538422136,-5.45848237461055,27.249105752336703
0.10142028405681136,4.7122821104301025,4.3589097059893005,-5.4680526023188225,27.191684386087058
0.10162032406481296,4.711187324329809,4.364343389867629,-5.477618028106521,27.13429183136087
0.10182036407281456,4.710090625241951,4.369765595820579,-5.487178651973643,27.076928088158137
0.10202040408081617,4.708992014127106,4.37517632961161,-5.496734473920189,27.019593156478866
0.10222044408881777,4.707891491945852,4.380575597004175,-5.506285493946159,26.962287036323048
0.10242048409681936,4.706789059658763,4.385963403761736,-5.515831712051551,26.905009727690686
0.10262052410482096,4.705684718226415,4.391339755647749,-5.525373128236369,26.84776123058178
0.10282056411282256,4.7045784686093866,4.396704658425669,-5.53490974250061,26.790541544996337
0.10302060412082417,4.703470311768251,4.402058117858958,-5.544441554844276,26.733350670934346
0.10322064412882577,4.702360248663587,4.407400139711069,-5.553968565267365,26.67618860839581
0.10342068413682737,4.70124828025597,4.412730729745461,-5.563490773769876,26.619055357380738
0.10362072414482897,4.700134407505976,4.418049893725592,-5.573008180351813,26.561950917889117
0.10382076415283056,4.699018631374181,4.423357637414919,-5.582520785013173,26.504875289920953
0.10402080416083216,4.697900952821162,4.428653966576899,-5.5920285877539575,26.447828473476257
0.10422084416883377,4.696781372807494,4.433938886974991,-5.601531588574167,26.390810468555003
0.10442088417683537,4.6956598922937545,4.439212404372649,-5.6110297874737975,26.33382127515721
0.10462092418483697,4.694536512240519,4.444474524533333,-5.620523184452853,26.276860893282876
0.10482096419283857,4.693411233608364,4.4497252532205,-5.630011779511333,26.219929322931996
0.10502100420084017,4.692284057357866,4.454964596197606,-5.639495572649237,26.163026564104584
0.10522104420884176,4.691154984449601,4.460192559228111,-5.648974563866564,26.106152616800617
0.10542108421684337,4.690024015844145,4.46540914807547,-5.658448753163315,26.049307481020108
0.10562112422484497,4.688891152502074,4.470614368503143,-5.66791814053949,25.992491156763055
0.10582116423284657,4.687756395383965,4.475808226274584,-5.677382725995089,25.935703644029463
0.10602120424084817,4.686619745450393,4.4809907271532525,-5.686842509530112,25.878944942819334
0.10622124424884977,4.685481203661936,4.486161876902606,-5.696297491144558,25.822215053132652
0.10642128425685136,4.68434077097917,4.4913216812861005,-5.705747670838429,25.76551397496943
0.10662132426485298,4.683198448362669,4.496470146067194,-5.715193048611723,25.708841708329658
0.10682136427285457,4.682054236773012,4.501607277009345,-5.724633624464441,25.65219825321335
0.10702140428085617,4.680908137170773,4.50673307987601,-5.734069398396583,25.595583609620505
0.10722144428885777,4.67976015051653,4.511847560430646,-5.743500370408149,25.53899777755111
0.10742148429685937,4.678610277770858,4.51695072443671,-5.752926540499138,25.482440757005175
0.10762152430486097,4.677458519894334,4.522042577657661,-5.76234790866955,25.425912547982694
0.10782156431286258,4.676304877847533,4.527123125856956,-5.771764474919389,25.369413150483663
0.10802160432086418,4.675149352591033,4.532192374798052,-5.78117623924865,25.312942564508102
0.10822164432886577,4.67399194508541,4.537250330244405,-5.790583201657335,25.256500790055995
0.10842168433686737,4.672832656291239,4.5422969979594745,-5.799985362145444,25.20008782712734
0.10862172434486897,4.671671487169096,4.547332383706716,-5.809382720712976,25.143703675722143
0.10882176435287058,4.670508438679559,4.552356493249589,-5.818775277359933,25.087348335840396
0.10902180436087218,4.669343511783204,4.55736933235155,-5.828163032086314,25.031021807482123
0.10922184436887378,4.6681767074406055,4.5623709067760565,-5.837545984892118,24.974724090647296
0.10942188437687538,4.667008026612341,4.567361222286565,-5.846924135777346,24.91845518533593
0.10962192438487697,4.665837470258985,4.572340284646532,-5.856297484741997,24.862215091548016
0.10982196439287857,4.664665039341117,4.577308099619418,-5.8656660317860725,24.80600380928356
0.11002200440088018,4.6634907348193115,4.582264672968679,-5.875029776909573,24.749821338542564
0.11022204440888178,4.6623145576541445,4.587210010457771,-5.884388720112496,24.693667679325024
0.11042208441688338,4.661136508806191,4.592144117850154,-5.893742861394844,24.637542831630938
0.11062212442488498,4.659956589236031,4.5970670009092816,-5.903092200756614,24.581446795460312
0.11082216443288657,4.658774799904236,4.601978665398615,-5.912436738197809,24.525379570813143
0.11102220444088817,4.657591141771387,4.6068791170816095,-5.921776473718428,24.469341157689428
0.11122224444888978,4.6564056157980565,4.611768361721725,-5.931111407318472,24.413331556089172
0.11142228445689138,4.655218222944821,4.616646405082415,-5.940441538997938,24.357350766012374
0.11162232446489298,4.65402896417226,4.621513252927138,-5.949766868756828,24.301398787459032
0.11182236447289458,4.652837840440946,4.6263689110193535,-5.959087396595142,24.245475620429147
0.11202240448089618,4.651644852711457,4.631213385122517,-5.96840312251288,24.18958126492272
0.11222244448889777,4.65045000194437,4.636046681000087,-5.977714046510042,24.133715720939747
0.11242248449689939,4.649253289100259,4.64086880441552,-5.987020168586628,24.077878988480233
0.11262252450490098,4.648054715139702,4.645679761132274,-5.9963214887426375,24.022071067544175
0.11282256451290258,4.646854281023275,4.6504795569138055,-6.005618006978071,23.966291958131574
0.11302260452090418,4.645651987711553,4.655268197523573,-6.014909723292928,23.91054166024243
0.11322264452890578,4.644447836165114,4.660045688725034,-6.02419663768721,23.854820173876742
0.11342268453690738,4.643241827344533,4.664812036281643,-6.033478750160914,23.79912749903452
0.11362272454490899,4.642033962210387,4.669567245956861,-6.042756060714043,23.74346363571574
0.11382276455291059,4.6408242417232515,4.674311323514145,-6.052028569346596,23.687828583920425
0.11402280456091218,4.639612666843703,4.67904427471695,-6.061296276058572,23.632222343648564
0.11422284456891378,4.638399238532318,4.683766105328735,-6.070559180849973,23.57664491490016
0.11442288457691538,4.637183957749673,4.688476821112957,-6.079817283720797,23.52109629767522
0.11462292458491698,4.635966825456342,4.693176427833073,-6.0890705846710445,23.465576491973735
0.11482296459291859,4.634747842612905,4.697864931252543,-6.0983190837007175,23.410085497795695
0.11502300460092019,4.633527010179934,4.702542337134822,-6.107562780809813,23.354623315141122
0.11522304460892178,4.63230432911801,4.7072086512433655,-6.116801675998333,23.299189944010003
0.11542308461692338,4.631079800387705,4.711863879341635,-6.126035769266276,23.24378538440235
0.11562312462492498,4.629853424949598,4.716508027193084,-6.1352650606136425,23.188409636318145
0.11582316463292659,4.628625203764263,4.721141100561174,-6.144489550040435,23.133062699757392
0.11602320464092819,4.627395137792278,4.725763105209359,-6.153709237546649,23.0777445747201
0.11622324464892979,4.626163227994218,4.730374046901098,-6.162924123132289,23.022455261206268
0.11642328465693139,4.624929475330661,4.734973931399849,-6.172134206797351,22.9671947592159
0.11662332466493298,4.623693880762182,4.739562764469066,-6.181339488541837,22.91196306874898
0.11682336467293458,4.622456445249356,4.74414055187221,-6.190539968365747,22.856760189805517
0.1170234046809362,4.621217169752761,4.748707299372737,-6.199735646269082,22.801586122385505
0.11722344468893779,4.619976055232973,4.753263012734106,-6.20892652225184,22.746440866488957
0.11742348469693939,4.618733102650568,4.7578076977197705,-6.218112596314022,22.691324422115873
0.11762352470494099,4.617488312966122,4.76234136009319,-6.227293868455627,22.63623678926624
0.11782356471294259,4.616241687140212,4.766864005617824,-6.236470338676657,22.581177967940057
0.11802360472094418,4.6149932261334135,4.771375640057128,-6.245642006977111,22.526147958137337
0.1182236447289458,4.613742930906302,4.77587626917456,-6.254808873356988,22.47114675985807
0.1184236847369474,4.6124908024194555,4.780365898733576,-6.263970937816289,22.41617437310227
0.11862372474494899,4.611236841633449,4.7848445344976325,-6.273128200355013,22.36123079786992
0.11882376475295059,4.60998104950886,4.789312182230191,-6.2822806609731625,22.306316034161025
0.11902380476095219,4.608723427006263,4.793768847694706,-6.291428319670735,22.251430081975588
0.11922384476895379,4.607463975086235,4.798214536654634,-6.300571176447732,22.196572941313608
0.1194238847769554,4.606202694709352,4.802649254873435,-6.309709231304153,22.14174461217509
0.119623924784957,4.60493958683619,4.807073008114564,-6.318842484239997,22.086945094560022
0.11982396479295859,4.603674652427327,4.811485802141481,-6.327970935255265,22.032174388468412
0.12002400480096019,4.602407892443338,4.815887642717641,-6.337094584349956,21.97743249390026
0.12022404480896179,4.601139307844799,4.820278535606501,-6.346213431524072,21.922719410855567
0.12042408481696339,4.599868899592287,4.824658486571522,-6.355327476777612,21.868035139334328
0.120624124824965,4.598596668646376,4.829027501376157,-6.364436720110575,21.81337967933655
0.1208241648329666,4.597322615967646,4.8333855857838675,-6.3735411615229625,21.758753030862223
0.1210242048409682,4.596046742516669,4.837732745558108,-6.382640801014774,21.704155193911355
0.12122424484896979,4.594769049254025,4.842068986462336,-6.391735638586009,21.649586168483946
0.12142428485697139,4.593489537140288,4.846394314260009,-6.400825674236668,21.595045954579994
0.12162432486497299,4.592208207136035,4.850708734714587,-6.409910907966751,21.540534552199496
0.1218243648729746,4.590925060201841,4.855012253589524,-6.418991339776257,21.486051961342458
0.1220244048809762,4.589640097298284,4.859304876648278,-6.4280669696651875,21.431598182008877
0.1222244448889778,4.58835331938594,4.863586609654308,-6.437137797633541,21.37717321419875
0.1224244848969794,4.587064727425385,4.867857458371071,-6.446203823681319,21.32277705791208
0.12262452490498099,4.585774322377194,4.872117428562023,-6.455265047808521,21.26840971314887
0.1228245649129826,4.584482105201944,4.876366525990623,-6.464321470015148,21.214071179909116
0.1230246049209842,4.583188076860212,4.880604756420326,-6.473373090301197,21.15976145819282
0.1232246449289858,4.581892238312574,4.884832125614592,-6.482419908666671,21.105480547999978
0.1234246849369874,4.580594590519605,4.889048639336878,-6.491461925111568,21.051228449330594
0.123624724944989,4.579295134441883,4.89325430335064,-6.500499139635889,20.997005162184664
0.12382476495299059,4.5779938710399835,4.897449123419336,-6.5095315522396335,20.942810686562204
0.1240248049609922,4.576690801274482,4.901633105306424,-6.518559162922803,20.888645022463184
0.1242248449689938,4.575385926105955,4.905806254775361,-6.527581971685396,20.834508169887627
0.1244248849769954,4.57407924649498,4.909968577589605,-6.536599978527412,20.780400128835527
0.124624924984997,4.572770763402132,4.914120079512611,-6.545613183448853,20.726320899306884
0.1248249649929986,4.571460477787987,4.918260766307838,-6.554621586449716,20.672270481301705
0.1250250050010002,4.570148390613123,4.922390643738744,-6.563625187530004,20.618248874819976
0.1252250450090018,4.568834502838113,4.926509717568787,-6.572623986689717,20.5642560798617
0.1254250850170034,4.567518815423536,4.930617993561423,-6.581617983928852,20.51029209642689
0.125625125025005,4.566201329329968,4.934715477480109,-6.590607179247412,20.456356924515525
0.12582516503300661,4.564882045517985,4.938802175088302,-6.599591572645395,20.402450564127626
0.1260252050410082,4.563560964948162,4.942878092149462,-6.608571164122802,20.348573015263188
0.1262252450490098,4.5622380885810765,4.946943234427043,-6.617545953679635,20.294724277922196
0.1264252850570114,4.560913417377304,4.950997607684506,-6.626515941315889,20.24090435210467
0.126625325065013,4.559586952297421,4.955041217685305,-6.635481127031568,20.187113237810593
0.1268253650730146,4.558258694302004,4.959074070192899,-6.6444415108266695,20.13335093503998
0.1270254050810162,4.556928644351629,4.963096170970747,-6.653397092701197,20.07961744379282
0.1272254450890178,4.555596803406872,4.9671075257823025,-6.662347872655148,20.025912764069115
0.1274254850970194,4.5542631724283105,4.971108140391027,-6.671293850688521,19.972236895868875
0.127625525105021,4.552927752376519,4.975098020560375,-6.68023502680132,19.91858983919208
0.1278255651130226,4.5515905442120745,4.979077172053803,-6.689171400993541,19.864971594038753
0.1280256051210242,4.550251548895553,4.983045600634773,-6.698102973265187,19.81138216040888
0.12822564512902582,4.5489107673875315,4.987003312066739,-6.707029743616258,19.757821538302455
0.1284256851370274,4.547568200648586,4.990950312113158,-6.71595171204675,19.704289727719498
0.128625725145029,4.546223849639292,4.994886606537489,-6.724868878556668,19.65078672865999
0.1288257651530306,4.544877715320226,4.998812201103188,-6.733781243146008,19.597312541123948
0.1290258051610322,4.543529798651964,5.002727101573714,-6.742688805814773,19.543867165111358
0.12922584516903382,4.542180100595083,5.006631313712523,-6.751591566562963,19.49045060062222
0.1294258851770354,4.5408286221101575,5.010524843283073,-6.760489525390575,19.43706284765655
0.12962592518503702,4.5394753641577665,5.014407696048821,-6.769382682297612,19.383703906214325
0.1298259651930386,4.5381203276984845,5.018279877773225,-6.778271037284071,19.330373776295566
0.1300260052010402,4.536763513692888,5.022141394219742,-6.787154590349957,19.277072457900264
0.1302260452090418,4.535404923101553,5.025992251151829,-6.796033341495264,19.22379995102841
0.1304260852170434,4.534044556885057,5.0298324543329445,-6.804907290719997,19.170556255680022
0.13062612522504502,4.532682416003974,5.0336620095265445,-6.813776438024153,19.117341371855083
0.1308261652330466,4.531318501418882,5.037480922496086,-6.822640783407731,19.06415529955361
0.13102620524104822,4.529952814090357,5.041289199005029,-6.831500326870735,19.01099803877559
0.1312262452490498,4.528585354978974,5.045086844816829,-6.840355068413162,18.95786958952103
0.1314262852570514,4.527216125045309,5.048873865694945,-6.849205008035014,18.904769951789916
0.13162632526505302,4.525845125249941,5.052650267402832,-6.858050145736289,18.85169912558226
0.1318263652730546,4.524472356553446,5.056416055703947,-6.866890481516987,18.798657110898073
0.13202640528105622,4.523097819916396,5.06017123636175,-6.8757260153771105,18.74564390773734
0.1322264452890578,4.521721516299372,5.063915815139698,-6.8845567473166565,18.692659516100058
0.13242648529705942,4.520343446662947,5.067649797801247,-6.8933826773356275,18.639703935986237
0.132626525305061,4.518963611967699,5.071373190109854,-6.902203805434021,18.586777167395876
0.1328265653130626,4.517582013174203,5.075085997828978,-6.9110201316118385,18.533879210328962
0.13302660532106422,4.5161986512430365,5.078788226722076,-6.919831655869082,18.48101006478551
0.1332266453290658,4.514813527134776,5.082479882552605,-6.928638378205747,18.42816973076552
0.13342668533706742,4.513426641809997,5.086160971084023,-6.937440298621836,18.375358208268977
0.133626725345069,4.5120379962292745,5.089831498079787,-6.94623741711735,18.3225754972959
0.13382676535307061,4.510647591353186,5.093491469303353,-6.955029733692287,18.269821597846274
0.13402680536107223,4.509255428142308,5.097140890518181,-6.9638172483466505,18.217096509920108
0.1342268453690738,4.507861507557217,5.100779767487727,-6.972599961080434,18.164400233517394
0.13442688537707542,4.506465830558487,5.104408105975448,-6.981377871893642,18.11173276863814
0.134626925385077,4.505068398106697,5.108025911744802,-6.990150980786275,18.059094115282353
0.13482696539307862,4.503669211162421,5.111633190559246,-6.998919287758332,18.006484273450006
0.13502700540108023,4.502268270686237,5.115229948182239,-7.007682792809813,17.953903243141127
0.13522704540908181,4.500865577638721,5.118816190377235,-7.016441495940716,17.901351024355705
0.13542708541708343,4.499461132980448,5.122391922907693,-7.025195397151045,17.848827617093733
0.135627125425085,4.498054937671995,5.125957151537072,-7.033944496440796,17.796333021355224
0.13582716543308662,4.496646992673939,5.129511882028828,-7.0426887938099725,17.743867237140165
0.1360272054410882,4.495237298946854,5.133056120146418,-7.051428289258572,17.69143026444857
0.13622724544908982,4.493825857451318,5.1365898716533,-7.060162982786595,17.639022103280425
0.13642728545709143,4.4924126691479085,5.14011314231293,-7.0688928743940425,17.586642753635743
0.136627325465093,4.4909977349971975,5.14362593788877,-7.077617964080914,17.53429221551452
0.13682736547309463,4.489581055959766,5.147128264144271,-7.0863382518472084,17.481970488916744
0.1370274054810962,4.488162632996187,5.150620126842896,-7.095053737692928,17.429677573842437
0.13722744548909782,4.486742467067038,5.154101531748098,-7.10376442161807,17.37741347029158
0.13742748549709943,4.485320559132895,5.157572484623335,-7.112470303622636,17.325178178264174
0.13762752550510102,4.483896910154335,5.1610329912320685,-7.121171383706628,17.27297169776024
0.13782756551310263,4.482471521091933,5.164483057337752,-7.129867661870041,17.220794028779746
0.1380276055211042,4.481044392906265,5.167922688703844,-7.13855913811288,17.168645171322723
0.13822764552910582,4.479615526557908,5.171351891093801,-7.147245812435141,17.116525125389146
0.1384276855371074,4.478184923007439,5.174770670271079,-7.155927684836826,17.06443389097904
0.13862772554510902,4.476752583215433,5.178179031999141,-7.164604755317937,17.012371468092383
0.13882776555311063,4.475318508142467,5.181576982041439,-7.17327702387847,16.960337856729176
0.13902780556111222,4.473882698749116,5.184964526161434,-7.181944490518428,16.908333056889433
0.13922784556911383,4.472445155995958,5.188341670122579,-7.190607155237809,16.85635706857315
0.1394278855771154,4.471005880843569,5.191708419688335,-7.199265018036613,16.804409891780317
0.13962792558511702,4.469564874252524,5.195064780622161,-7.207918078914843,16.752491526510944
0.13982796559311864,4.468122137183399,5.198410758687509,-7.216566337872496,16.70060197276502
0.14002800560112022,4.466677670596771,5.2017463596478395,-7.225209794909572,16.64874123054257
0.14022804560912183,4.465231475453217,5.20507158926661,-7.2338484500260725,16.59690929984356
0.14042808561712342,4.463783552713312,5.208386453307275,-7.242482303221996,16.54510618066802
0.14062812562512503,4.462333903337632,5.211690957533299,-7.251111354497345,16.493331873015933
0.1408281656331266,4.460882528286756,5.214985107708131,-7.259735603852116,16.441586376887308
0.14102820564112822,4.459429428521257,5.218268909595235,-7.268355051286313,16.389869692282126
0.14122824564912984,4.457974605001712,5.221542368958063,-7.276969696799933,16.338181819200408
0.14142828565713142,4.456518058688698,5.224805491560074,-7.285579540392975,16.286522757642146
0.14162832566513303,4.455059790542791,5.22805828316473,-7.294184582065443,16.23489250760734
0.14182836567313462,4.453599801524567,5.231300749535482,-7.302784821817333,16.183291069096
0.14202840568113623,4.452138092594603,5.23453289643579,-7.31138025964865,16.131718442108106
0.14222844568913784,4.450674664713474,5.237754729629112,-7.319970895559388,16.080174626643668
0.14242848569713942,4.449209518841757,5.240966254878904,-7.3285567295495495,16.028659622702694
0.14262852570514103,4.4477426559400275,5.244167477948626,-7.337137761619138,15.977173430285177
0.14282856571314262,4.446274076968862,5.24735840460173,-7.345713991768147,15.92571604939112
0.14302860572114423,4.444803782888838,5.250539040601681,-7.354285419996582,15.874287480020508
0.14322864572914584,4.44333177466053,5.25370939171193,-7.3628520463044405,15.82288772217336
0.14342868573714743,4.441858053244515,5.256869463695937,-7.371413870691721,15.771516775849665
0.14362872574514904,4.440382619601369,5.260019262317159,-7.379970893158428,15.720174641049434
0.14382876575315062,4.438905474691669,5.263158793339054,-7.388523113704556,15.66886131777266
0.14402880576115223,4.437426619475991,5.26628806252508,-7.397070532330112,15.617576806019333
0.14422884576915382,4.4359460549149095,5.269407075638688,-7.405613149035087,15.566321105789477
0.14442888577715543,4.4344637819690025,5.272515838443345,-7.4141509638194885,15.515094217083062
0.14462892578515704,4.432979801598846,5.275614356702504,-7.422683976683315,15.463896139900113
0.14482896579315863,4.431494114765017,5.27870263617962,-7.431212187626563,15.412726874240626
0.14502900580116024,4.43000672242809,5.281780682638156,-7.4397355966492364,15.361586420104583
0.14522904580916182,4.4285176255486425,5.284848501841563,-7.448254203751332,15.31047477749201
0.14542908581716343,4.427026825087249,5.287906099553303,-7.456768008932852,15.25939194640288
0.14562912582516505,4.425534322004489,5.290953481536833,-7.465277012193798,15.208337926837215
0.14582916583316663,4.424040117260935,5.293990653555607,-7.473781213534164,15.157312718795012
0.14602920584116824,4.422544211817166,5.2970176213730875,-7.482280612953958,15.106316322276253
0.14622924584916983,4.421046606633756,5.3000343907527245,-7.490775210453172,15.055348737280966
0.14642928585717144,4.419547302671283,5.303040967457983,-7.499265006031812,15.00440996380912
0.14662932586517302,4.418046300890323,5.3060373572523165,-7.507749999689875,14.953500001860746
0.14682936587317463,4.416543602251451,5.309023565899183,-7.516230191427363,14.902618851435824
0.14702940588117624,4.415039207715244,5.311999599162042,-7.524705581244276,14.85176651253435
0.14722944588917783,4.413533118242279,5.314965462804346,-7.533176169140609,14.800942985156347
0.14742948589717944,4.412025334793133,5.317921162589557,-7.541641955116368,14.750148269301786
0.14762952590518102,4.410515858328378,5.320866704281131,-7.550102939171551,14.699382364970695
0.14782956591318264,4.409004689808595,5.3238020936425245,-7.558559121306157,14.648645272163057
0.14802960592118425,4.407491830194356,5.326727336437197,-7.567010501520189,14.597936990878868
0.14822964592918583,4.405977280446242,5.329642438428602,-7.575457079813642,14.547257521118148
0.14842968593718744,4.404461041524826,5.332547405380199,-7.58389885618652,14.496606862880874
0.14862972594518903,4.402943114390684,5.335442243055447,-7.592335830638822,14.445985016167068
0.14882976595319064,4.401423500004394,5.338326957217802,-7.600768003170548,14.395391980976713
0.14902980596119225,4.399902199326531,5.341201553630723,-7.609195373781699,14.344827757309808
0.14922984596919384,4.398379213317672,5.344066038057663,-7.617617942472271,14.294292345166374
0.14942988597719545,4.396854542938393,5.346920416262082,-7.626035709242268,14.243785744546384
0.14962992598519703,4.39532818914927,5.3497646940074395,-7.63444867409169,14.193307955449862
0.14982996599319864,4.393800152910878,5.352598877057189,-7.642856837020535,14.142858977876793
0.15003000600120023,4.3922704351837965,5.355422971174792,-7.651260198028804,14.092438811827178
0.15023004600920184,4.390739036928599,5.358236982123701,-7.659658757116496,14.042047457301024
0.15043008601720345,4.389205959105862,5.3610409156673775,-7.6680525142836125,13.991684914298318
0.15063012602520504,4.387671202676163,5.363834777569279,-7.676441469530153,13.94135118281908
0.15083016603320665,4.386134768600076,5.36661857359286,-7.684825622856117,13.891046262863295
0.15103020604120823,4.3845966578381805,5.369392309501579,-7.693204974261506,13.840770154430965
0.15123024604920984,4.383056871351051,5.372155991058893,-7.701579523746318,13.790522857522095
0.15143028605721146,4.381515410099262,5.374909624028261,-7.7099492713105535,13.740304372136674
0.15163032606521304,4.379972275043392,5.37765321417314,-7.718314216954213,13.690114698274721
0.15183036607321465,4.378427467144018,5.380386767256985,-7.726674360677296,13.639953835936222
0.15203040608121624,4.376880987361713,5.383110289043256,-7.735029702479804,13.589821785121176
0.15223044608921785,4.375332836657056,5.385823785295409,-7.743380242361735,13.53971854582959
0.15243048609721943,4.373783015990623,5.388527261776904,-7.751725980323091,13.489644118061465
0.15263052610522104,4.372231526322988,5.391220724251194,-7.760066916363869,13.439598501816786
0.15283056611322265,4.37067836861473,5.393904178481739,-7.768403050484071,13.38958169709557
0.15303060612122424,4.369123543826424,5.396577630231996,-7.776734382683698,13.33959370389781
0.15323064612922585,4.367567052918646,5.399241085265423,-7.785060912962749,13.289634522223508
0.15343068613722743,4.366008896851971,5.401894549345478,-7.793382641321223,13.239704152072667
0.15363072614522905,4.364449076586978,5.404538028235615,-7.801699567759121,13.189802593445272
0.15383076615323066,4.362887593084243,5.407171527699293,-7.810011692276443,13.139929846341342
0.15403080616123224,4.36132444730434,5.409795053499972,-7.81831901487319,13.090085910760866
0.15423084616923385,4.359759640207846,5.412408611401107,-7.826621535549359,13.040270786703848
0.15443088617723544,4.358193172755338,5.415012207166156,-7.834919254304952,12.990484474170293
0.15463092618523705,4.356625045907392,5.417605846558574,-7.843212171139969,12.940726973160183
0.15483096619323866,4.355055260624583,5.420189535341823,-7.85150028605441,12.890998283673536
0.15503100620124025,4.35348381786749,5.422763279279357,-7.859783599048276,12.841298405710345
0.15523104620924186,4.351910718596687,5.425327084134634,-7.868062110121564,12.791627339270612
0.15543108621724344,4.350335963772751,5.427880955671112,-7.876335819274278,12.741985084354342
0.15563112622524505,4.348759554356257,5.430424899652247,-7.884604726506414,12.692371640961516
0.15583116623324664,4.347181491307783,5.4329589218414975,-7.892868831817973,12.642787009092158
0.15603120624124825,4.345601775587904,5.435483028002323,-7.901128135208959,12.593231188746246
0.15623124624924986,4.344020408157197,5.437997223898176,-7.909382636679366,12.5437041799238
0.15643128625725145,4.342437389976238,5.440501515292519,-7.9176323362291985,12.494205982624813
0.15663132626525306,4.340852722005604,5.442995907948805,-7.925877233858454,12.444736596849273
0.15683136627325464,4.339266405205869,5.445480407630493,-7.934117329567133,12.3952960225972
0.15703140628125625,4.337678440537611,5.447955020101043,-7.942352623355237,12.345884259868573
0.15723144628925786,4.3360888289614055,5.450419751123907,-7.950583115222765,12.29650130866341
0.15743148629725945,4.33449757143783,5.452874606462548,-7.958808805169717,12.247147168981709
0.15763152630526106,4.332904668927459,5.45531959188042,-7.967029693196091,12.197821840823453
0.15783156631326264,4.33131012239087,5.4577547131409805,-7.975245779301889,12.148525324188665
0.15803160632126426,4.329713932788638,5.460179976007689,-7.983457063487113,12.099257619077322
0.15823164632926584,4.328116101081341,5.462595386244001,-7.991663545751758,12.050018725489448
0.15843168633726745,4.326516628229554,5.465000949613375,-7.99986522609583,12.000808643425026
0.15863172634526906,4.324915515193854,5.467396671879267,-8.008062104519324,11.951627372884055
0.15883176635327065,4.323312762934816,5.469782558805133,-8.01625418102224,11.902474913866552
0.15903180636127226,4.321708372413017,5.472158616154436,-8.024441455604585,11.853351266372494
0.15923184636927384,4.320102344589033,5.474524849690629,-8.032623928266348,11.804256430401903
0.15943188637727546,4.3184946804234405,5.4768812651771706,-8.04080159900754,11.755190405954767
0.15963192638527707,4.316885380876815,5.479227868377516,-8.048974467828153,11.706153193031081
0.15983196639327865,4.315274446909735,5.481564665055125,-8.05714253472819,11.657144791630861
0.16003200640128026,4.3136618794827735,5.483891660973456,-8.065305799707652,11.608165201754089
0.16023204640928185,4.312047679556509,5.486208861895963,-8.073464262766535,11.559214423400784
0.16043208641728346,4.3104318480915165,5.488516273586107,-8.081617923904846,11.510292456570932
0.16063212642528507,4.308814386048374,5.490813901807344,-8.08976678312258,11.461399301264528
0.16083216643328666,4.307195294387655,5.4931017523231285,-8.097910840419734,11.412534957481594
0.16103220644128827,4.305574574069938,5.495379830896922,-8.106050095796316,11.363699425222107
0.16123224644928985,4.303952226055798,5.497648143292179,-8.114184549252318,11.314892704486086
0.16143228645729146,4.302328251305812,5.49990669527236,-8.122314200787748,11.266114795273518
0.16163232646529305,4.300702650780556,5.502155492600918,-8.130439050402599,11.217365697584412
0.16183236647329466,4.299075425440606,5.504394541041314,-8.138559098096874,11.168645411418751
0.16203240648129627,4.297446576246538,5.506623846357007,-8.146674343870576,11.119953936776547
0.16223244648929785,4.295816104158929,5.508843414311448,-8.154784787723697,11.07129127365781
0.16243248649729947,4.2941840101383555,5.5110532506681,-8.162890429656247,11.022657422062528
0.16263252650530105,4.292550295145392,5.513253361190417,-8.170991269668216,10.974052381990706
0.16283256651330266,4.290914960140617,5.515443751641858,-8.17908730775961,10.925476153442329
0.16303260652130427,4.289278006084604,5.517624427785883,-8.187178543930433,10.87692873641741
0.16323264652930586,4.287639433937931,5.519795395385943,-8.195264978180672,10.828410130915959
0.16343268653730747,4.285999244661175,5.521956660205501,-8.20334661051034,10.77992033693796
0.16363272654530905,4.2843574392149115,5.52410822800801,-8.211423440919429,10.731459354483425
0.16383276655331067,4.282714018559715,5.526250104556931,-8.219495469407944,10.683027183552332
0.16403280656131225,4.281068983656164,5.528382295615721,-8.227562695975882,10.63462382414471
0.16423284656931386,4.279422335464834,5.530504806947835,-8.235625120623244,10.586249276260531
0.16443288657731547,4.277774074946301,5.532617644316735,-8.243682743350032,10.537903539899817
0.16463292658531706,4.2761242030611415,5.534720813485872,-8.25173556415624,10.489586615062565
0.16483296659331867,4.274472720769931,5.536814320218706,-8.259783583041873,10.441298501748758
0.16503300660132025,4.272819629033247,5.538898170278699,-8.267826800006931,10.393039199958418
0.16523304660932187,4.2711649288116655,5.540972369429301,-8.275865215051411,10.344808709691526
0.16543308661732348,4.269508621065761,5.5430369234339745,-8.283898828175317,10.296607030948097
0.16563312662532506,4.267850706756112,5.545091838056175,-8.291927639378645,10.248434163728128
0.16583316663332667,4.266191186843293,5.547137119059358,-8.299951648661398,10.200290108031606
0.16603320664132826,4.264530062287881,5.549172772206986,-8.307970856023575,10.152174863858551
0.16623324664932987,4.262867334050453,5.551198803262511,-8.315985261465176,10.104088431208943
0.16643328665733148,4.261203003091584,5.553215217989394,-8.3239948649862,10.056030810082799
0.16663332666533306,4.259537070371851,5.5552220221510895,-8.331999666586649,10.008002000480117
0.16683336667333468,4.25786953685183,5.557219221511057,-8.33999966626652,9.960002002400877
0.16703340668133626,4.256200403492096,5.559206821832755,-8.347994864025816,9.912030815845107
0.16723344668933787,4.254529671253228,5.561184828879638,-8.355985259864536,9.864088440812784
0.16743348669733946,4.2528573410958,5.563153248415166,-8.363970853782678,9.816174877303927
0.16763352670534107,4.251183413980388,5.565112086202792,-8.371951645780246,9.768290125318526
0.16783356671334268,4.249507890867569,5.5670613480059785,-8.379927635857237,9.720434184856572
0.16803360672134426,4.24783077271792,5.56900103958818,-8.387898824013654,9.672607055918087
0.16823364672934588,4.246152060492017,5.570931166712855,-8.395865210249491,9.624808738503049
0.16843368673734746,4.244471755150435,5.572851735143462,-8.403826794564754,9.577039232611476
0.16863372674534907,4.242789857653752,5.574762750643455,-8.41178357695944,9.529298538243358
0.16883376675335068,4.241106368962542,5.576664218976292,-8.419735557433551,9.48158665539869
0.16903380676135227,4.239421290037383,5.578556145905434,-8.427682735987085,9.43390358407749
0.16923384676935388,4.23773462183885,5.580438537194335,-8.435625112620043,9.386249324279735
0.16943388677735546,4.236046365327521,5.582311398606455,-8.443562687332426,9.338623876005448
0.16963392678535708,4.234356521463971,5.584174735905249,-8.451495460124232,9.291027239254614
0.16983396679335866,4.2326650912087755,5.586028554854173,-8.459423430995459,9.243459414027235
0.17003400680136027,4.230972075522512,5.58787286121669,-8.467346599946115,9.195920400323315
0.17023404680936188,4.229277475365757,5.589707660756252,-8.475264966976193,9.148410198142845
0.17043408681736347,4.227581291699085,5.59153295923632,-8.483178532085693,9.100928807485841
0.17063412682536508,4.225883525483074,5.593348762420348,-8.491087295274617,9.053476228352293
0.17083416683336666,4.224184177678299,5.595155076071794,-8.498991256542965,9.006052460742199
0.17103420684136827,4.222483249245338,5.5969519059541195,-8.50689041589074,8.958657504655562
0.1712342468493699,4.220780741144764,5.598739257830777,-8.514784773317936,8.911291360092378
0.17143428685737147,4.219076654337156,5.600517137465228,-8.522674328824557,8.86395402705266
0.17163432686537308,4.21737098978309,5.602285550620925,-8.530559082410601,8.816645505536396
0.17183436687337467,4.215663748443141,5.604044503061329,-8.538439034076069,8.769365795543584
0.17203440688137628,4.213954931277886,5.6057940005498965,-8.54631418382096,8.722114897074235
0.17223444688937786,4.212244539247902,5.607534048850083,-8.554184531645276,8.674892810128345
0.17243448689737947,4.210532573313763,5.6092646537253525,-8.562050077549017,8.627699534705899
0.17263452690538109,4.208819034436048,5.6109858209391525,-8.569910821532181,8.58053507080692
0.17283456691338267,4.207103923575331,5.612697556254948,-8.577766763594767,8.533399418431394
0.17303460692138428,4.205387241692189,5.6143998654361935,-8.585617903736779,8.486292577579329
0.17323464692938587,4.203668989747199,5.6160927542463455,-8.593464241958213,8.439214548250723
0.17343468693738748,4.201949168700936,5.617776228448864,-8.601305778259073,8.392165330445565
0.1736347269453891,4.200227779513976,5.619450293807205,-8.609142512639355,8.345144924163868
0.17383476695339067,4.198504823146897,5.621114956084824,-8.61697444509906,8.298153329405627
0.17403480696139229,4.196780300560274,5.622770221045183,-8.624801575638193,8.251190546170847
0.17423484696939387,4.195054212714684,5.624416094451734,-8.632623904256747,8.204256574459526
0.17443488697739548,4.193326560570702,5.62605258206794,-8.640441430954725,8.15735141427165
0.1746349269853971,4.191597345088905,5.627679689657254,-8.648254155732127,8.11047506560724
0.17483496699339868,4.18986656722987,5.629297422983133,-8.656062078588953,8.063627528466283
0.1750350070014003,4.18813422795417,5.630905787809039,-8.663865199525203,8.016808802848786
0.17523504700940187,4.186400328222385,5.632504789898423,-8.671663518540875,7.970018888754751
0.17543508701740348,4.18466486899509,5.63409443501475,-8.679457035635973,7.923257786184161
0.17563512702540507,4.182927851232861,5.635674728921471,-8.687245750810494,7.876525495137038
0.17583516703340668,4.1811892758962745,5.637245677382046,-8.695029664064439,7.829822015613361
0.1760352070414083,4.179449143945906,5.638807286159932,-8.70280877539781,7.78314734761315
0.17623524704940988,4.177707456342333,5.640359561018586,-8.710583084810601,7.736501491136398
0.1764352870574115,4.17596421404613,5.6419025077214675,-8.718352592302818,7.689884446183093
0.17663532706541307,4.174219418017874,5.643436132032031,-8.726117297874458,7.643296212753254
0.17683536707341468,4.172473069218142,5.644960439713735,-8.733877201525521,7.5967367908468635
0.1770354070814163,4.17072516860751,5.646475436530037,-8.741632303256011,7.550206180463938
0.17723544708941788,4.168975717146553,5.647981128244394,-8.749382603065921,7.50370438160447
0.1774354870974195,4.167224715795848,5.649477520620266,-8.75712810095526,7.457231394268449
0.17763552710542108,4.165472165515973,5.650964619421106,-8.764868796924016,7.410787218455896
0.1778355671134227,4.163718067267503,5.652442430410375,-8.772604690972202,7.364371854166787
0.17803560712142427,4.161962422011012,5.653910959351528,-8.780335783099808,7.317985301401148
0.17823564712942588,4.160205230707079,5.655370212008022,-8.78806207330684,7.271627560158956
0.1784356871374275,4.158446494316278,5.656820194143318,-8.795783561593296,7.225298630440234
0.17863572714542908,4.156686213799188,5.65826091152087,-8.803500247959175,7.1789985122449504
0.1788357671534307,4.154924390116382,5.6596923699041355,-8.811212132404476,7.132727205573143
0.17903580716143228,4.15316102422844,5.6611145750565735,-8.818919214929203,7.08648471042479
0.1792358471694339,4.151396117095934,5.662527532741641,-8.826621495533352,7.04027102679988
0.1794358871774355,4.149629669679444,5.663931248722797,-8.834318974216929,6.994086154698428
0.17963592718543708,4.147861682939545,5.665325728763494,-8.842011650979925,6.947930094120444
0.1798359671934387,4.146092157836812,5.666710978627192,-8.849699525822349,6.901802845065907
0.18003600720144028,4.144321095331822,5.668087004077351,-8.857382598744193,6.855704407534837
0.1802360472094419,4.142548496385151,5.669453810877425,-8.865060869745463,6.809634781527214
0.1804360872174435,4.1407743619573765,5.670811404790873,-8.872734338826158,6.763593967043061
0.1806361272254451,4.138998693009074,5.6721597915811515,-8.880403005986274,6.7175819640823615
0.1808361672334467,4.13722149050082,5.673498977011717,-8.888066871225815,6.671598772645108
0.18103620724144828,4.135442755393188,5.6748289668460306,-8.89572593454478,6.625644392731324
0.1812362472494499,4.133662488646759,5.676149766847546,-8.90338019594317,6.579718824340983
0.18143628725745148,4.131880691222105,5.677461382779723,-8.911029655420982,6.533822067474112
0.1816363272654531,4.130097364079805,5.678763820406015,-8.918674312978219,6.487954122130688
0.1818363672734547,4.128312508180433,5.680057085489883,-8.926314168614878,6.4421149883107205
0.1820364072814563,4.126526124484568,5.681341183794785,-8.933949222330963,6.396304666014219
0.1822364472894579,4.124738213952783,5.682616121084176,-8.94157947412647,6.350523155241165
0.18243648729745948,4.122948777545657,5.683881903121517,-8.949204924001403,6.3047704559915765
0.1826365273054611,4.121157816223765,5.685138535670259,-8.95682557195576,6.259046568265436
0.1828365673134627,4.119365330947684,5.686386024493864,-8.964441417989539,6.213351492062765
0.1830366073214643,4.117571322677989,5.6876243753557905,-8.972052462102743,6.167685227383549
0.1832366473294659,4.115775792375256,5.68885359401949,-8.979658704295371,6.122047774227781
0.18343668733746749,4.113978741000063,5.690073686248428,-8.987260144567422,6.076439132595478
0.1836367273454691,4.1121801695129845,5.6912846578060545,-8.994856782918896,6.030859302486622
0.18383676735347068,4.1103800788745986,5.69248651445583,-9.002448619349794,5.985308283901235
0.1840368073614723,4.1085784700454795,5.693679261961216,-9.010035653860118,5.93978607683929
0.1842368473694739,4.106775343986205,5.694862906085662,-9.017617886449864,5.894292681300804
0.1844368873774755,4.10497070165735,5.6960374525926305,-9.025195317119035,5.848828097285788
0.1846369273854771,4.103164544019491,5.697202907245575,-9.03276794586763,5.803392324794231
0.18483696739347868,4.1013568720332065,5.698359275807958,-9.040335772695647,5.757985363826112
0.1850370074014803,4.099547686659069,5.699506564043235,-9.04789879760309,5.712607214381469
0.1852370474094819,4.097736988857657,5.70064477771486,-9.055457020589955,5.667257876460269
0.1854370874174835,4.095924779589548,5.7017739225862965,-9.063010441656246,5.6219373500625345
0.1856371274254851,4.094111059815314,5.702894004420995,-9.070559060801958,5.57664563518825
0.1858371674334867,4.0922958304955355,5.704005028982417,-9.078102878027094,5.531382731837429
0.1860372074414883,4.090479092590787,5.705107002034022,-9.085641893331658,5.486148640010056
0.1862372474494899,4.088660847061645,5.706199929339261,-9.093176106715642,5.440943359706139
0.1864372874574915,4.086841094868684,5.707283816661597,-9.100705518179051,5.395766890925692
0.1866373274654931,4.085019836972483,5.708358669764484,-9.108230127721884,5.35061923366869
0.1868373674734947,4.083197074333617,5.7094244944113814,-9.11574993534414,5.3055003879351545
0.1870374074814963,4.081372807912662,5.7104812963657485,-9.123264941045822,5.26041035372508
0.1872374474894979,4.079547038670194,5.711529081391037,-9.130775144826924,5.215349131038458
0.1874374874974995,4.07771976756679,5.712567855250709,-9.138280546687454,5.170316719875284
0.1876375275055011,4.075890995563025,5.713597623708218,-9.145781146627405,5.1253131202355675
0.1878375675135027,4.0740607236194775,5.714618392527026,-9.15327694464678,5.080338332119316
0.1880376075215043,4.0722289526967215,5.715630167470587,-9.16076794074558,5.035392355526515
0.1882376475295059,4.070395683755335,5.7166329543023595,-9.168254134923803,4.990475190457177
0.1884376875375075,4.0685609177558915,5.717626758785802,-9.175735527181452,4.945586836911286
0.18863772754550912,4.0667246556589705,5.718611586684369,-9.183212117518522,4.900727294888869
0.1888377675535107,4.064886898425146,5.719587443761519,-9.190683905935018,4.855896564389889
0.1890378075615123,4.063047647014996,5.720554335780713,-9.198150892430938,4.811094645414382
0.1892378475695139,4.061206902389094,5.721512268505403,-9.205613077006278,4.76632153796233
0.1894378875775155,4.05936466550802,5.72246124769905,-9.213070459661047,4.721577242033726
0.1896379275855171,4.057520937332347,5.723401279125108,-9.220523040395236,4.67686175762859
0.1898379675935187,4.055675718822653,5.724332368547037,-9.22797081920885,4.632175084746898
0.19003800760152031,4.053829010939513,5.725254521728297,-9.23541379610189,4.587517223388662
0.1902380476095219,4.051980814643504,5.726167744432339,-9.24285197107435,4.542888173553894
0.1904380876175235,4.050131130895203,5.727072042422626,-9.250285344126237,4.498287935242574
0.1906381276255251,4.048279960655184,5.72796742146261,-9.257713915257545,4.453716508454722
0.1908381676335267,4.046427304884025,5.728853887315753,-9.265137684468279,4.409173893190314
0.19103820764152832,4.044573164542302,5.729731445745513,-9.272556651758439,4.364660089449378
0.1912382476495299,4.042717540590591,5.730600102515341,-9.279970817128017,4.320175097231896
0.19143828765753151,4.040860433989469,5.731459863388702,-9.287380180577024,4.27571891653786
0.1916383276655331,4.03900184569951,5.732310734129047,-9.294784742105453,4.231291547367292
0.1918383676735347,4.037141776681293,5.733152720499838,-9.302184501713304,4.186892989720169
0.1920384076815363,4.0352802278953925,5.733985828264532,-9.309579459400581,4.1425232435965125
0.1922384476895379,4.0334172003023845,5.734810063186583,-9.316969615167281,4.098182308996305
0.19243848769753952,4.031552694862847,5.735625431029452,-9.324354969013408,4.053870185919553
0.1926385277055411,4.029686712537354,5.736431937556594,-9.331735520938954,4.009586874366269
0.1928385677135427,4.0278192542864835,5.7372295885314655,-9.339111270943926,3.965332374336432
0.1930386077215443,4.025950321070812,5.738018389717529,-9.346482219028323,3.921106685830061
0.1932386477295459,4.024079913850914,5.7387983468782355,-9.353848365192142,3.8769098088471523
0.19343868773754752,4.022208033587366,5.7395694657770475,-9.361209709435386,3.832741743387686
0.1936387277455491,4.020334681240745,5.740331752177418,-9.368566251758052,3.788602489451687
0.19383876775355072,4.018459857771628,5.741085211842808,-9.375917992160144,3.7444920470391327
0.1940388077615523,4.016583564140589,5.741829850536675,-9.383264930641658,3.7004104161500475
0.1942388477695539,4.014705801308207,5.742565674022472,-9.390607067202598,3.6563575967844084
0.19443888777755552,4.012826570235055,5.743292688063663,-9.397944401842963,3.612333588942226
0.1946389277855571,4.010945871881712,5.744010898423698,-9.405276934562748,3.5683383926235113
0.19483896779355872,4.009063707208753,5.74472031086604,-9.412604665361958,3.5243720078282426
0.1950390078015603,4.007180077176754,5.745420931154145,-9.419927594240592,3.4804344345564413
0.19523904780956192,4.0052949827462925,5.746112765051468,-9.42724572119865,3.436525672808102
0.1954390878175635,4.003408424877944,5.74679581832147,-9.434559046236133,3.3926457225832003
0.1956391278255651,4.0015204045322825,5.7474700967276044,-9.441867569353038,3.3487945838817748
0.19583916783356672,3.999630922669888,5.7481356060333315,-9.449171290549367,3.30497225670379
0.1960392078415683,3.9977399802513354,5.74879235200211,-9.456470209825122,3.2611787410492727
0.19623924784956992,3.9958475782372,5.749440340397394,-9.4637643271803,3.2174140369182016
0.1964392878575715,3.9939537175880586,5.750079576982642,-9.471053642614901,3.1736781443106015
0.19663932786557312,3.9920583992644874,5.75071006752131,-9.478338156128926,3.1299710632264457
0.19683936787357473,3.990161624227062,5.751331817776858,-9.485617867722373,3.086292793665745
0.1970394078815763,3.9882633934363607,5.751944833512743,-9.492892777395248,3.0426433356285134
0.19723944788957792,3.986363707852958,5.7525491204924215,-9.500162885147544,2.9990226891147422
0.1974394878975795,3.98446256843743,5.75314468447935,-9.507428190979265,2.955430854124412
0.19763952790558112,3.982559976150353,5.753731531236988,-9.514688694890408,2.9118678306575543
0.1978395679135827,3.980655931952305,5.7543096665287905,-9.521944396880976,2.86833361871415
0.19803960792158432,3.9787504368038595,5.754879096118218,-9.529195296950968,2.8248282182941917
0.19823964792958593,3.976843491665595,5.755439825768725,-9.536441395100384,2.7813516293976903
0.1984396879375875,3.974935097498087,5.755991861243772,-9.543682691329224,2.7379038520246564
0.19863972794558912,3.973025255261911,5.756535208306811,-9.550919185637488,2.6944848861750703
0.1988397679535907,3.9711139659176435,5.7570698727213045,-9.558150878025174,2.65109473184895
0.19903980796159232,3.9692012304258615,5.757595860250707,-9.565377768492286,2.6077333890462793
0.19923984796959393,3.967287049747141,5.758113176658479,-9.57259985703882,2.564400857767076
0.19943988797759551,3.9653714248420573,5.758621827708076,-9.57981714366478,2.521097138011312
0.19963992798559713,3.9634543566711873,5.759121819162952,-9.587029628370162,2.4778222297790258
0.1998399679935987,3.961535846195108,5.7596131567865685,-9.594237311154968,2.434576133070191
0.20004000800160032,3.9596158943743944,5.760095846342385,-9.6014401920192,2.391358847884801
0.20024004800960193,3.9576945021696233,5.760569893593853,-9.608638270962855,2.3481703742228692
0.20044008801760352,3.955771670541371,5.7610353043044356,-9.615831547985934,2.305010712084405
0.20064012802560513,3.9538474004502127,5.761492084237585,-9.623020023088435,2.261879861469387
0.20084016803360671,3.9519216928567262,5.76194023915676,-9.630203696270359,2.218777822377838
0.20104020804160833,3.949994548721487,5.762379774825422,-9.637382567531711,2.1757045948097335
0.2012402480496099,3.9480659690050715,5.762810697007022,-9.644556636872483,2.1326601787650983
0.20144028805761152,3.9461359546680552,5.763233011465024,-9.651725904292682,2.0896445742439074
0.20164032806561313,3.9442045066710154,5.7636467239628795,-9.658890369792303,2.0466577812461892
0.20184036807361472,3.9422716259745276,5.764051840264049,-9.666050033371345,2.0036997997719244
0.20204040808161633,3.9403373135391684,5.76444836613199,-9.673204895029816,1.9607706298211056
0.2022404480896179,3.938401570325514,5.764836307330159,-9.680354954767708,1.9178702713937525
0.20244048809761953,3.9364643972941407,5.765215669622015,-9.687500212585025,1.8749987244898474
0.20264052810562114,3.934525795405624,5.765586458771012,-9.694640668481766,1.832155989109399
0.20284056811362272,3.932585765620541,5.76594868054061,-9.70177632245793,1.7893420652524163
0.20304060812162433,3.930644308899468,5.766302340694266,-9.70890717451352,1.7465569529188834
0.20324064812962592,3.9287014262029802,5.766647444995437,-9.71603322464853,1.7038006521088143
0.20344068813762753,3.926757118491655,5.76698399920758,-9.723154472862968,1.6610731628221949
0.2036407281456291,3.9248113867260677,5.767312009094153,-9.730270919156826,1.6183744850590411
0.20384076815363072,3.922864231866795,5.767631480418613,-9.737382563530108,1.5757046188193495
0.20404080816163234,3.9209156548744133,5.767942418944421,-9.744489405982819,1.533063564103097
0.20424084816963392,3.9189656567094984,5.768244830435027,-9.751591446514947,1.4904513209103154
0.20444088817763553,3.9170142383326274,5.768538720653895,-9.758688685126504,1.44786788924098
0.20464092818563712,3.915061400704375,5.768824095364478,-9.765781121817481,1.4053132690951102
0.20484096819363873,3.913107144785319,5.769100960330235,-9.772868756587885,1.3627874604726884
0.20504100820164034,3.911151471536034,5.769369321314626,-9.779951589437712,1.3202904633737234
0.20524104820964192,3.9091943819170982,5.7696291840811025,-9.787029620366962,1.2778222777982258
0.20544108821764354,3.907235876889086,5.769880554393128,-9.794102849375637,1.2353829037461743
0.20564112822564512,3.905275957412575,5.770123438014156,-9.801171276463734,1.1929723412175903
0.20584116823364673,3.9033146244481403,5.7703578407076455,-9.808234901631256,1.1505905902124667
0.20604120824164834,3.9013518789563593,5.7705837682370555,-9.815293724878202,1.1082376507307838
0.20624124824964993,3.899387721897807,5.770801226365839,-9.82234774620457,1.065913522772572
0.20644128825765154,3.8974221542330603,5.771010220857457,-9.829396965610366,1.0236182063378045
0.20664132826565312,3.895455176922696,5.771210757475363,-9.836441383095583,0.9813517014265063
0.20684136827365474,3.893486790927289,5.771402841983019,-9.843480998660223,0.9391140080386524
0.20704140828165632,3.8915169972074173,5.771586480143881,-9.85051581230429,0.896905126174266
0.20724144828965793,3.889545796723655,5.771761677721406,-9.857545824027778,0.8547250558333257
0.20744148829765954,3.88757319043658,5.771928440479051,-9.864571033830693,0.812573797015844
0.20764152830566113,3.8855991793067677,5.772086774180271,-9.871591441713027,0.7704513497218315
0.20784156831366274,3.883623764294794,5.772236684588528,-9.878607047674787,0.7283577139512776
0.20804160832166432,3.8816469463612364,5.772378177467278,-9.885617851715972,0.6862928897041751
0.20824164832966593,3.8796687264666705,5.772511258579977,-9.89262385383658,0.6442568769805206
0.20844168833766755,3.877689105571672,5.772635933690084,-9.899625054036614,0.6022496757803228
0.20864172834566913,3.875708084636818,5.772752208561053,-9.906621452316068,0.5602712861035926
0.20884176835367074,3.8737256646226834,5.772860088956346,-9.913613048674947,0.5183217079503066
0.20904180836167233,3.8717418464898463,5.772959580639417,-9.920599843113251,0.4764009413204935
0.20924184836967394,3.869756631198882,5.773050689373726,-9.927581835630978,0.43450898621412115
0.20944188837767552,3.8677700197103664,5.773133420922729,-9.934559026228131,0.39264584263121804
0.20964192838567713,3.8657820129848757,5.773207781049882,-9.941531414904706,0.35081151057176285
0.20984196839367875,3.8637926119829866,5.7732737755186445,-9.948499001660704,0.3090059900357769
0.21004200840168033,3.8618018176652753,5.773331410092473,-9.955461786496127,0.26722928102324595
0.21024204840968194,3.8598096309923178,5.773380690534824,-9.962419769410973,0.22548138353416114
0.21044208841768353,3.857816052924691,5.77342162260916,-9.969372950405244,0.18376229756854023
0.21064212842568514,3.8558210844229706,5.77345421207893,-9.976321329478939,0.1420720231263708
0.21084216843368675,3.853824726447732,5.773478464707596,-9.983264906632057,0.10041056020765637
0.21104220844168833,3.851826979959553,5.7734943862586166,-9.9902036818646,0.05877790881240941
0.21124224844968995,3.8498278459190085,5.773501982495446,-9.997137655176564,0.017174068940608578
0.21144228845769153,3.8478273252866755,5.773501259181546,-10.004066826567954,-0.024400959407724798
0.21164232846569314,3.8458254190231305,5.773492222080369,-10.010991196038768,-0.06594717623261204
0.21184236847369475,3.843822128088948,5.773474876955375,-10.017910763589004,-0.10746458153402827
0.21204240848169634,3.841817453444707,5.773449229570023,-10.024825529218667,-0.14895317531199126
0.21224244848969795,3.8398113960509814,5.773415285687766,-10.031735492927751,-0.1904129575665081
0.21244248849769953,3.8378039568683486,5.773373051072065,-10.03864065471626,-0.2318439282975575
0.21264252850570114,3.8357951368573846,5.773322531486373,-10.045541014584193,-0.2732460875051572
0.21284256851370273,3.833784936978665,5.773263732694155,-10.05243657253155,-0.31461943518929303
0.21304260852170434,3.831773358192767,5.773196660458862,-10.05932732855833,-0.3559639713499827
0.21324264852970595,3.829760401460266,5.773121320543954,-10.066213282664535,-0.3972796959872156
0.21344268853770754,3.8277460677417388,5.773037718712886,-10.073094434850162,-0.43856660910097744
0.21364272854570915,3.8257303579977617,5.772945860729118,-10.079970785115215,-0.47982471069129673
0.21384276855371073,3.8237132731889103,5.7728457523561065,-10.08684233345969,-0.521054000758145
0.21404280856171234,3.821694814275761,5.772737399357309,-10.09370907988359,-0.5622544793015365
0.21424284856971396,3.819674982218891,5.772620807496181,-10.100571024386914,-0.6034261463214818
0.21444288857771554,3.8176537779788755,5.772495982536185,-10.107428166969662,-0.6445690018179633
0.21464292858571715,3.8156312025162906,5.772362930240772,-10.114280507631833,-0.685683045790995
0.21484296859371874,3.8136072567917134,5.772221656373403,-10.121128046373428,-0.7267682782405593
0.21504300860172035,3.8115819417657195,5.772072166697535,-10.127970783194447,-0.7678246991666811
0.21524304860972193,3.809555258398885,5.771914466976624,-10.134808718094888,-0.8088523085693318
0.21544308861772354,3.807527207651786,5.77174856297413,-10.141641851074755,-0.8498511064485363
0.21564312862572516,3.805497790485,5.77157446045351,-10.148470182134046,-0.8908210928042877
0.21584316863372674,3.803467007859102,5.771392165178219,-10.155293711272762,-0.931762267636568
0.21604320864172835,3.801434860734669,5.771201682911715,-10.1621124384909,-0.972674630945388
0.21624324864972994,3.7994013500722765,5.7710030194174555,-10.16892636378846,-1.013558182730769
0.21644328865773155,3.7973664768325013,5.7707961804589,-10.175735487165447,-1.0544129229926753
0.21664332866573316,3.795330241975919,5.7705811717995035,-10.182539808621858,-1.095238851731139
0.21684336867373474,3.7932926464631067,5.770357999202725,-10.18933932815769,-1.1360359689461355
0.21704340868173636,3.79125369125464,5.77012666843202,-10.196134045772947,-1.1768042746376857
0.21724344868973794,3.789213377311095,5.769887185250846,-10.202923961467627,-1.2175437688057684
0.21744348869773955,3.7871717055930487,5.769639555422664,-10.209709075241735,-1.258254451450405
0.21764352870574116,3.7851286770610764,5.769383784710928,-10.216489387095262,-1.2989363225715849
0.21784356871374275,3.783084292675755,5.769119878879096,-10.223264897028216,-1.3395893821692972
0.21804360872174436,3.7810385533976607,5.768847843690625,-10.230035605040593,-1.3802136302435493
0.21824364872974594,3.778991460187369,5.768567684908972,-10.236801511132391,-1.4208090667943623
0.21844368873774755,3.7769430140054574,5.768279408297596,-10.243562615303617,-1.4613756918216971
0.21864372874574914,3.774893215812501,5.767983019619953,-10.250318917554264,-1.5019135053255823
0.21884376875375075,3.7728420665690763,5.7676785246395035,-10.257070417884337,-1.5424225073060214
0.21904380876175236,3.77078956723576,5.767365929119699,-10.263817116293833,-1.582902697763
0.21924384876975395,3.768735718773127,5.767045238824002,-10.270559012782751,-1.6233540766965149
0.21944388877775556,3.7666805221417556,5.766716459515868,-10.277296107351097,-1.66377664410658
0.21964392878575714,3.7646239783022213,5.766379596958755,-10.284028399998864,-1.7041703999931812
0.21984396879375875,3.762566088215099,5.766034656916119,-10.290755890726055,-1.7445353443563327
0.22004400880176037,3.760506852840966,5.765681645151419,-10.29747857953267,-1.7848714771960168
0.22024404880976195,3.7584462731403994,5.765320567428111,-10.30419646641871,-1.8251787985122583
0.22044408881776356,3.7563843500739735,5.764951429509654,-10.310909551384173,-1.8654573083050252
0.22064412882576515,3.7543210846022657,5.764574237159503,-10.317617834429058,-1.9057070065743424
0.22084416883376676,3.7522564776858522,5.764188996141119,-10.32432131555337,-1.94592789332021
0.22104420884176834,3.7501905302853094,5.763795712217955,-10.331019994757103,-1.98611996854261
0.22124424884976995,3.748123243361213,5.763394391153472,-10.337713872040261,-2.0262832322415676
0.22144428885777157,3.7460546178741385,5.762985038711126,-10.344402947402845,-2.0664176844170647
0.22164432886577315,3.743984654784664,5.762567660654373,-10.35108722084485,-2.1065233250690945
0.22184436887377476,3.7419133550533648,5.762142262746676,-10.35776669236628,-2.1466001541976816
0.22204440888177635,3.739840719640817,5.761708850751482,-10.364441361967131,-2.186648171802794
0.22224444888977796,3.737766749507597,5.761267430432258,-10.37111122964741,-2.2266673778844677
0.22244448889777957,3.7356914456142807,5.760818007552459,-10.377776295407113,-2.2666577724426666
0.22264452890578115,3.7336148089214447,5.760360587875537,-10.384436559246236,-2.306619355477409
0.22284456891378276,3.731536840389665,5.759895177164957,-10.391092021164786,-2.3465521269887084
0.22304460892178435,3.7294575409795185,5.759421781184173,-10.397742681162757,-2.386456086976544
0.22324464892978596,3.7273769116515805,5.75894040569664,-10.404388539240154,-2.4263312354409265
0.22344468893778754,3.725294953366428,5.7584510564658205,-10.411029595396975,-2.466177572381845
0.22364472894578916,3.7232116670846365,5.757953739255168,-10.41766584963322,-2.5059950977993175
0.22384476895379077,3.721127053766782,5.757448459828143,-10.424297301948888,-2.545783811693333
0.22404480896179235,3.719041114373443,5.756935223948197,-10.43092395234398,-2.5855437140638777
0.22424484896979396,3.7169538498651926,5.756414037378793,-10.437545800818494,-2.6252748049109798
0.22444488897779555,3.7148652612026094,5.755884905883389,-10.444162847372436,-2.6649770842346143
0.22464492898579716,3.712775349346268,5.755347835225439,-10.450775092005799,-2.7046505520347885
0.22484496899379877,3.710684115256745,5.7548028311684005,-10.457382534718587,-2.7442952083115166
0.22504500900180036,3.7085915598946184,5.754249899475731,-10.463985175510796,-2.7839110530647773
0.22524504900980197,3.7064976842204618,5.75368904591089,-10.47058301438243,-2.8234980862945953
0.22544508901780355,3.704402489194854,5.753120276237335,-10.477176051333492,-2.863056308000946
0.22564512902580516,3.7023059757783683,5.752543596218519,-10.483764286363973,-2.902585718183847
0.22584516903380678,3.7002081449315827,5.751959011617905,-10.490347719473881,-2.942086316843291
0.22604520904180836,3.698108997615074,5.751366528198947,-10.49692635066321,-2.981558103979271
0.22624524904980997,3.6960085347894176,5.750766151725102,-10.503500179931965,-3.0210010795918016
0.22644528905781156,3.6939067574151894,5.750157887959832,-10.510069207280143,-3.0604152436808683
0.22664532906581317,3.6918036664529663,5.749541742666588,-10.516633432707746,-3.099800596246471
0.22684536907381475,3.689699262863324,5.74891772160883,-10.523192856214772,-3.1391571372886204
0.22704540908181636,3.687593547606839,5.748285830550016,-10.529747477801221,-3.178484866807324
0.22724544908981797,3.6854865216440875,5.747646075253603,-10.536297297467094,-3.2177837848025703
0.22744548909781956,3.6833781859356463,5.746998461483051,-10.542842315212393,-3.257053891274353
0.22764552910582117,3.6812685414420905,5.746342995001811,-10.549382531037114,-3.2962951862226824
0.22784556911382275,3.6791575891239967,5.745679681573349,-10.555917944941259,-3.3355076696475514
0.22804560912182437,3.677045329941942,5.745008526961114,-10.562448556924828,-3.3746913415489708
0.22824564912982598,3.6749317648565016,5.744329536928568,-10.56897436698782,-3.4138462019269333
0.22844568913782756,3.6728168948282525,5.743642717239167,-10.575495375130238,-3.4529722507814284
0.22864572914582917,3.6707007208177695,5.742948073656367,-10.582011581352077,-3.4920694881124597
0.22884576915383076,3.6685832437856307,5.7422456119436305,-10.588522985653341,-3.531137913920041
0.22904580916183237,3.6664644646924116,5.74153533786441,-10.59502958803403,-3.5701775282041766
0.22924584916983395,3.6643443844986883,5.740817257182163,-10.601531388494141,-3.6091883309648445
0.22944588917783557,3.6622230041650363,5.740091375660352,-10.608028387033677,-3.6481703222020663
0.22964592918583718,3.660100324652033,5.739357699062429,-10.614520583652638,-3.6871235019158313
0.22984596919383876,3.6579763469202544,5.738616233151854,-10.621007978351022,-3.726047870106129
0.23004600920184037,3.6558510719302766,5.73786698369208,-10.62749057112883,-3.7649434267729767
0.23024604920984196,3.6537245006426753,5.73710995644657,-10.633968361986058,-3.8038101719163606
0.23044608921784357,3.651596634018028,5.7363451571787785,-10.640441350922716,-3.842648105536295
0.23064612922584518,3.649467473016909,5.735572591652165,-10.646909537938795,-3.8814572276327617
0.23084616923384677,3.647337018599896,5.734792265630186,-10.653372923034297,-3.9202375382057753
0.23104620924184838,3.6452052717275656,5.734004184876296,-10.659831506209223,-3.958989037255339
0.23124624924984996,3.6430722333604932,5.733208355153955,-10.666285287463573,-3.997711724781439
0.23144628925785157,3.6409379044592547,5.732404782226622,-10.672734266797349,-4.036405600784089
0.23164632926585318,3.638802285984427,5.73159347185775,-10.679178444210546,-4.075070665263283
0.23184636927385477,3.636665378896586,5.730774429810802,-10.685617819703168,-4.1137069182190125
0.23204640928185638,3.6345271841563083,5.729947661849231,-10.692052393275215,-4.152314359651292
0.23224644928985796,3.6323877027241696,5.729113173736493,-10.698482164926684,-4.190892989560105
0.23244648929785958,3.630246935560746,5.728270971236053,-10.704907134657578,-4.229442807945475
0.23264652930586116,3.628104883626615,5.727421060111359,-10.711327302467893,-4.2679638148073735
0.23284656931386277,3.6259615478823513,5.726563446125875,-10.717742668357637,-4.306456010145812
0.23304660932186438,3.623816929288532,5.725698135043055,-10.724153232326803,-4.344919393960808
0.23324664932986597,3.6216710288057334,5.724825132626357,-10.73055899437539,-4.383353966252336
0.23344668933786758,3.6195238473945306,5.723944444639242,-10.736959954503403,-4.421759727020419
0.23364672934586916,3.617375386015502,5.723056076845161,-10.743356112710838,-4.460136676265034
0.23384676935387078,3.6152256456292218,5.722160035007578,-10.7497474689977,-4.498484813986202
0.2340468093618724,3.6130746271962666,5.721256324889945,-10.756134023363984,-4.536804140183914
0.23424684936987397,3.610922331677214,5.720344952255721,-10.762515775809693,-4.575094654858159
0.23444688937787558,3.608768760032638,5.719425922868366,-10.768892726334826,-4.613356358008957
0.23464692938587717,3.606613913223117,5.718499242491333,-10.77526487493938,-4.651589249636288
0.23484696939387878,3.6044577922092262,5.717564916888083,-10.781632221623362,-4.689793329740155
0.23504700940188036,3.6023003979515416,5.716622951822071,-10.787994766386763,-4.727968598320587
0.23524704940988198,3.6001417314106394,5.715673353056756,-10.79435250922959,-4.7661150553775435
0.2354470894178836,3.597981793547097,5.714716126355597,-10.800705450151844,-4.804232700911058
0.23564712942588517,3.5958205853214893,5.7137512774820465,-10.807053589153517,-4.842321534921105
0.23584716943388678,3.5936581076943925,5.712778812199565,-10.813396926234617,-4.880381557407702
0.23604720944188837,3.5914943616263844,5.711798736271609,-10.819735461395139,-4.918412768370835
0.23624724944988998,3.5893293480780395,5.710811055461636,-10.826069194635085,-4.956415167810519
0.2364472894578916,3.587163068009935,5.709815775533106,-10.832398125954457,-4.9943887557267495
0.23664732946589317,3.5849955223826466,5.7088129022494725,-10.83872225535325,-5.032333532119512
0.2368473694738948,3.582826712156751,5.707802441374195,-10.84504158283147,-5.070249496988811
0.23704740948189637,3.5806566382928247,5.70678439867073,-10.851356108389112,-5.108136650334675
0.23724744948989798,3.5784853017514426,5.705758779902532,-10.857665832026177,-5.145994992157057
0.2374474894978996,3.576312703493182,5.704725590833068,-10.863970753742668,-5.183824522456003
0.23764752950590118,3.574138844478619,5.703684837225784,-10.87027087353858,-5.221625241231479
0.2378475695139028,3.5719637256683296,5.702636524844144,-10.876566191413918,-5.259397148483508
0.23804760952190437,3.5697873480228908,5.701580659451604,-10.88285670736868,-5.297140244212073
0.23824764952990599,3.5676097125028767,5.7005172468116205,-10.889142421402862,-5.334854528417189
0.23844768953790757,3.5654308200688667,5.699446292687653,-10.895423333516472,-5.372540001098837
0.23864772954590918,3.563250671681434,5.698367802843155,-10.901699443709505,-5.410196662257039
0.2388477695539108,3.5610692683011567,5.697281783041589,-10.907970751981964,-5.4478245118917705
0.23904780956191238,3.558886610888611,5.69618823904641,-10.914237258333843,-5.485423550003066
0.239247849569914,3.5567027004043723,5.6950871766210724,-10.920498962765148,-5.522993776590884
0.23944788957791557,3.554517537809017,5.693978601529038,-10.926755865275876,-5.560535191655248
0.23964792958591719,3.5523311240631212,5.692862519533762,-10.933007965866027,-5.598047795196166
0.2398479695939188,3.5501434601272623,5.6917389363987025,-10.939255264535605,-5.635531587213627
0.24004800960192038,3.547954546962015,5.690607857887315,-10.945497761284603,-5.672986567707621
0.240248049609922,3.545764385527957,5.689469289763058,-10.951735456113028,-5.710412736678165
0.24044808961792358,3.543572976785663,5.688323237789391,-10.957968349020874,-5.747810094125246
0.2406481296259252,3.5413803216957094,5.68716970772977,-10.964196440008145,-5.78517864004888
0.24084816963392677,3.5391864212186745,5.686008705347652,-10.970419729074841,-5.822518374449043
0.24104820964192838,3.536991276315132,5.684840236406496,-10.976638216220959,-5.859829297325767
0.24124824964993,3.534794887945659,5.683664306669754,-10.982851901446502,-5.897111408679013
0.24144828965793158,3.5325972570708326,5.682480921900889,-10.98906078475147,-5.934364708508806
0.2416483296659332,3.5303983846512277,5.681290087863357,-10.995264866135859,-5.971589196815156
0.24184836967393478,3.5281982716474216,5.680091810320617,-11.001464145599673,-6.008784873598039
0.2420484096819364,3.52599691901999,5.678886095036122,-11.007658623142913,-6.045951738857475
0.242248449689938,3.5237943277295085,5.677672947773331,-11.013848298765573,-6.0830897925934515
0.24244848969793958,3.521590498736555,5.676452374295706,-11.02003317246766,-6.120199034805964
0.2426485297059412,3.519385433001704,5.675224380366695,-11.02621324424917,-6.157279465495023
0.24284856971394278,3.517179131485533,5.673988971749766,-11.032388514110103,-6.194331084660622
0.2430486097219444,3.5149715951486176,5.672746154208367,-11.03855898205046,-6.231353892302771
0.24324864972994598,3.5127628249515346,5.671495933505964,-11.044724648070243,-6.268347888421456
0.2434486897379476,3.5105528218548585,5.670238315406007,-11.050885512169447,-6.305313073016677
0.2436487297459492,3.508341586819168,5.668973305671957,-11.057041574348077,-6.342249446088456
0.24384876975395078,3.5061291208050376,5.667700910067272,-11.063192834606129,-6.379157007636767
0.2440488097619524,3.503915424773044,5.6664211343554065,-11.069339292943607,-6.416035757661632
0.24424884976995398,3.501700499683764,5.665133984299824,-11.075480949360507,-6.452885696163033
0.2444488897779556,3.4994843464977734,5.6638394656639734,-11.081617803856831,-6.489706823140985
0.2446489297859572,3.4972669661756477,5.662537584211316,-11.087749856432579,-6.526499138595479
0.2448489697939588,3.495048359677964,5.661228345705312,-11.093877107087751,-6.563262642526507
0.2450490098019604,3.4928285279652984,5.659911755909414,-11.099999555822347,-6.599997334934088
0.24524904980996198,3.4906074719982274,5.658587820587083,-11.106117202636367,-6.636703215818201
0.2454490898179636,3.488385192737326,5.657256545501774,-11.11223004752981,-6.673380285178855
0.2456491298259652,3.486161691143172,5.655917936416943,-11.118338090502677,-6.710028543016062
0.2458491698339668,3.4839369681763412,5.654571999096055,-11.12444133155497,-6.746647989329809
0.2460492098419684,3.4817110247974092,5.6532187393025595,-11.130539770686685,-6.783238624120106
0.24624924984997,3.479483861966953,5.651858162799915,-11.136633407897824,-6.819800447386932
0.2464492898579716,3.477255480645548,5.650490275351582,-11.142722243188386,-6.856333459130315
0.24664932986597318,3.475025881793771,5.649115082721015,-11.148806276558371,-6.892837659350231
0.2468493698739748,3.472795066372198,5.647732590671675,-11.154885508007784,-6.929313048046701
0.2470494098819764,3.4705630353414048,5.646342804967015,-11.160959937536617,-6.965759625219711
0.247249449889978,3.4683297896619694,5.644945731370495,-11.167029565144876,-7.002177390869257
0.2474494898979796,3.4660953302944657,5.643541375645571,-11.173094390832558,-7.038566344995338
0.24764952990598119,3.463859658199472,5.6421297435557,-11.179154414599662,-7.0749264875979705
0.2478495699139828,3.4616227743375627,5.640710840864345,-11.185209636446194,-7.1112578186771565
0.2480496099219844,3.459384679669315,5.639284673334955,-11.191260056372148,-7.147560338232882
0.248249649929986,3.457145375155305,5.637851246730994,-11.197305674377525,-7.183834046265144
0.2484496899379876,3.45490486175611,5.636410566815913,-11.203346490462327,-7.220078942773956
0.2486497299459892,3.4526631404323043,5.634962639353174,-11.20938250462655,-7.2562950277593
0.2488497699539908,3.450420212144465,5.633507470106235,-11.2154137168702,-7.292482301221199
0.24904980996199239,3.4481760778531685,5.632045064838552,-11.221440127193272,-7.328640763159633
0.249249849969994,3.4459307385189906,5.630575429313582,-11.22746173559577,-7.364770413574618
0.2494498899779956,3.4436841951025077,5.629098569294781,-11.233478542077691,-7.400871252466132
0.2496499299859972,3.4414364485642963,5.627614490545608,-11.239490546639033,-7.436943279834193
0.2498499699939988,3.4391874998649326,5.626123198829522,-11.245497749279803,-7.472986495678807
0.2500500100020004,3.436937349964993,5.624624699909979,-11.251500149999995,-7.509000899999958
0.250250050010002,3.4346859998250525,5.623118999550435,-11.257497748799612,-7.544986492797655
0.2504500900180036,3.4324334504056884,5.62160610351435,-11.26349054567865,-7.5809432740719025
0.2506501300260052,3.430179702667477,5.620086017565177,-11.269478540637113,-7.616871243822686
0.2508501700340068,3.4279247575709952,5.618558747466379,-11.275461733675002,-7.652770402049999
0.2510502100420084,3.4256686160768175,5.617024298981407,-11.281440124792312,-7.688640748753869
0.25125025005001,3.423411279145521,5.615482677873728,-11.287413713989048,-7.7244822839342895
0.2514502900580116,3.4211527477376817,5.61393388990679,-11.293382501265206,-7.760295007591235
0.25165033006601323,3.4188930228138763,5.612377940844052,-11.299346486620788,-7.796078919724735
0.2518503700740148,3.4166321053346813,5.610814836448975,-11.305305670055795,-7.8318340203347745
0.2520504100820164,3.414369996260672,5.609244582485015,-11.311260051570226,-7.86756030942135
0.252250450090018,3.4121066965524243,5.607667184715629,-11.317209631164081,-7.903257786984479
0.2524504900980196,3.409842207170516,5.606082648904273,-11.32315440883736,-7.9389264530241554
0.25265053010602123,3.4075765290755218,5.604490980814408,-11.32909438459006,-7.974566307540375
0.2528505701140228,3.4053096632280204,5.602892186209488,-11.335029558422187,-8.010177350533116
0.2530506101220244,3.403041610588584,5.601286270852969,-11.340959930333735,-8.045759582002418
0.253250650130026,3.400772372117792,5.599673240508313,-11.34688550032471,-8.081313001948264
0.2534506901380276,3.39850194877622,5.5980531009389765,-11.352806268395108,-8.116837610370641
0.2536507301460292,3.396230341524444,5.596425857908413,-11.358722234544928,-8.15233340726957
0.2538507701540308,3.3939575513230396,5.594791517180086,-11.364633398774174,-8.187800392645048
0.2540508101620324,3.391683579132584,5.593150084517446,-11.370539761082842,-8.223238566497052
0.254250850170034,3.3894084259136523,5.591501565683956,-11.376441321470937,-8.258647928825614
0.2544508901780356,3.387132092626822,5.589845966443066,-11.382338079938453,-8.294028479630715
0.2546509301860372,3.384854580232669,5.588183292558243,-11.38823003648539,-8.329380218912345
0.2548509701940388,3.3825758896917693,5.586513549792942,-11.394117191111757,-8.36470314667054
0.2550510102020404,3.3802960219646985,5.584836743910616,-11.399999543817545,-8.399997262905273
0.255251050210042,3.3780149780120334,5.583152880674725,-11.405877094602758,-8.435262567616551
0.25545109021804363,3.375732758794351,5.581461965848725,-11.411749843467394,-8.470499060804357
0.2556511302260452,3.3734493652722275,5.579764005196074,-11.417617790411452,-8.505706742468714
0.2558511702340468,3.3711647984062374,5.578059004480231,-11.423480935434936,-8.540885612609621
0.2560512102420484,3.368879059156958,5.576346969464652,-11.429339278537844,-8.576035671227057
0.25625125025005,3.366592148484966,5.5746279059127986,-11.435192819720177,-8.611156918321054
0.25645129025805163,3.3643040673508366,5.572901819588119,-11.441041558981931,-8.64624935389159
0.2566513302660532,3.362014816715148,5.571168716254075,-11.446885496323109,-8.68131297793865
0.2568513702740548,3.359724397538473,5.5694286016741295,-11.452724631743713,-8.716347790462272
0.2570514102820564,3.357432810781391,5.56768148161173,-11.45855896524374,-8.751353791462435
0.257251450290058,3.3551400574044763,5.565927361830344,-11.46438849682319,-8.786330980939145
0.25745149029805964,3.3528461383683066,5.564166248093419,-11.470213226482064,-8.82127935889238
0.2576515303060612,3.350551054633458,5.562398146164419,-11.47603315422036,-8.856198925322172
0.2578515703140628,3.348254807160506,5.560623061806803,-11.481848280038085,-8.89108968022851
0.2580516103220644,3.345957396910026,5.558841000784021,-11.48765860393523,-8.925951623611375
0.25825165033006603,3.3436588248425956,5.557051968859536,-11.4934641259118,-8.960784755470797
0.25845169033806764,3.341359091918791,5.555255971796804,-11.499264845967794,-8.995589075806766
0.2586517303460692,3.3390581990991883,5.55345301535928,-11.50506076410321,-9.030364584619257
0.2588517703540708,3.3367561473443628,5.551643105310426,-11.510851880318052,-9.065111281908308
0.2590518103620724,3.334452937614892,5.549826247413697,-11.516638194612318,-9.099829167673906
0.25925185037007403,3.332148570871351,5.54800244743255,-11.522419706986007,-9.134518241916044
0.2594518903780756,3.3298430480743177,5.546171711130444,-11.52819641743912,-9.169178504634711
0.2596519303860772,3.327536370184367,5.5443340442708315,-11.533968325971655,-9.203809955829936
0.2598519703940788,3.3252285381620745,5.5424894526171755,-11.539735432583615,-9.2384125955017
0.2600520104020804,3.3229195529680178,5.540637941932932,-11.545497737275,-9.27298642365
0.26025205041008204,3.3206094155627723,5.538779517981558,-11.55125524004581,-9.307531440274854
0.2604520904180836,3.318298126906916,5.536914186526509,-11.55700794089604,-9.342047645376248
0.2606521304260852,3.315985687961022,5.535041953331244,-11.562755839825694,-9.376535038954174
0.2608521704340868,3.313672099685669,5.533162824159222,-11.568498936834777,-9.410993621008657
0.26105221044208843,3.3113573630414317,5.531276804773897,-11.57423723192328,-9.445423391539684
0.26125225045009004,3.309041478988888,5.529383900938731,-11.579970725091208,-9.479824350547254
0.2614522904580916,3.3067244484886134,5.527484118417177,-11.585699416338558,-9.51419649803135
0.2616523304660932,3.3044062725011836,5.5255774629726915,-11.591423305665334,-9.548539833992002
0.2618523704740948,3.3020869519871745,5.523663940368738,-11.597142393071532,-9.582854358429206
0.26205241048209643,3.2997664879071635,5.521743556368768,-11.602856678557156,-9.61714007134293
0.26225245049009804,3.2974448812217267,5.519816316736243,-11.608566162122205,-9.651396972733217
0.2624524904980996,3.29512213289144,5.517882227234617,-11.614270843766672,-9.685625062600028
0.2626525305061012,3.292798243876879,5.515941293627348,-11.619970723490566,-9.719824340943397
0.2628525705141028,3.290473215138621,5.513993521677897,-11.625665801293886,-9.753994807763313
0.26305261052210444,3.2881470476372416,5.512038917149717,-11.631356077176628,-9.788136463059772
0.26325265053010605,3.285819742333317,5.510077485806269,-11.637041551138795,-9.822249306832774
0.2634526905381076,3.2834913001874244,5.508109233411002,-11.642722223180382,-9.856333339082294
0.2636527305461092,3.2811617221601383,5.506134165727385,-11.648398093301395,-9.890388559808382
0.2638527705541108,3.2788310092120367,5.504152288518869,-11.654069161501834,-9.92441496901101
0.26405281056211244,3.2764991623036943,5.502163607548914,-11.659735427781696,-9.958412566690171
0.26425285057011405,3.274166182395689,5.500168128580976,-11.665396892140983,-9.99238135284589
0.2644528905781156,3.2718320704485957,5.49816585737851,-11.67105355457969,-10.026321327478144
0.2646529305861172,3.2694968274229907,5.496156799704977,-11.676705415097821,-10.060232490586934
0.26485297059411883,3.26716045427945,5.494140961323832,-11.68235247369538,-10.094114842172274
0.26505301060212044,3.264822951978551,5.492118347998533,-11.68799473037236,-10.127968382234162
0.265253050610122,3.26248432148087,5.49008896549254,-11.693632185128763,-10.161793110772575
0.2654530906181236,3.2601445637469815,5.488052819569306,-11.699264837964591,-10.195589027787548
0.2656531306261252,3.257803679737463,5.486009915992293,-11.704892688879843,-10.229356133279069
0.26585317063412683,3.2554616704128905,5.483960260524955,-11.71051573787452,-10.263094427247129
0.26605321064212845,3.2531185367338407,5.48190385893075,-11.71613398494862,-10.296803909691718
0.26625325065013,3.250774279660889,5.479840716973137,-11.721747430102143,-10.330484580612861
0.2664532906581316,3.248428900154612,5.47777084041557,-11.727356073335091,-10.364136440010537
0.2666533306661332,3.246082399175586,5.475694235021507,-11.732959914647461,-10.397759487884766
0.26685337067413484,3.243734777684387,5.473610906554413,-11.738558954039256,-10.43135372423555
0.26705341068213645,3.241386036641592,5.471520860777737,-11.74415319151048,-10.464919149062865
0.267253450690138,3.239036177007776,5.469424103454937,-11.74974262706112,-10.49845576236671
0.2674534906981396,3.2366851997435155,5.467320640349472,-11.755327260691185,-10.531963564147116
0.26765353070614123,3.2343331058093874,5.465210477224797,-11.760907092400675,-10.565442554404061
0.26785357071414284,3.2319798961659676,5.463093619844376,-11.76648212218959,-10.598892733137554
0.26805361072214445,3.2296255717738322,5.460970073971664,-11.772052350057931,-10.632314100347575
0.268253650730146,3.2272701335935583,5.458839845370113,-11.777617776005691,-10.66570665603415
0.2684536907381476,3.224913582585721,5.456702939803183,-11.783178400032877,-10.699070400197268
0.26865373074614923,3.2225559197108966,5.454559363034331,-11.788734222139485,-10.732405332836915
0.26885377075415084,3.220197145929662,5.452409120827021,-11.79428524232552,-10.765711453953127
0.26905381076215246,3.217837262202593,5.450252218944705,-11.79983146059098,-10.798988763545875
0.269253850770154,3.215476269490266,5.448088663150836,-11.80537287693586,-10.832237261615148
0.2694538907781556,3.2131141687532567,5.445918459208878,-11.810909491360164,-10.865456948160986
0.26965393078615724,3.210750960952142,5.443741612882285,-11.816441303863893,-10.898647823183364
0.26985397079415885,3.2083866470474978,5.441558129934515,-11.821968314447044,-10.931809886682284
0.27005401080216046,3.2060212279999005,5.439368016129032,-11.827490523109626,-10.964943138657738
0.270254050810162,3.2036547047699266,5.437171277229282,-11.833007929851624,-10.998047579109741
0.27045409081816363,3.201287078318152,5.43496791899873,-11.838520534673048,-11.03112320803828
0.27065413082616524,3.1989183496051528,5.4327579472008285,-11.844028337573896,-11.064170025443374
0.27085417083416685,3.196548519591505,5.430541367599038,-11.849531338554169,-11.097188031325011
0.2710542108421684,3.1941775892377855,5.42831818595682,-11.855029537613865,-11.130177225683173
0.27125425085017,3.1918055595045702,5.426088408037624,-11.860522934752984,-11.1631376085179
0.27145429085817163,3.189432431352435,5.423852039604908,-11.866011529971527,-11.196069179829163
0.27165433086617324,3.1870582057419568,5.421609086422135,-11.871495323269494,-11.228971939616976
0.27185437087417486,3.184682883633711,5.4193595542527575,-11.876974314646885,-11.261845887881325
0.2720544108821764,3.182306465988276,5.4171034488602405,-11.882448504103703,-11.294691024622203
0.272254450890178,3.1799289537662254,5.414840776008033,-11.88791789163994,-11.327507349839646
0.27245449089817964,3.1775503479281353,5.412571541459591,-11.893382477255603,-11.360294863533625
0.27265453090618125,3.175170649434584,5.410295750978378,-11.89884226095069,-11.393053565704136
0.27285457091418286,3.1727898592461465,5.4080134103278485,-11.9042972427252,-11.425783456351201
0.2730546109221844,3.1704079783234,5.405724525271466,-11.909747422579136,-11.458484535474796
0.273254650930186,3.168025007626919,5.40342910157268,-11.915192800512493,-11.491156803074954
0.27345469093818764,3.165640948117282,5.40112714499495,-11.920633376525275,-11.523800259151653
0.27365473094618925,3.1632558007550626,5.398818661301731,-11.92606915061748,-11.55641490370489
0.27385477095419086,3.160869566500839,5.3965036562564865,-11.93150012278911,-11.589000736734675
0.2740548109621924,3.1584822463151876,5.394182135622671,-11.936926293040166,-11.621557758240982
0.27425485097019403,3.1560938411586834,5.391854105163741,-11.942347661370643,-11.654085968223853
0.27445489097819564,3.1537043519919026,5.389519570643154,-11.947764227780542,-11.686585366683254
0.27465493098619725,3.151313779775422,5.387178537824365,-11.953175992269868,-11.719055953619204
0.27485497099419887,3.1489221254698174,5.384831012470837,-11.958582954838615,-11.751497729031705
0.2750550110022004,3.146529390035667,5.382477000346029,-11.963985115486791,-11.783910692920731
0.27525505101020203,3.144135574433544,5.380116507213388,-11.969382474214388,-11.816294845286315
0.27545509101820365,3.1417406796240264,5.37774953883638,-11.974775031021407,-11.848650186128445
0.27565513102620526,3.1393447065676905,5.375376100978457,-11.98016278590785,-11.880976715447115
0.27585517103420687,3.1369476562251117,5.372996199403081,-11.98554573887372,-11.913274433242332
0.2760552110422084,3.134549529556867,5.37060983987371,-11.990923889919014,-11.94554333951407
0.27625525105021004,3.132150327523532,5.368217028153795,-11.996297239043727,-11.97778343426237
0.27645529105821165,3.1297500510856833,5.365817770006798,-12.001665786247868,-12.009994717487213
0.27665533106621326,3.1273487012038967,5.363412071196175,-12.007029531531431,-12.042177189188585
0.2768553710742148,3.12494627883875,5.360999937485384,-12.012388474894417,-12.074330849366511
0.27705541108221643,3.1225427849508165,5.358581374637886,-12.01774261633683,-12.10645569802097
0.27725545109021804,3.1201382205006754,5.356156388417132,-12.023091955858666,-12.138551735151985
0.27745549109821965,3.1177325864489007,5.353724984586583,-12.028436493459925,-12.170618960759544
0.27765553110622126,3.1153258837560696,5.3512871689096935,-12.033776229140607,-12.202657374843646
0.2778555711142228,3.1129181133827597,5.348842947149926,-12.039111162900712,-12.234666977404277
0.27805561112222443,3.110509276289545,5.346392325070736,-12.044441294740245,-12.266647768441466
0.27825565113022604,3.108099373437002,5.343935308435576,-12.049766624659199,-12.298599747955194
0.27845569113822766,3.105688405785708,5.341471903007907,-12.055087152657578,-12.330522915945455
0.27865573114622927,3.1032763742962386,5.339002114551188,-12.060402878735378,-12.362417272412273
0.2788557711542308,3.100863279929171,5.336525948828874,-12.065713802892603,-12.39428281735563
0.27905581116223244,3.09844912364508,5.334043411604427,-12.071019925129256,-12.426119550775521
0.27925585117023405,3.0960339064045423,5.331554508641296,-12.076321245445328,-12.457927472671965
0.27945589117823566,3.0936176291681345,5.329059245702947,-12.081617763840827,-12.48970658304496
0.27965593118623727,3.091200292896432,5.326557628552829,-12.086909480315747,-12.52145688189449
0.27985597119423883,3.0887818985500126,5.324049662954403,-12.09219639487009,-12.553178369220547
0.28005601120224044,3.086362447089451,5.321535354671134,-12.097478507503862,-12.584871045023167
0.28025605121024205,3.083941939475324,5.319014709466467,-12.102755818217055,-12.616534909302327
0.28045609121824366,3.0815203766682076,5.316487733103864,-12.10802832700967,-12.64816996205803
0.2806561312262453,3.0790977596286786,5.313954431346788,-12.113296033881712,-12.67977620329027
0.28085617123424683,3.0766740893173132,5.311414809958686,-12.118558938833173,-12.711353632999053
0.28105621124224844,3.074249366694687,5.30886887470303,-12.123817041864065,-12.742902251184379
0.28125625125025006,3.071823592721376,5.30631663134326,-12.129070342974376,-12.774422057846252
0.28145629125825167,3.069396768357958,5.303758085642846,-12.134318842164113,-12.805913052984675
0.2816563312662532,3.066968894565007,5.301193243365239,-12.13956253943327,-12.83737523659962
0.28185637127425484,3.0645399723031015,5.298622110273899,-12.144801434781854,-12.868808608691129
0.28205641128225645,3.062110002532816,5.296044692132285,-12.150035528209862,-12.900213169259175
0.28225645129025806,3.0596789862147276,5.293460994703851,-12.155264819717296,-12.93158891830377
0.28245649129825967,3.0572469243094123,5.290871023752054,-12.16048930930415,-12.962935855824888
0.2826565313062612,3.054813817777447,5.288274785040356,-12.165708996970427,-12.994253981822567
0.28285657131426284,3.052379667579407,5.285672284332209,-12.17092388271613,-13.025543296296789
0.28305661132226445,3.049944474675868,5.283063527391077,-12.176133966541258,-13.05680379924754
0.28325665133026606,3.0475082400274074,5.28044851998041,-12.18133924844581,-13.088035490674848
0.2834566913382677,3.0450709645946015,5.277827267863669,-12.186539728429784,-13.119238370578703
0.28365673134626923,3.0426326493380262,5.275199776804312,-12.19173540649318,-13.15041243895908
0.28385677135427084,3.0401932952182573,5.272566052565792,-12.196926282636001,-13.181557695816014
0.28405681136227245,3.037752903195871,5.269926100911576,-12.202112356858251,-13.212674141149495
0.28425685137027407,3.0353114742314444,5.267279927605111,-12.20729362915992,-13.24376177495952
0.2844568913782757,3.0328690092855526,5.264627538409858,-12.212470099541012,-13.274820597246084
0.28465693138627723,3.0304255093187735,5.261968939089275,-12.217641768001528,-13.305850608009177
0.28485697139427885,3.0279809752916815,5.259304135406821,-12.222808634541469,-13.33685180724883
0.28505701140228046,3.025535408164854,5.256633133125955,-12.227970699160839,-13.367824194965014
0.28525705141028207,3.0230888088988666,5.253955938010125,-12.233127961859626,-13.39876777115775
0.2854570914182837,3.020641178454296,5.251272555822798,-12.238280422637839,-13.429682535827034
0.28565713142628524,3.018192517791719,5.248582992327426,-12.243428081495473,-13.460568488972843
0.28585717143428685,3.01574282787171,5.245887253287469,-12.248570938432534,-13.491425630595213
0.28605721144228846,3.013292109654846,5.2431853444663865,-12.25370899344902,-13.522253960694123
0.2862572514502901,3.010840364101704,5.240477271627626,-12.25884224654493,-13.553053479269572
0.2864572914582917,3.008387592172859,5.237763040534658,-12.26397069772026,-13.583824186321557
0.28665733146629324,3.0059337948288896,5.235042656950931,-12.269094346975015,-13.614566081850096
0.28685737147429485,3.00347897303037,5.232316126639907,-12.274213194309194,-13.645279165855182
0.28705741148229647,3.001023127737875,5.2295834553650415,-12.2793272397228,-13.67596343833679
0.2872574514902981,2.998566259911984,5.22684464888979,-12.284436483215828,-13.70661889929496
0.28745749149829963,2.996108370513273,5.224099712977614,-12.289540924788277,-13.737245548729671
0.28765753150630125,2.993649460502316,5.221348653391969,-12.294640564440153,-13.767843386640916
0.28785757151430286,2.99118953083969,5.218591475896309,-12.29973540217145,-13.798412413028714
0.28805761152230447,2.9887285824859715,5.2158281862540985,-12.304825437982178,-13.828952627893056
0.2882576515303061,2.9862666164017373,5.2130587902287875,-12.309910671872323,-13.85946403123394
0.28845769153830764,2.9838036335475633,5.210283293583836,-12.31499110384189,-13.889946623051348
0.28865773154630925,2.9813396348840255,5.2075017020827055,-12.320066733890886,-13.920400403345322
0.28885777155431086,2.9788746213716997,5.204714021488847,-12.325137562019304,-13.950825372115837
0.28905781156231247,2.9764085939711626,5.2019202575657255,-12.33020358822715,-13.98122152936288
0.2892578515703141,2.9739415536429905,5.1991204160767905,-12.335264812514414,-14.011588875086481
0.28945789157831564,2.9714735013477607,5.196314502785502,-12.340321234881102,-14.041927409286622
0.28965793158631725,2.9690044380460474,5.193502523455319,-12.345372855327216,-14.072237131963295
0.28985797159431886,2.9665343646984277,5.1906844838496955,-12.350419673852752,-14.102518043116522
0.2900580116023205,2.9640632822654776,5.187860389732096,-12.355461690457716,-14.132770142746296
0.2902580516103221,2.9615911917077744,5.1850302468659715,-12.360498905142101,-14.162993430852612
0.29045809161832364,2.9591180939858934,5.182194061014778,-12.365531317905909,-14.193187907435451
0.29065813162632526,2.9566439900604102,5.1793518379419785,-12.37055892874914,-14.223353572494855
0.29085817163432687,2.9541688808919027,5.176503583411027,-12.375581737671798,-14.253490426030801
0.2910582116423285,2.9516927674409454,5.1736493031853845,-12.38059974467388,-14.283598468043273
0.2912582516503301,2.9492156506681164,5.1707890030285055,-12.385612949755386,-14.31367769853231
0.29145829165833165,2.9467375315339908,5.167922688703841,-12.390621352916313,-14.343728117497875
0.29165833166633326,2.9442584109991445,5.165050365974862,-12.395624954156663,-14.373749724939984
0.29185837167433487,2.941778290024154,5.162172040605013,-12.400623753476438,-14.40374252085864
0.2920584116823365,2.9392971695695955,5.159287718357766,-12.405617750875642,-14.433706505253848
0.2922584516903381,2.9368150505960458,5.156397404996561,-12.410606946354266,-14.46364167812559
0.29245849169833965,2.9343319340640814,5.153501106284867,-12.41559133991231,-14.493548039473865
0.29265853170634126,2.9318478209342764,5.150598827986136,-12.420570931549781,-14.523425589298697
0.2928585717143429,2.92936271216721,5.14769057586383,-12.425545721266676,-14.553274327600075
0.2930586117223445,2.9268766087234557,5.144776355681405,-12.430515709062998,-14.583094254377976
0.29325865173034604,2.924389511563592,5.141856173202317,-12.435480894938738,-14.612885369632437
0.29345869173834765,2.9219014216481938,5.138930034190022,-12.440441278893907,-14.642647673363442
0.29365873174634927,2.919412339937837,5.135997944407979,-12.445396860928495,-14.672381165570975
0.2938587717543509,2.916922267393099,5.133059909619645,-12.450347641042509,-14.702085846255066
0.2940588117623525,2.9144312049745555,5.130115935588484,-12.455293619235952,-14.731761715415704
0.29425885177035405,2.911939153642783,5.1271660280779425,-12.46023479550881,-14.761408773052864
0.29445889177835566,2.9094461143583565,5.12421019285148,-12.465171169861097,-14.791027019166581
0.29465893178635727,2.9069520880818542,5.12124843567256,-12.470102742292806,-14.820616453756845
0.2948589717943589,2.904457075773851,5.118280762304638,-12.475029512803939,-14.850177076823655
0.2950590118023605,2.9019610783949226,5.115307178511166,-12.479951481394501,-14.879708888366984
0.29525905181036205,2.899464096905648,5.112327690055611,-12.48486864806448,-14.909211888386881
0.29545909181836366,2.8969661322666,5.1093423027014175,-12.489781012813884,-14.938686076883311
0.2956591318263653,2.8944671854383563,5.1063510222120545,-12.494688575642712,-14.96813145385628
0.2958591718343669,2.8919672573814936,5.103353854350972,-12.499591336550965,-14.9975480193058
0.2960592118423685,2.8894663490565877,5.100350804881636,-12.504489295538646,-15.026935773231866
0.29625925185037005,2.886964461424215,5.0973418795674945,-12.509382452605745,-15.056294715634458
0.29645929185837167,2.8844615954449515,5.094327084172008,-12.514270807752268,-15.08562484651361
0.2966593318663733,2.8819577520793733,5.091306424458635,-12.519154360978217,-15.114926165869306
0.2968593718743749,2.8794529322880567,5.088279906190831,-12.524033112283588,-15.144198673701542
0.2970594118823765,2.876947137031578,5.085247535132059,-12.528907061668388,-15.17344237001031
0.29725945189037806,2.8744403672705143,5.082209317045768,-12.533776209132604,-15.202657254795628
0.29745949189837967,2.87193262396544,5.07916525769542,-12.538640554676249,-15.231843328057497
0.2976595319063813,2.8694239080769326,5.076115362844472,-12.543500098299315,-15.261000589795891
0.2978595719143829,2.8669142205655684,5.07305963825638,-12.548354840001807,-15.290129040010843
0.2980596119223845,2.8644035623919226,5.069998089694608,-12.553204779783725,-15.319228678702341
0.29825965193038606,2.861891934516573,5.066930722922601,-12.55804991764506,-15.348299505870358
0.2984596919383877,2.8593793379000947,5.063857543703827,-12.562890253585824,-15.377341521514943
0.2986597319463893,2.856865773503064,5.060778557801737,-12.56772578760601,-15.406354725636064
0.2988597719543909,2.8543512422860573,5.057693770979794,-12.572556519705621,-15.435339118233735
0.29905981196239245,2.8518357452096517,5.054603189001458,-12.577382449884656,-15.464294699307935
0.29925985197039406,2.8493192832344216,5.051506817630173,-12.582203578143115,-15.493221468858685
0.2994598919783957,2.846801857320944,5.0484046626294035,-12.587019904480997,-15.522119426885979
0.2996599319863973,2.8442834684297953,5.045296729762612,-12.5918314288983,-15.550988573389809
0.2998599719943989,2.8417641175215524,5.042183024793246,-12.59663815139503,-15.579828908370189
0.30006001200240046,2.8392438055567917,5.03906355348478,-12.601440071971187,-15.60864043182712
0.30026005201040207,2.8367225334960877,5.03593832160065,-12.606237190626764,-15.637423143760572
0.3004600920184037,2.834200302300017,5.032807334904323,-12.611029507361764,-15.666177044170581
0.3006601320264053,2.8316771129291576,5.02967059915926,-12.61581702217619,-15.694902133057141
0.3008601720344069,2.829152966344083,5.026528120128912,-12.620599735070037,-15.723598410420237
0.30106021204240846,2.826627863505373,5.023379903576748,-12.625377646043312,-15.75226587625987
0.30126025205041007,2.8241018053736004,5.020225955266209,-12.630150755096007,-15.780904530576052
0.3014602920584117,2.821574792909343,5.0170662809607585,-12.634919062228128,-15.809514373368778
0.3016603320664133,2.8190468270731768,5.01390088642386,-12.639682567439673,-15.83809540463804
0.3018603720744149,2.816517908825678,5.0107297774189625,-12.64444127073064,-15.866647624383852
0.30206041208241646,2.813988039127424,5.007552959709534,-12.649195172101035,-15.895171032606207
0.3022604520904181,2.8114572189389886,5.004370439059018,-12.653944271550849,-15.923665629305091
0.3024604920984197,2.80892544922095,5.001182221230881,-12.65868856908009,-15.952131414480533
0.3026605321064213,2.8063927309338834,4.997988311988577,-12.663428064688752,-15.980568388132518
0.3028605721144229,2.803859065038366,4.9947887170955685,-12.668162758376841,-16.008976550261053
0.30306061212242447,2.801324452494973,4.991583442315308,-12.672892650144352,-16.037355900866103
0.3032606521304261,2.798788894264282,4.988372493411257,-12.677617739991287,-16.065706439947725
0.3034606921384277,2.796252391306867,4.985155876146864,-12.682338027917645,-16.094028167505883
0.3036607321464293,2.793714944583306,4.981933596285594,-12.687053513923427,-16.12232108354057
0.3038607721544309,2.791176555054175,4.9787056595909025,-12.691764198008634,-16.150585188051814
0.30406081216243247,2.7886372236800505,4.975472071826252,-12.696470080173267,-16.1788204810396
0.3042608521704341,2.7860969514215075,4.97223283875509,-12.70117116041732,-16.207026962503917
0.3044608921784357,2.783555739239123,4.96898796614088,-12.7058674387408,-16.23520463244479
0.3046609321864373,2.781013588093473,4.965737459747077,-12.7105589151437,-16.263353490862208
0.30486097219443886,2.778470498945135,4.962481325337146,-12.715245589626027,-16.291473537756154
0.3050610122024405,2.7759264727546835,4.959219568674532,-12.719927462187776,-16.319564773126658
0.3052610522104421,2.7733815104826958,4.955952195522698,-12.724604532828952,-16.347627196973704
0.3054610922184437,2.770835613089747,4.952679211645103,-12.729276801549549,-16.375660809297294
0.3056611322264453,2.768288781536414,4.949400622805203,-12.733944268349568,-16.403665610097413
0.30586117223444687,2.7657410167832737,4.946116434766453,-12.738606933229011,-16.431641599374082
0.3060612122424485,2.7631923197909014,4.942826653292319,-12.743264796187884,-16.4595887771273
0.3062612522504501,2.760642691519874,4.939531284146248,-12.747917857226177,-16.48750714335705
0.3064612922584517,2.7580921329307673,4.936230333091704,-12.752566116343893,-16.515396698063356
0.3066613322664533,2.7555406449841575,4.932923805892139,-12.757209573541033,-16.543257441246205
0.30686137227445487,2.7529882286406213,4.929611708311022,-12.761848228817598,-16.571089372905583
0.3070614122824565,2.750434884860734,4.926294046111795,-12.766482082173587,-16.598892493041518
0.3072614522904581,2.7478806146050725,4.922970825057922,-12.771111133608999,-16.626666801653997
0.3074614922984597,2.745325418834213,4.919642050912861,-12.775735383123834,-16.65441229874302
0.3076615323064613,2.742769298508731,4.916307729440065,-12.780354830718093,-16.682128984308562
0.3078615723144629,2.740212254589205,4.912967866403002,-12.784969476391776,-16.70981685835067
0.3080616123224645,2.7376542880362087,4.9096224675651206,-12.789579320144886,-16.737475920869315
0.3082616523304661,2.7350953998103193,4.9062715386898805,-12.794184361977418,-16.765106171864495
0.3084616923384677,2.7325355908721125,4.902915085540738,-12.798784601889372,-16.792707611336233
0.3086617323464693,2.7299748621821656,4.8995531138811526,-12.80338003988075,-16.820280239284514
0.3088617723544709,2.727413214701054,4.896185629474582,-12.807970675951555,-16.847824055709317
0.3090618123624725,2.7248506493893547,4.892812638084477,-12.812556510101782,-16.875339060610678
0.3092618523704741,2.7222871672076425,4.889434145474302,-12.81713754233143,-16.90282525398859
0.3094618923784757,2.719722769116495,4.886050157407511,-12.821713772640505,-16.930282635843035
0.3096619323864773,2.717157456076488,4.88266067964757,-12.826285201029004,-16.957711206174025
0.3098619723944789,2.7145912290481986,4.879265717957923,-12.830851827496923,-16.98511096498156
0.3100620124024805,2.7120240889922007,4.875865278102035,-12.835413652044274,-17.012481912265635
0.3102620524104821,2.7094560368690725,4.87245936584336,-12.839970674671042,-17.03982404802624
0.3104620924184837,2.7068870736393897,4.869047986945363,-12.844522895377235,-17.067137372263417
0.31066213242648527,2.704317200263729,4.865631147171488,-12.849070314162852,-17.094421884977102
0.3108621724344869,2.7017464177026653,4.8622088522852085,-12.853612931027895,-17.12167758616736
0.3110622124424885,2.6991747269167763,4.85878110804997,-12.85815074597236,-17.148904475834158
0.3112622524504901,2.696602128866637,4.855347920229231,-12.862683758996248,-17.176102553977493
0.3114622924584917,2.6940286245128244,4.85190929458645,-12.86721197009956,-17.203271820597372
0.3116623324664933,2.691454214815916,4.848465236885092,-12.871735379282295,-17.230412275693787
0.3118623724744949,2.688878900736485,4.845015752888601,-12.876253986544455,-17.257523919266752
0.3120624124824965,2.68630268323511,4.841560848360451,-12.880767791886043,-17.284606751316268
0.3122624524904981,2.6837255632723656,4.838100529064081,-12.885276795307052,-17.311660771842305
0.3124624924984997,2.681147541808829,4.834634800762958,-12.889780996807483,-17.3386859808449
0.3126625325065013,2.6785686198050773,4.83116366922054,-12.894280396387337,-17.365682378324024
0.3128625725145029,2.6759887982216854,4.82768714020029,-12.89877499404662,-17.392649964279713
0.3130626125225045,2.6734080780192295,4.824205219465648,-12.903264789785323,-17.419588738711937
0.3132626525305061,2.670826460158286,4.8207179127800845,-12.90774978360345,-17.446498701620705
0.3134626925385077,2.668243945599432,4.817225225907054,-12.912229975501003,-17.473379853006016
0.3136627325465093,2.6656605353032434,4.813727164610015,-12.916705365477975,-17.500232192867855
0.3138627725545109,2.663076230230295,4.810223734652421,-12.921175953534373,-17.527055721206253
0.3140628125625125,2.6604910313411647,4.8067149417977415,-12.9256417396702,-17.5538504380212
0.3142628525705141,2.657904939596428,4.803200791809417,-12.930102723885446,-17.58061634331267
0.31446289257851573,2.6553179559566615,4.799681290450913,-12.934558906180115,-17.607353437080697
0.3146629325865173,2.6527300813824417,4.796156443485687,-12.939010286554208,-17.634061719325253
0.3148629725945189,2.650141316834344,4.792626256677198,-12.94345686500773,-17.660741190046366
0.3150630126025205,2.6475516632729446,4.789090735788898,-12.947898641540672,-17.687391849244023
0.3152630526105221,2.6449611216588202,4.785549886584247,-12.952335616153038,-17.714013696918222
0.31546309261852373,2.642369692952547,4.782003714826708,-12.956767788844827,-17.740606733068972
0.3156631326265253,2.639777378114702,4.778452226279727,-12.96119515961604,-17.767170957696237
0.3158631726345269,2.6371841781058594,4.77489542670677,-12.965617728466675,-17.793706370800066
0.3160632126425285,2.6345900938865974,4.771333321871294,-12.97003549539674,-17.82021297238044
0.3162632526505301,2.631995126417491,4.767765917536753,-12.974448460406226,-17.84669076243734
0.3164632926585317,2.629399276659118,4.764193219466607,-12.978856623495133,-17.8731397409708
0.3166633326665333,2.6268025455720525,4.760615233424311,-12.983259984663466,-17.899559907980787
0.3168633726745349,2.624204934116872,4.757031965173327,-12.987658543911225,-17.925951263467333
0.3170634126825365,2.6216064432541515,4.7534434204771046,-12.992052301238404,-17.95231380743042
0.31726345269053813,2.619007073944469,4.749849605099106,-12.996441256645008,-17.978647539870053
0.3174634926985397,2.616406827148402,4.7462505248027895,-13.000825410131036,-18.004952460786214
0.3176635327065413,2.6138057038265217,4.7426461853516075,-13.005204761696486,-18.031228570178925
0.3178635727145429,2.611203704939409,4.739036592509024,-13.009579311341362,-18.057475868048186
0.3180636127225445,2.6086008314476374,4.735421752038497,-13.013949059065666,-18.08369435439399
0.31826365273054613,2.6059970843117846,4.731801669703476,-13.018314004869389,-18.109884029216325
0.3184636927385477,2.603392464492427,4.728176351267425,-13.022674148752534,-18.136044892515216
0.3186637327465493,2.6007869729501403,4.7245458024937985,-13.027029490715105,-18.162176944290636
0.3188637727545509,2.5981806106454997,4.720910029146053,-13.031380030757104,-18.188280184542606
0.3190638127625525,2.5955733785390827,4.717269036987644,-13.035725768878521,-18.21435461327112
0.31926385277055414,2.592965277591465,4.713622831782036,-13.040066705079365,-18.240400230476183
0.3194638927785557,2.590356308763224,4.7099714192926845,-13.04440283935963,-18.266417036157776
0.3196639327865573,2.587746473014934,4.706314805283044,-13.04873417171932,-18.292405030315926
0.3198639727945589,2.5851357713071725,4.702652995516569,-13.053060702158433,-18.318364212950613
0.3200640128025605,2.5825242046005155,4.698985995756727,-13.057382430676974,-18.34429458406185
0.32026405281056214,2.5799117738555393,4.695313811766966,-13.061699357274936,-18.370196143649615
0.3204640928185637,2.577298480032821,4.691636449310744,-13.066011481952321,-18.39606889171393
0.3206641328265653,2.5746843240929342,4.6879539141515245,-13.07031880470913,-18.421912828254783
0.3208641728345669,2.5720693069964575,4.684266212052761,-13.074621325545367,-18.447727953272185
0.32106421284256853,2.5694534297039664,4.68057334877791,-13.078919044461024,-18.473514266766138
0.32126425285057014,2.566836693176037,4.676875330090432,-13.083211961456104,-18.499271768736634
0.3214642928585717,2.564219098373246,4.6731721617537785,-13.087500076530608,-18.52500045918365
0.3216643328665733,2.5616006462561693,4.669463849531414,-13.091783389684537,-18.550700338107234
0.3218643728745749,2.5589813377853825,4.665750399186789,-13.096061900917888,-18.576371405507352
0.32206441288257653,2.5563611739214624,4.662031816483368,-13.100335610230669,-18.602013661384014
0.3222644528905781,2.5537401556249866,4.658308107184606,-13.104604517622867,-18.62762710573721
0.3224644928985797,2.5511182838565287,4.654579277053955,-13.10886862309449,-18.65321173856696
0.3226645329065813,2.5484955595766667,4.650845331854881,-13.11312792664554,-18.678767559873243
0.3228645729145829,2.5458719837459767,4.6471062773508365,-13.117382428276017,-18.704294569656078
0.32306461292258454,2.543247557325034,4.643362119305276,-13.121632127985912,-18.729792767915455
0.3232646529305861,2.5406222812744157,4.639612863481661,-13.125877025775228,-18.755262154651362
0.3234646929385877,2.5379961565546982,4.635858515643451,-13.130117121643973,-18.780702729863833
0.3236647329465893,2.5353691841264565,4.632099081554098,-13.13435241559214,-18.80611449355284
0.32386477295459093,2.532741364950268,4.628334566977065,-13.13858290761973,-18.831497445718398
0.32406481296259254,2.5301126999867085,4.624564977675806,-13.142808597726749,-18.85685158636049
0.3242648529705941,2.527483190196355,4.620790319413778,-13.147029485913185,-18.882176915479114
0.3244648929785957,2.5248528365397824,4.61701059795444,-13.151245572179048,-18.9074734330743
0.3246649329865973,2.5222216399775674,4.613225819061242,-13.155456856524335,-18.932741139146003
0.32486497299459893,2.5195896014702868,4.609435988497658,-13.159663338949048,-18.957980033694277
0.32506501300260054,2.5169567219785156,4.605641112027129,-13.163865019453182,-18.983190116719086
0.3252650530106021,2.514323002462832,4.601841195413121,-13.168061898036738,-19.008371388220425
0.3254650930186037,2.511688443883811,4.598036244419085,-13.172253974699721,-19.03352384819832
0.3256651330266053,2.509053047202028,4.594226264808489,-13.176441249442126,-19.058647496652767
0.32586517303460694,2.50641681337806,4.590411262344776,-13.180623722263956,-19.083742333583743
0.32606521304260855,2.503779743372484,4.586591242791421,-13.184801393165213,-19.108808358991276
0.3262652530506101,2.5011418381458763,4.582766211911863,-13.188974262145887,-19.133845572875323
0.3264652930586117,2.4985030986588113,4.578936175469574,-13.193142329205989,-19.158853975235942
0.32666533306661333,2.495863525871867,4.575101139227998,-13.197305594345513,-19.183833566073076
0.32686537307461494,2.4932231207456184,4.57126110895061,-13.201464057564465,-19.208784345386782
0.32706541308261655,2.490581884240642,4.56741609040085,-13.205617718862838,-19.233706313177024
0.3272654530906181,2.487939817317516,4.563566089342181,-13.209766578240632,-19.258599469443787
0.3274654930986197,2.485296920936814,4.559711111538069,-13.213910635697854,-19.283463814187122
0.32766553310662133,2.4826531960591134,4.555851162751959,-13.218049891234497,-19.308299347406994
0.32786557311462294,2.4800086436449895,4.551986248747314,-13.222184344850564,-19.33310606910341
0.3280656131226245,2.4773632646550205,4.548116375287593,-13.22631399654606,-19.357883979276345
0.3282656531306261,2.4747170600497803,4.54424154813625,-13.230438846320975,-19.382633077925846
0.3284656931386277,2.4720700307898467,4.540361773056743,-13.234558894175315,-19.40735336505189
0.32866573314662934,2.4694221778357957,4.536477055812531,-13.238674140109078,-19.432044840654463
0.32886577315463095,2.466773502148203,4.532587402167074,-13.242784584122269,-19.456707504733593
0.3290658131626325,2.4641240046876454,4.5286928178838215,-13.246890226214877,-19.48134135728926
0.3292658531706341,2.461473686414698,4.524793308726236,-13.250991066386913,-19.505946398321463
0.3294658931786357,2.4588225482899384,4.5208888804577745,-13.25508710463837,-19.530522627830223
0.32966593318663734,2.456170591273943,4.516979538841895,-13.259178340969253,-19.555070045815526
0.32986597319463895,2.453517816327286,4.513065289642054,-13.26326477537956,-19.579588652277373
0.3300660132026405,2.4508642244105467,4.5091461386217135,-13.267346407869292,-19.60407844721575
0.3302660532106421,2.4482098164842987,4.505222091544318,-13.271423238438446,-19.628539430630674
0.33046609321864373,2.4455545935091187,4.501293154173336,-13.275495267087024,-19.65297160252215
0.33066613322664534,2.4428985564455834,4.4973593322722225,-13.279562493815025,-19.677374962890156
0.33086617323464695,2.440241706254269,4.493420631604435,-13.283624918622454,-19.70174951173471
0.3310662132426485,2.437584043895753,4.489477057933431,-13.287682541509302,-19.726095249055817
0.3312662532506501,2.4349255703306096,4.485528617022666,-13.291735362475576,-19.75041217485345
0.33146629325865173,2.4322662865194156,4.481575314635596,-13.295783381521273,-19.774700289127637
0.33166633326665335,2.4296061934227473,4.477617156535683,-13.299826598646394,-19.798959591878372
0.33186637327465496,2.4269452920011805,4.47365414848638,-13.303865013850938,-19.823190083105644
0.3320664132826565,2.424283583215294,4.469686296251155,-13.30789862713491,-19.84739176280945
0.3322664532906581,2.4216210680256602,4.465713605593448,-13.311927438498302,-19.87156463098981
0.33246649329865974,2.418957747392858,4.4617360822767305,-13.315951447941119,-19.895708687646717
0.33266653330666135,2.416293622277462,4.45775373206445,-13.319970655463358,-19.919823932780147
0.33286657331466296,2.413628693640049,4.4537665607200765,-13.323985061065025,-19.943910366390142
0.3330666133226645,2.4109629624411975,4.449774574007054,-13.327994664746113,-19.967967988476673
0.33326665333066613,2.4082964296414797,4.445777777688844,-13.331999466506623,-19.991996799039732
0.33346669333866774,2.4056290962014746,4.441776177528909,-13.33599946634656,-20.015996798079357
0.33366673334666935,2.4029609630817568,4.4377697792907025,-13.33999466426592,-20.039967985595524
0.3338667733546709,2.4002920312429046,4.4337585887376845,-13.343985060264703,-20.063910361588214
0.3340668133626725,2.3976223016454927,4.429742611633308,-13.347970654342912,-20.087823926057467
0.33426685337067413,2.394951775250097,4.425721853741029,-13.351951446500543,-20.111708679003257
0.33446689337867574,2.392280453017294,4.421696320824308,-13.355927436737597,-20.13556462042559
0.33466693338667736,2.3896083359076608,4.4176660186466075,-13.359898625054075,-20.15939175032446
0.3348669733946789,2.386935424881774,4.41363095297138,-13.363865011449981,-20.18319006869988
0.3350670134026805,2.3842617209002075,4.409591129562079,-13.367826595925306,-20.206959575551842
0.33526705341068214,2.38158722492354,4.405546554182166,-13.371783378480057,-20.230700270880334
0.33546709341868375,2.378911937912346,4.401497232595102,-13.37573535911423,-20.25441215468539
0.33566713342668536,2.3762358608272027,4.397443170564337,-13.37968253782783,-20.278095226966983
0.3358671734346869,2.3735589946286866,4.393384373853336,-13.383624914620853,-20.301749487725104
0.33606721344268853,2.3708813402773727,4.389320848225548,-13.387562489493298,-20.325374936959783
0.33626725345069014,2.3682028987338386,4.385252599444439,-13.391495262445169,-20.348971574671012
0.33646729345869175,2.365523670958659,4.381179633273455,-13.39542323347646,-20.37253940085877
0.33666733346669336,2.362843657912411,4.377101955476067,-13.399346402587177,-20.39607841552307
0.3368673734746949,2.3601628605556715,4.373019571815728,-13.403264769777321,-20.419588618663923
0.33706741348269653,2.357481279849016,4.368932488055888,-13.407178335046886,-20.443070010281318
0.33726745349069814,2.35479891675302,4.36484070996001,-13.411087098395875,-20.46652259037524
0.33746749349869976,2.3521157722282613,4.360744243291551,-13.414991059824288,-20.489946358945723
0.33766753350670137,2.349431847235315,4.356643093813968,-13.418890219332123,-20.513341315992747
0.3378675735147029,2.3467471427347575,4.3525372672907245,-13.422784576919385,-20.5367074615163
0.33806761352270454,2.3440616596871653,4.3484267694852665,-13.426674132586069,-20.56004479551641
0.33826765353070615,2.341375399053115,4.3443116061610585,-13.430558886332179,-20.583353317993065
0.33846769353870776,2.3386883617931815,4.340191783081555,-13.43443883815771,-20.606633028946263
0.3386677335467093,2.3360005488679434,4.336067306010217,-13.438313988062664,-20.62988392837599
0.3388677735547109,2.333311961237974,4.331938180710502,-13.442184336047045,-20.653106016282273
0.33906781356271254,2.330622599863851,4.327804412945861,-13.446049882110849,-20.6762992926651
0.33926785357071415,2.327932465706151,4.323666008479757,-13.449910626254077,-20.699463757524455
0.33946789357871576,2.3252415597254497,4.319522973075644,-13.453766568476727,-20.72259941086037
0.3396679335867173,2.322549882882324,4.315375312496981,-13.457617708778802,-20.745706252672818
0.33986797359471893,2.319857436137349,4.31122303250723,-13.461464047160304,-20.768784282961803
0.34006801360272054,2.3171642204511014,4.307066138869842,-13.465305583621227,-20.791833501727346
0.34026805361072215,2.3144702367841576,4.302904637348274,-13.469142318161573,-20.814853908969432
0.34046809361872377,2.3117754860970936,4.298738533705989,-13.472974250781341,-20.83784550468806
0.3406681336267253,2.309079969350487,4.294567833706441,-13.476801381480534,-20.86080828888322
0.34086817363472693,2.306383687504912,4.290392543113089,-13.480623710259156,-20.883742261554936
0.34106821364272855,2.303686641520945,4.286212667689383,-13.484441237117199,-20.906647422703188
0.34126825365073016,2.300988832359163,4.28202821319879,-13.488253962054664,-20.929523772327975
0.34146829365873177,2.298290260980143,4.277839185404763,-13.492061885071553,-20.95237131042932
0.3416683336667333,2.2955909283444598,4.273645590070758,-13.495865006167865,-20.975190037007202
0.34186837367473494,2.2928908354126905,4.2694474329602405,-13.499663325343604,-20.99797995206162
0.34206841368273655,2.2901899831454107,4.265244719836659,-13.503456842598766,-21.020741055592595
0.34226845369073816,2.2874883725031974,4.261037456463474,-13.507245557933352,-21.043473347600113
0.3424684936987398,2.2847860044466253,4.256825648604138,-13.51102947134736,-21.066176828084167
0.34266853370674133,2.2820828799362736,4.252609302022118,-13.514808582840793,-21.088851497044757
0.34286857371474294,2.2793789999327148,4.248388422480866,-13.51858289241365,-21.111497354481898
0.34306861372274455,2.276674365396527,4.2441630157438395,-13.52235240006593,-21.13411440039559
0.34326865373074616,2.2739689772882867,4.239933087574492,-13.526117105797635,-21.156702634785802
0.3434686937387478,2.2712628365685705,4.235698643736289,-13.529877009608764,-21.17926205765258
0.34366873374674933,2.268555944197954,4.231459689992685,-13.533632111499314,-21.2017926689959
0.34386877375475094,2.2658483011370127,4.2272162321071365,-13.537382411469292,-21.224294468815742
0.34406881376275256,2.2631399083463237,4.222968275843096,-13.541127909518693,-21.246767457112142
0.34426885377075417,2.260430766786463,4.218715826964028,-13.544868605647515,-21.269211633885092
0.3444688937787557,2.2577208774180075,4.214458891233387,-13.548604499855761,-21.291626999134564
0.34466893378675734,2.2550102412015325,4.210197474414633,-13.552335592143432,-21.3140135528606
0.34486897379475895,2.252298859097614,4.205931582271225,-13.55606188251053,-21.33637129506318
0.34506901380276056,2.2495867320668292,4.201661220566608,-13.55978337095705,-21.358700225742297
0.34526905381076217,2.246873861069753,4.19738639506425,-13.56350005748299,-21.38100034489794
0.34546909381876373,2.244160247066964,4.193107111527611,-13.567211942088356,-21.40327165253015
0.34566913382676534,2.241445891019036,4.188823375720138,-13.570919024773147,-21.425514148638896
0.34586917383476695,2.238730793886547,4.1845351934052974,-13.574621305537365,-21.44772783322417
0.34606921384276856,2.236014956630071,4.180242570346541,-13.578318784381002,-21.469912706286003
0.3462692538507702,2.2332983802101865,4.175945512307331,-13.582011461304063,-21.492068767824385
0.34646929385877173,2.2305810655874696,4.171644025051121,-13.585699336306547,-21.51419601783929
0.34666933386677334,2.2278630137224953,4.1673381143413675,-13.589382409388458,-21.53629445633075
0.34686937387477496,2.225144225575839,4.1630277859415346,-13.593060680549794,-21.558364083298756
0.34706941388277657,2.22242470210808,4.158713045615076,-13.596734149790551,-21.58040489874331
0.3472694538907782,2.2197044442797917,4.154393899125443,-13.600402817110732,-21.602416902664388
0.34746949389877974,2.2169834530515526,4.150070352236099,-13.604066682510336,-21.624400095062022
0.34766953390678135,2.2142617293839373,4.145742410710501,-13.607725745989365,-21.6463544759362
0.34786957391478296,2.2115392742375217,4.141410080312109,-13.61138000754782,-21.668280045286906
0.34806961392278457,2.208816088572884,4.137073366804374,-13.615029467185696,-21.69017680311417
0.3482696539307862,2.206092173350598,4.132732275950761,-13.618674124902997,-21.712044749417984
0.34846969393878774,2.2033675295312425,4.128386813514716,-13.622313980699719,-21.733883884198313
0.34866973394678935,2.2006421580753917,4.12403698525971,-13.625949034575868,-21.755694207455214
0.34886977395479096,2.1979160599436223,4.119682796949194,-13.629579286531442,-21.77747571918865
0.3490698139627926,2.1951892360965113,4.11532425434662,-13.633204736566439,-21.79922841939863
0.3492698539707942,2.1924616874946334,4.110961363215454,-13.636825384680858,-21.82095230808514
0.34946989397879574,2.1897334150985674,4.1065941293191495,-13.6404412308747,-21.842647385248206
0.34966993398679735,2.187004419868887,4.102222558421163,-13.644052275147967,-21.864313650887816
0.34986997399479897,2.1842747027661695,4.097846656284957,-13.647658517500663,-21.885951105003954
0.3500700140028006,2.181544264750991,4.093466428673982,-13.651259957932776,-21.90755974759665
0.35027005401080213,2.1788131067839283,4.089081881351696,-13.654856596444313,-21.929139578665882
0.35047009401880375,2.1760812298255563,4.084693020081562,-13.658448433035275,-21.95069059821165
0.35067013402680536,2.1733486348364526,4.080299850627033,-13.662035467705662,-21.972212806233976
0.35087017403480697,2.1706153227771923,4.0759023787515725,-13.665617700455476,-21.993706202732845
0.3510702140428086,2.1678812946083523,4.071500610218629,-13.66919513128471,-22.015170787708257
0.35127025405081014,2.1651465512905097,4.067094550791666,-13.672767760193366,-22.0366065611602
0.35147029405881175,2.1624110937842387,4.062684206234137,-13.676335587181448,-22.058013523088697
0.35167033406681336,2.1596749230501167,4.058269582309501,-13.679898612248953,-22.07939167349374
0.351870374074815,2.1569380400487197,4.053850684781216,-13.683456835395887,-22.100741012375302
0.3520704140828166,2.1542004457406243,4.04942751941274,-13.68701025662224,-22.12206153973343
0.35227045409081814,2.151462141086407,4.0450000919675295,-13.690558875928016,-22.143353255568087
0.35247049409881975,2.148723127046643,4.040568408209041,-13.694102693313216,-22.1646161598793
0.35267053410682137,2.1459834045819086,4.036132473900732,-13.69764170877784,-22.18585025266706
0.352870574114823,2.1432429746527806,4.031692294806062,-13.701175922321895,-22.207055533931353
0.3530706141228246,2.140501838219835,4.027247876688486,-13.704705333945366,-22.228232003672197
0.35327065413082614,2.137759996243649,4.022799225311464,-13.708229943648261,-22.24937966188957
0.35347069413882776,2.1350174496847973,4.018346346438447,-13.711749751430581,-22.270498508583493
0.35367073414682937,2.1322741995038563,4.0138892458329,-13.715264757292324,-22.291588543753967
0.353870774154831,2.1295302466614032,4.009427929258278,-13.718774961233496,-22.312649767400963
0.3540708141628326,2.126785592118013,4.004962402478035,-13.722280363254088,-22.333682179524516
0.35427085417083415,2.1240402368342646,4.000492671255638,-13.725780963354103,-22.354685780124626
0.35447089417883576,2.1212941817707307,3.99601874135453,-13.72927676153354,-22.37566056920125
0.35467093418683737,2.1185474278879894,3.9915406185381768,-13.732767757792406,-22.396606546754434
0.354870974194839,2.115799976146617,3.9870583085700417,-13.736253952130696,-22.417523712784167
0.3550710142028406,2.113051827507189,3.9825718172135716,-13.739735344548407,-22.438412067290443
0.35527105421084215,2.110302982930283,3.9780811502322253,-13.74321193504554,-22.45927161027324
0.35547109421884376,2.1075534433764727,3.973586313389462,-13.746683723622098,-22.480102341732596
0.3556711342268454,2.104803209806337,3.969087312448746,-13.750150710278081,-22.50090426166851
0.355871174234847,2.1020522831804502,3.964584153173525,-13.753612895013491,-22.521677370080937
0.35607121424284854,2.099300664459391,3.9600768413272602,-13.757070277828321,-22.54242166696993
0.35627125425085016,2.0965483546037325,3.955565382673404,-13.760522858722574,-22.563137152335443
0.35647129425885177,2.093795354574052,3.95104978297542,-13.763970637696252,-22.58382382617753
0.3566713342668534,2.0910416653309265,3.946530047996762,-13.767413614749353,-22.60448168849613
0.356871374274855,2.088287287834933,3.9420061835008973,-13.770851789881885,-22.62511073929128
0.35707141428285655,2.0855322230466458,3.9374781952512645,-13.77428516309383,-22.645710978562974
0.35727145429085816,2.082776471926642,3.9329460890113435,-13.777713734385205,-22.666282406311247
0.35747149429885977,2.0800200354354974,3.928409870544571,-13.781137503756002,-22.68682502253602
0.3576715343068614,2.077262914533788,3.923869545614413,-13.784556471206223,-22.707338827237336
0.357871574314863,2.0745051101820913,3.919325119984328,-13.78797063673587,-22.727823820415217
0.35807161432286455,2.071746623340984,3.9147765994177766,-13.791380000344937,-22.748280002069613
0.35827165433086616,2.0689874549710403,3.9102239896782125,-13.794784562033431,-22.768707372200595
0.3584716943388678,2.066227606032837,3.9056672965290877,-13.798184321801347,-22.789105930808084
0.3586717343468694,2.0634670774869504,3.9011065257338604,-13.801579279648687,-22.809475677892138
0.358871774354871,2.0607058702939574,3.8965416830560082,-13.804969435575455,-22.829816613452728
0.35907181436287255,2.0579439854144335,3.8919727742589583,-13.80835478958164,-22.850128737489854
0.35927185437087417,2.055181423808956,3.887399805106189,-13.811735341667253,-22.870412050003523
0.3594718943788758,2.0524181864380995,3.882822781361143,-13.81511109183229,-22.89066655099372
0.3596719343868774,2.0496542742624415,3.878241708787293,-13.818482040076749,-22.910892240460505
0.359871974394879,2.046889688242558,3.8736565931480893,-13.821848186400635,-22.931089118403797
0.36007201440288056,2.044124429339025,3.869067440206986,-13.82520953080394,-22.951257184823646
0.36027205441088217,2.0413584985124187,3.8644742557274387,-13.828566073286671,-22.971396439720017
0.3604720944188838,2.0385918967233154,3.859877045472917,-13.831917813848827,-22.991506883092974
0.3606721344268854,2.0358246249322907,3.8552758152068645,-13.835264752490405,-23.01158851494243
0.360872174434887,2.0330566840999222,3.8506705706927535,-13.838606889211412,-23.031641335268446
0.36107221444288856,2.030288075186786,3.846061317694028,-13.841944224011836,-23.05166534407101
0.3612722544508902,2.0275187991534565,3.841448061974149,-13.845276756891685,-23.071660541350106
0.3614722944588918,2.024748856960512,3.8368308092965764,-13.848604487850961,-23.09162692710577
0.3616723344668934,2.0219782495685266,3.8322095654247645,-13.851927416889659,-23.111564501337952
0.36187237447489495,2.0192069779380795,3.827584336122177,-13.855245544007783,-23.13147326404669
0.36207241448289657,2.0164350430297437,3.8229551271522597,-13.858558869205327,-23.15135321523195
0.3622724544908982,2.0136624458040986,3.8183219442784795,-13.861867392482297,-23.17120435489379
0.3624724944988998,2.0108891872217183,3.8136847932642954,-13.865171113838691,-23.19102668303215
0.3626725345069014,2.008115268243178,3.8090436798731533,-13.868470033274507,-23.210820199647067
0.36287257451490296,2.0053406898290578,3.8043986098685263,-13.871764150789751,-23.230584904738492
0.36307261452290457,2.0025654529399306,3.7997495890138584,-13.875053466384415,-23.250320798306504
0.3632726545309062,1.999789558536373,3.7950966230726086,-13.878337980058504,-23.270027880351023
0.3634726945389078,1.9970130075789625,3.7904397178082414,-13.881617691812018,-23.289706150872092
0.3636727345469094,1.9942358010282741,3.785778878984207,-13.884892601644953,-23.309355609869726
0.36387277455491096,1.9914579398448855,3.7811141123639738,-13.888162709557314,-23.328976257343868
0.3640728145629126,1.988679424989372,3.776445423710987,-13.8914280155491,-23.348568093294595
0.3642728545709142,1.9859002574223101,3.77177281878871,-13.894688519620308,-23.368131117721838
0.3644728945789158,1.9831204381042744,3.767096303360594,-13.897944221770938,-23.387665330625644
0.3646729345869174,1.9803399679958438,3.762415883190104,-13.901195122000995,-23.407170732005973
0.36487297459491896,1.9775588480575932,3.757731564040701,-13.904441220310476,-23.42664732186286
0.3650730146029206,1.9747770792500994,3.7530433516758306,-13.907682516699381,-23.446095100196274
0.3652730546109222,1.9719946625339366,3.748351251858951,-13.910919011167707,-23.465514067006254
0.3654730946189238,1.969211598869683,3.7436552703535293,-13.914150703715457,-23.484904222292755
0.3656731346269254,1.9664278892179148,3.7389554129230165,-13.917377594342632,-23.5042655660558
0.36587317463492697,1.9636435345392091,3.7342516853308725,-13.920599683049234,-23.523598098295395
0.3660732146429286,1.9608585357941393,3.729544093340553,-13.923816969835256,-23.542901819011526
0.3662732546509302,1.9580728939432828,3.7248326427155076,-13.927029454700701,-23.562176728204214
0.3664732946589318,1.9552866099472177,3.72011733921921,-13.930237137645573,-23.58142282587343
0.3666733346669334,1.9524996847665175,3.715398188615108,-13.933440018669867,-23.60064011201922
0.36687337467493497,1.9497121193617608,3.7106751966666627,-13.936638097773587,-23.619828586641503
0.3670734146829366,1.9469239146935218,3.705948369137327,-13.939831374956729,-23.63898824974038
0.3672734546909382,1.9441350717223778,3.7012177117905587,-13.943019850219294,-23.658119101315762
0.3674734946989398,1.9413455914089053,3.6964832303898154,-13.946203523561284,-23.67722114136769
0.36767353470694136,1.93855547471368,3.6917449306985564,-13.949382394982695,-23.696294369896172
0.367873574714943,1.9357647225972778,3.687002818480247,-13.952556464483536,-23.715338786901192
0.3680736147229446,1.9329733360202759,3.6822568994983316,-13.955725732063797,-23.734354392382784
0.3682736547309462,1.9301813159432495,3.677507179516268,-13.958890197723482,-23.753341186340883
0.3684736947389478,1.9273886633267754,3.672753664297522,-13.96204986146259,-23.77229916877556
0.36867373474694937,1.9245953791314308,3.667996359605544,-13.965204723281122,-23.791228339686732
0.368873774754951,1.9218014643177899,3.6632352712037974,-13.968354783179082,-23.81012869907449
0.3690738147629526,1.9190069198464297,3.658470404855737,-13.971500041156462,-23.82900024693877
0.3692738547709542,1.9162117466779265,3.6537017663248115,-13.974640497213265,-23.847842983279577
0.3694738947789558,1.9134159457728572,3.6489293613744893,-13.977776151349493,-23.866656908096964
0.36967393478695737,1.9106195180917984,3.6441531957682303,-13.980907003565145,-23.885442021390887
0.369873974794959,1.9078224645953241,3.639373275269489,-13.984033053860223,-23.90419832316134
0.3700740148029606,1.9050247862440115,3.6345896056417093,-13.987154302234721,-23.92292581340832
0.3702740548109622,1.9022264839984386,3.629802192648363,-13.990270748688646,-23.94162449213188
0.3704740948189638,1.8994275588191794,3.625011042052904,-13.993382393221992,-23.960294359331954
0.3706741348269654,1.8966280116668126,3.620216159618794,-13.996489235834764,-23.978935415008593
0.370874174834967,1.8938278435019111,3.615417551109485,-13.999591276526962,-23.997547659161754
0.3710742148429686,1.8910270552850519,3.6106152222884296,-14.002688515298578,-24.01613109179148
0.3712742548509702,1.8882256479768134,3.6058091789190927,-14.005780952149621,-24.034685712897726
0.3714742948589718,1.8854236225377705,3.600999426764931,-14.008868587080087,-24.053211522480517
0.3716743348669734,1.8826209799285005,3.5961859715894056,-14.011951420089977,-24.07170852053987
0.371874374874975,1.879817721109578,3.591368819155968,-14.015029451179295,-24.09017670707575
0.3720744148829766,1.8770138470415794,3.586547975228073,-14.018102680348033,-24.108616082088197
0.3722744548909782,1.8742093586850812,3.5817234455691818,-14.021171107596194,-24.12702664557716
0.3724744948989798,1.8714042570006606,3.576895235942752,-14.02423473292378,-24.145408397542695
0.3726745349069814,1.868598542948893,3.572063352112238,-14.027293556330788,-24.163761337984724
0.372874574914983,1.865792217490354,3.5672277998411053,-14.030347577817224,-24.182085466903345
0.3730746149229846,1.8629852815856214,3.562388584892803,-14.033396797383082,-24.20038078429848
0.3732746549309862,1.86017773619527,3.557545713030791,-14.036441215028363,-24.21864729017019
0.3734746949389878,1.8573695822798777,3.552699190018532,-14.039480830753067,-24.236884984518404
0.3736747349469894,1.854560820800018,3.54784902161947,-14.042515644557195,-24.25509386734319
0.373874774954991,1.8517514527162695,3.5429952135970773,-14.045545656440751,-24.2732739386445
0.3740748149629926,1.8489414789892074,3.538137771714802,-14.048570866403727,-24.291425198422353
0.3742748549709942,1.8461309005794084,3.533276701736101,-14.051591274446128,-24.30954764667677
0.3744748949789958,1.843319718447449,3.528412009424442,-14.05460688056795,-24.3276412834077
0.3746749349869974,1.8405079335539043,3.523543700543268,-14.057617684769198,-24.345706108615204
0.374874974994999,1.8376955468593519,3.5186717808560513,-14.060623687049874,-24.36374212229923
0.3750750150030006,1.834882559324366,3.5137962561262333,-14.063624887409969,-24.38174932445982
0.3752750550110022,1.832068971909525,3.5089171321172845,-14.066621285849488,-24.39972771509693
0.3754750950190038,1.8292547855754058,3.504034414592658,-14.069612882368432,-24.4176772942106
0.3756751350270054,1.826440001282581,3.4991481093158088,-14.072599676966798,-24.435598061800796
0.375875175035007,1.8236246199916293,3.494258222050197,-14.075581669644592,-24.45349001786753
0.3760752150430086,1.8208086426631265,3.489364758559276,-14.078558860401806,-24.471353162410836
0.3762752550510102,1.8179920702576502,3.484467724606513,-14.081531249238447,-24.48918749543067
0.3764752950590118,1.815174903735775,3.479567125955353,-14.084498836154507,-24.506993016927048
0.3766753350670134,1.8123571440580764,3.474662968369258,-14.087461621149993,-24.524769726899954
0.376875375075015,1.8095387921851322,3.4697552576116966,-14.090419604224907,-24.542517625349447
0.3770754150830166,1.8067198490775183,3.4648439994461073,-14.093372785379241,-24.56023671227544
0.37727545509101823,1.80390031569581,3.4599291996359547,-14.096321164612998,-24.577926987677976
0.3774754950990198,1.8010801930005866,3.455010863944702,-14.09926474192618,-24.595588451557077
0.3776755351070214,1.7982594819524194,3.450088998135799,-14.102203517318785,-24.61322110391273
0.377875575115023,1.795438183511888,3.4451636079727095,-14.105137490790817,-24.630824944744894
0.3780756151230246,1.7926162986395693,3.440234699218891,-14.108066662342273,-24.648399974053618
0.37827565513102623,1.789793828296036,3.435302277637792,-14.110991031973148,-24.6659461918389
0.3784756951390278,1.7869707734418685,3.4303663489928784,-14.113910599683448,-24.683463598100687
0.3786757351470294,1.7841471350376392,3.4254269190476014,-14.116825365473172,-24.700952192839054
0.378875775155031,1.7813229140439266,3.4204839935654245,-14.119735329342324,-24.718411976053936
0.3790758151630326,1.7784981114213074,3.415537578309803,-14.122640491290898,-24.735842947745397
0.3792758551710342,1.7756727281303561,3.4105876790441867,-14.125540851318892,-24.753245107913344
0.3794758951790358,1.7728467651316506,3.40563430153205,-14.128436409426314,-24.770618456557898
0.3796759351870374,1.7700202233857651,3.400677451536829,-14.131327165613158,-24.787962993678946
0.379875975195039,1.7671931038532767,3.395717134822001,-14.134213119879428,-24.805278719276544
0.38007601520304063,1.7643654074947626,3.390753357151014,-14.13709427222512,-24.82256563335072
0.3802760552110422,1.7615371352707991,3.3857861242873266,-14.139970622650235,-24.839823735901426
0.3804760952190438,1.7587082881419605,3.3808154419943905,-14.142842171154774,-24.857053026928654
0.3806761352270454,1.7558788670688243,3.3758413160356726,-14.145708917738737,-24.87425350643243
0.380876175235047,1.7530488730119667,3.370863752174622,-14.148570862402128,-24.891425174412767
0.38107621524304863,1.7502183069319632,3.3658827561747007,-14.151428005144938,-24.908568030869624
0.3812762552510502,1.7473871697893921,3.3608983337993656,-14.154280345967171,-24.92568207580304
0.3814762952590518,1.7445554625448283,3.355910490812076,-14.157127884868832,-24.94276730921299
0.3816763352670534,1.7417231861588467,3.3509192329762847,-14.159970621849913,-24.959823731099505
0.381876375275055,1.7388903415920252,3.345924566055454,-14.162808556910424,-24.976851341462535
0.38207641528305664,1.7360569298049395,3.3409264958130365,-14.165641690050354,-24.993850140302108
0.3822764552910582,1.733222951758167,3.3359250280124915,-14.168470021269707,-25.01082012761824
0.3824764952990598,1.7303884084122811,3.3309201684172756,-14.171293550568484,-25.027761303410898
0.3826765353070614,1.7275533007278616,3.3259119227908487,-14.174112277946687,-25.04467366768013
0.38287657531506303,1.7247176296654807,3.32090029689667,-14.176926203404314,-25.061557220425875
0.38307661532306464,1.7218813961857191,3.31588529649819,-14.179735326941366,-25.078411961648193
0.3832766553310662,1.71904460124915,3.3108669273588696,-14.182539648557837,-25.09523789134701
0.3834766953390678,1.71620724581635,3.305845195242167,-14.185339168253734,-25.112035009522415
0.3836767353470694,1.713369330847896,3.300820105911539,-14.188133886029055,-25.128803316174334
0.38387677535507103,1.710530857304364,3.295791665130449,-14.190923801883804,-25.145542811302803
0.3840768153630726,1.707691826146331,3.2907598786623424,-14.193708915817972,-25.162253494907823
0.3842768553710742,1.7048522383343712,3.285724752270678,-14.196489227831563,-25.178935366989393
0.3844768953790758,1.7020120948290622,3.2806862917189212,-14.19926473792458,-25.195588427547484
0.3846769353870774,1.69917139659098,3.2756445027705228,-14.20203544609702,-25.212212676582112
0.38487697539507904,1.6963301445807017,3.270599391188954,-14.204801352348888,-25.228808114093326
0.3850770154030806,1.6934883397588028,3.2655509627376507,-14.207562456680174,-25.245374740081026
0.3852770554110822,1.6906459830858587,3.260499223180088,-14.210318759090885,-25.261912554545326
0.3854770954190838,1.6878030755224462,3.255444178279709,-14.21307025958102,-25.278421557486126
0.3856771354270854,1.6849596180291433,3.2503858337999816,-14.215816958150581,-25.294901748903506
0.38587717543508704,1.6821156115665234,3.245324195504364,-14.218558854799568,-25.3113531287974
0.3860772154430886,1.679271057095165,3.240259269156306,-14.221295949527974,-25.32777569716785
0.3862772554510902,1.6764259555756418,3.2351910605192655,-14.224028242335804,-25.344169454014825
0.3864772954590918,1.6735803079685323,3.2301195753567065,-14.226755733223058,-25.36053439933835
0.38667733546709343,1.6707341152344126,3.2250448194320818,-14.229478422189738,-25.376870533138444
0.38687737547509504,1.667887378333857,3.2199667985088496,-14.232196309235842,-25.393177855415047
0.3870774154830966,1.665040098227446,3.214885518350468,-14.23490939436137,-25.409456366168214
0.3872774554910982,1.6621922758757495,3.20980098472039,-14.237617677566318,-25.425706065397904
0.3874774954990998,1.6593439122393485,3.204713203382081,-14.240321158850692,-25.441926953104172
0.38767753550710143,1.6564950082788186,3.199622180098994,-14.243019838214492,-25.458119029286955
0.38787757551510305,1.6536455649547332,3.194527920634587,-14.245713715657715,-25.474282293946274
0.3880776155231046,1.6507955832276733,3.1894304307523162,-14.24840279118036,-25.490416747082158
0.3882776555311062,1.64794506405821,3.184329716215636,-14.251087064782428,-25.50652238869459
0.3884776955391078,1.6450940084069237,3.179225782788012,-14.253766536463923,-25.522599218783547
0.38867773554710944,1.6422424172343884,3.174118636232893,-14.25644120622484,-25.53864723734904
0.38887777555511105,1.6393902915011807,3.169008282313748,-14.259111074065185,-25.55466644439111
0.3890778155631126,1.6365376321678777,3.1638947267940196,-14.26177613998495,-25.570656839909674
0.3892778555711142,1.6336844401950534,3.158777975437176,-14.264436403984137,-25.58661842390483
0.38947789557911583,1.6308307165432865,3.1536580340066704,-14.26709186606275,-25.602551196376503
0.38967793558711744,1.6279764621731525,3.148534908265958,-14.269742526220787,-25.61845515732474
0.389877975595119,1.6251216780452276,3.1434086039785027,-14.27238838445825,-25.634330306749476
0.3900780156031206,1.622266365120087,3.138279126907758,-14.275029440775134,-25.650176644650806
0.3902780556111222,1.6194105243583077,3.133146482817181,-14.277665695171441,-25.66599417102865
0.39047809561912383,1.6165541567204655,3.1280106774702228,-14.280297147647172,-25.681782885883024
0.39067813562712544,1.613697263167138,3.1228717166303515,-14.282923798202328,-25.697542789213976
0.390878175635127,1.6108398446589014,3.117729606061027,-14.28554564683691,-25.713273881021465
0.3910782156431286,1.6079819021563302,3.1125843515256966,-14.288162693550914,-25.728976161305482
0.3912782556511302,1.6051234366200007,3.107435958787815,-14.29077493834434,-25.74464963006603
0.39147829565913184,1.6022644490104903,3.1022844336108486,-14.29338238121719,-25.760294287303154
0.39167833566713345,1.5994049402883745,3.097129781758256,-14.295985022169464,-25.7759101330168
0.391878375675135,1.5965449114142318,3.091972008993494,-14.298582861201167,-25.791497167207005
0.3920784156831366,1.5936843633486353,3.086811121080011,-14.30117589831229,-25.80705538987373
0.39227845569113823,1.5908232970521627,3.0816471237812673,-14.303764133502836,-25.82258480101703
0.39247849569913984,1.5879617134853898,3.0764800228607276,-14.306347566772807,-25.83808540063685
0.39267853570714145,1.5850996136088917,3.071309824081835,-14.3089261981222,-25.85355718873319
0.392878575715143,1.5822369983832483,3.066136533208071,-14.31150002755102,-25.86900016530611
0.3930786157231446,1.5793738687690324,3.06096015600287,-14.314069055059262,-25.884414330355554
0.39327865573114623,1.576510225726821,3.0557806982296984,-14.316633280646927,-25.899799683881568
0.39347869573914784,1.5736460702171906,3.0505981656520165,-14.319192704314016,-25.915156225884104
0.39367873574714946,1.570781403200718,3.045412564033275,-14.32174732606053,-25.930483956363204
0.393878775755151,1.5679162256379797,3.0402238991369384,-14.32429714588647,-25.945782875318805
0.3940788157631526,1.5650505384895497,3.035032176726456,-14.32684216379183,-25.961052982750992
0.39427885577115424,1.5621843427160063,3.02983740256529,-14.329382379776616,-25.976294278659694
0.39447889577915585,1.5593176392779249,3.0246395824168975,-14.331917793840825,-25.99150676304494
0.39467893578715746,1.5564504291358814,3.0194387220447343,-14.334448405984457,-26.006690435906755
0.394878975795159,1.5535827132504536,3.0142348272122605,-14.336974216207516,-26.021845297245093
0.3950790158031606,1.5507144925822154,3.0090279036829317,-14.339495224509994,-26.036971347059968
0.39527905581116224,1.5478457680917457,3.003817957220206,-14.3420114308919,-26.052068585351385
0.39547909581916385,1.5449765407396188,2.998604993587543,-14.344522835353228,-26.06713701211938
0.3956791358271654,1.5421068114864118,2.993389018548391,-14.347029437893978,-26.082176627363864
0.395879175835167,1.5392365812926998,2.9881700378662206,-14.349531238514157,-26.09718743108494
0.39607921584316863,1.5363658511190597,2.982948057304479,-14.352028237213755,-26.11216942328253
0.39627925585117024,1.5334946219260692,2.977723082626631,-14.35452043399278,-26.1271226039567
0.39647929585917185,1.5306228946743021,2.9724951195961236,-14.357007828851227,-26.14204697310737
0.3966793358671734,1.5277506703243358,2.9672641739764236,-14.359490421789099,-26.156942530734597
0.396879375875175,1.5248779498367475,2.9620302515309875,-14.361968212806396,-26.171809276838367
0.39707941588317663,1.5220047341721115,2.956793358023269,-14.364441201903114,-26.186647211418673
0.39727945589117825,1.5191310242910043,2.9515534992167227,-14.366909389079256,-26.201456334475544
0.39747949589917986,1.5162568211540037,2.9463106808748147,-14.369372774334822,-26.216236646008937
0.3976795359071814,1.5133821257216855,2.941064908760996,-14.371831357669812,-26.230988146018888
0.397879575915183,1.5105069389546244,2.9358161886387286,-14.374285139084229,-26.24571083450536
0.39807961592318464,1.5076312618133978,2.9305645262714624,-14.376734118578067,-26.260404711468404
0.39827965593118625,1.5047550952585806,2.9253099274226626,-14.379178296151327,-26.27506977690797
0.39847969593918786,1.501878440250753,2.920052397855785,-14.381617671804015,-26.289706030824078
0.3986797359471894,1.4990012977504865,2.9147919433342864,-14.384052245536125,-26.304313473216737
0.39887977595519103,1.4961236687183603,2.9095285696216244,-14.38648201734766,-26.31889210408597
0.39907981596319264,1.4932455541149485,2.904262282481249,-14.388906987238617,-26.3334419234317
0.39927985597119425,1.490366954900828,2.898993087676625,-14.391327155208996,-26.347962931253974
0.39947989597919586,1.4874878720365763,2.893720990971209,-14.393742521258801,-26.36245512755282
0.3996799359871974,1.4846083064827698,2.8884459981284616,-14.396153085388029,-26.376918512328174
0.39987997599519903,1.4817282591999827,2.883168114911843,-14.398558847596686,-26.39135308558012
0.40008001600320064,1.4788477311487924,2.877887347084795,-14.400959807884762,-26.40575884730857
0.40028005601120226,1.4759667232897744,2.8726037004107834,-14.403355966252262,-26.420135797513588
0.40048009601920387,1.4730852365835059,2.8673171806532682,-14.405747322699186,-26.43448393619513
0.4006801360272054,1.470203271990564,2.8620277935757112,-14.408133877225538,-26.448803263353227
0.40088017603520704,1.4673208304715224,2.8567355449415572,-14.410515629831309,-26.463093778987847
0.40108021604320865,1.4644379129869578,2.8514404405142644,-14.412892580516504,-26.477355483099004
0.40128025605121026,1.4615545204974483,2.8461424860573086,-14.415264729281123,-26.491588375686753
0.4014802960592118,1.4586706539635697,2.840841687334126,-14.417632076125166,-26.50579245675099
0.40168033606721343,1.4557863143458958,2.8355380501081813,-14.419994621048632,-26.51996772629181
0.40188037607521504,1.4529015026050058,2.8302315801429385,-14.422352364051527,-26.534114184309146
0.40208041608321665,1.4500162197014752,2.8249222832018486,-14.424705305133843,-26.54823183080306
0.40228045609121826,1.4471304665958784,2.819610165048365,-14.42705344429558,-26.562320665773484
0.4024804960992198,1.444244244248794,2.8142952314459517,-14.429396781536742,-26.576380689220464
0.40268053610722143,1.4413575536207976,2.8089774881580727,-14.431735316857333,-26.59041190114398
0.40288057611522304,1.4384703956724638,2.8036569409481666,-14.434069050257342,-26.60441430154406
0.40308061612322466,1.4355827713643698,2.798333595579699,-14.436397981736775,-26.61838789042065
0.40328065613122627,1.4326946816570938,2.7930074578161372,-14.438722111295634,-26.632332667773795
0.4034806961392278,1.4298061275112106,2.787678533420932,-14.441041438933915,-26.6462486336035
0.40368073614722944,1.4269171098872944,2.7823468281575297,-14.44335596465162,-26.660135787909716
0.40388077615523105,1.4240276297459245,2.7770123477894098,-14.445665688448754,-26.67399413069252
0.40408081616323266,1.4211376880476752,2.7716750980800073,-14.447970610325306,-26.687823661951825
0.40428085617123427,1.4182472857531236,2.7663350847927957,-14.450270730281284,-26.701624381687715
0.4044808961792358,1.415356423822846,2.760992313691224,-14.452566048316683,-26.7153962899001
0.40468093618723744,1.4124651032174176,2.755646790538755,-14.45485656443151,-26.72913938658907
0.40488097619523905,1.4095733248974158,2.7502985210988395,-14.45714227862576,-26.742853671754553
0.40508101620324066,1.4066810898234172,2.744947511134942,-14.459423190899434,-26.756539145396587
0.4052810562112423,1.4037883989559954,2.7395937664105103,-14.461699301252528,-26.77019580751518
0.40548109621924383,1.40089525325573,2.7342372926890093,-14.463970609685047,-26.78382365811028
0.40568113622724544,1.3980016536831958,2.7288780957339007,-14.466237116196993,-26.797422697181972
0.40588117623524705,1.395107601198968,2.7235161813086304,-14.468498820788364,-26.810992924730165
0.40608121624324867,1.3922130967636244,2.7181515551766626,-14.470755723459156,-26.824534340754937
0.4062812562512503,1.3893181413377402,2.7127842231014583,-14.473007824209372,-26.83804694525623
0.40648129625925183,1.3864227358818921,2.7074141908464657,-14.475255123039009,-26.851530738234075
0.40668133626725345,1.383526881356656,2.7020414641751476,-14.477497619948075,-26.86498571968844
0.40688137627525506,1.3806305787226092,2.6966660488509575,-14.479735314936564,-26.878411889619386
0.40708141628325667,1.3777338289403263,2.691287950637358,-14.481968208004474,-26.891809248026846
0.4072814562912582,1.3748366329703854,2.685907175297805,-14.484196299151808,-26.905177794910863
0.40748149629925984,1.3719389917733609,2.6805237285957535,-14.486419588378567,-26.91851753027141
0.40768153630726145,1.3690409063098294,2.675137616294661,-14.488638075684749,-26.93182845410849
0.40788157631526306,1.3661423775403683,2.6697488441579917,-14.49085176107036,-26.94511056642215
0.4080816163232647,1.3632434064255528,2.664357417949198,-14.49306064453539,-26.958363867212334
0.40828165633126623,1.3603439939259594,2.6589633434317292,-14.495264726079842,-26.97158835647906
0.40848169633926784,1.3574441410021647,2.653566626369056,-14.497464005703721,-26.984784034222322
0.40868173634726945,1.3545438486147432,2.6481672725246277,-14.499658483407025,-26.99795090044215
0.40888177635527106,1.3516431177242731,2.6427652876619057,-14.50184815918975,-27.011088955138497
0.4090818163632727,1.3487419492913308,2.6373606775443452,-14.5040330330519,-27.02419819831139
0.40928185637127423,1.3458403442764917,2.6319534479354054,-14.506213104993472,-27.037278629960838
0.40948189637927584,1.3429383036403313,2.626543604598538,-14.50838837501447,-27.05033025008681
0.40968193638727746,1.3400358283434273,2.621131153297208,-14.510558843114891,-27.06335305868936
0.40988197639527907,1.3371329193463541,2.61571609979487,-14.512724509294738,-27.076347055768416
0.4100820164032807,1.3342295776096897,2.610298449854982,-14.514885373554007,-27.089312241324052
0.41028205641128224,1.3313258040940115,2.604878209240999,-14.5170414358927,-27.10224861535619
0.41048209641928385,1.3284215997598916,2.5994553837163767,-14.519192696310816,-27.115156177864904
0.41068213642728546,1.325516965567909,2.594029979044585,-14.52133915480836,-27.12803492885014
0.41088217643528707,1.3226119024786394,2.588602000989061,-14.523480811385323,-27.140884868311943
0.4110822164432887,1.3197064114526595,2.5831714553132787,-14.525617666041711,-27.153705996250267
0.41128225645129024,1.3168004934505455,2.577738347780688,-14.527749718777521,-27.16649831266514
0.41148229645929185,1.3138941494328733,2.5723026841547476,-14.529876969592758,-27.17926181755655
0.41168233646729346,1.3109873803602181,2.566864470198915,-14.531999418487416,-27.191996510924497
0.4118823764752951,1.3080801871931578,2.561423711676653,-14.534117065461503,-27.204702392769022
0.4120824164832967,1.3051725708922683,2.5559804143514118,-14.536229910515011,-27.21737946309006
0.41228245649129824,1.302264532418125,2.5505345839866482,-14.53833795364794,-27.23002772188765
0.41248249649929986,1.2993560727313047,2.54508622634582,-14.540441194860295,-27.24264716916177
0.41268253650730147,1.296447192792384,2.5396353471923945,-14.542539634152078,-27.25523780491247
0.4128825765153031,1.293537893561938,2.5341819522898152,-14.54463327152328,-27.267799629139674
0.41308261652330464,1.290628176000544,2.5287260474015447,-14.546722106973904,-27.280332641843437
0.41328265653130625,1.2877180410687776,2.523267638291042,-14.548806140503954,-27.29283684302373
0.41348269653930786,1.284807489727216,2.517806730721764,-14.550885372113429,-27.305312232680564
0.41368273654730947,1.281896522936434,2.5123433304571705,-14.552959801802327,-27.317758810813977
0.4138827765553111,1.2789851416570086,2.506877443260718,-14.555029429570652,-27.3301765774239
0.41408281656331264,1.276073346849517,2.501409074895861,-14.557094255418397,-27.342565532510385
0.41428285657131425,1.2731611394745335,2.495938231126056,-14.559154279345567,-27.354925676073393
0.41448289657931586,1.270248520492635,2.490464917714764,-14.56120950135216,-27.36725700811298
0.4146829365873175,1.2673354908643988,2.4849891404254425,-14.563259921438181,-27.379559528629073
0.4148829765953191,1.2644220515503999,2.4795109050215434,-14.565305539603623,-27.39183323762174
0.41508301660332064,1.2615082035112146,2.474030217266524,-14.567346355848485,-27.4040781350909
0.41528305661132225,1.2585939477074193,2.4685470829238483,-14.569382370172773,-27.41629422103665
0.41548309661932387,1.255679285099591,2.463061507756974,-14.571413582576486,-27.428481495458918
0.4156831366273255,1.252764216648305,2.457573497529353,-14.573439993059623,-27.44063995835773
0.4158831766353271,1.2498487433141374,2.4520830580044493,-14.575461601622186,-27.45276960973311
0.41608321664332865,1.2469328660576662,2.446590194945717,-14.577478408264168,-27.464870449585
0.41628325665133026,1.2440165858394652,2.441094914116608,-14.579490412985576,-27.476942477913468
0.41648329665933187,1.2410999036201127,2.4355972212805845,-14.58149761578641,-27.48898569471845
0.4166833366673335,1.2381828203601826,2.430097122201108,-14.583500016666667,-27.501000100000006
0.4168833766753351,1.235265337020253,2.424594622641628,-14.585497615626347,-27.512985693758075
0.41708341668333665,1.2323474545609008,2.419089728365604,-14.58749041266545,-27.524942475992702
0.41728345669133826,1.2294291739427003,2.4135824451364947,-14.589478407783977,-27.53687044670386
0.4174834966993399,1.2265104961262276,2.408072778717761,-14.591461600981926,-27.548769605891557
0.4176835367073415,1.223591422072061,2.402560734872857,-14.593439992259302,-27.560639953555835
0.4178835767153431,1.2206719527407754,2.397046319365238,-14.595413581616105,-27.572481489696614
0.41808361672334465,1.2177520890929472,2.391529537958359,-14.597382369052326,-27.58429421431395
0.41828365673134627,1.214831832089153,2.3860103964156902,-14.599346354567974,-27.59607812740783
0.4184836967393479,1.2119111826899673,2.3804889005006746,-14.601305538163043,-27.607833228978272
0.4186837367473495,1.2089901418559683,2.374965055976782,-14.60325991983754,-27.61955951902523
0.41888377675535104,1.2060687105477328,2.3694388686074586,-14.605209499591458,-27.631256997548746
0.41908381676335266,1.2031468897258342,2.3639103441561637,-14.607154277424799,-27.642925664548784
0.41928385677135427,1.2002246803508498,2.3583794883863582,-14.609094253337563,-27.6545655200254
0.4194838967793559,1.1973020833833574,2.3528463070614976,-14.611029427329752,-27.666176563978524
0.4196839367873575,1.1943790997839339,2.3473108059450496,-14.612959799401368,-27.677758796408206
0.41988397679535905,1.1914557305131526,2.341772990800459,-14.614885369552407,-27.689312217314438
0.42008401680336066,1.1885319765315905,2.336232867391182,-14.616806137782868,-27.70083682669719
0.42028405681136227,1.185607838799824,2.33069044148068,-14.618722104092752,-27.712332624556524
0.4204840968193639,1.1826833182784302,2.3251457188324114,-14.620633268482061,-27.723799610892364
0.4206841368273655,1.1797584159279846,2.3195987052098435,-14.622539630950797,-27.73523778570479
0.42088417683536705,1.1768331327090644,2.314049406376414,-14.624441191498953,-27.74664714899371
0.42108421684336866,1.173907469582245,2.3084978280955895,-14.626337950126533,-27.758027700759207
0.4212842568513703,1.1709814275081016,2.3029439761308232,-14.628229906833537,-27.76937944100122
0.4214842968593719,1.1680550074472116,2.29738785624558,-14.630117061619965,-27.780702369719776
0.4216843368673735,1.165128210360152,2.2918294742033183,-14.631999414485817,-27.79199648691491
0.42188437687537506,1.1622010372074985,2.286268835767496,-14.633876965431096,-27.803261792586582
0.42208441688337667,1.159273488949826,2.280705946701552,-14.635749714455795,-27.81449828673476
0.4222844568913783,1.1563455665477111,2.275140812768962,-14.637617661559917,-27.82570596935949
0.4224844968993799,1.1534172709617314,2.269573439733181,-14.639480806743464,-27.836884840460797
0.4226845369073815,1.1504886031524622,2.2640038333576644,-14.641339150006438,-27.848034900038613
0.42288457691538306,1.1475595640804808,2.2584319994058717,-14.643192691348832,-27.859156148092993
0.42308461692338467,1.1446301547063629,2.25285794364126,-14.645041430770652,-27.87024858462391
0.4232846569313863,1.1417003759906832,2.247281671827274,-14.646885368271894,-27.881312209631375
0.4234846969393879,1.1387702288940185,2.2417031897273834,-14.64872450385256,-27.892347023115363
0.4236847369473895,1.1358397143769465,2.236122503105049,-14.65055883751265,-27.9033530250759
0.42388477695539106,1.1329088334000437,2.230539617723725,-14.652388369252167,-27.91433021551299
0.4240848169633927,1.1299775869238833,2.2249545393468644,-14.654213099071104,-27.925278594426615
0.4242848569713943,1.1270459759090452,2.219367273737925,-14.656033026969467,-27.936198161816804
0.4244848969793959,1.1241140013161015,2.213777826660367,-14.65784815294725,-27.947088917683516
0.42468493698739745,1.121181664105633,2.2081862038776503,-14.659658477004463,-27.957950862026777
0.42488497699539907,1.118248965238214,2.202592411153228,-14.661463999141098,-27.968783994846575
0.4250850170034007,1.115315905674418,2.196996454250547,-14.663264719357153,-27.979588316142923
0.4252850570114023,1.1123824863748253,2.1913983389330873,-14.665060637652635,-27.990363825915807
0.4254850970194039,1.1094487083000106,2.1857980709642924,-14.66685175402754,-28.001110524165227
0.42568513702740546,1.1065145724105496,2.180195656107628,-14.66863806848187,-28.011828410891212
0.42588517703540707,1.1035800796670197,2.174591100126541,-14.670419581015624,-28.022517486093747
0.4260852170434087,1.1006452310299957,2.168984408784496,-14.6721962916288,-28.033177749772804
0.4262852570514103,1.0977100274600546,2.1633755878449445,-14.6739682003214,-28.043809201928397
0.4264852970594119,1.0947744699177728,2.157764643071351,-14.675735307093426,-28.05441184256057
0.42668533706741346,1.0918385593637265,2.1521515802271693,-14.677497611944876,-28.064985671669234
0.4268853770754151,1.0889022967584905,2.1465364050758495,-14.679255114875746,-28.075530689254478
0.4270854170834167,1.0859656830626434,2.1409191233808595,-14.681007815886042,-28.086046895316244
0.4272854570914183,1.0830287192367603,2.1352997409056584,-14.682755714975762,-28.09653428985459
0.4274854970994199,1.080091406241416,2.1296782634136875,-14.684498812144904,-28.106992872869426
0.42768553710742147,1.0771537450371902,2.1240546966684306,-14.686237107393474,-28.117422644360843
0.4278855771154231,1.074215736584656,2.11842904643332,-14.687970600721465,-28.127823604328782
0.4280856171234247,1.071277381844391,2.1128013184718295,-14.68969929212888,-28.13819575277327
0.4282856571314263,1.0683386817769707,2.107171518547398,-14.691423181615718,-28.14853908969431
0.4284856971394279,1.0653996373429724,2.101539652423506,-14.693142269181982,-28.158853615091886
0.42868573714742947,1.0624602495029716,2.0959057258635987,-14.69485655482767,-28.16913932896601
0.4288857771554311,1.0595205192175448,2.0902697446311347,-14.696566038552781,-28.179396231316673
0.4290858171634327,1.056580447447267,2.084631714489568,-14.698270720357314,-28.1896243221439
0.4292858571714343,1.0536400351527164,2.0789916412023555,-14.699970600241272,-28.199823601447633
0.4294858971794359,1.0506992832944677,2.073349530532962,-14.701665678204654,-28.209994069227918
0.42968593718743747,1.0477581928330988,2.067705388244841,-14.703355954247462,-28.220135725484752
0.4298859771954391,1.0448167647291842,2.0620592201014496,-14.705041428369691,-28.23024857021815
0.4300860172034407,1.0418749999433015,2.056411031866249,-14.706722100571346,-28.240332603428072
0.4302860572114423,1.038932899436024,2.050760829302682,-14.70839797085242,-28.250387825114515
0.43048609721944386,1.0359904641679332,2.045108618174229,-14.710069039212922,-28.260414235277537
0.4306861372274455,1.0330476950996015,2.039454404244335,-14.711735305652851,-28.27041183391708
0.4308861772354471,1.0301045931916037,2.03379819327645,-14.713396770172197,-28.28038062103319
0.4310862172434487,1.02716115940452,2.0281399910340436,-14.71505343277097,-28.29032059662582
0.4312862572514503,1.0242173946989257,2.022479803280575,-14.716705293449168,-28.300231760695027
0.43148629725945187,1.021273300035395,2.016817635779482,-14.718352352206786,-28.310114113240715
0.4316863372674535,1.0183288763745058,2.0111534942942484,-14.719994609043834,-28.31996765426301
0.4318863772754551,1.0153841246768347,2.0054873845883137,-14.721632063960303,-28.329792383761813
0.4320864172834567,1.0124390459029557,1.9998193124251369,-14.723264716956194,-28.33958830173715
0.4322864572914583,1.009493641013447,1.9941492835681807,-14.72489256803151,-28.34935540818907
0.43248649729945987,1.0065479109688846,1.9884773037808987,-14.726515617186248,-28.35909370311751
0.4326865373074615,1.0036018567298446,1.9828033788267554,-14.728133864420416,-28.368803186522484
0.4328865773154631,1.0006554792569016,1.9771275144691955,-14.729747309734002,-28.378483858403996
0.4330866173234647,0.997708779510635,1.9714497164716889,-14.731355953127014,-28.388135718762086
0.4332866573314663,0.994761758451618,1.9657699905976838,-14.732959794599449,-28.397758767596684
0.4334866973394679,0.9918144170404293,1.9600883426106446,-14.734558834151306,-28.407353004907847
0.4336867373474695,0.9888667562376432,1.9544047782740268,-14.736153071782592,-28.41691843069553
0.4338867773554711,0.9859187770038362,1.9487193033512842,-14.737742507493298,-28.426455044959795
0.4340868173634727,0.9829704802995862,1.9430319236058757,-14.739327141283429,-28.435962847700566
0.4342868573714743,0.9800218670854672,1.9373426448012605,-14.740906973152983,-28.445441838917887
0.4344868973794759,0.9770729383220571,1.931651472700894,-14.742482003101959,-28.45489201861176
0.4346869373874775,0.9741236949699317,1.9259584130682406,-14.744052231130365,-28.464313386782166
0.4348869773954791,0.9711741379896668,1.920263471666745,-14.74561765723819,-28.473705943429138
0.4350870174034807,0.9682242683418383,1.9145666542598754,-14.74717828142544,-28.483069688552632
0.4352870574114823,0.9652740869870233,1.9088679666110817,-14.748734103692112,-28.49240462215269
0.4354870974194839,0.9623235948857991,1.9031674144838284,-14.750285124038209,-28.501710744229257
0.4356871374274855,0.9593727929987388,1.8974650036415657,-14.751831342463733,-28.510988054782402
0.4358871774354871,0.9564216822864215,1.8917607398477578,-14.753372758968679,-28.52023655381207
0.4360872174434887,0.9534702637094221,1.886054628865855,-14.754909373553048,-28.52945624131827
0.4362872574514903,0.9505185382283177,1.8803466764593217,-14.75644118621684,-28.53864711730104
0.4364872974594919,0.9475665068036825,1.874636888391608,-14.757968196960055,-28.547809181760357
0.4366873374674935,0.9446141703960946,1.8689252704261747,-14.7594904057827,-28.556942434696182
0.4368873774754951,0.9416615299661297,1.8632118283264827,-14.761007812684763,-28.566046876108558
0.4370874174834967,0.9387085864743636,1.8574965678559874,-14.76252041766625,-28.575122505997513
0.4372874574914983,0.9357553408813741,1.8517794947781425,-14.76402822072716,-28.58416932436296
0.4374874974994999,0.9328017941477356,1.8460606148564036,-14.765531221867496,-28.593187331204987
0.4376875375075015,0.929847947234026,1.8403399338542492,-14.76702942108726,-28.60217652652355
0.4378875775155031,0.9268938011008199,1.8346174575351029,-14.768522818386444,-28.611136910318663
0.4380876175235047,0.923939356708694,1.828893191662445,-14.770011413765051,-28.6200684825903
0.4382876575315063,0.9209846150182259,1.823167141999729,-14.771495207223081,-28.628971243338498
0.4384876975395079,0.9180295769899889,1.8174393143104073,-14.772974198760535,-28.63784519256322
0.4386877375475095,0.915074243584562,1.8117097143579421,-14.774448388377417,-28.646690330264477
0.4388877775555111,0.9121186157625201,1.8059783479057891,-14.775917776073719,-28.655506656442313
0.43908781756351273,0.9091626944844404,1.8002452207174073,-14.777382361849446,-28.66429417109667
0.4392878575715143,0.9062064807108992,1.7945103385562504,-14.778842145704596,-28.67305287422758
0.4394878975795159,0.9032499754024708,1.7887737071857739,-14.78029712763917,-28.68178276583501
0.4396879375875175,0.9002931795197324,1.7830353323694457,-14.78174730765317,-28.69048384591902
0.4398879775955191,0.8973360940232609,1.7772952198707088,-14.783192685746592,-28.699156114479536
0.44008801760352073,0.8943787198736328,1.771553375453042,-14.784633261919438,-28.707799571516617
0.4402880576115223,0.8914210580314237,1.7658098048798827,-14.786069036171707,-28.71641421703025
0.4404880976195239,0.8884631094572093,1.7600645139146849,-14.7875000085034,-28.725000051020416
0.4406881376275255,0.8855048751115662,1.7543175083209306,-14.78892617891452,-28.73355707348712
0.4408881776355271,0.8825463559550701,1.7485687938620469,-14.79034754740506,-28.742085284430345
0.4410882176435287,0.8795875529482999,1.7428183763015177,-14.791764113975026,-28.75058468385015
0.4412882576515303,0.8766284670518283,1.737066261402786,-14.793175878624414,-28.759055271746476
0.4414882976595319,0.8736690992262337,1.7313124549293164,-14.794582841353227,-28.76749704811938
0.4416883376675335,0.8707094504320905,1.7255569626445553,-14.795985002161466,-28.77591001296878
0.4418883776755351,0.8677495216299767,1.719799790311967,-14.797382361049126,-28.784294166294757
0.4420884176835367,0.8647893137804687,1.7140409436950126,-14.798774918016209,-28.79264950809724
0.4422884576915383,0.8618288278441417,1.7082804285571491,-14.800162673062717,-28.80097603837632
0.4424884976995399,0.8588680647815725,1.7025182506618268,-14.80154562618865,-28.809273757131905
0.4426885377075415,0.8559070255533363,1.6967544157725083,-14.802923777394009,-28.817542664364026
0.44288857771554313,0.8529457111200094,1.690988929652649,-14.804297126678787,-28.825782760072727
0.4430886177235447,0.8499841224421705,1.6852217980657027,-14.80566567404299,-28.83399404425795
0.4432886577315463,0.8470222604803936,1.6794530267751355,-14.807029419486618,-28.842176516919707
0.4434886977395479,0.8440601261952543,1.6736826215443976,-14.808388363009668,-28.850330178058
0.4436887377475495,0.8410977205473313,1.6679105881369622,-14.809742504612148,-28.85845502767289
0.44388877775555113,0.838135044497198,1.6621369323162583,-14.811091844294046,-28.86655106576427
0.4440888177635527,0.8351720990054332,1.6563616598457571,-14.812436382055367,-28.8746182923322
0.4442888577715543,0.8322088850326113,1.6505847764889197,-14.813776117896113,-28.88265670737667
0.4444888977795559,0.8292454035393089,1.644806288009212,-14.815111051816283,-28.89066631089773
0.4446889377875575,0.8262816554861032,1.6390262001700737,-14.816441183815881,-28.898647102895282
0.44488897779555914,0.8233176418335695,1.6332445187349691,-14.817766513894899,-28.906599083369386
0.4450890178035607,0.820353363542285,1.627461249467352,-14.81908704205334,-28.91452225232004
0.4452890578115623,0.8173888215728242,1.6216763981306812,-14.820402768291205,-28.922416609747216
0.4454890978195639,0.8144240168857655,1.6158899704884249,-14.821713692608496,-28.930282155650985
0.44568913782756553,0.8114589504416818,1.6101019723040242,-14.82301981500521,-28.938118890031248
0.44588917783556714,0.8084936232011535,1.6043124093409542,-14.824321135481348,-28.945926812888104
0.4460892178435687,0.8055280361247554,1.5985212873626562,-14.82561765403691,-28.953705924221453
0.4462892578515703,0.8025621901730611,1.5927286121325839,-14.826909370671892,-28.961456224031366
0.4464892978595719,0.7995960863066502,1.5869343894142158,-14.828196285386301,-28.969177712317816
0.44668933786757353,0.7966297254860972,1.581138624970995,-14.829478398180138,-28.9768703890808
0.4468893778755751,0.793663108671979,1.5753413245663843,-14.830755709053392,-28.98453425432035
0.4470894178835767,0.790696236824872,1.5695424939638336,-14.832028218006073,-28.992169308036424
0.4472894578915783,0.7877291109053526,1.5637421389268091,-14.833295925038179,-28.999775550229074
0.4474894978995799,0.7847617318739941,1.557940265218761,-14.834558830149705,-29.007352980898233
0.44768953790758154,0.7817941006913771,1.552136878603159,-14.835816933340661,-29.01490160004397
0.4478895779155831,0.7788262183180756,1.546331984843441,-14.837070234611035,-29.0224214076662
0.4480896179235847,0.7758580857146653,1.5405255897030727,-14.838318733960834,-29.02991240376501
0.4482896579315863,0.7728897038417242,1.5347176989455171,-14.839562431390059,-29.03737458834034
0.44848969793958793,0.7699210736598268,1.5289083183342314,-14.840801326898706,-29.04480796139225
0.44868973794758954,0.7669521961295493,1.523097453632671,-14.842035420486779,-29.05221252292067
0.4488897779555911,0.7639830722114709,1.5172851106042895,-14.843264712154275,-29.05958827292565
0.4490898179635927,0.7610137028661634,1.5114712950125444,-14.844489201901192,-29.066935211407156
0.4492898579715943,0.7580440890542062,1.5056560126209,-14.845708889727534,-29.07425333836521
0.44948989797959593,0.7550742317361738,1.4998392691927975,-14.8469237756333,-29.081542653799815
0.44968993798759754,0.7521041318726442,1.494021070491721,-14.848133859618494,-29.088803157710956
0.4498899779955991,0.7491337904241924,1.4882014222811044,-14.849339141683107,-29.096034850098647
0.4500900180036007,0.7461632083513954,1.4823803303244105,-14.850539621827146,-29.10323773096286
0.4502900580116023,0.7431923866148282,1.4765578003851108,-14.851735300050608,-29.110411800303666
0.45049009801960394,0.7402213261750668,1.4707338382266393,-14.852926176353492,-29.117557058120966
0.45069013802760555,0.7372500279926899,1.464908449612473,-14.854112250735806,-29.124673504414815
0.4508901780356071,0.7342784930282729,1.4590816403060618,-14.85529352319754,-29.13176113918523
0.4510902180436087,0.7313067222423892,1.4532534160708543,-14.856469993738695,-29.13881996243218
0.4512902580516103,0.7283347165956178,1.4474237826703273,-14.857641662359276,-29.145849974155666
0.45149029805961194,0.7253624770485347,1.4415927458679239,-14.858808529059282,-29.15285117435569
0.45169033806761355,0.7223900045617146,1.4357603114271047,-14.859970593838712,-29.159823563032276
0.4518903780756151,0.7194173000957376,1.4299264851113271,-14.861127856697566,-29.16676714018537
0.4520904180836167,0.7164443646111744,1.424091272684052,-14.862280317635841,-29.17368190581506
0.45229045809161833,0.7134711990686051,1.4182546799087312,-14.863427976653542,-29.180567859921254
0.45249049809961994,0.7104978044286043,1.412416712548822,-14.864570833750665,-29.187425002504014
0.4526905381076215,0.7075241816517495,1.406577376367789,-14.865708888927216,-29.19425333356328
0.4528905781156231,0.7045503316986159,1.4007366771290855,-14.866842142183188,-29.201052853099142
0.4530906181236247,0.7015762555297795,1.3948946205961583,-14.867970593518583,-29.207823561111496
0.45329065813162633,0.698601954105817,1.3890512125324879,-14.869094242933402,-29.214565457600415
0.45349069813962795,0.6956274283873054,1.3832064587015136,-14.870213090427645,-29.221278542565898
0.4536907381476295,0.6926526793348207,1.3773603648666963,-14.871327136001316,-29.227962816007874
0.4538907781556311,0.6896777079089373,1.371512936791495,-14.872436379654406,-29.234618277926444
0.4540908181636327,0.6867025150702335,1.3656641802393654,-14.873540821386921,-29.24124492832152
0.45429085817163434,0.6837271017792848,1.3598141009737699,-14.87464046119886,-29.247842767193177
0.45449089817963595,0.6807514689966676,1.3539627047581568,-14.875735299090223,-29.25441179454134
0.4546909381876375,0.6777756176829579,1.348109997356005,-14.876825335061012,-29.260952010366083
0.4548909781956391,0.6747995487987319,1.342255984530743,-14.877910569111222,-29.267463414667333
0.45509101820364073,0.6718232633045653,1.3364006720458352,-14.878991001240855,-29.27394600744512
0.45529105821164234,0.6688467621610359,1.3305440656647516,-14.880066631449914,-29.280399788699484
0.45549109821964395,0.6658700463287184,1.324686171150944,-14.881137459738396,-29.28682475843037
0.4556911382276455,0.6628931167681902,1.3188269942678748,-14.882203486106304,-29.29322091663782
0.4558911782356471,0.6599159744400267,1.3129665407789908,-14.883264710553634,-29.299588263321795
0.45609121824364873,0.6569386203048044,1.307104816447751,-14.884321133080388,-29.305926798482332
0.45629125825165034,0.6539610553230988,1.3012418270376163,-14.885372753686564,-29.31223652211939
0.45649129825965196,0.6509832804554878,1.295377578312042,-14.886419572372166,-29.318517434233016
0.4566913382676535,0.648005296662546,1.2895120760344927,-14.887461589137192,-29.324769534823147
0.4568913782756551,0.6450271049048513,1.2836453259684149,-14.888498803981642,-29.330992823889858
0.45709141828365674,0.6420487061429765,1.2777773338772658,-14.889531216905512,-29.337187301433076
0.45729145829165835,0.639070101337502,1.2719081055245116,-14.890558827908809,-29.343352967452844
0.45749149829965996,0.636091291449002,1.2660376466736114,-14.891581636991528,-29.34948982194919
0.4576915383076615,0.6331122774380544,1.2601659630880153,-14.892599644153677,-29.355597864922032
0.45789157831566313,0.6301330602652331,1.254293060531186,-14.893612849395245,-29.361677096371466
0.45809161832366474,0.6271536408911149,1.2484189447665717,-14.894621252716236,-29.367727516297407
0.45829165833166635,0.6241740202762758,1.2425436215576386,-14.895624854116651,-29.373749124699927
0.4584916983396679,0.6211941993812946,1.2366670966678388,-14.89662365359649,-29.37974192157894
0.4586917383476695,0.6182141791667444,1.23078937586064,-14.897617651155757,-29.385705906934547
0.45889177835567113,0.615233960593202,1.2249104648994837,-14.898606846794443,-29.39164108076666
0.45909181836367274,0.6122535446212449,1.2190303695478324,-14.899591240512555,-29.39754744307534
0.45929185837167436,0.6092729322114494,1.2131490955691575,-14.900570832310091,-29.403424993860554
0.4594918983796759,0.6062921243243897,1.2072666487268915,-14.901545622187047,-29.409273733122305
0.4596919383876775,0.6033111219206448,1.2013830347845218,-14.902515610143436,-29.415093660860606
0.45989197839567914,0.6003299259607886,1.1954982595054773,-14.903480796179242,-29.42088477707543
0.46009201840368075,0.5973485374053975,1.1896123286532276,-14.904441180294471,-29.42664708176683
0.46029205841168236,0.5943669572150485,1.1837252479912372,-14.905396762489124,-29.432380574934754
0.4604920984196839,0.5913851863503192,1.177837023282951,-14.906347542763202,-29.438085256579228
0.4606921384276855,0.5884032257717831,1.1719476602918313,-14.907293521116706,-29.443761126700224
0.46089217843568714,0.5854210764400181,1.1660571647813356,-14.908234697549632,-29.4494081852978
0.46109221844368875,0.5824387393156001,1.1601655425149264,-14.909171072061982,-29.455026432371895
0.46129225845169036,0.5794562153591056,1.1542727992560522,-14.910102644653756,-29.460615867922527
0.4614922984596919,0.5764735055311103,1.1483789407681773,-14.911029415324952,-29.466176491949724
0.46169233846769353,0.5734906107921904,1.142483972814757,-14.911951384075577,-29.471708304453443
0.46189237847569514,0.5705075321029218,1.1365879011592401,-14.912868550905621,-29.477211305433727
0.46209241848369675,0.5675242704238814,1.1306907315650978,-14.913780915815089,-29.482685494890532
0.46229245849169837,0.5645408267156458,1.124792469795775,-14.914688478803981,-29.488130872823902
0.4624924984996999,0.5615572019387924,1.1188931216147484,-14.915591239872299,-29.493547439233794
0.46269253850770153,0.5585733970538935,1.112992692785454,-14.916489199020042,-29.49893519412025
0.46289257851570315,0.5555894130215284,1.10709118907136,-14.917382356247206,-29.504294137483228
0.46309261852370476,0.5526052508022721,1.1011886162359161,-14.918270711553793,-29.509624269322742
0.46329265853170637,0.5496209113567017,1.0952849800425888,-14.919154264939806,-29.514925589638835
0.4634926985397079,0.5466363956453932,1.0893802862548352,-14.92003301640524,-29.520198098431464
0.46369273854770954,0.543651704628922,1.083474540636109,-14.920906965950103,-29.525441795700615
0.46389277855571115,0.5406668392678649,1.0775677489498623,-14.921776113574385,-29.530656681446303
0.46409281856371276,0.5376818005227995,1.071659916959561,-14.922640459278094,-29.53584275566857
0.4642928585717143,0.5346965893542999,1.0657510504286627,-14.923500003061223,-29.541000018367342
0.46449289857971593,0.5317112067229433,1.0598411551206102,-14.924354744923779,-29.54612846954268
0.46469293858771754,0.528725653589305,1.0539302367988803,-14.92520468486576,-29.55122810919454
0.46489297859571915,0.525739930913963,1.0480183012269286,-14.926049822887164,-29.556298937322993
0.46509301860372076,0.5227540396574915,1.0421053541681982,-14.92689015898799,-29.56134095392794
0.4652930586117223,0.5197679807804692,1.036191401386155,-14.927725693168238,-29.56635415900945
0.46549309861972393,0.5167817552434704,1.030276448644253,-14.928556425427914,-29.571338552567482
0.46569313862772554,0.5137953640070712,1.02436050170596,-14.929382355767014,-29.576294134602065
0.46589317863572716,0.5108088080318485,1.0184435663347209,-14.930203484185535,-29.581220905113213
0.46609321864372877,0.5078220882783784,1.012525648294,-14.93101981068348,-29.586118864100882
0.4662932586517303,0.5048352057072383,1.0066067533472491,-14.93183133526085,-29.590988011565102
0.46649329865973194,0.5018481612790029,1.000686887257931,-14.932638057917643,-29.595828347505858
0.46669333866773355,0.49886095595424873,0.9947660557895048,-14.933439978653864,-29.60063987192318
0.46689337867573516,0.4958735906935514,0.9888442647054223,-14.934237097469504,-29.60542258481702
0.46709341868373677,0.4928860664574892,0.9829215197691408,-14.93502941436457,-29.610176486187427
0.46729345869173833,0.48989838420663645,0.9769978267441211,-14.935816929339056,-29.61490157603434
0.46749349869973994,0.48691054490157093,0.971073191393824,-14.93659964239297,-29.61959785435785
0.46769353870774155,0.48392254950286695,0.9651476194816961,-14.937377553526309,-29.62426532115785
0.46789357871574316,0.4809343989711028,0.9592211167712072,-14.938150662739071,-29.628903976434415
0.4680936187237448,0.4779460942668514,0.9532936890257986,-14.938918970031253,-29.63351382018753
0.46829365873174633,0.4749576363506942,0.947365342008947,-14.939682475402861,-29.63809485241717
0.46849369873974794,0.4719690261832028,0.9414360814840919,-14.940441178853893,-29.64264707312337
0.46869373874774956,0.468980264724955,0.935505913214703,-14.941195080384352,-29.647170482306095
0.46889377875575117,0.46599135293652694,0.9295748429642359,-14.94194417999423,-29.651665079965397
0.4690938187637528,0.4630022917784964,0.9236428764961406,-14.942688477683536,-29.656130866101208
0.46929385877175434,0.4600130822114372,0.9177100195738852,-14.94342797345226,-29.660567840713583
0.46949389877975595,0.45702372519592727,0.911776277960918,-14.944162667300413,-29.66497600380248
0.46969393878775756,0.4540342216925408,0.9058416574206962,-14.94489255922799,-29.669355355367912
0.46989397879575917,0.45104457266185705,0.8999061637166932,-14.94561764923499,-29.673705895409938
0.4700940188037607,0.44805477906444935,0.8939698026123395,-14.94633793732141,-29.67802762392847
0.47029405881176234,0.4450648418608969,0.888032579871119,-14.947053423487258,-29.682320540923556
0.47049409881976395,0.44207476201177176,0.8820945012564678,-14.947764107732526,-29.68658464639516
0.47069413882776556,0.43908454047765444,0.876155572531859,-14.948469990057225,-29.690819940343346
0.4708941788357672,0.4360941782191188,0.8702157994607447,-14.949171070461343,-29.695026422768052
0.47109421884376873,0.4331036761967417,0.8642751878065766,-14.949867348944883,-29.69920409366931
0.47129425885177034,0.4301130353710998,0.8583337433328211,-14.95055882550785,-29.7033529530471
0.47149429885977195,0.42712225670276815,0.8523914718029264,-14.95124550015024,-29.70747300090146
0.47169433886777357,0.42413134115232287,0.8464483789803552,-14.951927372872055,-29.711564237232324
0.4718943788757752,0.42114028968034223,0.8405044706285647,-14.952604443673293,-29.71562666203974
0.47209441888377673,0.4181491032474014,0.8345597525110158,-14.953276712553953,-29.71966027532372
0.47229445889177835,0.415157782814076,0.8286142303911568,-14.953944179514037,-29.72366507708422
0.47249449889977996,0.412166329340943,0.8226679100324485,-14.954606844553547,-29.727641067321287
0.47269453890778157,0.4091747437885771,0.8167207971983643,-14.955264707672482,-29.73158824603489
0.4728945789157832,0.4061830271175566,0.810772897652333,-14.955917768870838,-29.73550661322504
0.47309461892378474,0.4031911802884576,0.8048242171578277,-14.956566028148618,-29.7393961688917
0.47329465893178635,0.40019920426185474,0.7988747614783094,-14.957209485505823,-29.743256913034955
0.47349469893978796,0.39720709999832415,0.792924536377221,-14.957848140942449,-29.7470888456547
0.4736947389477896,0.39421486845844456,0.7869735476180448,-14.958481994458506,-29.750891966751013
0.4738947789557912,0.3912225106027898,0.7810218009642149,-14.95911104605398,-29.75466627632389
0.47409481896379274,0.3882300273919381,0.7750693021791975,-14.95973529572888,-29.7584117743733
0.47429485897179435,0.3852374197864634,0.7691160570264408,-14.960354743483203,-29.76212846089922
0.47449489897979596,0.38224468874694306,0.7631620712694129,-14.960969389316949,-29.76581633590169
0.4746949389877976,0.37925183523395356,0.7572073506715746,-14.961579233230124,-29.769475399380738
0.4748949789957992,0.37625886020807187,0.7512519009963796,-14.96218427522272,-29.77310565133631
0.47509501900380074,0.3732657646298718,0.7452957280072798,-14.962784515294736,-29.77670709176843
0.47529505901180236,0.37027254945993215,0.7393388374677325,-14.963379953446179,-29.780279720677072
0.47549509901980397,0.3672792156588267,0.7333812351412003,-14.963970589677045,-29.783823538062293
0.4756951390278056,0.36428576418713465,0.7274229267911387,-14.96455642398734,-29.787338543924022
0.47589517903580714,0.3612921960054307,0.7214639181810139,-14.965137456377054,-29.79082473826233
0.47609521904380875,0.3582985120742901,0.7155042150742634,-14.965713686846192,-29.794282121077146
0.47629525905181036,0.35530471335428926,0.7095438232343589,-14.966285115394752,-29.79771069236851
0.47649529905981197,0.3523108008060052,0.7035827484247523,-14.966851742022737,-29.80111045213644
0.4766953390678136,0.3493167753900144,0.697620996408908,-14.96741356673015,-29.804481400380894
0.47689537907581514,0.3463226380668947,0.6916585729502724,-14.967970589516984,-29.807823537101896
0.47709541908381675,0.34332838979721814,0.6856954838123137,-14.96852281038324,-29.811136862299435
0.47729545909181836,0.3403340315415635,0.6797317347584801,-14.96907022932892,-29.814421375973538
0.47749549909982,0.33733956426050726,0.6737673315522397,-14.969612846354027,-29.817677078124163
0.4776955391078216,0.33434498891462505,0.6678022799570407,-14.97015066145856,-29.820903968751324
0.47789557911582314,0.3313503064644929,0.6618365857363511,-14.97068367464251,-29.824102047855064
0.47809561912382476,0.32835551787068784,0.6558702546536122,-14.971211885905888,-29.82727131543534
0.47829565913182637,0.3253606240937841,0.6499032924722918,-14.971735295248687,-29.830411771492138
0.478495699139828,0.32236562609436037,0.6439357049558421,-14.97225390267091,-29.83352341602547
0.4786957391478296,0.31937052483299233,0.6379674978677237,-14.972767708172563,-29.83660624903537
0.47889577915583115,0.31637532127025514,0.631998676971401,-14.973276711753634,-29.83966027052179
0.47909581916383276,0.31338001636672574,0.6260292480303207,-14.97378091341413,-29.84268548048479
0.47929585917183437,0.31038461108297977,0.6200592168079417,-14.974280313154049,-29.845681878924296
0.479495899179836,0.3073891063795946,0.6140885890677197,-14.974774910973393,-29.848649465840367
0.4796959391878376,0.30439350321714453,0.6081173705731295,-14.975264706872162,-29.851588241232974
0.47989597919583915,0.30139780255620874,0.6021455670876072,-14.975749700850352,-29.854498205102132
0.48009601920384076,0.2984020053573615,0.5961731843746172,-14.976229892907968,-29.85737935744781
0.4802960592118424,0.2954061125811789,0.5902002281976113,-14.976705283045007,-29.860231698270027
0.480496099219844,0.2924101251882374,0.5842267043200593,-14.977175871261469,-29.86305522756882
0.4806961392278456,0.2894140441391131,0.5782526185054166,-14.977641657557358,-29.865849945344138
0.48089617923584715,0.28641787039438427,0.57227797651713,-14.978102641932669,-29.868615851596005
0.48109621924384877,0.28342160491462387,0.566302784118669,-14.978558824387402,-29.871352946324407
0.4812962592518504,0.28042524866040974,0.5603270470734802,-14.97901020492156,-29.874061229529374
0.481496299259852,0.2774288025923184,0.5543507711450246,-14.979456783535142,-29.87674070121085
0.48169633926785355,0.2744322676709259,0.5483739620967665,-14.979898560228149,-29.87939136136889
0.48189637927585516,0.27143564485680916,0.5423966256921648,-14.980335535000581,-29.88201321000348
0.48209641928385677,0.2684389351105416,0.5364187676946592,-14.980767707852433,-29.88460624711462
0.4822964592918584,0.26544213939270245,0.5304403938677158,-14.98119507878371,-29.887170472702266
0.48249649929986,0.26244525866386637,0.5244615099747989,-14.98161764779441,-29.889705886766464
0.48269653930786155,0.25944829388461166,0.518482121779364,-14.982035414884539,-29.892212489307227
0.48289657931586316,0.2564512460155113,0.5125022350448543,-14.982448380054086,-29.894690280324497
0.4830966193238648,0.25345411601714396,0.5065218555347553,-14.98285654330306,-29.897139259818374
0.4832966593318664,0.2504569048500853,0.5005409890124906,-14.983259904631456,-29.89955942778873
0.483496699339868,0.24745961347491097,0.49455964124154583,-14.983658464039276,-29.90195078423568
0.48369673934786955,0.24446224285219742,0.48857781798536415,-14.984052221526522,-29.904313329159123
0.48389677935587116,0.24146479394252207,0.482595525007401,-14.98444117709319,-29.906647062559145
0.4840968193638728,0.2384672677064601,0.47661276807112785,-14.984825330739284,-29.908951984435703
0.4842968593718744,0.23546966510458622,0.47062955293998243,-14.985204682464797,-29.911228094788783
0.484496899379876,0.23247198709747963,0.46464588537743623,-14.985579232269737,-29.91347539361844
0.48469693938787756,0.22947423464571504,0.45866177114694295,-14.985948980154102,-29.91569388092462
0.48489697939587917,0.22647640870986896,0.45267721601196875,-14.98631392611789,-29.917883556707352
0.4850970194038808,0.22347851025051657,0.4466922257359496,-14.9866740701611,-29.920044420966605
0.4852970594118824,0.2204805402282357,0.44070680608235335,-14.987029412283736,-29.92217647370242
0.485497099419884,0.21748249960360244,0.434720962814648,-14.987379952485796,-29.924279714914775
0.48569713942788556,0.21448438933719194,0.4287347016962837,-14.987725690767281,-29.92635414460368
0.48589717943588717,0.21148621038958026,0.4227480284907159,-14.988066627128186,-29.928399762769118
0.4860972194438888,0.20848796372134437,0.41676094896139304,-14.988402761568516,-29.930416569411108
0.4862972594518904,0.20548965029306165,0.41077346887179367,-14.98873409408827,-29.932404564529634
0.48649729945989195,0.2024912710653073,0.40478559398536085,-14.989060624687452,-29.93436374812471
0.48669733946789356,0.19949282699865645,0.3987973300655554,-14.989382353366054,-29.936294120196322
0.4868973794758952,0.19649431905368564,0.3928086828758257,-14.989699280124078,-29.938195680744457
0.4870974194838968,0.1934957481909727,0.3868196581796397,-14.990011404961528,-29.94006842976917
0.4872974594918984,0.19049711537109237,0.3808302617404564,-14.990318727878401,-29.941912367270405
0.48749749949989996,0.18749842155462204,0.37484049932173136,-14.990621248874698,-29.943727493248204
0.48769753950790157,0.18449966770213688,0.36885037668691467,-14.990918967950421,-29.94551380770251
0.4878975795159032,0.1815008547742143,0.36285989959947607,-14.991211885105567,-29.94727131063341
0.4880976195239048,0.17850198373142856,0.35686907382285327,-14.991500000340135,-29.949000002040805
0.4882976595319064,0.17550305553435752,0.3508779051205302,-14.991783313654128,-29.950699881924763
0.48849769953990796,0.17250407114357813,0.3448863992559481,-14.992061825047548,-29.95237095028527
0.48869773954790957,0.16950503151966423,0.3388945619925643,-14.992335534520388,-29.954013207122344
0.4888977795559112,0.16650593762319366,0.33290239909383246,-14.992604442072652,-29.95562665243591
0.4890978195639128,0.16350679041474203,0.3269099163232241,-14.99286854770434,-29.95721128622604
0.4892978595719144,0.16050759085488586,0.3209171194441769,-14.993127851415451,-29.958767108492722
0.48949789957991596,0.15750833990420254,0.31492401422017124,-14.993382353205988,-29.960294119235925
0.4896979395879176,0.15450903852326547,0.3089306064146484,-14.993632053075949,-29.961792318455693
0.4898979795959192,0.15150968767265338,0.3029369017910746,-14.993876951025333,-29.963261706151997
0.4900980196039208,0.148510288312941,0.29694290611289453,-14.99411704705414,-29.96470228232485
0.4902980596119224,0.14551084140470572,0.2909486251435762,-14.99435234116237,-29.966114046974226
0.49049809961992397,0.1425113479085236,0.28495406464658046,-14.994582833350028,-29.967497000100167
0.4906981396279256,0.13951180878497027,0.27895923038536097,-14.994808523617108,-29.968851141702643
0.4908981796359272,0.13651222499462135,0.27296412812336257,-14.995029411963609,-29.97017647178164
0.4910982196439288,0.1335125974980551,0.26696876362405675,-14.995245498389536,-29.97147299033722
0.4912982596519304,0.13051292725584585,0.26097314265089366,-14.995456782894886,-29.972740697369304
0.49149829965993197,0.12751321522857184,0.2549772709673448,-14.99566326547966,-29.973979592877967
0.4916983396679336,0.12451346237680694,0.24898115433685675,-14.995864946143861,-29.975189676863152
0.4918983796759352,0.12151366966112809,0.24298479852288324,-14.996061824887482,-29.976370949324902
0.4920984196839368,0.11851383804211268,0.23698820928888686,-14.996253901710528,-29.977523410263174
0.49229845969193836,0.11551396848033635,0.23099139239831956,-14.996441176612997,-29.978647059677996
0.49249849969994,0.11251406193637425,0.22499435361464393,-14.996623649594893,-29.97974189756934
0.4926985397079416,0.10951411937080424,0.2189970987013261,-14.99680132065621,-29.980807923937277
0.4928985797159432,0.10651414174420148,0.21299963342180028,-14.996974189796951,-29.981845138781708
0.4930986197239448,0.10351413001714294,0.20700196353954148,-14.997142257017117,-29.98285354210269
0.49329865973194637,0.10051408515020421,0.20100409481800696,-14.997305522316704,-29.983833133900234
0.493498699739948,0.09751400810396138,0.1950060330206469,-14.997463985695717,-29.9847839141743
0.4936987397479496,0.09451389983899094,0.18900778391092743,-14.997617647154156,-29.985705882924947
0.4938987797559512,0.09151376131586986,0.18300935325229695,-14.997766506692017,-29.9865990401521
0.4940988197639528,0.08851359349517463,0.17701074680821094,-14.997910564309302,-29.98746338585582
0.49429885977195437,0.08551339733747909,0.17101197034213378,-14.998049820006008,-29.988298920036044
0.494498899779956,0.08251317380336154,0.16501302961752806,-14.998184273782144,-29.989105642692863
0.4946989397879576,0.07951292385339759,0.15901393039784217,-14.9983139256377,-29.98988355382619
0.4948989797959592,0.07651264844816286,0.15301467844652805,-14.998438775572678,-29.99063265343605
0.4950990198039608,0.07351234854823518,0.14701527952705717,-14.998558823587082,-29.991352941522493
0.49529905981196237,0.07051202511419064,0.1410157394028797,-14.99867406968091,-29.99204441808544
0.495499099819964,0.06751167910660305,0.13501606383745468,-14.99878451385416,-29.99270708312497
0.4956991398279656,0.06451131148605116,0.12901625859424293,-14.998890156106839,-29.99334093664102
0.4958991798359672,0.061510923213108804,0.12301632943668395,-14.998990996438936,-29.99394597863362
0.4960992198439688,0.05851051524835471,0.11701628212825987,-14.999087034850458,-29.994522209102755
0.4962992598519704,0.05551008855236539,0.11101612243241199,-14.999178271341405,-29.99506962804844
0.496499299859972,0.05250964408571468,0.10501585611261177,-14.999264705911779,-29.995588235470663
0.4966993398679736,0.049509182808979535,0.09901548893229872,-14.999346338561573,-29.99607803136945
0.4968993798759752,0.04650870568273735,0.09301502665493544,-14.999423169290791,-29.996539015744744
0.4970994198839768,0.04350821366756241,0.08701447504397919,-14.999495198099432,-29.996971188596575
0.4972994598919784,0.04050770772403389,0.08101383986290323,-14.999562424987497,-29.997374549924984
0.49749949989998,0.037507188812724745,0.07501312687514883,-14.999624849954985,-29.997749099729916
0.4976995399079816,0.034506657894213255,0.06901234184417504,-14.999682473001902,-29.99809483801141
0.4978995799159832,0.03150611592907504,0.06301149053344268,-14.99973529412824,-29.99841176476943
0.49809961992398477,0.02850556387788794,0.0570105787064108,-14.999783313334001,-29.99869988000401
0.4982996599319864,0.025505002701225354,0.05100961212653132,-14.999826530619186,-29.998959183715115
0.498499699939988,0.022504433359664233,0.0450085965572633,-14.999864945983798,-29.999189675902784
0.4986997399479896,0.019503856813781528,0.03900753776206756,-14.99989855942783,-29.999391356566974
0.4988997799559912,0.016503274024153747,0.033006441504394246,-14.999927370951287,-29.9995642257077
0.4990998199639928,0.013502685951356508,0.027005313547705967,-14.999951380554165,-29.999708283324992
0.4992998599719944,0.010502093555965875,0.02100415965545821,-14.999970588236469,-29.999823529418805
0.499499899979996,0.007501497798559242,0.015002985591111795,-14.999984993998197,-29.999909963989197
0.4996999399879976,0.004500899639711342,0.009001797118123989,-14.999994597839352,-29.999967587036096
0.4998999799959992,0.001500300039999125,0.003000599999950282,-14.999999399759927,-29.999996398559574
0.5001000200040008,-0.001500300039999125,-0.0030005999999520583,-14.999999399759929,-29.99999639855956
0.5003000600120024,-0.004500899639712674,-0.009001797118131094,-14.99999459783935,-29.999967587036096
0.500500100020004,-0.0075014977985601305,-0.015002985591120677,-14.9999849939982,-29.999909963989182
0.5007001400280056,-0.01050209355596543,-0.02100415965545821,-14.999970588236472,-29.999823529418833
0.5009001800360072,-0.013502685951356952,-0.027005313547705967,-14.999951380554167,-29.999708283325006
0.5011002200440088,-0.01650327402415419,-0.033006441504399575,-14.999927370951283,-29.999564225707715
0.5013002600520104,-0.01950385681378286,-0.03900753776207111,-14.999898559427827,-29.999391356566974
0.501500300060012,-0.022504433359663345,-0.045008596557261527,-14.999864945983795,-29.99918967590277
0.5017003400680136,-0.025505002701223578,-0.05100961212653132,-14.999826530619188,-29.998959183715115
0.5019003800760152,-0.028505563877888385,-0.057010578706412574,-14.999783313334,-29.998699880003997
0.5021004200840168,-0.03150611592907593,-0.06301149053344979,-14.999735294128238,-29.99841176476943
0.5023004600920185,-0.03450665789421459,-0.06901234184418037,-14.9996824730019,-29.99809483801141
0.50250050010002,-0.037507188812725634,-0.07501312687514705,-14.999624849954989,-29.997749099729944
0.5027005401080216,-0.040507707724032116,-0.08101383986289967,-14.9995624249875,-29.997374549924984
0.5029005801160232,-0.043508213667562856,-0.08701447504398097,-14.999495198099433,-29.99697118859659
0.5031006201240248,-0.04650870568273735,-0.09301502665493722,-14.999423169290788,-29.99653901574473
0.5033006601320265,-0.04950918280898087,-0.09901548893229695,-14.999346338561569,-29.99607803136942
0.503500700140028,-0.052509644085714235,-0.10501585611260644,-14.999264705911775,-29.995588235470663
0.5037007401480296,-0.0555100885523645,-0.11101612243241554,-14.999178271341407,-29.99506962804844
0.5039007801560312,-0.05851051524835471,-0.11701628212825632,-14.999087034850461,-29.99452220910277
0.5041008201640328,-0.061510923213108804,-0.12301632943668572,-14.998990996438936,-29.993945978633604
0.5043008601720345,-0.0645113114860516,-0.12901625859424293,-14.998890156106835,-29.993340936641005
0.504500900180036,-0.0675116791066035,-0.13501606383745646,-14.998784513854162,-29.992707083124955
0.5047009401880376,-0.07051202511418841,-0.14101573940288148,-14.998674069680911,-29.992044418085456
0.5049009801960392,-0.07351234854823563,-0.14701527952705895,-14.998558823587082,-29.991352941522493
0.5051010202040408,-0.07651264844816286,-0.1530146784465316,-14.998438775572678,-29.99063265343608
0.5053010602120425,-0.07951292385339759,-0.15901393039783684,-14.998313925637698,-29.989883553826203
0.505501100220044,-0.08251317380336243,-0.1650130296175334,-14.998184273782138,-29.989105642692834
0.5057011402280456,-0.08551339733747776,-0.17101197034213378,-14.998049820006012,-29.98829892003606
0.5059011802360472,-0.08851359349517463,-0.17701074680821627,-14.9979105643093,-29.98746338585579
0.5061012202440488,-0.09151376131587075,-0.1830093532522934,-14.997766506692015,-29.9865990401521
0.5063012602520505,-0.09451389983899272,-0.18900778391093098,-14.997617647154154,-29.985705882924933
0.506501300260052,-0.09751400810396182,-0.19500603302065223,-14.99746398569572,-29.984783914174315
0.5067013402680536,-0.10051408515020288,-0.20100409481800163,-14.997305522316708,-29.983833133900234
0.5069013802760552,-0.10351413001714338,-0.20700196353954325,-14.997142257017117,-29.98285354210269
0.5071014202840568,-0.10651414174420148,-0.21299963342180028,-14.996974189796951,-29.981845138781708
0.5073014602920584,-0.10951411937080335,-0.21899709870132078,-14.996801320656209,-29.980807923937263
0.50750150030006,-0.11251406193637425,-0.22499435361464215,-14.996623649594891,-29.97974189756937
0.5077015403080616,-0.11551396848033502,-0.23099139239831423,-14.996441176613,-29.97864705967801
0.5079015803160633,-0.11851383804211402,-0.23698820928888686,-14.996253901710528,-29.977523410263174
0.5081016203240648,-0.12151366966112676,-0.2429847985228779,-14.996061824887484,-29.976370949324888
0.5083016603320664,-0.12451346237680605,-0.24898115433685675,-14.995864946143858,-29.975189676863152
0.508501700340068,-0.1275132152285705,-0.2549772709673448,-14.995663265479665,-29.973979592877967
0.5087017403480696,-0.13051292725584585,-0.2609731426509043,-14.995456782894887,-29.972740697369318
0.5089017803560713,-0.13351259749805688,-0.2669687636240674,-14.995245498389535,-29.971472990337205
0.5091018203640728,-0.1365122249946218,-0.2729641281233679,-14.995029411963609,-29.970176471781656
0.5093018603720744,-0.13951180878497027,-0.27895923038536274,-14.994808523617102,-29.968851141702615
0.509501900380076,-0.1425113479085236,-0.28495406464658046,-14.994582833350025,-29.967497000100153
0.5097019403880776,-0.1455108414047066,-0.290948625143578,-14.99435234116237,-29.966114046974226
0.5099019803960793,-0.14851028831294233,-0.29694290611289453,-14.99411704705414,-29.964702282324836
0.5101020204040808,-0.15150968767265294,-0.30293690179106925,-14.993876951025332,-29.963261706151997
0.5103020604120824,-0.15450903852326503,-0.30893060641464665,-14.993632053075947,-29.961792318455707
0.510502100420084,-0.15750833990420254,-0.31492401422016947,-14.99338235320599,-29.96029411923594
0.5107021404280856,-0.16050759085488586,-0.3209171194441769,-14.993127851415453,-29.958767108492708
0.5109021804360873,-0.16350679041474248,-0.32690991632322053,-14.99286854770434,-29.957211286226027
0.5111022204440888,-0.16650593762319366,-0.3329023990938289,-14.99260444207265,-29.95562665243591
0.5113022604520904,-0.16950503151966423,-0.3388945619925643,-14.992335534520384,-29.954013207122316
0.511502300460092,-0.17250407114357813,-0.34488639925595166,-14.992061825047545,-29.95237095028527
0.5117023404680936,-0.1755030555343584,-0.35087790512053374,-14.991783313654128,-29.950699881924777
0.5119023804760953,-0.17850198373143034,-0.3568690738228675,-14.991500000340135,-29.94900000204082
0.5121024204840968,-0.1815008547742143,-0.36285989959947784,-14.991211885105566,-29.947271310633383
0.5123024604920984,-0.18449966770213733,-0.3688503766869218,-14.99091896795042,-29.945513807702525
0.5125025005001,-0.1874984215546216,-0.37484049932172425,-14.990621248874703,-29.943727493248204
0.5127025405081016,-0.1904971153710937,-0.38083026174046,-14.990318727878401,-29.94191236727042
0.5129025805161033,-0.1934957481909727,-0.3868196581796397,-14.99001140496153,-29.940068429769184
0.5131026205241048,-0.19649431905368653,-0.39280868287583104,-14.989699280124077,-29.93819568074447
0.5133026605321064,-0.19949282699865512,-0.39879733006555185,-14.989382353366052,-29.936294120196308
0.513502700540108,-0.20249127106530596,-0.40478559398535907,-14.98906062468745,-29.934363748124696
0.5137027405481096,-0.20548965029306165,-0.41077346887178834,-14.988734094088272,-29.932404564529634
0.5139027805561113,-0.20848796372134526,-0.41676094896139304,-14.98840276156852,-29.930416569411108
0.5141028205641128,-0.21148621038958026,-0.42274802849071236,-14.988066627128186,-29.928399762769118
0.5143028605721144,-0.21448438933719105,-0.4287347016962819,-14.987725690767277,-29.926354144603692
0.514502900580116,-0.21748249960360244,-0.434720962814648,-14.987379952485798,-29.92427971491479
0.5147029405881176,-0.22048054022823615,-0.44070680608236046,-14.987029412283738,-29.922176473702407
0.5149029805961193,-0.22347851025051835,-0.44669222573595135,-14.9866740701611,-29.92004442096659
0.5151030206041208,-0.22647640870986896,-0.4526772160119634,-14.986313926117889,-29.917883556707338
0.5153030606121224,-0.22947423464571415,-0.4586617711469465,-14.985948980154102,-29.91569388092462
0.515503100620124,-0.23247198709747918,-0.46464588537743623,-14.985579232269739,-29.91347539361844
0.5157031406281256,-0.23546966510458578,-0.4706295529399789,-14.9852046824648,-29.91122809478881
0.5159031806361273,-0.23846726770645965,-0.4766127680711243,-14.984825330739284,-29.908951984435703
0.5161032206441288,-0.24146479394252296,-0.48259552500740455,-14.984441177093188,-29.90664706255913
0.5163032606521304,-0.24446224285219742,-0.4885778179853659,-14.98405222152652,-29.904313329159123
0.5165033006601321,-0.24745961347491274,-0.4945596412415476,-14.983658464039276,-29.901950784235652
0.5167033406681336,-0.2504569048500853,-0.5005409890124994,-14.983259904631456,-29.89955942778873
0.5169033806761353,-0.25345411601714396,-0.5065218555347499,-14.982856543303061,-29.89713925981836
0.5171034206841368,-0.25645124601551084,-0.512502235044856,-14.982448380054088,-29.89469028032454
0.5173034606921384,-0.2594482938846112,-0.518482121779364,-14.982035414884535,-29.892212489307212
0.5175035007001401,-0.2624452586638686,-0.5244615099748025,-14.981617647794408,-29.889705886766464
0.5177035407081416,-0.2654421393927029,-0.5304403938677211,-14.98119507878371,-29.887170472702252
0.5179035807161432,-0.26843893511054073,-0.5364187676946628,-14.980767707852433,-29.88460624711459
0.5181036207241448,-0.27143564485680693,-0.5423966256921595,-14.980335535000581,-29.88201321000348
0.5183036607321464,-0.27443226767092543,-0.5483739620967647,-14.979898560228147,-29.879391361368917
0.5185037007401481,-0.27742880259231883,-0.5543507711450317,-14.979456783535145,-29.876740701210863
0.5187037407481496,-0.28042524866040974,-0.560327047073482,-14.979010204921561,-29.874061229529346
0.5189037807561512,-0.28342160491462254,-0.5663027841186619,-14.978558824387402,-29.87135294632442
0.5191038207641528,-0.28641787039438515,-0.5722779765171389,-14.978102641932665,-29.86861585159599
0.5193038607721544,-0.28941404413911265,-0.5782526185054131,-14.977641657557356,-29.865849945344152
0.5195039007801561,-0.2924101251882374,-0.5842267043200664,-14.977175871261469,-29.86305522756882
0.5197039407881576,-0.2954061125811789,-0.5902002281976166,-14.976705283045007,-29.86023169827004
0.5199039807961592,-0.29840200535736106,-0.5961731843746101,-14.976229892907966,-29.857379357447797
0.5201040208041608,-0.3013978025562096,-0.6021455670876037,-14.97574970085035,-29.854498205102104
0.5203040608121624,-0.30439350321714453,-0.6081173705731295,-14.97526470687216,-29.85158824123296
0.5205041008201641,-0.3073891063795946,-0.6140885890677232,-14.974774910973395,-29.848649465840353
0.5207041408281656,-0.3103846110829793,-0.6200592168079417,-14.97428031315405,-29.845681878924296
0.5209041808361672,-0.3133800163667231,-0.6260292480303136,-14.973780913414132,-29.84268548048479
0.5211042208441689,-0.31637532127025425,-0.6319986769713957,-14.973276711753634,-29.83966027052182
0.5213042608521704,-0.31937052483299233,-0.6379674978677272,-14.972767708172558,-29.836606249035356
0.5215043008601721,-0.3223656260943608,-0.6439357049558438,-14.97225390267091,-29.833523416025457
0.5217043408681736,-0.3253606240937845,-0.6499032924722883,-14.971735295248688,-29.830411771492123
0.5219043808761752,-0.3283555178706865,-0.6558702546536104,-14.971211885905888,-29.827271315435326
0.5221044208841769,-0.33135030646449337,-0.6618365857363457,-14.970683674642508,-29.824102047855064
0.5223044608921784,-0.3343449889146255,-0.6678022799570478,-14.970150661458554,-29.820903968751352
0.5225045009001801,-0.33733956426050815,-0.6737673315522379,-14.969612846354028,-29.817677078124177
0.5227045409081816,-0.3403340315415635,-0.6797317347584837,-14.969070229328924,-29.814421375973524
0.5229045809161832,-0.34332838979721725,-0.6856954838123102,-14.968522810383242,-29.81113686229945
0.5231046209241849,-0.3463226380668938,-0.6916585729502671,-14.967970589516984,-29.80782353710191
0.5233046609321864,-0.34931677539001527,-0.6976209964089115,-14.967413566730148,-29.804481400380894
0.5235047009401881,-0.3523108008060074,-0.7035827484247577,-14.966851742022737,-29.80111045213644
0.5237047409481896,-0.3553047133542897,-0.7095438232343554,-14.966285115394754,-29.79771069236854
0.5239047809561912,-0.35829851207428964,-0.7155042150742581,-14.96571368684619,-29.794282121077146
0.5241048209641929,-0.36129219600543117,-0.7214639181810121,-14.96513745637705,-29.7908247382623
0.5243048609721944,-0.3642857641871333,-0.7274229267911387,-14.96455642398734,-29.787338543924037
0.5245049009801961,-0.3672792156588276,-0.7333812351412021,-14.96397058967705,-29.78382353806228
0.5247049409881976,-0.3702725494599317,-0.7393388374677343,-14.963379953446182,-29.780279720677086
0.5249049809961992,-0.37326576462987093,-0.7452957280072781,-14.96278451529474,-29.776707091768415
0.5251050210042009,-0.37625886020807187,-0.7512519009963796,-14.962184275222718,-29.773105651336323
0.5253050610122024,-0.37925183523395534,-0.7572073506715817,-14.961579233230118,-29.769475399380724
0.5255051010202041,-0.3822446887469435,-0.7631620712694165,-14.96096938931695,-29.765816335901704
0.5257051410282056,-0.3852374197864634,-0.7691160570264408,-14.960354743483204,-29.76212846089922
0.5259051810362072,-0.3882300273919368,-0.7750693021791903,-14.95973529572888,-29.758411774373286
0.5261052210442089,-0.39122251060279023,-0.7810218009642078,-14.95911104605398,-29.75466627632389
0.5263052610522104,-0.39421486845844456,-0.7869735476180466,-14.958481994458502,-29.750891966751027
0.5265053010602121,-0.3972070999983255,-0.7929245363772175,-14.957848140942453,-29.74708884565473
0.5267053410682137,-0.40019920426185385,-0.7988747614783058,-14.957209485505825,-29.743256913034926
0.5269053810762152,-0.4031911802884567,-0.804824217157833,-14.956566028148618,-29.7393961688917
0.5271054210842169,-0.4061830271175557,-0.8107728976523276,-14.95591776887084,-29.735506613225027
0.5273054610922184,-0.40917474378857843,-0.8167207971983572,-14.955264707672477,-29.73158824603489
0.5275055011002201,-0.41216632934094344,-0.8226679100324574,-14.954606844553545,-29.727641067321287
0.5277055411082217,-0.41515778281407645,-0.8286142303911603,-14.953944179514039,-29.723665077084235
0.5279055811162232,-0.41814910324740184,-0.8345597525110158,-14.95327671255395,-29.719660275323704
0.5281056211242249,-0.4211402896803431,-0.8405044706285665,-14.952604443673291,-29.71562666203974
0.5283056611322264,-0.4241313411523233,-0.8464483789803552,-14.951927372872053,-29.711564237232324
0.5285057011402281,-0.42712225670276815,-0.8523914718029211,-14.951245500150243,-29.707473000901444
0.5287057411482297,-0.4301130353710989,-0.8583337433328175,-14.950558825507851,-29.7033529530471
0.5289057811562312,-0.43310367619674084,-0.8642751878065731,-14.949867348944885,-29.699204093669323
0.5291058211642329,-0.43609417821911833,-0.8702157994607411,-14.949171070461343,-29.695026422768066
0.5293058611722344,-0.43908454047765355,-0.8761555725318537,-14.948469990057223,-29.690819940343346
0.529505901180236,-0.44207476201177087,-0.8820945012564678,-14.947764107732532,-29.686584646395175
0.5297059411882377,-0.4450648418608969,-0.888032579871119,-14.947053423487258,-29.68232054092354
0.5299059811962392,-0.448054779064448,-0.8939698026123359,-14.946337937321413,-29.678027623928486
0.5301060212042409,-0.45104457266185793,-0.8999061637166967,-14.945617649234986,-29.673705895409924
0.5303060612122424,-0.4540342216925408,-0.905841657420698,-14.944892559227988,-29.669355355367955
0.530506101220244,-0.45702372519592593,-0.911776277960918,-14.944162667300414,-29.664976003802465
0.5307061412282457,-0.4600130822114359,-0.9177100195738817,-14.943427973452266,-29.66056784071357
0.5309061812362472,-0.4630022917784964,-0.923642876496146,-14.942688477683532,-29.656130866101194
0.5311062212442489,-0.4659913529365296,-0.929574842964243,-14.941944179994227,-29.65166507996537
0.5313062612522504,-0.4689802647249559,-0.9355059132147048,-14.941195080384347,-29.64717048230611
0.531506301260252,-0.47196902618320014,-0.9414360814840883,-14.940441178853899,-29.642647073123356
0.5317063412682537,-0.4749576363506951,-0.947365342008947,-14.939682475402861,-29.638094852417183
0.5319063812762552,-0.47794609426685053,-0.9532936890257915,-14.938918970031256,-29.63351382018753
0.5321064212842569,-0.4809343989711028,-0.9592211167712072,-14.93815066273907,-29.6289039764344
0.5323064612922584,-0.48392254950286695,-0.9651476194816908,-14.937377553526307,-29.624265321157864
0.53250650130026,-0.4869105449015718,-0.9710731913938204,-14.93659964239297,-29.619597854357835
0.5327065413082617,-0.48989838420663645,-0.9769978267441175,-14.935816929339062,-29.61490157603437
0.5329065813162632,-0.49288606645749056,-0.9829215197691461,-14.935029414364568,-29.6101764861874
0.5331066213242649,-0.49587359069355186,-0.9888442647054241,-14.934237097469506,-29.605422584817035
0.5333066613322665,-0.49886095595425006,-0.9947660557895155,-14.933439978653858,-29.60063987192315
0.533506701340268,-0.5018481612790024,-1.0006868872579346,-14.932638057917643,-29.595828347505872
0.5337067413482697,-0.5048352057072383,-1.0066067533472491,-14.93183133526085,-29.590988011565116
0.5339067813562712,-0.5078220882783788,-1.0125256482939982,-14.931019810683477,-29.586118864100897
0.5341068213642729,-0.5108088080318476,-1.0184435663347173,-14.93020348418554,-29.581220905113213
0.5343068613722745,-0.5137953640070707,-1.024360501705953,-14.929382355767014,-29.576294134602094
0.534506901380276,-0.5167817552434681,-1.0302764486442513,-14.928556425427917,-29.571338552567482
0.5347069413882777,-0.5197679807804687,-1.0361914013861586,-14.927725693168242,-29.56635415900942
0.5349069813962792,-0.5227540396574923,-1.0421053541681928,-14.926890158987987,-29.56134095392794
0.5351070214042809,-0.525739930913963,-1.0480183012269286,-14.926049822887162,-29.556298937322964
0.5353070614122825,-0.528725653589305,-1.0539302367988874,-14.925204684865758,-29.551228109194554
0.535507101420284,-0.5317112067229415,-1.0598411551206048,-14.924354744923779,-29.54612846954268
0.5357071414282857,-0.5346965893542999,-1.0657510504286627,-14.923500003061221,-29.541000018367356
0.5359071814362872,-0.5376818005227992,-1.071659916959554,-14.922640459278096,-29.535842755668554
0.5361072214442889,-0.5406668392678657,-1.077567748949857,-14.921776113574388,-29.530656681446303
0.5363072614522905,-0.5436517046289224,-1.0834745406361037,-14.920906965950103,-29.5254417957006
0.536507301460292,-0.5466363956453932,-1.0893802862548299,-14.920033016405242,-29.520198098431464
0.5367073414682937,-0.5496209113567021,-1.0952849800425923,-14.919154264939806,-29.514925589638835
0.5369073814762952,-0.552605250802273,-1.1011886162359197,-14.918270711553792,-29.50962426932277
0.5371074214842969,-0.5555894130215293,-1.1070911890713617,-14.917382356247202,-29.504294137483228
0.5373074614922985,-0.5585733970538937,-1.1129926927854612,-14.916489199020038,-29.49893519412022
0.5375075015003,-0.5615572019387898,-1.1188931216147395,-14.915591239872299,-29.493547439233808
0.5377075415083017,-0.5645408267156462,-1.1247924697957785,-14.914688478803981,-29.488130872823902
0.5379075815163032,-0.5675242704238821,-1.1306907315650996,-14.913780915815085,-29.482685494890546
0.5381076215243049,-0.5705075321029218,-1.1365879011592348,-14.912868550905625,-29.477211305433727
0.5383076615323065,-0.5734906107921907,-1.1424839728147518,-14.911951384075575,-29.471708304453458
0.538507701540308,-0.5764735055311094,-1.1483789407681755,-14.911029415324954,-29.46617649194971
0.5387077415483097,-0.5794562153591052,-1.1542727992560522,-14.910102644653758,-29.460615867922527
0.5389077815563112,-0.5824387393155992,-1.1601655425149247,-14.909171072061984,-29.455026432371895
0.5391078215643129,-0.5854210764400194,-1.1660571647813427,-14.90823469754963,-29.449408185297784
0.5393078615723145,-0.5884032257717844,-1.1719476602918348,-14.907293521116703,-29.443761126700238
0.539507901580316,-0.5913851863503177,-1.177837023282951,-14.906347542763204,-29.438085256579214
0.5397079415883177,-0.5943669572150494,-1.1837252479912408,-14.905396762489122,-29.432380574934754
0.5399079815963193,-0.5973485374053977,-1.1896123286532259,-14.904441180294473,-29.426647081766816
0.5401080216043209,-0.6003299259607875,-1.1954982595054737,-14.903480796179245,-29.42088477707543
0.5403080616123225,-0.6033111219206444,-1.20138303478452,-14.902515610143436,-29.41509366086059
0.540508101620324,-0.6062921243243897,-1.2072666487268968,-14.90154562218705,-29.409273733122305
0.5407081416283257,-0.6092729322114501,-1.213149095569154,-14.900570832310091,-29.403424993860554
0.5409081816363273,-0.6122535446212445,-1.2190303695478306,-14.899591240512557,-29.397547443075325
0.5411082216443288,-0.6152339605932018,-1.2249104648994837,-14.898606846794443,-29.39164108076666
0.5413082616523305,-0.6182141791667437,-1.2307893758606347,-14.897617651155755,-29.385705906934533
0.541508301660332,-0.6211941993812928,-1.236667096667837,-14.896623653596492,-29.37974192157897
0.5417083416683337,-0.6241740202762767,-1.242543621557644,-14.895624854116651,-29.373749124699913
0.5419083816763353,-0.6271536408911156,-1.248418944766577,-14.894621252716231,-29.36772751629742
0.5421084216843368,-0.6301330602652326,-1.2542930605311824,-14.893612849395247,-29.36167709637145
0.5423084616923385,-0.6331122774380535,-1.2601659630880135,-14.89259964415368,-29.355597864922075
0.54250850170034,-0.6360912914490031,-1.2660376466736096,-14.891581636991532,-29.34948982194919
0.5427085417083417,-0.6390701013375031,-1.271908105524524,-14.890558827908812,-29.343352967452844
0.5429085817163433,-0.6420487061429774,-1.277777333877271,-14.889531216905514,-29.337187301433076
0.5431086217243448,-0.6450271049048495,-1.2836453259684077,-14.88849880398164,-29.330992823889858
0.5433086617323465,-0.6480052966625469,-1.2895120760344874,-14.887461589137189,-29.32476953482316
0.543508701740348,-0.6509832804554878,-1.2953775783120456,-14.886419572372162,-29.318517434232973
0.5437087417483497,-0.6539610553231001,-1.3012418270376216,-14.88537275368656,-29.31223652211939
0.5439087817563513,-0.6569386203048038,-1.307104816447744,-14.884321133080391,-29.305926798482318
0.5441088217643528,-0.6599159744400254,-1.3129665407789837,-14.883264710553636,-29.299588263321795
0.5443088617723545,-0.6628931167681902,-1.3188269942678694,-14.882203486106306,-29.29322091663782
0.544508901780356,-0.6658700463287168,-1.3246861711509403,-14.881137459738401,-29.2868247584304
0.5447089417883577,-0.6688467621610372,-1.3305440656647605,-14.880066631449914,-29.280399788699484
0.5449089817963593,-0.6718232633045664,-1.3364006720458406,-14.878991001240855,-29.273946007445147
0.5451090218043608,-0.6747995487987302,-1.342255984530734,-14.877910569111222,-29.267463414667333
0.5453090618123625,-0.6777756176829577,-1.3481099973560013,-14.87682533506101,-29.260952010366054
0.545509101820364,-0.6807514689966667,-1.3539627047581604,-14.875735299090223,-29.254411794541355
0.5457091418283657,-0.6837271017792861,-1.3598141009737823,-14.874640461198858,-29.24784276719315
0.5459091818363673,-0.6867025150702344,-1.3656641802393743,-14.873540821386918,-29.241244928321535
0.5461092218443688,-0.6896777079089373,-1.3715129367914969,-14.87243637965441,-29.234618277926415
0.5463092618523705,-0.6926526793348202,-1.3773603648666963,-14.87132713600132,-29.227962816007903
0.546509301860372,-0.695627428387307,-1.3832064587015083,-14.870213090427647,-29.221278542565884
0.5467093418683737,-0.6986019541058166,-1.3890512125324825,-14.869094242933407,-29.214565457600415
0.5469093818763753,-0.7015762555297793,-1.3948946205961583,-14.867970593518585,-29.20782356111151
0.5471094218843768,-0.7045503316986164,-1.4007366771290855,-14.866842142183184,-29.201052853099128
0.5473094618923785,-0.7075241816517508,-1.4065773763677925,-14.865708888927212,-29.194253333563296
0.5475095019003801,-0.7104978044286043,-1.4124167125488292,-14.864570833750665,-29.187425002503986
0.5477095419083817,-0.7134711990686053,-1.4182546799087312,-14.86342797665354,-29.18056785992127
0.5479095819163833,-0.7164443646111742,-1.4240912726840484,-14.862280317635847,-29.173681905815045
0.5481096219243848,-0.7194173000957362,-1.4299264851113271,-14.861127856697568,-29.166767140185385
0.5483096619323865,-0.7223900045617162,-1.4357603114270994,-14.859970593838714,-29.159823563032276
0.5485097019403881,-0.7253624770485341,-1.441592745867922,-14.858808529059285,-29.152851174355703
0.5487097419483897,-0.7283347165956187,-1.4474237826703344,-14.857641662359278,-29.145849974155652
0.5489097819563913,-0.7313067222423895,-1.4532534160708543,-14.856469993738695,-29.138819962432166
0.5491098219643928,-0.7342784930282726,-1.4590816403060636,-14.855293523197535,-29.131761139185215
0.5493098619723945,-0.7372500279926908,-1.4649084496124836,-14.854112250735803,-29.1246735044148
0.5495099019803961,-0.7402213261750674,-1.4707338382266428,-14.852926176353492,-29.117557058120966
0.5497099419883977,-0.74319238661483,-1.476557800385116,-14.851735300050603,-29.110411800303638
0.5499099819963993,-0.7461632083513954,-1.482380330324414,-14.850539621827142,-29.10323773096289
0.5501100220044008,-0.7491337904241924,-1.4882014222811009,-14.84933914168311,-29.096034850098633
0.5503100620124025,-0.7521041318726445,-1.4940210704917192,-14.848133859618496,-29.08880315771097
0.5505101020204041,-0.7550742317361743,-1.4998392691928046,-14.846923775633304,-29.0815426537998
0.5507101420284057,-0.7580440890542071,-1.5056560126208929,-14.845708889727536,-29.07425333836521
0.5509101820364073,-0.761013702866165,-1.5114712950125444,-14.84448920190119,-29.066935211407156
0.5511102220444088,-0.7639830722114693,-1.5172851106042842,-14.843264712154273,-29.05958827292565
0.5513102620524105,-0.7669521961295502,-1.5230974536326762,-14.842035420486777,-29.05221252292067
0.5515103020604121,-0.7699210736598254,-1.5289083183342385,-14.840801326898706,-29.044807961392223
0.5517103420684137,-0.7728897038417237,-1.5347176989455207,-14.839562431390057,-29.03737458834037
0.5519103820764153,-0.7758580857146651,-1.5405255897030692,-14.83831873396084,-29.02991240376501
0.5521104220844169,-0.7788262183180752,-1.5463319848434338,-14.837070234611037,-29.022421407666215
0.5523104620924185,-0.7817941006913767,-1.5521368786031502,-14.835816933340663,-29.014901600043956
0.5525105021004201,-0.7847617318739952,-1.557940265218761,-14.834558830149707,-29.007352980898247
0.5527105421084216,-0.7877291109053512,-1.5637421389268091,-14.833295925038179,-28.99977555022906
0.5529105821164233,-0.7906962368248722,-1.5695424939638372,-14.832028218006073,-28.992169308036452
0.5531106221244249,-0.793663108671979,-1.5753413245663843,-14.830755709053392,-28.98453425432035
0.5533106621324265,-0.7966297254860977,-1.581138624971004,-14.829478398180136,-28.9768703890808
0.5535107021404281,-0.79959608630665,-1.5869343894142212,-14.828196285386301,-28.969177712317816
0.5537107421484296,-0.8025621901730604,-1.5927286121325963,-14.826909370671892,-28.961456224031366
0.5539107821564313,-0.8055280361247554,-1.5985212873626509,-14.825617654036904,-28.953705924221467
0.5541108221644329,-0.8084936232011546,-1.6043124093409524,-14.824321135481348,-28.94592681288806
0.5543108621724345,-0.8114589504416836,-1.6101019723040224,-14.82301981500521,-28.938118890031276
0.5545109021804361,-0.8144240168857646,-1.6158899704884284,-14.821713692608498,-28.930282155650957
0.5547109421884376,-0.8173888215728233,-1.6216763981306848,-14.820402768291206,-28.92241660974723
0.5549109821964393,-0.8203533635422846,-1.6274612494673555,-14.81908704205334,-28.914522252320026
0.5551110222044409,-0.8233176418335697,-1.6332445187349691,-14.817766513894895,-28.906599083369386
0.5553110622124425,-0.8262816554861048,-1.639026200170079,-14.816441183815876,-28.898647102895268
0.5555111022204441,-0.8292454035393098,-1.6448062880092174,-14.815111051816281,-28.890666310897686
0.5557111422284456,-0.8322088850326099,-1.6505847764889232,-14.813776117896111,-28.882656707376682
0.5559111822364473,-0.8351720990054332,-1.6563616598457536,-14.81243638205537,-28.8746182923322
0.5561112222444489,-0.8381350444971973,-1.6621369323162476,-14.811091844294047,-28.86655106576427
0.5563112622524505,-0.8410977205473298,-1.667910588136948,-14.80974250461215,-28.858455027672875
0.5565113022604521,-0.844060126195255,-1.6736826215444047,-14.80838836300967,-28.850330178058016
0.5567113422684536,-0.8470222604803928,-1.6794530267751355,-14.807029419486618,-28.842176516919693
0.5569113822764553,-0.849984122442172,-1.685221798065708,-14.805665674042988,-28.83399404425792
0.5571114222844569,-0.8529457111200092,-1.6909889296526472,-14.804297126678787,-28.825782760072713
0.5573114622924585,-0.8559070255533374,-1.69675441577251,-14.802923777394003,-28.817542664364026
0.5575115023004601,-0.8588680647815718,-1.7025182506618357,-14.801545626188648,-28.80927375713189
0.5577115423084616,-0.8618288278441413,-1.7082804285571527,-14.800162673062715,-28.80097603837632
0.5579115823164633,-0.8647893137804687,-1.714040943695018,-14.798774918016207,-28.79264950809727
0.5581116223244649,-0.8677495216299778,-1.719799790311967,-14.797382361049127,-28.784294166294742
0.5583116623324665,-0.8707094504320918,-1.72555696264455,-14.795985002161466,-28.775910012968808
0.5585117023404681,-0.873669099226233,-1.7313124549293164,-14.794582841353229,-28.767497048119353
0.5587117423484697,-0.8766284670518285,-1.7370662614027879,-14.793175878624414,-28.75905527174649
0.5589117823564713,-0.8795875529482986,-1.7428183763015106,-14.791764113975027,-28.750584683850164
0.5591118223644729,-0.8825463559550686,-1.7485687938620487,-14.790347547405062,-28.742085284430374
0.5593118623724745,-0.8855048751115655,-1.754317508320927,-14.788926178914519,-28.73355707348712
0.5595119023804761,-0.8884631094572084,-1.7600645139146849,-14.7875000085034,-28.7250000510204
0.5597119423884777,-0.8914210580314235,-1.7658098048798863,-14.786069036171703,-28.716414217030234
0.5599119823964793,-0.8943787198736342,-1.7715533754530348,-14.784633261919438,-28.707799571516617
0.5601120224044809,-0.8973360940232604,-1.7772952198707088,-14.783192685746595,-28.69915611447955
0.5603120624124825,-0.9002931795197324,-1.783035332369444,-14.781747307653173,-28.69048384591902
0.5605121024204841,-0.9032499754024701,-1.7887737071857792,-14.780297127639173,-28.681782765835024
0.5607121424284857,-0.9062064807108978,-1.7945103385562504,-14.778842145704598,-28.673052874227565
0.5609121824364873,-0.9091626944844418,-1.8002452207174144,-14.777382361849444,-28.66429417109667
0.5611122224444889,-0.9121186157625214,-1.8059783479057927,-14.775917776073715,-28.6555066564423
0.5613122624524906,-0.9150742435845625,-1.8117097143579421,-14.774448388377415,-28.64669033026449
0.5615123024604921,-0.9180295769899898,-1.817439314310409,-14.772974198760533,-28.63784519256322
0.5617123424684937,-0.9209846150182255,-1.8231671419997362,-14.771495207223076,-28.628971243338484
0.5619123824764953,-0.9239393567086953,-1.828893191662452,-14.770011413765044,-28.6200684825903
0.5621124224844969,-0.9268938011008192,-1.8346174575350922,-14.768522818386444,-28.61113691031865
0.5623124624924986,-0.9298479472340255,-1.840339933854242,-14.767029421087262,-28.602176526523564
0.5625125025005001,-0.9328017941477365,-1.8460606148564125,-14.765531221867498,-28.593187331204973
0.5627125425085017,-0.9357553408813737,-1.8517794947781425,-14.764028220727162,-28.584169324362975
0.5629125825165033,-0.938708586474363,-1.8574965678559856,-14.762520417666252,-28.5751225059975
0.5631126225245049,-0.94166152996613,-1.863211828326481,-14.76100781268476,-28.566046876108587
0.5633126625325064,-0.9446141703960951,-1.8689252704261783,-14.759490405782692,-28.556942434696168
0.5635127025405081,-0.9475665068036823,-1.8746368883916134,-14.757968196960054,-28.547809181760314
0.5637127425485097,-0.9505185382283163,-1.8803466764593182,-14.756441186216836,-28.53864711730104
0.5639127825565113,-0.9534702637094212,-1.8860546288658462,-14.754909373553051,-28.52945624131827
0.5641128225645129,-0.9564216822864227,-1.8917607398477543,-14.753372758968677,-28.520236553812055
0.5643128625725145,-0.9593727929987379,-1.8974650036415568,-14.751831342463735,-28.510988054782416
0.5645129025805161,-0.9623235948857993,-1.9031674144838249,-14.75028512403821,-28.50171074422927
0.5647129425885177,-0.9652740869870242,-1.90886796661108,-14.748734103692112,-28.492404622152662
0.5649129825965193,-0.96822426834184,-1.9145666542598825,-14.747178281425438,-28.483069688552604
0.5651130226045209,-0.9711741379896663,-1.9202634716667433,-14.745617657238189,-28.473705943429138
0.5653130626125225,-0.974123694969931,-1.9259584130682406,-14.744052231130361,-28.46431338678218
0.5655131026205241,-0.9770729383220571,-1.9316514727009029,-14.742482003101959,-28.45489201861176
0.5657131426285257,-0.9800218670854659,-1.9373426448012658,-14.740906973152981,-28.4454418389179
0.5659131826365273,-0.9829704802995858,-1.9430319236058757,-14.739327141283425,-28.43596284770058
0.5661132226445289,-0.9859187770038371,-1.9487193033512824,-14.737742507493298,-28.426455044959766
0.5663132626525305,-0.9888667562376421,-1.954404778274018,-14.736153071782592,-28.416918430695546
0.5665133026605321,-0.9918144170404295,-1.9600883426106464,-14.734558834151308,-28.407353004907833
0.5667133426685337,-0.994761758451618,-1.965769990597689,-14.732959794599449,-28.397758767596684
0.5669133826765353,-0.9977087795106341,-1.9714497164716853,-14.731355953127014,-28.388135718762086
0.5671134226845369,-1.000655479256901,-1.977127514469192,-14.729747309734002,-28.378483858404024
0.5673134626925385,-1.0036018567298424,-1.9828033788267483,-14.728133864420414,-28.368803186522484
0.5675135027005401,-1.0065479109688846,-1.988477303780897,-14.726515617186248,-28.359093703117495
0.5677135427085417,-1.0094936410134472,-1.9941492835681842,-14.724892568031507,-28.349355408189055
0.5679135827165434,-1.012439045902958,-1.999819312425135,-14.723264716956194,-28.33958830173715
0.5681136227245449,-1.0153841246768347,-2.0054873845883066,-14.721632063960303,-28.329792383761813
0.5683136627325465,-1.0183288763745062,-2.011153494294245,-14.719994609043834,-28.31996765426301
0.5685137027405481,-1.021273300035396,-2.016817635779482,-14.71835235220679,-28.310114113240743
0.5687137427485497,-1.0242173946989244,-2.022479803280568,-14.71670529344917,-28.300231760695
0.5689137827565514,-1.0271611594045225,-2.028139991034049,-14.715053432770969,-28.290320596625833
0.5691138227645529,-1.0301045931916035,-2.03379819327645,-14.7133967701722,-28.28038062103319
0.5693138627725545,-1.0330476950996017,-2.0394544042443385,-14.711735305652844,-28.270411833917095
0.5695139027805561,-1.0359904641679347,-2.045108618174236,-14.710069039212918,-28.260414235277537
0.5697139427885577,-1.038932899436026,-2.050760829302689,-14.708397970852417,-28.250387825114544
0.5699139827965594,-1.0418749999433015,-2.0564110318662507,-14.70672210057134,-28.240332603428072
0.5701140228045609,-1.0448167647291848,-2.062059220101446,-14.705041428369693,-28.230248570218137
0.5703140628125625,-1.047758192833098,-2.067705388244846,-14.703355954247463,-28.220135725484752
0.5705141028205641,-1.050699283294469,-2.0733495305329654,-14.701665678204655,-28.209994069227918
0.5707141428285657,-1.0536400351527169,-2.0789916412023572,-14.699970600241272,-28.199823601447633
0.5709141828365674,-1.0565804474472675,-2.0846317144895643,-14.698270720357314,-28.189624322143885
0.5711142228445689,-1.059520519217545,-2.090269744631133,-14.696566038552778,-28.179396231316687
0.5713142628525705,-1.06246024950297,-2.095905725863595,-14.69485655482767,-28.16913932896601
0.5715143028605721,-1.0653996373429728,-2.101539652423508,-14.69314226918198,-28.158853615091886
0.5717143428685737,-1.0683386817769698,-2.1071715185474,-14.691423181615718,-28.148539089694324
0.5719143828765754,-1.0712773818443901,-2.112801318471824,-14.689699292128886,-28.13819575277327
0.5721144228845769,-1.074215736584656,-2.1184290464333166,-14.687970600721467,-28.127823604328796
0.5723144628925785,-1.0771537450371902,-2.1240546966684235,-14.686237107393474,-28.117422644360857
0.5725145029005801,-1.0800914062414178,-2.1296782634137017,-14.684498812144906,-28.106992872869426
0.5727145429085817,-1.0830287192367596,-2.135299740905655,-14.682755714975762,-28.09653428985456
0.5729145829165834,-1.0859656830626445,-2.140919123380865,-14.68100781588604,-28.08604689531623
0.5731146229245849,-1.0889022967584916,-2.146536405075846,-14.679255114875744,-28.075530689254478
0.5733146629325865,-1.0918385593637252,-2.152151580227166,-14.677497611944872,-28.06498567166925
0.5735147029405882,-1.0947744699177733,-2.1577646430713493,-14.675735307093422,-28.054411842560555
0.5737147429485897,-1.0977100274600522,-2.163375587844939,-14.6739682003214,-28.043809201928426
0.5739147829565914,-1.1006452310299957,-2.1689844087844925,-14.672196291628797,-28.03317774977282
0.5741148229645929,-1.1035800796670214,-2.174591100126541,-14.670419581015622,-28.02251748609372
0.5743148629725945,-1.106514572410549,-2.180195656107621,-14.668638068481872,-28.011828410891226
0.5745149029805962,-1.109448708300012,-2.185798070964303,-14.66685175402754,-28.001110524165227
0.5747149429885977,-1.112382486374825,-2.1913983389330873,-14.665060637652637,-27.99036382591582
0.5749149829965993,-1.115315905674417,-2.1969964542505522,-14.663264719357155,-27.979588316142937
0.5751150230046009,-1.1182489652382137,-2.2025924111532227,-14.661463999141095,-27.96878399484659
0.5753150630126025,-1.1211816641056318,-2.2081862038776414,-14.659658477004463,-27.957950862026777
0.5755151030206042,-1.1241140013161033,-2.213777826660369,-14.657848152947249,-27.9470889176835
0.5757151430286057,-1.1270459759090445,-2.219367273737923,-14.656033026969464,-27.936198161816804
0.5759151830366073,-1.1299775869238835,-2.224954539346861,-14.654213099071107,-27.92527859442663
0.5761152230446089,-1.1329088334000437,-2.2305396177237213,-14.652388369252169,-27.914330215513004
0.5763152630526105,-1.1358397143769476,-2.236122503105051,-14.650558837512651,-27.903353025075916
0.5765153030606122,-1.1387702288940194,-2.241703189727385,-14.648724503852563,-27.892347023115377
0.5767153430686137,-1.141700375990684,-2.2472816718272774,-14.646885368271892,-27.881312209631346
0.5769153830766153,-1.1446301547063622,-2.25285794364126,-14.64504143077065,-27.870248584623894
0.5771154230846169,-1.1475595640804803,-2.2584319994058717,-14.643192691348833,-27.859156148092993
0.5773154630926185,-1.1504886031524615,-2.264003833357666,-14.641339150006438,-27.848034900038627
0.5775155031006202,-1.1534172709617314,-2.2695734397331826,-14.639480806743464,-27.836884840460797
0.5777155431086217,-1.156345566547711,-2.275140812768967,-14.637617661559915,-27.825705969359518
0.5779155831166233,-1.1592734889498244,-2.280705946701552,-14.635749714455798,-27.814498286734747
0.5781156231246249,-1.162201037207498,-2.286268835767487,-14.633876965431096,-27.803261792586554
0.5783156631326265,-1.1651282103601526,-2.291829474203322,-14.631999414485819,-27.791996486914897
0.5785157031406282,-1.1680550074472125,-2.297387856245578,-14.630117061619966,-27.78070236971979
0.5787157431486297,-1.1709814275081003,-2.3029439761308197,-14.628229906833539,-27.769379441001234
0.5789157831566313,-1.1739074695822431,-2.3084978280955823,-14.626337950126533,-27.758027700759214
0.579115823164633,-1.1768331327090635,-2.314049406376405,-14.624441191498953,-27.74664714899373
0.5793158631726345,-1.179758415927985,-2.319598705209838,-14.622539630950794,-27.73523778570477
0.5795159031806362,-1.1826833182784307,-2.3251457188324167,-14.62063326848206,-27.723799610892357
0.5797159431886377,-1.185607838799824,-2.3306904414806873,-14.61872210409275,-27.71233262455651
0.5799159831966393,-1.1885319765315883,-2.336232867391171,-14.616806137782874,-27.700836826697227
0.580116023204641,-1.191455730513153,-2.341772990800454,-14.614885369552407,-27.689312217314438
0.5803160632126425,-1.1943790997839332,-2.3473108059450425,-14.61295979940137,-27.677758796408227
0.5805161032206442,-1.1973020833833576,-2.3528463070614976,-14.611029427329758,-27.66617656397854
0.5807161432286457,-1.2002246803508498,-2.358379488386362,-14.609094253337567,-27.654565520025372
0.5809161832366473,-1.2031468897258337,-2.3639103441561673,-14.607154277424797,-27.642925664548784
0.581116223244649,-1.2060687105477337,-2.369438868607464,-14.605209499591453,-27.631256997548718
0.5813162632526505,-1.2089901418559696,-2.37496505597678,-14.603259919837534,-27.61955951902523
0.5815163032606522,-1.211911182689967,-2.3804889005006764,-14.601305538163043,-27.607833228978265
0.5817163432686537,-1.2148318320891525,-2.386010396415692,-14.59934635456797,-27.59607812740785
0.5819163832766553,-1.2177520890929463,-2.3915295379583625,-14.59738236905233,-27.584294214313942
0.582116423284657,-1.2206719527407768,-2.397046319365238,-14.595413581616103,-27.5724814896966
0.5823164632926585,-1.2235914220720612,-2.4025607348728535,-14.593439992259306,-27.56063995355582
0.5825165033006602,-1.2265104961262288,-2.4080727787177523,-14.59146160098193,-27.54876960589158
0.5827165433086617,-1.2294291739427,-2.4135824451365018,-14.589478407783979,-27.53687044670386
0.5829165833166633,-1.2323474545609008,-2.419089728365609,-14.58749041266545,-27.524942475992702
0.583116623324665,-1.2352653370202544,-2.4245946226416244,-14.585497615626345,-27.512985693758097
0.5833166633326665,-1.2381828203601826,-2.4300971222011043,-14.583500016666665,-27.5010001
0.5835167033406682,-1.2410999036201131,-2.435597221280588,-14.581497615786407,-27.48898569471845
0.5837167433486697,-1.2440165858394656,-2.441094914116615,-14.579490412985574,-27.476942477913454
0.5839167833566713,-1.2469328660576648,-2.4465901949457134,-14.577478408264174,-27.46487044958502
0.584116823364673,-1.2498487433141383,-2.4520830580044404,-14.575461601622187,-27.452769609733124
0.5843168633726745,-1.2527642166483046,-2.45757349752936,-14.573439993059626,-27.44063995835775
0.5845169033806762,-1.2556792850995908,-2.4630615077569793,-14.57141358257649,-27.428481495458925
0.5847169433886777,-1.2585939477074195,-2.468547082923852,-14.569382370172775,-27.416294221036637
0.5849169833966793,-1.2615082035112133,-2.474030217266524,-14.567346355848485,-27.404078135090913
0.585117023404681,-1.264422051550401,-2.4795109050215416,-14.565305539603617,-27.39183323762171
0.5853170634126825,-1.267335490864399,-2.4849891404254407,-14.563259921438174,-27.379559528629073
0.5855171034206842,-1.2702485204926353,-2.490464917714764,-14.56120950135216,-27.367257008112972
0.5857171434286857,-1.2731611394745332,-2.495938231126054,-14.559154279345563,-27.35492567607342
0.5859171834366873,-1.2760733468495156,-2.5014090748958537,-14.557094255418402,-27.342565532510378
0.586117223444689,-1.2789851416570102,-2.50687744326072,-14.555029429570652,-27.330176577423885
0.5863172634526905,-1.2818965229364343,-2.5123433304571705,-14.55295980180233,-27.31775881081397
0.5865173034606921,-1.284807489727216,-2.5178067307217624,-14.55088537211343,-27.305312232680592
0.5867173434686938,-1.2877180410687785,-2.5232676382910384,-14.548806140503956,-27.29283684302375
0.5869173834766953,-1.290628176000543,-2.5287260474015447,-14.546722106973906,-27.280332641843444
0.587117423484697,-1.293537893561938,-2.534181952289817,-14.544633271523278,-27.267799629139674
0.5873174634926985,-1.2964471927923853,-2.539635347192391,-14.542539634152071,-27.25523780491244
0.5875175035007001,-1.299356072731305,-2.545086226345827,-14.540441194860293,-27.24264716916177
0.5877175435087018,-1.3022645324181266,-2.55053458398665,-14.538337953647936,-27.230027721887637
0.5879175835167033,-1.3051725708922666,-2.555980414351403,-14.536229910515015,-27.21737946309007
0.588117623524705,-1.3080801871931582,-2.561423711676646,-14.534117065461505,-27.204702392769022
0.5883176635327065,-1.3109873803602188,-2.5668644701989187,-14.53199941848742,-27.19199651092451
0.5885177035407081,-1.3138941494328717,-2.5723026841547423,-14.52987696959276,-27.17926181755655
0.5887177435487098,-1.3168004934505468,-2.577738347780695,-14.527749718777521,-27.166498312665112
0.5889177835567113,-1.3197064114526604,-2.583171455313284,-14.525617666041708,-27.153705996250252
0.589117823564713,-1.3226119024786387,-2.5886020009890593,-14.523480811385323,-27.14088486831193
0.5893178635727145,-1.3255169655679087,-2.594029979044585,-14.521339154808356,-27.12803492885014
0.5895179035807161,-1.3284215997598912,-2.5994553837163785,-14.519192696310814,-27.115156177864918
0.5897179435887178,-1.3313258040940106,-2.6048782092409937,-14.517041435892697,-27.102248615356217
0.5899179835967193,-1.3342295776096886,-2.610298449854973,-14.514885373554012,-27.089312241324038
0.590118023604721,-1.337132919346356,-2.615716099794877,-14.512724509294738,-27.076347055768395
0.5903180636127225,-1.340035828343427,-2.6211311532972097,-14.510558843114893,-27.063353058689344
0.5905181036207241,-1.34293830364033,-2.626543604598531,-14.508388375014473,-27.050330250086844
0.5907181436287258,-1.3458403442764908,-2.6319534479354054,-14.506213104993474,-27.037278629960838
0.5909181836367273,-1.3487419492913313,-2.6373606775443506,-14.504033033051897,-27.024198198311396
0.591118223644729,-1.351643117724274,-2.6427652876619057,-14.501848159189748,-27.011088955138504
0.5913182636527305,-1.3545438486147434,-2.6481672725246277,-14.499658483407021,-26.997950900442135
0.5915183036607321,-1.357444141002163,-2.653566626369056,-14.49746400570372,-26.98478403422233
0.5917183436687338,-1.3603439939259596,-2.6589633434317363,-14.495264726079839,-26.971588356479046
0.5919183836767353,-1.3632434064255508,-2.664357417949187,-14.493060644535394,-26.95836386721234
0.592118423684737,-1.3661423775403687,-2.6697488441579935,-14.49085176107036,-26.945110566422144
0.5923184636927386,-1.369040906309829,-2.675137616294659,-14.488638075684754,-26.931828454108526
0.5925185037007401,-1.3719389917733595,-2.6805237285957517,-14.48641958837857,-26.9185175302714
0.5927185437087418,-1.3748366329703856,-2.6859071752978103,-14.484196299151808,-26.905177794910827
0.5929185837167433,-1.3777338289403263,-2.6912879506373564,-14.481968208004474,-26.891809248026846
0.593118623724745,-1.3806305787226112,-2.696666048850961,-14.479735314936558,-26.878411889619358
0.5933186637327466,-1.383526881356655,-2.7020414641751422,-14.477497619948075,-26.864985719688462
0.5935187037407481,-1.386422735881891,-2.7074141908464604,-14.475255123039009,-26.85153073823409
0.5937187437487498,-1.38931814133774,-2.7127842231014583,-14.473007824209368,-26.838046945256238
0.5939187837567513,-1.3922130967636246,-2.718151555176668,-14.470755723459156,-26.82453434075491
0.594118823764753,-1.3951076011989683,-2.723516181308625,-14.468498820788366,-26.810992924730172
0.5943188637727546,-1.3980016536831972,-2.7288780957339007,-14.466237116196993,-26.797422697181958
0.5945189037807561,-1.4008952532557295,-2.7342372926890093,-14.463970609685052,-26.783823658110308
0.5947189437887578,-1.4037883989559976,-2.7395937664105148,-14.461699301252526,-26.770195807515165
0.5949189837967593,-1.406681089823416,-2.744947511134935,-14.459423190899432,-26.756539145396616
0.595119023804761,-1.4095733248974174,-2.7502985210988413,-14.457142278625756,-26.74285367175456
0.5953190638127626,-1.4124651032174178,-2.7556467905387514,-14.454856564431509,-26.729139386589054
0.5955191038207641,-1.4153564238228444,-2.760992313691222,-14.452566048316683,-26.715396289900113
0.5957191438287658,-1.4182472857531225,-2.7663350847928,-14.450270730281282,-26.701624381687694
0.5959191838367673,-1.4211376880476747,-2.7716750980799993,-14.44797061032531,-26.687823661951853
0.596119223844769,-1.4240276297459245,-2.7770123477894018,-14.445665688448756,-26.67399413069252
0.5963192638527706,-1.4269171098872953,-2.782346828157525,-14.443355964651623,-26.660135787909752
0.5965193038607721,-1.4298061275112106,-2.7876785334209337,-14.441041438933915,-26.646248633603477
0.5967193438687738,-1.4326946816570931,-2.7930074578161346,-14.438722111295636,-26.632332667773795
0.5969193838767753,-1.4355827713643707,-2.798333595579706,-14.436397981736775,-26.61838789042065
0.597119423884777,-1.4384703956724652,-2.8036569409481658,-14.434069050257339,-26.60441430154404
0.5973194638927786,-1.4413575536207972,-2.808977488158078,-14.431735316857328,-26.590411901143966
0.5975195039007801,-1.444244244248793,-2.8142952314459677,-14.429396781536742,-26.576380689220457
0.5977195439087818,-1.4471304665958789,-2.819610165048374,-14.427053444295577,-26.562320665773484
0.5979195839167833,-1.4500162197014745,-2.8249222832018503,-14.424705305133845,-26.54823183080302
0.5981196239247849,-1.4529015026050045,-2.830231580142925,-14.42235236405153,-26.534114184309175
0.5983196639327866,-1.4557863143458976,-2.835538050108191,-14.419994621048634,-26.51996772629178
0.5985197039407881,-1.4586706539635683,-2.840841687334123,-14.41763207612517,-26.50579245675101
0.5987197439487898,-1.4615545204974492,-2.8461424860573032,-14.415264729281123,-26.491588375686746
0.5989197839567914,-1.4644379129869591,-2.851440440514274,-14.412892580516502,-26.477355483099018
0.5991198239647929,-1.4673208304715217,-2.856735544941561,-14.410515629831306,-26.463093778987826
0.5993198639727946,-1.4702032719905649,-2.8620277935757095,-14.40813387722553,-26.4488032633532
0.5995199039807961,-1.4730852365835059,-2.8673171806532807,-14.405747322699185,-26.434483936195107
0.5997199439887978,-1.4759667232897762,-2.872603700410796,-14.403355966252256,-26.420135797513552
0.5999199839967994,-1.478847731148793,-2.877887347084794,-14.400959807884764,-26.40575884730856
0.6001200240048009,-1.481728259199981,-2.883168114911829,-14.39855884759669,-26.391353085580135
0.6003200640128026,-1.4846083064827686,-2.888445998128457,-14.396153085388036,-26.376918512328217
0.6005201040208041,-1.487487872036577,-2.8937209909712145,-14.393742521258805,-26.362455127552806
0.6007201440288058,-1.4903669549008285,-2.898993087676633,-14.391327155208998,-26.34796293125396
0.6009201840368074,-1.4932455541149494,-2.9042622824812554,-14.388906987238613,-26.33344192343168
0.6011202240448089,-1.496123668718358,-2.909528569621621,-14.38648201734766,-26.31889210408596
0.6013202640528106,-1.4990012977504854,-2.9147919433342864,-14.384052245536125,-26.30431347321675
0.6015203040608121,-1.5018784402507528,-2.920052397855784,-14.381617671804012,-26.289706030824107
0.6017203440688138,-1.5047550952585835,-2.925309927422674,-14.379178296151323,-26.27506977690797
0.6019203840768154,-1.5076312618133976,-2.930564526271457,-14.37673411857807,-26.260404711468396
0.6021204240848169,-1.5105069389546228,-2.935816188638718,-14.374285139084233,-26.245710834505388
0.6023204640928186,-1.5133821257216873,-2.9410649087610032,-14.371831357669812,-26.23098814601886
0.6025205041008201,-1.5162568211540037,-2.946310680874806,-14.369372774334824,-26.21623664600895
0.6027205441088218,-1.5191310242910046,-2.9515534992167147,-14.366909389079257,-26.20145633447555
0.6029205841168234,-1.5220047341721115,-2.9567933580232655,-14.364441201903112,-26.186647211418688
0.6031206241248249,-1.524877949836747,-2.962030251530983,-14.361968212806392,-26.17180927683836
0.6033206641328266,-1.5277506703243366,-2.9672641739764174,-14.359490421789097,-26.156942530734597
0.6035207041408281,-1.530622894674301,-2.972495119596122,-14.357007828851227,-26.14204697310737
0.6037207441488298,-1.53349462192607,-2.9777230826266283,-14.354520433992775,-26.12712260395668
0.6039207841568314,-1.5363658511190605,-2.982948057304487,-14.352028237213759,-26.112169423282523
0.6041208241648329,-1.5392365812926982,-2.9881700378662117,-14.34953123851416,-26.09718743108496
0.6043208641728346,-1.542106811486411,-2.9933890185483847,-14.347029437893983,-26.082176627363907
0.6045209041808361,-1.5449765407396185,-2.9986049935875414,-14.344522835353228,-26.06713701211936
0.6047209441888378,-1.5478457680917455,-3.0038179572202104,-14.342011430891901,-26.05206858535138
0.6049209841968394,-1.5507144925822152,-3.0090279036829344,-14.339495224509996,-26.03697134705996
0.6051210242048409,-1.553582713250452,-3.014234827212256,-14.336974216207516,-26.021845297245108
0.6053210642128426,-1.5564504291358832,-3.019438722044743,-14.334448405984453,-26.006690435906734
0.6055211042208442,-1.5593176392779258,-3.0246395824169063,-14.33191779384082,-25.991506763044953
0.6057211442288458,-1.5621843427160051,-3.0298374025652883,-14.329382379776614,-25.976294278659708
0.6059211842368474,-1.5650505384895492,-3.0350321767264496,-14.326842163791834,-25.96105298275097
0.6061212242448489,-1.5679162256379797,-3.04022389913694,-14.324297145886469,-25.9457828753188
0.6063212642528506,-1.5707814032007192,-3.045412564033281,-14.321747326060532,-25.93048395636316
0.6065213042608522,-1.5736460702171904,-3.0505981656520085,-14.31919270431402,-25.915156225884118
0.6067213442688538,-1.576510225726821,-3.055780698229693,-14.31663328064693,-25.899799683881582
0.6069213842768554,-1.5793738687690322,-3.060960156002867,-14.31406905505926,-25.884414330355582
0.6071214242848569,-1.5822369983832463,-3.0661365332080663,-14.31150002755102,-25.86900016530612
0.6073214642928586,-1.585099613608894,-3.071309824081844,-14.308926198122197,-25.85355718873319
0.6075215043008602,-1.5879617134853898,-3.076480022860732,-14.306347566772804,-25.838085400636828
0.6077215443088618,-1.5908232970521619,-3.0816471237812735,-14.303764133502835,-25.822584801017
0.6079215843168634,-1.5936843633486353,-3.0868111210800038,-14.301175898312291,-25.80705538987374
0.6081216243248649,-1.596544911414231,-3.091972008993487,-14.298582861201169,-25.791497167207012
0.6083216643328666,-1.5994049402883759,-3.0971297817582624,-14.295985022169468,-25.775910133016794
0.6085217043408682,-1.602264449010491,-3.102284433610855,-14.293382381217192,-25.76029428730314
0.6087217443488698,-1.6051234366200005,-3.1074359587878178,-14.290774938344342,-25.74464963006602
0.6089217843568714,-1.6079819021563289,-3.1125843515256975,-14.288162693550913,-25.728976161305468
0.6091218243648729,-1.6108398446589005,-3.117729606061033,-14.285545646836908,-25.71327388102145
0.6093218643728746,-1.613697263167139,-3.1228717166303603,-14.282923798202326,-25.69754278921397
0.6095219043808762,-1.6165541567204649,-3.128010677470229,-14.280297147647172,-25.681782885883052
0.6097219443888777,-1.6194105243583072,-3.133146482817171,-14.277665695171443,-25.665994171028643
0.6099219843968794,-1.622266365120086,-3.138279126907758,-14.275029440775135,-25.65017664465077
0.610122024404881,-1.6251216780452271,-3.1434086039784965,-14.27238838445825,-25.63433030674949
0.6103220644128826,-1.6279764621731525,-3.148534908265958,-14.269742526220789,-25.618455157324718
0.6105221044208842,-1.6308307165432856,-3.1536580340066678,-14.267091866062753,-25.60255119637651
0.6107221444288857,-1.6336844401950525,-3.1587779754371788,-14.264436403984138,-25.58661842390481
0.6109221844368874,-1.6365376321678768,-3.1638947267940196,-14.26177613998495,-25.570656839909702
0.611122224444889,-1.639390291501181,-3.1690082823137438,-14.259111074065181,-25.554666444391103
0.6113222644528906,-1.6422424172343897,-3.1741186362328975,-14.256441206224839,-25.53864723734904
0.6115223044608922,-1.6450940084069243,-3.1792257827880164,-14.253766536463921,-25.52259921878354
0.6117223444688937,-1.6479450640582112,-3.1843297162156503,-14.251087064782425,-25.506522388694577
0.6119223844768954,-1.6507955832276746,-3.1894304307523207,-14.24840279118036,-25.49041674708215
0.612122424484897,-1.6536455649547355,-3.1945279206345916,-14.245713715657715,-25.47428229394629
0.6123224644928986,-1.656495008278819,-3.199622180098995,-14.243019838214494,-25.458119029286962
0.6125225045009002,-1.6593439122393487,-3.204713203382088,-14.240321158850694,-25.441926953104144
0.6127225445089017,-1.662192275875749,-3.209800984720392,-14.23761767756632,-25.425706065397918
0.6129225845169034,-1.6650400982274443,-3.2148855183504708,-14.23490939436137,-25.4094563661682
0.613122624524905,-1.6678873783338588,-3.2199667985088567,-14.232196309235839,-25.393177855415047
0.6133226645329066,-1.6707341152344117,-3.225044819432089,-14.22947842218974,-25.37687053313843
0.6135227045409082,-1.6735803079685327,-3.2301195753567065,-14.226755733223058,-25.360534399338377
0.6137227445489097,-1.676425955575641,-3.2351910605192558,-14.224028242335809,-25.344169454014832
0.6139227845569114,-1.679271057095164,-3.2402592691563044,-14.221295949527978,-25.327775697167823
0.614122824564913,-1.6821156115665232,-3.2453241955043524,-14.218558854799568,-25.311353128797407
0.6143228645729146,-1.6849596180291435,-3.2503858337999745,-14.215816958150583,-25.2949017489035
0.6145229045809162,-1.6878030755224467,-3.2554441782796992,-14.213070259581023,-25.278421557486155
0.6147229445889177,-1.690645983085859,-3.2604992231800907,-14.210318759090885,-25.26191255454532
0.6149229845969194,-1.693488339758801,-3.265550962737642,-14.207562456680176,-25.245374740081076
0.615123024604921,-1.6963301445807017,-3.270599391188952,-14.204801352348884,-25.22880811409331
0.6153230646129226,-1.6991713965909812,-3.275644502770529,-14.202035446097018,-25.212212676582112
0.6155231046209242,-1.702012094829061,-3.2806862917189257,-14.19926473792458,-25.195588427547477
0.6157231446289257,-1.7048522383343707,-3.2857247522706743,-14.19648922783156,-25.178935366989407
0.6159231846369274,-1.7076918261463296,-3.2907598786623424,-14.193708915817975,-25.162253494907816
0.616123224644929,-1.710530857304363,-3.2957916651304444,-14.190923801883805,-25.145542811302818
0.6163232646529306,-1.7133693308478968,-3.3008201059115336,-14.188133886029057,-25.128803316174356
0.6165233046609322,-1.7162072458163493,-3.305845195242167,-14.185339168253737,-25.1120350095224
0.6167233446689337,-1.7190446012491503,-3.3108669273588767,-14.182539648557835,-25.09523789134701
0.6169233846769354,-1.7218813961857196,-3.3158852964981875,-14.179735326941362,-25.078411961648186
0.617123424684937,-1.7247176296654825,-3.320900296896667,-14.17692620340431,-25.061557220425897
0.6173234646929386,-1.7275533007278607,-3.3259119227908442,-14.174112277946687,-25.044673667680144
0.6175235047009402,-1.7303884084122814,-3.330920168417279,-14.171293550568482,-25.027761303410927
0.6177235447089418,-1.733222951758167,-3.335925028012486,-14.168470021269709,-25.010820127618246
0.6179235847169434,-1.736056929804941,-3.340926495813033,-14.165641690050354,-24.9938501403021
0.618123624724945,-1.7388903415920254,-3.345924566055455,-14.162808556910424,-24.97685134146252
0.6183236647329466,-1.7417231861588478,-3.3509192329762882,-14.159970621849915,-24.959823731099476
0.6185237047409482,-1.7445554625448283,-3.355910490812075,-14.157127884868832,-24.942767309212996
0.6187237447489498,-1.7473871697893921,-3.360898333799369,-14.154280345967173,-24.925682075803024
0.6189237847569514,-1.7502183069319655,-3.365882756174713,-14.151428005144936,-24.908568030869617
0.619123824764953,-1.7530488730119673,-3.3708637521746248,-14.148570862402124,-24.891425174412745
0.6193238647729546,-1.7558788670688248,-3.375841316035661,-14.145708917738737,-24.87425350643244
0.6195239047809562,-1.7587082881419605,-3.3808154419944003,-14.142842171154772,-24.85705302692864
0.6197239447889578,-1.7615371352707978,-3.3857861242873213,-14.139970622650232,-24.839823735901433
0.6199239847969594,-1.764365407494764,-3.3907533571510164,-14.13709427222512,-24.822565633350706
0.620124024804961,-1.7671931038532769,-3.3957171348220037,-14.13421311987943,-24.805278719276572
0.6203240648129625,-1.7700202233857638,-3.4006774515368328,-14.131327165613161,-24.787962993678946
0.6205241048209642,-1.7728467651316508,-3.405634301532057,-14.128436409426314,-24.770618456557855
0.6207241448289658,-1.7756727281303553,-3.410587679044191,-14.125540851318895,-24.753245107913358
0.6209241848369674,-1.7784981114213068,-3.4155375783097917,-14.122640491290898,-24.735842947745397
0.621124224844969,-1.781322914043927,-3.4204839935654263,-14.119735329342323,-24.718411976053943
0.6213242648529705,-1.7841471350376397,-3.4254269190476094,-14.116825365473172,-24.700952192839026
0.6215243048609722,-1.786970773441868,-3.4303663489928837,-14.113910599683447,-24.6834635981007
0.6217243448689738,-1.7897938282960375,-3.435302277637785,-14.11099103197315,-24.665946191838884
0.6219243848769754,-1.7926162986395688,-3.440234699218891,-14.108066662342274,-24.648399974053604
0.622124424884977,-1.7954381835118882,-3.4451636079727024,-14.10513749079082,-24.630824944744916
0.6223244648929785,-1.7982594819524191,-3.450088998135797,-14.102203517318788,-24.613221103912736
0.6225245049009802,-1.8010801930005869,-3.4550108639447004,-14.09926474192618,-24.59558845155709
0.6227245449089818,-1.8039003156958087,-3.459929199635951,-14.096321164613002,-24.577926987678012
0.6229245849169834,-1.8067198490775196,-3.4648439994461135,-14.093372785379238,-24.56023671227544
0.623124624924985,-1.8095387921851316,-3.4697552576116912,-14.090419604224905,-24.542517625349433
0.6233246649329865,-1.8123571440580752,-3.4746629683692554,-14.087461621149995,-24.52476972689999
0.6235247049409882,-1.815174903735775,-3.4795671259553558,-14.084498836154506,-24.506993016927055
0.6237247449489898,-1.8179920702576498,-3.484467724606514,-14.081531249238441,-24.489187495430684
0.6239247849569914,-1.8208086426631294,-3.4893647585592866,-14.078558860401806,-24.47135316241082
0.624124824964993,-1.8236246199916284,-3.4942582220501848,-14.075581669644595,-24.45349001786758
0.6243248649729946,-1.8264400012825819,-3.4991481093158114,-14.0725996769668,-24.43559806180079
0.6245249049809962,-1.8292547855754062,-3.5040344145926525,-14.069612882368432,-24.41767729421059
0.6247249449889978,-1.832068971909525,-3.5089171321172863,-14.06662128584949,-24.39972771509693
0.6249249849969994,-1.8348825593243685,-3.5137962561262377,-14.063624887409965,-24.381749324459804
0.625125025005001,-1.8376955468593508,-3.5186717808560495,-14.060623687049873,-24.363742122299243
0.6253250650130026,-1.840507933553904,-3.523543700543275,-14.057617684769198,-24.34570610861519
0.6255251050210042,-1.8433197184474492,-3.5284120094244535,-14.054606880567949,-24.3276412834077
0.6257251450290058,-1.846130900579408,-3.5332767017360887,-14.051591274446132,-24.309547646676776
0.6259251850370074,-1.8489414789892082,-3.538137771714794,-14.048570866403729,-24.29142519842236
0.626125225045009,-1.85175145271627,-3.54299521359707,-14.045545656440751,-24.273273938644508
0.6263252650530106,-1.8545608208000175,-3.54784902161947,-14.042515644557199,-24.25509386734319
0.6265253050610122,-1.857369582279878,-3.5526991900185294,-14.039480830753067,-24.23688498451841
0.6267253450690138,-1.8601777361952712,-3.557545713030791,-14.036441215028361,-24.218647290170168
0.6269253850770155,-1.8629852815856216,-3.5623885848928083,-14.03339679738308,-24.20038078429849
0.627125425085017,-1.8657922174903536,-3.5672277998411026,-14.030347577817224,-24.182085466903345
0.6273254650930186,-1.8685985429488916,-3.572063352112245,-14.02729355633079,-24.163761337984738
0.6275255051010202,-1.8714042570006608,-3.576895235942761,-14.024234732923777,-24.145408397542667
0.6277255451090218,-1.874209358685083,-3.5817234455691924,-14.021171107596189,-24.12702664557716
0.6279255851170235,-1.877013847041579,-3.5865479752280685,-14.018102680348036,-24.10861608208819
0.628125625125025,-1.8798177211095783,-3.59136881915596,-14.015029451179295,-24.090176707075784
0.6283256651330266,-1.8826209799284994,-3.596185971589396,-14.011951420089982,-24.071708520539886
0.6285257051410282,-1.8854236225377727,-3.6009994267649326,-14.008868587080087,-24.053211522480524
0.6287257451490298,-1.8882256479768147,-3.605809178919099,-14.005780952149621,-24.034685712897726
0.6289257851570315,-1.891027055285054,-3.610615222288434,-14.002688515298576,-24.016131091791465
0.629125825165033,-1.89382784350191,-3.6154175511094806,-13.99959127652696,-23.997547659161768
0.6293258651730346,-1.8966280116668113,-3.620216159618792,-13.996489235834762,-23.97893541500858
0.6295259051810362,-1.8994275588191813,-3.6250110420529182,-13.993382393221989,-23.960294359331954
0.6297259451890378,-1.9022264839984375,-3.629802192648363,-13.990270748688651,-23.941624492131865
0.6299259851970395,-1.905024786244013,-3.6345896056417075,-13.987154302234725,-23.922925813408312
0.630126025205041,-1.9078224645953243,-3.6393732752694845,-13.984033053860223,-23.904198323161324
0.6303260652130426,-1.9106195180917975,-3.644153195768233,-13.980907003565147,-23.885442021390872
0.6305261052210442,-1.913415945772858,-3.6489293613744955,-13.977776151349495,-23.866656908096957
0.6307261452290458,-1.9162117466779272,-3.6537017663248115,-13.974640497213265,-23.847842983279605
0.6309261852370475,-1.9190069198464306,-3.658470404855727,-13.97150004115646,-23.82900024693879
0.631126225245049,-1.9218014643177899,-3.6632352712038063,-13.968354783179077,-23.810128699074454
0.6313262652530506,-1.9245953791314294,-3.667996359605546,-13.965204723281122,-23.79122833968674
0.6315263052610522,-1.9273886633267754,-3.6727536642975274,-13.962049861462589,-23.772299168775533
0.6317263452690538,-1.9301813159432495,-3.6775071795162724,-13.958890197723477,-23.75334118634089
0.6319263852770554,-1.932973336020276,-3.6822568994983342,-13.955725732063797,-23.734354392382755
0.632126425285057,-1.9357647225972787,-3.6870028184802486,-13.952556464483536,-23.715338786901214
0.6323264652930586,-1.93855547471368,-3.6917449306985617,-13.949382394982699,-23.69629436989618
0.6325265053010602,-1.941345591408906,-3.6964832303898234,-13.946203523561284,-23.67722114136768
0.6327265453090618,-1.9441350717223784,-3.701217711790555,-13.943019850219294,-23.658119101315776
0.6329265853170634,-1.9469239146935209,-3.705948369137328,-13.939831374956729,-23.63898824974038
0.633126625325065,-1.9497121193617621,-3.7106751966666636,-13.936638097773582,-23.619828586641518
0.6333266653330666,-1.9524996847665168,-3.7153981886151115,-13.933440018669867,-23.600640112019192
0.6335267053410683,-1.9552866099472181,-3.7201173392192253,-13.93023713764557,-23.58142282587343
0.6337267453490698,-1.9580728939432817,-3.724832642715505,-13.927029454700708,-23.562176728204207
0.6339267853570714,-1.9608585357941362,-3.7295440933405395,-13.923816969835261,-23.542901819011547
0.634126825365073,-1.9636435345392105,-3.7342516853308716,-13.920599683049232,-23.523598098295395
0.6343268653730746,-1.9664278892179166,-3.7389554129230156,-13.917377594342632,-23.504265566055807
0.6345269053810763,-1.9692115988696859,-3.7436552703535284,-13.914150703715457,-23.484904222292755
0.6347269453890778,-1.9719946625339366,-3.7483512518589563,-13.910919011167707,-23.46551406700621
0.6349269853970794,-1.9747770792500976,-3.7530433516758244,-13.907682516699381,-23.44609510019629
0.635127025405081,-1.9775588480575932,-3.7577315640406965,-13.904441220310474,-23.426647321862845
0.6353270654130826,-1.980339967995845,-3.7624158831901156,-13.901195122000992,-23.407170732005966
0.6355271054210843,-1.983120438104276,-3.7670963033606064,-13.897944221770935,-23.387665330625623
0.6357271454290858,-1.9859002574223101,-3.771772818788719,-13.894688519620303,-23.368131117721845
0.6359271854370874,-1.988679424989372,-3.7764454237109923,-13.891428015549103,-23.348568093294574
0.636127225445089,-1.991457939844886,-3.781114112363973,-13.888162709557317,-23.328976257343896
0.6363272654530906,-1.9942358010282737,-3.7857788789842033,-13.884892601644957,-23.309355609869726
0.6365273054610923,-1.9970130075789632,-3.790439717808244,-13.881617691812018,-23.289706150872092
0.6367273454690938,-1.9997895585363734,-3.7950966230726095,-13.878337980058504,-23.270027880351023
0.6369273854770954,-2.002565452939929,-3.799749589013846,-13.875053466384415,-23.250320798306518
0.637127425485097,-2.005340689829058,-3.8043986098685316,-13.871764150789748,-23.230584904738492
0.6373274654930986,-2.008115268243177,-3.8090436798731453,-13.868470033274509,-23.21082019964706
0.6375275055011003,-2.010889187221718,-3.81368479326429,-13.865171113838688,-23.191026683032163
0.6377275455091018,-2.0136624458040977,-3.818321944278477,-13.861867392482303,-23.171204354893774
0.6379275855171034,-2.016435043029743,-3.822955127152248,-13.858558869205332,-23.15135321523198
0.638127625525105,-2.0192069779380795,-3.827584336122186,-13.855245544007783,-23.13147326404666
0.6383276655331066,-2.0219782495685266,-3.8322095654247654,-13.851927416889662,-23.111564501337966
0.6385277055411083,-2.024748856960512,-3.8368308092965826,-13.84860448785096,-23.09162692710575
0.6387277455491098,-2.027518799153455,-3.8414480619741376,-13.845276756891689,-23.071660541350155
0.6389277855571114,-2.0302880751867844,-3.84606131769403,-13.841944224011836,-23.05166534407101
0.639127825565113,-2.033056684099922,-3.850670570692742,-13.838606889211409,-23.03164133526846
0.6393278655731146,-2.0358246249322915,-3.8552758152068662,-13.835264752490403,-23.011588514942446
0.6395279055811163,-2.0385918967233145,-3.8598770454729134,-13.831917813848825,-22.991506883092967
0.6397279455891178,-2.0413584985124196,-3.8644742557274476,-13.828566073286666,-22.971396439720024
0.6399279855971194,-2.044124429339025,-3.8690674402069867,-13.825209530803942,-22.951257184823618
0.640128025605121,-2.04688968824256,-3.8736565931480875,-13.821848186400633,-22.931089118403804
0.6403280656131226,-2.0496542742624424,-3.8782417087873,-13.818482040076749,-22.91089224046047
0.6405281056211243,-2.052418186438101,-3.882822781361142,-13.81511109183229,-22.89066655099373
0.6407281456291258,-2.055181423808957,-3.8873998051061847,-13.811735341667251,-22.870412050003523
0.6409281856371274,-2.0579439854144326,-3.8919727742589636,-13.808354789581642,-22.850128737489854
0.6411282256451291,-2.0607058702939582,-3.8965416830560073,-13.804969435575451,-22.82981661345272
0.6413282656531306,-2.0634670774869504,-3.901106525733862,-13.801579279648685,-22.809475677892124
0.6415283056611323,-2.0662276060328377,-3.9056672965290886,-13.798184321801344,-22.78910593080809
0.6417283456691338,-2.0689874549710394,-3.910223989678208,-13.794784562033435,-22.768707372200566
0.6419283856771354,-2.0717466233409843,-3.914776599417774,-13.79138000034494,-22.748280002069635
0.6421284256851371,-2.074505110182092,-3.919325119984329,-13.78797063673587,-22.72782382041521
0.6423284656931386,-2.0772629145337884,-3.923869545614412,-13.784556471206226,-22.70733882723735
0.6425285057011403,-2.0800200354354974,-3.9284098705445594,-13.781137503756003,-22.686825022536027
0.6427285457091418,-2.082776471926641,-3.932946089011338,-13.777713734385205,-22.66628240631121
0.6429285857171434,-2.0855322230466466,-3.9374781952512663,-13.774285163093829,-22.645710978562988
0.6431286257251451,-2.088287287834934,-3.9420061835008973,-13.770851789881878,-22.625110739291273
0.6433286657331466,-2.091041665330926,-3.9465300479967595,-13.767413614749355,-22.60448168849615
0.6435287057411482,-2.093795354574052,-3.9510497829754243,-13.76397063769625,-22.583823826177536
0.6437287457491498,-2.0965483546037325,-3.955565382673406,-13.76052285872257,-22.563137152335457
0.6439287857571514,-2.09930066445939,-3.9600768413272505,-13.757070277828323,-22.542421666969915
0.6441288257651531,-2.102052283180452,-3.9645841531735257,-13.75361289501349,-22.521677370080937
0.6443288657731546,-2.1048032098063363,-3.9690873124487425,-13.750150710278085,-22.500904261668495
0.6445289057811562,-2.1075534433764727,-3.973586313389461,-13.746683723622102,-22.480102341732618
0.6447289457891578,-2.1103029829302837,-3.978081150232228,-13.74321193504554,-22.459271610273248
0.6449289857971594,-2.1130518275071903,-3.982571817213575,-13.739735344548404,-22.438412067290443
0.6451290258051611,-2.1157999761466177,-3.9870583085700417,-13.736253952130692,-22.417523712784174
0.6453290658131626,-2.1185474278879894,-3.991540618538174,-13.732767757792406,-22.39660654675444
0.6455291058211642,-2.12129418177073,-3.9960187413545256,-13.72927676153354,-22.375660569201273
0.6457291458291659,-2.1240402368342632,-4.000492671255628,-13.725780963354108,-22.354685780124612
0.6459291858371674,-2.126785592118015,-4.004962402478043,-13.72228036325409,-22.333682179524516
0.6461292258451691,-2.1295302466614032,-4.00942792925828,-13.718774961233496,-22.312649767400956
0.6463292658531706,-2.1322741995038568,-4.0138892458328925,-13.715264757292328,-22.29158854375399
0.6465293058611722,-2.1350174496847982,-4.018346346438456,-13.711749751430581,-22.270498508583472
0.6467293458691739,-2.1377599962436484,-4.022799225311466,-13.708229943648263,-22.249379661889577
0.6469293858771754,-2.1405018382198344,-4.0272478766884845,-13.704705333945366,-22.22823200367219
0.6471294258851771,-2.1432429746527824,-4.031692294806064,-13.701175922321887,-22.20705553393134
0.6473294658931786,-2.1459834045819086,-4.036132473900736,-13.69764170877784,-22.185850252667052
0.6475295059011802,-2.148723127046643,-4.040568408209047,-13.694102693313212,-22.1646161598793
0.6477295459091819,-2.151462141086407,-4.045000091967523,-13.690558875928012,-22.143353255568115
0.6479295859171834,-2.154200445740625,-4.049427519412731,-13.68701025662224,-22.122061539733437
0.6481296259251851,-2.15693804004872,-4.05385068478121,-13.683456835395887,-22.100741012375323
0.6483296659331866,-2.159674923050117,-4.0582695823095065,-13.679898612248955,-22.079391673493717
0.6485297059411882,-2.1624110937842387,-4.062684206234131,-13.676335587181448,-22.058013523088704
0.6487297459491899,-2.1651465512905093,-4.067094550791666,-13.672767760193366,-22.0366065611602
0.6489297859571914,-2.1678812946083514,-4.071500610218614,-13.66919513128471,-22.015170787708286
0.6491298259651931,-2.170615322777194,-4.075902378751572,-13.66561770045547,-21.993706202732852
0.6493298659731946,-2.1733486348364526,-4.080299850627043,-13.66203546770566,-21.972212806233955
0.6495299059811962,-2.1760812298255576,-4.084693020081573,-13.658448433035272,-21.95069059821165
0.6497299459891979,-2.1788131067839274,-4.089081881351689,-13.654856596444318,-21.929139578665882
0.6499299859971994,-2.1815442647509897,-4.0934664286739775,-13.65125995793278,-21.90755974759665
0.6501300260052011,-2.184274702766171,-4.0978466562849505,-13.647658517500659,-21.885951105003954
0.6503300660132026,-2.187004419868888,-4.102222558421175,-13.644052275147967,-21.864313650887794
0.6505301060212042,-2.1897334150985674,-4.1065941293191415,-13.6404412308747,-21.8426473852482
0.6507301460292059,-2.1924616874946334,-4.110961363215459,-13.636825384680858,-21.82095230808511
0.6509301860372074,-2.1951892360965104,-4.115324254346625,-13.633204736566437,-21.799228419398617
0.6511302260452091,-2.1979160599436227,-4.119682796949192,-13.629579286531438,-21.77747571918863
0.6513302660532106,-2.200642158075391,-4.1240369852597,-13.625949034575868,-21.755694207455235
0.6515303060612122,-2.203367529531241,-4.128386813514716,-13.622313980699719,-21.73388388419835
0.6517303460692139,-2.2060921733505987,-4.132732275950765,-13.618674124902991,-21.71204474941797
0.6519303860772154,-2.208816088572883,-4.137073366804358,-13.6150294671857,-21.690176803114184
0.6521304260852171,-2.2115392742375217,-4.141410080312099,-13.611380007547822,-21.668280045286934
0.6523304660932187,-2.214261729383937,-4.145742410710497,-13.607725745989367,-21.646354475936192
0.6525305061012202,-2.2169834530515518,-4.150070352236106,-13.60406668251034,-21.624400095062015
0.6527305461092219,-2.2197044442797935,-4.154393899125438,-13.60040281711073,-21.6024169026644
0.6529305861172234,-2.2224247021080803,-4.158713045615066,-13.59673414979055,-21.580404898743325
0.6531306261252251,-2.22514422557584,-4.163027785941537,-13.59306068054979,-21.558364083298756
0.6533306661332267,-2.2278630137224944,-4.167338114341376,-13.589382409388456,-21.536294456330722
0.6535307061412282,-2.2305810655874687,-4.1716440250511155,-13.585699336306547,-21.51419601783931
0.6537307461492299,-2.2332983802101873,-4.175945512307322,-13.582011461304067,-21.492068767824378
0.6539307861572314,-2.236014956630071,-4.180242570346536,-13.578318784381004,-21.46991270628601
0.6541308261652331,-2.238730793886548,-4.184535193405296,-13.574621305537363,-21.447727833224178
0.6543308661732347,-2.241445891019038,-4.188823375720148,-13.570919024773147,-21.425514148638882
0.6545309061812362,-2.244160247066965,-4.193107111527617,-13.567211942088356,-21.403271652530123
0.6547309461892379,-2.246873861069754,-4.19738639506425,-13.56350005748299,-21.381000344897956
0.6549309861972394,-2.2495867320668292,-4.201661220566599,-13.559783370957046,-21.358700225742297
0.655131026205241,-2.252298859097613,-4.205931582271219,-13.556061882510527,-21.336371295063174
0.6553310662132427,-2.255010241201531,-4.2101974744146275,-13.552335592143432,-21.314013552860615
0.6555311062212442,-2.2577208774180075,-4.214458891233392,-13.54860449985576,-21.291626999134593
0.6557311462292459,-2.260430766786463,-4.218715826964029,-13.544868605647512,-21.269211633885106
0.6559311862372474,-2.263139908346325,-4.222968275843101,-13.541127909518693,-21.246767457112128
0.656131226245249,-2.2658483011370114,-4.227216232107132,-13.537382411469295,-21.224294468815742
0.6563312662532507,-2.2685559441979546,-4.2314596899926755,-13.533632111499315,-21.201792668995893
0.6565313062612522,-2.271262836568571,-4.235698643736292,-13.529877009608764,-21.17926205765258
0.6567313462692539,-2.2739689772882876,-4.239933087574499,-13.526117105797635,-21.156702634785802
0.6569313862772554,-2.276674365396527,-4.244163015743844,-13.52235240006593,-21.13411440039559
0.657131426285257,-2.2793789999327148,-4.248388422480872,-13.518582892413647,-21.111497354481884
0.6573314662932587,-2.2820828799362722,-4.2526093020221225,-13.514808582840793,-21.088851497044743
0.6575315063012602,-2.2847860044466266,-4.256825648604142,-13.511029471347356,-21.066176828084167
0.6577315463092619,-2.287488372503197,-4.26103745646347,-13.507245557933356,-21.0434733476001
0.6579315863172635,-2.290189983145411,-4.265244719836659,-13.50345684259877,-21.020741055592595
0.658131626325265,-2.292890835412689,-4.269447432960241,-13.499663325343608,-20.997979952061627
0.6583316663332667,-2.2955909283444598,-4.273645590070764,-13.495865006167868,-20.975190037007195
0.6585317063412682,-2.298290260980143,-4.2778391854047655,-13.492061885071553,-20.9523713104293
0.6587317463492699,-2.300988832359163,-4.282028213198785,-13.488253962054664,-20.92952377232797
0.6589317863572715,-2.3036866415209456,-4.286212667689391,-13.484441237117196,-20.906647422703173
0.659131826365273,-2.30638368750491,-4.290392543113086,-13.480623710259156,-20.883742261554943
0.6593318663732747,-2.3090799693504866,-4.294567833706445,-13.476801381480534,-20.86080828888322
0.6595319063812762,-2.311775486097093,-4.298738533705979,-13.472974250781341,-20.83784550468809
0.6597319463892779,-2.3144702367841594,-4.302904637348277,-13.469142318161566,-20.81485390896944
0.6599319863972795,-2.3171642204511,-4.307066138869828,-13.46530558362123,-20.791833501727353
0.660132026405281,-2.3198574361373474,-4.311223032507215,-13.461464047160305,-20.768784282961832
0.6603320664132827,-2.3225498828823232,-4.315375312496975,-13.457617708778805,-20.745706252672818
0.6605321064212842,-2.3252415597254483,-4.319522973075642,-13.45376656847673,-20.72259941086037
0.6607321464292859,-2.3279324657061515,-4.323666008479755,-13.449910626254077,-20.699463757524455
0.6609321864372875,-2.330622599863851,-4.327804412945859,-13.446049882110849,-20.676299292665107
0.661132226445289,-2.3333119612379747,-4.331938180710502,-13.442184336047042,-20.653106016282266
0.6613322664532907,-2.3360005488679434,-4.336067306010214,-13.438313988062664,-20.62988392837599
0.6615323064612922,-2.3386883617931815,-4.340191783081565,-13.434438838157707,-20.60663302894625
0.6617323464692939,-2.341375399053116,-4.344311606161057,-13.430558886332179,-20.583353317993044
0.6619323864772955,-2.3440616596871653,-4.348426769485258,-13.426674132586072,-20.560044795516433
0.662132426485297,-2.346747142734757,-4.352537267290714,-13.422784576919387,-20.53670746151633
0.6623324664932987,-2.349431847235314,-4.356643093813965,-13.418890219332127,-20.51334131599276
0.6625325065013002,-2.3521157722282604,-4.360744243291542,-13.414991059824288,-20.48994635894573
0.6627325465093019,-2.3547989167530208,-4.364840709960006,-13.411087098395875,-20.466522590375263
0.6629325865173035,-2.357481279849014,-4.368932488055883,-13.407178335046886,-20.443070010281303
0.663132626525305,-2.360162860555671,-4.373019571815725,-13.40326476977732,-20.419588618663937
0.6633326665333067,-2.3628436579124115,-4.377101955476071,-13.399346402587177,-20.39607841552308
0.6635327065413082,-2.365523670958657,-4.3811796332734545,-13.39542323347646,-20.372539400858784
0.6637327465493099,-2.3682028987338395,-4.385252599444442,-13.391495262445162,-20.348971574670998
0.6639327865573115,-2.3708813402773714,-4.389320848225545,-13.387562489493302,-20.325374936959776
0.664132826565313,-2.373558994628686,-4.393384373853323,-13.383624914620853,-20.301749487725118
0.6643328665733147,-2.3762358608272045,-4.397443170564337,-13.37968253782783,-20.27809522696697
0.6645329065813163,-2.3789119379123465,-4.401497232595105,-13.37573535911423,-20.254412154685383
0.6647329465893179,-2.3815872249235417,-4.405546554182166,-13.371783378480053,-20.230700270880334
0.6649329865973195,-2.3842617209002057,-4.409591129562074,-13.367826595925308,-20.20695957555185
0.665133026605321,-2.3869354248817736,-4.413630952971374,-13.363865011449978,-20.183190068699872
0.6653330666133227,-2.3896083359076608,-4.417666018646614,-13.359898625054075,-20.15939175032443
0.6655331066213243,-2.3922804530172934,-4.42169632082431,-13.355927436737595,-20.135564620425583
0.6657331466293259,-2.3949517752500986,-4.425721853741024,-13.351951446500543,-20.111708679003243
0.6659331866373275,-2.3976223016454927,-4.429742611633301,-13.347970654342912,-20.087823926057467
0.666133226645329,-2.400292031242903,-4.433758588737682,-13.343985060264707,-20.063910361588228
0.6663332666533307,-2.4029609630817577,-4.437769779290697,-13.33999466426592,-20.039967985595524
0.6665333066613323,-2.4056290962014746,-4.441776177528922,-13.33599946634656,-20.01599679807933
0.6667333466693338,-2.4082964296414797,-4.445777777688846,-13.331999466506623,-19.991996799039754
0.6669333866773355,-2.4109629624411966,-4.4497745740070584,-13.327994664746111,-19.96796798847666
0.667133426685337,-2.4136286936400495,-4.4537665607200765,-13.323985061065024,-19.943910366390156
0.6673334666933387,-2.416293622277464,-4.457753732064454,-13.319970655463354,-19.91982393278016
0.6675335067013403,-2.418957747392856,-4.4617360822767225,-13.315951447941117,-19.89570868764673
0.6677335467093418,-2.42162106802566,-4.465713605593443,-13.311927438498305,-19.87156463098981
0.6679335867173435,-2.424283583215294,-4.4696862962511545,-13.307898627134911,-19.847391762809423
0.668133626725345,-2.4269452920011796,-4.473654148486375,-13.303865013850945,-19.823190083105658
0.6683336667333467,-2.429606193422746,-4.477617156535672,-13.299826598646398,-19.798959591878372
0.6685337067413483,-2.4322662865194147,-4.481575314635592,-13.295783381521275,-19.77470028912765
0.6687337467493498,-2.4349255703306083,-4.485528617022666,-13.291735362475578,-19.750412174853466
0.6689337867573515,-2.437584043895755,-4.489477057933435,-13.287682541509298,-19.726095249055817
0.669133826765353,-2.4402417062542696,-4.493420631604437,-13.28362491862245,-19.701749511734704
0.6693338667733547,-2.4428985564455843,-4.497359332272218,-13.279562493815025,-19.677374962890156
0.6695339067813563,-2.445554593509117,-4.501293154173339,-13.275495267087024,-19.652971602522143
0.6697339467893578,-2.4482098164842974,-4.5052220915443115,-13.271423238438452,-19.628539430630696
0.6699339867973595,-2.4508642244105463,-4.509146138621702,-13.267346407869294,-19.604078447215755
0.670134026805361,-2.453517816327288,-4.513065289642057,-13.263264775379561,-19.57958865227738
0.6703340668133627,-2.456170591273942,-4.516979538841888,-13.259178340969257,-19.55507004581554
0.6705341068213643,-2.4588225482899393,-4.5208888804577825,-13.25508710463837,-19.53052262783021
0.6707341468293658,-2.4614736864146973,-4.524793308726238,-13.250991066386913,-19.50594639832147
0.6709341868373675,-2.464124004687645,-4.528692817883815,-13.246890226214877,-19.481341357289267
0.671134226845369,-2.466773502148204,-4.532587402167074,-13.242784584122262,-19.4567075047336
0.6713342668533707,-2.4694221778357957,-4.536477055812533,-13.238674140109076,-19.43204484065447
0.6715343068613723,-2.4720700307898467,-4.540361773056745,-13.234558894175311,-19.407353365051904
0.6717343468693738,-2.4747170600497803,-4.544241548136249,-13.230438846320979,-19.382633077925846
0.6719343868773755,-2.47736326465502,-4.548116375287577,-13.226313996546061,-19.35788397927635
0.6721344268853771,-2.4800086436449904,-4.551986248747319,-13.222184344850568,-19.333106069103394
0.6723344668933787,-2.4826531960591147,-4.555851162751964,-13.218049891234497,-19.308299347406972
0.6725345069013803,-2.485296920936812,-4.559711111538057,-13.213910635697857,-19.283463814187144
0.6727345469093818,-2.4879398173175167,-4.563566089342196,-13.209766578240632,-19.258599469443794
0.6729345869173835,-2.490581884240642,-4.5674160904008545,-13.205617718862836,-19.23370631317701
0.6731346269253851,-2.4932231207456184,-4.571261108950615,-13.201464057564461,-19.20878434538676
0.6733346669333867,-2.4958635258718678,-4.575101139228003,-13.197305594345512,-19.183833566073076
0.6735347069413883,-2.4985030986588113,-4.578936175469579,-13.193142329205987,-19.158853975235928
0.6737347469493898,-2.501141838145876,-4.582766211911853,-13.18897426214589,-19.133845572875344
0.6739347869573915,-2.503779743372484,-4.586591242791421,-13.184801393165213,-19.10880835899124
0.6741348269653931,-2.5064168133780598,-4.590411262344773,-13.18062372226396,-19.083742333583757
0.6743348669733947,-2.5090530472020287,-4.594226264808491,-13.176441249442128,-19.058647496652753
0.6745349069813963,-2.511688443883811,-4.5980362444190845,-13.172253974699721,-19.033523848198314
0.6747349469893978,-2.5143230024628336,-4.601841195413122,-13.168061898036736,-19.00837138822044
0.6749349869973995,-2.5169567219785156,-4.605641112027129,-13.16386501945318,-18.983190116719072
0.6751350270054011,-2.5195896014702868,-4.6094359884976654,-13.159663338949045,-18.95798003369427
0.6753350670134027,-2.522221639977568,-4.613225819061249,-13.155456856524331,-18.932741139146003
0.6755351070214043,-2.5248528365397824,-4.61701059795444,-13.151245572179047,-18.9074734330743
0.6757351470294058,-2.5274831901963557,-4.620790319413771,-13.147029485913187,-18.882176915479107
0.6759351870374075,-2.5301126999867094,-4.624564977675796,-13.142808597726749,-18.856851586360477
0.6761352270454091,-2.532741364950269,-4.628334566977067,-13.138582907619732,-18.831497445718384
0.6763352670534107,-2.5353691841264583,-4.632099081554102,-13.13435241559214,-18.806114493552826
0.6765353070614123,-2.537996156554698,-4.635858515643449,-13.130117121643973,-18.780702729863833
0.6767353470694139,-2.540622281274416,-4.639612863481652,-13.125877025775228,-18.755262154651405
0.6769353870774155,-2.543247557325035,-4.64336211930528,-13.121632127985908,-18.729792767915455
0.6771354270854171,-2.5458719837459762,-4.6471062773508365,-13.117382428276013,-18.70429456965607
0.6773354670934186,-2.548495559576666,-4.650845331854882,-13.11312792664554,-18.67876755987325
0.6775355071014203,-2.5511182838565283,-4.654579277053948,-13.10886862309449,-18.653211738566966
0.6777355471094219,-2.553740155624986,-4.658308107184602,-13.104604517622871,-18.62762710573722
0.6779355871174235,-2.556361173921463,-4.662031816483363,-13.100335610230669,-18.602013661384007
0.6781356271254251,-2.558981337785383,-4.665750399186791,-13.096061900917892,-18.57637140550736
0.6783356671334266,-2.561600646256168,-4.669463849531411,-13.09178338968454,-18.55070033810722
0.6785357071414283,-2.564219098373246,-4.673172161753776,-13.08750007653061,-18.525000459183644
0.6787357471494299,-2.566836693176037,-4.676875330090425,-13.083211961456104,-18.499271768736634
0.6789357871574315,-2.5694534297039677,-4.680573348777912,-13.07891904446102,-18.47351426676613
0.6791358271654331,-2.5720693069964566,-4.684266212052762,-13.074621325545365,-18.447727953272192
0.6793358671734346,-2.5746843240929342,-4.687953914151535,-13.070318804709128,-18.42191282825479
0.6795359071814363,-2.5772984800328196,-4.691636449310742,-13.06601148195232,-18.396068891713952
0.6797359471894379,-2.5799117738555397,-4.695313811766972,-13.06169935727494,-18.370196143649594
0.6799359871974395,-2.5825242046005155,-4.698985995756722,-13.057382430676977,-18.344294584061828
0.6801360272054411,-2.585135771307173,-4.702652995516573,-13.053060702158437,-18.3183642129506
0.6803360672134426,-2.587746473014935,-4.706314805283043,-13.048734171719321,-18.292405030315933
0.6805361072214443,-2.5903563087632246,-4.7099714192926925,-13.04440283935963,-18.266417036157776
0.6807361472294459,-2.592965277591466,-4.713622831782047,-13.040066705079361,-18.240400230476183
0.6809361872374475,-2.5955733785390835,-4.717269036987645,-13.035725768878518,-18.214354613271126
0.6811362272454491,-2.5981806106454997,-4.720910029146047,-13.031380030757099,-18.188280184542606
0.6813362672534506,-2.6007869729501385,-4.724545802493793,-13.027029490715105,-18.16217694429065
0.6815363072614523,-2.603392464492428,-4.728176351267429,-13.022674148752529,-18.1360448925152
0.6817363472694539,-2.6059970843117846,-4.731801669703465,-13.018314004869392,-18.109884029216346
0.6819363872774555,-2.6086008314476405,-4.735421752038505,-13.013949059065663,-18.08369435439397
0.6821364272854571,-2.611203704939409,-4.739036592509031,-13.009579311341366,-18.057475868048186
0.6823364672934586,-2.6138057038265217,-4.742646185351617,-13.00520476169649,-18.03122857017891
0.6825365073014603,-2.616406827148401,-4.7462505248027895,-13.000825410131036,-18.0049524607862
0.6827365473094619,-2.61900707394447,-4.749849605099101,-12.996441256645006,-17.978647539870053
0.6829365873174635,-2.6216064432541524,-4.7534434204771046,-12.992052301238402,-17.952313807430414
0.6831366273254651,-2.6242049341168716,-4.757031965173326,-12.98765854391122,-17.92595126346734
0.6833366673334667,-2.626802545572053,-4.760615233424325,-12.983259984663462,-17.8995599079808
0.6835367073414683,-2.629399276659117,-4.764193219466598,-12.97885662349513,-17.873139740970828
0.6837367473494699,-2.6319951264174923,-4.767765917536757,-12.974448460406226,-17.846690762437333
0.6839367873574715,-2.6345900938865965,-4.771333321871282,-12.970035495396743,-17.820212972380432
0.6841368273654731,-2.6371841781058603,-4.77489542670677,-12.965617728466679,-17.793706370800066
0.6843368673734747,-2.6397773781147,-4.778452226279718,-12.961195159616043,-17.767170957696266
0.6845369073814763,-2.6423696929525455,-4.782003714826693,-12.956767788844829,-17.740606733068972
0.6847369473894779,-2.6449611216588202,-4.785549886584242,-12.952335616153036,-17.714013696918244
0.6849369873974795,-2.647551663272946,-4.789090735788903,-12.947898641540668,-17.687391849244023
0.6851370274054811,-2.650141316834345,-4.792626256677195,-12.943456865007725,-17.660741190046366
0.6853370674134827,-2.6527300813824395,-4.796156443485685,-12.939010286554211,-17.634061719325274
0.6855371074214843,-2.6553179559566624,-4.799681290450913,-12.934558906180111,-17.60735343708069
0.6857371474294859,-2.6579049395964294,-4.803200791809417,-12.930102723885447,-17.58061634331267
0.6859371874374875,-2.6604910313411665,-4.806714941797736,-12.925641739670198,-17.553850438021186
0.6861372274454891,-2.6630762302302955,-4.810223734652418,-12.921175953534377,-17.527055721206267
0.6863372674534907,-2.6656605353032434,-4.813727164610015,-12.916705365477977,-17.500232192867855
0.6865373074614923,-2.668243945599434,-4.817225225907059,-12.912229975500999,-17.47337985300598
0.6867373474694939,-2.6708264601582865,-4.82071791278009,-12.90774978360345,-17.446498701620698
0.6869373874774956,-2.6734080780192295,-4.824205219465647,-12.903264789785322,-17.419588738711923
0.6871374274854971,-2.6759887982216846,-4.82768714020029,-12.898774994046619,-17.392649964279713
0.6873374674934987,-2.678568619805077,-4.831163669220537,-12.894280396387337,-17.365682378324067
0.6875375075015003,-2.68114754180883,-4.834634800762963,-12.889780996807477,-17.3386859808449
0.6877375475095019,-2.6837255632723656,-4.8381005290640715,-12.885276795307053,-17.3116607718423
0.6879375875175036,-2.686302683235108,-4.841560848360444,-12.880767791886047,-17.284606751316232
0.6881376275255051,-2.6888789007364853,-4.845015752888607,-12.876253986544459,-17.25752391926673
0.6883376675335067,-2.6914542148159146,-4.84846523688509,-12.871735379282299,-17.230412275693794
0.6885377075415083,-2.6940286245128258,-4.851909294586456,-12.86721197009956,-17.203271820597365
0.6887377475495099,-2.696602128866637,-4.855347920229228,-12.862683758996248,-17.1761025539775
0.6889377875575114,-2.699174726916775,-4.858781108049975,-12.85815074597236,-17.148904475834144
0.6891378275655131,-2.701746417702667,-4.862208852285214,-12.85361293102789,-17.12167758616735
0.6893378675735147,-2.704317200263728,-4.8656311471714915,-12.849070314162852,-17.094421884977123
0.6895379075815163,-2.7068870736393906,-4.869047986945368,-12.844522895377231,-17.067137372263403
0.6897379475895179,-2.7094560368690708,-4.872459365843348,-12.839970674671047,-17.039824048026276
0.6899379875975195,-2.7120240889922016,-4.875865278102033,-12.835413652044274,-17.012481912265656
0.6901380276055211,-2.7145912290481977,-4.879265717957921,-12.830851827496929,-16.985110964981573
0.6903380676135227,-2.717157456076487,-4.8826606796475716,-12.826285201029005,-16.957711206173997
0.6905381076215243,-2.7197227691164967,-4.886050157407517,-12.821713772640503,-16.930282635843014
0.6907381476295259,-2.722287167207643,-4.889434145474297,-12.81713754233143,-16.902825253988595
0.6909381876375275,-2.724850649389353,-4.8928126380844645,-12.812556510101782,-16.875339060610713
0.6911382276455291,-2.7274132147010546,-4.896185629474587,-12.807970675951552,-16.84782405570931
0.6913382676535307,-2.729974862182166,-4.899553113881147,-12.803380039880746,-16.82028023928453
0.6915383076615323,-2.7325355908721125,-4.902915085540748,-12.79878460188937,-16.792707611336226
0.6917383476695339,-2.7350953998103176,-4.906271538689879,-12.794184361977422,-16.76510617186449
0.6919383876775355,-2.7376542880362074,-4.909622467565114,-12.789579320144888,-16.737475920869315
0.6921384276855371,-2.7402122545892045,-4.912967866403001,-12.78496947639178,-16.70981685835065
0.6923384676935387,-2.7427692985087315,-4.916307729440064,-12.780354830718096,-16.682128984308576
0.6925385077015404,-2.7453254188342138,-4.919642050912856,-12.775735383123834,-16.65441229874301
0.6927385477095419,-2.747880614605072,-4.922970825057909,-12.771111133608997,-16.62666680165401
0.6929385877175435,-2.7504348848607334,-4.926294046111792,-12.766482082173585,-16.598892493041518
0.6931386277255451,-2.7529882286406195,-4.929611708311015,-12.761848228817598,-16.57108937290559
0.6933386677335467,-2.7555406449841566,-4.932923805892152,-12.757209573541033,-16.543257441246197
0.6935387077415484,-2.758092132930768,-4.936230333091714,-12.752566116343889,-16.51539669806334
0.6937387477495499,-2.760642691519876,-4.9395312841462555,-12.747917857226177,-16.48750714335705
0.6939387877575515,-2.7631923197909005,-4.942826653292315,-12.743264796187887,-16.459588777127323
0.6941388277655531,-2.7657410167832737,-4.946116434766445,-12.738606933229015,-16.431641599374103
0.6943388677735547,-2.768288781536415,-4.949400622805207,-12.733944268349568,-16.40366561009739
0.6945389077815564,-2.770835613089748,-4.952679211645098,-12.729276801549545,-16.375660809297273
0.6947389477895579,-2.7733815104826967,-4.9559521955227055,-12.724604532828948,-16.34762719697369
0.6949389877975595,-2.7759264727546835,-4.959219568674534,-12.719927462187776,-16.31956477312667
0.6951390278055611,-2.7784704989451345,-4.962481325337144,-12.715245589626026,-16.29147353775616
0.6953390678135627,-2.7810135880934723,-4.965737459747082,-12.7105589151437,-16.263353490862215
0.6955391078215644,-2.783555739239125,-4.968987966140894,-12.705867438740793,-16.235204632444777
0.6957391478295659,-2.7860969514215075,-4.97223283875509,-12.701171160417324,-16.207026962503903
0.6959391878375675,-2.788637223680049,-4.975472071826253,-12.69647008017327,-16.178820481039594
0.6961392278455691,-2.791176555054175,-4.978705659590908,-12.691764198008638,-16.150585188051792
0.6963392678535707,-2.7937149445833054,-4.981933596285586,-12.68705351392343,-16.122321083540584
0.6965393078615724,-2.7962523913068678,-4.985155876146855,-12.682338027917645,-16.094028167505883
0.6967393478695739,-2.7987888942642822,-4.988372493411262,-12.677617739991284,-16.065706439947718
0.6969393878775755,-2.8013244524949723,-4.991583442315317,-12.672892650144352,-16.03735590086609
0.6971394278855771,-2.803859065038367,-4.994788717095574,-12.668162758376837,-16.008976550261025
0.6973394678935787,-2.806392730933883,-4.997988311988578,-12.663428064688752,-15.980568388132525
0.6975395079015804,-2.8089254492209514,-5.001182221230884,-12.658688569080084,-15.952131414480533
0.6977395479095819,-2.8114572189389886,-5.004370439059009,-12.653944271550852,-15.923665629305106
0.6979395879175835,-2.813988039127425,-5.007552959709535,-12.649195172101035,-15.895171032606214
0.6981396279255851,-2.816517908825678,-5.010729777418966,-12.644441270730645,-15.866647624383859
0.6983396679335867,-2.8190468270731763,-5.013900886423848,-12.639682567439674,-15.83809540463804
0.6985397079415884,-2.8215747929093453,-5.017066280960755,-12.634919062228125,-15.809514373368756
0.6987397479495899,-2.8241018053735996,-5.020225955266206,-12.630150755096007,-15.780904530576038
0.6989397879575915,-2.8266278635053714,-5.023379903576739,-12.625377646043312,-15.752265876259884
0.6991398279655932,-2.8291529663440826,-5.0265281201289085,-12.620599735070037,-15.723598410420237
0.6993398679735947,-2.8316771129291567,-5.02967059915926,-12.615817022176188,-15.694902133057155
0.6995399079815964,-2.834200302300018,-5.032807334904334,-12.61102950736176,-15.666177044170581
0.6997399479895979,-2.8367225334960873,-5.035938321600646,-12.606237190626768,-15.637423143760572
0.6999399879975995,-2.8392438055567926,-5.039063553484787,-12.601440071971187,-15.608640431827098
0.7001400280056012,-2.841764117521553,-5.042183024793246,-12.596638151395034,-15.579828908370189
0.7003400680136027,-2.844283468429797,-5.045296729762619,-12.591831428898303,-15.550988573389816
0.7005401080216043,-2.846801857320944,-5.048404662629416,-12.587019904480997,-15.522119426885979
0.7007401480296059,-2.849319283234422,-5.051506817630184,-12.582203578143112,-15.493221468858678
0.7009401880376075,-2.8518357452096517,-5.054603189001462,-12.577382449884652,-15.464294699307914
0.7011402280456092,-2.854351242286059,-5.057693770979803,-12.572556519705618,-15.435339118233713
0.7013402680536107,-2.8568657735030643,-5.060778557801754,-12.567725787606008,-15.40635472563605
0.7015403080616123,-2.859379337900095,-5.06385754370384,-12.56289025358582,-15.37734152151495
0.7017403480696139,-2.8618919345165734,-5.066930722922606,-12.558049917645064,-15.348299505870358
0.7019403880776155,-2.8644035623919217,-5.0699980896946,-12.553204779783727,-15.319228678702359
0.7021404280856172,-2.8669142205655698,-5.073059638256389,-12.548354840001807,-15.29012904001084
0.7023404680936187,-2.8694239080769313,-5.076115362844469,-12.543500098299319,-15.261000589795884
0.7025405081016203,-2.8719326239654395,-5.079165257695422,-12.538640554676249,-15.231843328057494
0.7027405481096219,-2.8744403672705134,-5.082209317045773,-12.533776209132604,-15.20265725479561
0.7029405881176235,-2.8769471370315767,-5.085247535132055,-12.528907061668384,-15.17344237001032
0.7031406281256252,-2.879452932288057,-5.088279906190827,-12.524033112283586,-15.144198673701538
0.7033406681336267,-2.8819577520793738,-5.091306424458637,-12.519154360978213,-15.11492616586932
0.7035407081416283,-2.8844615954449493,-5.094327084172001,-12.514270807752276,-15.08562484651361
0.70374074814963,-2.886964461424216,-5.097341879567502,-12.509382452605745,-15.056294715634436
0.7039407881576315,-2.889466349056587,-5.100350804881636,-12.504489295538647,-15.026935773231855
0.7041408281656332,-2.891967257381495,-5.103353854350978,-12.499591336550967,-14.997548019305782
0.7043408681736347,-2.894467185438356,-5.106351022212046,-12.494688575642716,-14.968131453856302
0.7045409081816363,-2.8969661322665994,-5.109342302701421,-12.489781012813886,-14.9386860768833
0.704740948189638,-2.899464096905648,-5.112327690055608,-12.484868648064477,-14.909211888386892
0.7049409881976395,-2.9019610783949226,-5.115307178511166,-12.479951481394497,-14.879708888366991
0.7051410282056412,-2.904457075773853,-5.118280762304643,-12.475029512803935,-14.850177076823627
0.7053410682136427,-2.9069520880818542,-5.1212484356725625,-12.470102742292806,-14.820616453756855
0.7055411082216443,-2.9094461143583574,-5.124210192851493,-12.465171169861094,-14.791027019166592
0.705741148229646,-2.911939153642783,-5.127166028077944,-12.460234795508814,-14.761408773052864
0.7059411882376475,-2.914431204974555,-5.130115935588485,-12.455293619235952,-14.7317617154157
0.7061412282456492,-2.9169222673931,-5.1330599096196465,-12.450347641042512,-14.702085846255073
0.7063412682536507,-2.9194123399378356,-5.135997944407968,-12.4453968609285,-14.672381165570982
0.7065413082616523,-2.9219014216481938,-5.138930034190018,-12.440441278893907,-14.642647673363456
0.706741348269654,-2.924389511563593,-5.141856173202314,-12.435480894938738,-14.612885369632437
0.7069413882776555,-2.9268766087234557,-5.144776355681408,-12.430515709062995,-14.583094254377983
0.7071414282856572,-2.9293627121672072,-5.1476905758638125,-12.42554572126668,-14.553274327600093
0.7073414682936587,-2.931847820934278,-5.150598827986144,-12.42057093154978,-14.52342558929871
0.7075415083016603,-2.9343319340640797,-5.15350110628485,-12.415591339912318,-14.493548039473893
0.707741548309662,-2.9368150505960475,-5.156397404996568,-12.410606946354264,-14.463641678125555
0.7079415883176635,-2.9392971695695955,-5.15928771835776,-12.405617750875642,-14.433706505253838
0.7081416283256652,-2.941778290024156,-5.162172040605029,-12.400623753476438,-14.4037425208586
0.7083416683336667,-2.9442584109991445,-5.165050365974871,-12.395624954156666,-14.373749724939984
0.7085417083416683,-2.9467375315339908,-5.16792268870384,-12.390621352916313,-14.343728117497903
0.70874174834967,-2.949215650668119,-5.17078900302851,-12.38561294975538,-14.313677698532302
0.7089417883576715,-2.9516927674409477,-5.1736493031853925,-12.380599744673876,-14.283598468043266
0.7091418283656732,-2.9541688808919044,-5.176503583411041,-12.375581737671794,-14.253490426030766
0.7093418683736747,-2.956643990060412,-5.179351837941994,-12.370558928749137,-14.22335357249483
0.7095419083816763,-2.9591180939858948,-5.1821940610147905,-12.365531317905905,-14.193187907435458
0.709741948389678,-2.9615911917077753,-5.185030246865971,-12.360498905142101,-14.162993430852595
0.7099419883976795,-2.964063282265477,-5.187860389732087,-12.35546169045772,-14.132770142746324
0.7101420284056812,-2.966534364698428,-5.190684483849694,-12.350419673852755,-14.102518043116532
0.7103420684136827,-2.9690044380460456,-5.193502523455308,-12.34537285532722,-14.072237131963306
0.7105421084216843,-2.971473501347761,-5.196314502785505,-12.340321234881102,-14.041927409286615
0.710742148429686,-2.9739415536429927,-5.199120416076795,-12.33526481251441,-14.01158887508646
0.7109421884376875,-2.976408593971164,-5.201920257565732,-12.330203588227143,-13.98122152936287
0.7111422284456892,-2.978874621371701,-5.204714021488854,-12.3251375620193,-13.950825372115787
0.7113422684536908,-2.9813396348840238,-5.207501702082695,-12.320066733890886,-13.920400403345354
0.7115423084616923,-2.983803633547562,-5.210283293583835,-12.314991103841898,-13.889946623051344
0.711742348469694,-2.9862666164017373,-5.213058790228779,-12.309910671872323,-13.859464031233927
0.7119423884776955,-2.9887285824859715,-5.2158281862541,-12.304825437982178,-13.828952627893074
0.7121424284856971,-2.991189530839688,-5.218591475896297,-12.299735402171457,-13.798412413028757
0.7123424684936988,-2.993649460502314,-5.221348653391956,-12.294640564440158,-13.767843386640948
0.7125425085017003,-2.996108370513272,-5.224099712977612,-12.28954092478828,-13.737245548729675
0.712742548509702,-2.9985662599119864,-5.226844648889795,-12.284436483215824,-13.706618899294938
0.7129425885177035,-3.0010231277378754,-5.229583455365038,-12.279327239722797,-13.675963438336822
0.7131426285257051,-3.003478973030367,-5.232316126639894,-12.274213194309198,-13.645279165855214
0.7133426685337068,-3.0059337948288913,-5.235042656950938,-12.26909434697501,-13.614566081850086
0.7135427085417083,-3.008387592172862,-5.237763040534674,-12.263970697720254,-13.583824186321522
0.71374274854971,-3.0108403641017034,-5.2404772716276184,-12.258842246544933,-13.55305347926955
0.7139427885577115,-3.013292109654847,-5.243185344466376,-12.25370899344902,-13.522253960694144
0.7141428285657131,-3.01574282787171,-5.245887253287485,-12.248570938432536,-13.491425630595188
0.7143428685737148,-3.018192517791718,-5.248582992327414,-12.243428081495477,-13.460568488972854
0.7145429085817163,-3.0206411784542935,-5.25127255582278,-12.238280422637843,-13.429682535827084
0.714742948589718,-3.0230888088988657,-5.253955938010115,-12.233127961859626,-13.398767771157793
0.7149429885977195,-3.0255354081648536,-5.256633133125945,-12.227970699160835,-13.367824194965038
0.7151430286057211,-3.0279809752916798,-5.259304135406822,-12.222808634541472,-13.33685180724882
0.7153430686137228,-3.0304255093187757,-5.261968939089279,-12.217641768001524,-13.305850608009166
0.7155431086217243,-3.0328690092855517,-5.264627538409847,-12.212470099541019,-13.274820597246105
0.715743148629726,-3.035311474231447,-5.267279927605124,-12.207293629159917,-13.243761774959495
0.7159431886377275,-3.0377529031958694,-5.269926100911569,-12.202112356858255,-13.212674141149506
0.7161432286457291,-3.040193295218258,-5.2725660525658,-12.196926282636003,-13.181557695815997
0.7163432686537308,-3.042632649338027,-5.275199776804314,-12.19173540649318,-13.150412438959052
0.7165433086617323,-3.0450709645945997,-5.277827267863657,-12.186539728429786,-13.119238370578728
0.716743348669734,-3.047508240027409,-5.2804485199804105,-12.181339248445806,-13.088035490674855
0.7169433886777355,-3.0499444746758666,-5.2830635273910715,-12.176133966541258,-13.056803799247547
0.7171434286857371,-3.052379667579407,-5.285672284332222,-12.170923882716128,-13.025543296296746
0.7173434686937388,-3.0548138177774486,-5.288274785040379,-12.165708996970423,-12.994253981822567
0.7175435087017403,-3.057246924309414,-5.290871023752061,-12.160489309304143,-12.962935855824895
0.717743548709742,-3.0596789862147276,-5.293460994703835,-12.1552648197173,-12.931588918303788
0.7179435887177436,-3.062110002532818,-5.296044692132284,-12.150035528209862,-12.90021316925916
0.7181436287257451,-3.0645399723031037,-5.298622110273904,-12.144801434781854,-12.868808608691154
0.7183436687337468,-3.066968894565008,-5.301193243365233,-12.139562539433271,-12.837375236599655
0.7185437087417483,-3.069396768357957,-5.3037580856428335,-12.134318842164113,-12.805913052984693
0.71874374874975,-3.071823592721378,-5.306316631343265,-12.129070342974373,-12.774422057846238
0.7189437887577516,-3.074249366694688,-5.3088688747030375,-12.123817041864061,-12.742902251184347
0.7191438287657531,-3.076674089317315,-5.311414809958691,-12.118558938833171,-12.711353632999078
0.7193438687737548,-3.079097759628679,-5.313954431346787,-12.11329603388171,-12.679776203290288
0.7195439087817563,-3.081520376668209,-5.31648773310387,-12.108028327009674,-12.648169962058006
0.719743948789758,-3.0839419394753245,-5.319014709466458,-12.102755818217055,-12.616534909302317
0.7199439887977596,-3.086362447089452,-5.321535354671134,-12.097478507503862,-12.584871045023192
0.7201440288057611,-3.088781898550012,-5.324049662954401,-12.092196394870093,-12.553178369220575
0.7203440688137628,-3.091200292896433,-5.326557628552827,-12.086909480315747,-12.521456881894494
0.7205441088217643,-3.0936176291681345,-5.3290592457029575,-12.081617763840825,-12.48970658304492
0.720744148829766,-3.096033906404542,-5.331554508641297,-12.076321245445328,-12.45792747267194
0.7209441888377676,-3.0984491236450786,-5.334043411604426,-12.071019925129256,-12.426119550775553
0.7211442288457691,-3.100863279929171,-5.336525948828886,-12.065713802892603,-12.394282817355617
0.7213442688537708,-3.1032763742962395,-5.339002114551199,-12.060402878735374,-12.362417272412245
0.7215443088617723,-3.1056884057857097,-5.341471903007914,-12.05508715265757,-12.330522915945437
0.721744348869774,-3.1080993734370024,-5.343935308435576,-12.049766624659203,-12.298599747955166
0.7219443888777756,-3.1105092762895454,-5.346392325070745,-12.044441294740245,-12.266647768441459
0.7221444288857771,-3.112918113382759,-5.348842947149926,-12.039111162900717,-12.234666977404288
0.7223444688937788,-3.1153258837560713,-5.3512871689097,-12.033776229140607,-12.202657374843625
0.7225445089017803,-3.117732586448901,-5.353724984586584,-12.028436493459925,-12.170618960759526
0.7227445489097819,-3.1201382205006736,-5.356156388417126,-12.023091955858668,-12.13855173515202
0.7229445889177836,-3.1225427849508147,-5.358581374637879,-12.017742616336832,-12.106455698020994
0.7231446289257851,-3.124946278838748,-5.360999937485374,-12.012388474894419,-12.074330849366532
0.7233446689337868,-3.127348701203898,-5.363412071196173,-12.007029531531426,-12.042177189188578
0.7235447089417884,-3.129750051085683,-5.365817770006785,-12.001665786247873,-12.009994717487245
0.7237447489497899,-3.132150327523533,-5.368217028153786,-11.99629723904373,-11.977783434262392
0.7239447889577916,-3.1345495295568657,-5.370609839873701,-11.990923889919017,-11.945543339514074
0.7241448289657931,-3.1369476562251135,-5.372996199403083,-11.985545738873718,-11.913274433242293
0.7243448689737948,-3.139344706567689,-5.375376100978443,-11.980162785907854,-11.880976715447105
0.7245449089817964,-3.141740679624026,-5.377749538836383,-11.974775031021409,-11.848650186128452
0.7247449489897979,-3.1441355744335446,-5.380116507213394,-11.969382474214385,-11.816294845286308
0.7249449889977996,-3.1465293900356643,-5.3824770003460145,-11.963985115486793,-11.783910692920756
0.7251450290058011,-3.1489221254698183,-5.3848310124708405,-11.958582954838615,-11.751497729031684
0.7253450690138028,-3.151313779775424,-5.387178537824369,-11.953175992269863,-11.719055953619232
0.7255451090218044,-3.1537043519919026,-5.389519570643159,-11.947764227780539,-11.68658536668326
0.7257451490298059,-3.1560938411586816,-5.3918541051637305,-11.942347661370647,-11.654085968223853
0.7259451890378076,-3.158482246315188,-5.394182135622678,-11.936926293040166,-11.621557758240954
0.7261452290458091,-3.160869566500839,-5.396503656256478,-11.931500122789114,-11.589000736734704
0.7263452690538108,-3.1632558007550644,-5.398818661301746,-11.92606915061748,-11.556414903704876
0.7265453090618124,-3.1656409481172822,-5.401127144994952,-11.920633376525274,-11.523800259151642
0.7267453490698139,-3.1680250076269187,-5.4034291015726765,-11.915192800512493,-11.491156803074944
0.7269453890778156,-3.1704079783234,-5.4057245252714665,-11.909747422579134,-11.458484535474781
0.7271454290858171,-3.172789859246146,-5.408013410327861,-11.9042972427252,-11.425783456351212
0.7273454690938188,-3.1751706494345857,-5.410295750978392,-11.898842260950683,-11.393053565704122
0.7275455091018204,-3.1775503479281353,-5.412571541459577,-11.893382477255606,-11.360294863533625
0.7277455491098219,-3.1799289537662263,-5.414840776008035,-11.88791789163994,-11.327507349839607
0.7279455891178236,-3.182306465988276,-5.417103448860232,-11.882448504103703,-11.294691024622239
0.7281456291258251,-3.1846828836337124,-5.419359554252765,-11.876974314646887,-11.261845887881321
0.7283456691338268,-3.187058205741959,-5.421609086422137,-11.871495323269492,-11.228971939616969
0.7285457091418284,-3.189432431352433,-5.423852039604903,-11.86601152997153,-11.196069179829152
0.7287457491498299,-3.1918055595045693,-5.426088408037629,-11.860522934752986,-11.163137608517928
0.7289457891578316,-3.1941775892377873,-5.428318185956826,-11.85502953761386,-11.130177225683184
0.7291458291658331,-3.1965485195915058,-5.430541367599048,-11.849531338554165,-11.097188031325004
0.7293458691738348,-3.1989183496051536,-5.432757947200841,-11.844028337573892,-11.06417002544336
0.7295459091818364,-3.2012870783181517,-5.434967918998737,-11.838520534673044,-11.031123208038252
0.7297459491898379,-3.203654704769927,-5.437171277229275,-11.833007929851625,-10.998047579109766
0.7299459891978396,-3.2060212279999014,-5.439368016129038,-11.827490523109624,-10.96494313865773
0.7301460292058412,-3.2083866470474955,-5.441558129934506,-11.821968314447052,-10.931809886682288
0.7303460692138428,-3.2107509609521436,-5.443741612882292,-11.81644130386389,-10.898647823183325
0.7305461092218444,-3.2131141687532576,-5.445918459208883,-11.810909491360164,-10.865456948161011
0.7307461492298459,-3.215476269490267,-5.448088663150834,-11.805372876935856,-10.832237261615177
0.7309461892378476,-3.217837262202595,-5.450252218944698,-11.799831460590973,-10.798988763545879
0.7311462292458492,-3.2201971459296637,-5.452409120827021,-11.794285242325515,-10.765711453953116
0.7313462692538508,-3.2225559197108984,-5.454559363034328,-11.788734222139482,-10.732405332836919
0.7315463092618524,-3.224913582585721,-5.456702939803193,-11.783178400032881,-10.699070400197257
0.7317463492698539,-3.2272701335935565,-5.4588398453701075,-11.777617776005698,-10.66570665603416
0.7319463892778556,-3.2296255717738322,-5.460970073971659,-11.772052350057933,-10.632314100347571
0.7321464292858572,-3.231979896165967,-5.463093619844365,-11.766482122189593,-10.598892733137546
0.7323464692938588,-3.2343331058093865,-5.465210477224794,-11.760907092400679,-10.56544255440403
0.7325465093018604,-3.2366851997435173,-5.4673206403494845,-11.755327260691182,-10.531963564147105
0.7327465493098619,-3.239036177007776,-5.469424103454948,-11.749742627061117,-10.498455762366689
0.7329465893178636,-3.2413860366415896,-5.471520860777737,-11.744153191510478,-10.464919149062837
0.7331466293258652,-3.243734777684387,-5.473610906554413,-11.738558954039256,-10.431353724235521
0.7333466693338668,-3.2460823991755863,-5.475694235021514,-11.73295991464746,-10.397759487884798
0.7335467093418684,-3.248428900154612,-5.477770840415573,-11.727356073335088,-10.364136440010554
0.7337467493498699,-3.250774279660888,-5.479840716973136,-11.721747430102148,-10.330484580612847
0.7339467893578716,-3.253118536733842,-5.48190385893075,-11.71613398494862,-10.296803909691704
0.7341468293658732,-3.255461670412891,-5.4839602605249524,-11.710515737874523,-10.263094427247154
0.7343468693738747,-3.2578036797374637,-5.486009915992291,-11.704892688879845,-10.229356133279083
0.7345469093818764,-3.260144563746982,-5.488052819569305,-11.699264837964591,-10.195589027787548
0.734746949389878,-3.262484321480869,-5.490088965492532,-11.693632185128763,-10.161793110772578
0.7349469893978796,-3.26482295197855,-5.492118347998542,-11.68799473037236,-10.127968382234116
0.7351470294058812,-3.267160454279452,-5.494140961323843,-11.682352473695374,-10.094114842172274
0.7353470694138827,-3.2694968274229907,-5.496156799704998,-11.676705415097821,-10.060232490586912
0.7355471094218844,-3.271832070448596,-5.498165857378503,-11.671053554579693,-10.026321327478144
0.735747149429886,-3.274166182395689,-5.500168128580974,-11.665396892140983,-9.992381352845854
0.7359471894378876,-3.276499162303695,-5.5021636075489155,-11.659735427781698,-9.958412566690185
0.7361472294458892,-3.278831009212036,-5.50415228851886,-11.654069161501837,-9.924414969011025
0.7363472694538907,-3.281161722160136,-5.506134165727374,-11.648398093301402,-9.8903885598084
0.7365473094618924,-3.283491300187424,-5.508109233411005,-11.642722223180385,-9.856333339082283
0.736747349469894,-3.2858197423333175,-5.510077485806271,-11.637041551138793,-9.822249306832788
0.7369473894778956,-3.288147047637242,-5.5120389171497095,-11.631356077176626,-9.7881364630598
0.7371474294858972,-3.290473215138622,-5.513993521677911,-11.625665801293884,-9.753994807763291
0.7373474694938987,-3.2927982438768773,-5.51594129362735,-11.619970723490567,-9.719824340943404
0.7375475095019004,-3.295122132891441,-5.517882227234615,-11.614270843766668,-9.685625062600025
0.737747549509902,-3.2974448812217254,-5.5198163167362395,-11.608566162122209,-9.651396972733238
0.7379475895179036,-3.2997664879071618,-5.521743556368769,-11.60285667855716,-9.61714007134293
0.7381476295259052,-3.3020869519871745,-5.523663940368721,-11.597142393071536,-9.582854358429216
0.7383476695339067,-3.3044062725011827,-5.5255774629726915,-11.591423305665337,-9.548539833991981
0.7385477095419084,-3.3067244484886142,-5.527484118417178,-11.585699416338556,-9.51419649803131
0.73874774954991,-3.3090414789888882,-5.529383900938733,-11.579970725091208,-9.479824350547261
0.7389477895579116,-3.3113573630414326,-5.53127680477391,-11.574237231923277,-9.445423391539663
0.7391478295659132,-3.3136720996856663,-5.53316282415922,-11.568498936834779,-9.410993621008657
0.7393478695739147,-3.315985687961021,-5.535041953331245,-11.562755839825698,-9.376535038954216
0.7395479095819164,-3.3182981269069156,-5.536914186526509,-11.557007940896042,-9.342047645376255
0.739747949589918,-3.320609415562773,-5.5387795179815384,-11.551255240045812,-9.307531440274886
0.7399479895979196,-3.3229195529680204,-5.540637941932943,-11.545497737275,-9.272986423649968
0.7401480296059212,-3.3252285381620776,-5.5424894526171755,-11.539735432583612,-9.238412595501671
0.7403480696139227,-3.327536370184365,-5.54433404427084,-11.533968325971657,-9.20380995582994
0.7405481096219244,-3.329843048074318,-5.546171711130448,-11.52819641743912,-9.169178504634715
0.740748149629926,-3.3321485708713503,-5.548002447432545,-11.522419706986007,-9.134518241916055
0.7409481896379276,-3.334452937614893,-5.549826247413705,-11.516638194612312,-9.099829167673875
0.7411482296459292,-3.336756147344362,-5.551643105310426,-11.51085188031805,-9.065111281908287
0.7413482696539307,-3.3390581990991848,-5.553453015359281,-11.505060764103213,-9.030364584619292
0.7415483096619324,-3.341359091918793,-5.555255971796811,-11.499264845967787,-8.995589075806748
0.741748349669934,-3.343658824842594,-5.557051968859533,-11.493464125911807,-8.960784755470797
0.7419483896779356,-3.345957396910027,-5.558841000784021,-11.48765860393523,-8.925951623611354
0.7421484296859372,-3.348254807160508,-5.560623061806808,-11.48184828003808,-8.891089680228504
0.7423484696939388,-3.3505510546334563,-5.562398146164419,-11.476033154220367,-8.85619892532219
0.7425485097019404,-3.35284613836831,-5.564166248093436,-11.470213226482059,-8.821279358892355
0.742748549709942,-3.3551400574044763,-5.565927361830347,-11.46438849682319,-8.786330980939113
0.7429485897179436,-3.3574328107813933,-5.56768148161175,-11.458558965243732,-8.751353791462378
0.7431486297259452,-3.3597243975384714,-5.569428601674126,-11.452724631743713,-8.716347790462294
0.7433486697339468,-3.3620148167151473,-5.571168716254078,-11.446885496323105,-8.68131297793866
0.7435487097419484,-3.36430406735084,-5.572901819588118,-11.44104155898193,-8.646249353891562
0.74374874974995,-3.3665921484849655,-5.5746279059127914,-11.435192819720179,-8.61115691832103
0.7439487897579516,-3.368879059156958,-5.576346969464645,-11.429339278537846,-8.576035671227089
0.7441488297659532,-3.3711647984062374,-5.578059004480231,-11.423480935434938,-8.540885612609628
0.7443488697739548,-3.3734493652722257,-5.579764005196061,-11.417617790411455,-8.505706742468732
0.7445489097819564,-3.375732758794353,-5.581461965848725,-11.41174984346739,-8.470499060804343
0.744748949789958,-3.3780149780120325,-5.583152880674717,-11.405877094602758,-8.435262567616576
0.7449489897979596,-3.380296021964698,-5.584836743910614,-11.399999543817543,-8.399997262905288
0.7451490298059612,-3.38257588969177,-5.586513549792933,-11.394117191111754,-8.364703146670564
0.7453490698139628,-3.3848545802326697,-5.588183292558256,-11.388230036485389,-8.32938021891232
0.7455491098219644,-3.387132092626821,-5.589845966443086,-11.38233807993845,-8.294028479630668
0.745749149829966,-3.389408425913654,-5.591501565683963,-11.376441321470935,-8.25864792882561
0.7459491898379675,-3.391683579132584,-5.593150084517447,-11.370539761082846,-8.22323856649706
0.7461492298459692,-3.393957551323039,-5.5947915171800915,-11.364633398774174,-8.187800392645016
0.7463492698539708,-3.39623034152444,-5.596425857908407,-11.358722234544935,-8.152333407269566
0.7465493098619724,-3.39850194877622,-5.598053100938984,-11.352806268395106,-8.116837610370652
0.746749349869974,-3.4007723721177925,-5.599673240508324,-11.34688550032471,-8.081313001948246
0.7469493898779755,-3.4030416105885823,-5.60128627085296,-11.340959930333739,-8.045759582002432
0.7471494298859772,-3.405309663228019,-5.602892186209488,-11.335029558422185,-8.010177350533098
0.7473494698939788,-3.4075765290755236,-5.604490980814411,-11.329094384590057,-7.974566307540385
0.7475495099019804,-3.4098422071705166,-5.606082648904277,-11.323154408837361,-7.938926453024152
0.747749549909982,-3.4121066965524243,-5.6076671847156305,-11.317209631164083,-7.903257786984483
0.7479495899179835,-3.414369996260671,-5.609244582485026,-11.31126005157023,-7.867560309421322
0.7481496299259852,-3.4166321053346813,-5.610814836448974,-11.305305670055795,-7.831834020334753
0.7483496699339868,-3.418893022813876,-5.6123779408440555,-11.299346486620792,-7.796078919724749
0.7485497099419884,-3.4211527477376826,-5.6139338899067965,-11.293382501265206,-7.760295007591225
0.74874974994999,-3.4234112791455207,-5.615482677873715,-11.287413713989046,-7.724482283934293
0.7489497899579916,-3.425668616076818,-5.617024298981406,-11.281440124792312,-7.688640748753869
0.7491498299659932,-3.427924757570997,-5.618558747466388,-11.275461733674994,-7.652770402049953
0.7493498699739948,-3.4301797026674787,-5.620086017565185,-11.26947854063711,-7.616871243822686
0.7495499099819964,-3.4324334504056893,-5.6216061035143525,-11.263490545678643,-7.580943274071899
0.749749949989998,-3.434685999825051,-5.623118999550428,-11.257497748799615,-7.544986492797648
0.7499499899979996,-3.4369373499649907,-5.62462469990998,-11.251500149999998,-7.5090008999999895
0.7501500300060012,-3.439187499864934,-5.626123198829532,-11.2454977492798,-7.472986495678811
0.7503500700140028,-3.4414364485642928,-5.627614490545604,-11.23949054663904,-7.4369432798342245
0.7505501100220044,-3.4436841951025094,-5.629098569294783,-11.233478542077684,-7.400871252466118
0.750750150030006,-3.4459307385189906,-5.630575429313588,-11.227461735595767,-7.3647704135745755
0.7509501900380076,-3.448176077853166,-5.63204506483855,-11.221440127193276,-7.328640763159655
0.7511502300460092,-3.4504202121444667,-5.633507470106238,-11.215413716870195,-7.292482301221213
0.7513502700540108,-3.4526631404323034,-5.634962639353176,-11.209382504626547,-7.2562950277593075
0.7515503100620124,-3.454904861756109,-5.636410566815897,-11.20334649046233,-7.2200789427739664
0.751750350070014,-3.4571453751553065,-5.637851246730996,-11.197305674377525,-7.183834046265105
0.7519503900780156,-3.4593846796693146,-5.6392846733349415,-11.191260056372151,-7.147560338232921
0.7521504300860172,-3.461622774337565,-5.640710840864358,-11.185209636446189,-7.111257818677132
0.7523504700940188,-3.4638596581994747,-5.6421297435557065,-11.179154414599658,-7.074926487597963
0.7525505101020205,-3.466095330294465,-5.643541375645569,-11.17309439083256,-7.038566344995331
0.752750550110022,-3.4683297896619703,-5.644945731370498,-11.167029565144873,-7.002177390869264
0.7529505901180236,-3.470563035341403,-5.64634280496702,-11.160959937536617,-6.965759625219704
0.7531506301260252,-3.472795066372198,-5.647732590671673,-11.15488550800778,-6.9293130480467084
0.7533506701340268,-3.475025881793771,-5.649115082721032,-11.148806276558368,-6.892837659350192
0.7535507101420285,-3.4772554806455496,-5.6504902753515935,-11.14272224318838,-6.856333459130269
0.75375075015003,-3.479483861966953,-5.651858162799911,-11.136633407897826,-6.819800447386967
0.7539507901580316,-3.4817110247974092,-5.653218739302552,-11.130539770686688,-6.783238624120116
0.7541508301660332,-3.483936968176341,-5.654571999096049,-11.12444133155497,-6.7466479893298015
0.7543508701740348,-3.486161691143174,-5.655917936416955,-11.118338090502675,-6.710028543016023
0.7545509101820365,-3.4883851927373293,-5.657256545501781,-11.112230047529806,-6.673380285178808
0.754750950190038,-3.490607471998228,-5.658587820587087,-11.106117202636362,-6.636703215818187
0.7549509901980396,-3.4928285279652957,-5.65991175590942,-11.09999955582235,-6.5999973349340735
0.7551510302060412,-3.4950483596779627,-5.661228345705304,-11.09387710708775,-6.563262642526496
0.7553510702140428,-3.4972669661756495,-5.662537584211329,-11.087749856432573,-6.526499138595483
0.7555511102220445,-3.4994843464977716,-5.663839465663962,-11.081617803856837,-6.489706823141006
0.755751150230046,-3.501700499683766,-5.665133984299835,-11.075480949360504,-6.452885696163008
0.7559511902380476,-3.5039154247730426,-5.666421134355403,-11.06933929294361,-6.416035757661632
0.7561512302460492,-3.506129120805035,-5.667700910067268,-11.063192834606134,-6.379157007636763
0.7563512702540508,-3.508341586819169,-5.668973305671955,-11.057041574348077,-6.342249446088488
0.7565513102620525,-3.5105528218548603,-5.670238315406003,-11.050885512169444,-6.305313073016691
0.756751350270054,-3.512762824951537,-5.671495933505966,-11.044724648070236,-6.268347888421431
0.7569513902780556,-3.514971595148616,-5.672746154208362,-11.03855898205046,-6.231353892302764
0.7571514302860572,-3.517179131485536,-5.673988971749772,-11.032388514110096,-6.1943310846605755
0.7573514702940588,-3.5193854330017054,-5.675224380366693,-11.026213244249163,-6.157279465495037
0.7575515103020604,-3.5215904987365523,-5.6764523742956925,-11.02003317246767,-6.120199034805978
0.757751550310062,-3.5237943277295116,-5.677672947773331,-11.013848298765573,-6.083089792593427
0.7579515903180636,-3.525996919019992,-5.67888609503612,-11.007658623142909,-6.045951738857497
0.7581516303260653,-3.5281982716474207,-5.680091810320604,-11.001464145599677,-6.008784873598074
0.7583516703340668,-3.530398384651228,-5.68129008786336,-10.995264866135862,-5.9715891968151595
0.7585517103420684,-3.532597257070833,-5.682480921900904,-10.989060784751466,-5.934364708508781
0.75875175035007,-3.534794887945658,-5.683664306669755,-10.982851901446502,-5.897111408678995
0.7589517903580716,-3.5369912763151294,-5.684840236406487,-10.976638216220962,-5.859829297325803
0.7591518303660733,-3.539186421218673,-5.686008705347653,-10.970419729074841,-5.822518374449061
0.7593518703740748,-3.5413803216957085,-5.687169707729787,-10.964196440008145,-5.785178640048855
0.7595519103820764,-3.5435729767856614,-5.6883232377893975,-10.95796834902088,-5.747810094125214
0.759751950390078,-3.545764385527958,-5.689469289763068,-10.951735456113028,-5.710412736678109
0.7599519903980796,-3.547954546962014,-5.690607857887322,-10.945497761284606,-5.672986567707625
0.7601520304060813,-3.550143460127263,-5.6917389363987,-10.939255264535603,-5.63553158721362
0.7603520704140828,-3.5523311240631195,-5.692862519533762,-10.933007965866032,-5.598047795196152
0.7605521104220844,-3.5545175378090157,-5.693978601529025,-10.92675586527588,-5.560535191655305
0.760752150430086,-3.5567027004043723,-5.6950871766210724,-10.920498962765144,-5.5229937765909085
0.7609521904380876,-3.55888661088861,-5.696188239046407,-10.914237258333841,-5.485423550003077
0.7611522304460893,-3.5610692683011553,-5.697281783041589,-10.907970751981964,-5.447824511891781
0.7613522704540908,-3.563250671681434,-5.698367802843144,-10.901699443709504,-5.41019666225705
0.7615523104620924,-3.565430820068867,-5.699446292687661,-10.895423333516476,-5.372540001098855
0.761752350470094,-3.567609712502877,-5.700517246811621,-10.889142421402866,-5.334854528417196
0.7619523904780956,-3.5697873480228903,-5.701580659451608,-10.882856707368681,-5.297140244212073
0.7621524304860973,-3.5719637256683328,-5.702636524844145,-10.876566191413914,-5.259397148483487
0.7623524704940988,-3.574138844478618,-5.703684837225779,-10.87027087353858,-5.2216252412314645
0.7625525105021004,-3.5763127034931834,-5.704725590833071,-10.863970753742663,-5.183824522456007
0.762752550510102,-3.5784853017514404,-5.705758779902524,-10.857665832026179,-5.145994992157085
0.7629525905181036,-3.5806566382928224,-5.706784398670727,-10.851356108389112,-5.1081366503346715
0.7631526305261053,-3.5828267121567503,-5.707802441374199,-10.84504158283147,-5.070249496988794
0.7633526705341068,-3.5849955223826466,-5.70881290224947,-10.838722255353247,-5.032333532119537
0.7635527105421084,-3.587163068009934,-5.709815775533109,-10.832398125954462,-4.994388755726732
0.76375275055011,-3.5893293480780404,-5.710811055461633,-10.826069194635089,-4.956415167810519
0.7639527905581116,-3.591494361626385,-5.711798736271611,-10.81973546139514,-4.918412768370814
0.7641528305661133,-3.5936581076943934,-5.712778812199559,-10.813396926234617,-4.880381557407674
0.7643528705741148,-3.595820585321489,-5.7137512774820465,-10.807053589153519,-4.842321534921126
0.7645529105821164,-3.5979817935470955,-5.714716126355597,-10.800705450151845,-4.804232700911058
0.764752950590118,-3.6001417314106394,-5.715673353056758,-10.79435250922959,-4.766115055377526
0.7649529905981196,-3.6023003979515433,-5.716622951822082,-10.78799476638676,-4.727968598320558
0.7651530306061213,-3.604457792209228,-5.717564916888087,-10.781632221623354,-4.689793329740127
0.7653530706141228,-3.6066139132231143,-5.71849924249134,-10.775264874939381,-4.651589249636288
0.7655531106221244,-3.6087687600326355,-5.719425922868361,-10.768892726334833,-4.613356358008957
0.7657531506301261,-3.610922331677216,-5.720344952255722,-10.762515775809689,-4.575094654858134
0.7659531906381276,-3.6130746271962657,-5.721256324889929,-10.756134023363991,-4.5368041401839605
0.7661532306461293,-3.61522564562922,-5.722160035007576,-10.749747468997704,-4.4984848139862095
0.7663532706541308,-3.6173753860155013,-5.723056076845161,-10.743356112710842,-4.460136676265051
0.7665533106621324,-3.6195238473945306,-5.723944444639251,-10.736959954503405,-4.421759727020401
0.7667533506701341,-3.6216710288057303,-5.724825132626343,-10.730558994375393,-4.3833539662523435
0.7669533906781356,-3.623816929288532,-5.725698135043061,-10.724153232326799,-4.344919393960822
0.7671534306861373,-3.6259615478823495,-5.726563446125866,-10.717742668357637,-4.306456010145837
0.7673534706941388,-3.628104883626614,-5.727421060111361,-10.711327302467893,-4.267963814807359
0.7675535107021404,-3.6302469355607467,-5.72827097123605,-10.704907134657581,-4.229442807945446
0.7677535507101421,-3.632387702724168,-5.729113173736479,-10.698482164926688,-4.190892989560098
0.7679535907181436,-3.63452718415631,-5.729947661849238,-10.692052393275212,-4.152314359651285
0.7681536307261452,-3.636665378896584,-5.730774429810786,-10.685617819703175,-4.113706918219037
0.7683536707341468,-3.638802285984429,-5.731593471857764,-10.679178444210542,-4.07507066526324
0.7685537107421484,-3.6409379044592534,-5.732404782226624,-10.672734266797349,-4.036405600784121
0.7687537507501501,-3.6430722333604972,-5.7332083551539625,-10.666285287463566,-3.9977117247814533
0.7689537907581516,-3.6452052717275656,-5.734004184876298,-10.659831506209223,-3.95898903725535
0.7691538307661532,-3.6473370185998952,-5.734792265630183,-10.653372923034297,-3.9202375382057824
0.7693538707741548,-3.6494674730169105,-5.735572591652179,-10.64690953793879,-3.8814572276327226
0.7695539107821564,-3.651596634018027,-5.736345157178775,-10.640441350922721,-3.8426481055363126
0.7697539507901581,-3.6537245006426744,-5.7371099564465595,-10.633968361986064,-3.803810171916382
0.7699539907981596,-3.6558510719302753,-5.737866983692079,-10.627490571128831,-3.764943426772959
0.7701540308061612,-3.657976346920254,-5.738616233151859,-10.621007978351024,-3.7260478701061004
0.7703540708141629,-3.660100324652035,-5.739357699062438,-10.614520583652634,-3.687123501915778
0.7705541108221644,-3.662223004165037,-5.7400913756603416,-10.608028387033677,-3.6481703222021054
0.7707541508301661,-3.6643443844986887,-5.740817257182165,-10.601531388494138,-3.609188330964855
0.7709541908381676,-3.666464464692414,-5.741535337864413,-10.595029588034024,-3.5701775282041694
0.7711542308461692,-3.66858324378563,-5.742245611943638,-10.588522985653341,-3.5311379139200767
0.7713542708541709,-3.670700720817768,-5.742948073656372,-10.582011581352077,-3.4920694881124916
0.7715543108621724,-3.6728168948282534,-5.743642717239176,-10.575495375130238,-3.4529722507814142
0.7717543508701741,-3.6749317648565007,-5.744329536928561,-10.568974366987824,-3.41384620192693
0.7719543908781756,-3.677045329941942,-5.745008526961108,-10.562448556924828,-3.374691341548953
0.7721544308861772,-3.679157589123996,-5.745679681573343,-10.555917944941264,-3.3355076696475976
0.7723544708941789,-3.6812685414420923,-5.746342995001825,-10.54938253103711,-3.2962951862226646
0.7725545109021804,-3.6833781859356485,-5.746998461483052,-10.54284231521239,-3.257053891274353
0.7727545509101821,-3.685486521644087,-5.7476460752535985,-10.536297297467094,-3.2177837848025774
0.7729545909181836,-3.6875935476068413,-5.74828583055001,-10.529747477801216,-3.1784848668073096
0.7731546309261852,-3.689699262863323,-5.748917721608841,-10.52319285621477,-3.1391571372886347
0.7733546709341869,-3.691803666452966,-5.74954174266658,-10.516633432707742,-3.099800596246496
0.7735547109421884,-3.6939067574151903,-5.750157887959837,-10.510069207280146,-3.0604152436808363
0.7737547509501901,-3.6960085347894207,-5.750766151725102,-10.503500179931962,-3.0210010795917697
0.7739547909581916,-3.6981089976150727,-5.751366528198943,-10.496926350663216,-2.981558103979296
0.7741548309661932,-3.7002081449315796,-5.751959011617906,-10.490347719473888,-2.9420863168433016
0.7743548709741949,-3.7023059757783656,-5.752543596218523,-10.483764286363979,-2.9025857181838433
0.7745549109821964,-3.7044024891948553,-5.753120276237347,-10.477176051333487,-2.863056308000921
0.7747549509901981,-3.706497684220464,-5.753689045910889,-10.470583014382427,-2.8234980862945633
0.7749549909981996,-3.7085915598946197,-5.754249899475738,-10.463985175510793,-2.7839110530647986
0.7751550310062012,-3.710684115256747,-5.754802831168398,-10.457382534718583,-2.7442952083115415
0.7753550710142029,-3.7127753493462663,-5.755347835225436,-10.450775092005799,-2.704650552034792
0.7755551110222044,-3.7148652612026094,-5.755884905883391,-10.44416284737244,-2.664977084234579
0.7757551510302061,-3.7169538498651953,-5.756414037378789,-10.43754580081849,-2.62527480491093
0.7759551910382076,-3.719041114373443,-5.756935223948204,-10.430923952343981,-2.585543714063874
0.7761552310462092,-3.721127053766782,-5.75744845982814,-10.42429730194889,-2.545783811693326
0.7763552710542109,-3.7232116670846374,-5.757953739255171,-10.417665849633217,-2.5059950977992855
0.7765553110622124,-3.725294953366431,-5.75845105646583,-10.411029595396968,-2.4661775723818664
0.7767553510702141,-3.7273769116515805,-5.7589404056966345,-10.404388539240152,-2.426331235440955
0.7769553910782157,-3.729457540979519,-5.759421781184173,-10.397742681162754,-2.386456086976551
0.7771554310862172,-3.731536840389662,-5.759895177164957,-10.391092021164788,-2.346552126988712
0.7773554710942189,-3.7336148089214447,-5.760360587875546,-10.384436559246232,-2.3066193554773804
0.7775555111022204,-3.735691445614279,-5.7608180075524515,-10.377776295407116,-2.2666577724426986
0.7777555511102221,-3.737766749507596,-5.761267430432248,-10.371111229647411,-2.2266673778844677
0.7779555911182237,-3.739840719640817,-5.761708850751489,-10.364441361967131,-2.186648171802773
0.7781556311262252,-3.741913355053363,-5.7621422627466785,-10.357766692366283,-2.1466001541976425
0.7783556711342269,-3.743984654784665,-5.762567660654383,-10.351087220844846,-2.1065233250690483
0.7785557111422284,-3.7460546178741403,-5.762985038711122,-10.344402947402841,-2.0664176844170754
0.7787557511502301,-3.7481232433612117,-5.763394391153469,-10.337713872040261,-2.026283232241582
0.7789557911582317,-3.750190530285309,-5.763795712217949,-10.3310199947571,-1.9861199685426243
0.7791558311662332,-3.752256477685851,-5.764188996141115,-10.32432131555337,-1.9459278933202597
0.7793558711742349,-3.754321084602264,-5.764574237159501,-10.317617834429058,-1.9057070065743744
0.7795559111822364,-3.756384350073972,-5.764951429509637,-10.310909551384178,-1.8654573083050536
0.779755951190238,-3.7584462731403967,-5.7653205674281125,-10.304196466418716,-1.8251787985122405
0.7799559911982397,-3.7605068528409653,-5.7656816451514175,-10.297478579532672,-1.784871477195992
0.7801560312062412,-3.762566088215097,-5.766034656916112,-10.29075589072606,-1.7445353443563647
0.7803560712142429,-3.7646239783022217,-5.766379596958771,-10.28402839999886,-1.70417039999316
0.7805561112222444,-3.7666805221417548,-5.766716459515855,-10.277296107351098,-1.6637766441066049
0.780756151230246,-3.7687357187731294,-5.767045238824004,-10.270559012782748,-1.6233540766965007
0.7809561912382477,-3.770789567235761,-5.7673659291197055,-10.26381711629383,-1.582902697762961
0.7811562312462492,-3.7728420665690763,-5.767678524639507,-10.257070417884336,-1.5424225073060427
0.7813562712542509,-3.774893215812501,-5.767983019619962,-10.25031891755426,-1.5019135053255752
0.7815563112622524,-3.776943014005459,-5.7682794082975875,-10.243562615303617,-1.4613756918217007
0.781756351270254,-3.778991460187367,-5.768567684908973,-10.236801511132398,-1.4208090667943907
0.7819563912782557,-3.7810385533976607,-5.768847843690629,-10.230035605040591,-1.38021363024356
0.7821564312862572,-3.7830842926757526,-5.7691198788790885,-10.223264897028223,-1.339589382169322
0.7823564712942589,-3.785128677061074,-5.769383784710925,-10.216489387095265,-1.2989363225715636
0.7825565113022604,-3.787171705593048,-5.769639555422671,-10.209709075241733,-1.2582544514503695
0.782756551310262,-3.7892133773110928,-5.769887185250852,-10.202923961467633,-1.2175437688057968
0.7829565913182637,-3.7912536912546404,-5.7701266684320345,-10.196134045772943,-1.176804274637675
0.7831566313262652,-3.7932926464631063,-5.770357999202723,-10.189339328157686,-1.1360359689461461
0.7833566713342669,-3.795330241975922,-5.770581171799506,-10.182539808621847,-1.095238851731125
0.7835567113422685,-3.797366476832499,-5.770796180458895,-10.175735487165454,-1.0544129229926682
0.78375675135027,-3.7994013500722765,-5.771003019417449,-10.168926363788465,-1.0135581827308044
0.7839567913582717,-3.801434860734668,-5.771201682911716,-10.162112438490901,-0.9726746309453915
0.7841568313662732,-3.8034670078591013,-5.771392165178206,-10.155293711272762,-0.9317622676365716
0.7843568713742749,-3.8054977904850027,-5.771574460453522,-10.14847018213404,-0.8908210928042308
0.7845569113822765,-3.807527207651784,-5.771748562974132,-10.141641851074759,-0.8498511064485683
0.784756951390278,-3.809555258398884,-5.771914466976639,-10.134808718094888,-0.8088523085693282
0.7849569913982797,-3.8115819417657164,-5.7720721666975265,-10.12797078319445,-0.7678246991667095
0.7851570314062812,-3.8136072567917108,-5.772221656373397,-10.121128046373428,-0.72676827824057
0.7853570714142829,-3.8156312025162933,-5.772362930240789,-10.114280507631825,-0.6856830457909382
0.7855571114222845,-3.817653777978876,-5.772495982536199,-10.107428166969662,-0.6445690018179562
0.785757151430286,-3.8196749822188902,-5.772620807496182,-10.100571024386916,-0.6034261463214818
0.7859571914382877,-3.8216948142757587,-5.772737399357297,-10.093709079883595,-0.5622544793015436
0.7861572314462892,-3.8237132731889094,-5.772845752356112,-10.086842333459693,-0.521054000758113
0.7863572714542909,-3.825730357997765,-5.7729458607291235,-10.079970785115208,-0.479824710691247
0.7865573114622925,-3.8277460677417388,-5.773037718712899,-10.073094434850162,-0.4385666091009739
0.786757351470294,-3.829760401460266,-5.7731213205439715,-10.066213282664535,-0.39727969598718005
0.7869573914782957,-3.831773358192768,-5.773196660458858,-10.059327328558325,-0.35596397134997915
0.7871574314862972,-3.833784936978665,-5.773263732694147,-10.052436572531548,-0.31461943518934277
0.7873574714942989,-3.835795136857385,-5.7733225314863645,-10.045541014584188,-0.27324608750518564
0.7875575115023005,-3.837803956868349,-5.773373051072056,-10.03864065471626,-0.23184392829756462
0.787757551510302,-3.8398113960509797,-5.773415285687761,-10.031735492927758,-0.1904129575665081
0.7879575915183037,-3.8418174534447083,-5.773449229570012,-10.024825529218667,-0.1489531753119877
0.7881576315263052,-3.8438221280889486,-5.773474876955369,-10.017910763589008,-0.10746458153406024
0.7883576715343069,-3.8458254190231305,-5.773492222080378,-10.010991196038766,-0.06594717623258362
0.7885577115423085,-3.8478273252866746,-5.773501259181543,-10.004066826567957,-0.02440095940772835
0.78875775155031,-3.849827845919007,-5.773501982495432,-9.997137655176566,0.017174068940619236
0.7889577915583117,-3.851826979959551,-5.773494386258605,-9.9902036818646,0.058777908812430724
0.7891578315663133,-3.8538247264477334,-5.773478464707601,-9.983264906632051,0.10041056020764927
0.7893578715743149,-3.8558210844229706,-5.773454212078931,-9.976321329478935,0.14207202312636014
0.7895579115823165,-3.8578160529246883,-5.773421622609149,-9.969372950405251,0.1837622975685349
0.789757951590318,-3.859809630992318,-5.773380690534843,-9.962419769410978,0.22548138353414515
0.7899579915983197,-3.8618018176652793,-5.7733314100924815,-9.955461786496123,0.2672292810232193
0.7901580316063213,-3.863792611982989,-5.773273775518653,-9.9484990016607,0.30900599003578577
0.7903580716143229,-3.8657820129848766,-5.773207781049869,-9.941531414904702,0.3508115105717593
0.7905581116223245,-3.867770019710365,-5.77313342092274,-9.93455902622813,0.39264584263125357
0.790758151630326,-3.8697566311988805,-5.773050689373726,-9.927581835630981,0.43450898621409806
0.7909581916383277,-3.8717418464898454,-5.772959580639409,-9.920599843113251,0.4764009413204633
0.7911582316463293,-3.873725664622686,-5.772860088956342,-9.91361304867494,0.5183217079503208
0.7913582716543308,-3.875708084636816,-5.772752208561066,-9.906621452316067,0.5602712861036139
0.7915583116623325,-3.8776891055716742,-5.772635933690083,-9.899625054036612,0.6022496757803424
0.791758351670334,-3.8796687264666705,-5.772511258579982,-9.892623853836582,0.6442568769805064
0.7919583916783357,-3.8816469463612346,-5.772378177467274,-9.885617851715978,0.6862928897041627
0.7921584316863373,-3.8836237642947964,-5.772236684588542,-9.878607047674784,0.7283577139512829
0.7923584716943388,-3.8855991793067677,-5.772086774180266,-9.87159144171303,0.7704513497217818
0.7925585117023405,-3.8875731904365782,-5.771928440479037,-9.864571033830693,0.8125737970158013
0.792758551710342,-3.8895457967236577,-5.771761677721429,-9.857545824027774,0.8547250558333417
0.7929585917183437,-3.8915169972074164,-5.771586480143881,-9.850515812304288,0.8969051261742607
0.7931586317263453,-3.893486790927291,-5.771402841983026,-9.843480998660219,0.939114008038672
0.7933586717343468,-3.895455176922699,-5.771210757475366,-9.836441383095583,0.9813517014264903
0.7935587117423485,-3.897422154233059,-5.771010220857441,-9.829396965610371,1.0236182063377726
0.79375875175035,-3.8993877218978064,-5.77080122636584,-9.822347746204578,1.0659135227725471
0.7939587917583517,-3.9013518789563584,-5.770583768237053,-9.815293724878202,1.108237650730814
0.7941588317663533,-3.9033146244481394,-5.770357840707632,-9.808234901631259,1.1505905902124596
0.7943588717743548,-3.905275957412572,-5.77012343801416,-9.80117127646374,1.192972341217569
0.7945589117823565,-3.9072358768890876,-5.769880554393119,-9.794102849375633,1.2353829037461708
0.794758951790358,-3.9091943819170982,-5.769629184081104,-9.787029620366958,1.2778222777982364
0.7949589917983597,-3.9111514715360336,-5.769369321314613,-9.779951589437708,1.3202904633737376
0.7951590318063613,-3.913107144785318,-5.769100960330256,-9.772868756587883,1.3627874604726742
0.7953590718143628,-3.9150614007043743,-5.768824095364479,-9.765781121817483,1.4053132690950747
0.7955591118223645,-3.9170142383326265,-5.768538720653879,-9.758688685126508,1.4478678892409675
0.795759151830366,-3.9189656567094975,-5.768244830435023,-9.75159144651495,1.4904513209103243
0.7959591918383677,-3.920915654874417,-5.767942418944429,-9.744489405982812,1.533063564103145
0.7961592318463693,-3.922864231866795,-5.767631480418615,-9.737382563530112,1.5757046188193442
0.7963592718543708,-3.9248113867260663,-5.767312009094155,-9.73027091915683,1.6183744850590358
0.7965593118623725,-3.9267571184916594,-5.766983999207589,-9.723154472862959,1.6610731628222197
0.796759351870374,-3.9287014262029807,-5.766647444995428,-9.716033224648527,1.7038006521088391
0.7969593918783757,-3.930644308899465,-5.76630234069426,-9.70890717451352,1.7465569529189224
0.7971594318863773,-3.9325857656205425,-5.76594868054061,-9.701776322457924,1.7893420652524128
0.7973594718943788,-3.9345257954056247,-5.765586458771011,-9.694640668481767,1.832155989109424
0.7975595119023805,-3.9364643972941398,-5.765215669622016,-9.687500212585029,1.8749987244898705
0.7977595519103821,-3.938401570325512,-5.7648363073301425,-9.680354954767715,1.9178702713936957
0.7979595919183837,-3.9403373135391675,-5.764448366131987,-9.67320489502982,1.96077062982107
0.7981596319263853,-3.942271625974527,-5.764051840264052,-9.666050033371349,2.0036997997719084
0.7983596719343868,-3.9442045066710154,-5.763646723962879,-9.658890369792303,2.046657781246182
0.7985597119423885,-3.9461359546680583,-5.763233011465026,-9.651725904292675,2.0896445742439482
0.7987597519503901,-3.948065969005068,-5.762810697007019,-9.644556636872487,2.1326601787650645
0.7989597919583917,-3.94999454872149,-5.762379774825433,-9.637382567531702,2.1757045948097584
0.7991598319663933,-3.9519216928567236,-5.761940239156772,-9.630203696270364,2.218777822377831
0.7993598719743948,-3.953847400450213,-5.761492084237595,-9.62302002308843,2.261879861469424
0.7995599119823965,-3.955771670541372,-5.7610353043044356,-9.615831547985934,2.305010712084453
0.7997599519903981,-3.9576945021696233,-5.760569893593839,-9.608638270962857,2.348170374222832
0.7999599919983997,-3.959615894374396,-5.760095846342395,-9.601440192019197,2.391358847884817
0.8001600320064013,-3.9615358461951065,-5.759613156786564,-9.59423731115497,2.4345761330701805
0.8003600720144028,-3.9634543566711855,-5.7591218191629565,-9.587029628370168,2.4778222297790364
0.8005601120224045,-3.9653714248420577,-5.758621827708069,-9.579817143664776,2.5210971380112994
0.8007601520304061,-3.967287049747142,-5.758113176658483,-9.572599857038817,2.564400857767083
0.8009601920384077,-3.9692012304258633,-5.757595860250703,-9.565377768492283,2.607733389046274
0.8011602320464093,-3.9711139659176418,-5.757069872721317,-9.558150878025174,2.6510947318489855
0.8013602720544108,-3.973025255261909,-5.756535208306801,-9.550919185637497,2.694484886175019
0.8015603120624125,-3.97493509749809,-5.755991861243778,-9.543682691329224,2.737903852024658
0.8017603520704141,-3.9768434916655924,-5.755439825768718,-9.53644139510039,2.781351629397676
0.8019603920784157,-3.9787504368038604,-5.754879096118209,-9.529195296950967,2.8248282182941864
0.8021604320864173,-3.980655931952306,-5.754309666528805,-9.521944396880976,2.868333618714189
0.8023604720944189,-3.982559976150352,-5.753731531236987,-9.51468869489041,2.911867830657542
0.8025605121024205,-3.9844625684374293,-5.753144684479324,-9.507428190979262,2.955430854124387
0.8027605521104221,-3.9863637078529592,-5.752549120492425,-9.500162885147539,2.999022689114753
0.8029605921184236,-3.988263393436359,-5.751944833512745,-9.492892777395248,3.042643335628526
0.8031606321264253,-3.9901616242270634,-5.751331817776851,-9.485617867722368,3.0862927936657343
0.8033606721344269,-3.99205839926449,-5.750710067521318,-9.47833815612892,3.129971063226435
0.8035607121424285,-3.993953717588056,-5.750079576982628,-9.471053642614905,3.1736781443105997
0.8037607521504301,-3.9958475782372,-5.749440340397392,-9.4637643271803,3.2174140369182282
0.8039607921584316,-3.997739980251337,-5.748792352002127,-9.45647020982512,3.261178741049264
0.8041608321664333,-3.999630922669885,-5.74813560603333,-9.449171290549373,3.3049722567037634
0.8043608721744349,-4.0015204045322825,-5.747470096727611,-9.441867569353036,3.3487945838817836
0.8045609121824365,-4.003408424877943,-5.746795818321473,-9.434559046236132,3.392645722583211
0.8047609521904381,-4.005294982746296,-5.746112765051485,-9.427245721198645,3.4365256728081306
0.8049609921984396,-4.007180077176756,-5.7454209311541575,-9.41992759424059,3.480434434556429
0.8051610322064413,-4.009063707208753,-5.744720310866043,-9.412604665361954,3.524372007828248
0.8053610722144429,-4.0109458718817095,-5.7440108984236815,-9.405276934562757,3.5683383926235024
0.8055611122224445,-4.012826570235054,-5.743292688063654,-9.397944401842963,3.612333588942249
0.8057611522304461,-4.014705801308207,-5.742565674022465,-9.390607067202602,3.6563575967843747
0.8059611922384476,-4.016583564140586,-5.741829850536668,-9.383264930641666,3.700410416150021
0.8061612322464493,-4.0184598577716315,-5.7410852118428295,-9.37591799216014,3.7444920470391594
0.8063612722544509,-4.020334681240746,-5.740331752177418,-9.368566251758054,3.7886024894516765
0.8065613122624525,-4.022208033587367,-5.739569465777045,-9.361209709435386,3.8327417433877145
0.8067613522704541,-4.024079913850912,-5.7387983468782195,-9.353848365192142,3.8769098088471026
0.8069613922784556,-4.025950321070809,-5.73801838971751,-9.346482219028324,3.92110668583004
0.8071614322864573,-4.027819254286488,-5.737229588531484,-9.339111270943917,3.9653323743364695
0.8073614722944589,-4.029686712537355,-5.73643193755661,-9.331735520938949,4.009586874366306
0.8075615123024605,-4.031552694862848,-5.7356254310294545,-9.324354969013406,4.053870185919607
0.8077615523104621,-4.0334172003023845,-5.734810063186579,-9.316969615167288,4.098182308996286
0.8079615923184637,-4.035280227895392,-5.733985828264544,-9.309579459400588,4.142523243596514
0.8081616323264653,-4.037141776681292,-5.733152720499838,-9.302184501713306,4.1868929897202065
0.8083616723344669,-4.039001845699508,-5.732310734129044,-9.294784742105456,4.231291547367249
0.8085617123424685,-4.040860433989467,-5.7314598633887,-9.287380180577024,4.275718916537841
0.8087617523504701,-4.042717540590591,-5.730600102515339,-9.279970817128017,4.320175097231896
0.8089617923584717,-4.044573164542301,-5.729731445745514,-9.272556651758435,4.364660089449387
0.8091618323664733,-4.046427304884025,-5.728853887315758,-9.265137684468279,4.409173893190342
0.8093618723744749,-4.048279960655185,-5.727967421462608,-9.257713915257547,4.453716508454704
0.8095619123824765,-4.050131130895201,-5.727072042422627,-9.25028534412624,4.498287935242587
0.8097619523904781,-4.051980814643505,-5.726167744432345,-9.242851971074352,4.542888173553905
0.8099619923984797,-4.053829010939513,-5.725254521728289,-9.235413796101895,4.587517223388659
0.8101620324064813,-4.05567571882265,-5.724332368547024,-9.227970819208856,4.632175084746905
0.8103620724144829,-4.057520937332347,-5.723401279125106,-9.220523040395236,4.676861757628558
0.8105621124224845,-4.059364665508021,-5.7224612476990515,-9.21307045966104,4.721577242033732
0.8107621524304861,-4.061206902389095,-5.721512268505393,-9.205613077006277,4.7663215379623125
0.8109621924384877,-4.063047647014997,-5.720554335780719,-9.198150892430931,4.811094645414414
0.8111622324464893,-4.064886898425145,-5.719587443761512,-9.190683905935018,4.855896564389866
0.8113622724544909,-4.06672465565897,-5.718611586684361,-9.183212117518522,4.9007272948888385
0.8115623124624926,-4.068560917755892,-5.717626758785798,-9.175735527181452,4.945586836911303
0.8117623524704941,-4.070395683755335,-5.716632954302369,-9.168254134923806,4.990475190457204
0.8119623924784957,-4.072228952696721,-5.715630167470593,-9.160767940745586,5.035392355526483
0.8121624324864973,-4.074060723619477,-5.7146183925270435,-9.153276944646784,5.080338332119311
0.8123624724944989,-4.075890995563025,-5.7135976237082104,-9.145781146627407,5.125313120235546
0.8125625125025006,-4.077719767566789,-5.712567855250697,-9.138280546687454,5.170316719875274
0.8127625525105021,-4.079547038670192,-5.711529081391021,-9.130775144826927,5.215349131038465
0.8129625925185037,-4.081372807912663,-5.710481296365742,-9.123264941045818,5.260410353725035
0.8131626325265053,-4.083197074333619,-5.70942449441138,-9.115749935344134,5.3055003879351545
0.8133626725345069,-4.085019836972485,-5.708358669764479,-9.108230127721882,5.350619233668709
0.8135627125425086,-4.086841094868685,-5.707283816661601,-9.100705518179055,5.395766890925728
0.8137627525505101,-4.088660847061645,-5.706199929339277,-9.093176106715646,5.440943359706125
0.8139627925585117,-4.090479092590787,-5.705107002034026,-9.085641893331662,5.486148640010043
0.8141628325665133,-4.092295830495537,-5.704005028982422,-9.078102878027096,5.531382731837425
0.8143628725745149,-4.094111059815313,-5.702894004421012,-9.070559060801962,5.576645635188271
0.8145629125825165,-4.095924779589547,-5.701773922586298,-9.063010441656246,5.621937350062495
0.8147629525905181,-4.0977369888576565,-5.700644777714857,-9.055457020589955,5.667257876460241
0.8149629925985197,-4.0995476866590685,-5.699506564043233,-9.04789879760309,5.71260721438145
0.8151630326065213,-4.101356872033207,-5.698359275807945,-9.040335772695641,5.757985363826123
0.8153630726145229,-4.103164544019492,-5.6972029072455825,-9.032767945867626,5.80339232479426
0.8155631126225245,-4.104970701657347,-5.696037452592634,-9.025195317119042,5.848828097285775
0.8157631526305261,-4.106775343986204,-5.69486290608566,-9.01761788644987,5.894292681300811
0.8159631926385277,-4.1085784700454795,-5.693679261961222,-9.010035653860122,5.939786076839312
0.8161632326465293,-4.110380078874597,-5.6924865144558225,-9.0024486193498,5.985308283901219
0.8163632726545309,-4.112180169512985,-5.691284657806065,-8.994856782918895,6.030859302486675
0.8165633126625325,-4.1139787410000626,-5.690073686248439,-8.987260144567422,6.076439132595453
0.8167633526705341,-4.115775792375258,-5.688853594019477,-8.979658704295367,6.122047774227752
0.8169633926785357,-4.1175713226779855,-5.687624375355782,-8.972052462102745,6.167685227383544
0.8171634326865373,-4.119365330947684,-5.686386024493856,-8.964441417989534,6.21335149206277
0.8173634726945389,-4.121157816223766,-5.685138535670262,-8.956825571955761,6.259046568265433
0.8175635127025405,-4.122948777545654,-5.683881903121502,-8.949204924001414,6.304770455991559
0.8177635527105421,-4.124738213952785,-5.68261612108418,-8.94157947412647,6.350523155241177
0.8179635927185437,-4.126526124484567,-5.681341183794785,-8.933949222330966,6.396304666014231
0.8181636327265454,-4.128312508180432,-5.680057085489878,-8.92631416861488,6.442114988310749
0.8183636727345469,-4.1300973640798055,-5.6787638204060045,-8.918674312978219,6.487954122130674
0.8185637127425485,-4.131880691222104,-5.677461382779711,-8.911029655420982,6.533822067474091
0.8187637527505501,-4.13366248864676,-5.676149766847544,-8.903380195943164,6.5797188243410005
0.8189637927585517,-4.135442755393189,-5.674828966846036,-8.895725934544778,6.6256443927313455
0.8191638327665534,-4.137221490500821,-5.673498977011718,-8.88806687122581,6.671598772645098
0.8193638727745549,-4.138998693009073,-5.6721597915811515,-8.880403005986274,6.717581964082342
0.8195639127825565,-4.14077436195738,-5.670811404790882,-8.872734338826156,6.763593967043079
0.8197639527905581,-4.142548496385153,-5.669453810877428,-8.865060869745463,6.809634781527251
0.8199639927985597,-4.144321095331822,-5.66808700407735,-8.857382598744195,6.855704407534802
0.8201640328065614,-4.146092157836813,-5.666710978627194,-8.849699525822345,6.901802845065902
0.8203640728145629,-4.147861682939544,-5.6653257287634915,-8.842011650979927,6.947930094120437
0.8205641128225645,-4.149629669679442,-5.66393124872279,-8.834318974216934,6.9940861546984365
0.8207641528305661,-4.151396117095935,-5.662527532741649,-8.826621495533352,7.040271026799928
0.8209641928385677,-4.153161024228439,-5.661114575056587,-8.818919214929203,7.08648471042477
0.8211642328465694,-4.1549243901163795,-5.6596923699041355,-8.811212132404478,7.132727205573133
0.8213642728545709,-4.156686213799187,-5.6582609115208555,-8.803500247959178,7.178998512244959
0.8215643128625725,-4.15844649431628,-5.656820194143336,-8.795783561593296,7.225298630440278
0.8217643528705741,-4.16020523070708,-5.655370212008037,-8.78806207330684,7.271627560158947
0.8219643928785757,-4.161962422011008,-5.653910959351521,-8.780335783099815,7.317985301401137
0.8221644328865774,-4.163718067267503,-5.652442430410375,-8.772604690972202,7.364371854166791
0.8223644728945789,-4.165472165515972,-5.650964619421117,-8.76486879692402,7.4107872184559085
0.8225645129025805,-4.16722471579585,-5.649477520620266,-8.757128100955256,7.457231394268433
0.8227645529105821,-4.168975717146555,-5.64798112824441,-8.749382603065918,7.503704381604479
0.8229645929185837,-4.170725168607509,-5.646475436530054,-8.741632303256011,7.550206180463931
0.8231646329265854,-4.172473069218144,-5.644960439713742,-8.733877201525516,7.596736790846876
0.8233646729345869,-4.174219418017875,-5.643436132032036,-8.726117297874453,7.643296212753285
0.8235647129425885,-4.175964214046129,-5.641902507721468,-8.718352592302821,7.689884446183072
0.8237647529505902,-4.177707456342333,-5.640359561018585,-8.710583084810601,7.73650149113638
0.8239647929585917,-4.179449143945908,-5.638807286159931,-8.702808775397806,7.783147347613152
0.8241648329665934,-4.181189275896273,-5.63724567738204,-8.695029664064442,7.8298220156133596
0.8243648729745949,-4.182927851232861,-5.635674728921472,-8.68724575081049,7.876525495137031
0.8245649129825965,-4.184664868995091,-5.634094435014745,-8.67945703563597,7.923257786184138
0.8247649529905982,-4.186400328222385,-5.632504789898434,-8.671663518540875,7.970018888754737
0.8249649929985997,-4.188134227954171,-5.630905787809041,-8.663865199525198,8.0168088028488
0.8251650330066013,-4.189866567229869,-5.629297422983143,-8.656062078588953,8.063627528466242
0.8253650730146029,-4.191597345088905,-5.627679689657242,-8.648254155732133,8.110475065607204
0.8255651130226045,-4.1933265605707035,-5.626052582067928,-8.640441430954724,8.157351414271659
0.8257651530306062,-4.195054212714684,-5.624416094451718,-8.632623904256747,8.20425657445952
0.8259651930386077,-4.196780300560274,-5.622770221045172,-8.624801575638195,8.251190546170847
0.8261652330466093,-4.1985048231469,-5.621114956084824,-8.61697444509906,8.298153329405608
0.8263652730546109,-4.200227779513979,-5.619450293807205,-8.609142512639352,8.345144924163861
0.8265653130626125,-4.2019491687009385,-5.617776228448875,-8.601305778259068,8.392165330445579
0.8267653530706142,-4.203668989747197,-5.616092754246324,-8.593464241958216,8.439214548250703
0.8269653930786157,-4.20538724169219,-5.614399865436198,-8.585617903736775,8.486292577579377
0.8271654330866173,-4.20710392357533,-5.612697556254943,-8.577766763594767,8.533399418431372
0.8273654730946189,-4.208819034436049,-5.610985820939163,-8.569910821532176,8.580535070806917
0.8275655131026205,-4.210532573313765,-5.609264653725347,-8.562050077549017,8.627699534705897
0.8277655531106222,-4.212244539247903,-5.607534048850084,-8.554184531645276,8.67489281012837
0.8279655931186237,-4.213954931277883,-5.605794000549878,-8.546314183820968,8.722114897074192
0.8281656331266253,-4.215663748443141,-5.604044503061331,-8.53843903407607,8.769365795543564
0.828365673134627,-4.21737098978309,-5.60228555062092,-8.530559082410598,8.8166455055364
0.8285657131426285,-4.219076654337156,-5.600517137465218,-8.522674328824557,8.86395402705267
0.8287657531506302,-4.220780741144766,-5.598739257830772,-8.514784773317928,8.911291360092434
0.8289657931586317,-4.222483249245338,-5.596951905954114,-8.506890415890737,8.95865750465552
0.8291658331666333,-4.224184177678296,-5.595155076071805,-8.498991256542972,9.006052460742183
0.829365873174635,-4.225883525483072,-5.593348762420334,-8.491087295274625,9.053476228352281
0.8295659131826365,-4.227581291699085,-5.591532959236318,-8.483178532085695,9.100928807485872
0.8297659531906382,-4.229277475365754,-5.589707660756247,-8.475264966976198,9.148410198142813
0.8299659931986397,-4.23097207552251,-5.587872861216681,-8.467346599946119,9.195920400323303
0.8301660332066413,-4.232665091208776,-5.586028554854181,-8.459423430995464,9.243459414027257
0.830366073214643,-4.2343565214639725,-5.584174735905265,-8.451495460124228,9.291027239254646
0.8305661132226445,-4.236046365327523,-5.582311398606478,-8.443562687332424,9.338623876005443
0.8307661532306462,-4.2377346218388485,-5.5804385371943255,-8.435625112620045,9.386249324279703
0.8309661932386477,-4.239421290037383,-5.578556145905438,-8.427682735987084,9.433903584077513
0.8311662332466493,-4.241106368962541,-5.576664218976305,-8.419735557433555,9.4815866553987
0.831366273254651,-4.242789857653751,-5.5747627506434725,-8.411783576959436,9.52929853824341
0.8315663132626525,-4.244471755150435,-5.572851735143473,-8.403826794564758,9.577039232611469
0.8317663532706542,-4.246152060492019,-5.570931166712867,-8.39586521024949,9.624808738503077
0.8319663932786557,-4.24783077271792,-5.569001039588173,-8.387898824013654,9.672607055918093
0.8321664332866573,-4.249507890867569,-5.5670613480059785,-8.379927635857236,9.7204341848566
0.832366473294659,-4.251183413980389,-5.565112086202802,-8.371951645780243,9.768290125318572
0.8325665133026605,-4.252857341095801,-5.563153248415176,-8.363970853782675,9.816174877303922
0.8327665533106622,-4.254529671253229,-5.561184828879647,-8.355985259864532,9.864088440812793
0.8329665933186637,-4.256200403492095,-5.55920682183276,-8.347994864025814,9.912030815845128
0.8331666333266653,-4.25786953685183,-5.557219221511062,-8.339999666266515,9.96000200240087
0.833366673334667,-4.259537070371852,-5.555222022151085,-8.331999666586647,10.008002000480104
0.8335667133426685,-4.261203003091582,-5.553215217989376,-8.323994864986204,10.056030810082802
0.8337667533506702,-4.262867334050455,-5.551198803262508,-8.315985261465173,10.104088431208964
0.8339667933586717,-4.264530062287882,-5.549172772206987,-8.307970856023573,10.15217486385859
0.8341668333666733,-4.266191186843294,-5.5471371190593715,-8.299951648661398,10.200290108031595
0.834366873374675,-4.2678507067561124,-5.54509183805618,-8.291927639378642,10.24843416372812
0.8345669133826765,-4.269508621065761,-5.543036923433988,-8.283898828175317,10.29660703094811
0.8347669533906782,-4.271164928811665,-5.540972369429298,-8.275865215051411,10.344808709691534
0.8349669933986797,-4.272819629033249,-5.538898170278699,-8.267826800006922,10.393039199958451
0.8351670334066813,-4.27447272076993,-5.53681432021871,-8.259783583041873,10.441298501748747
0.835367073414683,-4.276124203061142,-5.534720813485862,-8.251735564156235,10.489586615062535
0.8355671134226845,-4.277774074946299,-5.532617644316716,-8.243682743350035,10.537903539899816
0.8357671534306862,-4.279422335464833,-5.530504806947832,-8.235625120623247,10.58624927626056
0.8359671934386878,-4.281068983656164,-5.528382295615728,-8.227562695975884,10.634623824144683
0.8361672334466893,-4.282714018559716,-5.526250104556951,-8.219495469407946,10.683027183552355
0.836367273454691,-4.284357439214908,-5.524108228008004,-8.211423440919432,10.731459354483434
0.8365673134626925,-4.285999244661173,-5.521956660205504,-8.203346610510344,10.779920336937977
0.8367673534706941,-4.28763943393793,-5.519795395385941,-8.195264978180674,10.828410130915927
0.8369673934786958,-4.289278006084604,-5.51762442778589,-8.187178543930429,10.876928736417398
0.8371674334866973,-4.290914960140615,-5.515443751641868,-8.179087307759609,10.925476153442332
0.837367473494699,-4.292550295145393,-5.513253361190408,-8.170991269668221,10.974052381990703
0.8375675135027005,-4.2941840101383555,-5.511053250668098,-8.162890429656251,11.022657422062537
0.8377675535107021,-4.295816104158927,-5.508843414311443,-8.154784787723706,11.071291273657778
0.8379675935187038,-4.297446576246541,-5.506623846357016,-8.146674343870572,11.119953936776568
0.8381676335267053,-4.299075425440606,-5.504394541041307,-8.138559098096877,11.168645411418765
0.838367673534707,-4.300702650780554,-5.50215549260092,-8.1304390504026,11.217365697584427
0.8385677135427085,-4.302328251305816,-5.499906695272372,-8.122314200787741,11.266114795273495
0.8387677535507101,-4.303952226055799,-5.4976481432921815,-8.114184549252315,11.314892704486084
0.8389677935587118,-4.305574574069942,-5.495379830896951,-8.106050095796306,11.363699425222137
0.8391678335667133,-4.307195294387656,-5.493101752323128,-8.097910840419729,11.412534957481597
0.839367873574715,-4.30881438604837,-5.4908139018073285,-8.089766783122577,11.46139930126455
0.8395679135827165,-4.310431848091515,-5.4885162735861,-8.081617923904851,11.510292456570909
0.8397679535907181,-4.312047679556507,-5.486208861895946,-8.073464262766542,11.55921442340076
0.8399679935987198,-4.313661879482773,-5.48389166097347,-8.065305799707652,11.608165201754133
0.8401680336067213,-4.315274446909733,-5.481564665055117,-8.057142534728193,11.657144791630884
0.840368073614723,-4.3168853808768155,-5.479227868377521,-8.048974467828153,11.70615319303107
0.8405681136227245,-4.318494680423441,-5.476881265177184,-8.040801599007537,11.75519040595475
0.8407681536307261,-4.320102344589031,-5.474524849690624,-8.032623928266354,11.804256430401892
0.8409681936387278,-4.321708372413017,-5.472158616154445,-8.024441455604581,11.853351266372528
0.8411682336467293,-4.323312762934819,-5.469782558805164,-8.016254181022234,11.902474913866541
0.841368273654731,-4.3249155151938545,-5.467396671879243,-8.008062104519325,11.951627372884019
0.8415683136627325,-4.326516628229557,-5.465000949613383,-7.999865226095828,12.000808643425017
0.8417683536707341,-4.328116101081342,-5.46259538624399,-7.991663545751763,12.050018725489423
0.8419683936787358,-4.329713932788637,-5.46017997600768,-7.983457063487116,12.099257619077349
0.8421684336867373,-4.331310122390867,-5.457754713140957,-7.975245779301893,12.148525324188626
0.842368473694739,-4.332904668927458,-5.455319591880425,-7.967029693196089,12.197821840823451
0.8425685137027406,-4.334497571437829,-5.452874606462558,-7.958808805169717,12.247147168981712
0.8427685537107421,-4.336088828961406,-5.450419751123903,-7.950583115222763,12.296501308663437
0.8429685937187438,-4.337678440537612,-5.447955020101048,-7.942352623355234,12.345884259868626
0.8431686337267453,-4.339266405205869,-5.445480407630498,-7.93411732956713,12.395296022597194
0.843368673734747,-4.340852722005602,-5.442995907948799,-7.925877233858451,12.444736596849282
0.8435687137427486,-4.3424373899762365,-5.44050151529251,-7.917632336229204,12.494205982624806
0.8437687537507501,-4.344020408157196,-5.437997223898165,-7.909382636679375,12.543704179923736
0.8439687937587518,-4.345601775587905,-5.435483028002338,-7.901128135208957,12.593231188746245
0.8441688337667533,-4.347181491307781,-5.432958921841504,-7.892868831817978,12.64278700909216
0.844368873774755,-4.3487595543562545,-5.430424899652252,-7.884604726506417,12.69237164096154
0.8445689137827566,-4.350335963772752,-5.427880955671114,-7.876335819274274,12.741985084354383
0.8447689537907581,-4.351910718596688,-5.425327084134636,-7.8680621101215635,12.791627339270576
0.8449689937987598,-4.353483817867492,-5.422763279279366,-7.859783599048271,12.841298405710347
0.8451690338067613,-4.355055260624582,-5.4201895353418195,-7.85150028605441,12.890998283673525
0.845369073814763,-4.3566250459073945,-5.417605846558587,-7.843212171139967,12.940726973160224
0.8455691138227646,-4.358193172755335,-5.415012207166157,-7.834919254304957,12.99048447417033
0.8457691538307661,-4.359759640207848,-5.412408611401105,-7.826621535549357,13.040270786703843
0.8459691938387678,-4.361324447304339,-5.409795053499977,-7.81831901487319,13.090085910760877
0.8461692338467693,-4.36288759308424,-5.407171527699262,-7.810011692276447,13.139929846341317
0.846369273854771,-4.364449076586977,-5.404538028235592,-7.8016995677591225,13.189802593445279
0.8465693138627726,-4.3660088968519695,-5.401894549345471,-7.793382641321223,13.239704152072648
0.8467693538707741,-4.367567052918645,-5.399241085265416,-7.785060912962749,13.28963452222348
0.8469693938787758,-4.369123543826426,-5.3965776302320165,-7.776734382683692,13.339593703897833
0.8471694338867773,-4.3706783686147315,-5.393904178481748,-7.768403050484068,13.389581697095593
0.847369473894779,-4.37223152632299,-5.391220724251198,-7.760066916363861,13.439598501816818
0.8475695139027806,-4.373783015990622,-5.3885272617769004,-7.751725980323094,13.489644118061449
0.8477695539107821,-4.375332836657055,-5.3858237852954005,-7.743380242361738,13.5397185458296
0.8479695939187838,-4.376880987361712,-5.3831102890432305,-7.735029702479807,13.58982178512116
0.8481696339267853,-4.37842746714402,-5.380386767256979,-7.726674360677293,13.63995383593624
0.8483696739347869,-4.379972275043389,-5.377653214173137,-7.718314216954219,13.69011469827467
0.8485697139427886,-4.38151541009926,-5.3749096240282626,-7.709949271310556,13.740304372136677
0.8487697539507901,-4.383056871351052,-5.372155991058889,-7.701579523746311,13.790522857522092
0.8489697939587918,-4.384596657838184,-5.369392309501578,-7.693204974261498,13.84077015443097
0.8491698339667934,-4.386134768600078,-5.3666185735928735,-7.68482562285611,13.891046262863313
0.8493698739747949,-4.387671202676165,-5.3638347775692665,-7.676441469530154,13.941351182819062
0.8495699139827966,-4.389205959105865,-5.361040915667374,-7.668052514283609,13.991684914298332
0.8497699539907981,-4.390739036928595,-5.358236982123685,-7.659658757116503,14.04204745730101
0.8499699939987998,-4.392270435183798,-5.355422971174789,-7.651260198028801,14.092438811827208
0.8501700340068014,-4.393800152910881,-5.352598877057218,-7.642856837020531,14.142858977876813
0.8503700740148029,-4.395328189149268,-5.349764694007433,-7.6344486740916935,14.193307955449825
0.8505701140228046,-4.396854542938394,-5.346920416262094,-7.626035709242267,14.243785744546415
0.8507701540308061,-4.398379213317671,-5.344066038057676,-7.617617942472272,14.294292345166411
0.8509701940388078,-4.3999021993265295,-5.341201553630725,-7.609195373781695,14.344827757309872
0.8511702340468094,-4.401423500004395,-5.338326957217788,-7.600768003170543,14.395391980976683
0.8513702740548109,-4.402943114390686,-5.335442243055454,-7.592335830638824,14.445985016167072
0.8515703140628126,-4.404461041524826,-5.332547405380183,-7.583898856186522,14.496606862880867
0.8517703540708141,-4.4059772804462405,-5.329642438428607,-7.575457079813646,14.547257521118127
0.8519703940788158,-4.407491830194358,-5.326727336437202,-7.567010501520187,14.59793699087885
0.8521704340868174,-4.409004689808594,-5.323802093642513,-7.5585591213061605,14.648645272163037
0.8523704740948189,-4.410515858328379,-5.32086670428113,-7.550102939171552,14.699382364970688
0.8525705141028206,-4.41202533479313,-5.317921162589542,-7.5416419551163685,14.750148269301803
0.8527705541108221,-4.413533118242279,-5.314965462804352,-7.53317616914061,14.800942985156325
0.8529705941188238,-4.4150392077152425,-5.3119995991620215,-7.524705581244277,14.851766512534311
0.8531706341268254,-4.416543602251451,-5.309023565899196,-7.516230191427361,14.902618851435818
0.8533706741348269,-4.418046300890321,-5.306037357252308,-7.507749999689885,14.953500001860732
0.8535707141428286,-4.419547302671283,-5.303040967457989,-7.499265006031813,15.004409963809167
0.8537707541508301,-4.421046606633757,-5.300034390752728,-7.490775210453172,15.055348737280951
0.8539707941588318,-4.422544211817167,-5.297017621373087,-7.482280612953957,15.106316322276257
0.8541708341668334,-4.424040117260935,-5.2939906535556105,-7.473781213534167,15.157312718795026
0.8543708741748349,-4.425534322004486,-5.2909534815368175,-7.465277012193802,15.208337926837146
0.8545709141828366,-4.427026825087248,-5.287906099553297,-7.456768008932855,15.259391946402843
0.8547709541908382,-4.428517625548643,-5.28484850184158,-7.448254203751333,15.310474777492004
0.8549709941988398,-4.430006722428093,-5.2817806826381855,-7.4397355966492285,15.36158642010463
0.8551710342068414,-4.431494114765016,-5.278702636179631,-7.4312121876265635,15.412726874240661
0.8553710742148429,-4.432979801598847,-5.275614356702505,-7.422683976683317,15.4638961399001
0.8555711142228446,-4.434463781969004,-5.27251583844334,-7.414150963819488,15.51509421708306
0.8557711542308462,-4.435946054914911,-5.269407075638696,-7.405613149035091,15.566321105789484
0.8559711942388478,-4.437426619475989,-5.266288062525064,-7.397070532330112,15.617576806019372
0.8561712342468494,-4.438905474691669,-5.263158793339045,-7.388523113704558,15.668861317772667
0.8563712742548509,-4.440382619601369,-5.260019262317172,-7.379970893158429,15.720174641049425
0.8565713142628526,-4.441858053244516,-5.256869463695963,-7.371413870691718,15.771516775849705
0.8567713542708542,-4.443331774660528,-5.253709391711936,-7.36285204630444,15.822887722173391
0.8569713942788558,-4.444803782888837,-5.25053904060168,-7.354285419996579,15.874287480020541
0.8571714342868574,-4.446274076968862,-5.2473584046017265,-7.345713991768143,15.925716049391099
0.8573714742948589,-4.4477426559400275,-5.244167477948622,-7.3371377616191396,15.977173430285177
0.8575715143028606,-4.449209518841759,-5.240966254878899,-7.328556729549547,16.02865962270272
0.8577715543108622,-4.450674664713473,-5.237754729629103,-7.319970895559393,16.080174626643668
0.8579715943188638,-4.452138092594602,-5.2345328964357805,-7.311380259648651,16.131718442108138
0.8581716343268654,-4.453599801524568,-5.231300749535478,-7.302784821817333,16.183291069095958
0.8583716743348669,-4.455059790542791,-5.228058283164728,-7.294184582065441,16.234892507607356
0.8585717143428686,-4.456518058688697,-5.224805491560076,-7.285579540392973,16.28652275764216
0.8587717543508702,-4.457974605001713,-5.221542368958055,-7.276969696799931,16.33818181920043
0.8589717943588718,-4.459429428521258,-5.218268909595224,-7.268355051286306,16.38986969228216
0.8591718343668734,-4.460882528286755,-5.214985107708131,-7.259735603852114,16.4415863768873
0.8593718743748749,-4.462333903337633,-5.211690957533307,-7.251111354497347,16.49333187301596
0.8595719143828766,-4.463783552713313,-5.20838645330727,-7.242482303221998,16.54510618066803
0.8597719543908782,-4.465231475453217,-5.205071589266623,-7.233848450026073,16.59690929984356
0.8599719943988797,-4.466677670596772,-5.201746359647842,-7.225209794909574,16.648741230542555
0.8601720344068814,-4.468122137183396,-5.198410758687501,-7.2165663378725,16.700601972765014
0.860372074414883,-4.469564874252523,-5.195064780622147,-7.207918078914844,16.752491526510937
0.8605721144228846,-4.471005880843572,-5.191708419688354,-7.199265018036606,16.80440989178038
0.8607721544308862,-4.47244515599596,-5.188341670122583,-7.190607155237807,16.856357068573118
0.8609721944388877,-4.473882698749117,-5.184964526161451,-7.1819444905184255,16.908333056889433
0.8611722344468894,-4.475318508142465,-5.181576982041435,-7.1732770238784695,16.960337856729154
0.861372274454891,-4.476752583215431,-5.17817903199915,-7.164604755317946,17.012371468092397
0.8615723144628926,-4.478184923007436,-5.174770670271073,-7.155927684836833,17.064433890979046
0.8617723544708942,-4.479615526557913,-5.1713518910938205,-7.147245812435138,17.11652512538916
0.8619723944788957,-4.481044392906266,-5.167922688703854,-7.138559138112882,17.168645171322737
0.8621724344868974,-4.482471521091936,-5.164483057337762,-7.129867661870037,17.22079402877978
0.862372474494899,-4.483896910154336,-5.1610329912320765,-7.121171383706624,17.272971697760227
0.8625725145029006,-4.485320559132894,-5.157572484623316,-7.112470303622636,17.32517817826414
0.8627725545109022,-4.486742467067039,-5.154101531748111,-7.103764421618067,17.37741347029157
0.8629725945189037,-4.48816263299619,-5.1506201268429095,-7.095053737692922,17.42967757384247
0.8631726345269054,-4.489581055959762,-5.147128264144271,-7.086338251847209,17.481970488916772
0.863372674534907,-4.490997734997201,-5.143625937888771,-7.077617964080915,17.534292215514483
0.8635727145429086,-4.492412669147907,-5.140113142312913,-7.068892874394045,17.586642753635715
0.8637727545509102,-4.493825857451316,-5.136589871653285,-7.060162982786601,17.63902210328041
0.8639727945589117,-4.495237298946854,-5.133056120146406,-7.051428289258574,17.69143026444857
0.8641728345669134,-4.496646992673938,-5.129511882028822,-7.0426887938099725,17.743867237140194
0.864372874574915,-4.498054937671995,-5.125957151537079,-7.033944496440796,17.796333021355224
0.8645729145829166,-4.499461132980448,-5.1223919229076955,-7.025195397151045,17.84882761709372
0.8647729545909182,-4.500865577638718,-5.118816190377217,-7.016441495940718,17.901351024355677
0.8649729945989197,-4.502268270686237,-5.1152299481822325,-7.00768279280981,17.9539032431411
0.8651730346069214,-4.503669211162421,-5.111633190559232,-6.998919287758326,18.006484273449985
0.865373074614923,-4.505068398106694,-5.1080259117447895,-6.990150980786282,18.059094115282335
0.8655731146229246,-4.506465830558488,-5.104408105975438,-6.981377871893642,18.11173276863815
0.8657731546309262,-4.507861507557218,-5.100779767487737,-6.972599961080434,18.164400233517426
0.8659731946389277,-4.509255428142309,-5.0971408905182045,-6.9638172483466505,18.21709650992011
0.8661732346469294,-4.510647591353184,-5.093491469303359,-6.955029733692292,18.26982159784626
0.866373274654931,-4.512037996229273,-5.089831498079775,-6.946237417117352,18.322575497295873
0.8665733146629326,-4.513426641809996,-5.086160971084027,-6.937440298621837,18.375358208269006
0.8667733546709342,-4.514813527134775,-5.0824798825526045,-6.928638378205747,18.428169730765546
0.8669733946789357,-4.516198651243036,-5.078788226722082,-6.919831655869082,18.481010064785494
0.8671734346869374,-4.517582013174204,-5.075085997828978,-6.911020131611835,18.533879210328962
0.867373474694939,-4.518963611967697,-5.071373190109853,-6.902203805434027,18.586777167395894
0.8675735147029406,-4.520343446662945,-5.067649797801224,-6.89338267733563,18.639703935986233
0.8677735547109422,-4.5217215162993725,-5.063915815139708,-6.884556747316658,18.692659516100036
0.8679735947189438,-4.523097819916398,-5.0601712363617395,-6.875726015377111,18.745643907737303
0.8681736347269454,-4.524472356553442,-5.056416055703949,-6.8668904815169896,18.79865711089809
0.868373674734947,-4.525845125249942,-5.052650267402825,-6.858050145736286,18.851699125582286
0.8685737147429486,-4.52721612504531,-5.048873865694944,-6.849205008035014,18.904769951789945
0.8687737547509502,-4.528585354978974,-5.0450868448168364,-6.84035506841316,18.95786958952101
0.8689737947589518,-4.5299528140903575,-5.04128919900505,-6.8315003268707315,19.010998038775597
0.8691738347669534,-4.531318501418882,-5.0374809224961155,-6.822640783407728,19.064155299553647
0.869373874774955,-4.532682416003974,-5.033662009526552,-6.813776438024156,19.117341371855105
0.8695739147829566,-4.534044556885055,-5.029832454332933,-6.804907290720003,19.170556255680026
0.8697739547909582,-4.535404923101552,-5.025992251151834,-6.796033341495267,19.22379995102841
0.8699739947989598,-4.536763513692884,-5.02214139421973,-6.787154590349964,19.27707245790026
0.8701740348069614,-4.538120327698486,-5.01827987777321,-6.778271037284071,19.330373776295573
0.870374074814963,-4.539475364157768,-5.014407696048821,-6.769382682297611,19.383703906214294
0.8705741148229647,-4.540828622110158,-5.010524843283065,-6.760489525390568,19.437062847656534
0.8707741548309662,-4.542180100595079,-5.006631313712504,-6.751591566562965,19.490450600622182
0.8709741948389678,-4.543529798651962,-5.002727101573697,-6.7426888058147725,19.54386716511135
0.8711742348469694,-4.544877715320226,-4.998812201103192,-6.733781243146005,19.597312541123983
0.871374274854971,-4.5462238496392935,-4.9948866065374915,-6.72486887855667,19.650786728659966
0.8715743148629725,-4.547568200648586,-4.990950312113142,-6.715951712046753,19.70428972771947
0.8717743548709742,-4.548910767387531,-4.987003312066719,-6.7070297436162605,19.757821538302437
0.8719743948789758,-4.550251548895551,-4.983045600634753,-6.698102973265193,19.81138216040887
0.8721744348869774,-4.551590544212072,-4.979077172053792,-6.689171400993544,19.864971594038764
0.872374474894979,-4.552927752376519,-4.975098020560381,-6.68023502680132,19.918589839192066
0.8725745149029805,-4.554263172428307,-4.97110814039101,-6.671293850688528,19.972236895868832
0.8727745549109822,-4.555596803406871,-4.967107525782296,-6.662347872655147,20.02591276406912
0.8729745949189838,-4.556928644351627,-4.963096170970729,-6.653397092701198,20.079617443792756
0.8731746349269854,-4.5582586943020065,-4.959074070192898,-6.64444151082666,20.13335093503997
0.873374674934987,-4.559586952297419,-4.955041217685306,-6.635481127031575,20.187113237810593
0.8735747149429886,-4.560913417377302,-4.950997607684499,-6.626515941315894,20.24090435210468
0.8737747549509902,-4.562238088581074,-4.946943234427039,-6.617545953679638,20.294724277922228
0.8739747949589918,-4.563560964948163,-4.942878092149471,-6.6085711641228,20.348573015263185
0.8741748349669934,-4.564882045517985,-4.938802175088298,-6.599591572645394,20.402450564127605
0.874374874974995,-4.566201329329967,-4.934715477480111,-6.590607179247414,20.456356924515546
0.8745749149829966,-4.567518815423536,-4.9306179935614125,-6.581617983928851,20.510292096426895
0.8747749549909982,-4.568834502838115,-4.9265097175688055,-6.572623986689713,20.564256079861764
0.8749749949989998,-4.570148390613124,-4.9223906437387654,-6.5636251875300005,20.618248874819983
0.8751750350070014,-4.571460477787987,-4.918260766307824,-6.554621586449713,20.672270481301666
0.875375075015003,-4.572770763402129,-4.9141200795125854,-6.545613183448857,20.72632089930687
0.8755751150230046,-4.574079246494982,-4.909968577589609,-6.536599978527413,20.78040012883548
0.8757751550310062,-4.5753859261059535,-4.905806254775371,-6.5275819716854,20.834508169887613
0.8759751950390078,-4.576690801274481,-4.901633105306416,-6.518559162922806,20.88864502246315
0.8761752350470094,-4.577993871039983,-4.897449123419335,-6.509531552239636,20.94281068656221
0.876375275055011,-4.579295134441885,-4.893254303350631,-6.500499139635885,20.997005162184678
0.8765753150630126,-4.580594590519603,-4.8890486393368775,-6.491461925111572,21.05122844933055
0.8767753550710142,-4.581892238312573,-4.884832125614594,-6.482419908666671,21.105480547999946
0.8769753950790158,-4.583188076860214,-4.88060475642034,-6.473373090301195,21.159761458192804
0.8771754350870175,-4.584482105201946,-4.876366525990619,-6.464321470015136,21.214071179909126
0.877375475095019,-4.585774322377194,-4.872117428562035,-6.455265047808524,21.268409713148912
0.8775755151030206,-4.587064727425384,-4.867857458371063,-6.446203823681323,21.32277705791205
0.8777755551110222,-4.588353319385941,-4.8635866096543054,-6.4371377976335395,21.377173214198763
0.8779755951190238,-4.589640097298286,-4.859304876648281,-6.428066969665188,21.431598182008884
0.8781756351270255,-4.59092506020184,-4.855012253589507,-6.418991339776255,21.48605196134247
0.878375675135027,-4.592208207136036,-4.850708734714587,-6.409910907966747,21.54053455219946
0.8785757151430286,-4.593489537140286,-4.84639431426001,-6.400825674236671,21.595045954579973
0.8787757551510302,-4.594769049254026,-4.842068986462351,-6.391735638586006,21.64958616848395
0.8789757951590318,-4.596046742516668,-4.837732745558114,-6.382640801014773,21.70415519391139
0.8791758351670335,-4.597322615967649,-4.833385585783887,-6.373541161522951,21.758753030862295
0.879375875175035,-4.598596668646376,-4.82902750137616,-6.364436720110575,21.81337967933655
0.8795759151830366,-4.599868899592286,-4.824658486571522,-6.355327476777617,21.868035139334324
0.8797759551910382,-4.6011393078448,-4.820278535606519,-6.34621343152407,21.92271941085562
0.8799759951990398,-4.602407892443335,-4.815887642717627,-6.337094584349963,21.977432493900267
0.8801760352070415,-4.603674652427326,-4.811485802141462,-6.327970935255266,22.032174388468434
0.880376075215043,-4.604939586836192,-4.807073008114571,-6.318842484239994,22.086945094560008
0.8805761152230446,-4.606202694709351,-4.802649254873415,-6.309709231304154,22.141744612175046
0.8807761552310462,-4.607463975086231,-4.798214536654612,-6.300571176447733,22.196572941313605
0.8809761952390478,-4.608723427006261,-4.793768847694707,-6.291428319670736,22.25143008197557
0.8811762352470495,-4.609981049508859,-4.7893121822301765,-6.282280660973157,22.306316034161
0.881376275255051,-4.611236841633447,-4.7848445344976085,-6.273128200355018,22.361230797869894
0.8815763152630526,-4.612490802419456,-4.780365898733564,-6.263970937816289,22.41617437310225
0.8817763552710542,-4.613742930906303,-4.775876269174574,-6.2548088733569855,22.47114675985813
0.8819763952790558,-4.614993226133413,-4.77137564005713,-6.245642006977114,22.5261479581373
0.8821764352870574,-4.61624168714021,-4.766864005617833,-6.236470338676661,22.58117796794005
0.882376475295059,-4.617488312966119,-4.762341360093174,-6.227293868455632,22.636236789266206
0.8825765153030606,-4.618733102650568,-4.75780769771977,-6.218112596314022,22.691324422115883
0.8827765553110622,-4.619976055232975,-4.7532630127341235,-6.208926522251836,22.746440866489024
0.8829765953190638,-4.621217169752759,-4.748707299372725,-6.199735646269083,22.80158612238546
0.8831766353270654,-4.622456445249355,-4.744140551872221,-6.190539968365755,22.856760189805527
0.883376675335067,-4.623693880762183,-4.7395627644690705,-6.181339488541838,22.911963068749003
0.8835767153430686,-4.6249294753306565,-4.734973931399836,-6.1721342067973595,22.96719475921583
0.8837767553510703,-4.626163227994221,-4.730374046901119,-6.162924123132285,23.02245526120629
0.8839767953590718,-4.627395137792277,-4.725763105209353,-6.15370923754665,23.0777445747201
0.8841768353670734,-4.6286252037642654,-4.721141100561184,-6.144489550040433,23.13306269975743
0.884376875375075,-4.629853424949598,-4.716508027193086,-6.135265060613641,23.18840963631817
0.8845769153830766,-4.631079800387706,-4.711863879341635,-6.126035769266274,23.243785384402315
0.8847769553910783,-4.632304329118009,-4.707208651243363,-6.116801675998332,23.29918994400998
0.8849769953990798,-4.633527010179934,-4.70254233713483,-6.107562780809815,23.35462331514111
0.8851770354070814,-4.634747842612905,-4.697864931252553,-6.098319083700716,23.410085497795706
0.885377075415083,-4.635966825456341,-4.69317642783308,-6.089070584671049,23.465576491973763
0.8855771154230846,-4.637183957749672,-4.688476821112971,-6.0798172837208,23.52109629767523
0.8857771554310863,-4.638399238532321,-4.683766105328729,-6.070559180849969,23.576644914900157
0.8859771954390878,-4.639612666843705,-4.679044274716929,-6.06129627605857,23.63222234364855
0.8861772354470894,-4.640824241723253,-4.674311323514161,-6.0520285693465965,23.687828583920407
0.886377275455091,-4.642033962210389,-4.66956724595687,-6.042756060714041,23.743463635715727
0.8865773154630926,-4.643241827344532,-4.66481203628166,-6.033478750160917,23.799127499034512
0.8867773554710943,-4.644447836165115,-4.660045688725049,-6.024196637687204,23.85482017387676
0.8869773954790958,-4.645651987711554,-4.655268197523583,-6.014909723292924,23.910541660242473
0.8871774354870974,-4.646854281023275,-4.650479556913794,-6.005618006978075,23.966291958131535
0.887377475495099,-4.648054715139699,-4.645679761132243,-5.996321488742645,24.02207106754412
0.8875775155031006,-4.649253289100258,-4.640868804415504,-5.987020168586632,24.077878988480222
0.8877775555111023,-4.650450001944369,-4.636046681000067,-5.9777140465100445,24.133715720939733
0.8879775955191038,-4.651644852711456,-4.631213385122521,-5.968403122512882,24.189581264922765
0.8881776355271054,-4.652837840440945,-4.6263689110193695,-5.9590873965951445,24.245475620429147
0.888377675535107,-4.654028964172259,-4.621513252927144,-5.949766868756825,24.30139878745905
0.8885777155431086,-4.655218222944821,-4.6166464050824345,-5.940441538997938,24.357350766012416
0.8887777555511103,-4.656405615798056,-4.611768361721715,-5.931111407318468,24.41333155608919
0.8889777955591118,-4.6575911417713876,-4.60687911708159,-5.921776473718424,24.46934115768937
0.8891778355671134,-4.658774799904236,-4.601978665398619,-5.912436738197805,24.52537957081313
0.889377875575115,-4.65995658923603,-4.597067000909263,-5.903092200756618,24.581446795460295
0.8895779155831166,-4.6611365088061945,-4.592144117850168,-5.893742861394841,24.63754283163098
0.8897779555911183,-4.662314557654144,-4.587210010457753,-5.884388720112497,24.693667679325017
0.8899779955991198,-4.663490734819312,-4.582264672968705,-5.875029776909571,24.749821338542574
0.8901780356071214,-4.664665039341116,-4.577308099619415,-5.865666031786077,24.80600380928354
0.890378075615123,-4.665837470258985,-4.572340284646529,-5.856297484741994,24.862215091548023
0.8905781156231246,-4.66700802661234,-4.567361222286564,-5.846924135777343,24.918455185335972
0.8907781556311263,-4.668176707440606,-4.562370906776039,-5.83754598489211,24.974724090647328
0.8909781956391278,-4.6693435117832,-4.557369332351541,-5.828163032086316,25.03102180748209
0.8911782356471294,-4.670508438679558,-4.552356493249576,-5.81877527735994,25.087348335840375
0.8913782756551311,-4.6716714871691,-4.547332383706731,-5.809382720712975,25.14370367572218
0.8915783156631326,-4.672832656291238,-4.542296997959468,-5.799985362145449,25.200087827127277
0.8917783556711343,-4.67399194508541,-4.53725033024439,-5.790583201657334,25.256500790055952
0.8919783956791358,-4.675149352591035,-4.532192374798058,-5.781176239248651,25.31294256450809
0.8921784356871374,-4.676304877847532,-4.5271231258569316,-5.771764474919394,25.369413150483638
0.8923784756951391,-4.677458519894332,-4.522042577657643,-5.762347908669554,25.425912547982705
0.8925785157031406,-4.67861027777086,-4.516950724436725,-5.752926540499132,25.48244075700518
0.8927785557111423,-4.6797601505165325,-4.5118475604306525,-5.743500370408142,25.538997777551117
0.8929785957191438,-4.680908137170773,-4.506733079876014,-5.734069398396578,25.59558360962052
0.8931786357271454,-4.682054236773011,-4.501607277009356,-5.724633624464438,25.652198253213385
0.8933786757351471,-4.6831984483626705,-4.49647014606721,-5.715193048611724,25.708841708329714
0.8935787157431486,-4.684340770979173,-4.491321681286124,-5.705747670838427,25.76551397496945
0.8937787557511502,-4.68548120366194,-4.4861618769025995,-5.696297491144556,25.822215053132652
0.8939787957591518,-4.686619745450393,-4.480990727153255,-5.686842509530109,25.878944942819373
0.8941788357671534,-4.687756395383966,-4.475808226274594,-5.677382725995088,25.935703644029502
0.8943788757751551,-4.688891152502077,-4.470614368503135,-5.667918140539484,25.992491156763037
0.8945789157831566,-4.690024015844141,-4.46540914807548,-5.65844875316332,26.049307481020094
0.8947789557911582,-4.691154984449604,-4.460192559228119,-5.64897456386656,26.106152616800614
0.8949789957991598,-4.692284057357869,-4.4549645961976125,-5.639495572649231,26.163026564104598
0.8951790358071614,-4.693411233608366,-4.449725253220507,-5.630011779511335,26.21992932293199
0.8953790758151631,-4.694536512240518,-4.444474524533305,-5.620523184452857,26.276860893282844
0.8955791158231646,-4.695659892293758,-4.439212404372654,-5.611029787473797,26.33382127515722
0.8957791558311662,-4.696781372807493,-4.433938886974985,-5.6015315885741686,26.390810468555003
0.8959791958391679,-4.697900952821161,-4.428653966576903,-5.592028587753958,26.447828473476306
0.8961792358471694,-4.699018631374182,-4.423357637414938,-5.582520785013173,26.50487528992096
0.8963792758551711,-4.700134407505979,-4.418049893725609,-5.573008180351806,26.561950917889135
0.8965793158631726,-4.701248280255967,-4.412730729745476,-5.563490773769878,26.619055357380773
0.8967793558711742,-4.702360248663588,-4.407400139711058,-5.553968565267361,26.67618860839582
0.8969793958791759,-4.70347031176825,-4.402058117858957,-5.544441554844276,26.73335067093433
0.8971794358871774,-4.704578468609389,-4.396704658425691,-5.534909742500602,26.79054154499636
0.8973794758951791,-4.705684718226415,-4.391339755647735,-5.525373128236367,26.847761230581796
0.8975795159031806,-4.70678905965876,-4.385963403761721,-5.515831712051558,26.905009727690697
0.8977795559111822,-4.707891491945849,-4.3805755970041815,-5.506285493946166,26.962287036323005
0.8979795959191839,-4.708992014127105,-4.375176329611605,-5.496734473920192,27.019593156478834
0.8981796359271854,-4.710090625241952,-4.369765595820581,-5.487178651973643,27.076928088158127
0.8983796759351871,-4.711187324329808,-4.364343389867628,-5.477618028106519,27.134291831360883
0.8985797159431886,-4.7122821104301025,-4.3589097059892765,-5.468052602318821,27.191684386087047
0.8987797559511902,-4.7133749825822555,-4.353464538422131,-5.458482374610554,27.249105752336675
0.8989797959591919,-4.7144659398257005,-4.348007881402694,-5.448907344981691,27.306555930109823
0.8991798359671934,-4.715554981199848,-4.34253972916747,-5.439327513432275,27.36403491940638
0.8993798759751951,-4.716642105744127,-4.3370600759530475,-5.429742879962269,27.421542720226398
0.8995799159831966,-4.717727312497962,-4.331568915995987,-5.420153444571696,27.479079332569825
0.8997799559911982,-4.718810600500781,-4.326066243532779,-5.410559207260533,27.536644756436772
0.8999799959991999,-4.719891968792,-4.320552052800011,-5.400960168028803,27.594238991827183
0.9001800360072014,-4.720971416411043,-4.315026338034187,-5.3913563268764975,27.651862038741058
0.9003800760152031,-4.722048942397343,-4.3094890934718535,-5.38174768380361,27.70951389717834
0.9005801160232046,-4.723124545790313,-4.303940313349585,-5.372134238810155,27.76719456713903
0.9007801560312062,-4.724198225629383,-4.298379991903943,-5.362515991896117,27.824904048623296
0.9009801960392079,-4.72526998095398,-4.292808123371401,-5.352892943061498,27.88264234163097
0.9011802360472094,-4.726339810803518,-4.287224701988535,-5.343265092306311,27.940409446162107
0.9013802760552111,-4.727407714217424,-4.281629721991891,-5.333632439630556,27.99820536221671
0.9015803160632127,-4.728473690235125,-4.276023177617972,-5.3239949850342185,28.05603008979466
0.9017803560712142,-4.7295377378960435,-4.270405063103411,-5.3143527285173064,28.11388362889619
0.9019803960792159,-4.730599856239605,-4.264775372684667,-5.304705670079805,28.171765979521183
0.9021804360872174,-4.731660044305231,-4.259134100598359,-5.295053809721736,28.229677141669583
0.9023804760952191,-4.732718301132344,-4.253481241080934,-5.285397147443092,28.287617115341448
0.9025805161032207,-4.733774625760372,-4.2478167883689935,-5.275735683243866,28.345585900536776
0.9027805561112222,-4.734829017228735,-4.242140736699085,-5.266069417124072,28.403583497255568
0.9029805961192239,-4.735881474576855,-4.236453080307697,-5.256398349083696,28.461609905497824
0.9031806361272254,-4.736931996844163,-4.230753813431448,-5.246722479122752,28.519665125263487
0.9033806761352271,-4.737980583070078,-4.225042930306827,-5.237041807241219,28.57774915655267
0.9035807161432287,-4.739027232294024,-4.219320425170395,-5.227356333439118,28.63586199936526
0.9037807561512302,-4.740071943555417,-4.213586292258711,-5.21766605771645,28.694003653701373
0.9039807961592319,-4.741114715893698,-4.20784052580828,-5.207970980073192,28.75217411956089
0.9041808361672334,-4.742155548348281,-4.202083120055676,-5.198271100509359,28.810373396943817
0.9043808761752351,-4.743194439958588,-4.196314069237417,-5.188566419024951,28.868601485850263
0.9045809161832367,-4.744231389764044,-4.190533367590064,-5.178856935619969,28.926858386280173
0.9047809561912382,-4.745266396804077,-4.184741009350162,-5.169142650294411,28.985144098233548
0.9049809961992399,-4.746299460118106,-4.178936988754231,-5.159423563048271,29.04345862171033
0.9051810362072414,-4.747330578745554,-4.173121300038872,-5.149699673881564,29.10180195671063
0.905381076215243,-4.748359751725854,-4.167293937440533,-5.139970982794281,29.16017410323434
0.9055811162232447,-4.7493869780984195,-4.161454895195831,-5.13023748978641,29.21857506128157
0.9057811562312462,-4.750412256902674,-4.15560416754127,-5.120499194857977,29.277004830852093
0.9059811962392479,-4.751435587178047,-4.1497417487134385,-5.110756098008963,29.33546341194625
0.9061812362472494,-4.752456967963964,-4.143867632948826,-5.1010081992393665,29.393950804563815
0.906381276255251,-4.7534763982998385,-4.137981814483965,-5.091255498549202,29.452467008704787
0.9065813162632527,-4.754493877225109,-4.1320842875554575,-5.081497995938449,29.51101202436928
0.9067813562712542,-4.755509403779184,-4.126175046399865,-5.0717356914071345,29.56958585155718
0.9069813962792559,-4.756522977001497,-4.120254085253606,-5.061968584955231,29.628188490268542
0.9071814362872574,-4.757534595931467,-4.114321398353354,-5.052196676582767,29.686819940503426
0.907381476295259,-4.758544259608524,-4.108376979935599,-5.042419966289721,29.745480202261717
0.9075815163032607,-4.759551967072085,-4.102420824236859,-5.032638454076093,29.804169275543416
0.9077815563112622,-4.7605577173615785,-4.096452925493722,-5.0228521399418895,29.862887160348635
0.9079815963192639,-4.761561509516422,-4.090473277942692,-5.013061023887111,29.921633856677317
0.9081816363272655,-4.762563342576048,-4.0844818758203445,-5.003265105911758,29.980409364529464
0.908381676335267,-4.763563215579872,-4.078478713363197,-4.99346438601583,30.03921368390496
0.9085817163432687,-4.7645611275673225,-4.072463784807809,-4.98365886419932,30.098046814804036
0.9087817563512702,-4.765557077577823,-4.066437084390728,-4.973848540462242,30.156908757226518
0.9089817963592719,-4.766551064650795,-4.060398606348485,-4.964033414804582,30.21579951117252
0.9091818363672735,-4.767543087825665,-4.054348344917599,-4.9542134872263475,30.27471907664193
0.909381876375275,-4.768533146141857,-4.048286294334616,-4.944388757727545,30.33366745363469
0.9095819163832767,-4.7695212386387915,-4.042212448836153,-4.934559226308153,30.392644642151083
0.9097819563912782,-4.770507364355893,-4.036126802658643,-4.924724892968193,30.451650642190828
0.9099819963992799,-4.771491522332591,-4.030029350038731,-4.914885757707651,30.510685453754093
0.9101820364072815,-4.772473711608301,-4.0239200852129215,-4.9050418205265345,30.56974907684082
0.910382076415283,-4.773453931222448,-4.017799002417718,-4.89519308142485,30.6288415114509
0.9105821164232847,-4.774432180214461,-4.011666095889709,-4.885339540402576,30.687962757584557
0.9107821564312862,-4.775408457623762,-4.005521359865412,-4.8754811974597345,30.74711281524162
0.9109821964392879,-4.776382762489773,-3.9993647885813743,-4.865618052596311,30.80629168442215
0.9111822364472895,-4.777355093851918,-3.9931963762741276,-4.8557501058123265,30.865499365126027
0.911382276455291,-4.778325450749623,-3.9870161171802607,-4.845877357107753,30.924735857353483
0.9115823164632927,-4.77929383222231,-3.9808240055362774,-4.835999806482597,30.984001161104402
0.9117823564712942,-4.780260237309399,-3.974620035578724,-4.826117453936881,31.04329527637873
0.9119823964792959,-4.7812246650503205,-3.9684042015441605,-4.8162302994705755,31.102618203176576
0.9121824364872975,-4.782187114484492,-3.9621764976691054,-4.806338343083702,31.161969941497773
0.912382476495299,-4.783147584651346,-3.955936918190119,-4.796441584776247,31.22135049134249
0.9125825165033007,-4.784106074590298,-3.949685457343733,-4.786540024548216,31.280759852710673
0.9127825565113022,-4.7850625833407765,-3.943422109366537,-4.776633662399611,31.340198025602376
0.9129825965193039,-4.786017109942197,-3.937146868494949,-4.766722498330431,31.399665010017372
0.9131826365273055,-4.786969653433996,-3.9308597289656717,-4.756806532340676,31.459160805955946
0.913382676535307,-4.787920212855592,-3.924560685015109,-4.7468857644303455,31.518685413417927
0.9135827165433087,-4.788868787246404,-3.918249730879893,-4.736960194599433,31.57823883240343
0.9137827565513102,-4.789815375645858,-3.911926860796541,-4.727029822847953,31.63782106291228
0.9139827965593119,-4.790759977093385,-3.9055920690015853,-4.717094649175884,31.697432104944653
0.9141828365673135,-4.791702590628404,-3.8992453497316006,-4.70715467358324,31.757071958500546
0.914382876575315,-4.7926432152903296,-3.8928866972230622,-4.697209896070035,31.81674062357979
0.9145829165833167,-4.793581850118601,-3.8865161057126016,-4.687260316636234,31.87643810018261
0.9147829565913183,-4.794518494152626,-3.88013356943668,-4.677305935281879,31.936164388308725
0.9149829965993199,-4.795453146431848,-3.873739082631886,-4.667346752006921,31.995919487958417
0.9151830366073215,-4.796385805995673,-3.8673326395347374,-4.657382766811416,32.05570339913152
0.915383076615323,-4.7973164718835335,-3.8609142343818377,-4.647413979695322,32.115516121828136
0.9155831166233247,-4.798245143134848,-3.854483861409605,-4.637440390658654,32.17535765604805
0.9157831566313263,-4.799171818789048,-3.848041514854714,-4.627461999701403,32.2352280017916
0.9159831966393279,-4.800096497885551,-3.841587188953639,-4.617478806823577,32.29512715905855
0.9161832366473295,-4.801019179463784,-3.8351208779429413,-4.607490812025176,32.35505512784897
0.916383276655331,-4.80193986256317,-3.828642576059181,-4.597498015306201,32.415011908162796
0.9165833166633327,-4.802858546223135,-3.8221522775388337,-4.587500416666643,32.474997500000086
0.9167833566713343,-4.803775229483094,-3.815649976618502,-4.577498016106517,32.53501190336084
0.9169833966793358,-4.804689911382479,-3.8091356675347328,-4.567490813625817,32.595055118245114
0.9171834366873375,-4.80560259096071,-3.802609344524015,-4.557478809224534,32.655127144652795
0.917383476695339,-4.806513267257214,-3.7960710018229378,-4.547462002902684,32.71522798258388
0.9175835167033407,-4.807421939311414,-3.789520633668033,-4.537440394660251,32.77535763203849
0.9177835567113423,-4.808328606162734,-3.7829582342958474,-4.527413984497237,32.835516093016565
0.9179835967193438,-4.809233266850594,-3.776383797942941,-4.517382772413654,32.8957033655181
0.9181836367273455,-4.810135920414421,-3.7697973188458036,-4.50734675840949,32.955919449543046
0.918383676735347,-4.811036565893637,-3.7631987912410096,-4.497305942484758,33.016164345091454
0.9185837167433487,-4.811935202327666,-3.756588209365077,-4.487260324639443,33.076438052163326
0.9187837567513503,-4.812831828755936,-3.749965567454595,-4.477209904873554,33.13674057075866
0.9189837967593518,-4.81372644421787,-3.7433308597461092,-4.467154683187083,33.19707190087746
0.9191838367673535,-4.814619047752885,-3.7366840804760812,-4.457094659580044,33.257432042519724
0.919383876775355,-4.815509638400407,-3.7300252238811282,-4.447029834052437,33.317820995685395
0.9195839167833567,-4.816398215199866,-3.723354284197768,-4.436960206604233,33.378238760374586
0.9197839567913583,-4.817284777190677,-3.7166712556625754,-4.426885777235469,33.43868533658724
0.9199839967993598,-4.818169323412276,-3.7099761325120824,-4.416806545946116,33.4991607243233
0.9201840368073615,-4.819051852904073,-3.703268908982764,-4.406722512736195,33.55966492358283
0.920384076815363,-4.8199323647054975,-3.6965495793112098,-4.396633677605699,33.62019793436582
0.9205841168233647,-4.820810857855978,-3.6898181377339654,-4.386540040554614,33.68075975667227
0.9207841568313663,-4.82168733139493,-3.6830745784875916,-4.376441601582968,33.74135039050219
0.9209841968393678,-4.822561784361783,-3.6763188958086204,-4.36633836069074,33.801969835855516
0.9211842368473695,-4.823434215795961,-3.669551083933584,-4.35623031787793,33.86261809273236
0.921384276855371,-4.824304624736882,-3.6627711370990284,-4.3461174731445595,33.92329516113267
0.9215843168633727,-4.825173010223972,-3.6559790495414717,-4.335999826490607,33.98400104105639
0.9217843568713743,-4.8260393712966625,-3.649174815497531,-4.325877377916072,34.04473573250357
0.9219843968793758,-4.8269037069943685,-3.6423584292036537,-4.315750127420962,34.10549923547421
0.9221844368873775,-4.827766016356513,-3.635529884896428,-4.3056180750052775,34.16629154996832
0.9223844768953791,-4.828626298422527,-3.6286891768124008,-4.295481220669018,34.22711267598589
0.9225845169033807,-4.8294845522318255,-3.621836299188118,-4.285339564412183,34.28796261352693
0.9227845569113823,-4.830340776823844,-3.614971246260126,-4.275193106234767,34.34884136259137
0.9229845969193838,-4.831194971237995,-3.6080940122649423,-4.265041846136782,34.40974892317928
0.9231846369273855,-4.8320471345137115,-3.6012045914391138,-4.2548857841182155,34.47068529529071
0.9233846769353871,-4.832897265690404,-3.5943029780192006,-4.244724920179081,34.53165047892554
0.9235847169433887,-4.833745363807511,-3.587389166241749,-4.2345592543193575,34.59264447408384
0.9237847569513903,-4.834591427904449,-3.5804631503432773,-4.224388786539066,34.6536672807656
0.9239847969593918,-4.835435457020639,-3.573524924560317,-4.2142135168382,34.71471889897083
0.9241848369673935,-4.8362774501955155,-3.5665744831294575,-4.204033445216744,34.77579932869952
0.9243848769753951,-4.837117406468492,-3.5596118202872304,-4.193848571674721,34.83690856995162
0.9245849169833967,-4.837955324878994,-3.552636930270168,-4.183658896212123,34.898046622727236
0.9247849569913983,-4.838791204466446,-3.545649807314774,-4.173464418828949,34.95921348702626
0.9249849969993998,-4.839625044270271,-3.5386504456576375,-4.163265139525208,35.02040916284875
0.9251850370074015,-4.840456843329902,-3.5316388395353187,-4.153061058300871,35.08163365019476
0.9253850770154031,-4.841286600684748,-3.524614983184307,-4.14285217515598,35.14288694906412
0.9255851170234047,-4.842114315374241,-3.517578870841163,-4.1326384900905,35.204169059457
0.9257851570314063,-4.8429399864378055,-3.5105304967424473,-4.122420003104445,35.265479981373346
0.9259851970394078,-4.843763612914863,-3.5034698551247203,-4.112196714197815,35.326819714813155
0.9261852370474095,-4.844585193844839,-3.4963969402244715,-4.1019686233706025,35.38818825977643
0.9263852770554111,-4.8454047282671535,-3.4893117462782612,-4.091735730622823,35.44958561626305
0.9265853170634127,-4.8462222152212355,-3.4822142675226644,-4.081498035954461,35.51101178427325
0.9267853570714143,-4.847037653746504,-3.4751044981941703,-4.071255539365524,35.57246676380686
0.9269853970794159,-4.847851042882386,-3.467982432529354,-4.061008240856012,35.63395055486387
0.9271854370874175,-4.848662381668303,-3.460848064764761,-4.050756140425932,35.69546315744441
0.9273854770954191,-4.849471669143682,-3.453701389136924,-4.040499238075263,35.75700457154841
0.9275855171034206,-4.850278904347942,-3.4465423998824036,-4.030237533804026,35.81857479717587
0.9277855571114223,-4.851084086320512,-3.4393710912377173,-4.0199710276122005,35.8801738343268
0.9279855971194239,-4.85188721410081,-3.432187457439454,-4.009699719499814,35.94180168300113
0.9281856371274255,-4.852688286728261,-3.424991492724047,-3.999423609466845,36.00345834319893
0.9283856771354271,-4.853487303242293,-3.417783191328141,-3.9891426975133015,36.06514381492019
0.9285857171434286,-4.854284262682331,-3.41056254748824,-3.978856983639176,36.12685809816492
0.9287857571514303,-4.855079164087794,-3.4033295554409335,-3.968566467844475,36.18860119293316
0.9289857971594319,-4.855872006498103,-3.3960842094227246,-3.9582711501292067,36.25037309922476
0.9291858371674335,-4.85666278895269,-3.3888265036701313,-3.947971030493349,36.31217381703988
0.9293858771754351,-4.8574515104909715,-3.3815564324197425,-3.9376661089369307,36.37400334637846
0.9295859171834366,-4.858238170152379,-3.374273989908076,-3.9273563854599303,36.43586168724039
0.9297859571914383,-4.859022766976324,-3.36697917037165,-3.917041860062355,36.49774883962584
0.9299859971994399,-4.859805300002243,-3.3596719680470812,-3.9067225327441975,36.559664803534815
0.9301860372074415,-4.860585768269555,-3.352352377170817,-3.896398403505465,36.621609578967195
0.9303860772154431,-4.86136417081768,-3.3450203919794887,-3.8860694723461577,36.68358316592304
0.9305861172234446,-4.862140506686046,-3.3376760067096,-3.8757357392662755,36.74558556440229
0.9307861572314463,-4.862914774914078,-3.3303192155976973,-3.8653972042658182,36.80761677440506
0.9309861972394479,-4.863686974541196,-3.3229500128803267,-3.855053867344786,36.8696767959313
0.9311862372474495,-4.864457104606824,-3.315568392793992,-3.844705728503179,36.931765628981
0.9313862772554511,-4.865225164150392,-3.308174349575296,-3.8343527877409898,36.993883273554104
0.9315863172634526,-4.865991152211315,-3.3007678774607427,-3.8239950450582256,37.056029729650675
0.9317863572714543,-4.866755067829022,-3.2933489706868784,-3.8136325004548794,37.11820499727071
0.9319863972794559,-4.867516910042937,-3.2859176234902634,-3.8032651539309654,37.18040907641421
0.9321864372874575,-4.8682766778924815,-3.2784738301074157,-3.7928930054864693,37.24264196708117
0.9323864772954591,-4.869034370417076,-3.271017584774924,-3.7825160551214054,37.30490366927154
0.9325865173034606,-4.869789986656155,-3.2635488817292924,-3.7721343028357595,37.36719418298543
0.9327865573114623,-4.870543525649129,-3.2560677152070667,-3.7617477486295385,37.42951350822278
0.9329865973194639,-4.871294986435434,-3.2485740794447793,-3.7513563925027427,37.491861644983544
0.9331866373274655,-4.872044368054485,-3.2410679686790047,-3.7409602344553647,37.554238593267826
0.9333866773354671,-4.872791669545709,-3.2335493771462325,-3.730559274487426,37.61664435307546
0.9335867173434687,-4.873536889948529,-3.2260182990830515,-3.7201535125989054,37.67907892440661
0.9337867573514703,-4.874280028302376,-3.218474728726008,-3.7097429487897955,37.74154230726123
0.9339867973594719,-4.875021083646658,-3.2109186603116484,-3.699327583060125,37.80403450163931
0.9341868373674735,-4.8757600550208124,-3.203350088076462,-3.688907415409865,37.866555507540795
0.9343868773754751,-4.876496941464257,-3.195769006257038,-3.6784824458390375,37.92910532496575
0.9345869173834767,-4.8772317420164235,-3.188175409089922,-3.668052674347628,37.99168395391422
0.9347869573914783,-4.877964455716718,-3.1805692908116043,-3.6576181009356503,38.0542913943861
0.9349869973994799,-4.878695081604583,-3.1729506456586876,-3.6471787256030908,38.116927646381384
0.9351870374074815,-4.879423618719432,-3.165319467867704,-3.6367345483499633,38.17959270990025
0.9353870774154831,-4.880150066100693,-3.1576757516751712,-3.626285569176247,38.24228658494252
0.9355871174234847,-4.880874422787791,-3.15001949131765,-3.6158317880819624,38.305009271508254
0.9357871574314863,-4.881596687820139,-3.142350681031658,-3.605373205067103,38.367760769597396
0.9359871974394879,-4.882316860237182,-3.134669315053813,-3.5949098201316545,38.43054107921006
0.9361872374474896,-4.883034939078321,-3.126975387620547,-3.584441633275638,38.49335020034613
0.9363872774554911,-4.8837509233829905,-3.1192688929684778,-3.573968644499047,38.55618813300572
0.9365873174634927,-4.884464812190611,-3.1115498253340945,-3.5634908538018877,38.61905487718866
0.9367873574714943,-4.885176604540611,-3.1038181789540147,-3.5530082611841394,38.68195043289518
0.9369873974794959,-4.885886299472414,-3.0960739480647277,-3.542520866645823,38.74487480012505
0.9371874374874976,-4.886593896025442,-3.088317126902794,-3.532028670186918,38.807827978878436
0.9373874774954991,-4.887299393239115,-3.080547709704746,-3.521531671807459,38.87080996915529
0.9375875175035007,-4.888002790152861,-3.0727656907071434,-3.511029871507411,38.93382077095555
0.9377875575115023,-4.888704085806104,-3.0649710641464765,-3.5005232692867807,38.99686038427927
0.9379875975195039,-4.889403279238266,-3.0571638242593764,-3.4900118651455827,39.05992880912652
0.9381876375275056,-4.890100369488767,-3.04934396528229,-3.4794956590838098,39.12302604549717
0.9383876775355071,-4.890795355597046,-3.0415114814518347,-3.4689746511014476,39.18615209339134
0.9385877175435087,-4.891488236602505,-3.0336663670045,-3.458448841198525,39.24930695280881
0.9387877575515103,-4.892179011544581,-3.0258086161768745,-3.44791822937502,39.31249062374985
0.9389877975595119,-4.892867679462697,-3.0179382232054763,-3.43738281563094,39.37570310621436
0.9391878375675135,-4.893554239396277,-3.010055182326866,-3.4268425999662853,39.43894440020233
0.9393878775755151,-4.894238690384743,-3.0021594877775755,-3.4162975823810484,39.502214505713766
0.9395879175835167,-4.894921031467515,-2.9942511337941085,-3.4057477628752437,39.56551342274855
0.9397879575915183,-4.895601261684021,-2.9863301146130254,-3.395193141448857,39.62884115130686
0.9399879975995199,-4.896279380073686,-2.9783964244709153,-3.3846337181018953,39.69219769138863
0.9401880376075215,-4.896955385675938,-2.9704500576043387,-3.3740694928343515,39.75558304299386
0.9403880776155231,-4.897629277530186,-2.962491008249728,-3.36350046564624,39.81899720612256
0.9405881176235247,-4.898301054675862,-2.954519270643715,-3.3529266365375534,39.882440180774665
0.9407881576315263,-4.898970716152398,-2.946534839022803,-3.3423480055082777,39.94591196695029
0.9409881976395279,-4.8996382609992075,-2.938537707623567,-3.331764572558434,40.00941256464938
0.9411882376475295,-4.900303688255711,-2.9305278706824964,-3.32117633768803,40.07294197387182
0.9413882776555311,-4.900966996961344,-2.9225053224362085,-3.3105833008970293,40.13650019461784
0.9415883176635327,-4.9016281861555235,-2.9144700571211786,-3.299985462185461,40.20008722688726
0.9417883576715343,-4.902287254877674,-2.906422068973967,-3.2893828215533105,40.26370307068015
0.9419883976795359,-4.90294420216722,-2.898361352231163,-3.278775379000585,40.3273477259965
0.9421884376875375,-4.903599027063585,-2.8902879011292555,-3.268163134527285,40.39102119283626
0.9423884776955391,-4.904251728606191,-2.8822017099048054,-3.2575460881334095,40.45472347119954
0.9425885177035407,-4.904902305834462,-2.8741027727943163,-3.2469242398189593,40.51845456108623
0.9427885577115424,-4.905550757787829,-2.8659910840344196,-3.23629758958392,40.58221446249644
0.9429885977195439,-4.9061970835057025,-2.8578666378615623,-3.225666137428327,40.646003175429996
0.9431886377275455,-4.906841282027518,-2.8497294285123758,-3.215029883352152,40.70982069988713
0.9433886777355471,-4.9074833523926955,-2.841579450223321,-3.2043888273553875,40.773667035867675
0.9435887177435487,-4.908123293640653,-2.8334166972310015,-3.1937429694380626,40.83754218337168
0.9437887577515504,-4.908761104810825,-2.8252411637719206,-3.1830923096001484,40.90144614239915
0.9439887977595519,-4.909396784942626,-2.817052844082639,-3.1724368478416665,40.96537891294997
0.9441888377675535,-4.910030333075486,-2.808851732399688,-3.1617765841626024,41.02934049502437
0.9443888777755551,-4.910661748248824,-2.800637822959658,-3.1511115185629635,41.09333088862223
0.9445889177835567,-4.911291029502067,-2.7924111099989943,-3.1404416510427495,41.1573500937435
0.9447889577915584,-4.911918175874639,-2.7841715877543436,-3.1297669816019535,41.22139811038829
0.9449889977995599,-4.9125431864059586,-2.775919250462181,-3.119087510240597,41.28547493855643
0.9451890378075615,-4.91316606013546,-2.7676540923590807,-3.108403236958658,41.349580578248094
0.9453890778155631,-4.913786796102556,-2.7593761076815184,-3.0977141617561372,41.41371502946316
0.9455891178235647,-4.9144053933466765,-2.7510852906661967,-3.0870202846330415,41.47787829220175
0.9457891578315664,-4.915021850907241,-2.7427816355494627,-3.0763216055893707,41.54207036646375
0.9459891978395679,-4.915636167823678,-2.734465136568005,-3.065618124625125,41.606291252249264
0.9461892378475695,-4.916248343135408,-2.7261357879582846,-3.0549098417403044,41.67054094955819
0.9463892778555711,-4.9168583758818585,-2.7177935839568903,-3.0441967569349018,41.73481945839063
0.9465893178635727,-4.917466265102448,-2.709438518800326,-3.0334788702089313,41.79912677874637
0.9467893578715744,-4.918072009836607,-2.70107058672518,-3.0227561815623716,41.86346291062574
0.9469893978795759,-4.918675609123753,-2.692689781967971,-3.012028690995244,41.92782785402852
0.9471894378875775,-4.91927706200331,-2.6842960987652305,-3.0012963985075487,41.992221608954765
0.9473894778955791,-4.9198763675147035,-2.6758895313534623,-2.9905593040992713,42.056644175404415
0.9475895179035807,-4.920473524697357,-2.667470073969284,-2.979817407770419,42.12109555337747
0.9477895579115824,-4.921068532590699,-2.659037720849227,-2.9690707095209774,42.18557574287411
0.9479895979195839,-4.921661390234146,-2.65059246622981,-2.958319209350975,42.25008474389415
0.9481896379275855,-4.922252096667126,-2.642134304347607,-2.947562907260391,42.3146225564376
0.9483896779355871,-4.922840650929061,-2.6336632294391507,-2.9368018032492245,42.379189180504625
0.9485897179435887,-4.9234270520593775,-2.6251792357409443,-2.9260358973174903,42.44378461609506
0.9487897579515904,-4.924011299097501,-2.6166823174895626,-2.915265189465167,42.508408863208956
0.9489897979595919,-4.9245933910828406,-2.6081724689215378,-2.9044896796922828,42.57306192184632
0.9491898379675935,-4.925173327054836,-2.599649684273402,-2.893709367998831,42.63774379200703
0.9493898779755952,-4.925751106052907,-2.5911139577817437,-2.8829242543847826,42.70245447369132
0.9495899179835967,-4.926326727116475,-2.5825652836830244,-2.8721343388501666,42.767193966899015
0.9497899579915984,-4.926900189284961,-2.5740036562138755,-2.8613396213949756,42.831962271630175
0.9499899979995999,-4.9274714915977995,-2.5654290696108006,-2.8505401020192025,42.8967593878848
0.9501900380076015,-4.928040633094408,-2.556841518110346,-2.8397357807228545,42.96158531566283
0.9503900780156032,-4.928607612814201,-2.548240995949044,-2.8289266575059386,43.02644005496438
0.9505901180236047,-4.929172429796619,-2.5396274973634405,-2.8181127323684336,43.0913236057894
0.9507901580316063,-4.9297350830810736,-2.531001016590068,-2.807294005310368,43.156235968137764
0.9509901980396079,-4.930295571707003,-2.522361547865515,-2.796470476331706,43.22117714200971
0.9511902380476095,-4.93085389471381,-2.5137090854262567,-2.7856421454324902,43.28614712740506
0.9513902780556112,-4.931410051140929,-2.505043623508925,-2.7748090126126854,43.35114592432393
0.9515903180636127,-4.931964040027786,-2.4963651563499383,-2.7639710778723128,43.41617353276615
0.9517903580716143,-4.932515860413805,-2.4876736781859705,-2.753128341211358,43.48122995273184
0.9519903980796159,-4.933065511338405,-2.478969183253483,-2.7422808026298213,43.546315184221044
0.9521904380876175,-4.933612991841013,-2.4702516657890357,-2.7314284621277167,43.611429227233714
0.9523904780956192,-4.934158300961055,-2.4615211200291753,-2.720571319705023,43.67657208176985
0.9525905181036207,-4.9347014377379494,-2.452777540210434,-2.7097093753617685,43.74174374782939
0.9527905581116223,-4.9352424012111165,-2.444020920569372,-2.698842629097939,43.80694422541234
0.9529905981196239,-4.935781190419998,-2.4352512553425356,-2.6879710809135133,43.87217351451886
0.9531906381276255,-4.936317804403995,-2.426468538766443,-2.677094730808541,43.937431615148796
0.9533906781356272,-4.936852242202551,-2.417672765077654,-2.6662135787829655,44.00271852730219
0.9535907181436287,-4.937384502855075,-2.408863928512716,-2.655327624836829,44.068034250979
0.9537907581516303,-4.937914585400993,-2.40004202330816,-2.644436868970118,44.13337878617932
0.953990798159632,-4.938442488879733,-2.39120704370049,-2.6335413111828245,44.19875213290305
0.9541908381676335,-4.938968212330725,-2.3823589839263377,-2.622640951474949,44.264154291150305
0.9543908781756352,-4.939491754793384,-2.3734978382221783,-2.611735789846499,44.32958526092102
0.9545909181836367,-4.940013115307131,-2.3646236008246007,-2.6008258262974806,44.39504504221509
0.9547909581916383,-4.940532292911392,-2.355736265970066,-2.5899110608278946,44.46053363503262
0.95499099819964,-4.941049286645601,-2.3468358278952195,-2.5789914934377123,44.526051039373726
0.9551910382076415,-4.941564095549172,-2.337922280836551,-2.5680671241269692,44.59159725523824
0.9553910782156432,-4.942076718661525,-2.328995619030593,-2.557137952895644,44.65717228262622
0.9555911182236447,-4.942587155022096,-2.320055836713891,-2.546203979743737,44.72277612153755
0.9557911582316463,-4.9430954036702985,-2.311102928122992,-2.535265204671262,44.7884087719724
0.955991198239648,-4.94360146364556,-2.30213688749447,-2.524321627678205,44.85407023393077
0.9561912382476495,-4.944105333987302,-2.293157709064843,-2.51337324876458,44.91976050741249
0.9563912782556512,-4.944607013734956,-2.2841653870706864,-2.502420067930366,44.98547959241779
0.9565913182636527,-4.945106501927938,-2.2751599157484463,-2.491462085175584,45.05122748894644
0.9567913582716543,-4.945603797605671,-2.2661412893347688,-2.4804993005002274,45.11700419699861
0.956991398279656,-4.946098899807584,-2.257109502066143,-2.4695317139042885,45.18280971657424
0.9571914382876575,-4.9465918075731,-2.248064548179144,-2.4585593253877818,45.24864404767328
0.9573914782956592,-4.947082519941635,-2.2390064219102896,-2.4475821349507,45.31450719029584
0.9575915183036607,-4.9475710359526275,-2.2299351174961117,-2.4366001425930364,45.38039914444181
0.9577915583116623,-4.9480573546454885,-2.220850629173185,-2.4256133483147977,45.44631991011124
0.957991598319664,-4.948541475059649,-2.211752951178056,-2.414621752115977,45.512269487304195
0.9581916383276655,-4.949023396234523,-2.202642077747214,-2.4036253539965884,45.57824787602044
0.9583916783356672,-4.949503117209549,-2.193518003117262,-2.3926241539566107,45.64425507626032
0.9585917183436687,-4.949980637024137,-2.1843807215246898,-2.381618151996072,45.71029108802355
0.9587917583516703,-4.950455954717718,-2.1752302272061,-2.3706073481149517,45.77635591131025
0.958991798359672,-4.950929069329714,-2.1660665143979827,-2.359591742313256,45.84244954612046
0.9591918383676735,-4.951399979899556,-2.156889577336898,-2.3485713345909858,45.908571992454085
0.9593918783756752,-4.951868685466653,-2.147699410259378,-2.3375461249481333,45.97472325031117
0.9595919183836767,-4.952335185070442,-2.13849600740204,-2.326516113384706,46.04090331969178
0.9597919583916783,-4.952799477750336,-2.1292793630013023,-2.3154812999007106,46.10711220059568
0.95999199839968,-4.953261562545762,-2.120049471293811,-2.3044416844961333,46.173349893023214
0.9601920384076815,-4.953721438496153,-2.1108063265160126,-2.293397267170981,46.2396163969741
0.9603920784156832,-4.954179104640929,-2.1015499229045815,-2.2823480479252396,46.30591171244856
0.9605921184236847,-4.9546345600195,-2.092280254695922,-2.2712940267589445,46.372235839446375
0.9607921584316863,-4.955087803671308,-2.082997316126665,-2.2602352036720603,46.438588777967595
0.960992198439688,-4.955538834635764,-2.073701101433315,-2.249171578664601,46.50497052801239
0.9611922384476895,-4.955987651952299,-2.064391604852432,-2.238103151736574,46.5713810895806
0.9613922784556912,-4.956434254660337,-2.055068820620548,-2.227029922887958,46.637820462672266
0.9615923184636928,-4.956878641799296,-2.0457327429742236,-2.215951892118774,46.70428864728734
0.9617923584716943,-4.957320812408604,-2.036383366149991,-2.204869059429015,46.77078564342594
0.961992398479696,-4.957760765527684,-2.027020684384368,-2.193781424818674,46.837311451088
0.9621924384876975,-4.958198500195962,-2.0176446919139153,-2.182688988287758,46.903866070273466
0.9623924784956991,-4.9586340154528585,-2.0082553829752072,-2.171591749836267,46.9704495009824
0.9625925185037008,-4.959067310337797,-1.9988527518047476,-2.160489709464194,47.03706174321479
0.9627925585117023,-4.959498383890203,-1.9894367926390828,-2.1493828671715534,47.10370279697065
0.962992598519704,-4.9599272351495,-1.9800074997147874,-2.1382712229583305,47.17037266225003
0.9631926385277055,-4.960353863155113,-1.970564867268365,-2.12715477682454,47.23707133905282
0.9633926785357071,-4.960778266946463,-1.9611088895363622,-2.116033528770167,47.30379882737901
0.9635927185437088,-4.961200445562977,-1.9516395607553108,-2.1049074787952193,47.37055512722867
0.9637927585517103,-4.961620398044069,-1.9421568751617855,-2.093776626899704,47.43734023860179
0.963992798559712,-4.962038123429181,-1.9326608269923327,-2.082640973083592,47.504154161498434
0.9641928385677135,-4.962453620757721,-1.9231514104834986,-2.0715005173469194,47.57099689591843
0.9643928785757151,-4.962866889069119,-1.9136286198718153,-2.060355259689665,47.637868441862
0.9645929185837168,-4.963277927402796,-1.9040924493937865,-2.0492052001118353,47.704768799328974
0.9647929585917183,-4.963686734798181,-1.8945428932859727,-2.0380503386134308,47.771697968319415
0.96499299859972,-4.964093310294693,-1.8849799457849485,-2.026890675194444,47.83865594883332
0.9651930386077215,-4.964497652931758,-1.8754036011272603,-2.015726209854897,47.90564274087063
0.9653930786157231,-4.964899761748796,-1.8658138535493833,-2.0045569425947676,47.97265834443141
0.9655931186237248,-4.9652996357852395,-1.8562106972879349,-1.993382873414049,48.039702759515706
0.9657931586317263,-4.965697274080501,-1.846594126579447,-1.9822040023127627,48.106775986123466
0.965993198639728,-4.9660926756740125,-1.836964135660395,-1.9710203292909014,48.173878024254634
0.9661932386477295,-4.966485839605195,-1.827320718767382,-1.9598318543484652,48.24100887390915
0.9663932786557311,-4.966876764913472,-1.8176638701369683,-1.948638577485454,48.308168535087304
0.9665933186637328,-4.967265450638266,-1.8079935840056436,-1.9374404987018607,48.375357007788864
0.9667933586717343,-4.967651895819007,-1.7983098546099825,-1.9262376179976926,48.44257429201383
0.966993398679736,-4.968036099495109,-1.7886126761864745,-1.9150299353729494,48.50982038776226
0.9671934386877376,-4.968418060706,-1.7789020429717652,-1.9038174508276384,48.57709529503421
0.9673934786957391,-4.9687977784911155,-1.7691779492023159,-1.8926001643617383,48.64439901382957
0.9675935187037408,-4.969175251889855,-1.7594403891146726,-1.8813780759752703,48.71173154414839
0.9677935587117423,-4.969550479941663,-1.7496893569454528,-1.8701511856682203,48.77909288599068
0.967993598719744,-4.969923461685955,-1.7399248469311175,-1.8589194934405953,48.84648303935643
0.9681936387277456,-4.970294196162154,-1.7301468533081845,-1.8476829992924024,48.913902004245585
0.9683936787357471,-4.970662682409692,-1.720355370313328,-1.8364417032236204,48.98134978065832
0.9685937187437488,-4.9710289194679795,-1.7105503921829381,-1.8251956052342635,49.048826368594405
0.9687937587517503,-4.971392906376451,-1.7007319131536889,-1.8139447053243387,49.11633176805395
0.968993798759752,-4.9717546421745205,-1.690899927462013,-1.8026890034938319,49.183865979036966
0.9691938387677536,-4.972114125901623,-1.6810544293445133,-1.7914284997427643,49.25142900154344
0.9693938787757551,-4.972471356597175,-1.6711954130377649,-1.7801631940711005,49.31902083557338
0.9695939187837568,-4.972826333300603,-1.6613228727782143,-1.7688930864788688,49.38664148112679
0.9697939587917583,-4.973179055051329,-1.6514368028024506,-1.7576181769660622,49.4542909382036
0.96999399879976,-4.973529520888782,-1.641537197347077,-1.7463384655326664,49.52196920680399
0.9701940388077616,-4.973877729852376,-1.63162405064854,-1.7350539521787098,49.58967628692773
0.9703940788157631,-4.974223680981542,-1.6216973569434714,-1.7237646369041784,49.65741217857493
0.9705941188237648,-4.9745673733157005,-1.6117571104683321,-1.7124705197090577,49.725176881745654
0.9707941588317663,-4.97490880589428,-1.6018033054597254,-1.7011716005933692,49.792970396439785
0.970994198839768,-4.975247977756695,-1.5918359361541263,-1.6898678795571058,49.86079272265738
0.9711942388477696,-4.975584887942382,-1.5818549967881381,-1.6785593566002674,49.92864386039844
0.9713942788557711,-4.975919535490757,-1.5718604815982786,-1.6672460317228541,49.996523809662904
0.9715943188637728,-4.976251919441243,-1.5618523848211083,-1.6559279049248588,50.06443257045089
0.9717943588717743,-4.976582038833268,-1.551830700693131,-1.6446049762062813,50.132370142762284
0.971994398879776,-4.976909892706253,-1.5417954234509637,-1.633277245567129,50.200336526597255
0.9721944388877776,-4.977235480099623,-1.5317465473310818,-1.6219447130074087,50.26833172195552
0.9723944788957791,-4.9775588000527975,-1.521684066570046,-1.6106073785271136,50.336355728837304
0.9725945189037808,-4.977879851605202,-1.5116079754043739,-1.5992652421262363,50.404408547242554
0.9727945589117823,-4.978198633796268,-1.5015182680706545,-1.5879183038047842,50.47249017717127
0.9729945989197839,-4.978515145665408,-1.4914149388054199,-1.5765665635627713,50.54060061862339
0.9731946389277856,-4.978829386252055,-1.4812979818452021,-1.565210021400162,50.60873987159903
0.9733946789357871,-4.979141354595626,-1.471167391426519,-1.553848677316985,50.676907936098075
0.9735947189437888,-4.979451049735552,-1.4610231617859597,-1.542482531313226,50.745104812120644
0.9737947589517904,-4.97975847071125,-1.4508652871600702,-1.531111583388892,50.81333049966668
0.9739947989597919,-4.980063616562141,-1.4406937617853544,-1.5197358335439901,50.88158499873606
0.9741948389677936,-4.980366486327661,-1.4305085798983725,-1.508355281778499,50.94986830932902
0.9743948789757951,-4.9806670790472225,-1.4203097357356285,-1.4969699280924402,51.01818043144533
0.9745949189837968,-4.980965393760258,-1.4100972235337395,-1.4855797724857993,51.08652136508522
0.9747949589917984,-4.9812614295061834,-1.399871037529195,-1.4741848149585834,51.15489111024846
0.9749949989997999,-4.981555185324428,-1.3896311719585555,-1.4627850555107997,51.22328966693516
0.9751950390078016,-4.981846660254412,-1.379377621058353,-1.451380494142434,51.29171703514538
0.9753950790158031,-4.982135853335556,-1.3691103790651624,-1.4399711308534933,51.36017321487907
0.9755951190238048,-4.982422763607293,-1.358829440215473,-1.4285569656439776,51.42865820613616
0.9757951590318064,-4.982707390109038,-1.3485347987458596,-1.417137998513887,51.497172008916664
0.9759951990398079,-4.982989731880224,-1.3382264488928683,-1.4057142294632143,51.565714623220686
0.9761952390478096,-4.983269787960268,-1.3279043848930598,-1.3942856584919667,51.63428604904823
0.9763952790558111,-4.983547557388597,-1.317568600982895,-1.3828522856001442,51.70288628639912
0.9765953190638128,-4.98382303920463,-1.3072190913989914,-1.3714141107877467,51.771515335273534
0.9767953590718144,-4.9840962324477935,-1.2968558503779235,-1.3599711340547742,51.840173195671355
0.9769953990798159,-4.984367136157513,-1.2864788721561098,-1.348523355401234,51.90885986759264
0.9771954390878176,-4.984635749373208,-1.2760881509702244,-1.3370707748271045,51.977575351037444
0.9773954790958191,-4.984902071134311,-1.2656836810567142,-1.3256133923324,52.04631964600554
0.9775955191038208,-4.985166100480235,-1.2552654566521824,-1.3141512079171207,52.115092752497276
0.9777955591118224,-4.9854278364504125,-1.2448334719931324,-1.3026842215812664,52.183894670512416
0.9779955991198239,-4.985687278084264,-1.2343877213161392,-1.2912124333248371,52.25272540005102
0.9781956391278256,-4.985944424421209,-1.223928198857692,-1.2797358431478258,52.32158494111303
0.9783956791358271,-4.986199274500677,-1.2134548988544367,-1.2682544510502396,52.390473293698506
0.9785957191438288,-4.986451827362089,-1.20296781554282,-1.2567682570320784,52.4593904578075
0.9787957591518304,-4.9867020820448715,-1.1924669431594026,-1.2452772610933422,52.528336433439904
0.9789957991598319,-4.986950037588443,-1.1819522759407448,-1.2337814632340383,52.59731122059577
0.9791958391678336,-4.9871956930322305,-1.171423808123393,-1.2222808634541522,52.66631481927516
0.9793958791758351,-4.987439047415663,-1.160881533943865,-1.2107754617536841,52.735347229477895
0.9795959191838368,-4.9876800997781565,-1.1503254476387212,-1.199265258132641,52.804408451204154
0.9797959591918384,-4.987918849159136,-1.139755543444494,-1.1877502525910302,52.87349848445382
0.9799959991998399,-4.98815529459803,-1.129171815597772,-1.1762304451288372,52.94261732922695
0.9801960392078416,-4.9883894351342555,-1.1185742583350304,-1.1647058357460622,53.0117649855236
0.9803960792158432,-4.988621269807243,-1.1079628658928584,-1.1531764244427194,53.080941453343655
0.9805961192238448,-4.988850797656408,-1.0973376325077737,-1.1416422112187945,53.15014673268723
0.9807961592318464,-4.989078017721184,-1.0866985524163226,-1.1301031960743018,53.21938082355422
0.9809961992398479,-4.9893029290409885,-1.0760456198550514,-1.118559379009234,53.28864372594461
0.9811962392478496,-4.989525530655246,-1.0653788290604922,-1.1070107600235772,53.35793543985852
0.9813962792558512,-4.989745821603382,-1.0546981742691912,-1.0954573391173597,53.42725596529584
0.9815963192638528,-4.989963800924819,-1.0440036497177516,-1.0838991162905458,53.49660530225674
0.9817963592718544,-4.990179467658983,-1.0332952496426202,-1.0723360915431712,53.56598345074099
0.9819963992798559,-4.99039282084529,-1.022572968280386,-1.0607682648752217,53.63539041074864
0.9821964392878576,-4.990603859523176,-1.0118367998676092,-1.04919563628669,53.704826182279874
0.9823964792958592,-4.990812582732055,-1.0010867386407938,-1.0376182057775836,53.77429076533451
0.9825965193038608,-4.991018989511357,-0.9903227788365143,-1.026035973347895,53.84378415991267
0.9827965593118624,-4.9912230789005,-0.9795449146912603,-1.0144489389976385,53.913306366014126
0.9829965993198639,-4.9914248499389124,-0.968753140441649,-1.0028571027268072,53.98285738363916
0.9831966393278656,-4.991624301666018,-0.9579474503241556,-0.9912604645353937,54.05243721278765
0.9833966793358672,-4.991821433121235,-0.9471278385753834,-0.9796590244234125,54.122045853459554
0.9835967193438688,-4.992016243343993,-0.936294299431836,-0.9680527823908491,54.191683305654976
0.9837967593518704,-4.992208731373715,-0.9254468271300595,-0.9564417384377037,54.26134956937375
0.9839967993598719,-4.992398896249821,-0.9145854159066147,-0.9448258925639976,54.33104464461604
0.9841968393678736,-4.992586737011738,-0.903710059998005,-0.9332052447696952,54.4007685313818
0.9843968793758752,-4.992772252698892,-0.8928207536408195,-0.9215797950548321,54.47052122967102
0.9845969193838767,-4.992955442350702,-0.8819174910716043,-0.9099495434193869,54.54030273948365
0.9847969593918784,-4.993136305006594,-0.871000266526849,-0.8983144898633597,54.6101130608198
0.98499699939988,-4.993314839705992,-0.8600690742431567,-0.8866746343867717,54.67995219367941
0.9851970394078816,-4.9934910454883195,-0.8491239084569884,-0.8750299769895946,54.74982013806243
0.9853970794158832,-4.993664921392995,-0.8381647634049614,-0.8633805176718496,54.81971689396886
0.9855971194238847,-4.993836466459452,-0.8271916333236362,-0.8517262564335226,54.889642461398864
0.9857971594318864,-4.994005679727106,-0.8162045124494597,-0.8400671932746206,54.959596840352276
0.985997199439888,-4.994172560235391,-0.8052033950190491,-0.8284033281951437,55.02958003082915
0.9861972394478896,-4.994337107023714,-0.7941882752689224,-0.8167346611950919,55.09959203282949
0.9863972794558912,-4.9944993191315135,-0.7831591474356259,-0.805061192274465,55.16963284635318
0.9865973194638927,-4.994659195598214,-0.7721160057557199,-0.7933829214332562,55.23970247140045
0.9867973594718944,-4.994816735463228,-0.761058844465694,-0.7816998486714724,55.30980090797112
0.986997399479896,-4.994971937765989,-0.7499876578021656,-0.7700119739891136,55.37992815606532
0.9871974394878976,-4.995124801545913,-0.7389024400016098,-0.758319297386187,55.45008421568292
0.9873974794958992,-4.995275325842432,-0.7278031853006155,-0.7466218188626712,55.52026908682393
0.9875975195039007,-4.995423509694959,-0.7166898879356864,-0.7349195384185876,55.59048276948846
0.9877975595119024,-4.99556935214293,-0.7055625421433973,-0.7232124560539219,55.660725263676454
0.987997599519904,-4.995712852225761,-0.6944211421603228,-0.7115005717686813,55.73099656938791
0.9881976395279056,-4.995854008982871,-0.6832656822229097,-0.6997838855628729,55.80129668662278
0.9883976795359072,-4.995992821453701,-0.6720961565677896,-0.6880623974364823,55.871625615381106
0.9885977195439087,-4.996129288677661,-0.660912559431452,-0.6763361073895098,55.941983355662956
0.9887977595519104,-4.996263409694176,-0.6497148850504431,-0.6646050154219694,56.01236990746821
0.988997799559912,-4.996395183542674,-0.6385031276613375,-0.652869121533854,56.082785270796876
0.9891978395679136,-4.9965246092625755,-0.6272772815006249,-0.6411284257251566,56.15322944564906
0.9893978795759152,-4.996651685893305,-0.6160373408049082,-0.6293829279958842,56.22370243202471
0.9895979195839167,-4.99677641247429,-0.6047832998107339,-0.6176326283460369,56.29420422992382
0.9897979595919184,-4.996898788044948,-0.5935151527545912,-0.6058775267756076,56.3647348393464
0.98999799959992,-4.997018811644704,-0.5822328938730408,-0.5941176232846104,56.43529426029232
0.9901980396079216,-4.997136482312985,-0.5709365174026289,-0.5823529178730311,56.50588249276183
0.9903980796159232,-4.9972517990892165,-0.5596260175799017,-0.5705834105408769,56.57649953675474
0.9905981196239247,-4.997364761012811,-0.5483013886414057,-0.5588091012881549,56.64714539227111
0.9907981596319264,-4.997475367123208,-0.5369626248236585,-0.5470299901148437,56.717820059310895
0.990998199639928,-4.997583616459821,-0.5256097203632493,-0.5352460770209646,56.7885235378742
0.9911982396479296,-4.997689508062081,-0.5142426694966815,-0.5234573620065035,56.859255827960965
0.9913982796559312,-4.997793040969395,-0.5028614664605016,-0.5116638450714817,56.93001692957114
0.9915983196639327,-4.997894214221208,-0.4914661054912983,-0.49986552621587066,57.000806842704776
0.9917983596719344,-4.9979930268569355,-0.48005658082556124,-0.4880624054396776,57.071625567361934
0.991998399679936,-4.998089477915997,-0.4686328866998366,-0.4762544827429167,57.1424731035425
0.9921984396879376,-4.99818356643782,-0.4571950173506565,-0.46444175812557376,57.21334945124653
0.9923984796959392,-4.99827529146183,-0.4457429670146098,-0.45262423158766296,57.28425461047402
0.9925985197039408,-4.998364652027444,-0.43427672992822863,-0.4408019031291772,57.35518858122492
0.9927985597119424,-4.998451647174093,-0.42279630032803084,-0.4289747727501094,57.42615136349934
0.992998599719944,-4.998536275941198,-0.4113016724505343,-0.4171428404504738,57.49714295729717
0.9931986397279456,-4.998618537368184,-0.3997928405323705,-0.405306106230249,57.56816336261852
0.9933986797359472,-4.998698430494475,-0.38826979881000057,-0.39346457008945634,57.63921257946322
0.9935987197439488,-4.998775954359495,-0.37673254152002755,-0.38161823202808165,57.710290607831496
0.9937987597519504,-4.998851108002658,-0.3651810628989267,-0.3697670920461391,57.78139744772318
0.993998799759952,-4.998923890463402,-0.35361535718328696,-0.3579111501436145,57.85253309913833
0.9941988397679536,-4.9989943007811455,-0.3420354186096688,-0.3460504063205079,57.923697562076995
0.9943988797759552,-4.9990623379953085,-0.33044124141454745,-0.3341848605768334,57.99489083653896
0.9945989197839568,-4.999128001145319,-0.31883281983452605,-0.32231451291258395,58.066112922524496
0.9947989597919584,-4.999191289270598,-0.30721014810612246,-0.31043936332775246,58.1373638200335
0.99499899979996,-4.999252201410577,-0.29557322046585455,-0.298559411822346,58.20864352906591
0.9951990398079616,-4.99931073660467,-0.2839220311503112,-0.28667465839637174,58.279952049621784
0.9953990798159632,-4.999366893892304,-0.2722565743960388,-0.2747851030498154,58.35128938170112
0.9955991198239648,-4.999420672312905,-0.26057684443952667,-0.2628907457826841,58.422655525303924
0.9957991598319664,-4.999472070905892,-0.2488828355173638,-0.2509915865949708,58.49405048043019
0.995999199839968,-4.999521088710694,-0.23717454186609643,-0.2390876254866896,58.56547424707986
0.9961992398479695,-4.999567724766727,-0.22545195772221405,-0.22717886245783347,58.636926825253
0.9963992798559712,-4.999611978113428,-0.21371507732230555,-0.2152652975083882,58.70840821494966
0.9965993198639728,-4.999653847790206,-0.2019638949028888,-0.20334693063838216,58.77991841616972
0.9967993598719744,-4.999693332836504,-0.1901984047005385,-0.19142376184777987,58.85145742891331
0.996999399879976,-4.99973043229172,-0.17841860095177253,-0.17949579113663106,58.92302525318024
0.9971994398879775,-4.999765145195298,-0.16662447789312296,-0.16756301850488597,58.9946218889707
0.9973994798959792,-4.999797470586653,-0.15481602976115028,-0.15562544395256594,59.06624733628462
0.9975995199039808,-4.999827407505212,-0.1429932507924292,-0.14368306747967097,59.137901595122
0.9977995599119824,-4.999854954990397,-0.13115613522343494,-0.13173588908620104,59.20958466548285
0.997999599919984,-4.999880112081634,-0.11930467729077066,-0.11978390877215617,59.28129654736705
0.9981996399279855,-4.9999028778183465,-0.10743887123093998,-0.10782712653752924,59.353037240774825
0.9983996799359872,-4.999923251239952,-0.095558711280475,-0.09586554238232736,59.42480674570601
0.9985997199439888,-4.999941231385886,-0.08366419167597883,-0.08389915630655054,59.49660506216071
0.9987997599519904,-4.999956817295555,-0.07175530665392671,-0.07192796831020587,59.568432190138765
0.998999799959992,-4.999970008008404,-0.05983205045092177,-0.05995197839327204,59.64028812964034
0.9991998399679936,-4.999980802563844,-0.04789441730342503,-0.04797118655577748,59.71217288066532
0.9993998799759952,-4.999989200001298,-0.03594240144808225,-0.035985592797693755,59.78408644321388
0.9995999199839968,-4.9999951993601925,-0.023975997121354453,-0.02399519711904219,59.85602881728573
0.9997999599919984,-4.999998799679954,-0.011995198559816345,-0.011999999519801463,59.92800000288116
1.0,-5.0,0.0,0.0,60.0
