time_ms,position_um
0.0,0.0
9.999999999999999e-05,0.0
0.00019999999999999998,0.0
0.0003,0.0
0.00039999999999999996,0.0
0.0005,0.0
0.0006,0.0
0.0007,0.0
0.0007999999999999999,0.0
0.0009,0.0
0.001,0.0
0.0011,0.0
0.0012,0.0
0.0013,0.0
0.0014,0.0
0.0015,0.0
0.0015999999999999999,0.0
0.0017,0.0
0.0018,0.0
0.0019,0.0
0.002,0.0
0.0021,0.0
0.0022,0.0
0.0023,0.0
0.0024,0.0
0.0024999999999999996,0.0
0.0026,0.0
0.0027,0.0
0.0028,0.0
0.0029,0.0
0.003,0.0
0.0031,0.0
0.0031999999999999997,0.0
0.0032999999999999995,0.0
0.0034,0.0
0.0035,0.0
0.0036,0.0
0.0036999999999999997,0.0
0.0038,0.0
0.0039,0.0
0.004,0.0
0.0040999999999999995,0.0
0.0042,0.0
0.004299999999999999,0.0
0.0044,0.0
0.0045000000000000005,0.0
0.0046,0.0
0.0047,0.0
0.0048,0.0
0.0049,0.0
0.004999999999999999,0.0
0.0050999999999999995,0.0
0.0052,0.0
0.0053,0.0
0.0054,0.0
0.0055,0.0
0.0056,0.0
0.005699999999999999,0.0
0.0058,0.0
0.005899999999999999,0.0
0.006,0.0
0.0061,0.0
0.0062,0.0
0.0063,0.0
0.0063999999999999994,0.0
0.0065,0.0
0.006599999999999999,0.0
0.006699999999999999,0.0
0.0068,0.0
0.0069,0.0
0.007,0.0
0.0070999999999999995,0.0
0.0072,0.0
0.007299999999999999,0.0
0.0073999999999999995,0.0
0.0075,0.0
0.0076,0.0
0.007699999999999999,0.0
0.0078,0.0
0.007899999999999999,0.0
0.008,0.0
0.0081,0.0
0.008199999999999999,0.0
0.0083,0.0
0.0084,0.0
0.0085,0.0
0.008599999999999998,0.0
0.0087,0.0
0.0088,0.0
0.0089,0.0
0.009000000000000001,0.0
0.009099999999999999,0.0
0.0092,0.0
0.0093,0.0
0.0094,0.0
0.009499999999999998,0.0
0.0096,0.0
0.0097,0.0
0.0098,0.0
0.0099,0.0
0.009999999999999998,0.0
0.0101,0.0
0.010199999999999999,0.0
0.0103,0.0
0.0104,0.0
0.010499999999999999,0.0
0.0106,0.0
0.0107,0.0
0.0108,0.0
0.010899999999999998,0.0
0.011,0.0
0.011099999999999999,0.0
0.0112,0.0
0.011300000000000001,0.0
0.011399999999999999,0.0
0.0115,0.0
0.0116,0.0
0.0117,0.0
0.011799999999999998,0.0
0.011899999999999999,0.0
0.012,0.0
0.0121,0.0
0.0122,0.0
0.012299999999999998,0.0
0.0124,0.0
0.012499999999999999,0.0
0.0126,0.0
0.0127,0.0
0.012799999999999999,0.0
0.0129,0.0
0.013,0.0
0.0131,0.0
0.013199999999999998,0.0
0.0133,0.0
0.013399999999999999,0.0
0.0135,0.0
0.0136,0.0
0.013699999999999999,0.0
0.0138,0.0
0.0139,0.0
0.014,0.0
0.0141,0.0
0.014199999999999999,0.0
0.014299999999999998,0.0
0.0144,0.0
0.0145,0.0
0.014599999999999998,0.0
0.0147,0.0
0.014799999999999999,0.0
0.0149,0.0
0.015,0.0
0.015099999999999999,0.0
0.0152,0.0
0.0153,0.0
0.015399999999999999,0.0
0.0155,0.0
0.0156,0.0
0.0157,0.0
0.015799999999999998,0.0
0.0159,0.0
0.016,0.0
0.0161,0.0
0.0162,0.0
0.0163,0.0
0.016399999999999998,0.0
0.016499999999999997,0.0
0.0166,0.0
0.0167,0.0
0.0168,0.0
0.016900000000000002,0.0
0.017,0.0
0.0171,0.0
0.017199999999999997,0.0
0.0173,0.0
0.0174,0.0
0.017499999999999998,0.0
0.0176,0.0
0.0177,0.0
0.0178,0.0
0.0179,0.0
0.018000000000000002,0.0
0.018099999999999998,0.0
0.018199999999999997,0.0
0.018299999999999997,0.0
0.0184,0.0
0.0185,0.0
0.0186,0.0
0.0187,0.0
0.0188,0.0
0.0189,0.0
0.018999999999999996,0.0
0.0191,0.0
0.0192,0.0
0.019299999999999998,0.0
0.0194,0.0
0.0195,0.0
0.0196,0.0
0.0197,0.0
0.0198,0.0
0.019899999999999998,0.0
0.019999999999999997,0.0
0.0201,0.0
0.0202,0.0
0.0203,0.0
0.020399999999999998,0.0
0.0205,0.0
0.0206,0.0
0.0207,0.0
0.0208,0.0
0.0209,0.0
0.020999999999999998,0.0
0.021099999999999997,0.0
0.0212,0.0
0.0213,0.0
0.0214,0.0
0.0215,0.0
0.0216,0.0
0.0217,0.0
0.021799999999999996,0.0
0.0219,0.0
0.022,0.0
0.022099999999999998,0.0
0.022199999999999998,0.0
0.0223,0.0
0.0224,0.0
0.0225,0.0
0.022600000000000002,0.0
0.022699999999999998,0.0
0.022799999999999997,0.0
0.022899999999999997,0.0
0.023,0.0
0.0231,0.0
0.0232,0.0
0.0233,0.0
0.0234,0.0
0.0235,0.0
0.023599999999999996,0.0
0.0237,0.0
0.023799999999999998,0.0
0.023899999999999998,0.0
0.024,0.0
0.0241,0.0
0.0242,0.0
0.0243,0.0
0.0244,0.0
0.0245,0.0
0.024599999999999997,0.0
0.024699999999999996,0.0
0.0248,0.0
0.0249,0.0
0.024999999999999998,0.0
0.0251,0.0
0.0252,0.0
0.0253,0.0
0.0254,0.0
0.0255,0.0
0.025599999999999998,0.0
0.025699999999999997,0.0
0.0258,0.0
0.0259,0.0
0.026,0.0
0.026099999999999998,0.0
0.0262,0.0
0.0263,0.0
0.026399999999999996,0.0
0.0265,0.0
0.0266,0.0
0.026699999999999998,0.0
0.026799999999999997,0.0
0.0269,0.0
0.027,0.0
0.0271,0.0
0.0272,0.0
0.027299999999999998,0.0
0.027399999999999997,0.0
0.027499999999999997,0.0
0.0276,0.0
0.0277,0.0
0.0278,0.0
0.027899999999999998,0.0
0.028,0.0
0.0281,0.0
0.0282,0.0
0.0283,0.0
0.028399999999999998,0.0
0.028499999999999998,0.0
0.028599999999999997,0.0
0.0287,0.0
0.0288,0.0
0.0289,0.0
0.029,0.0
0.0291,0.0
0.029199999999999997,0.0
0.029299999999999996,0.0
0.0294,0.0
0.0295,0.0
0.029599999999999998,0.0
0.0297,0.0
0.0298,0.0
0.0299,0.0
0.03,0.0
0.0301,0.0
0.030199999999999998,0.0
0.030299999999999997,0.0
0.0304,0.0
0.0305,0.0
0.0306,0.0
0.0307,0.0
0.030799999999999998,0.0
0.0309,0.0
0.031,0.0
0.031099999999999996,0.0
0.0312,0.0
0.0313,0.0
0.0314,0.0
0.0315,0.0
0.031599999999999996,0.0
0.0317,0.0
0.0318,0.0
0.0319,0.0
0.032,0.0
0.032100000000000004,0.0
0.0322,0.0
0.0323,0.0
0.0324,0.0
0.032499999999999994,0.0
0.0326,0.0
0.03269999999999999,0.0
0.032799999999999996,0.0
0.0329,0.0
0.032999999999999995,0.0
0.0331,0.0
0.0332,0.0
0.033299999999999996,0.0
0.0334,0.0
0.0335,0.0
0.0336,0.0
0.0337,0.0
0.033800000000000004,0.0
0.0339,0.0
0.034,0.0
0.0341,0.0
0.0342,0.0
0.0343,0.0
0.03439999999999999,0.0
0.034499999999999996,0.0
0.0346,0.0
0.034699999999999995,0.0
0.0348,0.0
0.0349,0.0
0.034999999999999996,0.0
0.0351,0.0
0.0352,0.0
0.0353,0.0
0.0354,0.0
0.0355,0.0
0.0356,0.0
0.0357,0.0
0.0358,0.0
0.0359,0.0
0.036000000000000004,0.0
0.03609999999999999,0.0
0.036199999999999996,0.0
0.0363,0.0
0.036399999999999995,0.0
0.0365,0.0
0.036599999999999994,0.0
0.036699999999999997,0.0
0.0368,0.0
0.036899999999999995,0.0
0.037,0.0
0.0371,0.0
0.0372,0.0
0.0373,0.0
0.0374,0.0
0.0375,0.0
0.0376,0.0
0.037700000000000004,0.0
0.0378,0.0
0.0379,0.0
0.03799999999999999,0.0
0.038099999999999995,0.0
0.0382,0.0
0.038299999999999994,0.0
0.0384,0.0
0.0385,0.0
0.038599999999999995,0.0
0.0387,0.0
0.0388,0.0
0.0389,0.0
0.039,0.0
0.039099999999999996,0.0
0.0392,0.0
0.0393,0.0
0.0394,0.0
0.0395,0.0
0.0396,0.0
0.0397,0.0
0.039799999999999995,0.0
0.0399,0.0
0.039999999999999994,0.0
0.0401,0.0
0.0402,0.0
0.040299999999999996,0.0
0.0404,0.0
0.040499999999999994,0.0
0.0406,0.0
0.0407,0.0
0.040799999999999996,0.0
0.0409,0.0
0.041,0.0
0.0411,0.0
0.0412,0.0
0.0413,0.0
0.0414,0.0
0.0415,0.0
0.0416,0.0
0.041699999999999994,0.0
0.0418,0.0
0.04189999999999999,0.0
0.041999999999999996,0.0
0.0421,0.0
0.042199999999999994,0.0
0.0423,0.0
0.0424,0.0
0.042499999999999996,0.0
0.0426,0.0
0.0427,0.0
0.0428,0.0
0.0429,0.0
0.043,0.0
0.0431,0.0
0.0432,0.0
0.0433,0.0
0.0434,0.0
0.0435,0.0
0.04359999999999999,0.0
0.043699999999999996,0.0
0.0438,0.0
0.043899999999999995,0.0
0.044,0.0
0.0441,0.0
0.044199999999999996,0.0
0.0443,0.0
0.044399999999999995,0.0
0.0445,0.0
0.0446,0.0
0.0447,0.0
0.0448,0.0
0.0449,0.0
0.045,0.0
0.0451,0.0
0.045200000000000004,0.0
0.0453,0.0
0.045399999999999996,0.0
0.04549999999999999,0.0
0.045599999999999995,0.0
0.0457,0.0
0.045799999999999993,0.0
0.045899999999999996,0.0
0.046,0.0
0.046099999999999995,0.0
0.0462,0.0
0.0463,0.0
0.0464,0.0
0.0465,0.0
0.0466,0.0
0.0467,0.0
0.0468,0.0
0.0469,0.0
0.047,0.0
0.0471,0.0
0.04719999999999999,0.0
0.047299999999999995,0.0
0.0474,0.0
0.047499999999999994,0.0
0.047599999999999996,0.0
0.0477,0.0
0.047799999999999995,0.0
0.0479,0.0
0.048,0.0
0.0481,0.0
0.0482,0.0
0.048299999999999996,0.0
0.0484,0.0
0.0485,0.0
0.0486,0.0
0.0487,0.0
0.0488,0.0
0.0489,0.0
0.049,0.0
0.0491,0.0
0.049199999999999994,0.0
0.0493,0.0
0.04939999999999999,0.0
0.049499999999999995,0.0
0.0496,0.0
0.049699999999999994,0.0
0.0498,0.0
0.0499,0.0
0.049999999999999996,0.0
0.0501,0.0
0.0502,0.0
0.0503,0.0
0.0504,0.0
0.0505,0.0
0.0506,0.0
0.0507,0.0
0.0508,0.0
0.050899999999999994,0.0
0.051,0.0
0.05109999999999999,0.0
0.051199999999999996,0.0
0.0513,0.0
0.051399999999999994,0.0
0.0515,0.0
0.0516,0.0
0.051699999999999996,0.0
0.0518,0.0
0.051899999999999995,0.0
0.052,0.0
0.0521,0.0
0.052199999999999996,0.0
0.0523,0.0
0.0524,0.0
0.0525,0.0
0.0526,0.0
0.0527,0.0
0.05279999999999999,0.0
0.052899999999999996,0.0
0.053,0.0
0.053099999999999994,0.0
0.0532,0.0
0.05329999999999999,0.0
0.053399999999999996,0.0
0.0535,0.0
0.053599999999999995,0.0
0.0537,0.0
0.0538,0.0
0.053899999999999997,0.0
0.054,0.0
0.0541,0.0
0.0542,0.0
0.0543,0.0
0.0544,0.0
0.0545,0.0
0.054599999999999996,0.0
0.05469999999999999,0.0
0.054799999999999995,0.0
0.0549,0.0
0.05499999999999999,0.0
0.055099999999999996,0.0
0.0552,0.0
0.055299999999999995,0.0
0.0554,0.0
0.0555,0.0
0.0556,0.0
0.0557,0.0
0.055799999999999995,0.0
0.0559,0.0
0.056,0.0
0.0561,0.0
0.0562,0.0
0.0563,0.0
0.0564,0.0
0.056499999999999995,0.0
0.0566,0.0
0.05669999999999999,0.0
0.056799999999999996,0.0
0.0569,0.0
0.056999999999999995,0.0
0.0571,0.0
0.057199999999999994,0.0
0.0573,0.0
0.0574,0.0
0.057499999999999996,0.0
0.0576,0.0
0.0577,0.0
0.0578,0.0
0.0579,0.0
0.058,0.0
0.0581,0.0
0.0582,0.0
0.05829999999999999,0.0
0.058399999999999994,0.0
0.058499999999999996,0.0
0.05859999999999999,0.0
0.058699999999999995,0.0
0.0588,0.0
0.058899999999999994,0.0
0.059,0.0
0.0591,0.0
0.059199999999999996,0.0
0.0593,0.0
0.0594,0.0
0.0595,0.0
0.0596,0.0
0.059699999999999996,0.0
0.0598,0.0
0.0599,0.0
0.06,0.0
0.0601,0.0
0.0602,0.0
0.06029999999999999,0.0
0.060399999999999995,0.0
0.0605,0.0
0.060599999999999994,0.0
0.0607,0.0
0.0608,0.0
0.060899999999999996,0.0
0.061,0.0
0.061099999999999995,0.0
0.0612,0.0
0.0613,0.0
0.0614,0.0
0.06149999999999999,0.0
0.061599999999999995,0.0
0.0617,0.0
0.0618,0.0
0.061900000000000004,0.0
0.062,0.0
0.06209999999999999,0.0
0.06219999999999999,0.0
0.062299999999999994,0.0
0.0624,0.0
0.0625,0.0
0.0626,0.0
0.06269999999999999,0.0
0.0628,0.0
0.0629,0.0
0.063,0.0
0.0631,0.0
0.06319999999999999,0.0
0.0633,0.0
0.0634,0.0
0.0635,0.0
0.0636,0.0
0.0637,0.0
0.0638,0.0
0.0639,0.0
0.064,0.0
0.0641,0.0
0.06420000000000001,0.0
0.0643,0.0
0.0644,0.0
0.0645,0.0
0.0646,0.0
0.06470000000000001,0.0
0.0648,0.0
0.06489999999999999,0.0
0.06499999999999999,0.0
0.06509999999999999,0.0
0.0652,0.0
0.0653,0.0
0.06539999999999999,0.0
0.06549999999999999,0.0
0.06559999999999999,0.0
0.0657,0.0
0.0658,0.0
0.0659,0.0
0.06599999999999999,0.0
0.06609999999999999,0.0
0.0662,0.0
0.0663,0.0
0.0664,0.0
0.0665,0.0
0.06659999999999999,0.0
0.0667,0.0
0.0668,0.0
0.0669,0.0
0.067,0.0
0.06709999999999999,0.0
0.0672,0.0
0.0673,0.0
0.0674,0.0
0.0675,0.0
0.06760000000000001,0.0
0.0677,0.0
0.0678,0.0
0.0679,0.0
0.068,0.0
0.06810000000000001,0.0
0.0682,0.0
0.0683,0.0
0.0684,0.0
0.06849999999999999,0.0
0.0686,0.0
0.0687,0.0
0.06879999999999999,0.0
0.06889999999999999,0.0
0.06899999999999999,0.0
0.0691,0.0
0.0692,0.0
0.06929999999999999,0.0
0.06939999999999999,0.0
0.06949999999999999,0.0
0.0696,0.0
0.0697,0.0
0.0698,0.0
0.06989999999999999,0.0
0.06999999999999999,0.0
0.0701,0.0
0.0702,0.0
0.0703,0.0
0.0704,0.0
0.0705,0.0
0.0706,0.0
0.0707,0.0
0.0708,0.0
0.0709,0.0
0.071,0.0
0.0711,0.0
0.0712,0.0
0.0713,0.0
0.0714,0.0
0.07150000000000001,0.0
0.0716,0.0
0.0717,0.0
0.0718,0.0
0.0719,0.0
0.07200000000000001,0.0
0.0721,0.0
0.07219999999999999,0.0
0.07229999999999999,0.0
0.07239999999999999,0.0
0.0725,0.0
0.0726,0.0
0.07269999999999999,0.0
0.07279999999999999,0.0
0.07289999999999999,0.0
0.073,0.0
0.0731,0.0
0.07319999999999999,0.0
0.07329999999999999,0.0
0.07339999999999999,0.0
0.0735,0.0
0.0736,0.0
0.0737,0.0
0.07379999999999999,0.0
0.0739,0.0
0.074,0.0
0.0741,0.0
0.0742,0.0
0.07429999999999999,0.0
0.0744,0.0
0.0745,0.0
0.0746,0.0
0.0747,0.0
0.0748,0.0
0.0749,0.0
0.075,0.0
0.0751,0.0
0.0752,0.0
0.0753,0.0
0.07540000000000001,0.0
0.0755,0.0
0.0756,0.0
0.0757,0.0
0.0758,0.0
0.0759,0.0
0.07599999999999998,0.0
0.07609999999999999,0.0
0.07619999999999999,0.0
0.07629999999999999,0.0
0.0764,0.0
0.0765,0.0
0.07659999999999999,0.0
0.07669999999999999,0.0
0.0768,0.0
0.0769,0.0
0.077,0.0
0.07709999999999999,0.0
0.07719999999999999,0.0
0.0773,0.0
0.0774,0.0
0.0775,0.0
0.0776,0.0
0.07769999999999999,0.0
0.0778,0.0
0.0779,0.0
0.078,0.0
0.0781,0.0
0.07819999999999999,0.0
0.0783,0.0
0.0784,0.0
0.0785,0.0
0.0786,0.0
0.0787,0.0
0.0788,0.0
0.0789,0.0
0.079,0.0
0.0791,0.0
0.0792,0.0
0.07930000000000001,0.0
0.0794,0.0
0.0795,0.0
0.07959999999999999,0.0
0.0797,0.0
0.0798,0.0
0.07989999999999998,0.0
0.07999999999999999,0.0
0.08009999999999999,0.0
0.0802,0.0
0.0803,0.0
0.0804,0.0
0.08049999999999999,0.0
0.08059999999999999,0.0
0.0807,0.0
0.0808,0.0
0.0809,0.0
0.08099999999999999,0.0
0.08109999999999999,0.0
0.0812,0.0
0.0813,0.0
0.0814,0.0
0.0815,0.0
0.08159999999999999,0.0
0.0817,0.0
0.0818,0.0
0.0819,0.0
0.082,0.0
0.08209999999999999,0.0
0.0822,0.0
0.0823,0.0
0.0824,0.0
0.0825,0.0
0.0826,0.0
0.0827,0.0
0.0828,0.0
0.0829,0.0
0.083,0.0
0.08310000000000001,0.0
0.0832,0.0
0.08329999999999999,0.0
0.08339999999999999,0.0
0.08349999999999999,0.0
0.0836,0.0
0.0837,0.0
0.08379999999999999,0.0
0.08389999999999999,0.0
0.08399999999999999,0.0
0.0841,0.0
0.0842,0.0
0.0843,0.0
0.08439999999999999,0.0
0.08449999999999999,0.0
0.0846,0.0
0.0847,0.0
0.0848,0.0
0.08489999999999999,0.0
0.08499999999999999,0.0
0.0851,0.0
0.0852,0.0
0.0853,0.0
0.0854,0.0
0.08549999999999999,0.0
0.0856,0.0
0.0857,0.0
0.0858,0.0
0.0859,0.0
0.086,0.0
0.0861,0.0
0.0862,0.0
0.0863,0.0
0.0864,0.0
0.08650000000000001,0.0
0.0866,0.0
0.0867,0.0
0.0868,0.0
0.0869,0.0
0.087,0.0
0.08709999999999998,0.0
0.08719999999999999,0.0
0.08729999999999999,0.0
0.08739999999999999,0.0
0.0875,0.0
0.0876,0.0
0.08769999999999999,0.0
0.08779999999999999,0.0
0.08789999999999999,0.0
0.088,0.0
0.0881,0.0
0.0882,0.0
0.08829999999999999,0.0
0.08839999999999999,0.0
0.0885,0.0
0.0886,0.0
0.0887,0.0
0.08879999999999999,0.0
0.08889999999999999,0.0
0.089,0.0
0.0891,0.0
0.0892,0.0
0.0893,0.0
0.0894,0.0
0.0895,0.0
0.0896,0.0
0.0897,0.0
0.0898,0.0
0.0899,0.0
0.09,0.0
0.0901,0.0
0.0902,0.0
0.0903,0.0
0.09040000000000001,0.0
0.0905,0.0
0.0906,0.0
0.09069999999999999,0.0
0.09079999999999999,0.0
0.0909,0.0
0.09099999999999998,0.0
0.09109999999999999,0.0
0.09119999999999999,0.0
0.09129999999999999,0.0
0.0914,0.0
0.0915,0.0
0.09159999999999999,0.0
0.09169999999999999,0.0
0.09179999999999999,0.0
0.0919,0.0
0.092,0.0
0.0921,0.0
0.09219999999999999,0.0
0.0923,0.0
0.0924,0.0
0.0925,0.0
0.0926,0.0
0.09269999999999999,0.0
0.0928,0.0
0.0929,0.0
0.093,0.0
0.0931,0.0
0.0932,0.0
0.0933,0.0
0.0934,0.0
0.0935,0.0
0.0936,0.0
0.0937,0.0
0.0938,0.0
0.0939,0.0
0.094,0.0
0.0941,0.0
0.0942,0.0
0.0943,0.0
0.09439999999999998,0.0
0.09449999999999999,0.0
0.09459999999999999,0.0
0.09469999999999999,0.0
0.0948,0.0
0.09489999999999998,0.0
0.09499999999999999,0.0
0.09509999999999999,0.0
0.09519999999999999,0.0
0.0953,0.0
0.0954,0.0
0.09549999999999999,0.0
0.09559999999999999,0.0
0.0957,0.0
0.0958,0.0
0.0959,0.0
0.096,0.0
0.09609999999999999,0.0
0.0962,0.0
0.0963,0.0
0.0964,0.0
0.0965,0.0
0.09659999999999999,0.0
0.0967,0.0
0.0968,0.0
0.0969,0.0
0.097,0.0
0.0971,0.0
0.0972,0.0
0.0973,0.0
0.0974,0.0
0.0975,0.0
0.0976,0.0
0.0977,0.0
0.0978,0.0
0.0979,0.0
0.098,0.0
0.09809999999999999,0.0
0.0982,0.0
0.09829999999999998,0.0
0.09839999999999999,0.0
0.09849999999999999,0.0
0.0986,0.0
0.0987,0.0
0.09879999999999999,0.0
0.09889999999999999,0.0
0.09899999999999999,0.0
0.0991,0.0
0.0992,0.0
0.0993,0.0
0.09939999999999999,0.0
0.09949999999999999,0.0
0.0996,0.0
0.0997,0.0
0.0998,0.0
0.09989999999999999,0.0
0.09999999999999999,0.0
0.1001,0.0
0.1002,0.0
0.1003,0.0
0.1004,0.0
0.10049999999999999,0.0
0.1006,0.0
0.1007,0.0
0.1008,0.0
0.1009,0.0
0.101,0.0
0.1011,0.0
0.1012,0.0
0.1013,0.0
0.1014,0.0
0.1015,0.0
0.1016,0.0
0.1017,0.0
0.10179999999999999,0.0
0.10189999999999999,0.0
0.102,0.0
0.1021,0.0
0.10219999999999999,0.0
0.10229999999999999,0.0
0.10239999999999999,0.0
0.1025,0.0
0.1026,0.0
0.10269999999999999,0.0
0.10279999999999999,0.0
0.10289999999999999,0.0
0.103,0.0
0.1031,0.0
0.1032,0.0
0.10329999999999999,0.0
0.10339999999999999,0.0
0.1035,0.0
0.1036,0.0
0.1037,0.0
0.10379999999999999,0.0
0.10389999999999999,0.0
0.104,0.0
0.1041,0.0
0.1042,0.0
0.1043,0.0
0.10439999999999999,0.0
0.1045,0.0
0.1046,0.0
0.1047,0.0
0.1048,0.0
0.10490000000000001,0.0
0.105,0.0
0.1051,0.0
0.1052,0.0
0.1053,0.0
0.1054,0.0
0.10549999999999998,0.0
0.10559999999999999,0.0
0.10569999999999999,0.0
0.10579999999999999,0.0
0.1059,0.0
0.106,0.0
0.10609999999999999,0.0
0.10619999999999999,0.0
0.10629999999999999,0.0
0.1064,0.0
0.1065,0.0
0.10659999999999999,0.0
0.10669999999999999,0.0
0.10679999999999999,0.0
0.1069,0.0
0.107,0.0
0.1071,0.0
0.10719999999999999,0.0
0.10729999999999999,0.0
0.1074,0.0
0.1075,0.0
0.1076,0.0
0.10769999999999999,0.0
0.10779999999999999,0.0
0.1079,0.0
0.108,0.0
0.1081,0.0
0.1082,0.0
0.1083,0.0
0.1084,0.0
0.1085,0.0
0.1086,0.0
0.1087,0.0
0.1088,0.0
0.1089,0.0
0.109,0.0
0.1091,0.0
0.10919999999999999,0.0
0.1093,0.0
0.10939999999999998,0.0
0.10949999999999999,0.0
0.10959999999999999,0.0
0.10969999999999999,0.0
0.1098,0.0
0.1099,0.0
0.10999999999999999,0.0
0.11009999999999999,0.0
0.11019999999999999,0.0
0.1103,0.0
0.1104,0.0
0.11049999999999999,0.0
0.11059999999999999,0.0
0.11069999999999999,0.0
0.1108,0.0
0.1109,0.0
0.111,0.0
0.11109999999999999,0.0
0.1112,0.0
0.1113,0.0
0.1114,0.0
0.1115,0.0
0.11159999999999999,0.0
0.1117,0.0
0.1118,0.0
0.1119,0.0
0.112,0.0
0.1121,0.0
0.1122,0.0
0.1123,0.0
0.1124,0.0
0.1125,0.0
0.1126,0.0
0.1127,0.0
0.1128,0.0
0.11289999999999999,0.0
0.11299999999999999,0.0
0.11309999999999999,0.0
0.1132,0.0
0.11329999999999998,0.0
0.11339999999999999,0.0
0.11349999999999999,0.0
0.11359999999999999,0.0
0.1137,0.0
0.1138,0.0
0.11389999999999999,0.0
0.11399999999999999,0.0
0.1141,0.0
0.1142,0.0
0.1143,0.0
0.11439999999999999,0.0
0.11449999999999999,0.0
0.1146,0.0
0.1147,0.0
0.1148,0.0
0.1149,0.0
0.11499999999999999,0.0
0.1151,0.0
0.1152,0.0
0.1153,0.0
0.1154,0.0
0.11549999999999999,0.0
0.1156,0.0
0.1157,0.0
0.1158,0.0
0.1159,0.0
0.116,0.0
0.1161,0.0
0.1162,0.0
0.1163,0.0
0.1164,0.0
0.11649999999999999,0.0
0.11659999999999998,0.0
0.11669999999999998,0.0
0.11679999999999999,0.0
0.11689999999999999,0.0
0.11699999999999999,0.0
0.1171,0.0
0.11719999999999998,0.0
0.11729999999999999,0.0
0.11739999999999999,0.0
0.1175,0.0
0.1176,0.0
0.1177,0.0
0.11779999999999999,0.0
0.11789999999999999,0.0
0.118,0.0
0.1181,0.0
0.1182,0.0
0.11829999999999999,0.0
0.11839999999999999,0.0
0.1185,0.0
0.1186,0.0
0.1187,0.0
0.1188,0.0
0.11889999999999999,0.0
0.119,0.0
0.1191,0.0
0.1192,0.0
0.1193,0.0
0.11939999999999999,0.0
0.1195,0.0
0.1196,0.0
0.1197,0.0
0.1198,0.0
0.1199,0.0
0.12,0.0
0.1201,0.0
0.1202,0.0
0.12029999999999999,0.0
0.1204,0.0
0.12049999999999998,0.0
0.12059999999999998,0.0
0.12069999999999999,0.0
0.12079999999999999,0.0
0.1209,0.0
0.121,0.0
0.12109999999999999,0.0
0.12119999999999999,0.0
0.12129999999999999,0.0
0.1214,0.0
0.1215,0.0
0.1216,0.0
0.12169999999999999,0.0
0.12179999999999999,0.0
0.1219,0.0
0.122,0.0
0.12209999999999999,0.0
0.12219999999999999,0.0
0.12229999999999999,0.0
0.1224,0.0
0.1225,0.0
0.1226,0.0
0.1227,0.0
0.1228,0.0
0.12290000000000001,0.0
0.12299999999999998,0.0
0.12309999999999999,0.0
0.12319999999999999,0.0
0.12329999999999999,0.0
0.1234,0.0
0.1235,0.0
0.1236,0.0
0.1237,0.0
0.12380000000000001,0.0
0.1239,0.0
0.124,0.0
0.1241,0.0
0.12419999999999998,0.0
0.12429999999999998,0.0
0.12439999999999998,0.0
0.12449999999999999,0.0
0.12459999999999999,0.0
0.12469999999999999,0.0
0.1248,0.0
0.1249,0.0
0.125,0.0
0.12510000000000002,0.0
0.1252,0.0
0.1253,0.0
0.12539999999999998,0.0
0.1255,0.0
0.1256,0.0
0.1257,0.0
0.1258,0.0
0.12589999999999998,0.0
0.126,0.0
0.1261,0.0
0.1262,0.0
0.1263,0.0
0.12639999999999998,0.0
0.12649999999999997,0.0
0.1266,0.0
0.12669999999999998,0.0
0.1268,0.0
0.12689999999999999,0.0
0.127,0.0
0.1271,0.0
0.1272,0.0
0.1273,0.0
0.1274,0.0
0.12749999999999997,0.0
0.1276,0.0
0.12769999999999998,0.0
0.1278,0.0
0.12789999999999999,0.0
0.128,0.0
0.1281,0.0
0.1282,0.0
0.1283,0.0
0.12840000000000001,0.0
0.1285,0.0
0.1286,0.0
0.12869999999999998,0.0
0.1288,0.0
0.1289,0.0
0.129,0.0
0.1291,0.0
0.1292,0.0
0.1293,0.0
0.12940000000000002,0.0
0.1295,0.0
0.1296,0.0
0.12969999999999998,0.0
0.12979999999999997,0.0
0.1299,0.0
0.12999999999999998,0.0
0.1301,0.0
0.13019999999999998,0.0
0.1303,0.0
0.1304,0.0
0.1305,0.0
0.1306,0.0
0.1307,0.0
0.13079999999999997,0.0
0.1309,0.0
0.13099999999999998,0.0
0.1311,0.0
0.13119999999999998,0.0
0.1313,0.0
0.1314,0.0
0.1315,0.0
0.1316,0.0
0.1317,0.0
0.1318,0.0
0.1319,0.0
0.13199999999999998,0.0
0.1321,0.0
0.13219999999999998,0.0
0.1323,0.0
0.1324,0.0
0.1325,0.0
0.1326,0.0
0.1327,0.0
0.1328,0.0
0.13290000000000002,0.0
0.133,0.0
0.1331,0.0
0.13319999999999999,0.0
0.13329999999999997,0.0
0.1334,0.0
0.13349999999999998,0.0
0.1336,0.0
0.13369999999999999,0.0
0.1338,0.0
0.1339,0.0
0.134,0.0
0.1341,0.0
0.13419999999999999,0.0
0.13429999999999997,0.0
0.1344,0.0
0.13449999999999998,0.0
0.1346,0.0
0.1347,0.0
0.1348,0.0
0.1349,0.0
0.135,0.0
0.1351,0.0
0.13520000000000001,0.0
0.13529999999999998,0.0
0.1354,0.0
0.13549999999999998,0.0
0.1356,0.0
0.1357,0.0
0.1358,0.0
0.1359,0.0
0.136,0.0
0.1361,0.0
0.13620000000000002,0.0
0.1363,0.0
0.1364,0.0
0.13649999999999998,0.0
0.1366,0.0
0.1367,0.0
0.1368,0.0
0.1369,0.0
0.13699999999999998,0.0
0.1371,0.0
0.1372,0.0
0.1373,0.0
0.1374,0.0
0.13749999999999998,0.0
0.13759999999999997,0.0
0.1377,0.0
0.13779999999999998,0.0
0.1379,0.0
0.13799999999999998,0.0
0.1381,0.0
0.1382,0.0
0.1383,0.0
0.1384,0.0
0.1385,0.0
0.13859999999999997,0.0
0.1387,0.0
0.13879999999999998,0.0
0.1389,0.0
0.13899999999999998,0.0
0.1391,0.0
0.1392,0.0
0.1393,0.0
0.1394,0.0
0.1395,0.0
0.1396,0.0
0.1397,0.0
0.13979999999999998,0.0
0.1399,0.0
0.13999999999999999,0.0
0.1401,0.0
0.1402,0.0
0.1403,0.0
0.1404,0.0
0.1405,0.0
0.1406,0.0
0.1407,0.0
0.1408,0.0
0.14089999999999997,0.0
0.141,0.0
0.14109999999999998,0.0
0.1412,0.0
0.14129999999999998,0.0
0.1414,0.0
0.1415,0.0
0.1416,0.0
0.1417,0.0
0.1418,0.0
0.1419,0.0
0.142,0.0
0.14209999999999998,0.0
0.1422,0.0
0.14229999999999998,0.0
0.1424,0.0
0.1425,0.0
0.1426,0.0
0.1427,0.0
0.1428,0.0
0.1429,0.0
0.14300000000000002,0.0
0.14309999999999998,0.0
0.1432,0.0
0.14329999999999998,0.0
0.1434,0.0
0.1435,0.0
0.1436,0.0
0.1437,0.0
0.1438,0.0
0.1439,0.0
0.14400000000000002,0.0
0.1441,0.0
0.1442,0.0
0.14429999999999998,0.0
0.14439999999999997,0.0
0.1445,0.0
0.14459999999999998,0.0
0.1447,0.0
0.14479999999999998,0.0
0.1449,0.0
0.145,0.0
0.1451,0.0
0.1452,0.0
0.14529999999999998,0.0
0.14539999999999997,0.0
0.1455,0.0
0.14559999999999998,0.0
0.1457,0.0
0.14579999999999999,0.0
0.1459,0.0
0.146,0.0
0.1461,0.0
0.1462,0.0
0.1463,0.0
0.14639999999999997,0.0
0.1465,0.0
0.14659999999999998,0.0
0.1467,0.0
0.14679999999999999,0.0
0.1469,0.0
0.147,0.0
0.1471,0.0
0.1472,0.0
0.14730000000000001,0.0
0.1474,0.0
0.1475,0.0
0.14759999999999998,0.0
0.1477,0.0
0.1478,0.0
0.1479,0.0
0.148,0.0
0.14809999999999998,0.0
0.1482,0.0
0.1483,0.0
0.1484,0.0
0.1485,0.0
0.14859999999999998,0.0
0.14869999999999997,0.0
0.1488,0.0
0.14889999999999998,0.0
0.149,0.0
0.14909999999999998,0.0
0.1492,0.0
0.1493,0.0
0.1494,0.0
0.1495,0.0
0.1496,0.0
0.1497,0.0
0.1498,0.0
0.14989999999999998,0.0
0.15,0.0
0.15009999999999998,0.0
0.1502,0.0
0.1503,0.0
0.1504,0.0
0.1505,0.0
0.1506,0.0
0.1507,0.0
0.15080000000000002,0.0
0.15089999999999998,0.0
0.151,0.0
0.15109999999999998,0.0
0.1512,0.0
0.1513,0.0
0.1514,0.0
0.1515,0.0
0.1516,0.0
0.1517,0.0
0.1518,0.0
0.1519,0.0
0.15199999999999997,0.0
0.15209999999999999,0.0
0.15219999999999997,0.0
0.1523,0.0
0.15239999999999998,0.0
0.1525,0.0
0.15259999999999999,0.0
0.1527,0.0
0.1528,0.0
0.1529,0.0
0.153,0.0
0.15309999999999999,0.0
0.15319999999999998,0.0
0.1533,0.0
0.15339999999999998,0.0
0.1535,0.0
0.1536,0.0
0.1537,0.0
0.1538,0.0
0.1539,0.0
0.154,0.0
0.15410000000000001,0.0
0.15419999999999998,0.0
0.1543,0.0
0.15439999999999998,0.0
0.1545,0.0
0.1546,0.0
0.1547,0.0
0.1548,0.0
0.1549,0.0
0.155,0.0
0.15510000000000002,0.0
0.1552,0.0
0.1553,0.0
0.15539999999999998,0.0
0.15549999999999997,0.0
0.1556,0.0
0.15569999999999998,0.0
0.1558,0.0
0.15589999999999998,0.0
0.156,0.0
0.1561,0.0
0.1562,0.0
0.1563,0.0
0.15639999999999998,0.0
0.15649999999999997,0.0
0.1566,0.0
0.15669999999999998,0.0
0.1568,0.0
0.15689999999999998,0.0
0.157,0.0
0.1571,0.0
0.1572,0.0
0.1573,0.0
0.1574,0.0
0.15749999999999997,0.0
0.1576,0.0
0.15769999999999998,0.0
0.1578,0.0
0.15789999999999998,0.0
0.158,0.0
0.1581,0.0
0.1582,0.0
0.1583,0.0
0.1584,0.0
0.1585,0.0
0.15860000000000002,0.0
0.15869999999999998,0.0
0.1588,0.0
0.15889999999999999,0.0
0.159,0.0
0.1591,0.0
0.15919999999999998,0.0
0.1593,0.0
0.1594,0.0
0.1595,0.0
0.1596,0.0
0.1597,0.0
0.15979999999999997,0.0
0.1599,0.0
0.15999999999999998,0.0
0.1601,0.0
0.16019999999999998,0.0
0.1603,0.0
0.1604,0.0
0.1605,0.0
0.1606,0.0
0.1607,0.0
0.1608,0.0
0.1609,0.0
0.16099999999999998,0.0
0.1611,0.0
0.16119999999999998,0.0
0.1613,0.0
0.1614,0.0
0.1615,0.0
0.1616,0.0
0.1617,0.0
0.1618,0.0
0.16190000000000002,0.0
0.16199999999999998,0.0
0.1621,0.0
0.16219999999999998,0.0
0.1623,0.0
0.1624,0.0
0.1625,0.0
0.1626,0.0
0.1627,0.0
0.1628,0.0
0.1629,0.0
0.163,0.0
0.16309999999999997,0.0
0.16319999999999998,0.0
0.16329999999999997,0.0
0.1634,0.0
0.16349999999999998,0.0
0.1636,0.0
0.16369999999999998,0.0
0.1638,0.0
0.1639,0.0
0.164,0.0
0.1641,0.0
0.16419999999999998,0.0
0.16429999999999997,0.0
0.1644,0.0
0.16449999999999998,0.0
0.1646,0.0
0.16469999999999999,0.0
0.1648,0.0
0.1649,0.0
0.165,0.0
0.1651,0.0
0.1652,0.0
0.16529999999999997,0.0
0.1654,0.0
0.16549999999999998,0.0
0.1656,0.0
0.1657,0.0
0.1658,0.0
0.1659,0.0
0.166,0.0
0.1661,0.0
0.16620000000000001,0.0
0.1663,0.0
0.1664,0.0
0.16649999999999998,0.0
0.16659999999999997,0.0
0.1667,0.0
0.16679999999999998,0.0
0.1669,0.0
0.16699999999999998,0.0
0.1671,0.0
0.1672,0.0
0.1673,0.0
0.1674,0.0
0.1675,0.0
0.16759999999999997,0.0
0.1677,0.0
0.16779999999999998,0.0
0.1679,0.0
0.16799999999999998,0.0
0.1681,0.0
0.1682,0.0
0.1683,0.0
0.1684,0.0
0.1685,0.0
0.1686,0.0
0.1687,0.0
0.16879999999999998,0.0
0.1689,0.0
0.16899999999999998,0.0
0.1691,0.0
0.1692,0.0
0.1693,0.0
0.1694,0.0
0.1695,0.0
0.1696,0.0
0.16970000000000002,0.0
0.16979999999999998,0.0
0.1699,0.0
0.16999999999999998,0.0
0.1701,0.0
0.1702,0.0
0.17029999999999998,0.0
0.1704,0.0
0.17049999999999998,0.0
0.1706,0.0
0.1707,0.0
0.1708,0.0
0.17089999999999997,0.0
0.17099999999999999,0.0
0.17109999999999997,0.0
0.1712,0.0
0.17129999999999998,0.0
0.1714,0.0
0.17149999999999999,0.0
0.1716,0.0
0.1717,0.0
0.1718,0.0
0.1719,0.0
0.172,0.0
0.17209999999999998,0.0
0.1722,0.0
0.17229999999999998,0.0
0.1724,0.0
0.1725,0.0
0.1726,0.0
0.1727,0.0
0.1728,0.0
0.1729,0.0
0.17300000000000001,0.0
0.17309999999999998,0.0
0.1732,0.0
0.17329999999999998,0.0
0.1734,0.0
0.1735,0.0
0.1736,0.0
0.1737,0.0
0.1738,0.0
0.1739,0.0
0.174,0.0
0.1741,0.0
0.17419999999999997,0.0
0.17429999999999998,0.0
0.17439999999999997,0.0
0.1745,0.0
0.17459999999999998,0.0
0.1747,0.0
0.17479999999999998,0.0
0.1749,0.0
0.175,0.0
0.1751,0.0
0.1752,0.0
0.1753,0.0
0.17539999999999997,0.0
0.1755,0.0
0.17559999999999998,0.0
0.1757,0.0
0.17579999999999998,0.0
0.1759,0.0
0.176,0.0
0.1761,0.0
0.1762,0.0
0.1763,0.0
0.1764,0.0
0.1765,0.0
0.17659999999999998,0.0
0.1767,0.0
0.17679999999999998,0.0
0.1769,0.0
0.177,0.0
0.1771,0.0
0.1772,0.0
0.1773,0.0
0.1774,0.0
0.1775,0.0
0.17759999999999998,0.0
0.17769999999999997,0.0
0.17779999999999999,0.0
0.17789999999999997,0.0
0.178,0.0
0.17809999999999998,0.0
0.1782,0.0
0.1783,0.0
0.1784,0.0
0.1785,0.0
0.1786,0.0
0.17869999999999997,0.0
0.1788,0.0
0.17889999999999998,0.0
0.179,0.0
0.17909999999999998,0.0
0.1792,0.0
0.1793,0.0
0.1794,0.0
0.1795,0.0
0.1796,0.0
0.1797,0.0
0.1798,0.0
0.17989999999999998,0.0
0.18,0.0
0.18009999999999998,0.0
0.1802,0.0
0.1803,0.0
0.1804,0.0
0.1805,0.0
0.1806,0.0
0.1807,0.0
0.18080000000000002,0.0
0.18089999999999998,0.0
0.181,0.0
0.18109999999999998,0.0
0.1812,0.0
0.1813,0.0
0.18139999999999998,0.0
0.1815,0.0
0.18159999999999998,0.0
0.1817,0.0
0.1818,0.0
0.1819,0.0
0.18199999999999997,0.0
0.18209999999999998,0.0
0.18219999999999997,0.0
0.1823,0.0
0.18239999999999998,0.0
0.1825,0.0
0.18259999999999998,0.0
0.1827,0.0
0.1828,0.0
0.1829,0.0
0.183,0.0
0.18309999999999998,0.0
0.18319999999999997,0.0
0.1833,0.0
0.18339999999999998,0.0
0.1835,0.0
0.18359999999999999,0.0
0.1837,0.0
0.1838,0.0
0.1839,0.0
0.184,0.0
0.1841,0.0
0.1842,0.0
0.1843,0.0
0.18439999999999998,0.0
0.1845,0.0
0.1846,0.0
0.1847,0.0
0.1848,0.0
0.1849,0.0
0.185,0.0
0.1851,0.0
0.1852,0.0
0.1853,0.0
0.18539999999999998,0.0
0.18549999999999997,0.0
0.1856,0.0
0.18569999999999998,0.0
0.1858,0.0
0.18589999999999998,0.0
0.186,0.0
0.1861,0.0
0.1862,0.0
0.1863,0.0
0.1864,0.0
0.18649999999999997,0.0
0.1866,0.0
0.18669999999999998,0.0
0.1868,0.0
0.18689999999999998,0.0
0.187,0.0
0.1871,0.0
0.1872,0.0
0.1873,0.0
0.1874,0.0
0.1875,0.0
0.1876,0.0
0.18769999999999998,0.0
0.1878,0.0
0.18789999999999998,0.0
0.188,0.0
0.1881,0.0
0.1882,0.0
0.1883,0.0
0.1884,0.0
0.1885,0.0
0.1886,0.0
0.18869999999999998,0.0
0.18879999999999997,0.0
0.18889999999999998,0.0
0.18899999999999997,0.0
0.1891,0.0
0.18919999999999998,0.0
0.1893,0.0
0.18939999999999999,0.0
0.1895,0.0
0.1896,0.0
0.1897,0.0
0.18979999999999997,0.0
0.18989999999999999,0.0
0.18999999999999997,0.0
0.1901,0.0
0.19019999999999998,0.0
0.1903,0.0
0.19039999999999999,0.0
0.1905,0.0
0.1906,0.0
0.1907,0.0
0.1908,0.0
0.1909,0.0
0.19099999999999998,0.0
0.1911,0.0
0.19119999999999998,0.0
0.1913,0.0
0.1914,0.0
0.1915,0.0
0.1916,0.0
0.1917,0.0
0.1918,0.0
0.19190000000000002,0.0
0.192,0.0
0.1921,0.0
0.19219999999999998,0.0
0.1923,0.0
0.1924,0.0
0.19249999999999998,0.0
0.1926,0.0
0.19269999999999998,0.0
0.1928,0.0
0.1929,0.0
0.193,0.0
0.1931,0.0
0.19319999999999998,0.0
0.19329999999999997,0.0
0.1934,0.0
0.19349999999999998,0.0
0.1936,0.0
0.19369999999999998,0.0
0.1938,0.0
0.1939,0.0
0.194,0.0
0.1941,0.0
0.1942,0.0
0.19429999999999997,0.0
0.1944,0.0
0.19449999999999998,0.0
0.1946,0.0
0.19469999999999998,0.0
0.1948,0.0
0.1949,0.0
0.195,0.0
0.1951,0.0
0.1952,0.0
0.1953,0.0
0.1954,0.0
0.19549999999999998,0.0
0.1956,0.0
0.19569999999999999,0.0
0.1958,0.0
0.1959,0.0
0.196,0.0
0.1961,0.0
0.19619999999999999,0.0
0.1963,0.0
0.1964,0.0
0.19649999999999998,0.0
0.19659999999999997,0.0
0.19669999999999999,0.0
0.19679999999999997,0.0
0.1969,0.0
0.19699999999999998,0.0
0.1971,0.0
0.1972,0.0
0.1973,0.0
0.1974,0.0
0.1975,0.0
0.19759999999999997,0.0
0.1977,0.0
0.19779999999999998,0.0
0.1979,0.0
0.19799999999999998,0.0
0.1981,0.0
0.1982,0.0
0.1983,0.0
0.1984,0.0
0.1985,0.0
0.1986,0.0
0.1987,0.0
0.19879999999999998,0.0
0.1989,0.0
0.19899999999999998,0.0
0.1991,0.0
0.1992,0.0
0.1993,0.0
0.1994,0.0
0.1995,0.0
0.1996,0.0
0.1997,0.0
0.19979999999999998,0.0
0.19989999999999997,0.0
0.19999999999999998,0.0
0.20009999999999997,0.0
0.2002,0.0
0.20029999999999998,0.0
0.2004,0.0
0.20049999999999998,0.0
0.2006,0.0
0.2007,0.0
0.2008,0.0
0.2009,0.0
0.20099999999999998,0.0
0.20109999999999997,0.0
0.2012,0.0
0.20129999999999998,0.0
0.2014,0.0
0.20149999999999998,0.0
0.2016,0.0
0.2017,0.0
0.2018,0.0
0.2019,0.0
0.202,0.0
0.20209999999999997,0.0
0.2022,0.0
0.20229999999999998,0.0
0.2024,0.0
0.20249999999999999,0.0
0.2026,0.0
0.2027,0.0
0.2028,0.0
0.2029,0.0
0.203,0.0
0.2031,0.0
0.2032,0.0
0.20329999999999998,0.0
0.2034,0.0
0.2035,0.0
0.20359999999999998,0.0
0.2037,0.0
0.20379999999999998,0.0
0.2039,0.0
0.204,0.0
0.2041,0.0
0.2042,0.0
0.20429999999999998,0.0
0.20439999999999997,0.0
0.2045,0.0
0.20459999999999998,0.0
0.2047,0.0
0.20479999999999998,0.0
0.2049,0.0
0.205,0.0
0.2051,0.0
0.2052,0.0
0.2053,0.0
0.20539999999999997,0.0
0.2055,0.0
0.20559999999999998,0.0
0.2057,0.0
0.20579999999999998,0.0
0.2059,0.0
0.206,0.0
0.2061,0.0
0.2062,0.0
0.2063,0.0
0.2064,0.0
0.2065,0.0
0.20659999999999998,0.0
0.2067,0.0
0.20679999999999998,0.0
0.2069,0.0
0.207,0.0
0.2071,0.0
0.2072,0.0
0.20729999999999998,0.0
0.2074,0.0
0.2075,0.0
0.20759999999999998,0.0
0.20769999999999997,0.0
0.20779999999999998,0.0
0.20789999999999997,0.0
0.208,0.0
0.20809999999999998,0.0
0.2082,0.0
0.20829999999999999,0.0
0.2084,0.0
0.2085,0.0
0.2086,0.0
0.20869999999999997,0.0
0.20879999999999999,0.0
0.20889999999999997,0.0
0.209,0.0
0.20909999999999998,0.0
0.2092,0.0
0.20929999999999999,0.0
0.2094,0.0
0.2095,0.0
0.2096,0.0
0.2097,0.0
0.20980000000000001,0.0
0.20989999999999998,0.0
0.21,0.0
0.21009999999999998,0.0
0.2102,0.0
0.2103,0.0
0.2104,0.0
0.2105,0.0
0.2106,0.0
0.2107,0.0
0.2108,0.0
0.2109,0.0
0.21099999999999997,0.0
0.21109999999999998,0.0
0.21119999999999997,0.0
0.2113,0.0
0.21139999999999998,0.0
0.2115,0.0
0.21159999999999998,0.0
0.2117,0.0
0.2118,0.0
0.2119,0.0
0.212,0.0
0.21209999999999998,0.0
0.21219999999999997,0.0
0.2123,0.0
0.21239999999999998,0.0
0.2125,0.0
0.21259999999999998,0.0
0.2127,0.0
0.2128,0.0
0.2129,0.0
0.213,0.0
0.2131,0.0
0.21319999999999997,0.0
0.2133,0.0
0.21339999999999998,0.0
0.2135,0.0
0.21359999999999998,0.0
0.2137,0.0
0.2138,0.0
0.2139,0.0
0.214,0.0
0.2141,0.0
0.2142,0.0
0.2143,0.0
0.21439999999999998,0.0
0.2145,0.0
0.21459999999999999,0.0
0.21469999999999997,0.0
0.2148,0.0
0.21489999999999998,0.0
0.215,0.0
0.21509999999999999,0.0
0.2152,0.0
0.2153,0.0
0.21539999999999998,0.0
0.21549999999999997,0.0
0.21559999999999999,0.0
0.21569999999999998,0.0
0.2158,0.0
0.21589999999999998,0.0
0.216,0.0
0.2161,0.0
0.2162,0.0
0.2163,0.0
0.2164,0.0
0.21649999999999997,0.0
0.2166,0.0
0.21669999999999998,0.0
0.2168,0.0
0.21689999999999998,0.0
0.217,0.0
0.2171,0.0
0.2172,0.0
0.2173,0.0
0.2174,0.0
0.2175,0.0
0.2176,0.0
0.21769999999999998,0.0
0.2178,0.0
0.21789999999999998,0.0
0.218,0.0
0.2181,0.0
0.2182,0.0
0.2183,0.0
0.21839999999999998,0.0
0.2185,0.0
0.2186,0.0
0.2187,0.0
0.21879999999999997,0.0
0.21889999999999998,0.0
0.21899999999999997,0.0
0.2191,0.0
0.21919999999999998,0.0
0.2193,0.0
0.21939999999999998,0.0
0.2195,0.0
0.2196,0.0
0.2197,0.0
0.2198,0.0
0.21989999999999998,0.0
0.21999999999999997,0.0
0.2201,0.0
0.22019999999999998,0.0
0.2203,0.0
0.22039999999999998,0.0
0.2205,0.0
0.2206,0.0
0.2207,0.0
0.2208,0.0
0.2209,0.0
0.22099999999999997,0.0
0.2211,0.0
0.22119999999999998,0.0
0.2213,0.0
0.22139999999999999,0.0
0.2215,0.0
0.2216,0.0
0.2217,0.0
0.2218,0.0
0.2219,0.0
0.222,0.0
0.22209999999999996,0.0
0.22219999999999998,0.0
0.22229999999999997,0.0
0.2224,0.0
0.22249999999999998,0.0
0.2226,0.0
0.22269999999999998,0.0
0.2228,0.0
0.2229,0.0
0.223,0.0
0.2231,0.0
0.22319999999999998,0.0
0.22329999999999997,0.0
0.2234,0.0
0.22349999999999998,0.0
0.2236,0.0
0.22369999999999998,0.0
0.2238,0.0
0.2239,0.0
0.224,0.0
0.2241,0.0
0.2242,0.0
0.22429999999999997,0.0
0.2244,0.0
0.22449999999999998,0.0
0.2246,0.0
0.22469999999999998,0.0
0.2248,0.0
0.2249,0.0
0.225,0.0
0.2251,0.0
0.2252,0.0
0.2253,0.0
0.2254,0.0
0.22549999999999998,0.0
0.2256,0.0
0.22569999999999998,0.0
0.22579999999999997,0.0
0.2259,0.0
0.22599999999999998,0.0
0.2261,0.0
0.22619999999999998,0.0
0.2263,0.0
0.2264,0.0
0.2265,0.0
0.22659999999999997,0.0
0.22669999999999998,0.0
0.22679999999999997,0.0
0.2269,0.0
0.22699999999999998,0.0
0.2271,0.0
0.22719999999999999,0.0
0.2273,0.0
0.2274,0.0
0.2275,0.0
0.2276,0.0
0.22769999999999999,0.0
0.22779999999999997,0.0
0.2279,0.0
0.22799999999999998,0.0
0.2281,0.0
0.2282,0.0
0.2283,0.0
0.2284,0.0
0.2285,0.0
0.2286,0.0
0.22870000000000001,0.0
0.22879999999999998,0.0
0.2289,0.0
0.22899999999999998,0.0
0.2291,0.0
0.2292,0.0
0.2293,0.0
0.2294,0.0
0.22949999999999998,0.0
0.2296,0.0
0.2297,0.0
0.2298,0.0
0.22989999999999997,0.0
0.22999999999999998,0.0
0.23009999999999997,0.0
0.2302,0.0
0.23029999999999998,0.0
0.2304,0.0
0.23049999999999998,0.0
0.2306,0.0
0.2307,0.0
0.2308,0.0
0.2309,0.0
0.23099999999999998,0.0
0.23109999999999997,0.0
0.2312,0.0
0.23129999999999998,0.0
0.2314,0.0
0.23149999999999998,0.0
0.2316,0.0
0.2317,0.0
0.2318,0.0
0.2319,0.0
0.232,0.0
0.23209999999999997,0.0
0.2322,0.0
0.23229999999999998,0.0
0.2324,0.0
0.23249999999999998,0.0
0.2326,0.0
0.2327,0.0
0.2328,0.0
0.2329,0.0
0.23299999999999998,0.0
0.2331,0.0
0.23319999999999996,0.0
0.23329999999999998,0.0
0.23339999999999997,0.0
0.23349999999999999,0.0
0.23359999999999997,0.0
0.2337,0.0
0.23379999999999998,0.0
0.2339,0.0
0.23399999999999999,0.0
0.2341,0.0
0.2342,0.0
0.23429999999999998,0.0
0.23439999999999997,0.0
0.2345,0.0
0.23459999999999998,0.0
0.2347,0.0
0.23479999999999998,0.0
0.2349,0.0
0.235,0.0
0.2351,0.0
0.2352,0.0
0.2353,0.0
0.2354,0.0
0.2355,0.0
0.23559999999999998,0.0
0.2357,0.0
0.23579999999999998,0.0
0.2359,0.0
0.236,0.0
0.2361,0.0
0.2362,0.0
0.2363,0.0
0.2364,0.0
0.23650000000000002,0.0
0.23659999999999998,0.0
0.2367,0.0
0.23679999999999998,0.0
0.23689999999999997,0.0
0.237,0.0
0.23709999999999998,0.0
0.2372,0.0
0.23729999999999998,0.0
0.2374,0.0
0.2375,0.0
0.2376,0.0
0.23769999999999997,0.0
0.23779999999999998,0.0
0.23789999999999997,0.0
0.238,0.0
0.23809999999999998,0.0
0.2382,0.0
0.23829999999999998,0.0
0.2384,0.0
0.2385,0.0
0.2386,0.0
0.2387,0.0
0.23879999999999998,0.0
0.23889999999999997,0.0
0.239,0.0
0.23909999999999998,0.0
0.2392,0.0
0.23929999999999998,0.0
0.2394,0.0
0.2395,0.0
0.2396,0.0
0.2397,0.0
0.2398,0.0
0.23989999999999997,0.0
0.24,0.0
0.24009999999999998,0.0
0.2402,0.0
0.24029999999999999,0.0
0.2404,0.0
0.2405,0.0
0.24059999999999998,0.0
0.2407,0.0
0.2408,0.0
0.2409,0.0
0.24099999999999996,0.0
0.24109999999999998,0.0
0.24119999999999997,0.0
0.2413,0.0
0.24139999999999998,0.0
0.2415,0.0
0.24159999999999998,0.0
0.2417,0.0
0.2418,0.0
0.2419,0.0
0.242,0.0
0.24209999999999998,0.0
0.24219999999999997,0.0
0.2423,0.0
0.24239999999999998,0.0
0.2425,0.0
0.24259999999999998,0.0
0.2427,0.0
0.2428,0.0
0.2429,0.0
0.243,0.0
0.2431,0.0
0.2432,0.0
0.2433,0.0
0.24339999999999998,0.0
0.2435,0.0
0.24359999999999998,0.0
0.2437,0.0
0.2438,0.0
0.2439,0.0
0.244,0.0
0.24409999999999998,0.0
0.24419999999999997,0.0
0.24429999999999996,0.0
0.24439999999999998,0.0
0.24449999999999997,0.0
0.24459999999999998,0.0
0.24469999999999997,0.0
0.2448,0.0
0.24489999999999998,0.0
0.245,0.0
0.24509999999999998,0.0
0.2452,0.0
0.2453,0.0
0.2454,0.0
0.2455,0.0
0.2456,0.0
0.2457,0.0
0.24580000000000002,0.0
0.2459,0.0
0.24599999999999997,0.0
0.24609999999999996,0.0
0.24619999999999997,0.0
0.24629999999999996,0.0
0.24639999999999998,0.0
0.24649999999999997,0.0
0.24659999999999999,0.0
0.24669999999999997,0.0
0.2468,0.0
0.24689999999999998,0.0
0.247,0.0
0.2471,0.0
0.2472,0.0
0.2473,0.0
0.2474,0.0
0.2475,0.0
0.24760000000000001,0.0
0.2477,0.0
0.2478,0.0
0.2479,0.0
0.248,0.0
0.24810000000000001,0.0
0.2482,0.0
0.24829999999999997,0.0
0.24839999999999995,0.0
0.24849999999999997,0.0
0.24859999999999996,0.0
0.24869999999999998,0.0
0.24879999999999997,0.0
0.24889999999999998,0.0
0.24899999999999997,0.0
0.2491,0.0
0.24919999999999998,0.0
0.2493,0.0
0.24939999999999998,0.0
0.2495,0.0
0.2496,0.0
0.2497,0.0
0.2498,0.0
0.2499,0.0
0.25,0.0
0.2501,0.0
0.25020000000000003,0.0
0.2503,0.0
0.2504,0.0
0.25049999999999994,0.0
0.2506,0.0
0.2507,0.0
0.25079999999999997,0.0
0.25089999999999996,0.0
0.251,0.0
0.2511,0.0
0.2512,0.0
0.25129999999999997,0.0
0.2514,0.0
0.2515,0.0
0.2516,0.0
0.2517,0.0
0.25179999999999997,0.0
0.2519,0.0
0.252,0.0
0.2521,0.0
0.2522,0.0
0.2523,0.0
0.2524,0.0
0.2525,0.0
0.2526,0.0
0.2527,0.0
0.25279999999999997,0.0
0.25289999999999996,0.0
0.25299999999999995,0.0
0.2531,0.0
0.2532,0.0
0.25329999999999997,0.0
0.25339999999999996,0.0
0.2535,0.0
0.2536,0.0
0.2537,0.0
0.25379999999999997,0.0
0.2539,0.0
0.254,0.0
0.2541,0.0
0.2542,0.0
0.2543,0.0
0.2544,0.0
0.2545,0.0
0.2546,0.0
0.25470000000000004,0.0
0.2548,0.0
0.25489999999999996,0.0
0.25499999999999995,0.0
0.2551,0.0
0.2552,0.0
0.25529999999999997,0.0
0.25539999999999996,0.0
0.25549999999999995,0.0
0.2556,0.0
0.2557,0.0
0.25579999999999997,0.0
0.25589999999999996,0.0
0.256,0.0
0.2561,0.0
0.2562,0.0
0.2563,0.0
0.2564,0.0
0.2565,0.0
0.2566,0.0
0.2567,0.0
0.25680000000000003,0.0
0.2569,0.0
0.257,0.0
0.2571,0.0
0.2572,0.0
0.2573,0.0
0.25739999999999996,0.0
0.25749999999999995,0.0
0.2576,0.0
0.2577,0.0
0.2578,0.0
0.25789999999999996,0.0
0.258,0.0
0.2581,0.0
0.2582,0.0
0.2583,0.0
0.2584,0.0
0.2585,0.0
0.2586,0.0
0.2587,0.0
0.25880000000000003,0.0
0.2589,0.0
0.259,0.0
0.2591,0.0
0.2592,0.0
0.25930000000000003,0.0
0.25939999999999996,0.0
0.25949999999999995,0.0
0.25959999999999994,0.0
0.2597,0.0
0.2598,0.0
0.25989999999999996,0.0
0.25999999999999995,0.0
0.2601,0.0
0.2602,0.0
0.2603,0.0
0.26039999999999996,0.0
0.2605,0.0
0.2606,0.0
0.2607,0.0
0.2608,0.0
0.2609,0.0
0.261,0.0
0.2611,0.0
0.2612,0.0
0.26130000000000003,0.0
0.2614,0.0
0.2615,0.0
0.26159999999999994,0.0
0.2617,0.0
0.2618,0.0
0.26189999999999997,0.0
0.26199999999999996,0.0
0.2621,0.0
0.2622,0.0
0.2623,0.0
0.26239999999999997,0.0
0.2625,0.0
0.2626,0.0
0.2627,0.0
0.2628,0.0
0.26289999999999997,0.0
0.263,0.0
0.2631,0.0
0.2632,0.0
0.2633,0.0
0.2634,0.0
0.2635,0.0
0.2636,0.0
0.2637,0.0
0.2638,0.0
0.26389999999999997,0.0
0.26399999999999996,0.0
0.26409999999999995,0.0
0.2642,0.0
0.2643,0.0
0.26439999999999997,0.0
0.26449999999999996,0.0
0.2646,0.0
0.2647,0.0
0.2648,0.0
0.26489999999999997,0.0
0.265,0.0
0.2651,0.0
0.2652,0.0
0.2653,0.0
0.2654,0.0
0.2655,0.0
0.2656,0.0
0.2657,0.0
0.26580000000000004,0.0
0.2659,0.0
0.266,0.0
0.26609999999999995,0.0
0.2662,0.0
0.2663,0.0
0.26639999999999997,0.0
0.26649999999999996,0.0
0.26659999999999995,0.0
0.2667,0.0
0.2668,0.0
0.26689999999999997,0.0
0.26699999999999996,0.0
0.2671,0.0
0.2672,0.0
0.2673,0.0
0.26739999999999997,0.0
0.2675,0.0
0.2676,0.0
0.2677,0.0
0.2678,0.0
0.2679,0.0
0.268,0.0
0.2681,0.0
0.2682,0.0
0.2683,0.0
0.26839999999999997,0.0
0.26849999999999996,0.0
0.26859999999999995,0.0
0.2687,0.0
0.2688,0.0
0.2689,0.0
0.26899999999999996,0.0
0.2691,0.0
0.2692,0.0
0.2693,0.0
0.2694,0.0
0.2695,0.0
0.2696,0.0
0.2697,0.0
0.2698,0.0
0.26990000000000003,0.0
0.27,0.0
0.2701,0.0
0.2702,0.0
0.2703,0.0
0.27040000000000003,0.0
0.27049999999999996,0.0
0.27059999999999995,0.0
0.27069999999999994,0.0
0.2708,0.0
0.2709,0.0
0.27099999999999996,0.0
0.27109999999999995,0.0
0.2712,0.0
0.2713,0.0
0.2714,0.0
0.27149999999999996,0.0
0.2716,0.0
0.2717,0.0
0.2718,0.0
0.2719,0.0
0.272,0.0
0.2721,0.0
0.2722,0.0
0.2723,0.0
0.27240000000000003,0.0
0.2725,0.0
0.2726,0.0
0.27269999999999994,0.0
0.2728,0.0
0.2729,0.0
0.27299999999999996,0.0
0.27309999999999995,0.0
0.2732,0.0
0.2733,0.0
0.2734,0.0
0.27349999999999997,0.0
0.2736,0.0
0.2737,0.0
0.2738,0.0
0.2739,0.0
0.27399999999999997,0.0
0.2741,0.0
0.2742,0.0
0.2743,0.0
0.2744,0.0
0.2745,0.0
0.2746,0.0
0.2747,0.0
0.2748,0.0
0.27490000000000003,0.0
0.27499999999999997,0.0
0.27509999999999996,0.0
0.27519999999999994,0.0
0.2753,0.0
0.2754,0.0
0.27549999999999997,0.0
0.27559999999999996,0.0
0.2757,0.0
0.2758,0.0
0.2759,0.0
0.27599999999999997,0.0
0.2761,0.0
0.2762,0.0
0.2763,0.0
0.2764,0.0
0.2765,0.0
0.2766,0.0
0.2767,0.0
0.2768,0.0
0.27690000000000003,0.0
0.277,0.0
0.2771,0.0
0.27719999999999995,0.0
0.2773,0.0
0.2774,0.0
0.27749999999999997,0.0
0.27759999999999996,0.0
0.27769999999999995,0.0
0.2778,0.0
0.2779,0.0
0.27799999999999997,0.0
0.27809999999999996,0.0
0.2782,0.0
0.2783,0.0
0.2784,0.0
0.27849999999999997,0.0
0.2786,0.0
0.2787,0.0
0.2788,0.0
0.2789,0.0
0.279,0.0
0.2791,0.0
0.2792,0.0
0.2793,0.0
0.2794,0.0
0.27949999999999997,0.0
0.27959999999999996,0.0
0.27969999999999995,0.0
0.2798,0.0
0.2799,0.0
0.27999999999999997,0.0
0.28009999999999996,0.0
0.2802,0.0
0.2803,0.0
0.2804,0.0
0.28049999999999997,0.0
0.2806,0.0
0.2807,0.0
0.2808,0.0
0.2809,0.0
0.281,0.0
0.2811,0.0
0.2812,0.0
0.2813,0.0
0.2814,0.0
0.28150000000000003,0.0
0.2816,0.0
0.28169999999999995,0.0
0.28179999999999994,0.0
0.2819,0.0
0.282,0.0
0.28209999999999996,0.0
0.28219999999999995,0.0
0.2823,0.0
0.2824,0.0
0.2825,0.0
0.28259999999999996,0.0
0.2827,0.0
0.2828,0.0
0.2829,0.0
0.283,0.0
0.2831,0.0
0.2832,0.0
0.2833,0.0
0.2834,0.0
0.28350000000000003,0.0
0.2836,0.0
0.2837,0.0
0.2838,0.0
0.2839,0.0
0.284,0.0
0.28409999999999996,0.0
0.28419999999999995,0.0
0.2843,0.0
0.2844,0.0
0.2845,0.0
0.28459999999999996,0.0
0.2847,0.0
0.2848,0.0
0.2849,0.0
0.285,0.0
0.28509999999999996,0.0
0.2852,0.0
0.2853,0.0
0.2854,0.0
0.2855,0.0
0.2856,0.0
0.2857,0.0
0.2858,0.0
0.2859,0.0
0.28600000000000003,0.0
0.28609999999999997,0.0
0.28619999999999995,0.0
0.28629999999999994,0.0
0.2864,0.0
0.2865,0.0
0.28659999999999997,0.0
0.28669999999999995,0.0
0.2868,0.0
0.2869,0.0
0.287,0.0
0.28709999999999997,0.0
0.2872,0.0
0.2873,0.0
0.2874,0.0
0.2875,0.0
0.2876,0.0
0.2877,0.0
0.2878,0.0
0.2879,0.0
0.28800000000000003,0.0
0.2881,0.0
0.2882,0.0
0.28829999999999995,0.0
0.2884,0.0
0.2885,0.0
0.28859999999999997,0.0
0.28869999999999996,0.0
0.28879999999999995,0.0
0.2889,0.0
0.289,0.0
0.28909999999999997,0.0
0.28919999999999996,0.0
0.2893,0.0
0.2894,0.0
0.2895,0.0
0.28959999999999997,0.0
0.2897,0.0
0.2898,0.0
0.2899,0.0
0.29,0.0
0.2901,0.0
0.2902,0.0
0.2903,0.0
0.2904,0.0
0.29050000000000004,0.0
0.29059999999999997,0.0
0.29069999999999996,0.0
0.29079999999999995,0.0
0.2909,0.0
0.291,0.0
0.29109999999999997,0.0
0.29119999999999996,0.0
0.2913,0.0
0.2914,0.0
0.2915,0.0
0.29159999999999997,0.0
0.2917,0.0
0.2918,0.0
0.2919,0.0
0.292,0.0
0.2921,0.0
0.2922,0.0
0.2923,0.0
0.2924,0.0
0.2925,0.0
0.2926,0.0
0.2927,0.0
0.29279999999999995,0.0
0.29289999999999994,0.0
0.293,0.0
0.29309999999999997,0.0
0.29319999999999996,0.0
0.29329999999999995,0.0
0.2934,0.0
0.2935,0.0
0.29359999999999997,0.0
0.29369999999999996,0.0
0.2938,0.0
0.2939,0.0
0.294,0.0
0.2941,0.0
0.2942,0.0
0.2943,0.0
0.2944,0.0
0.2945,0.0
0.29460000000000003,0.0
0.2947,0.0
0.2948,0.0
0.2949,0.0
0.295,0.0
0.2951,0.0
0.29519999999999996,0.0
0.29529999999999995,0.0
0.2954,0.0
0.2955,0.0
0.2956,0.0
0.29569999999999996,0.0
0.2958,0.0
0.2959,0.0
0.296,0.0
0.2961,0.0
0.29619999999999996,0.0
0.2963,0.0
0.2964,0.0
0.2965,0.0
0.2966,0.0
0.2967,0.0
0.2968,0.0
0.2969,0.0
0.297,0.0
0.29710000000000003,0.0
0.29719999999999996,0.0
0.29729999999999995,0.0
0.29739999999999994,0.0
0.2975,0.0
0.2976,0.0
0.29769999999999996,0.0
0.29779999999999995,0.0
0.2979,0.0
0.298,0.0
0.2981,0.0
0.29819999999999997,0.0
0.2983,0.0
0.2984,0.0
0.2985,0.0
0.2986,0.0
0.2987,0.0
0.2988,0.0
0.2989,0.0
0.299,0.0
0.29910000000000003,0.0
0.2992,0.0
0.2993,0.0
0.2994,0.0
0.2995,0.0
0.2996,0.0
0.29969999999999997,0.0
0.29979999999999996,0.0
0.29989999999999994,0.0
0.3,0.0
0.3001,0.0
0.30019999999999997,0.0
0.30029999999999996,0.0
0.3004,0.0
0.3005,0.0
0.3006,0.0
0.30069999999999997,0.0
0.3008,0.0
0.3009,0.0
0.301,0.0
0.3011,0.0
0.3012,0.0
0.3013,0.0
0.3014,0.0
0.3015,0.0
0.30160000000000003,0.0
0.30169999999999997,0.0
0.30179999999999996,0.0
0.30189999999999995,0.0
0.302,0.0
0.3021,0.0
0.30219999999999997,0.0
0.30229999999999996,0.0
0.3024,0.0
0.3025,0.0
0.3026,0.0
0.30269999999999997,0.0
0.3028,0.0
0.3029,0.0
0.303,0.0
0.3031,0.0
0.3032,0.0
0.3033,0.0
0.3034,0.0
0.3035,0.0
0.3036,0.0
0.3037,0.0
0.3038,0.0
0.30389999999999995,0.0
0.30399999999999994,0.0
0.3041,0.0
0.30419999999999997,0.0
0.30429999999999996,0.0
0.30439999999999995,0.0
0.3045,0.0
0.3046,0.0
0.30469999999999997,0.0
0.30479999999999996,0.0
0.3049,0.0
0.305,0.0
0.3051,0.0
0.30519999999999997,0.0
0.3053,0.0
0.3054,0.0
0.3055,0.0
0.3056,0.0
0.3057,0.0
0.3058,0.0
0.3059,0.0
0.306,0.0
0.3061,0.0
0.30619999999999997,0.0
0.30629999999999996,0.0
0.30639999999999995,0.0
0.3065,0.0
0.3066,0.0
0.3067,0.0
0.30679999999999996,0.0
0.3069,0.0
0.307,0.0
0.3071,0.0
0.3072,0.0
0.30729999999999996,0.0
0.3074,0.0
0.3075,0.0
0.3076,0.0
0.3077,0.0
0.3078,0.0
0.3079,0.0
0.308,0.0
0.3081,0.0
0.30820000000000003,0.0
0.3083,0.0
0.30839999999999995,0.0
0.30849999999999994,0.0
0.3086,0.0
0.3087,0.0
0.30879999999999996,0.0
0.30889999999999995,0.0
0.309,0.0
0.3091,0.0
0.3092,0.0
0.30929999999999996,0.0
0.3094,0.0
0.3095,0.0
0.3096,0.0
0.3097,0.0
0.3098,0.0
0.3099,0.0
0.31,0.0
0.3101,0.0
0.31020000000000003,0.0
0.3103,0.0
0.3104,0.0
0.3105,0.0
0.3106,0.0
0.3107,0.0
0.31079999999999997,0.0
0.31089999999999995,0.0
0.31099999999999994,0.0
0.3111,0.0
0.3112,0.0
0.31129999999999997,0.0
0.31139999999999995,0.0
0.3115,0.0
0.3116,0.0
0.3117,0.0
0.31179999999999997,0.0
0.3119,0.0
0.312,0.0
0.3121,0.0
0.3122,0.0
0.3123,0.0
0.3124,0.0
0.3125,0.0
0.3126,0.0
0.31270000000000003,0.0
0.31279999999999997,0.0
0.31289999999999996,0.0
0.31299999999999994,0.0
0.3131,0.0
0.3132,0.0
0.31329999999999997,0.0
0.31339999999999996,0.0
0.3135,0.0
0.3136,0.0
0.3137,0.0
0.31379999999999997,0.0
0.3139,0.0
0.314,0.0
0.3141,0.0
0.3142,0.0
0.3143,0.0
0.3144,0.0
0.3145,0.0
0.3146,0.0
0.3147,0.0
0.3148,0.0
0.3149,0.0
0.31499999999999995,0.0
0.31509999999999994,0.0
0.3152,0.0
0.31529999999999997,0.0
0.31539999999999996,0.0
0.31549999999999995,0.0
0.3156,0.0
0.3157,0.0
0.31579999999999997,0.0
0.31589999999999996,0.0
0.316,0.0
0.3161,0.0
0.3162,0.0
0.31629999999999997,0.0
0.3164,0.0
0.3165,0.0
0.3166,0.0
0.3167,0.0
0.3168,0.0
0.3169,0.0
0.317,0.0
0.3171,0.0
0.31720000000000004,0.0
0.31729999999999997,0.0
0.31739999999999996,0.0
0.31749999999999995,0.0
0.3176,0.0
0.3177,0.0
0.31779999999999997,0.0
0.31789999999999996,0.0
0.318,0.0
0.3181,0.0
0.3182,0.0
0.31829999999999997,0.0
0.31839999999999996,0.0
0.3185,0.0
0.3186,0.0
0.3187,0.0
0.3188,0.0
0.3189,0.0
0.319,0.0
0.3191,0.0
0.3192,0.0
0.31930000000000003,0.0
0.3194,0.0
0.31949999999999995,0.0
0.31959999999999994,0.0
0.3197,0.0
0.3198,0.0
0.31989999999999996,0.0
0.31999999999999995,0.0
0.3201,0.0
0.3202,0.0
0.3203,0.0
0.32039999999999996,0.0
0.3205,0.0
0.3206,0.0
0.3207,0.0
0.3208,0.0
0.3209,0.0
0.321,0.0
0.3211,0.0
0.3212,0.0
0.32130000000000003,0.0
0.3214,0.0
0.3215,0.0
0.3216,0.0
0.3217,0.0
0.3218,0.0
0.32189999999999996,0.0
0.32199999999999995,0.0
0.32209999999999994,0.0
0.3222,0.0
0.3223,0.0
0.32239999999999996,0.0
0.32249999999999995,0.0
0.3226,0.0
0.3227,0.0
0.3228,0.0
0.32289999999999996,0.0
0.323,0.0
0.3231,0.0
0.3232,0.0
0.3233,0.0
0.3234,0.0
0.3235,0.0
0.3236,0.0
0.3237,0.0
0.32380000000000003,0.0
0.32389999999999997,0.0
0.32399999999999995,0.0
0.32409999999999994,0.0
0.3242,0.0
0.3243,0.0
0.32439999999999997,0.0
0.32449999999999996,0.0
0.3246,0.0
0.3247,0.0
0.3248,0.0
0.32489999999999997,0.0
0.325,0.0
0.3251,0.0
0.3252,0.0
0.3253,0.0
0.3254,0.0
0.3255,0.0
0.3256,0.0
0.3257,0.0
0.3258,0.0
0.3259,0.0
0.326,0.0
0.3261,0.0
0.32619999999999993,0.0
0.3263,0.0
0.32639999999999997,0.0
0.32649999999999996,0.0
0.32659999999999995,0.0
0.3267,0.0
0.3268,0.0
0.32689999999999997,0.0
0.32699999999999996,0.0
0.3271,0.0
0.3272,0.0
0.3273,0.0
0.32739999999999997,0.0
0.3275,0.0
0.3276,0.0
0.3277,0.0
0.3278,0.0
0.3279,0.0
0.328,0.0
0.3281,0.0
0.3282,0.0
0.32830000000000004,0.0
0.32839999999999997,0.0
0.32849999999999996,0.0
0.32859999999999995,0.0
0.3287,0.0
0.3288,0.0
0.32889999999999997,0.0
0.32899999999999996,0.0
0.3291,0.0
0.3292,0.0
0.3293,0.0
0.32939999999999997,0.0
0.32949999999999996,0.0
0.3296,0.0
0.3297,0.0
0.3298,0.0
0.32989999999999997,0.0
0.33,0.0
0.3301,0.0
0.3302,0.0
0.3303,0.0
0.3304,0.0
0.3305,0.0
0.33059999999999995,0.0
0.33069999999999994,0.0
0.3308,0.0
0.33089999999999997,0.0
0.33099999999999996,0.0
0.33109999999999995,0.0
0.3312,0.0
0.3313,0.0
0.3314,0.0
0.33149999999999996,0.0
0.3316,0.0
0.3317,0.0
0.3318,0.0
0.3319,0.0
0.332,0.0
0.3321,0.0
0.3322,0.0
0.3323,0.0
0.33240000000000003,0.0
0.3325,0.0
0.3326,0.0
0.3327,0.0
0.3328,0.0
0.3329,0.0
0.33299999999999996,0.0
0.33309999999999995,0.0
0.33319999999999994,0.0
0.3333,0.0
0.3334,0.0
0.33349999999999996,0.0
0.33359999999999995,0.0
0.3337,0.0
0.3338,0.0
0.3339,0.0
0.33399999999999996,0.0
0.3341,0.0
0.3342,0.0
0.3343,0.0
0.3344,0.0
0.3345,0.0
0.3346,0.0
0.3347,0.0
0.3348,0.0
0.33490000000000003,0.0
0.335,0.0
0.33509999999999995,0.0
0.33519999999999994,0.0
0.3353,0.0
0.3354,0.0
0.33549999999999996,0.0
0.33559999999999995,0.0
0.3357,0.0
0.3358,0.0
0.3359,0.0
0.33599999999999997,0.0
0.3361,0.0
0.3362,0.0
0.3363,0.0
0.3364,0.0
0.3365,0.0
0.3366,0.0
0.3367,0.0
0.3368,0.0
0.3369,0.0
0.337,0.0
0.3371,0.0
0.3372,0.0
0.33729999999999993,0.0
0.3374,0.0
0.33749999999999997,0.0
0.33759999999999996,0.0
0.33769999999999994,0.0
0.3378,0.0
0.3379,0.0
0.33799999999999997,0.0
0.33809999999999996,0.0
0.3382,0.0
0.3383,0.0
0.3384,0.0
0.33849999999999997,0.0
0.3386,0.0
0.3387,0.0
0.3388,0.0
0.3389,0.0
0.339,0.0
0.3391,0.0
0.3392,0.0
0.3393,0.0
0.33940000000000003,0.0
0.33949999999999997,0.0
0.33959999999999996,0.0
0.33969999999999995,0.0
0.3398,0.0
0.3399,0.0
0.33999999999999997,0.0
0.34009999999999996,0.0
0.3402,0.0
0.3403,0.0
0.3404,0.0
0.34049999999999997,0.0
0.34059999999999996,0.0
0.3407,0.0
0.3408,0.0
0.3409,0.0
0.34099999999999997,0.0
0.3411,0.0
0.3412,0.0
0.3413,0.0
0.3414,0.0
0.3415,0.0
0.3416,0.0
0.3417,0.0
0.34179999999999994,0.0
0.3419,0.0
0.34199999999999997,0.0
0.34209999999999996,0.0
0.34219999999999995,0.0
0.3423,0.0
0.3424,0.0
0.34249999999999997,0.0
0.34259999999999996,0.0
0.3427,0.0
0.3428,0.0
0.3429,0.0
0.34299999999999997,0.0
0.3431,0.0
0.3432,0.0
0.3433,0.0
0.3434,0.0
0.3435,0.0
0.3436,0.0
0.3437,0.0
0.3438,0.0
0.3439,0.0
0.344,0.0
0.34409999999999996,0.0
0.34419999999999995,0.0
0.34429999999999994,0.0
0.3444,0.0
0.3445,0.0
0.34459999999999996,0.0
0.34469999999999995,0.0
0.3448,0.0
0.3449,0.0
0.345,0.0
0.34509999999999996,0.0
0.3452,0.0
0.3453,0.0
0.3454,0.0
0.3455,0.0
0.3456,0.0
0.3457,0.0
0.3458,0.0
0.3459,0.0
0.34600000000000003,0.0
0.3461,0.0
0.34619999999999995,0.0
0.34629999999999994,0.0
0.3464,0.0
0.3465,0.0
0.34659999999999996,0.0
0.34669999999999995,0.0
0.3468,0.0
0.3469,0.0
0.347,0.0
0.34709999999999996,0.0
0.3472,0.0
0.3473,0.0
0.3474,0.0
0.3475,0.0
0.3476,0.0
0.3477,0.0
0.3478,0.0
0.3479,0.0
0.348,0.0
0.3481,0.0
0.3482,0.0
0.3483,0.0
0.34839999999999993,0.0
0.3485,0.0
0.34859999999999997,0.0
0.34869999999999995,0.0
0.34879999999999994,0.0
0.3489,0.0
0.349,0.0
0.34909999999999997,0.0
0.34919999999999995,0.0
0.3493,0.0
0.3494,0.0
0.3495,0.0
0.34959999999999997,0.0
0.3497,0.0
0.3498,0.0
0.3499,0.0
0.35,0.0
0.3501,0.0
0.3502,0.0
0.3503,0.0
0.3504,0.0
0.35050000000000003,0.0
0.3506,0.0
0.35069999999999996,0.0
0.35079999999999995,0.0
0.3509,0.0
0.351,0.0
0.35109999999999997,0.0
0.35119999999999996,0.0
0.3513,0.0
0.3514,0.0
0.3515,0.0
0.35159999999999997,0.0
0.35169999999999996,0.0
0.3518,0.0
0.3519,0.0
0.352,0.0
0.35209999999999997,0.0
0.3522,0.0
0.3523,0.0
0.3524,0.0
0.3525,0.0
0.3526,0.0
0.3527,0.0
0.3528,0.0
0.35289999999999994,0.0
0.353,0.0
0.35309999999999997,0.0
0.35319999999999996,0.0
0.35329999999999995,0.0
0.3534,0.0
0.3535,0.0
0.35359999999999997,0.0
0.35369999999999996,0.0
0.3538,0.0
0.3539,0.0
0.354,0.0
0.35409999999999997,0.0
0.3542,0.0
0.3543,0.0
0.3544,0.0
0.3545,0.0
0.3546,0.0
0.3547,0.0
0.3548,0.0
0.3549,0.0
0.355,0.0
0.35509999999999997,0.0
0.35519999999999996,0.0
0.35529999999999995,0.0
0.35539999999999994,0.0
0.3555,0.0
0.35559999999999997,0.0
0.35569999999999996,0.0
0.35579999999999995,0.0
0.3559,0.0
0.356,0.0
0.35609999999999997,0.0
0.35619999999999996,0.0
0.3563,0.0
0.3564,0.0
0.3565,0.0
0.3566,0.0
0.3567,0.0
0.3568,0.0
0.3569,0.0
0.357,0.0
0.35710000000000003,0.0
0.3572,0.0
0.35729999999999995,0.0
0.35739999999999994,0.0
0.3575,0.0
0.3576,0.0
0.35769999999999996,0.0
0.35779999999999995,0.0
0.3579,0.0
0.358,0.0
0.3581,0.0
0.35819999999999996,0.0
0.3583,0.0
0.3584,0.0
0.3585,0.0
0.3586,0.0
0.3587,0.0
0.3588,0.0
0.3589,0.0
0.359,0.0
0.3591,0.0
0.3592,0.0
0.3593,0.0
0.3594,0.0
0.3595,0.0
0.3596,0.0
0.35969999999999996,0.0
0.35979999999999995,0.0
0.35989999999999994,0.0
0.36,0.0
0.3601,0.0
0.36019999999999996,0.0
0.36029999999999995,0.0
0.3604,0.0
0.3605,0.0
0.3606,0.0
0.36069999999999997,0.0
0.3608,0.0
0.3609,0.0
0.361,0.0
0.3611,0.0
0.3612,0.0
0.3613,0.0
0.3614,0.0
0.3615,0.0
0.36160000000000003,0.0
0.3617,0.0
0.36179999999999995,0.0
0.36189999999999994,0.0
0.362,0.0
0.3621,0.0
0.36219999999999997,0.0
0.36229999999999996,0.0
0.3624,0.0
0.3625,0.0
0.3626,0.0
0.36269999999999997,0.0
0.36279999999999996,0.0
0.3629,0.0
0.363,0.0
0.3631,0.0
0.36319999999999997,0.0
0.3633,0.0
0.3634,0.0
0.3635,0.0
0.3636,0.0
0.3637,0.0
0.3638,0.0
0.3639,0.0
0.36399999999999993,0.0
0.3641,0.0
0.36419999999999997,0.0
0.36429999999999996,0.0
0.36439999999999995,0.0
0.3645,0.0
0.3646,0.0
0.36469999999999997,0.0
0.36479999999999996,0.0
0.3649,0.0
0.365,0.0
0.3651,0.0
0.36519999999999997,0.0
0.3653,0.0
0.3654,0.0
0.3655,0.0
0.3656,0.0
0.3657,0.0
0.3658,0.0
0.3659,0.0
0.366,0.0
0.3661,0.0
0.36619999999999997,0.0
0.36629999999999996,0.0
0.36639999999999995,0.0
0.36649999999999994,0.0
0.3666,0.0
0.36669999999999997,0.0
0.36679999999999996,0.0
0.36689999999999995,0.0
0.367,0.0
0.3671,0.0
0.36719999999999997,0.0
0.36729999999999996,0.0
0.3674,0.0
0.3675,0.0
0.3676,0.0
0.36769999999999997,0.0
0.3678,0.0
0.3679,0.0
0.368,0.0
0.3681,0.0
0.3682,0.0
0.3683,0.0
0.3684,0.0
0.36849999999999994,0.0
0.3686,0.0
0.36869999999999997,0.0
0.36879999999999996,0.0
0.36889999999999995,0.0
0.369,0.0
0.3691,0.0
0.3692,0.0
0.36929999999999996,0.0
0.3694,0.0
0.3695,0.0
0.3696,0.0
0.3697,0.0
0.3698,0.0
0.3699,0.0
0.37,0.0
0.3701,0.0
0.3702,0.0
0.3703,0.0
0.3704,0.0
0.3705,0.0
0.3706,0.0
0.3707,0.0
0.37079999999999996,0.0
0.37089999999999995,0.0
0.37099999999999994,0.0
0.3711,0.0
0.3712,0.0
0.37129999999999996,0.0
0.37139999999999995,0.0
0.3715,0.0
0.3716,0.0
0.3717,0.0
0.37179999999999996,0.0
0.3719,0.0
0.372,0.0
0.3721,0.0
0.3722,0.0
0.3723,0.0
0.3724,0.0
0.3725,0.0
0.3726,0.0
0.37270000000000003,0.0
0.3728,0.0
0.37289999999999995,0.0
0.37299999999999994,0.0
0.3731,0.0
0.3732,0.0
0.37329999999999997,0.0
0.37339999999999995,0.0
0.3735,0.0
0.3736,0.0
0.3737,0.0
0.37379999999999997,0.0
0.37389999999999995,0.0
0.374,0.0
0.3741,0.0
0.3742,0.0
0.37429999999999997,0.0
0.3744,0.0
0.3745,0.0
0.3746,0.0
0.3747,0.0
0.3748,0.0
0.3749,0.0
0.375,0.0
0.37509999999999993,0.0
0.3752,0.0
0.37529999999999997,0.0
0.37539999999999996,0.0
0.37549999999999994,0.0
0.3756,0.0
0.3757,0.0
0.37579999999999997,0.0
0.37589999999999996,0.0
0.376,0.0
0.3761,0.0
0.3762,0.0
0.37629999999999997,0.0
0.3764,0.0
0.3765,0.0
0.3766,0.0
0.3767,0.0
0.3768,0.0
0.3769,0.0
0.377,0.0
0.3771,0.0
0.3772,0.0
0.3773,0.0
0.37739999999999996,0.0
0.37749999999999995,0.0
0.37759999999999994,0.0
0.3777,0.0
0.37779999999999997,0.0
0.37789999999999996,0.0
0.37799999999999995,0.0
0.3781,0.0
0.3782,0.0
0.37829999999999997,0.0
0.37839999999999996,0.0
0.3785,0.0
0.3786,0.0
0.3787,0.0
0.37879999999999997,0.0
0.3789,0.0
0.379,0.0
0.3791,0.0
0.3792,0.0
0.3793,0.0
0.3794,0.0
0.3795,0.0
0.37959999999999994,0.0
0.3797,0.0
0.37979999999999997,0.0
0.37989999999999996,0.0
0.37999999999999995,0.0
0.3801,0.0
0.3802,0.0
0.38029999999999997,0.0
0.38039999999999996,0.0
0.3805,0.0
0.3806,0.0
0.3807,0.0
0.38079999999999997,0.0
0.3809,0.0
0.381,0.0
0.3811,0.0
0.3812,0.0
0.3813,0.0
0.3814,0.0
0.3815,0.0
0.3816,0.0
0.3817,0.0
0.3818,0.0
0.38189999999999996,0.0
0.38199999999999995,0.0
0.38209999999999994,0.0
0.3822,0.0
0.3823,0.0
0.38239999999999996,0.0
0.38249999999999995,0.0
0.3826,0.0
0.3827,0.0
0.3828,0.0
0.38289999999999996,0.0
0.383,0.0
0.3831,0.0
0.3832,0.0
0.3833,0.0
0.3834,0.0
0.3835,0.0
0.3836,0.0
0.3837,0.0
0.38380000000000003,0.0
0.3839,0.0
0.384,0.0
0.38409999999999994,0.0
0.3842,0.0
0.3843,0.0
0.38439999999999996,0.0
0.38449999999999995,0.0
0.3846,0.0
0.3847,0.0
0.3848,0.0
0.38489999999999996,0.0
0.38499999999999995,0.0
0.3851,0.0
0.3852,0.0
0.3853,0.0
0.38539999999999996,0.0
0.3855,0.0
0.3856,0.0
0.3857,0.0
0.3858,0.0
0.3859,0.0
0.386,0.0
0.3861,0.0
0.3862,0.0
0.3863,0.0
0.38639999999999997,0.0
0.38649999999999995,0.0
0.38659999999999994,0.0
0.3867,0.0
0.3868,0.0
0.38689999999999997,0.0
0.38699999999999996,0.0
0.3871,0.0
0.3872,0.0
0.3873,0.0
0.38739999999999997,0.0
0.3875,0.0
0.3876,0.0
0.3877,0.0
0.3878,0.0
0.3879,0.0
0.388,0.0
0.3881,0.0
0.3882,0.0
0.3883,0.0
0.3884,0.0
0.38849999999999996,0.0
0.38859999999999995,0.0
0.38869999999999993,0.0
0.3888,0.0
0.38889999999999997,0.0
0.38899999999999996,0.0
0.38909999999999995,0.0
0.3892,0.0
0.3893,0.0
0.38939999999999997,0.0
0.38949999999999996,0.0
0.3896,0.0
0.3897,0.0
0.3898,0.0
0.38989999999999997,0.0
0.39,0.0
0.3901,0.0
0.3902,0.0
0.3903,0.0
0.3904,0.0
0.3905,0.0
0.3906,0.0
0.39069999999999994,0.0
0.3908,0.0
0.39089999999999997,0.0
0.39099999999999996,0.0
0.39109999999999995,0.0
0.3912,0.0
0.3913,0.0
0.39139999999999997,0.0
0.39149999999999996,0.0
0.3916,0.0
0.3917,0.0
0.3918,0.0
0.39189999999999997,0.0
0.392,0.0
0.3921,0.0
0.3922,0.0
0.3923,0.0
0.39239999999999997,0.0
0.3925,0.0
0.3926,0.0
0.3927,0.0
0.3928,0.0
0.3929,0.0
0.39299999999999996,0.0
0.39309999999999995,0.0
0.39319999999999994,0.0
0.3933,0.0
0.39339999999999997,0.0
0.39349999999999996,0.0
0.39359999999999995,0.0
0.3937,0.0
0.3938,0.0
0.3939,0.0
0.39399999999999996,0.0
0.3941,0.0
0.3942,0.0
0.3943,0.0
0.3944,0.0
0.3945,0.0
0.3946,0.0
0.3947,0.0
0.3948,0.0
0.39490000000000003,0.0
0.395,0.0
0.3951,0.0
0.39519999999999994,0.0
0.3953,0.0
0.3954,0.0
0.39549999999999996,0.0
0.39559999999999995,0.0
0.3957,0.0
0.3958,0.0
0.3959,0.0
0.39599999999999996,0.0
0.39609999999999995,0.0
0.3962,0.0
0.3963,0.0
0.3964,0.0
0.39649999999999996,0.0
0.3966,0.0
0.3967,0.0
0.3968,0.0
0.3969,0.0
0.397,0.0
0.3971,0.0
0.3972,0.0
0.3973,0.0
0.3974,0.0
0.39749999999999996,0.0
0.39759999999999995,0.0
0.39769999999999994,0.0
0.3978,0.0
0.3979,0.0
0.39799999999999996,0.0
0.39809999999999995,0.0
0.3982,0.0
0.3983,0.0
0.3984,0.0
0.39849999999999997,0.0
0.3986,0.0
0.3987,0.0
0.3988,0.0
0.3989,0.0
0.399,0.0
0.3991,0.0
0.3992,0.0
0.3993,0.0
0.3994,0.0
0.3995,0.0
0.39959999999999996,0.0
0.39969999999999994,0.0
0.39979999999999993,0.0
0.3999,0.0
0.39999999999999997,0.0
0.40009999999999996,0.0
0.40019999999999994,0.0
0.4003,0.0
0.4004,0.0
0.40049999999999997,0.0
0.40059999999999996,0.0
0.4007,0.0
0.4008,0.0
0.4009,0.0
0.40099999999999997,0.0
0.4011,0.0
0.4012,0.0
0.4013,0.0
0.4014,0.0
0.4015,0.0
0.4016,0.0
0.4017,0.0
0.4018,0.0
0.4019,0.0
0.40199999999999997,0.0
0.40209999999999996,0.0
0.40219999999999995,0.0
0.4023,0.0
0.4024,0.0
0.40249999999999997,0.0
0.40259999999999996,0.0
0.4027,0.0
0.4028,0.0
0.4029,0.0
0.40299999999999997,0.0
0.4031,0.0
0.4032,0.0
0.4033,0.0
0.4034,0.0
0.40349999999999997,0.0
0.4036,0.0
0.4037,0.0
0.4038,0.0
0.4039,0.0
0.404,0.0
0.40409999999999996,0.0
0.40419999999999995,0.0
0.40429999999999994,0.0
0.4044,0.0
0.40449999999999997,0.0
0.40459999999999996,0.0
0.40469999999999995,0.0
0.4048,0.0
0.4049,0.0
0.40499999999999997,0.0
0.40509999999999996,0.0
0.4052,0.0
0.4053,0.0
0.4054,0.0
0.40549999999999997,0.0
0.4056,0.0
0.4057,0.0
0.4058,0.0
0.4059,0.0
0.406,0.0
0.4061,0.0
0.4062,0.0
0.40629999999999994,0.0
0.4064,0.0
0.4065,0.0
0.40659999999999996,0.0
0.40669999999999995,0.0
0.4068,0.0
0.4069,0.0
0.407,0.0
0.40709999999999996,0.0
0.40719999999999995,0.0
0.4073,0.0
0.4074,0.0
0.4075,0.0
0.40759999999999996,0.0
0.4077,0.0
0.4078,0.0
0.4079,0.0
0.408,0.0
0.4081,0.0
0.4082,0.0
0.4083,0.0
0.4084,0.0
0.4085,0.0
0.40859999999999996,0.0
0.40869999999999995,0.0
0.40879999999999994,0.0
0.4089,0.0
0.409,0.0
0.40909999999999996,0.0
0.40919999999999995,0.0
0.4093,0.0
0.4094,0.0
0.4095,0.0
0.40959999999999996,0.0
0.4097,0.0
0.4098,0.0
0.4099,0.0
0.41,0.0
0.4101,0.0
0.4102,0.0
0.4103,0.0
0.4104,0.0
0.4105,0.0
0.4106,0.0
0.4107,0.0
0.41079999999999994,0.0
0.41089999999999993,0.0
0.411,0.0
0.41109999999999997,0.0
0.41119999999999995,0.0
0.41129999999999994,0.0
0.4114,0.0
0.4115,0.0
0.41159999999999997,0.0
0.41169999999999995,0.0
0.4118,0.0
0.4119,0.0
0.412,0.0
0.41209999999999997,0.0
0.4122,0.0
0.4123,0.0
0.4124,0.0
0.4125,0.0
0.4126,0.0
0.4127,0.0
0.4128,0.0
0.4129,0.0
0.413,0.0
0.41309999999999997,0.0
0.41319999999999996,0.0
0.41329999999999995,0.0
0.4134,0.0
0.4135,0.0
0.41359999999999997,0.0
0.41369999999999996,0.0
0.4138,0.0
0.4139,0.0
0.414,0.0
0.41409999999999997,0.0
0.4142,0.0
0.4143,0.0
0.4144,0.0
0.4145,0.0
0.41459999999999997,0.0
0.4147,0.0
0.4148,0.0
0.4149,0.0
0.415,0.0
0.4151,0.0
0.41519999999999996,0.0
0.41529999999999995,0.0
0.41539999999999994,0.0
0.4155,0.0
0.41559999999999997,0.0
0.41569999999999996,0.0
0.41579999999999995,0.0
0.4159,0.0
0.416,0.0
0.41609999999999997,0.0
0.41619999999999996,0.0
0.4163,0.0
0.4164,0.0
0.4165,0.0
0.41659999999999997,0.0
0.4167,0.0
0.4168,0.0
0.4169,0.0
0.417,0.0
0.4171,0.0
0.4172,0.0
0.4173,0.0
0.41739999999999994,0.0
0.4175,0.0
0.41759999999999997,0.0
0.41769999999999996,0.0
0.41779999999999995,0.0
0.4179,0.0
0.418,0.0
0.41809999999999997,0.0
0.41819999999999996,0.0
0.41829999999999995,0.0
0.4184,0.0
0.4185,0.0
0.41859999999999997,0.0
0.41869999999999996,0.0
0.4188,0.0
0.4189,0.0
0.419,0.0
0.4191,0.0
0.4192,0.0
0.4193,0.0
0.4194,0.0
0.4195,0.0
0.41960000000000003,0.0
0.41969999999999996,0.0
0.41979999999999995,0.0
0.41989999999999994,0.0
0.42,0.0
0.4201,0.0
0.42019999999999996,0.0
0.42029999999999995,0.0
0.4204,0.0
0.4205,0.0
0.4206,0.0
0.42069999999999996,0.0
0.4208,0.0
0.4209,0.0
0.421,0.0
0.4211,0.0
0.4212,0.0
0.4213,0.0
0.4214,0.0
0.4215,0.0
0.4216,0.0
0.4217,0.0
0.4218,0.0
0.42189999999999994,0.0
0.42199999999999993,0.0
0.4221,0.0
0.42219999999999996,0.0
0.42229999999999995,0.0
0.42239999999999994,0.0
0.4225,0.0
0.4226,0.0
0.42269999999999996,0.0
0.42279999999999995,0.0
0.4229,0.0
0.423,0.0
0.4231,0.0
0.42319999999999997,0.0
0.4233,0.0
0.4234,0.0
0.4235,0.0
0.4236,0.0
0.4237,0.0
0.4238,0.0
0.4239,0.0
0.424,0.0
0.4241,0.0
0.42419999999999997,0.0
0.42429999999999995,0.0
0.42439999999999994,0.0
0.4245,0.0
0.4246,0.0
0.42469999999999997,0.0
0.42479999999999996,0.0
0.4249,0.0
0.425,0.0
0.4251,0.0
0.42519999999999997,0.0
0.4253,0.0
0.4254,0.0
0.4255,0.0
0.4256,0.0
0.42569999999999997,0.0
0.4258,0.0
0.4259,0.0
0.426,0.0
0.4261,0.0
0.4262,0.0
0.42629999999999996,0.0
0.42639999999999995,0.0
0.42649999999999993,0.0
0.4266,0.0
0.42669999999999997,0.0
0.42679999999999996,0.0
0.42689999999999995,0.0
0.427,0.0
0.4271,0.0
0.42719999999999997,0.0
0.42729999999999996,0.0
0.4274,0.0
0.4275,0.0
0.4276,0.0
0.42769999999999997,0.0
0.4278,0.0
0.4279,0.0
0.428,0.0
0.4281,0.0
0.4282,0.0
0.4283,0.0
0.4284,0.0
0.4285,0.0
0.4286,0.0
0.42869999999999997,0.0
0.42879999999999996,0.0
0.42889999999999995,0.0
0.429,0.0
0.4291,0.0
0.42919999999999997,0.0
0.42929999999999996,0.0
0.42939999999999995,0.0
0.4295,0.0
0.4296,0.0
0.42969999999999997,0.0
0.42979999999999996,0.0
0.4299,0.0
0.43,0.0
0.4301,0.0
0.43019999999999997,0.0
0.4303,0.0
0.4304,0.0
0.4305,0.0
0.4306,0.0
0.4307,0.0
0.43079999999999996,0.0
0.43089999999999995,0.0
0.43099999999999994,0.0
0.4311,0.0
0.43119999999999997,0.0
0.43129999999999996,0.0
0.43139999999999995,0.0
0.4315,0.0
0.4316,0.0
0.4317,0.0
0.43179999999999996,0.0
0.4319,0.0
0.432,0.0
0.4321,0.0
0.4322,0.0
0.4323,0.0
0.4324,0.0
0.4325,0.0
0.4326,0.0
0.4327,0.0
0.4328,0.0
0.4329,0.0
0.43299999999999994,0.0
0.43309999999999993,0.0
0.4332,0.0
0.43329999999999996,0.0
0.43339999999999995,0.0
0.43349999999999994,0.0
0.4336,0.0
0.4337,0.0
0.43379999999999996,0.0
0.43389999999999995,0.0
0.434,0.0
0.4341,0.0
0.4342,0.0
0.43429999999999996,0.0
0.4344,0.0
0.4345,0.0
0.4346,0.0
0.4347,0.0
0.4348,0.0
0.4349,0.0
0.435,0.0
0.4351,0.0
0.4352,0.0
0.43529999999999996,0.0
0.43539999999999995,0.0
0.43549999999999994,0.0
0.4356,0.0
0.4357,0.0
0.43579999999999997,0.0
0.43589999999999995,0.0
0.436,0.0
0.4361,0.0
0.4362,0.0
0.43629999999999997,0.0
0.4364,0.0
0.4365,0.0
0.4366,0.0
0.4367,0.0
0.43679999999999997,0.0
0.4369,0.0
0.437,0.0
0.4371,0.0
0.4372,0.0
0.4373,0.0
0.4374,0.0
0.43749999999999994,0.0
0.43759999999999993,0.0
0.4377,0.0
0.43779999999999997,0.0
0.43789999999999996,0.0
0.43799999999999994,0.0
0.4381,0.0
0.4382,0.0
0.43829999999999997,0.0
0.43839999999999996,0.0
0.4385,0.0
0.4386,0.0
0.4387,0.0
0.43879999999999997,0.0
0.4389,0.0
0.439,0.0
0.4391,0.0
0.4392,0.0
0.4393,0.0
0.4394,0.0
0.4395,0.0
0.4396,0.0
0.4397,0.0
0.43979999999999997,0.0
0.43989999999999996,0.0
0.43999999999999995,0.0
0.4401,0.0
0.4402,0.0
0.44029999999999997,0.0
0.44039999999999996,0.0
0.44049999999999995,0.0
0.4406,0.0
0.4407,0.0
0.44079999999999997,0.0
0.44089999999999996,0.0
0.441,0.0
0.4411,0.0
0.4412,0.0
0.44129999999999997,0.0
0.4414,0.0
0.4415,0.0
0.4416,0.0
0.4417,0.0
0.4418,0.0
0.44189999999999996,0.0
0.44199999999999995,0.0
0.44209999999999994,0.0
0.4422,0.0
0.44229999999999997,0.0
0.44239999999999996,0.0
0.44249999999999995,0.0
0.4426,0.0
0.4427,0.0
0.44279999999999997,0.0
0.44289999999999996,0.0
0.443,0.0
0.4431,0.0
0.4432,0.0
0.44329999999999997,0.0
0.4434,0.0
0.4435,0.0
0.4436,0.0
0.4437,0.0
0.4438,0.0
0.4439,0.0
0.444,0.0
0.4441,0.0
0.44419999999999993,0.0
0.4443,0.0
0.44439999999999996,0.0
0.44449999999999995,0.0
0.44459999999999994,0.0
0.4447,0.0
0.4448,0.0
0.44489999999999996,0.0
0.44499999999999995,0.0
0.4451,0.0
0.4452,0.0
0.4453,0.0
0.44539999999999996,0.0
0.4455,0.0
0.4456,0.0
0.4457,0.0
0.4458,0.0
0.4459,0.0
0.446,0.0
0.4461,0.0
0.4462,0.0
0.44630000000000003,0.0
0.44639999999999996,0.0
0.44649999999999995,0.0
0.44659999999999994,0.0
0.4467,0.0
0.4468,0.0
0.44689999999999996,0.0
0.44699999999999995,0.0
0.4471,0.0
0.4472,0.0
0.4473,0.0
0.44739999999999996,0.0
0.4475,0.0
0.4476,0.0
0.4477,0.0
0.4478,0.0
0.44789999999999996,0.0
0.448,0.0
0.4481,0.0
0.4482,0.0
0.4483,0.0
0.4484,0.0
0.4485,0.0
0.44859999999999994,0.0
0.44869999999999993,0.0
0.4488,0.0
0.44889999999999997,0.0
0.44899999999999995,0.0
0.44909999999999994,0.0
0.4492,0.0
0.4493,0.0
0.44939999999999997,0.0
0.44949999999999996,0.0
0.4496,0.0
0.4497,0.0
0.4498,0.0
0.44989999999999997,0.0
0.45,0.0
0.4501,0.0
0.4502,0.0
0.4503,0.0
0.4504,0.0
0.4505,0.0
0.4506,0.0
0.4507,0.0
0.4508,0.0
0.45089999999999997,0.0
0.45099999999999996,0.0
0.45109999999999995,0.0
0.4512,0.0
0.4513,0.0
0.45139999999999997,0.0
0.45149999999999996,0.0
0.45159999999999995,0.0
0.4517,0.0
0.4518,0.0
0.45189999999999997,0.0
0.45199999999999996,0.0
0.4521,0.0
0.4522,0.0
0.4523,0.0
0.45239999999999997,0.0
0.4525,0.0
0.4526,0.0
0.4527,0.0
0.4528,0.0
0.4529,0.0
0.453,0.0
0.45309999999999995,0.0
0.45319999999999994,0.0
0.4533,0.0
0.45339999999999997,0.0
0.45349999999999996,0.0
0.45359999999999995,0.0
0.4537,0.0
0.4538,0.0
0.45389999999999997,0.0
0.45399999999999996,0.0
0.4541,0.0
0.4542,0.0
0.4543,0.0
0.45439999999999997,0.0
0.4545,0.0
0.4546,0.0
0.4547,0.0
0.4548,0.0
0.45489999999999997,0.0
0.455,0.0
0.4551,0.0
0.4552,0.0
0.4552999999999999,0.0
0.45539999999999997,0.0
0.45549999999999996,0.0
0.45559999999999995,0.0
0.45569999999999994,0.0
0.4558,0.0
0.45589999999999997,0.0
0.45599999999999996,0.0
0.45609999999999995,0.0
0.4562,0.0
0.4563,0.0
0.4564,0.0
0.45649999999999996,0.0
0.4566,0.0
0.4567,0.0
0.4568,0.0
0.4569,0.0
0.457,0.0
0.4571,0.0
0.4572,0.0
0.4573,0.0
0.45740000000000003,0.0
0.45749999999999996,0.0
0.45759999999999995,0.0
0.45769999999999994,0.0
0.4578,0.0
0.4579,0.0
0.45799999999999996,0.0
0.45809999999999995,0.0
0.4582,0.0
0.4583,0.0
0.4584,0.0
0.45849999999999996,0.0
0.4586,0.0
0.4587,0.0
0.4588,0.0
0.4589,0.0
0.45899999999999996,0.0
0.4591,0.0
0.4592,0.0
0.4593,0.0
0.4594,0.0
0.4595,0.0
0.4596,0.0
0.45969999999999994,0.0
0.45979999999999993,0.0
0.4599,0.0
0.45999999999999996,0.0
0.46009999999999995,0.0
0.46019999999999994,0.0
0.4603,0.0
0.4604,0.0
0.46049999999999996,0.0
0.46059999999999995,0.0
0.4607,0.0
0.4608,0.0
0.4609,0.0
0.46099999999999997,0.0
0.4611,0.0
0.4612,0.0
0.4613,0.0
0.4614,0.0
0.4615,0.0
0.4616,0.0
0.4617,0.0
0.4618,0.0
0.46190000000000003,0.0
0.46199999999999997,0.0
0.46209999999999996,0.0
0.46219999999999994,0.0
0.4623,0.0
0.4624,0.0
0.46249999999999997,0.0
0.46259999999999996,0.0
0.46269999999999994,0.0
0.4628,0.0
0.4629,0.0
0.46299999999999997,0.0
0.46309999999999996,0.0
0.4632,0.0
0.4633,0.0
0.4634,0.0
0.46349999999999997,0.0
0.4636,0.0
0.4637,0.0
0.4638,0.0
0.4639,0.0
0.464,0.0
0.4641,0.0
0.46419999999999995,0.0
0.46429999999999993,0.0
0.4644,0.0
0.46449999999999997,0.0
0.46459999999999996,0.0
0.46469999999999995,0.0
0.4648,0.0
0.4649,0.0
0.46499999999999997,0.0
0.46509999999999996,0.0
0.4652,0.0
0.4653,0.0
0.4654,0.0
0.46549999999999997,0.0
0.4656,0.0
0.4657,0.0
0.4658,0.0
0.4659,0.0
0.46599999999999997,0.0
0.4661,0.0
0.4662,0.0
0.4663,0.0
0.4663999999999999,0.0
0.46649999999999997,0.0
0.46659999999999996,0.0
0.46669999999999995,0.0
0.46679999999999994,0.0
0.4669,0.0
0.46699999999999997,0.0
0.46709999999999996,0.0
0.46719999999999995,0.0
0.4673,0.0
0.4674,0.0
0.46749999999999997,0.0
0.46759999999999996,0.0
0.4677,0.0
0.4678,0.0
0.4679,0.0
0.46799999999999997,0.0
0.4681,0.0
0.4682,0.0
0.4683,0.0
0.4684,0.0
0.4685,0.0
0.46859999999999996,0.0
0.46869999999999995,0.0
0.46879999999999994,0.0
0.4689,0.0
0.469,0.0
0.46909999999999996,0.0
0.46919999999999995,0.0
0.4693,0.0
0.4694,0.0
0.4695,0.0
0.46959999999999996,0.0
0.4697,0.0
0.4698,0.0
0.4699,0.0
0.47,0.0
0.47009999999999996,0.0
0.4702,0.0
0.4703,0.0
0.4704,0.0
0.4705,0.0
0.4706,0.0
0.4707,0.0
0.4708,0.0
0.47089999999999993,0.0
0.471,0.0
0.47109999999999996,0.0
0.47119999999999995,0.0
0.47129999999999994,0.0
0.4714,0.0
0.4715,0.0
0.47159999999999996,0.0
0.47169999999999995,0.0
0.4718,0.0
0.4719,0.0
0.472,0.0
0.47209999999999996,0.0
0.4722,0.0
0.4723,0.0
0.4724,0.0
0.4725,0.0
0.4726,0.0
0.4727,0.0
0.4728,0.0
0.4729,0.0
0.47300000000000003,0.0
0.47309999999999997,0.0
0.47319999999999995,0.0
0.47329999999999994,0.0
0.4734,0.0
0.4735,0.0
0.47359999999999997,0.0
0.47369999999999995,0.0
0.47379999999999994,0.0
0.4739,0.0
0.474,0.0
0.47409999999999997,0.0
0.47419999999999995,0.0
0.4743,0.0
0.4744,0.0
0.4745,0.0
0.47459999999999997,0.0
0.4747,0.0
0.4748,0.0
0.4749,0.0
0.475,0.0
0.4751,0.0
0.4752,0.0
0.47529999999999994,0.0
0.47539999999999993,0.0
0.4755,0.0
0.47559999999999997,0.0
0.47569999999999996,0.0
0.47579999999999995,0.0
0.4759,0.0
0.476,0.0
0.47609999999999997,0.0
0.47619999999999996,0.0
0.4763,0.0
0.4764,0.0
0.4765,0.0
0.47659999999999997,0.0
0.4767,0.0
0.4768,0.0
0.4769,0.0
0.477,0.0
0.47709999999999997,0.0
0.4772,0.0
0.4773,0.0
0.4774,0.0
0.4774999999999999,0.0
0.47759999999999997,0.0
0.47769999999999996,0.0
0.47779999999999995,0.0
0.47789999999999994,0.0
0.478,0.0
0.47809999999999997,0.0
0.47819999999999996,0.0
0.47829999999999995,0.0
0.4784,0.0
0.4785,0.0
0.47859999999999997,0.0
0.47869999999999996,0.0
0.4788,0.0
0.4789,0.0
0.479,0.0
0.47909999999999997,0.0
0.4792,0.0
0.4793,0.0
0.4794,0.0
0.4795,0.0
0.4796,0.0
0.4797,0.0
0.47979999999999995,0.0
0.47989999999999994,0.0
0.48,0.0
0.48009999999999997,0.0
0.48019999999999996,0.0
0.48029999999999995,0.0
0.4804,0.0
0.4805,0.0
0.48059999999999997,0.0
0.48069999999999996,0.0
0.4808,0.0
0.4809,0.0
0.481,0.0
0.48109999999999997,0.0
0.48119999999999996,0.0
0.4813,0.0
0.4814,0.0
0.4815,0.0
0.4816,0.0
0.4817,0.0
0.4818,0.0
0.4819,0.0
0.48199999999999993,0.0
0.4821,0.0
0.48219999999999996,0.0
0.48229999999999995,0.0
0.48239999999999994,0.0
0.4825,0.0
0.4826,0.0
0.48269999999999996,0.0
0.48279999999999995,0.0
0.4829,0.0
0.483,0.0
0.4831,0.0
0.48319999999999996,0.0
0.4833,0.0
0.4834,0.0
0.4835,0.0
0.4836,0.0
0.4837,0.0
0.4838,0.0
0.4839,0.0
0.484,0.0
0.48410000000000003,0.0
0.48419999999999996,0.0
0.48429999999999995,0.0
0.48439999999999994,0.0
0.4845,0.0
0.4846,0.0
0.48469999999999996,0.0
0.48479999999999995,0.0
0.48489999999999994,0.0
0.485,0.0
0.4851,0.0
0.48519999999999996,0.0
0.48529999999999995,0.0
0.4854,0.0
0.4855,0.0
0.4856,0.0
0.48569999999999997,0.0
0.4858,0.0
0.4859,0.0
0.486,0.0
0.4861,0.0
0.4862,0.0
0.4863,0.0
0.4864,0.0
0.48649999999999993,0.0
0.4866,0.0
0.48669999999999997,0.0
0.48679999999999995,0.0
0.48689999999999994,0.0
0.487,0.0
0.4871,0.0
0.48719999999999997,0.0
0.48729999999999996,0.0
0.4874,0.0
0.4875,0.0
0.4876,0.0
0.48769999999999997,0.0
0.4878,0.0
0.4879,0.0
0.488,0.0
0.4881,0.0
0.48819999999999997,0.0
0.4883,0.0
0.48839999999999995,0.0
0.4885,0.0
0.4885999999999999,0.0
0.4887,0.0
0.48879999999999996,0.0
0.4889,0.0
0.48899999999999993,0.0
0.48910000000000003,0.0
0.48919999999999997,0.0
0.4893,0.0
0.48939999999999995,0.0
0.48950000000000005,0.0
0.4896,0.0
0.4897,0.0
0.48979999999999996,0.0
0.48989999999999995,0.0
0.49,0.0
0.4900999999999999,0.0
0.49019999999999997,0.0
0.49029999999999996,0.0
0.4904,0.0
0.49049999999999994,0.0
0.4906,0.0
0.49069999999999997,0.0
0.4908,0.0
0.49089999999999995,0.0
0.491,0.0
0.4911,0.0
0.4912,0.0
0.49129999999999996,0.0
0.4914,0.0
0.4915,0.0
0.49160000000000004,0.0
0.49169999999999997,0.0
0.4918,0.0
0.4919,0.0
0.49199999999999994,0.0
0.4921,0.0
0.4921999999999999,0.0
0.49229999999999996,0.0
0.49239999999999995,0.0
0.4925,0.0
0.4925999999999999,0.0
0.49269999999999997,0.0
0.49279999999999996,0.0
0.4929,0.0
0.49299999999999994,0.0
0.4931,0.0
0.49319999999999997,0.0
0.4933,0.0
0.49339999999999995,0.0
0.4935,0.0
0.4936,0.0
0.4937,0.0
0.49379999999999996,0.0
0.4939,0.0
0.494,0.0
0.49410000000000004,0.0
0.4942,0.0
0.4942999999999999,0.0
0.4944,0.0
0.49449999999999994,0.0
0.4946,0.0
0.4946999999999999,0.0
0.4948,0.0
0.49489999999999995,0.0
0.495,0.0
0.49509999999999993,0.0
0.49520000000000003,0.0
0.49529999999999996,0.0
0.4954,0.0
0.49549999999999994,0.0
0.4956,0.0
0.4957,0.0
0.4958,0.0
0.49589999999999995,0.0
0.496,0.0
0.4961,0.0
0.49620000000000003,0.0
0.49629999999999996,0.0
0.4964,0.0
0.4965,0.0
0.49659999999999993,0.0
0.4967,0.0
0.4967999999999999,0.0
0.4969,0.0
0.49699999999999994,0.0
0.4971,0.0
0.4971999999999999,0.0
0.4973,0.0
0.49739999999999995,0.0
0.4975,0.0
0.49759999999999993,0.0
0.49770000000000003,0.0
0.49779999999999996,0.0
0.4979,0.0
0.49799999999999994,0.0
0.49810000000000004,0.0
0.4982,0.0
0.4983,0.0
0.49839999999999995,0.0
0.49850000000000005,0.0
0.4986,0.0
0.4986999999999999,0.0
0.49879999999999997,0.0
0.49889999999999995,0.0
0.499,0.0
0.49909999999999993,0.0
0.4992,0.0
0.49929999999999997,0.0
0.4994,0.0
0.49949999999999994,0.0
0.4996,0.0
0.4996999999999999,0.0
0.4998,0.0
0.49989999999999996,0.0
0.5,0.0
0.5001,0.0
0.5002,0.0
0.5003,0.0
0.5004000000000001,0.0
0.5005,0.0
0.5006,0.0
0.5006999999999999,0.0
0.5008,0.0
0.5009,0.0
0.5009999999999999,0.0
0.5011,0.0
0.5012,0.0
0.5013,0.0
0.5014,0.0
0.5015,0.0
0.5015999999999999,0.0
0.5017,0.0
0.5017999999999999,0.0
0.5019,0.0
0.502,0.0
0.5021,0.0
0.5022,0.0
0.5023,0.0
0.5024,0.0
0.5025000000000001,0.0
0.5025999999999999,0.0
0.5027,0.0
0.5028,0.0
0.5029,0.0
0.503,0.0
0.5030999999999999,0.0
0.5032,0.0
0.5033,0.0
0.5034,0.0
0.5035,0.0
0.5035999999999999,0.0
0.5036999999999999,0.0
0.5038,0.0
0.5038999999999999,0.0
0.504,0.0
0.5041,0.0
0.5042,0.0
0.5043,0.0
0.5044,0.0
0.5045,0.0
0.5046,0.0
0.5046999999999999,0.0
0.5048,0.0
0.5049,0.0
0.505,0.0
0.5051,0.0
0.5052,0.0
0.5053,0.0
0.5054,0.0
0.5055,0.0
0.5055999999999999,0.0
0.5057,0.0
0.5057999999999999,0.0
0.5059,0.0
0.5059999999999999,0.0
0.5061,0.0
0.5062,0.0
0.5063,0.0
0.5064,0.0
0.5065,0.0
0.5065999999999999,0.0
0.5067,0.0
0.5067999999999999,0.0
0.5069,0.0
0.507,0.0
0.5071,0.0
0.5072,0.0
0.5073,0.0
0.5074,0.0
0.5075000000000001,0.0
0.5075999999999999,0.0
0.5076999999999999,0.0
0.5078,0.0
0.5078999999999999,0.0
0.508,0.0
0.5080999999999999,0.0
0.5082,0.0
0.5083,0.0
0.5084,0.0
0.5085,0.0
0.5086,0.0
0.5086999999999999,0.0
0.5088,0.0
0.5088999999999999,0.0
0.509,0.0
0.5091,0.0
0.5092,0.0
0.5093,0.0
0.5094000000000001,0.0
0.5095,0.0
0.5096,0.0
0.5096999999999999,0.0
0.5097999999999999,0.0
0.5099,0.0
0.5099999999999999,0.0
0.5101,0.0
0.5102,0.0
0.5103,0.0
0.5104,0.0
0.5105,0.0
0.5105999999999999,0.0
0.5107,0.0
0.5107999999999999,0.0
0.5109,0.0
0.5109999999999999,0.0
0.5111,0.0
0.5112,0.0
0.5113,0.0
0.5114,0.0
0.5115000000000001,0.0
0.5115999999999999,0.0
0.5117,0.0
0.5117999999999999,0.0
0.5119,0.0
0.512,0.0
0.5120999999999999,0.0
0.5122,0.0
0.5123,0.0
0.5124,0.0
0.5125,0.0
0.5126,0.0
0.5126999999999999,0.0
0.5128,0.0
0.5128999999999999,0.0
0.513,0.0
0.5131,0.0
0.5132,0.0
0.5133,0.0
0.5134,0.0
0.5135,0.0
0.5136000000000001,0.0
0.5136999999999999,0.0
0.5138,0.0
0.5139,0.0
0.514,0.0
0.5141,0.0
0.5142,0.0
0.5143,0.0
0.5144,0.0
0.5145,0.0
0.5146,0.0
0.5146999999999999,0.0
0.5147999999999999,0.0
0.5149,0.0
0.5149999999999999,0.0
0.5151,0.0
0.5152,0.0
0.5153,0.0
0.5154,0.0
0.5155,0.0
0.5156,0.0
0.5157,0.0
0.5157999999999999,0.0
0.5159,0.0
0.516,0.0
0.5161,0.0
0.5162,0.0
0.5163,0.0
0.5164,0.0
0.5165,0.0
0.5166,0.0
0.5166999999999999,0.0
0.5168,0.0
0.5168999999999999,0.0
0.517,0.0
0.5170999999999999,0.0
0.5172,0.0
0.5173,0.0
0.5174,0.0
0.5175,0.0
0.5176000000000001,0.0
0.5176999999999999,0.0
0.5178,0.0
0.5178999999999999,0.0
0.518,0.0
0.5181,0.0
0.5182,0.0
0.5183,0.0
0.5184,0.0
0.5185,0.0
0.5186000000000001,0.0
0.5186999999999999,0.0
0.5187999999999999,0.0
0.5189,0.0
0.5189999999999999,0.0
0.5191,0.0
0.5191999999999999,0.0
0.5193,0.0
0.5194,0.0
0.5195,0.0
0.5196,0.0
0.5197,0.0
0.5197999999999999,0.0
0.5199,0.0
0.5199999999999999,0.0
0.5201,0.0
0.5202,0.0
0.5203,0.0
0.5204,0.0
0.5205000000000001,0.0
0.5206,0.0
0.5207,0.0
0.5207999999999999,0.0
0.5209,0.0
0.521,0.0
0.5210999999999999,0.0
0.5212,0.0
0.5213,0.0
0.5214,0.0
0.5215,0.0
0.5216,0.0
0.5216999999999999,0.0
0.5218,0.0
0.5218999999999999,0.0
0.522,0.0
0.5220999999999999,0.0
0.5222,0.0
0.5223,0.0
0.5224,0.0
0.5225,0.0
0.5226000000000001,0.0
0.5226999999999999,0.0
0.5228,0.0
0.5228999999999999,0.0
0.523,0.0
0.5231,0.0
0.5231999999999999,0.0
0.5233,0.0
0.5234,0.0
0.5235,0.0
0.5236,0.0
0.5236999999999999,0.0
0.5237999999999999,0.0
0.5239,0.0
0.5239999999999999,0.0
0.5241,0.0
0.5242,0.0
0.5243,0.0
0.5244,0.0
0.5245,0.0
0.5246,0.0
0.5247,0.0
0.5247999999999999,0.0
0.5249,0.0
0.525,0.0
0.5251,0.0
0.5252,0.0
0.5253,0.0
0.5254,0.0
0.5255,0.0
0.5256,0.0
0.5257,0.0
0.5257999999999999,0.0
0.5258999999999999,0.0
0.526,0.0
0.5260999999999999,0.0
0.5262,0.0
0.5263,0.0
0.5264,0.0
0.5265,0.0
0.5266,0.0
0.5267,0.0
0.5268,0.0
0.5268999999999999,0.0
0.527,0.0
0.5271,0.0
0.5272,0.0
0.5273,0.0
0.5274,0.0
0.5275,0.0
0.5276,0.0
0.5277,0.0
0.5277999999999999,0.0
0.5279,0.0
0.5279999999999999,0.0
0.5281,0.0
0.5281999999999999,0.0
0.5283,0.0
0.5284,0.0
0.5285,0.0
0.5286,0.0
0.5287,0.0
0.5287999999999999,0.0
0.5289,0.0
0.5289999999999999,0.0
0.5291,0.0
0.5292,0.0
0.5293,0.0
0.5294,0.0
0.5295,0.0
0.5296,0.0
0.5297000000000001,0.0
0.5297999999999999,0.0
0.5298999999999999,0.0
0.53,0.0
0.5300999999999999,0.0
0.5302,0.0
0.5302999999999999,0.0
0.5304,0.0
0.5305,0.0
0.5306,0.0
0.5307,0.0
0.5308,0.0
0.5308999999999999,0.0
0.531,0.0
0.5310999999999999,0.0
0.5312,0.0
0.5313,0.0
0.5314,0.0
0.5315,0.0
0.5316000000000001,0.0
0.5317,0.0
0.5318,0.0
0.5318999999999999,0.0
0.532,0.0
0.5321,0.0
0.5321999999999999,0.0
0.5323,0.0
0.5324,0.0
0.5325,0.0
0.5326,0.0
0.5327,0.0
0.5327999999999999,0.0
0.5329,0.0
0.5329999999999999,0.0
0.5331,0.0
0.5331999999999999,0.0
0.5333,0.0
0.5334,0.0
0.5335,0.0
0.5336,0.0
0.5337000000000001,0.0
0.5337999999999999,0.0
0.5339,0.0
0.5339999999999999,0.0
0.5341,0.0
0.5342,0.0
0.5342999999999999,0.0
0.5344,0.0
0.5345,0.0
0.5346,0.0
0.5347,0.0
0.5347999999999999,0.0
0.5348999999999999,0.0
0.535,0.0
0.5350999999999999,0.0
0.5352,0.0
0.5353,0.0
0.5354,0.0
0.5355,0.0
0.5356,0.0
0.5357,0.0
0.5358,0.0
0.5358999999999999,0.0
0.536,0.0
0.5361,0.0
0.5362,0.0
0.5363,0.0
0.5364,0.0
0.5365,0.0
0.5366,0.0
0.5367,0.0
0.5367999999999999,0.0
0.5368999999999999,0.0
0.5369999999999999,0.0
0.5371,0.0
0.5371999999999999,0.0
0.5373,0.0
0.5374,0.0
0.5375,0.0
0.5376,0.0
0.5377,0.0
0.5378,0.0
0.5379,0.0
0.5379999999999999,0.0
0.5381,0.0
0.5382,0.0
0.5383,0.0
0.5384,0.0
0.5385,0.0
0.5386,0.0
0.5387000000000001,0.0
0.5388,0.0
0.5388999999999999,0.0
0.539,0.0
0.5390999999999999,0.0
0.5392,0.0
0.5392999999999999,0.0
0.5394,0.0
0.5395,0.0
0.5396,0.0
0.5397,0.0
0.5398000000000001,0.0
0.5398999999999999,0.0
0.54,0.0
0.5400999999999999,0.0
0.5402,0.0
0.5403,0.0
0.5404,0.0
0.5405,0.0
0.5406,0.0
0.5407,0.0
0.5408000000000001,0.0
0.5408999999999999,0.0
0.5409999999999999,0.0
0.5411,0.0
0.5411999999999999,0.0
0.5413,0.0
0.5413999999999999,0.0
0.5415,0.0
0.5416,0.0
0.5417,0.0
0.5418,0.0
0.5419,0.0
0.5419999999999999,0.0
0.5421,0.0
0.5421999999999999,0.0
0.5423,0.0
0.5424,0.0
0.5425,0.0
0.5426,0.0
0.5427000000000001,0.0
0.5428,0.0
0.5429,0.0
0.5429999999999999,0.0
0.5431,0.0
0.5432,0.0
0.5432999999999999,0.0
0.5434,0.0
0.5435,0.0
0.5436,0.0
0.5437,0.0
0.5438,0.0
0.5438999999999999,0.0
0.544,0.0
0.5440999999999999,0.0
0.5442,0.0
0.5442999999999999,0.0
0.5444,0.0
0.5445,0.0
0.5446,0.0
0.5447,0.0
0.5448000000000001,0.0
0.5448999999999999,0.0
0.545,0.0
0.5450999999999999,0.0
0.5452,0.0
0.5453,0.0
0.5453999999999999,0.0
0.5455,0.0
0.5456,0.0
0.5457,0.0
0.5458,0.0
0.5458999999999999,0.0
0.5459999999999999,0.0
0.5461,0.0
0.5461999999999999,0.0
0.5463,0.0
0.5464,0.0
0.5465,0.0
0.5466,0.0
0.5467,0.0
0.5468,0.0
0.5469,0.0
0.5469999999999999,0.0
0.5471,0.0
0.5472,0.0
0.5473,0.0
0.5474,0.0
0.5475,0.0
0.5476,0.0
0.5477,0.0
0.5478,0.0
0.5478999999999999,0.0
0.5479999999999999,0.0
0.5480999999999999,0.0
0.5482,0.0
0.5482999999999999,0.0
0.5484,0.0
0.5485,0.0
0.5486,0.0
0.5487,0.0
0.5488,0.0
0.5488999999999999,0.0
0.549,0.0
0.5490999999999999,0.0
0.5492,0.0
0.5493,0.0
0.5494,0.0
0.5495,0.0
0.5496,0.0
0.5497,0.0
0.5498000000000001,0.0
0.5498999999999999,0.0
0.5499999999999999,0.0
0.5501,0.0
0.5501999999999999,0.0
0.5503,0.0
0.5503999999999999,0.0
0.5505,0.0
0.5506,0.0
0.5507,0.0
0.5508,0.0
0.5509,0.0
0.5509999999999999,0.0
0.5511,0.0
0.5511999999999999,0.0
0.5513,0.0
0.5514,0.0
0.5515,0.0
0.5516,0.0
0.5517,0.0
0.5518,0.0
0.5519000000000001,0.0
0.5519999999999999,0.0
0.5520999999999999,0.0
0.5522,0.0
0.5522999999999999,0.0
0.5524,0.0
0.5524999999999999,0.0
0.5526,0.0
0.5527,0.0
0.5528,0.0
0.5529,0.0
0.553,0.0
0.5530999999999999,0.0
0.5532,0.0
0.5532999999999999,0.0
0.5534,0.0
0.5535,0.0
0.5536,0.0
0.5537,0.0
0.5538000000000001,0.0
0.5539,0.0
0.554,0.0
0.5540999999999999,0.0
0.5542,0.0
0.5543,0.0
0.5543999999999999,0.0
0.5545,0.0
0.5546,0.0
0.5547,0.0
0.5548,0.0
0.5549,0.0
0.5549999999999999,0.0
0.5551,0.0
0.5551999999999999,0.0
0.5553,0.0
0.5553999999999999,0.0
0.5555,0.0
0.5556,0.0
0.5557,0.0
0.5558,0.0
0.5559000000000001,0.0
0.5559999999999999,0.0
0.5561,0.0
0.5561999999999999,0.0
0.5563,0.0
0.5564,0.0
0.5565,0.0
0.5566,0.0
0.5567,0.0
0.5568,0.0
0.5569,0.0
0.5569999999999999,0.0
0.5570999999999999,0.0
0.5572,0.0
0.5572999999999999,0.0
0.5574,0.0
0.5575,0.0
0.5576,0.0
0.5577,0.0
0.5578,0.0
0.5579,0.0
0.558,0.0
0.5580999999999999,0.0
0.5582,0.0
0.5583,0.0
0.5584,0.0
0.5585,0.0
0.5586,0.0
0.5587,0.0
0.5588,0.0
0.5589,0.0
0.5589999999999999,0.0
0.5590999999999999,0.0
0.5591999999999999,0.0
0.5593,0.0
0.5593999999999999,0.0
0.5595,0.0
0.5596,0.0
0.5597,0.0
0.5598,0.0
0.5599,0.0
0.5599999999999999,0.0
0.5601,0.0
0.5601999999999999,0.0
0.5603,0.0
0.5604,0.0
0.5605,0.0
0.5606,0.0
0.5607,0.0
0.5608,0.0
0.5609000000000001,0.0
0.5609999999999999,0.0
0.5610999999999999,0.0
0.5612,0.0
0.5612999999999999,0.0
0.5614,0.0
0.5614999999999999,0.0
0.5616,0.0
0.5617,0.0
0.5618,0.0
0.5619,0.0
0.562,0.0
0.5620999999999999,0.0
0.5622,0.0
0.5622999999999999,0.0
0.5624,0.0
0.5625,0.0
0.5626,0.0
0.5627,0.0
0.5628,0.0
0.5629,0.0
0.5630000000000001,0.0
0.5630999999999999,0.0
0.5632,0.0
0.5633,0.0
0.5633999999999999,0.0
0.5635,0.0
0.5635999999999999,0.0
0.5637,0.0
0.5638,0.0
0.5639,0.0
0.564,0.0
0.5641,0.0
0.5641999999999999,0.0
0.5643,0.0
0.5643999999999999,0.0
0.5645,0.0
0.5646,0.0
0.5647,0.0
0.5648,0.0
0.5649000000000001,0.0
0.565,0.0
0.5651,0.0
0.5651999999999999,0.0
0.5653,0.0
0.5654,0.0
0.5654999999999999,0.0
0.5656,0.0
0.5657,0.0
0.5658,0.0
0.5659,0.0
0.566,0.0
0.5660999999999999,0.0
0.5662,0.0
0.5662999999999999,0.0
0.5664,0.0
0.5664999999999999,0.0
0.5666,0.0
0.5667,0.0
0.5668,0.0
0.5669,0.0
0.5670000000000001,0.0
0.5670999999999999,0.0
0.5672,0.0
0.5672999999999999,0.0
0.5674,0.0
0.5675,0.0
0.5676,0.0
0.5677,0.0
0.5678,0.0
0.5679,0.0
0.568,0.0
0.5680999999999999,0.0
0.5681999999999999,0.0
0.5683,0.0
0.5683999999999999,0.0
0.5685,0.0
0.5686,0.0
0.5687,0.0
0.5688,0.0
0.5689,0.0
0.569,0.0
0.5691,0.0
0.5691999999999999,0.0
0.5693,0.0
0.5694,0.0
0.5695,0.0
0.5696,0.0
0.5697,0.0
0.5698,0.0
0.5699,0.0
0.57,0.0
0.5700999999999999,0.0
0.5701999999999999,0.0
0.5702999999999999,0.0
0.5704,0.0
0.5704999999999999,0.0
0.5706,0.0
0.5707,0.0
0.5708,0.0
0.5709,0.0
0.571,0.0
0.5710999999999999,0.0
0.5712,0.0
0.5712999999999999,0.0
0.5714,0.0
0.5715,0.0
0.5716,0.0
0.5717,0.0
0.5718,0.0
0.5719,0.0
0.5720000000000001,0.0
0.5720999999999999,0.0
0.5721999999999999,0.0
0.5723,0.0
0.5723999999999999,0.0
0.5725,0.0
0.5725999999999999,0.0
0.5727,0.0
0.5728,0.0
0.5729,0.0
0.573,0.0
0.5730999999999999,0.0
0.5731999999999999,0.0
0.5733,0.0
0.5733999999999999,0.0
0.5735,0.0
0.5736,0.0
0.5737,0.0
0.5738,0.0
0.5739,0.0
0.574,0.0
0.5741,0.0
0.5741999999999999,0.0
0.5743,0.0
0.5744,0.0
0.5744999999999999,0.0
0.5746,0.0
0.5746999999999999,0.0
0.5748,0.0
0.5749,0.0
0.575,0.0
0.5751,0.0
0.5752,0.0
0.5752999999999999,0.0
0.5754,0.0
0.5754999999999999,0.0
0.5756,0.0
0.5757,0.0
0.5758,0.0
0.5759,0.0
0.5760000000000001,0.0
0.5761,0.0
0.5762,0.0
0.5762999999999999,0.0
0.5764,0.0
0.5765,0.0
0.5765999999999999,0.0
0.5767,0.0
0.5768,0.0
0.5769,0.0
0.577,0.0
0.5771,0.0
0.5771999999999999,0.0
0.5773,0.0
0.5773999999999999,0.0
0.5775,0.0
0.5775999999999999,0.0
0.5777,0.0
0.5778,0.0
0.5779,0.0
0.578,0.0
0.5781000000000001,0.0
0.5781999999999999,0.0
0.5783,0.0
0.5783999999999999,0.0
0.5785,0.0
0.5786,0.0
0.5787,0.0
0.5788,0.0
0.5789,0.0
0.579,0.0
0.5791,0.0
0.5791999999999999,0.0
0.5792999999999999,0.0
0.5794,0.0
0.5794999999999999,0.0
0.5796,0.0
0.5797,0.0
0.5798,0.0
0.5799,0.0
0.58,0.0
0.5801,0.0
0.5802,0.0
0.5802999999999999,0.0
0.5804,0.0
0.5805,0.0
0.5806,0.0
0.5807,0.0
0.5808,0.0
0.5809,0.0
0.5810000000000001,0.0
0.5811,0.0
0.5811999999999999,0.0
0.5812999999999999,0.0
0.5813999999999999,0.0
0.5815,0.0
0.5815999999999999,0.0
0.5817,0.0
0.5818,0.0
0.5819,0.0
0.582,0.0
0.5821,0.0
0.5821999999999999,0.0
0.5823,0.0
0.5823999999999999,0.0
0.5825,0.0
0.5826,0.0
0.5827,0.0
0.5828,0.0
0.5829,0.0
0.583,0.0
0.5831000000000001,0.0
0.5831999999999999,0.0
0.5832999999999999,0.0
0.5834,0.0
0.5834999999999999,0.0
0.5836,0.0
0.5836999999999999,0.0
0.5838,0.0
0.5839,0.0
0.584,0.0
0.5841,0.0
0.5842,0.0
0.5842999999999999,0.0
0.5844,0.0
0.5844999999999999,0.0
0.5846,0.0
0.5847,0.0
0.5848,0.0
0.5849,0.0
0.585,0.0
0.5851,0.0
0.5852,0.0
0.5852999999999999,0.0
0.5854,0.0
0.5855,0.0
0.5855999999999999,0.0
0.5857,0.0
0.5857999999999999,0.0
0.5859,0.0
0.586,0.0
0.5861,0.0
0.5861999999999999,0.0
0.5863,0.0
0.5863999999999999,0.0
0.5865,0.0
0.5865999999999999,0.0
0.5867,0.0
0.5868,0.0
0.5869,0.0
0.587,0.0
0.5871000000000001,0.0
0.5871999999999999,0.0
0.5873,0.0
0.5873999999999999,0.0
0.5875,0.0
0.5876,0.0
0.5876999999999999,0.0
0.5878,0.0
0.5879,0.0
0.588,0.0
0.5881,0.0
0.5882,0.0
0.5882999999999999,0.0
0.5884,0.0
0.5884999999999999,0.0
0.5886,0.0
0.5886999999999999,0.0
0.5888,0.0
0.5889,0.0
0.589,0.0
0.5891,0.0
0.5892000000000001,0.0
0.5892999999999999,0.0
0.5894,0.0
0.5894999999999999,0.0
0.5896,0.0
0.5897,0.0
0.5898,0.0
0.5899,0.0
0.59,0.0
0.5901,0.0
0.5902,0.0
0.5902999999999999,0.0
0.5903999999999999,0.0
0.5905,0.0
0.5905999999999999,0.0
0.5907,0.0
0.5908,0.0
0.5909,0.0
0.591,0.0
0.5911,0.0
0.5912,0.0
0.5913,0.0
0.5913999999999999,0.0
0.5915,0.0
0.5916,0.0
0.5917,0.0
0.5918,0.0
0.5919,0.0
0.592,0.0
0.5921000000000001,0.0
0.5922,0.0
0.5922999999999999,0.0
0.5923999999999999,0.0
0.5924999999999999,0.0
0.5926,0.0
0.5926999999999999,0.0
0.5928,0.0
0.5929,0.0
0.593,0.0
0.5931,0.0
0.5932,0.0
0.5932999999999999,0.0
0.5934,0.0
0.5934999999999999,0.0
0.5936,0.0
0.5937,0.0
0.5938,0.0
0.5939,0.0
0.594,0.0
0.5941,0.0
0.5942000000000001,0.0
0.5942999999999999,0.0
0.5943999999999999,0.0
0.5945,0.0
0.5945999999999999,0.0
0.5947,0.0
0.5947999999999999,0.0
0.5949,0.0
0.595,0.0
0.5951,0.0
0.5952,0.0
0.5952999999999999,0.0
0.5953999999999999,0.0
0.5955,0.0
0.5955999999999999,0.0
0.5957,0.0
0.5958,0.0
0.5959,0.0
0.596,0.0
0.5961,0.0
0.5962,0.0
0.5963,0.0
0.5963999999999999,0.0
0.5965,0.0
0.5966,0.0
0.5966999999999999,0.0
0.5968,0.0
0.5968999999999999,0.0
0.597,0.0
0.5971,0.0
0.5972,0.0
0.5972999999999999,0.0
0.5974,0.0
0.5974999999999999,0.0
0.5976,0.0
0.5976999999999999,0.0
0.5978,0.0
0.5979,0.0
0.598,0.0
0.5981,0.0
0.5982000000000001,0.0
0.5982999999999999,0.0
0.5984,0.0
0.5984999999999999,0.0
0.5986,0.0
0.5987,0.0
0.5988,0.0
0.5989,0.0
0.599,0.0
0.5991,0.0
0.5992,0.0
0.5992999999999999,0.0
0.5993999999999999,0.0
0.5995,0.0
0.5995999999999999,0.0
0.5997,0.0
0.5997999999999999,0.0
0.5999,0.0
0.6,0.0
0.6001,0.0
0.6002,0.0
0.6003000000000001,0.0
0.6003999999999999,0.0
0.6005,0.0
0.6005999999999999,0.0
0.6007,0.0
0.6008,0.0
0.6009,0.0
0.601,0.0
0.6011,0.0
0.6012,0.0
0.6013,0.0
0.6013999999999999,0.0
0.6014999999999999,0.0
0.6016,0.0
0.6016999999999999,0.0
0.6018,0.0
0.6019,0.0
0.602,0.0
0.6021,0.0
0.6022,0.0
0.6023,0.0
0.6024,0.0
0.6024999999999999,0.0
0.6026,0.0
0.6027,0.0
0.6028,0.0
0.6029,0.0
0.603,0.0
0.6031,0.0
0.6032000000000001,0.0
0.6033,0.0
0.6033999999999999,0.0
0.6034999999999999,0.0
0.6035999999999999,0.0
0.6037,0.0
0.6037999999999999,0.0
0.6039,0.0
0.604,0.0
0.6041,0.0
0.6042,0.0
0.6043,0.0
0.6043999999999999,0.0
0.6045,0.0
0.6045999999999999,0.0
0.6047,0.0
0.6048,0.0
0.6049,0.0
0.605,0.0
0.6051,0.0
0.6052,0.0
0.6053000000000001,0.0
0.6053999999999999,0.0
0.6054999999999999,0.0
0.6056,0.0
0.6056999999999999,0.0
0.6058,0.0
0.6058999999999999,0.0
0.606,0.0
0.6061,0.0
0.6062,0.0
0.6063,0.0
0.6064,0.0
0.6064999999999999,0.0
0.6066,0.0
0.6066999999999999,0.0
0.6068,0.0
0.6069,0.0
0.607,0.0
0.6071,0.0
0.6072,0.0
0.6073,0.0
0.6074,0.0
0.6074999999999999,0.0
0.6076,0.0
0.6077,0.0
0.6077999999999999,0.0
0.6079,0.0
0.6079999999999999,0.0
0.6081,0.0
0.6082,0.0
0.6083,0.0
0.6083999999999999,0.0
0.6085,0.0
0.6085999999999999,0.0
0.6087,0.0
0.6087999999999999,0.0
0.6089,0.0
0.609,0.0
0.6091,0.0
0.6092,0.0
0.6093000000000001,0.0
0.6093999999999999,0.0
0.6095,0.0
0.6095999999999999,0.0
0.6097,0.0
0.6098,0.0
0.6099,0.0
0.61,0.0
0.6101,0.0
0.6102,0.0
0.6103,0.0
0.6103999999999999,0.0
0.6104999999999999,0.0
0.6106,0.0
0.6106999999999999,0.0
0.6108,0.0
0.6108999999999999,0.0
0.611,0.0
0.6111,0.0
0.6112,0.0
0.6113,0.0
0.6114,0.0
0.6114999999999999,0.0
0.6116,0.0
0.6116999999999999,0.0
0.6118,0.0
0.6119,0.0
0.612,0.0
0.6121,0.0
0.6122,0.0
0.6123,0.0
0.6123999999999999,0.0
0.6124999999999999,0.0
0.6125999999999999,0.0
0.6127,0.0
0.6127999999999999,0.0
0.6129,0.0
0.613,0.0
0.6131,0.0
0.6132,0.0
0.6133,0.0
0.6134,0.0
0.6135,0.0
0.6135999999999999,0.0
0.6137,0.0
0.6138,0.0
0.6139,0.0
0.614,0.0
0.6141,0.0
0.6142,0.0
0.6143000000000001,0.0
0.6144,0.0
0.6144999999999999,0.0
0.6145999999999999,0.0
0.6146999999999999,0.0
0.6148,0.0
0.6148999999999999,0.0
0.615,0.0
0.6151,0.0
0.6152,0.0
0.6153,0.0
0.6154,0.0
0.6154999999999999,0.0
0.6156,0.0
0.6156999999999999,0.0
0.6158,0.0
0.6159,0.0
0.616,0.0
0.6161,0.0
0.6162,0.0
0.6163,0.0
0.6164000000000001,0.0
0.6164999999999999,0.0
0.6166,0.0
0.6167,0.0
0.6167999999999999,0.0
0.6169,0.0
0.6169999999999999,0.0
0.6171,0.0
0.6172,0.0
0.6173,0.0
0.6174,0.0
0.6174999999999999,0.0
0.6175999999999999,0.0
0.6177,0.0
0.6177999999999999,0.0
0.6179,0.0
0.618,0.0
0.6181,0.0
0.6182,0.0
0.6183,0.0
0.6184,0.0
0.6185,0.0
0.6185999999999999,0.0
0.6187,0.0
0.6188,0.0
0.6188999999999999,0.0
0.619,0.0
0.6190999999999999,0.0
0.6192,0.0
0.6193,0.0
0.6194,0.0
0.6194999999999999,0.0
0.6196,0.0
0.6196999999999999,0.0
0.6198,0.0
0.6198999999999999,0.0
0.62,0.0
0.6201,0.0
0.6202,0.0
0.6203,0.0
0.6204000000000001,0.0
0.6204999999999999,0.0
0.6206,0.0
0.6206999999999999,0.0
0.6208,0.0
0.6209,0.0
0.621,0.0
0.6211,0.0
0.6212,0.0
0.6213,0.0
0.6214,0.0
0.6214999999999999,0.0
0.6215999999999999,0.0
0.6217,0.0
0.6217999999999999,0.0
0.6219,0.0
0.6219999999999999,0.0
0.6221,0.0
0.6222,0.0
0.6223,0.0
0.6224,0.0
0.6225,0.0
0.6225999999999999,0.0
0.6227,0.0
0.6227999999999999,0.0
0.6229,0.0
0.623,0.0
0.6231,0.0
0.6232,0.0
0.6233000000000001,0.0
0.6234,0.0
0.6234999999999999,0.0
0.6235999999999999,0.0
0.6236999999999999,0.0
0.6238,0.0
0.6238999999999999,0.0
0.624,0.0
0.6241,0.0
0.6242,0.0
0.6243,0.0
0.6244,0.0
0.6244999999999999,0.0
0.6246,0.0
0.6246999999999999,0.0
0.6248,0.0
0.6249,0.0
0.625,0.0
0.6251,0.0
0.6252,0.0
0.6253,0.0
0.6254000000000001,0.0
0.6255,0.0
0.6255999999999999,0.0
0.6256999999999999,0.0
0.6257999999999999,0.0
0.6259,0.0
0.6259999999999999,0.0
0.6261,0.0
0.6262,0.0
0.6263,0.0
0.6264,0.0
0.6265,0.0
0.6265999999999999,0.0
0.6267,0.0
0.6267999999999999,0.0
0.6269,0.0
0.627,0.0
0.6271,0.0
0.6272,0.0
0.6273,0.0
0.6274,0.0
0.6275000000000001,0.0
0.6275999999999999,0.0
0.6277,0.0
0.6278,0.0
0.6278999999999999,0.0
0.628,0.0
0.6280999999999999,0.0
0.6282,0.0
0.6283,0.0
0.6284,0.0
0.6285,0.0
0.6286,0.0
0.6286999999999999,0.0
0.6288,0.0
0.6288999999999999,0.0
0.629,0.0
0.6291,0.0
0.6292,0.0
0.6293,0.0
0.6294,0.0
0.6295,0.0
0.6296,0.0
0.6296999999999999,0.0
0.6298,0.0
0.6299,0.0
0.6299999999999999,0.0
0.6301,0.0
0.6301999999999999,0.0
0.6303,0.0
0.6304,0.0
0.6305,0.0
0.6305999999999999,0.0
0.6307,0.0
0.6307999999999999,0.0
0.6309,0.0
0.6309999999999999,0.0
0.6311,0.0
0.6312,0.0
0.6313,0.0
0.6314,0.0
0.6315000000000001,0.0
0.6315999999999999,0.0
0.6317,0.0
0.6317999999999999,0.0
0.6319,0.0
0.632,0.0
0.6321,0.0
0.6322,0.0
0.6323,0.0
0.6324,0.0
0.6325,0.0
0.6325999999999999,0.0
0.6326999999999999,0.0
0.6328,0.0
0.6328999999999999,0.0
0.633,0.0
0.6330999999999999,0.0
0.6332,0.0
0.6333,0.0
0.6334,0.0
0.6335,0.0
0.6336,0.0
0.6336999999999999,0.0
0.6338,0.0
0.6338999999999999,0.0
0.634,0.0
0.6341,0.0
0.6342,0.0
0.6343,0.0
0.6344000000000001,0.0
0.6345,0.0
0.6345999999999999,0.0
0.6346999999999999,0.0
0.6347999999999999,0.0
0.6349,0.0
0.6349999999999999,0.0
0.6351,0.0
0.6352,0.0
0.6353,0.0
0.6354,0.0
0.6355,0.0
0.6355999999999999,0.0
0.6357,0.0
0.6357999999999999,0.0
0.6359,0.0
0.636,0.0
0.6361,0.0
0.6362,0.0
0.6363,0.0
0.6364,0.0
0.6365000000000001,0.0
0.6365999999999999,0.0
0.6366999999999999,0.0
0.6367999999999999,0.0
0.6368999999999999,0.0
0.637,0.0
0.6370999999999999,0.0
0.6372,0.0
0.6373,0.0
0.6374,0.0
0.6375,0.0
0.6376,0.0
0.6376999999999999,0.0
0.6378,0.0
0.6378999999999999,0.0
0.638,0.0
0.6381,0.0
0.6382,0.0
0.6383,0.0
0.6384,0.0
0.6385,0.0
0.6386000000000001,0.0
0.6386999999999999,0.0
0.6388,0.0
0.6389,0.0
0.6389999999999999,0.0
0.6391,0.0
0.6391999999999999,0.0
0.6393,0.0
0.6394,0.0
0.6395,0.0
0.6396,0.0
0.6396999999999999,0.0
0.6397999999999999,0.0
0.6399,0.0
0.6399999999999999,0.0
0.6401,0.0
0.6402,0.0
0.6403,0.0
0.6404,0.0
0.6405,0.0
0.6406,0.0
0.6407,0.0
0.6407999999999999,0.0
0.6409,0.0
0.641,0.0
0.6411,0.0
0.6412,0.0
0.6412999999999999,0.0
0.6414,0.0
0.6415,0.0
0.6416,0.0
0.6416999999999999,0.0
0.6418,0.0
0.6418999999999999,0.0
0.642,0.0
0.6420999999999999,0.0
0.6422,0.0
0.6423,0.0
0.6424,0.0
0.6425,0.0
0.6426000000000001,0.0
0.6426999999999999,0.0
0.6428,0.0
0.6428999999999999,0.0
0.643,0.0
0.6431,0.0
0.6432,0.0
0.6433,0.0
0.6434,0.0
0.6435,0.0
0.6436,0.0
0.6436999999999999,0.0
0.6437999999999999,0.0
0.6439,0.0
0.6439999999999999,0.0
0.6441,0.0
0.6441999999999999,0.0
0.6443,0.0
0.6444,0.0
0.6445,0.0
0.6446,0.0
0.6447,0.0
0.6447999999999999,0.0
0.6449,0.0
0.6449999999999999,0.0
0.6451,0.0
0.6452,0.0
0.6453,0.0
0.6454,0.0
0.6455000000000001,0.0
0.6456,0.0
0.6456999999999999,0.0
0.6457999999999999,0.0
0.6458999999999999,0.0
0.646,0.0
0.6460999999999999,0.0
0.6462,0.0
0.6463,0.0
0.6464,0.0
0.6465,0.0
0.6466,0.0
0.6466999999999999,0.0
0.6468,0.0
0.6468999999999999,0.0
0.647,0.0
0.6471,0.0
0.6472,0.0
0.6473,0.0
0.6474,0.0
0.6475,0.0
0.6476000000000001,0.0
0.6476999999999999,0.0
0.6477999999999999,0.0
0.6478999999999999,0.0
0.6479999999999999,0.0
0.6481,0.0
0.6481999999999999,0.0
0.6483,0.0
0.6484,0.0
0.6485,0.0
0.6486,0.0
0.6486999999999999,0.0
0.6487999999999999,0.0
0.6489,0.0
0.6489999999999999,0.0
0.6491,0.0
0.6492,0.0
0.6493,0.0
0.6494,0.0
0.6495,0.0
0.6496,0.0
0.6497,0.0
0.6497999999999999,0.0
0.6499,0.0
0.65,0.0
0.6500999999999999,0.0
0.6502,0.0
0.6502999999999999,0.0
0.6504,0.0
0.6505,0.0
0.6506,0.0
0.6507,0.0
0.6508,0.0
0.6508999999999999,0.0
0.651,0.0
0.6510999999999999,0.0
0.6512,0.0
0.6513,0.0
0.6514,0.0
0.6515,0.0
0.6516,0.0
0.6517,0.0
0.6518,0.0
0.6518999999999999,0.0
0.652,0.0
0.6521,0.0
0.6522,0.0
0.6523,0.0
0.6523999999999999,0.0
0.6525,0.0
0.6526,0.0
0.6527,0.0
0.6527999999999999,0.0
0.6529,0.0
0.6529999999999999,0.0
0.6531,0.0
0.6531999999999999,0.0
0.6533,0.0
0.6534,0.0
0.6535,0.0
0.6536,0.0
0.6537000000000001,0.0
0.6537999999999999,0.0
0.6539,0.0
0.6539999999999999,0.0
0.6541,0.0
0.6542,0.0
0.6543,0.0
0.6544,0.0
0.6545,0.0
0.6546,0.0
0.6547,0.0
0.6547999999999999,0.0
0.6548999999999999,0.0
0.655,0.0
0.6550999999999999,0.0
0.6552,0.0
0.6552999999999999,0.0
0.6554,0.0
0.6555,0.0
0.6556,0.0
0.6557,0.0
0.6558,0.0
0.6558999999999999,0.0
0.656,0.0
0.6560999999999999,0.0
0.6562,0.0
0.6563,0.0
0.6564,0.0
0.6565,0.0
0.6566000000000001,0.0
0.6567,0.0
0.6567999999999999,0.0
0.6568999999999999,0.0
0.6569999999999999,0.0
0.6571,0.0
0.6571999999999999,0.0
0.6573,0.0
0.6574,0.0
0.6575,0.0
0.6576,0.0
0.6577,0.0
0.6577999999999999,0.0
0.6579,0.0
0.6579999999999999,0.0
0.6581,0.0
0.6582,0.0
0.6583,0.0
0.6584,0.0
0.6585,0.0
0.6586,0.0
0.6587000000000001,0.0
0.6587999999999999,0.0
0.6589,0.0
0.6589999999999999,0.0
0.6590999999999999,0.0
0.6592,0.0
0.6592999999999999,0.0
0.6594,0.0
0.6595,0.0
0.6596,0.0
0.6597,0.0
0.6597999999999999,0.0
0.6598999999999999,0.0
0.66,0.0
0.6600999999999999,0.0
0.6602,0.0
0.6603,0.0
0.6604,0.0
0.6605,0.0
0.6606,0.0
0.6607,0.0
0.6608,0.0
0.6608999999999999,0.0
0.661,0.0
0.6611,0.0
0.6611999999999999,0.0
0.6613,0.0
0.6613999999999999,0.0
0.6615,0.0
0.6616,0.0
0.6617,0.0
0.6617999999999999,0.0
0.6618999999999999,0.0
0.6619999999999999,0.0
0.6621,0.0
0.6621999999999999,0.0
0.6623,0.0
0.6624,0.0
0.6625,0.0
0.6626,0.0
0.6627,0.0
0.6628,0.0
0.6629,0.0
0.6629999999999999,0.0
0.6631,0.0
0.6632,0.0
0.6633,0.0
0.6634,0.0
0.6634999999999999,0.0
0.6636,0.0
0.6637,0.0
0.6638,0.0
0.6638999999999999,0.0
0.664,0.0
0.6640999999999999,0.0
0.6642,0.0
0.6642999999999999,0.0
0.6644,0.0
0.6645,0.0
0.6646,0.0
0.6647,0.0
0.6648000000000001,0.0
0.6648999999999999,0.0
0.665,0.0
0.6650999999999999,0.0
0.6652,0.0
0.6653,0.0
0.6654,0.0
0.6655,0.0
0.6656,0.0
0.6657,0.0
0.6658,0.0
0.6658999999999999,0.0
0.6659999999999999,0.0
0.6661,0.0
0.6661999999999999,0.0
0.6663,0.0
0.6663999999999999,0.0
0.6665,0.0
0.6666,0.0
0.6667,0.0
0.6668,0.0
0.6669,0.0
0.6669999999999999,0.0
0.6671,0.0
0.6671999999999999,0.0
0.6673,0.0
0.6674,0.0
0.6675,0.0
0.6676,0.0
0.6677000000000001,0.0
0.6678,0.0
0.6678999999999999,0.0
0.6679999999999999,0.0
0.6680999999999999,0.0
0.6682,0.0
0.6682999999999999,0.0
0.6684,0.0
0.6685,0.0
0.6686,0.0
0.6687,0.0
0.6688,0.0
0.6688999999999999,0.0
0.669,0.0
0.6690999999999999,0.0
0.6692,0.0
0.6693,0.0
0.6694,0.0
0.6695,0.0
0.6696,0.0
0.6697,0.0
0.6698000000000001,0.0
0.6698999999999999,0.0
0.67,0.0
0.6700999999999999,0.0
0.6701999999999999,0.0
0.6703,0.0
0.6703999999999999,0.0
0.6705,0.0
0.6706,0.0
0.6707,0.0
0.6708,0.0
0.6708999999999999,0.0
0.6709999999999999,0.0
0.6711,0.0
0.6711999999999999,0.0
0.6713,0.0
0.6714,0.0
0.6715,0.0
0.6716,0.0
0.6717,0.0
0.6718,0.0
0.6719,0.0
0.6719999999999999,0.0
0.6721,0.0
0.6722,0.0
0.6722999999999999,0.0
0.6724,0.0
0.6724999999999999,0.0
0.6726,0.0
0.6727,0.0
0.6728,0.0
0.6728999999999999,0.0
0.673,0.0
0.6730999999999999,0.0
0.6732,0.0
0.6732999999999999,0.0
0.6734,0.0
0.6735,0.0
0.6736,0.0
0.6737,0.0
0.6738,0.0
0.6738999999999999,0.0
0.674,0.0
0.6740999999999999,0.0
0.6742,0.0
0.6743,0.0
0.6744,0.0
0.6745,0.0
0.6745999999999999,0.0
0.6747,0.0
0.6748,0.0
0.6748999999999999,0.0
0.6749999999999999,0.0
0.6751,0.0
0.6751999999999999,0.0
0.6753,0.0
0.6753999999999999,0.0
0.6755,0.0
0.6756,0.0
0.6757,0.0
0.6758,0.0
0.6759000000000001,0.0
0.6759999999999999,0.0
0.6761,0.0
0.6761999999999999,0.0
0.6763,0.0
0.6764,0.0
0.6765,0.0
0.6766,0.0
0.6767,0.0
0.6768,0.0
0.6769,0.0
0.6769999999999999,0.0
0.6770999999999999,0.0
0.6772,0.0
0.6772999999999999,0.0
0.6774,0.0
0.6774999999999999,0.0
0.6776,0.0
0.6777,0.0
0.6778,0.0
0.6779,0.0
0.678,0.0
0.6780999999999999,0.0
0.6782,0.0
0.6782999999999999,0.0
0.6784,0.0
0.6785,0.0
0.6786,0.0
0.6787,0.0
0.6788000000000001,0.0
0.6789,0.0
0.6789999999999999,0.0
0.6790999999999999,0.0
0.6791999999999999,0.0
0.6793,0.0
0.6793999999999999,0.0
0.6795,0.0
0.6796,0.0
0.6797,0.0
0.6798,0.0
0.6799,0.0
0.6799999999999999,0.0
0.6801,0.0
0.6801999999999999,0.0
0.6803,0.0
0.6804,0.0
0.6805,0.0
0.6806,0.0
0.6807,0.0
0.6808,0.0
0.6809000000000001,0.0
0.6809999999999999,0.0
0.6811,0.0
0.6811999999999999,0.0
0.6812999999999999,0.0
0.6814,0.0
0.6814999999999999,0.0
0.6816,0.0
0.6817,0.0
0.6818,0.0
0.6819,0.0
0.6819999999999999,0.0
0.6820999999999999,0.0
0.6822,0.0
0.6822999999999999,0.0
0.6824,0.0
0.6825,0.0
0.6826,0.0
0.6827,0.0
0.6828,0.0
0.6829,0.0
0.683,0.0
0.6830999999999999,0.0
0.6832,0.0
0.6833,0.0
0.6834,0.0
0.6835,0.0
0.6835999999999999,0.0
0.6837,0.0
0.6838,0.0
0.6839,0.0
0.6839999999999999,0.0
0.6840999999999999,0.0
0.6841999999999999,0.0
0.6843,0.0
0.6843999999999999,0.0
0.6845,0.0
0.6846,0.0
0.6847,0.0
0.6848,0.0
0.6849,0.0
0.6849999999999999,0.0
0.6851,0.0
0.6851999999999999,0.0
0.6853,0.0
0.6854,0.0
0.6855,0.0
0.6856,0.0
0.6856999999999999,0.0
0.6858,0.0
0.6859,0.0
0.6859999999999999,0.0
0.6860999999999999,0.0
0.6862,0.0
0.6862999999999999,0.0
0.6864,0.0
0.6864999999999999,0.0
0.6866,0.0
0.6867,0.0
0.6868,0.0
0.6869,0.0
0.687,0.0
0.6870999999999999,0.0
0.6872,0.0
0.6872999999999999,0.0
0.6874,0.0
0.6875,0.0
0.6876,0.0
0.6877,0.0
0.6878,0.0
0.6879,0.0
0.688,0.0
0.6880999999999999,0.0
0.6881999999999999,0.0
0.6883,0.0
0.6883999999999999,0.0
0.6885,0.0
0.6885999999999999,0.0
0.6887,0.0
0.6888,0.0
0.6889,0.0
0.689,0.0
0.6891,0.0
0.6891999999999999,0.0
0.6893,0.0
0.6893999999999999,0.0
0.6895,0.0
0.6896,0.0
0.6897,0.0
0.6898,0.0
0.6899000000000001,0.0
0.69,0.0
0.6900999999999999,0.0
0.6901999999999999,0.0
0.6902999999999999,0.0
0.6904,0.0
0.6904999999999999,0.0
0.6906,0.0
0.6907,0.0
0.6908,0.0
0.6909,0.0
0.691,0.0
0.6910999999999999,0.0
0.6912,0.0
0.6912999999999999,0.0
0.6914,0.0
0.6915,0.0
0.6916,0.0
0.6917,0.0
0.6918,0.0
0.6919,0.0
0.6920000000000001,0.0
0.6920999999999999,0.0
0.6922,0.0
0.6922999999999999,0.0
0.6923999999999999,0.0
0.6925,0.0
0.6925999999999999,0.0
0.6927,0.0
0.6928,0.0
0.6929,0.0
0.693,0.0
0.6930999999999999,0.0
0.6931999999999999,0.0
0.6933,0.0
0.6933999999999999,0.0
0.6935,0.0
0.6936,0.0
0.6937,0.0
0.6938,0.0
0.6939,0.0
0.694,0.0
0.6941,0.0
0.6941999999999999,0.0
0.6943,0.0
0.6944,0.0
0.6945,0.0
0.6946,0.0
0.6946999999999999,0.0
0.6948,0.0
0.6949,0.0
0.695,0.0
0.6950999999999999,0.0
0.6952,0.0
0.6952999999999999,0.0
0.6954,0.0
0.6954999999999999,0.0
0.6956,0.0
0.6957,0.0
0.6958,0.0
0.6959,0.0
0.696,0.0
0.6960999999999999,0.0
0.6962,0.0
0.6962999999999999,0.0
0.6964,0.0
0.6965,0.0
0.6966,0.0
0.6967,0.0
0.6967999999999999,0.0
0.6969,0.0
0.697,0.0
0.6970999999999999,0.0
0.6971999999999999,0.0
0.6973,0.0
0.6973999999999999,0.0
0.6975,0.0
0.6975999999999999,0.0
0.6977,0.0
0.6978,0.0
0.6979,0.0
0.698,0.0
0.6981,0.0
0.6981999999999999,0.0
0.6983,0.0
0.6983999999999999,0.0
0.6985,0.0
0.6986,0.0
0.6987,0.0
0.6988,0.0
0.6989,0.0
0.699,0.0
0.6990999999999999,0.0
0.6991999999999999,0.0
0.6992999999999999,0.0
0.6994,0.0
0.6994999999999999,0.0
0.6996,0.0
0.6996999999999999,0.0
0.6998,0.0
0.6999,0.0
0.7,0.0
0.7001,0.0
0.7002,0.0
0.7002999999999999,0.0
0.7004,0.0
0.7004999999999999,0.0
0.7006,0.0
0.7007,0.0
0.7008,0.0
0.7009,0.0
0.7010000000000001,0.0
0.7011,0.0
0.7012,0.0
0.7012999999999999,0.0
0.7013999999999999,0.0
0.7015,0.0
0.7015999999999999,0.0
0.7017,0.0
0.7018,0.0
0.7019,0.0
0.702,0.0
0.7021,0.0
0.7021999999999999,0.0
0.7023,0.0
0.7023999999999999,0.0
0.7025,0.0
0.7026,0.0
0.7027,0.0
0.7028,0.0
0.7029,0.0
0.703,0.0
0.7031000000000001,0.0
0.7031999999999999,0.0
0.7033,0.0
0.7033999999999999,0.0
0.7034999999999999,0.0
0.7036,0.0
0.7036999999999999,0.0
0.7038,0.0
0.7039,0.0
0.704,0.0
0.7041,0.0
0.7041999999999999,0.0
0.7042999999999999,0.0
0.7044,0.0
0.7044999999999999,0.0
0.7046,0.0
0.7047,0.0
0.7048,0.0
0.7049,0.0
0.705,0.0
0.7051,0.0
0.7052,0.0
0.7052999999999999,0.0
0.7054,0.0
0.7055,0.0
0.7056,0.0
0.7057,0.0
0.7057999999999999,0.0
0.7059,0.0
0.706,0.0
0.7061,0.0
0.7061999999999999,0.0
0.7062999999999999,0.0
0.7063999999999999,0.0
0.7065,0.0
0.7065999999999999,0.0
0.7067,0.0
0.7068,0.0
0.7069,0.0
0.707,0.0
0.7071,0.0
0.7071999999999999,0.0
0.7073,0.0
0.7073999999999999,0.0
0.7075,0.0
0.7076,0.0
0.7077,0.0
0.7078,0.0
0.7078999999999999,0.0
0.708,0.0
0.7081,0.0
0.7081999999999999,0.0
0.7082999999999999,0.0
0.7084,0.0
0.7084999999999999,0.0
0.7086,0.0
0.7086999999999999,0.0
0.7088,0.0
0.7089,0.0
0.709,0.0
0.7091,0.0
0.7092,0.0
0.7092999999999999,0.0
0.7094,0.0
0.7094999999999999,0.0
0.7096,0.0
0.7097,0.0
0.7098,0.0
0.7099,0.0
0.71,0.0
0.7101,0.0
0.7101999999999999,0.0
0.7102999999999999,0.0
0.7103999999999999,0.0
0.7105,0.0
0.7105999999999999,0.0
0.7107,0.0
0.7107999999999999,0.0
0.7109,0.0
0.711,0.0
0.7111,0.0
0.7111999999999999,0.0
0.7113,0.0
0.7113999999999999,0.0
0.7115,0.0
0.7115999999999999,0.0
0.7117,0.0
0.7118,0.0
0.7119,0.0
0.712,0.0
0.7121000000000001,0.0
0.7121999999999999,0.0
0.7123,0.0
0.7123999999999999,0.0
0.7124999999999999,0.0
0.7126,0.0
0.7126999999999999,0.0
0.7128,0.0
0.7129,0.0
0.713,0.0
0.7131,0.0
0.7132,0.0
0.7132999999999999,0.0
0.7134,0.0
0.7134999999999999,0.0
0.7136,0.0
0.7137,0.0
0.7138,0.0
0.7139,0.0
0.714,0.0
0.7141,0.0
0.7142000000000001,0.0
0.7142999999999999,0.0
0.7144,0.0
0.7144999999999999,0.0
0.7145999999999999,0.0
0.7147,0.0
0.7147999999999999,0.0
0.7149,0.0
0.715,0.0
0.7151,0.0
0.7152,0.0
0.7152999999999999,0.0
0.7153999999999999,0.0
0.7155,0.0
0.7155999999999999,0.0
0.7157,0.0
0.7158,0.0
0.7159,0.0
0.716,0.0
0.7161,0.0
0.7162,0.0
0.7163,0.0
0.7163999999999999,0.0
0.7165,0.0
0.7166,0.0
0.7167,0.0
0.7168,0.0
0.7168999999999999,0.0
0.717,0.0
0.7171,0.0
0.7172,0.0
0.7172999999999999,0.0
0.7174,0.0
0.7174999999999999,0.0
0.7176,0.0
0.7176999999999999,0.0
0.7178,0.0
0.7179,0.0
0.718,0.0
0.7181,0.0
0.7182,0.0
0.7182999999999999,0.0
0.7184,0.0
0.7184999999999999,0.0
0.7186,0.0
0.7187,0.0
0.7188,0.0
0.7189,0.0
0.719,0.0
0.7191,0.0
0.7192,0.0
0.7192999999999999,0.0
0.7193999999999999,0.0
0.7195,0.0
0.7195999999999999,0.0
0.7197,0.0
0.7197999999999999,0.0
0.7199,0.0
0.72,0.0
0.7201,0.0
0.7202,0.0
0.7203,0.0
0.7203999999999999,0.0
0.7205,0.0
0.7205999999999999,0.0
0.7207,0.0
0.7208,0.0
0.7209,0.0
0.721,0.0
0.7211,0.0
0.7212,0.0
0.7212999999999999,0.0
0.7213999999999999,0.0
0.7214999999999999,0.0
0.7216,0.0
0.7216999999999999,0.0
0.7218,0.0
0.7218999999999999,0.0
0.722,0.0
0.7221,0.0
0.7222,0.0
0.7222999999999999,0.0
0.7224,0.0
0.7224999999999999,0.0
0.7226,0.0
0.7226999999999999,0.0
0.7228,0.0
0.7229,0.0
0.723,0.0
0.7231,0.0
0.7232000000000001,0.0
0.7232999999999999,0.0
0.7234,0.0
0.7234999999999999,0.0
0.7235999999999999,0.0
0.7237,0.0
0.7237999999999999,0.0
0.7239,0.0
0.724,0.0
0.7241,0.0
0.7242,0.0
0.7242999999999999,0.0
0.7243999999999999,0.0
0.7245,0.0
0.7245999999999999,0.0
0.7247,0.0
0.7248,0.0
0.7249,0.0
0.725,0.0
0.7251,0.0
0.7252,0.0
0.7253000000000001,0.0
0.7253999999999999,0.0
0.7255,0.0
0.7255999999999999,0.0
0.7257,0.0
0.7258,0.0
0.7258999999999999,0.0
0.726,0.0
0.7261,0.0
0.7262,0.0
0.7263,0.0
0.7263999999999999,0.0
0.7264999999999999,0.0
0.7266,0.0
0.7266999999999999,0.0
0.7268,0.0
0.7269,0.0
0.727,0.0
0.7271,0.0
0.7272,0.0
0.7273,0.0
0.7274,0.0
0.7274999999999999,0.0
0.7276,0.0
0.7277,0.0
0.7278,0.0
0.7279,0.0
0.7279999999999999,0.0
0.7281,0.0
0.7282,0.0
0.7283,0.0
0.7283999999999999,0.0
0.7284999999999999,0.0
0.7285999999999999,0.0
0.7287,0.0
0.7287999999999999,0.0
0.7289,0.0
0.729,0.0
0.7291,0.0
0.7292,0.0
0.7293,0.0
0.7293999999999999,0.0
0.7295,0.0
0.7295999999999999,0.0
0.7297,0.0
0.7298,0.0
0.7299,0.0
0.73,0.0
0.7301,0.0
0.7302,0.0
0.7303,0.0
0.7303999999999999,0.0
0.7304999999999999,0.0
0.7306,0.0
0.7306999999999999,0.0
0.7308,0.0
0.7308999999999999,0.0
0.731,0.0
0.7311,0.0
0.7312,0.0
0.7313,0.0
0.7314,0.0
0.7314999999999999,0.0
0.7316,0.0
0.7316999999999999,0.0
0.7318,0.0
0.7319,0.0
0.732,0.0
0.7321,0.0
0.7322,0.0
0.7323,0.0
0.7323999999999999,0.0
0.7324999999999999,0.0
0.7325999999999999,0.0
0.7327,0.0
0.7327999999999999,0.0
0.7329,0.0
0.7329999999999999,0.0
0.7331,0.0
0.7332,0.0
0.7333,0.0
0.7333999999999999,0.0
0.7335,0.0
0.7335999999999999,0.0
0.7337,0.0
0.7337999999999999,0.0
0.7339,0.0
0.734,0.0
0.7341,0.0
0.7342,0.0
0.7343000000000001,0.0
0.7343999999999999,0.0
0.7345,0.0
0.7345999999999999,0.0
0.7346999999999999,0.0
0.7348,0.0
0.7348999999999999,0.0
0.735,0.0
0.7351,0.0
0.7352,0.0
0.7353,0.0
0.7353999999999999,0.0
0.7354999999999999,0.0
0.7356,0.0
0.7356999999999999,0.0
0.7358,0.0
0.7359,0.0
0.736,0.0
0.7361,0.0
0.7362,0.0
0.7363,0.0
0.7364,0.0
0.7364999999999999,0.0
0.7366,0.0
0.7366999999999999,0.0
0.7368,0.0
0.7369,0.0
0.7369999999999999,0.0
0.7371,0.0
0.7372,0.0
0.7373,0.0
0.7373999999999999,0.0
0.7374999999999999,0.0
0.7375999999999999,0.0
0.7377,0.0
0.7377999999999999,0.0
0.7379,0.0
0.738,0.0
0.7381,0.0
0.7382,0.0
0.7383,0.0
0.7384,0.0
0.7385,0.0
0.7385999999999999,0.0
0.7387,0.0
0.7388,0.0
0.7389,0.0
0.739,0.0
0.7390999999999999,0.0
0.7392,0.0
0.7393,0.0
0.7394,0.0
0.7394999999999999,0.0
0.7396,0.0
0.7396999999999999,0.0
0.7398,0.0
0.7398999999999999,0.0
0.74,0.0
0.7401,0.0
0.7402,0.0
0.7403,0.0
0.7404,0.0
0.7404999999999999,0.0
0.7406,0.0
0.7406999999999999,0.0
0.7408,0.0
0.7409,0.0
0.741,0.0
0.7411,0.0
0.7412,0.0
0.7413,0.0
0.7414,0.0
0.7414999999999999,0.0
0.7415999999999999,0.0
0.7417,0.0
0.7417999999999999,0.0
0.7419,0.0
0.7419999999999999,0.0
0.7421,0.0
0.7422,0.0
0.7423,0.0
0.7424,0.0
0.7425,0.0
0.7425999999999999,0.0
0.7427,0.0
0.7427999999999999,0.0
0.7429,0.0
0.743,0.0
0.7431,0.0
0.7432,0.0
0.7433,0.0
0.7434,0.0
0.7435,0.0
0.7435999999999999,0.0
0.7436999999999999,0.0
0.7438,0.0
0.7438999999999999,0.0
0.744,0.0
0.7440999999999999,0.0
0.7442,0.0
0.7443,0.0
0.7444,0.0
0.7444999999999999,0.0
0.7446,0.0
0.7446999999999999,0.0
0.7448,0.0
0.7448999999999999,0.0
0.745,0.0
0.7451,0.0
0.7452,0.0
0.7453,0.0
0.7454000000000001,0.0
0.7454999999999999,0.0
0.7456,0.0
0.7456999999999999,0.0
0.7457999999999999,0.0
0.7459,0.0
0.7459999999999999,0.0
0.7461,0.0
0.7462,0.0
0.7463,0.0
0.7464,0.0
0.7464999999999999,0.0
0.7465999999999999,0.0
0.7467,0.0
0.7467999999999999,0.0
0.7469,0.0
0.747,0.0
0.7471,0.0
0.7472,0.0
0.7473,0.0
0.7474,0.0
0.7475,0.0
0.7475999999999999,0.0
0.7477,0.0
0.7477999999999999,0.0
0.7479,0.0
0.748,0.0
0.7480999999999999,0.0
0.7482,0.0
0.7483,0.0
0.7484,0.0
0.7484999999999999,0.0
0.7485999999999999,0.0
0.7486999999999999,0.0
0.7488,0.0
0.7488999999999999,0.0
0.749,0.0
0.7491,0.0
0.7492,0.0
0.7493,0.0
0.7494,0.0
0.7494999999999999,0.0
0.7496,0.0
0.7496999999999999,0.0
0.7498,0.0
0.7499,0.0
0.75,0.0
0.7501,0.0
0.7501999999999999,0.0
0.7503,0.0
0.7504,0.0
0.7505,0.0
0.7505999999999999,0.0
0.7506999999999999,0.0
0.7507999999999999,0.0
0.7509,0.0
0.7509999999999999,0.0
0.7511,0.0
0.7512,0.0
0.7513,0.0
0.7514,0.0
0.7515,0.0
0.7515999999999999,0.0
0.7517,0.0
0.7517999999999999,0.0
0.7519,0.0
0.752,0.0
0.7521,0.0
0.7522,0.0
0.7523,0.0
0.7524,0.0
0.7525,0.0
0.7525999999999999,0.0
0.7526999999999999,0.0
0.7528,0.0
0.7528999999999999,0.0
0.753,0.0
0.7530999999999999,0.0
0.7532,0.0
0.7533,0.0
0.7534,0.0
0.7535,0.0
0.7536,0.0
0.7536999999999999,0.0
0.7538,0.0
0.7538999999999999,0.0
0.754,0.0
0.7541,0.0
0.7542,0.0
0.7543,0.0
0.7544,0.0
0.7545,0.0
0.7546,0.0
0.7546999999999999,0.0
0.7547999999999999,0.0
0.7549,0.0
0.7549999999999999,0.0
0.7551,0.0
0.7551999999999999,0.0
0.7553,0.0
0.7554,0.0
0.7555,0.0
0.7555999999999999,0.0
0.7557,0.0
0.7557999999999999,0.0
0.7559,0.0
0.7559999999999999,0.0
0.7561,0.0
0.7562,0.0
0.7563,0.0
0.7564,0.0
0.7565000000000001,0.0
0.7565999999999999,0.0
0.7567,0.0
0.7567999999999999,0.0
0.7568999999999999,0.0
0.757,0.0
0.7570999999999999,0.0
0.7572,0.0
0.7573,0.0
0.7574,0.0
0.7575,0.0
0.7575999999999999,0.0
0.7576999999999999,0.0
0.7578,0.0
0.7578999999999999,0.0
0.758,0.0
0.7581,0.0
0.7582,0.0
0.7583,0.0
0.7584,0.0
0.7585,0.0
0.7586,0.0
0.7586999999999999,0.0
0.7588,0.0
0.7588999999999999,0.0
0.759,0.0
0.7591,0.0
0.7591999999999999,0.0
0.7593,0.0
0.7594,0.0
0.7595,0.0
0.7595999999999999,0.0
0.7596999999999999,0.0
0.7597999999999999,0.0
0.7599,0.0
0.7599999999999999,0.0
0.7601,0.0
0.7602,0.0
0.7603,0.0
0.7604,0.0
0.7605,0.0
0.7605999999999999,0.0
0.7607,0.0
0.7607999999999999,0.0
0.7609,0.0
0.761,0.0
0.7611,0.0
0.7612,0.0
0.7613,0.0
0.7614,0.0
0.7615,0.0
0.7615999999999999,0.0
0.7616999999999999,0.0
0.7618,0.0
0.7618999999999999,0.0
0.762,0.0
0.7620999999999999,0.0
0.7622,0.0
0.7623,0.0
0.7624,0.0
0.7625,0.0
0.7626,0.0
0.7626999999999999,0.0
0.7628,0.0
0.7628999999999999,0.0
0.763,0.0
0.7631,0.0
0.7632,0.0
0.7633,0.0
0.7634,0.0
0.7635,0.0
0.7636,0.0
0.7636999999999999,0.0
0.7637999999999999,0.0
0.7639,0.0
0.7639999999999999,0.0
0.7641,0.0
0.7641999999999999,0.0
0.7643,0.0
0.7644,0.0
0.7645,0.0
0.7646,0.0
0.7647,0.0
0.7647999999999999,0.0
0.7649,0.0
0.7649999999999999,0.0
0.7651,0.0
0.7652,0.0
0.7653,0.0
0.7654,0.0
0.7655,0.0
0.7656,0.0
0.7657,0.0
0.7657999999999999,0.0
0.7658999999999999,0.0
0.766,0.0
0.7660999999999999,0.0
0.7662,0.0
0.7662999999999999,0.0
0.7664,0.0
0.7665,0.0
0.7666,0.0
0.7666999999999999,0.0
0.7668,0.0
0.7668999999999999,0.0
0.767,0.0
0.7670999999999999,0.0
0.7672,0.0
0.7673,0.0
0.7674,0.0
0.7675,0.0
0.7676000000000001,0.0
0.7676999999999999,0.0
0.7678,0.0
0.7678999999999999,0.0
0.768,0.0
0.7681,0.0
0.7681999999999999,0.0
0.7683,0.0
0.7684,0.0
0.7685,0.0
0.7686,0.0
0.7686999999999999,0.0
0.7687999999999999,0.0
0.7689,0.0
0.7689999999999999,0.0
0.7691,0.0
0.7692,0.0
0.7693,0.0
0.7694,0.0
0.7695,0.0
0.7696,0.0
0.7697,0.0
0.7697999999999999,0.0
0.7699,0.0
0.7699999999999999,0.0
0.7701,0.0
0.7702,0.0
0.7702999999999999,0.0
0.7704,0.0
0.7705,0.0
0.7706,0.0
0.7706999999999999,0.0
0.7707999999999999,0.0
0.7708999999999999,0.0
0.771,0.0
0.7710999999999999,0.0
0.7712,0.0
0.7713,0.0
0.7714,0.0
0.7715,0.0
0.7716,0.0
0.7716999999999999,0.0
0.7718,0.0
0.7718999999999999,0.0
0.772,0.0
0.7721,0.0
0.7722,0.0
0.7723,0.0
0.7724,0.0
0.7725,0.0
0.7726,0.0
0.7726999999999999,0.0
0.7727999999999999,0.0
0.7728999999999999,0.0
0.7729999999999999,0.0
0.7731,0.0
0.7731999999999999,0.0
0.7733,0.0
0.7734,0.0
0.7735,0.0
0.7736,0.0
0.7736999999999999,0.0
0.7737999999999999,0.0
0.7739,0.0
0.7739999999999999,0.0
0.7741,0.0
0.7742,0.0
0.7743,0.0
0.7744,0.0
0.7745,0.0
0.7746,0.0
0.7746999999999999,0.0
0.7747999999999999,0.0
0.7748999999999999,0.0
0.775,0.0
0.7750999999999999,0.0
0.7752,0.0
0.7752999999999999,0.0
0.7754,0.0
0.7755,0.0
0.7756,0.0
0.7757,0.0
0.7758,0.0
0.7758999999999999,0.0
0.776,0.0
0.7760999999999999,0.0
0.7762,0.0
0.7763,0.0
0.7764,0.0
0.7765,0.0
0.7766,0.0
0.7767,0.0
0.7768,0.0
0.7768999999999999,0.0
0.7769999999999999,0.0
0.7771,0.0
0.7771999999999999,0.0
0.7773,0.0
0.7773999999999999,0.0
0.7775,0.0
0.7776,0.0
0.7777,0.0
0.7777999999999999,0.0
0.7779,0.0
0.7779999999999999,0.0
0.7781,0.0
0.7781999999999999,0.0
0.7783,0.0
0.7784,0.0
0.7785,0.0
0.7786,0.0
0.7787000000000001,0.0
0.7787999999999999,0.0
0.7789,0.0
0.7789999999999999,0.0
0.7791,0.0
0.7792,0.0
0.7792999999999999,0.0
0.7794,0.0
0.7795,0.0
0.7796,0.0
0.7797,0.0
0.7797999999999999,0.0
0.7798999999999999,0.0
0.78,0.0
0.7800999999999999,0.0
0.7802,0.0
0.7803,0.0
0.7804,0.0
0.7805,0.0
0.7806,0.0
0.7807,0.0
0.7808,0.0
0.7808999999999999,0.0
0.781,0.0
0.781,0.0
0.7810999999999999,1.5745432681396577e-06
0.7811999999999999,6.298172834581652e-06
0.7812999999999999,1.417088798545381e-05
0.7813999999999998,2.5192687531093833e-05
0.7814999999999998,3.9363569806156146e-05
0.7815999999999997,5.668353266971873e-05
0.7816999999999996,7.715257350539e-05
0.7817999999999996,0.00010077068922141563
0.7818999999999996,0.00012753787625078536
0.7819999999999995,0.00015745413055134
0.7820999999999995,0.00019051944760587798
0.7821999999999993,0.00022673382242226255
0.7822999999999993,0.00026609724953352836
0.7823999999999993,0.00030860972299798857
0.7824999999999992,0.0003542712363993412
0.7825999999999992,0.00040308178284677657
0.7826999999999992,0.000455041354975084
0.782799999999999,0.0005101499449447579
0.782899999999999,0.0005684075444421064
0.782999999999999,0.000629814144679356
0.7830999999999989,0.0006943697363947594
0.7831999999999989,0.0007620743098527039
0.7832999999999988,0.000832927854843815
0.7833999999999988,0.0009069303606850661
0.7834999999999988,0.000984081816219884
0.7835999999999986,0.001064382209818255
0.7836999999999986,0.0011478315293768349
0.7837999999999986,0.001234429762319052
0.7838999999999985,0.0013241768955952165
0.7839999999999985,0.0014170729156826256
0.7840999999999984,0.001513117808585672
0.7841999999999983,0.0016123115598359495
0.7842999999999983,0.001714654154492361
0.7843999999999982,0.001820145577141225
0.7844999999999982,0.0019287858118963803
0.7845999999999982,0.002040574842399295
0.7846999999999981,0.0021555126518191772
0.784799999999998,0.0022735992228530705
0.784899999999998,0.0023948345377259733
0.7849999999999979,0.002519218578190941
0.7850999999999979,0.002646751325529186
0.7851999999999978,0.0027774327605501977
0.7852999999999978,0.002911262863591841
0.7853999999999978,0.0030482416145204594
0.7854999999999976,0.0031883689927309933
0.7855999999999976,0.0033316449771470776
0.7856999999999976,0.0034780695462211506
0.7857999999999975,0.0036276426779345656
0.7858999999999975,0.003780364349797689
0.7859999999999974,0.003936234538850015
0.7860999999999974,0.00409525322166027
0.7861999999999973,0.004257420374326516
0.7862999999999972,0.004422735972476264
0.7863999999999972,0.004591199991266574
0.7864999999999972,0.004762812405384168
0.7865999999999971,0.004937573189045531
0.7866999999999971,0.005115482315997022
0.7867999999999971,0.0052965397595149824
0.7868999999999969,0.005480745492405833
0.7869999999999969,0.005668099487006199
0.7870999999999968,0.005858601715182992
0.7871999999999968,0.006052252148333541
0.7872999999999968,0.006249050757385687
0.7873999999999967,0.006448997512797887
0.7874999999999966,0.006652092384559331
0.7875999999999966,0.006858335342190043
0.7876999999999965,0.007067726354740983
0.7877999999999965,0.007280265390794165
0.7878999999999965,0.007495952418462752
0.7879999999999964,0.007714787405391178
0.7880999999999964,0.007936770318755235
0.7881999999999962,0.008161901125262196
0.7882999999999962,0.008390179791150918
0.7883999999999962,0.008621606282191947
0.7884999999999961,0.008856180563687616
0.7885999999999961,0.009093902600472171
0.7886999999999961,0.009334772356911868
0.788799999999996,0.009578789796905065
0.7888999999999959,0.00982595488388237
0.7889999999999958,0.0100762675808067
0.7890999999999958,0.010329727850173408
0.7891999999999958,0.010586335654010402
0.7892999999999957,0.010846090953878238
0.7893999999999957,0.011108993710870228
0.7894999999999956,0.011375043885612553
0.7895999999999955,0.01164424143826435
0.7896999999999955,0.011916586328517853
0.7897999999999955,0.01219207851559847
0.7898999999999954,0.012470717958264906
0.7899999999999954,0.012752504614809267
0.7900999999999953,0.013037438443057152
0.7901999999999952,0.013325519400367783
0.7902999999999952,0.0136167474436341
0.7903999999999951,0.01391112252928287
0.7904999999999951,0.014208644613274795
0.7905999999999951,0.014509313651104604
0.790699999999995,0.014813129597801185
0.790799999999995,0.015120092407927674
0.7908999999999948,0.01543020203558158
0.7909999999999948,0.015743458434394855
0.7910999999999948,0.016059861557534045
0.7911999999999947,0.016379411357700373
0.7912999999999947,0.016702107787129838
0.7913999999999947,0.01702795079759335
0.7914999999999945,0.017356940340396827
0.7915999999999945,0.01768907636638125
0.7916999999999945,0.018024358825922873
0.7917999999999944,0.01836278766893323
0.7918999999999944,0.01870436284485931
0.7919999999999943,0.01904908430268363
0.7920999999999943,0.019396951990924335
0.7921999999999942,0.019747965857635334
0.7922999999999941,0.020102125850406386
0.7923999999999941,0.020459431916363225
0.7924999999999941,0.020819884002167655
0.792599999999994,0.021183482054017627
0.792699999999994,0.021550226017647403
0.792799999999994,0.02192011583832763
0.7928999999999938,0.02229315146086546
0.7929999999999938,0.02266933282960464
0.7930999999999937,0.023048659888425607
0.7931999999999937,0.023431132580745657
0.7932999999999937,0.023816750849518984
0.7933999999999936,0.024205514637236823
0.7934999999999935,0.024597423885927554
0.7935999999999935,0.02499247853715677
0.7936999999999934,0.025390678532027453
0.7937999999999934,0.025792023811180037
0.7938999999999933,0.0261965143147925
0.7939999999999933,0.026604149982580517
0.7940999999999933,0.027014930753797538
0.7941999999999931,0.027428856567234882
0.7942999999999931,0.027845927361221875
0.7943999999999931,0.028266143073625943
0.794499999999993,0.028689503641852722
0.794599999999993,0.02911600900284616
0.794699999999993,0.029545659093088605
0.7947999999999928,0.02997845384860096
0.7948999999999928,0.03041439320494276
0.7949999999999927,0.030853477097212267
0.7950999999999927,0.03129570546004658
0.7951999999999927,0.031741078227621795
0.7952999999999926,0.032189595333653044
0.7953999999999926,0.032641256711394596
0.7954999999999925,0.03309606229364008
0.7955999999999924,0.033554012012722394
0.7956999999999924,0.034015105800514034
0.7957999999999923,0.034479343588427025
0.7958999999999923,0.03494672530741309
0.7959999999999923,0.035417250887963825
0.7960999999999921,0.03589092026011069
0.7961999999999921,0.03636773335342517
0.7962999999999921,0.03684769009701888
0.796399999999992,0.037330790419543715
0.796499999999992,0.037817034249191854
0.796599999999992,0.03830642151369595
0.7966999999999919,0.038798952140329246
0.7967999999999918,0.03929462605590558
0.7968999999999917,0.03979344318677965
0.7969999999999917,0.040295403458846954
0.7970999999999917,0.040800506797543996
0.7971999999999916,0.04130875312784841
0.7972999999999916,0.04182014237427895
0.7973999999999916,0.04233467446089578
0.7974999999999914,0.04285234931130041
0.7975999999999914,0.043373166848635826
0.7976999999999914,0.04389712699558676
0.7977999999999913,0.04442422967437957
0.7978999999999913,0.04495447480678252
0.7979999999999912,0.04548786231410579
0.7980999999999911,0.04602439211720157
0.7981999999999911,0.04656406413646433
0.798299999999991,0.047106878291830676
0.798399999999991,0.04765283450277969
0.798499999999991,0.04820193268833288
0.7985999999999909,0.04875417276705433
0.7986999999999909,0.04930955465705087
0.7987999999999907,0.04986807827597206
0.7988999999999907,0.05042974354101048
0.7989999999999907,0.05099455036890161
0.7990999999999906,0.05156249867592409
0.7991999999999906,0.05213358837789984
0.7992999999999906,0.052707819390194005
0.7993999999999905,0.0532851916277153
0.7994999999999904,0.053865705004915915
0.7995999999999904,0.054449359435791676
0.7996999999999903,0.05503615483388225
0.7997999999999903,0.055626091112271084
0.7998999999999902,0.0562191681835857
0.7999999999999902,0.05681538595999763
0.8000999999999902,0.05741474435322257
0.80019999999999,0.058017243274520625
0.80029999999999,0.05862288263469619
0.80039999999999,0.059231662344098254
0.8004999999999899,0.05984358231262039
0.8005999999999899,0.06045864244970084
0.8006999999999899,0.061076842664322784
0.8007999999999897,0.061698182865014294
0.8008999999999897,0.06232266295984846
0.8009999999999896,0.06295028285644355
0.8010999999999896,0.06358104246196304
0.8011999999999896,0.06421494168311592
0.8012999999999895,0.06485198042615643
0.8013999999999895,0.06549215859688465
0.8014999999999894,0.06613547610064606
0.8015999999999893,0.06678193284233215
0.8016999999999893,0.06743152872638025
0.8017999999999892,0.06808426365677364
0.8018999999999892,0.0687401375370418
0.8019999999999892,0.06939915027026039
0.802099999999989,0.07006130175905134
0.802199999999989,0.07072659190558314
0.802299999999989,0.07139502061157069
0.8023999999999889,0.07206658777827565
0.8024999999999889,0.07274129330650639
0.8025999999999889,0.07341913709661806
0.8026999999999888,0.07410011904851292
0.8027999999999887,0.07478423906164018
0.8028999999999886,0.07547149703499635
0.8029999999999886,0.07616189286712517
0.8030999999999886,0.0768554264561177
0.8031999999999885,0.0775520976996127
0.8032999999999885,0.07825190649479627
0.8033999999999885,0.0789548527384025
0.8034999999999883,0.07966093632671309
0.8035999999999883,0.0803701571555578
0.8036999999999882,0.08108251512031436
0.8037999999999882,0.08179801011590869
0.8038999999999882,0.08251664203681491
0.8039999999999881,0.0832384107770556
0.804099999999988,0.08396331623020159
0.804199999999988,0.08469135828937255
0.8042999999999879,0.0854225368472366
0.8043999999999879,0.0861568517960108
0.8044999999999879,0.08689430302746104
0.8045999999999878,0.08763489043290217
0.8046999999999878,0.08837861390319825
0.8047999999999876,0.08912547332876243
0.8048999999999876,0.08987546859955728
0.8049999999999876,0.09062859960509477
0.8050999999999875,0.09138486623443628
0.8051999999999875,0.09214426837619306
0.8052999999999875,0.0929068059185259
0.8053999999999873,0.09367247874914561
0.8054999999999873,0.09444128675531278
0.8055999999999873,0.09521322982383822
0.8056999999999872,0.09598830784108284
0.8057999999999872,0.09676652069295784
0.8058999999999871,0.09754786826492481
0.8059999999999871,0.0983323504419959
0.806099999999987,0.09911996710873369
0.8061999999999869,0.09991071814925169
0.8062999999999869,0.100704603447214
0.8063999999999869,0.10150162288583586
0.8064999999999868,0.1023017763478834
0.8065999999999868,0.10310506371567388
0.8066999999999866,0.10391148487107585
0.8067999999999866,0.10472103969550921
0.8068999999999866,0.10553372806994532
0.8069999999999865,0.10634954987490705
0.8070999999999865,0.10716850499046904
0.8071999999999865,0.10799059329625761
0.8072999999999864,0.10881581467145095
0.8073999999999864,0.10964416899477934
0.8074999999999863,0.11047565614452509
0.8075999999999862,0.11131027599852274
0.8076999999999862,0.11214802843415912
0.8077999999999861,0.11298891332837346
0.8078999999999861,0.11383293055765761
0.8079999999999861,0.11468007999805588
0.8080999999999859,0.11553036152516552
0.8081999999999859,0.11638377501413649
0.8082999999999859,0.11724032033967166
0.8083999999999858,0.11809999737602715
0.8084999999999858,0.11896280599701205
0.8085999999999858,0.11982874607598884
0.8086999999999857,0.12069781748587333
0.8087999999999856,0.12157002009913484
0.8088999999999855,0.12244535378779625
0.8089999999999855,0.12332381842343423
0.8090999999999855,0.12420541387717907
0.8091999999999854,0.1250901400197151
0.8092999999999854,0.12597799672128082
0.8093999999999854,0.12686898385166853
0.8094999999999852,0.12776310128022497
0.8095999999999852,0.12866034887585126
0.8096999999999851,0.12956072650700276
0.8097999999999851,0.13046423404168955
0.8098999999999851,0.13137087134747638
0.809999999999985,0.13228063829148284
0.8100999999999849,0.133193534740383
0.8101999999999849,0.1341095605604064
0.8102999999999848,0.13502871561733745
0.8103999999999848,0.13595099977651562
0.8104999999999848,0.13687641290283592
0.8105999999999847,0.13780495486074873
0.8106999999999847,0.13873662551425978
0.8107999999999845,0.13967142472693062
0.8108999999999845,0.14060935236187838
0.8109999999999845,0.1415504082817762
0.8110999999999844,0.14249459234885295
0.8111999999999844,0.14344190442489363
0.8112999999999844,0.14439234437123957
0.8113999999999842,0.14534591204878805
0.8114999999999842,0.146302607317993
0.8115999999999841,0.14726243003886466
0.8116999999999841,0.14822538007096994
0.8117999999999841,0.1491914572734324
0.811899999999984,0.15016066150493232
0.811999999999984,0.15113299262370722
0.812099999999984,0.15210845048755106
0.8121999999999838,0.15308703495381548
0.8122999999999838,0.1540687458794091
0.8123999999999838,0.15505358312079778
0.8124999999999837,0.15604154653400493
0.8125999999999837,0.15703263597461153
0.8126999999999835,0.1580268512977563
0.8127999999999835,0.15902419235813536
0.8128999999999835,0.1600246590100031
0.8129999999999834,0.1610282511071717
0.8130999999999834,0.1620349685030114
0.8131999999999834,0.16304481105045077
0.8132999999999833,0.16405777860197646
0.8133999999999832,0.16507387100963364
0.8134999999999832,0.16609308812502602
0.8135999999999831,0.16711542979931587
0.8136999999999831,0.16814089588322428
0.813799999999983,0.16916948622703099
0.813899999999983,0.17020120068057476
0.813999999999983,0.17123603909325352
0.8140999999999828,0.17227400131402412
0.8141999999999828,0.17331508719140276
0.8142999999999828,0.1743592965734652
0.8143999999999827,0.17540662930784626
0.8144999999999827,0.17645708524174067
0.8145999999999826,0.17751066422190273
0.8146999999999825,0.17856736609464666
0.8147999999999825,0.17962719070584623
0.8148999999999824,0.18069013790093558
0.8149999999999824,0.1817562075249089
0.8150999999999824,0.1828253994223203
0.8151999999999823,0.1838977134372846
0.8152999999999823,0.1849731494134768
0.8153999999999823,0.18605170719413255
0.8154999999999821,0.18713338662204812
0.8155999999999821,0.18821818753958056
0.815699999999982,0.1893061097886477
0.815799999999982,0.19039715321072836
0.815899999999982,0.19149131764686247
0.8159999999999819,0.19258860293765126
0.8160999999999818,0.19368900892325683
0.8161999999999818,0.19479253544340316
0.8162999999999817,0.19589918233737547
0.8163999999999817,0.19700894944402064
0.8164999999999816,0.19812183660174723
0.8165999999999816,0.19923784364852565
0.8166999999999816,0.20035697042188835
0.8167999999999814,0.20147921675892952
0.8168999999999814,0.20260458249630578
0.8169999999999814,0.2037330674702359
0.8170999999999813,0.20486467151650095
0.8171999999999813,0.20599939447044446
0.8172999999999813,0.2071372361669727
0.8173999999999811,0.20827819644055437
0.8174999999999811,0.20942227512522107
0.817599999999981,0.21056947205456736
0.817699999999981,0.21171978706175074
0.817799999999981,0.21287321997949168
0.8178999999999809,0.21402977064007403
0.8179999999999809,0.21518943887534497
0.8180999999999808,0.21635222451671496
0.8181999999999807,0.217518127395158
0.8182999999999807,0.21868714734121195
0.8183999999999807,0.21985928418497805
0.8184999999999806,0.22103453775612175
0.8185999999999806,0.22221290788387224
0.8186999999999804,0.2233943943970229
0.8187999999999804,0.22457899712393115
0.8188999999999804,0.2257667158925187
0.8189999999999803,0.22695755053027183
0.8190999999999803,0.22815150086424102
0.8191999999999803,0.22934856672104156
0.8192999999999802,0.2305487479268535
0.8193999999999801,0.23175204430742147
0.81949999999998,0.23295845568805512
0.81959999999998,0.23416798189362922
0.81969999999998,0.23538062274858365
0.8197999999999799,0.23659637807692332
0.8198999999999799,0.23781524770221873
0.8199999999999799,0.23903723144760583
0.8200999999999797,0.24026232913578588
0.8201999999999797,0.24149054058902605
0.8202999999999797,0.24272186562915923
0.8203999999999796,0.24395630407758404
0.8204999999999796,0.2451938557552654
0.8205999999999795,0.24643452048273404
0.8206999999999794,0.24767829808008693
0.8207999999999794,0.24892518836698752
0.8208999999999793,0.25017519116266546
0.8209999999999793,0.2514283062859172
0.8210999999999793,0.25268453355510534
0.8211999999999792,0.2539438727881597
0.8212999999999792,0.2552063238025769
0.821399999999979,0.25647188641542007
0.821499999999979,0.25774056044331983
0.821599999999979,0.2590123457024738
0.8216999999999789,0.260287242008647
0.8217999999999789,0.2615652491771715
0.8218999999999789,0.2628463670229472
0.8219999999999787,0.2641305953604416
0.8220999999999787,0.2654179340036895
0.8221999999999787,0.2667083827662938
0.8222999999999786,0.2680019414614254
0.8223999999999786,0.2692986099018231
0.8224999999999785,0.2705983878997936
0.8225999999999785,0.2719012752672123
0.8226999999999784,0.2732072718155226
0.8227999999999783,0.27451637735573636
0.8228999999999783,0.27582859169843393
0.8229999999999783,0.2771439146537648
0.8230999999999782,0.27846234603144665
0.8231999999999782,0.2797838856407661
0.8232999999999782,0.2811085332905792
0.823399999999978,0.28243628878931076
0.823499999999978,0.2837671519449545
0.8235999999999779,0.2851011225650741
0.8236999999999779,0.28643820045680224
0.8237999999999779,0.2877783854268409
0.8238999999999778,0.2891216772814622
0.8239999999999778,0.29046807582650774
0.8240999999999777,0.29181758086738874
0.8241999999999776,0.2931701922090867
0.8242999999999776,0.29452590965615305
0.8243999999999775,0.29588473301270946
0.8244999999999775,0.2972466620824475
0.8245999999999775,0.29861169666862963
0.8246999999999773,0.2999798365740883
0.8247999999999773,0.30135108160122687
0.8248999999999773,0.30272543155201936
0.8249999999999772,0.30410288622801046
0.8250999999999772,0.30548344543031575
0.8251999999999772,0.3068671089596219
0.825299999999977,0.30825387661618664
0.825399999999977,0.3096437481998391
0.8254999999999769,0.3110367235099794
0.8255999999999769,0.31243280234557946
0.8256999999999769,0.3138319845051825
0.8257999999999768,0.31523426978690355
0.8258999999999768,0.316639657988429
0.8259999999999768,0.3180481489070179
0.8260999999999766,0.3194597423395005
0.8261999999999766,0.32087443808227933
0.8262999999999766,0.32229223593132944
0.8263999999999765,0.3237131356821978
0.8264999999999765,0.32513713713000386
0.8265999999999764,0.3265642400694396
0.8266999999999763,0.3279944442947698
0.8267999999999763,0.3294277495998315
0.8268999999999762,0.3308641557780351
0.8269999999999762,0.3323036626223637
0.8270999999999762,0.33374626992537315
0.8271999999999761,0.3351919774791928
0.827299999999976,0.33664078507552536
0.8273999999999759,0.33809269250564666
0.8274999999999759,0.3395476995604058
0.8275999999999759,0.3410058060302259
0.8276999999999758,0.3424670117051036
0.8277999999999758,0.3439313163746091
0.8278999999999758,0.3453987198278869
0.8279999999999756,0.3468692218536551
0.8280999999999756,0.34834282224020613
0.8281999999999756,0.34981952077540657
0.8282999999999755,0.35129931724669744
0.8283999999999755,0.35278221144109406
0.8284999999999754,0.35426820314518626
0.8285999999999754,0.3557572921451385
0.8286999999999753,0.35724947822669034
0.8287999999999752,0.3587447611751555
0.8288999999999752,0.3602431407754234
0.8289999999999752,0.3617446168119582
0.8290999999999751,0.36324918906879894
0.8291999999999751,0.3647568573295604
0.829299999999975,0.36626762137743263
0.8293999999999749,0.3677814809951812
0.8294999999999749,0.36929843596514716
0.8295999999999748,0.3708184860692472
0.8296999999999748,0.37234163108897417
0.8297999999999748,0.3738678708053965
0.8298999999999747,0.3753972049991587
0.8299999999999746,0.37692963345048175
0.8300999999999746,0.3784651559391624
0.8301999999999745,0.38000377224457405
0.8302999999999745,0.38154548214566647
0.8303999999999744,0.38309028542096607
0.8304999999999744,0.3846381818485758
0.8305999999999744,0.38618917120617546
0.8306999999999742,0.3877432532710218
0.8307999999999742,0.3893004278199484
0.8308999999999742,0.39086069462936607
0.8309999999999741,0.3924240534752629
0.8310999999999741,0.39399050413320397
0.8311999999999741,0.3955600463783321
0.831299999999974,0.3971326799853676
0.8313999999999739,0.39870840472860836
0.8314999999999738,0.40028722038192976
0.8315999999999738,0.4018691267187855
0.8316999999999738,0.40345412351220694
0.8317999999999737,0.40504221053480344
0.8318999999999737,0.40663338755876277
0.8319999999999736,0.4082276543558509
0.8320999999999735,0.40982501069741184
0.8321999999999735,0.4114254563543688
0.8322999999999734,0.41302899109722274
0.8323999999999734,0.41463561469605414
0.8324999999999734,0.41624532692052163
0.8325999999999733,0.417858127539863
0.8326999999999732,0.4194740163228952
0.8327999999999732,0.4210929930380142
0.8328999999999731,0.4227150574531951
0.8329999999999731,0.4243402093359925
0.8330999999999731,0.4259684484535404
0.833199999999973,0.4275997745725524
0.833299999999973,0.4292341874593215
0.8333999999999728,0.43087168687972094
0.8334999999999728,0.4325122725992034
0.8335999999999728,0.43415594438280175
0.8336999999999727,0.435802701995129
0.8337999999999727,0.43745254520037813
0.8338999999999727,0.43910547376232273
0.8339999999999725,0.4407614874443166
0.8340999999999725,0.44242058600929407
0.8341999999999725,0.44408276921977013
0.8342999999999724,0.4457480368378406
0.8343999999999724,0.44741638862518196
0.8344999999999723,0.44908782434305156
0.8345999999999723,0.45076234375228824
0.8346999999999722,0.45243994661331166
0.8347999999999721,0.4541206326861227
0.8348999999999721,0.4558044017303036
0.8349999999999721,0.45749125350501846
0.835099999999972,0.4591811877690127
0.835199999999972,0.46087420428061315
0.8352999999999718,0.46257030279772887
0.8353999999999718,0.46426948307785104
0.8354999999999718,0.4659717448780519
0.8355999999999717,0.46767708795498675
0.8356999999999717,0.4693855120648928
0.8357999999999717,0.47109701696358947
0.8358999999999716,0.4728116024064787
0.8359999999999715,0.47452926814854496
0.8360999999999715,0.4762500139443557
0.8361999999999714,0.4779738395480605
0.8362999999999714,0.4797007447133924
0.8363999999999713,0.48143072919366714
0.8364999999999713,0.48316379274178345
0.8365999999999713,0.48489993511022356
0.8366999999999711,0.4866391560510527
0.8367999999999711,0.4883814553159195
0.8368999999999711,0.4901268326560562
0.836999999999971,0.4918752878222793
0.837099999999971,0.4936268205649874
0.8371999999999709,0.4953814306341648
0.8372999999999708,0.4971391177793785
0.8373999999999708,0.49889988174977956
0.8374999999999707,0.5006637222941043
0.8375999999999707,0.5024306391606719
0.8376999999999707,0.5042006320973867
0.8377999999999706,0.5059737008517377
0.8378999999999706,0.5077498451707976
0.8379999999999705,0.5095290648012247
0.8380999999999704,0.5113113594892617
0.8381999999999704,0.513096728980736
0.8382999999999703,0.5148851730210603
0.8383999999999703,0.5166766913552324
0.8384999999999703,0.518471283727835
0.8385999999999701,0.5202689498830366
0.8386999999999701,0.5220696895645912
0.8387999999999701,0.5238735025158372
0.83889999999997,0.5256803884797006
0.83899999999997,0.5274903471986911
0.83909999999997,0.5293033784149056
0.8391999999999699,0.5311194818700266
0.8392999999999698,0.5329386573053229
0.8393999999999697,0.5347609044616484
0.8394999999999697,0.5365862230794449
0.8395999999999697,0.5384146128987396
0.8396999999999696,0.5402460736591462
0.8397999999999696,0.5420806050998657
0.8398999999999696,0.5439182069596848
0.8399999999999694,0.5457588789769777
0.8400999999999694,0.5476026208897059
0.8401999999999693,0.5494494324354168
0.8402999999999693,0.5512993133512457
0.8403999999999693,0.5531522633739153
0.8404999999999692,0.5550082822397352
0.8405999999999691,0.5568673696846025
0.8406999999999691,0.5587295254440022
0.840799999999969,0.5605947492530067
0.840899999999969,0.5624630408462765
0.840999999999969,0.5643343999580593
0.8410999999999689,0.5662088263221916
0.8411999999999689,0.5680863196720978
0.8412999999999687,0.5699668797407901
0.8413999999999687,0.5718505062608691
0.8414999999999687,0.5737371989645245
0.8415999999999686,0.5756269575835339
0.8416999999999686,0.5775197818492634
0.8417999999999686,0.5794156714926687
0.8418999999999685,0.5813146262442932
0.8419999999999684,0.5832166458342701
0.8420999999999683,0.5851217299923214
0.8421999999999683,0.5870298784477582
0.8422999999999683,0.5889410909294811
0.8423999999999682,0.5908553671659801
0.8424999999999682,0.592772706885334
0.8425999999999682,0.5946931098152125
0.842699999999968,0.5966165756828736
0.842799999999968,0.5985431042151659
0.842899999999968,0.6004726951385282
0.8429999999999679,0.6024053481789885
0.8430999999999679,0.6043410630621652
0.8431999999999678,0.6062798395132676
0.8432999999999677,0.6082216772570948
0.8433999999999677,0.6101665760180357
0.8434999999999676,0.6121145355200712
0.8435999999999676,0.6140655554867721
0.8436999999999676,0.6160196356412995
0.8437999999999675,0.6179767757064062
0.8438999999999675,0.6199369754044355
0.8439999999999674,0.6219002344573221
0.8440999999999673,0.6238665525865918
0.8441999999999673,0.6258359295133616
0.8442999999999672,0.6278083649583402
0.8443999999999672,0.6297838586418276
0.8444999999999672,0.631762410283715
0.844599999999967,0.6337440196034864
0.844699999999967,0.6357286863202165
0.844799999999967,0.6377164101525727
0.8448999999999669,0.6397071908188144
0.8449999999999669,0.6417010280367929
0.8450999999999668,0.6436979215239516
0.8451999999999668,0.645697870997327
0.8452999999999667,0.6477008761735475
0.8453999999999666,0.6497069367688342
0.8454999999999666,0.6517160524990007
0.8455999999999666,0.653728223079454
0.8456999999999665,0.6557434482251934
0.8457999999999665,0.6577617276508116
0.8458999999999665,0.6597830610704946
0.8459999999999663,0.6618074481980203
0.8460999999999663,0.6638348887467622
0.8461999999999662,0.6658653824296852
0.8462999999999662,0.6678989289593491
0.8463999999999662,0.6699355280479065
0.8464999999999661,0.6719751794071039
0.846599999999966,0.6740178827482824
0.846699999999966,0.6760636377823764
0.8467999999999659,0.6781124442199142
0.8468999999999659,0.6801643017710192
0.8469999999999658,0.6822192101454081
0.8470999999999658,0.6842771690523924
0.8471999999999658,0.6863381782008785
0.8472999999999656,0.6884022372993668
0.8473999999999656,0.6904693460559527
0.8474999999999656,0.6925395041783269
0.8475999999999655,0.6946127113737742
0.8476999999999655,0.6966889673491746
0.8477999999999655,0.6987682718110039
0.8478999999999653,0.7008506244653327
0.8479999999999653,0.7029360250178269
0.8480999999999652,0.7050244731737483
0.8481999999999652,0.7071159686379533
0.8482999999999652,0.7092105111148957
0.8483999999999651,0.7113081003086235
0.8484999999999651,0.7134087359227809
0.848599999999965,0.7155124176606088
0.8486999999999649,0.7176191452249439
0.8487999999999649,0.7197289183182185
0.8488999999999649,0.7218417366424625
0.8489999999999648,0.723957599899301
0.8490999999999648,0.7260765077899561
0.8491999999999646,0.728198460015247
0.8492999999999646,0.7303234562755891
0.8493999999999646,0.7324514962709945
0.8494999999999645,0.7345825797010732
0.8495999999999645,0.7367167062650313
0.8496999999999645,0.7388538756616722
0.8497999999999644,0.7409940875893974
0.8498999999999644,0.7431373417462052
0.8499999999999642,0.745283637829691
0.8500999999999642,0.7474329755370489
0.8501999999999642,0.7495853545650695
0.8502999999999641,0.7517407746101423
0.8503999999999641,0.7538992353682543
0.8504999999999641,0.75606073653499
0.8505999999999639,0.7582252778055331
0.8506999999999639,0.7603928588746646
0.8507999999999639,0.7625634794367642
0.8508999999999638,0.7647371391858108
0.8509999999999638,0.7669138378153807
0.8510999999999637,0.7690935750186493
0.8511999999999637,0.7712763504883912
0.8512999999999636,0.7734621639169795
0.8513999999999635,0.7756510149963861
0.8514999999999635,0.7778429034181826
0.8515999999999635,0.7800378288735397
0.8516999999999634,0.7822357910532266
0.8517999999999634,0.7844367896476133
0.8518999999999634,0.7866408243466683
0.8519999999999632,0.7888478948399593
0.8520999999999632,0.7910580008166559
0.8521999999999631,0.793271141965525
0.8522999999999631,0.7954873179749353
0.8523999999999631,0.7977065285328546
0.852499999999963,0.799928773326851
0.8525999999999629,0.8021540520440936
0.8526999999999629,0.8043823643713509
0.8527999999999628,0.8066137099949924
0.8528999999999628,0.8088480886009882
0.8529999999999627,0.8110854998749092
0.8530999999999627,0.8133259435019266
0.8531999999999627,0.8155694191668134
0.8532999999999625,0.8178159265539428
0.8533999999999625,0.8200654653472894
0.8534999999999625,0.8223180352304296
0.8535999999999624,0.8245736358865401
0.8536999999999624,0.8268322669984
0.8537999999999624,0.8290939282483897
0.8538999999999622,0.8313586193184904
0.8539999999999622,0.8336263398902871
0.8540999999999621,0.8358970896449648
0.8541999999999621,0.8381708682633109
0.8542999999999621,0.8404476754257154
0.854399999999962,0.8427275108121705
0.854499999999962,0.8450103741022699
0.854599999999962,0.8472962649752108
0.8546999999999618,0.8495851831097925
0.8547999999999618,0.851877128184416
0.8548999999999617,0.8541720998770869
0.8549999999999617,0.8564700978654123
0.8550999999999617,0.8587711218266022
0.8551999999999615,0.8610751714374707
0.8552999999999615,0.8633822463744342
0.8553999999999615,0.8656923463135122
0.8554999999999614,0.8680054709303286
0.8555999999999614,0.8703216199001099
0.8556999999999614,0.8726407928976865
0.8557999999999613,0.8749629895974925
0.8558999999999612,0.8772882096735657
0.8559999999999611,0.8796164527995483
0.8560999999999611,0.8819477186486858
0.8561999999999611,0.884282006893828
0.856299999999961,0.8866193172074297
0.856399999999961,0.8889596492615489
0.856499999999961,0.8913030027278488
0.8565999999999608,0.8936493772775971
0.8566999999999608,0.8959987725816659
0.8567999999999608,0.8983511883105322
0.8568999999999607,0.900706624134278
0.8569999999999607,0.9030650797225902
0.8570999999999606,0.9054265547447601
0.8571999999999605,0.907791048869686
0.8572999999999605,0.9101585617658695
0.8573999999999604,0.9125290931014187
0.8574999999999604,0.9149026425440473
0.8575999999999604,0.9172792097610741
0.8576999999999603,0.9196587944194237
0.8577999999999603,0.9220413961856271
0.8578999999999601,0.9244270147258202
0.8579999999999601,0.9268156497057466
0.8580999999999601,0.9292073007907543
0.85819999999996,0.9316019676457985
0.85829999999996,0.9339996499354409
0.85839999999996,0.9364003473238491
0.8584999999999599,0.9388040594747975
0.8585999999999598,0.9412107860516676
0.8586999999999598,0.9436205267174473
0.8587999999999597,0.9460332811347312
0.8588999999999597,0.9484490489657217
0.8589999999999596,0.9508678298722277
0.8590999999999596,0.9532896235156648
0.8591999999999596,0.955714429557058
0.8592999999999594,0.9581422476570367
0.8593999999999594,0.9605730774758404
0.8594999999999594,0.9630069186733157
0.8595999999999593,0.9654437709089158
0.8596999999999593,0.9678836338417028
0.8597999999999593,0.9703265071303471
0.8598999999999591,0.9727723904331261
0.8599999999999591,0.9752212834079262
0.860099999999959,0.9776731857122418
0.860199999999959,0.9801280970031756
0.860299999999959,0.9825860169374393
0.8603999999999589,0.9850469451713525
0.8604999999999589,0.987510881360844
0.8605999999999588,0.9899778251614514
0.8606999999999587,0.9924477762283213
0.8607999999999587,0.9949207342162086
0.8608999999999586,0.9973966987794791
0.8609999999999586,0.999875669572106
0.8610999999999586,1.0023576462476722
0.8611999999999584,1.0048426284593714
0.8612999999999584,1.0073306158600057
0.8613999999999584,1.0098216081019866
0.8614999999999583,1.0123156048373367
0.8615999999999583,1.0148126057176878
0.8616999999999583,1.0173126103942802
0.8617999999999582,1.0198156185179672
0.8618999999999581,1.0223216297392106
0.861999999999958,1.0248306437080827
0.862099999999958,1.0273426600742666
0.862199999999958,1.0298576784870548
0.8622999999999579,1.0323756985953523
0.8623999999999579,1.034896720047674
0.8624999999999579,1.0374207424921447
0.8625999999999577,1.0399477655765017
0.8626999999999577,1.042477788948092
0.8627999999999576,1.0450108122538755
0.8628999999999576,1.0475468351404216
0.8629999999999576,1.0500858572539125
0.8630999999999575,1.0526278782401404
0.8631999999999574,1.055172897744511
0.8632999999999574,1.05772091541204
0.8633999999999573,1.0602719308873556
0.8634999999999573,1.0628259438146987
0.8635999999999573,1.0653829538379207
0.8636999999999572,1.0679429606004867
0.8637999999999572,1.0705059637454726
0.863899999999957,1.0730719629155674
0.863999999999957,1.0756409577530732
0.864099999999957,1.0782129478999034
0.8641999999999569,1.0807879329975847
0.8642999999999569,1.083365912687257
0.8643999999999569,1.0859468866096724
0.8644999999999567,1.0885308544051957
0.8645999999999567,1.0911178157138066
0.8646999999999567,1.0937077701750957
0.8647999999999566,1.0963007174282682
0.8648999999999566,1.0988966571121432
0.8649999999999565,1.101495588865152
0.8650999999999565,1.1040975123253398
0.8651999999999564,1.1067024271303672
0.8652999999999563,1.1093103329175067
0.8653999999999563,1.1119212293236447
0.8654999999999563,1.1145351159852837
0.8655999999999562,1.1171519925385385
0.8656999999999562,1.119771858619139
0.865799999999956,1.1223947138624293
0.865899999999956,1.1250205579033674
0.865999999999956,1.1276493903765274
0.8660999999999559,1.1302812109160967
0.8661999999999559,1.1329160191558774
0.8662999999999559,1.1355538147292885
0.8663999999999558,1.1381945972693615
0.8664999999999558,1.1408383664087445
0.8665999999999557,1.1434851217797006
0.8666999999999556,1.1461348630141084
0.8667999999999556,1.1487875897434614
0.8668999999999555,1.1514433015988692
0.8669999999999555,1.154101998211057
0.8670999999999555,1.1567636792103648
0.8671999999999553,1.1594283442267508
0.8672999999999553,1.1620959928897867
0.8673999999999553,1.1647666248286614
0.8674999999999552,1.1674402396721804
0.8675999999999552,1.170116837048764
0.8676999999999551,1.1727964165864517
0.867799999999955,1.1754789779128967
0.867899999999955,1.1781645206553693
0.8679999999999549,1.1808530444407586
0.8680999999999549,1.1835445488955683
0.8681999999999549,1.1862390336459199
0.8682999999999548,1.1889364983175519
0.8683999999999548,1.19163694253582
0.8684999999999548,1.1943403659256975
0.8685999999999546,1.1970467681117742
0.8686999999999546,1.199756148718259
0.8687999999999545,1.2024685073689758
0.8688999999999545,1.2051838436873687
0.8689999999999545,1.2079021572964985
0.8690999999999544,1.2106234478190439
0.8691999999999543,1.213347714877302
0.8692999999999543,1.2160749580931878
0.8693999999999542,1.2188051770882335
0.8694999999999542,1.2215383714835923
0.8695999999999542,1.2242745409000333
0.8696999999999541,1.2270136849579454
0.869799999999954,1.229755803277336
0.8698999999999539,1.23250089547783
0.8699999999999539,1.2352489611786734
0.8700999999999539,1.2379999999987306
0.8701999999999538,1.2407540115564826
0.8702999999999538,1.2435109954700334
0.8703999999999538,1.2462709513571035
0.8704999999999536,1.2490338788350344
0.8705999999999536,1.2517997775207859
0.8706999999999535,1.2545686470309385
0.8707999999999535,1.2573404869816913
0.8708999999999535,1.260115296988865
0.8709999999999534,1.2628930766678976
0.8710999999999534,1.2656738256338496
0.8711999999999533,1.2684575435014012
0.8712999999999532,1.2712442298848519
0.8713999999999532,1.2740338843981214
0.8714999999999532,1.2768265066547517
0.8715999999999531,1.2796220962679035
0.8716999999999531,1.2824206528503594
0.871799999999953,1.2852221760145222
0.8718999999999529,1.2880266653724153
0.8719999999999529,1.2908341205356848
0.8720999999999528,1.293644541115595
0.8721999999999528,1.2964579267230338
0.8722999999999528,1.2992742769685104
0.8723999999999527,1.302093591462154
0.8724999999999526,1.3049158698137162
0.8725999999999525,1.3077411116325706
0.8726999999999525,1.3105693165277115
0.8727999999999525,1.3134004841077564
0.8728999999999524,1.316234613980944
0.8729999999999524,1.319071705755135
0.8730999999999524,1.3219117590378118
0.8731999999999522,1.3247547734360807
0.8732999999999522,1.3276007485566688
0.8733999999999522,1.3304496840059268
0.8734999999999521,1.3333015793898277
0.8735999999999521,1.3361564343139667
0.873699999999952,1.339014248383562
0.873799999999952,1.3418750212034563
0.8738999999999519,1.344738752378112
0.8739999999999518,1.3476054415116185
0.8740999999999518,1.3504750882076855
0.8741999999999518,1.353347692069647
0.8742999999999517,1.3562232527004623
0.8743999999999517,1.3591017697027106
0.8744999999999516,1.361983242678598
0.8745999999999515,1.3648676712299534
0.8746999999999515,1.3677550549582285
0.8747999999999514,1.3706453934645002
0.8748999999999514,1.3735386863494692
0.8749999999999514,1.3764349332134616
0.8750999999999513,1.3793341336564247
0.8751999999999512,1.3822362872779337
0.8752999999999512,1.3851413936771855
0.8753999999999511,1.3880494524530045
0.8754999999999511,1.390960463203838
0.875599999999951,1.3938744255277573
0.875699999999951,1.396791339022461
0.875799999999951,1.3997112032852719
0.8758999999999508,1.4026340179131365
0.8759999999999508,1.4055597825026285
0.8760999999999508,1.4084884966499467
0.8761999999999507,1.411420159950914
0.8762999999999507,1.4143547720009808
0.8763999999999507,1.417292332395222
0.8764999999999505,1.4202328407283382
0.8765999999999505,1.4231762965946575
0.8766999999999504,1.426122699588132
0.8767999999999504,1.4290720493023406
0.8768999999999504,1.4320243453304895
0.8769999999999503,1.4349795872654107
0.8770999999999503,1.437937774699561
0.8771999999999502,1.4408989072250262
0.8772999999999501,1.4438629844335173
0.8773999999999501,1.4468300059163737
0.8774999999999501,1.449799971264559
0.87759999999995,1.4527728800686661
0.87769999999995,1.4557487319189142
0.8777999999999498,1.4587275264051498
0.8778999999999498,1.4617092631168465
0.8779999999999498,1.4646939416431053
0.8780999999999497,1.4676815615726553
0.8781999999999497,1.4706721224938528
0.8782999999999497,1.473665623994682
0.8783999999999496,1.4766620656627543
0.8784999999999495,1.4796614470853098
0.8785999999999494,1.4826637678492172
0.8786999999999494,1.4856690275409719
0.8787999999999494,1.4886772257466983
0.8788999999999493,1.4916883620521497
0.8789999999999493,1.494702436042707
0.8790999999999493,1.4977194473033804
0.8791999999999491,1.5007393954188084
0.8792999999999491,1.5037622799732577
0.8793999999999491,1.5067881005506263
0.879499999999949,1.509816856734438
0.879599999999949,1.5128485481078482
0.8796999999999489,1.51588317425364
0.8797999999999488,1.5189207347542275
0.8798999999999488,1.5219612291916518
0.8799999999999487,1.5250046571475866
0.8800999999999487,1.5280510182033327
0.8801999999999487,1.5311003119398217
0.8802999999999486,1.534152537937615
0.8803999999999486,1.5372076957769045
0.8804999999999484,1.540265785037511
0.8805999999999484,1.5433268052988869
0.8806999999999484,1.5463907561401142
0.8807999999999483,1.5494576371399045
0.8808999999999483,1.552527447876602
0.8809999999999483,1.5556001879281798
0.8810999999999481,1.5586758568722414
0.8811999999999481,1.5617544542860229
0.8812999999999481,1.5648359797463902
0.881399999999948,1.5679204328298404
0.881499999999948,1.5710078131125027
0.8815999999999479,1.574098120170135
0.8816999999999479,1.5771913535781297
0.8817999999999478,1.5802875129115088
0.8818999999999477,1.5833865977449262
0.8819999999999477,1.586488607652668
0.8820999999999477,1.5895935422086518
0.8821999999999476,1.5927014009864269
0.8822999999999476,1.5958121835591748
0.8823999999999476,1.5989258894997092
0.8824999999999474,1.6020425183804756
0.8825999999999474,1.605162069773553
0.8826999999999473,1.6082845432506516
0.8827999999999473,1.611409938383114
0.8828999999999473,1.6145382547419171
0.8829999999999472,1.617669491897669
0.8830999999999471,1.620803649420611
0.8831999999999471,1.6239407268806183
0.883299999999947,1.6270807238471976
0.883399999999947,1.6302236398894907
0.8834999999999469,1.6333694745762704
0.8835999999999469,1.6365182274759449
0.8836999999999469,1.6396698981565554
0.8837999999999467,1.6428244861857761
0.8838999999999467,1.6459819911309153
0.8839999999999467,1.6491424125589154
0.8840999999999466,1.6523057500363523
0.8841999999999466,1.655472003129436
0.8842999999999466,1.6586411714040115
0.8843999999999465,1.661813254425557
0.8844999999999464,1.664988251759185
0.8845999999999463,1.6681661629696438
0.8846999999999463,1.6713469876213147
0.8847999999999463,1.6745307252782144
0.8848999999999462,1.677717375503995
0.8849999999999462,1.6809069378619421
0.8850999999999462,1.684099411914978
0.885199999999946,1.6872947972256584
0.885299999999946,1.6904930933561755
0.885399999999946,1.6936942998683564
0.8854999999999459,1.6968984163236633
0.8855999999999459,1.700105442283194
0.8856999999999458,1.7033153773076835
0.8857999999999457,1.7065282209575001
0.8858999999999457,1.7097439727926491
0.8859999999999456,1.7129626323727725
0.8860999999999456,1.7161841992571476
0.8861999999999456,1.7194086730046874
0.8862999999999455,1.722636053173942
0.8863999999999455,1.7258663393230977
0.8864999999999453,1.7290995310099773
0.8865999999999453,1.7323356277920403
0.8866999999999453,1.7355746292263825
0.8867999999999452,1.7388165348697373
0.8868999999999452,1.742061344278474
0.8869999999999452,1.7453090570085998
0.887099999999945,1.748559672615759
0.887199999999945,1.7518131906552328
0.887299999999945,1.7550696106819392
0.8873999999999449,1.758328932250435
0.8874999999999449,1.761591154914914
0.8875999999999448,1.764856278229207
0.8876999999999448,1.7681243017467836
0.8877999999999447,1.7713952250207508
0.8878999999999446,1.7746690476038536
0.8879999999999446,1.7779457690484752
0.8880999999999446,1.7812253889066374
0.8881999999999445,1.784507906729999
0.8882999999999445,1.7877933220698587
0.8883999999999443,1.7910816344771538
0.8884999999999443,1.7943728435024582
0.8885999999999443,1.7976669486959875
0.8886999999999442,1.8009639496075938
0.8887999999999442,1.804263845786769
0.8888999999999442,1.8075666367826442
0.8889999999999441,1.810872322143989
0.889099999999944,1.8141809014192145
0.889199999999944,1.817492374156368
0.8892999999999439,1.8208067399031376
0.8893999999999439,1.8241239982068527
0.8894999999999438,1.8274441486144797
0.8895999999999438,1.830767190672626
0.8896999999999438,1.8340931239275404
0.8897999999999436,1.8374219479251088
0.8898999999999436,1.840753662210859
0.8899999999999436,1.8440882663299596
0.8900999999999435,1.8474257598272181
0.8901999999999435,1.8507661422470834
0.8902999999999435,1.8541094131336444
0.8903999999999433,1.8574555720306312
0.8904999999999433,1.8608046184814138
0.8905999999999432,1.8641565520290049
0.8906999999999432,1.8675113722160561
0.8907999999999432,1.8708690785848607
0.8908999999999431,1.874229670677355
0.8909999999999431,1.8775931480351136
0.891099999999943,1.8809595101993546
0.8911999999999429,1.8843287567109375
0.8912999999999429,1.8877008871103624
0.8913999999999428,1.8910759009377722
0.8914999999999428,1.8944537977329512
0.8915999999999428,1.8978345770353249
0.8916999999999426,1.9012182383839629
0.8917999999999426,1.9046047813175744
0.8918999999999426,1.907994205374513
0.8919999999999425,1.9113865100927738
0.8920999999999425,1.9147816950099947
0.8921999999999425,1.9181797596634542
0.8922999999999424,1.9215807035900778
0.8923999999999424,1.9249845263264294
0.8924999999999422,1.928391227408718
0.8925999999999422,1.9318008063727958
0.8926999999999422,1.9352132627541585
0.8927999999999421,1.938628596087941
0.8928999999999421,1.9420468059089278
0.8929999999999421,1.9454678917515436
0.8930999999999419,1.9488918531498547
0.8931999999999419,1.9523186896375742
0.8932999999999418,1.9557484007480597
0.8933999999999418,1.9591809860143077
0.8934999999999418,1.9626164449689647
0.8935999999999417,1.9660547771443173
0.8936999999999417,1.9694959820722964
0.8937999999999416,1.9729400592844806
0.8938999999999415,1.9763870083120902
0.8939999999999415,1.9798368286859889
0.8940999999999415,1.9832895199366871
0.8941999999999414,1.9867450815943406
0.8942999999999414,1.9902035131887477
0.8943999999999412,1.9936648142493527
0.8944999999999412,1.9971289843052464
0.8945999999999412,2.000596022885162
0.8946999999999411,2.00406592951748
0.8947999999999411,2.007538703730225
0.8948999999999411,2.0110143450510685
0.894999999999941,2.0144928530073267
0.8950999999999409,2.017974227125962
0.8951999999999409,2.0214584669335807
0.8952999999999408,2.0249455719564375
0.8953999999999408,2.028435541720433
0.8954999999999407,2.0319283757511113
0.8955999999999407,2.0354240735736653
0.8956999999999407,2.0389226347129346
0.8957999999999405,2.0424240586934026
0.8958999999999405,2.045928345039201
0.8959999999999405,2.0494354932741077
0.8960999999999404,2.052945502921548
0.8961999999999404,2.056458373504594
0.8962999999999403,2.0599741045459625
0.8963999999999402,2.0634926955680224
0.8964999999999402,2.0670141460927836
0.8965999999999401,2.070538455641908
0.8966999999999401,2.074065623736704
0.8967999999999401,2.0775956498981243
0.89689999999994,2.0811285336467726
0.89699999999994,2.0846642745029014
0.89709999999994,2.088202871986407
0.8971999999999398,2.0917443256168355
0.8972999999999398,2.0952886349133832
0.8973999999999397,2.09883579939489
0.8974999999999397,2.1023858185798496
0.8975999999999397,2.105938691986399
0.8976999999999395,2.1094944191323255
0.8977999999999395,2.1130529995350664
0.8978999999999395,2.116614432711707
0.8979999999999394,2.12017871817898
0.8980999999999394,2.123745855453267
0.8981999999999393,2.1273158440506026
0.8982999999999393,2.1308886834866643
0.8983999999999392,2.134464373276783
0.8984999999999391,2.138042912935939
0.8985999999999391,2.14162430197876
0.8986999999999391,2.1452085399195235
0.898799999999939,2.148795626272159
0.898899999999939,2.1523855605502433
0.898999999999939,2.1559783422670034
0.8990999999999388,2.1595739709353183
0.8991999999999388,2.163172446067713
0.8992999999999387,2.1667737671763665
0.8993999999999387,2.170377933773108
0.8994999999999387,2.1739849453694133
0.8995999999999386,2.1775948014764133
0.8996999999999385,2.1812075016048866
0.8997999999999385,2.184823045265265
0.8998999999999384,2.188441431967627
0.8999999999999384,2.1920626612217062
0.9000999999999384,2.195686732536885
0.9001999999999383,2.1993136454221975
0.9002999999999383,2.2029433993863297
0.9003999999999381,2.206575993937619
0.9004999999999381,2.21021142858405
0.9005999999999381,2.2138497028332664
0.900699999999938,2.2174908161925586
0.900799999999938,2.2211347681688696
0.900899999999938,2.2247815582687935
0.9009999999999379,2.2284311859985797
0.9010999999999378,2.232083650864125
0.9011999999999377,2.2357389523709825
0.9012999999999377,2.2393970900243563
0.9013999999999377,2.2430580633291015
0.9014999999999376,2.246721871789726
0.9015999999999376,2.2503885149103935
0.9016999999999376,2.254057992194917
0.9017999999999374,2.257730303146762
0.9018999999999374,2.2614054472690515
0.9019999999999374,2.2650834240645565
0.9020999999999373,2.2687642330357027
0.9021999999999373,2.272447873684572
0.9022999999999372,2.2761343455128946
0.9023999999999371,2.2798236480220577
0.9024999999999371,2.2835157807131026
0.902599999999937,2.287210743086721
0.902699999999937,2.2909085346432607
0.902799999999937,2.2946091548827248
0.9028999999999369,2.2983126033047663
0.9029999999999369,2.302018879408697
0.9030999999999368,2.3057279826934796
0.9031999999999367,2.3094399126577314
0.9032999999999367,2.313154668799726
0.9033999999999366,2.3168722506173918
0.9034999999999366,2.320592657608309
0.9035999999999366,2.3243158892697133
0.9036999999999364,2.3280419450984984
0.9037999999999364,2.33177082459121
0.9038999999999364,2.3355025272440493
0.9039999999999363,2.339237052552873
0.9040999999999363,2.3429744000131945
0.9041999999999362,2.34671456912018
0.9042999999999362,2.3504575593686514
0.9043999999999361,2.3542033702530913
0.904499999999936,2.3579520012676296
0.904599999999936,2.3617034519060605
0.904699999999936,2.3654577216618278
0.9047999999999359,2.3692148100280335
0.9048999999999359,2.372974716497437
0.9049999999999359,2.376737440562455
0.9050999999999357,2.3805029817151544
0.9051999999999357,2.384271339447265
0.9052999999999356,2.3880425132501717
0.9053999999999356,2.391816502614914
0.9054999999999356,2.39559330703219
0.9055999999999355,2.3993729259923557
0.9056999999999354,2.4031553589854204
0.9057999999999354,2.4069406055010534
0.9058999999999353,2.410728665028583
0.9059999999999353,2.4145195370569885
0.9060999999999352,2.418313221074914
0.9061999999999352,2.4221097165706573
0.9062999999999352,2.4259090230321725
0.906399999999935,2.4297111399470754
0.906499999999935,2.4335160668026363
0.906599999999935,2.437323803085786
0.9066999999999349,2.4411343482831107
0.9067999999999349,2.4449477018808583
0.9068999999999349,2.448763863364931
0.9069999999999347,2.452582832220892
0.9070999999999347,2.456404607933964
0.9071999999999346,2.4602291899890245
0.9072999999999346,2.464056577870613
0.9073999999999346,2.4678867710629264
0.9074999999999345,2.4717197690498227
0.9075999999999345,2.4755555713148145
0.9076999999999344,2.4793941773410775
0.9077999999999343,2.483235586611447
0.9078999999999343,2.4870797986084137
0.9079999999999343,2.49092681281413
0.9080999999999342,2.4947766287104116
0.9081999999999342,2.498629245778727
0.908299999999934,2.5024846635002076
0.908399999999934,2.506342881355648
0.908499999999934,2.5102038988254964
0.9085999999999339,2.5140677153898667
0.9086999999999339,2.517934330528531
0.9087999999999339,2.5218037437209198
0.9088999999999338,2.5256759544461267
0.9089999999999337,2.5295509621829058
0.9090999999999336,2.5334287664096697
0.9091999999999336,2.537309366604493
0.9092999999999336,2.5411927622451134
0.9093999999999335,2.5450789528089235
0.9094999999999335,2.548967937772984
0.9095999999999335,2.552859716614014
0.9096999999999333,2.556754288808391
0.9097999999999333,2.5606516538321586
0.9098999999999333,2.564551811161019
0.9099999999999332,2.5684547602703374
0.9100999999999332,2.5723605006351384
0.9101999999999331,2.576269031730112
0.910299999999933,2.5801803530296072
0.910399999999933,2.5840944640076358
0.9104999999999329,2.5880113641378744
0.9105999999999329,2.5919310528936568
0.9106999999999329,2.5958535297479823
0.9107999999999328,2.599778794173514
0.9108999999999328,2.6037068456425745
0.9109999999999328,2.6076376836271504
0.9110999999999326,2.6115713075988922
0.9111999999999326,2.6155077170291103
0.9112999999999325,2.6194469113887813
0.9113999999999325,2.623388890148543
0.9114999999999325,2.6273336527786992
0.9115999999999324,2.631281198749212
0.9116999999999323,2.6352315275297107
0.9117999999999323,2.6391846385894886
0.9118999999999322,2.6431405313974987
0.9119999999999322,2.6470992054223617
0.9120999999999321,2.6510606601323623
0.9121999999999321,2.6550248949954445
0.912299999999932,2.658991909479222
0.9123999999999319,2.66296170305097
0.9124999999999319,2.6669342751776273
0.9125999999999319,2.6709096253257973
0.9126999999999318,2.6748877529617507
0.9127999999999318,2.6788686575514196
0.9128999999999318,2.682852338560401
0.9129999999999316,2.6868387954539603
0.9130999999999316,2.690828027697022
0.9131999999999315,2.69482003475418
0.9132999999999315,2.6988148160896936
0.9133999999999315,2.7028123711674836
0.9134999999999314,2.706812699451139
0.9135999999999314,2.710815800403916
0.9136999999999313,2.7148216734887307
0.9137999999999312,2.7188303181681697
0.9138999999999312,2.7228417339044855
0.9139999999999311,2.726855920159592
0.9140999999999311,2.7308728763950736
0.9141999999999311,2.73489260207218
0.914299999999931,2.7389150966518243
0.9143999999999309,2.7429403595945887
0.9144999999999309,2.7469683903607227
0.9145999999999308,2.750999188410138
0.9146999999999308,2.7550327532024177
0.9147999999999308,2.7590690841968084
0.9148999999999307,2.763108180852225
0.9149999999999306,2.7671500426272497
0.9150999999999305,2.7711946689801303
0.9151999999999305,2.7752420593687837
0.9152999999999305,2.7792922132507925
0.9153999999999304,2.783345130083405
0.9154999999999304,2.787400809323543
0.9155999999999304,2.79145925042779
0.9156999999999302,2.7955204528523994
0.9157999999999302,2.7995844160532926
0.9158999999999302,2.8036511394860577
0.9159999999999301,2.8077206226059523
0.9160999999999301,2.8117928648679023
0.91619999999993,2.8158678657265
0.91629999999993,2.8199456246360084
0.9163999999999299,2.824026141050357
0.9164999999999298,2.828109414423144
0.9165999999999298,2.8321954442076374
0.9166999999999298,2.836284229856774
0.9167999999999297,2.840375770823157
0.9168999999999297,2.844470066559063
0.9169999999999295,2.848567116516434
0.9170999999999295,2.8526669201468806
0.9171999999999295,2.856769476901687
0.9172999999999294,2.860874786231805
0.9173999999999294,2.8649828475878514
0.9174999999999294,2.8690936604201194
0.9175999999999293,2.8732072241785698
0.9176999999999292,2.8773235383128286
0.9177999999999292,2.881442602272199
0.9178999999999291,2.885564415505651
0.9179999999999291,2.8896889774618217
0.918099999999929,2.8938162875890225
0.918199999999929,2.8979463453352357
0.918299999999929,2.902079150148111
0.9183999999999288,2.9062147014749695
0.9184999999999288,2.9103529987628063
0.9185999999999288,2.914494041458281
0.9186999999999287,2.9186378290077313
0.9187999999999287,2.9227843608571598
0.9188999999999286,2.9269336364522425
0.9189999999999285,2.9310856552383284
0.9190999999999285,2.935240416660436
0.9191999999999284,2.9393979201632567
0.9192999999999284,2.943558165191149
0.9193999999999284,2.9477211511881496
0.9194999999999283,2.9518868775979636
0.9195999999999283,2.956055343863965
0.9196999999999282,2.960226549429207
0.9197999999999281,2.964400493736408
0.9198999999999281,2.9685771762279622
0.919999999999928,2.9727565963459353
0.920099999999928,2.9769387535320666
0.920199999999928,2.9811236472277645
0.9202999999999278,2.9853112768741132
0.9203999999999278,2.9895016419118687
0.9204999999999278,2.9936947417814608
0.9205999999999277,2.997890575922989
0.9206999999999277,3.0020891437762307
0.9207999999999277,3.006290444780632
0.9208999999999276,3.0104944783753145
0.9209999999999275,3.014701243999074
0.9210999999999274,3.0189107410903757
0.9211999999999274,3.023122969087363
0.9212999999999274,3.027337927427853
0.9213999999999273,3.031555615549331
0.9214999999999273,3.0357760328889625
0.9215999999999273,3.0399991788835847
0.9216999999999271,3.0442250529697077
0.9217999999999271,3.048453654583516
0.921899999999927,3.052684983160873
0.921999999999927,3.056919038137308
0.922099999999927,3.061155818948033
0.9221999999999269,3.0653953250279304
0.9222999999999268,3.0696375558115583
0.9223999999999268,3.073882510733149
0.9224999999999267,3.078130189226612
0.9225999999999267,3.082380590725528
0.9226999999999267,3.0866337146631566
0.9227999999999266,3.090889560472432
0.9228999999999266,3.0951481275859614
0.9229999999999264,3.09940941543603
0.9230999999999264,3.1036734234545973
0.9231999999999264,3.1079401510733007
0.9232999999999263,3.11220959772345
0.9233999999999263,3.116481762836032
0.9234999999999263,3.120756645841713
0.9235999999999261,3.1250342461708303
0.9236999999999261,3.1293145632534
0.923799999999926,3.133597596519116
0.923899999999926,3.1378833453973445
0.923999999999926,3.1421718093171322
0.9240999999999259,3.146462987707203
0.9241999999999259,3.1507568799959516
0.9242999999999258,3.155053485611457
0.9243999999999257,3.159352803981471
0.9244999999999257,3.1636548345334212
0.9245999999999257,3.1679595766944173
0.9246999999999256,3.172267029891244
0.9247999999999256,3.1765771935503606
0.9248999999999254,3.1808900670979074
0.9249999999999254,3.185205649959703
0.9250999999999254,3.189523941561239
0.9251999999999253,3.193844941327689
0.9252999999999253,3.198168648683906
0.9253999999999253,3.202495063054415
0.9254999999999252,3.206824183863425
0.9255999999999251,3.21115601053482
0.9256999999999251,3.2154905424921636
0.925799999999925,3.219827779158697
0.925899999999925,3.224167719957343
0.9259999999999249,3.228510364310699
0.9260999999999249,3.2328557116410424
0.9261999999999249,3.2372037613703317
0.9262999999999247,3.2415545129202026
0.9263999999999247,3.2459079657119694
0.9264999999999247,3.2502641191666273
0.9265999999999246,3.2546229727048495
0.9266999999999246,3.2589845257469894
0.9267999999999245,3.2633487777130794
0.9268999999999245,3.267715728022834
0.9269999999999244,3.272085376095642
0.9270999999999243,3.276457721350577
0.9271999999999243,3.280832763206393
0.9272999999999243,3.2852105010815187
0.9273999999999242,3.2895909343940692
0.9274999999999242,3.2939740625618366
0.9275999999999242,3.2983598850022924
0.927699999999924,3.302748401132592
0.927799999999924,3.30713961036957
0.9278999999999239,3.31153351212974
0.9279999999999239,3.3159301058292976
0.9280999999999239,3.3203293908841216
0.9281999999999238,3.324731366709769
0.9282999999999237,3.329136032721478
0.9283999999999237,3.3335433883341703
0.9284999999999236,3.337953432962446
0.9285999999999236,3.342366166020589
0.9286999999999236,3.3467815869225657
0.9287999999999235,3.3511996950820198
0.9288999999999235,3.3556204899122815
0.9289999999999233,3.360043970826361
0.9290999999999233,3.36447013723695
0.9291999999999233,3.3688989885564227
0.9292999999999232,3.3733305241968363
0.9293999999999232,3.377764743569929
0.9294999999999232,3.3822016460871223
0.929599999999923,3.3866412311595213
0.929699999999923,3.3910834981979114
0.9297999999999229,3.395528446612763
0.9298999999999229,3.3999760758142274
0.9299999999999229,3.40442638521214
0.9300999999999228,3.4088793742160197
0.9301999999999228,3.4133350422350683
0.9302999999999227,3.41779338867817
0.9303999999999226,3.422254412953892
0.9304999999999226,3.4267181144704892
0.9305999999999226,3.431184492635894
0.9306999999999225,3.435653546857726
0.9307999999999225,3.4401252765432897
0.9308999999999223,3.444599681099572
0.9309999999999223,3.4490767599332424
0.9310999999999223,3.4535565124506564
0.9311999999999222,3.458038938057855
0.9312999999999222,3.4625240361605596
0.9313999999999222,3.467011806164179
0.9314999999999221,3.4715022474738086
0.931599999999922,3.4759953594942226
0.9316999999999219,3.4804911416298845
0.9317999999999219,3.484989593284943
0.9318999999999219,3.4894907138632285
0.9319999999999218,3.4939945027682593
0.9320999999999218,3.498500959403238
0.9321999999999218,3.5030100831710524
0.9322999999999216,3.507521873474275
0.9323999999999216,3.5120363297151673
0.9324999999999216,3.516553451295671
0.9325999999999215,3.521073237617417
0.9326999999999215,3.525595688081724
0.9327999999999214,3.530120802089592
0.9328999999999213,3.534648579041708
0.9329999999999213,3.5391790183384515
0.9330999999999212,3.5437121193798773
0.9331999999999212,3.548247881565736
0.9332999999999212,3.5527863042954615
0.9333999999999211,3.5573273869681716
0.9334999999999211,3.5618711289826765
0.933599999999921,3.566417529737468
0.9336999999999209,3.5709665886307276
0.9337999999999209,3.5755183050603225
0.9338999999999208,3.580072678423809
0.9339999999999208,3.584629708118428
0.9340999999999208,3.589189393541109
0.9341999999999206,3.593751734088472
0.9342999999999206,3.598316729156818
0.9343999999999206,3.6028843781421407
0.9344999999999205,3.6074546804401213
0.9345999999999205,3.6120276354461263
0.9346999999999204,3.6166032425552124
0.9347999999999204,3.6211815011621233
0.9348999999999204,3.625762410661294
0.9349999999999202,3.6303459704468413
0.9350999999999202,3.6349321799125764
0.9351999999999202,3.6395210384519974
0.9352999999999201,3.6441125454582903
0.9353999999999201,3.648706700324329
0.9354999999999201,3.65330350244268
0.9355999999999199,3.6579029512055934
0.9356999999999199,3.662505046005012
0.9357999999999198,3.6671097862325692
0.9358999999999198,3.671717171279583
0.9359999999999198,3.676327200537063
0.9360999999999197,3.6809398733957117
0.9361999999999197,3.6855551892459144
0.9362999999999196,3.6901731474777515
0.9363999999999195,3.6947937474809924
0.9364999999999195,3.6994169886450936
0.9365999999999195,3.704042870359204
0.9366999999999194,3.7086713920121643
0.9367999999999194,3.7133025529925017
0.9368999999999192,3.717936352688435
0.9369999999999192,3.7225727904878747
0.9370999999999192,3.727211865778421
0.9371999999999191,3.731853577947364
0.9372999999999191,3.7364979263816873
0.9373999999999191,3.741144910468062
0.937499999999919,3.745794529592852
0.9375999999999189,3.750446783142113
0.9376999999999188,3.7551016705015887
0.9377999999999188,3.7597591910567183
0.9378999999999188,3.764419344192631
0.9379999999999187,3.7690821292941448
0.9380999999999187,3.7737475457457736
0.9381999999999187,3.7784155929317196
0.9382999999999185,3.783086270235879
0.9383999999999185,3.787759577041839
0.9384999999999185,3.792435512732878
0.9385999999999184,3.7971140766919707
0.9386999999999184,3.801795268301779
0.9387999999999183,3.806479086944658
0.9388999999999182,3.81116553200266
0.9389999999999182,3.8158546028575224
0.9390999999999181,3.8205462988906813
0.9391999999999181,3.8252406194832647
0.9392999999999181,3.8299375640160918
0.939399999999918,3.834637131869674
0.939499999999918,3.8393393224242187
0.9395999999999178,3.844044135059624
0.9396999999999178,3.848751569155483
0.9397999999999178,3.853461624091084
0.9398999999999177,3.858174299245405
0.9399999999999177,3.862889593997117
0.9400999999999177,3.8676075077245904
0.9401999999999175,3.872328039805884
0.9402999999999175,3.8770511896187547
0.9403999999999175,3.8817769565406515
0.9404999999999174,3.886505339948715
0.9405999999999174,3.891236339219785
0.9406999999999173,3.8959699537303942
0.9407999999999173,3.900706182856765
0.9408999999999172,3.905445025974823
0.9409999999999171,3.9101864824601837
0.9410999999999171,3.9149305516881556
0.9411999999999171,3.919677233033745
0.941299999999917,3.9244265258716533
0.941399999999917,3.9291784295762753
0.941499999999917,3.933932943521704
0.9415999999999168,3.9386900670817266
0.9416999999999168,3.94344979962982
0.9417999999999167,3.9482121405391672
0.9418999999999167,3.952977089182641
0.9419999999999167,3.957744644932807
0.9420999999999166,3.962514807161933
0.9421999999999165,3.967287575241979
0.9422999999999165,3.9720629485446035
0.9423999999999164,3.9768409264411577
0.9424999999999164,3.9816215083026947
0.9425999999999163,3.986404693499959
0.9426999999999163,3.9911904814033914
0.9427999999999163,3.9959788713831337
0.9428999999999161,4.000769862809023
0.9429999999999161,4.005563455050588
0.9430999999999161,4.010359647477063
0.943199999999916,4.015158439457375
0.943299999999916,4.019959830360144
0.943399999999916,4.024763819553697
0.9434999999999159,4.029570406406052
0.9435999999999158,4.034379590284923
0.9436999999999157,4.039191370557724
0.9437999999999157,4.04400574659157
0.9438999999999157,4.048822717753269
0.9439999999999156,4.053642283409329
0.9440999999999156,4.058464442925956
0.9441999999999156,4.0632891956690536
0.9442999999999154,4.0681165410042235
0.9443999999999154,4.072946478296767
0.9444999999999153,4.077779006911682
0.9445999999999153,4.082614126213667
0.9446999999999153,4.087451835567119
0.9447999999999152,4.092292134336131
0.9448999999999151,4.097135021884499
0.9449999999999151,4.101980497575716
0.945099999999915,4.106828560772972
0.945199999999915,4.111679210839161
0.945299999999915,4.116532447136873
0.9453999999999149,4.1213882690283965
0.9454999999999149,4.126246675875721
0.9455999999999147,4.131107667040539
0.9456999999999147,4.135971241884238
0.9457999999999147,4.1408373997679035
0.9458999999999146,4.145706140052329
0.9459999999999146,4.150577462098003
0.9460999999999146,4.155451365265112
0.9461999999999144,4.160327848913549
0.9462999999999144,4.165206912402902
0.9463999999999144,4.170088555092461
0.9464999999999143,4.1749727763412166
0.9465999999999143,4.179859575507862
0.9466999999999142,4.184748951950787
0.9467999999999142,4.189640905028091
0.9468999999999141,4.1945354340975625
0.946999999999914,4.1994325385167
0.947099999999914,4.204332217642699
0.947199999999914,4.2092344708324605
0.9472999999999139,4.214139297442581
0.9473999999999139,4.219046696829363
0.9474999999999137,4.223956668348813
0.9475999999999137,4.228869211356629
0.9476999999999137,4.233784325208222
0.9477999999999136,4.2387020092587
0.9478999999999136,4.243622262862873
0.9479999999999136,4.248545085375256
0.9480999999999135,4.253470476150064
0.9481999999999134,4.258398434541214
0.9482999999999134,4.263328959902325
0.9483999999999133,4.2682620515867224
0.9484999999999133,4.27319770894743
0.9485999999999132,4.278135931337177
0.9486999999999132,4.283076718108398
0.9487999999999132,4.288020068613221
0.948899999999913,4.29296598220349
0.948999999999913,4.297914458230745
0.949099999999913,4.302865496046226
0.9491999999999129,4.307819095000886
0.9492999999999129,4.312775254445376
0.9493999999999128,4.317733973730048
0.9494999999999127,4.322695252204963
0.9495999999999127,4.327659089219885
0.9496999999999126,4.332625484124281
0.9497999999999126,4.337594436267321
0.9498999999999126,4.342565944997882
0.9499999999999125,4.347540009664542
0.9500999999999125,4.352516629615585
0.9501999999999124,4.3574958041990035
0.9502999999999123,4.362477532762487
0.9503999999999123,4.367461814653435
0.9504999999999122,4.372448649218952
0.9505999999999122,4.377438035805846
0.9506999999999122,4.382429973760628
0.950799999999912,4.387424462429518
0.950899999999912,4.392421501158441
0.950999999999912,4.397421089293024
0.9510999999999119,4.402423226178604
0.9511999999999119,4.40742791116022
0.9512999999999119,4.412435143582617
0.9513999999999118,4.417444922790249
0.9514999999999117,4.422457248127275
0.9515999999999116,4.427472118937556
0.9516999999999116,4.432489534564663
0.9517999999999116,4.4375094943518745
0.9518999999999115,4.442531997642171
0.9519999999999115,4.447557043778244
0.9520999999999115,4.452584632102488
0.9521999999999113,4.457614761957003
0.9522999999999113,4.462647432683603
0.9523999999999112,4.467682643623804
0.9524999999999112,4.472720394118826
0.9525999999999112,4.477760683509603
0.9526999999999111,4.482803511136772
0.952799999999911,4.487848876340675
0.952899999999911,4.492896778461368
0.9529999999999109,4.497947216838613
0.9530999999999109,4.503000190811871
0.9531999999999109,4.508055699720322
0.9532999999999108,4.513113742902852
0.9533999999999108,4.518174319698048
0.9534999999999106,4.52323742944421
0.9535999999999106,4.528303071479347
0.9536999999999106,4.533371245141175
0.9537999999999105,4.538441949767118
0.9538999999999105,4.543515184694311
0.9539999999999105,4.548590949259591
0.9540999999999104,4.553669242799512
0.9541999999999103,4.55875006465033
0.9542999999999103,4.563833414148021
0.9543999999999102,4.568919290628251
0.9544999999999102,4.574007693426414
0.9545999999999101,4.579098621877605
0.9546999999999101,4.5841920753166265
0.95479999999991,4.589288053077993
0.9548999999999099,4.594386554495931
0.9549999999999099,4.599487578904371
0.9550999999999099,4.60459112563696
0.9551999999999098,4.60969719402705
0.9552999999999098,4.614805783407703
0.9553999999999097,4.619916893111695
0.9554999999999096,4.6250305224715085
0.9555999999999096,4.630146670819337
0.9556999999999095,4.635265337487088
0.9557999999999095,4.640386521806373
0.9558999999999095,4.64551022310852
0.9559999999999094,4.650636440724566
0.9560999999999094,4.655765173985257
0.9561999999999093,4.660896422221051
0.9562999999999092,4.66603018476212
0.9563999999999092,4.671166460938345
0.9564999999999091,4.676305250079314
0.9565999999999091,4.681446551514332
0.9566999999999091,4.6865903645724165
0.956799999999909,4.691736688582292
0.9568999999999089,4.696885522872398
0.9569999999999089,4.702036866770882
0.9570999999999088,4.7071907196056095
0.9571999999999088,4.712347080704151
0.9572999999999087,4.717505949393797
0.9573999999999087,4.7226673250015425
0.9574999999999086,4.727831206854098
0.9575999999999085,4.732997594277892
0.9576999999999085,4.738166486599055
0.9577999999999085,4.743337883143436
0.9578999999999084,4.7485117832366
0.9579999999999084,4.75368818620382
0.9580999999999084,4.75886709137008
0.9581999999999082,4.764048498060085
0.9582999999999082,4.769232405598246
0.9583999999999081,4.774418813308691
0.9584999999999081,4.77960772051526
0.9585999999999081,4.78479912654151
0.958699999999908,4.7899930307107015
0.958799999999908,4.795189432345823
0.9588999999999079,4.800388330769567
0.9589999999999078,4.805589725304342
0.9590999999999078,4.810793615272272
0.9591999999999078,4.815999999995197
0.9592999999999077,4.821208878794661
0.9593999999999077,4.82642025099194
0.9594999999999075,4.83163411590801
0.9595999999999075,4.836850472863564
0.9596999999999075,4.842069321179016
0.9597999999999074,4.847290660174491
0.9598999999999074,4.852514489169824
0.9599999999999074,4.857740807484574
0.9600999999999072,4.862969614438011
0.9601999999999072,4.868200909349119
0.9602999999999071,4.8734346915365965
0.9603999999999071,4.878670960318865
0.9604999999999071,4.883909715014051
0.960599999999907,4.8891509549400025
0.960699999999907,4.894394679414286
0.960799999999907,4.8996408877541775
0.9608999999999068,4.90488957927667
0.9609999999999068,4.91014075329848
0.9610999999999068,4.915394409136032
0.9611999999999067,4.920650546105468
0.9612999999999067,4.9259091635226495
0.9613999999999066,4.931170260703155
0.9614999999999065,4.936433836962274
0.9615999999999065,4.94169989161502
0.9616999999999064,4.9469684239761165
0.9617999999999064,4.95223943336001
0.9618999999999064,4.957512919080859
0.9619999999999063,4.962788880452545
0.9620999999999063,4.96806731678866
0.9621999999999062,4.973348227402518
0.9622999999999061,4.978631611607149
0.9623999999999061,4.983917468715299
0.962499999999906,4.989205798039436
0.962599999999906,4.994496598891744
0.962699999999906,4.999789870584124
0.9627999999999058,5.005085612428192
0.9628999999999058,5.010383823735289
0.9629999999999058,5.015684503816467
0.9630999999999057,5.020987651982504
0.9631999999999057,5.02629326754389
0.9632999999999056,5.031601349810836
0.9633999999999056,5.036911898093273
0.9634999999999055,5.04222491170085
0.9635999999999054,5.047540389942932
0.9636999999999054,5.052858332128607
0.9637999999999054,5.058178737566681
0.9638999999999053,5.063501605565675
0.9639999999999053,5.068826935433838
0.9640999999999053,5.074154726479131
0.9641999999999051,5.079484978009237
0.9642999999999051,5.084817689331556
0.964399999999905,5.090152859753217
0.964499999999905,5.095490488581056
0.964599999999905,5.100830575121637
0.9646999999999049,5.106173118681244
0.9647999999999048,5.111518118565875
0.9648999999999048,5.116865574081257
0.9649999999999047,5.1222154845328305
0.9650999999999047,5.127567849225758
0.9651999999999046,5.132922667464927
0.9652999999999046,5.13827993855494
0.9653999999999046,5.143639661800124
0.9654999999999044,5.149001836504523
0.9655999999999044,5.154366461971906
0.9656999999999044,5.159733537505764
0.9657999999999043,5.165103062409301
0.9658999999999043,5.170475035985454
0.9659999999999043,5.175849457536874
0.9660999999999041,5.181226326365933
0.9661999999999041,5.1866056417747295
0.966299999999904,5.19198740306508
0.966399999999904,5.197371609538523
0.966499999999904,5.2027582604963225
0.9665999999999039,5.208147355239461
0.9666999999999039,5.213538893068644
0.9667999999999038,5.2189328732843
0.9668999999999037,5.224329295186578
0.9669999999999037,5.2297281580753525
0.9670999999999037,5.235129461250221
0.9671999999999036,5.2405332040104975
0.9672999999999036,5.245939385655228
0.9673999999999034,5.2513480054831705
0.9674999999999034,5.2567590627928205
0.9675999999999034,5.262172556882382
0.9676999999999033,5.267588487049789
0.9677999999999033,5.273006852592702
0.9678999999999033,5.2784276528084995
0.9679999999999032,5.283850886994284
0.9680999999999031,5.2892765544468885
0.968199999999903,5.2947046544628575
0.968299999999903,5.300135186338472
0.968399999999903,5.30556814936973
0.9684999999999029,5.311003542852354
0.9685999999999029,5.316441366081792
0.9686999999999029,5.321881618353218
0.9687999999999027,5.327324298961525
0.9688999999999027,5.332769407201338
0.9689999999999027,5.338216942367003
0.9690999999999026,5.343666903752587
0.9691999999999026,5.349119290651888
0.9692999999999025,5.354574102358427
0.9693999999999025,5.360031338165448
0.9694999999999024,5.365490997365922
0.9695999999999023,5.370953079252543
0.9696999999999023,5.376417583117738
0.9697999999999023,5.381884508253649
0.9698999999999022,5.387353853952151
0.9699999999999022,5.392825619504841
0.970099999999902,5.398299804203043
0.970199999999902,5.403776407337807
0.970299999999902,5.409255428199912
0.9703999999999019,5.414736866079855
0.9704999999999019,5.420220720267867
0.9705999999999019,5.425706990053906
0.9706999999999018,5.431195674727649
0.9707999999999017,5.436686773578505
0.9708999999999017,5.442180285895609
0.9709999999999016,5.447676210967824
0.9710999999999016,5.453174548083735
0.9711999999999015,5.45867529653166
0.9712999999999015,5.4641784555996376
0.9713999999999015,5.469684024575442
0.9714999999999013,5.47519200274657
0.9715999999999013,5.480702389400242
0.9716999999999013,5.48621518382341
0.9717999999999012,5.49173038530276
0.9718999999999012,5.497247993124693
0.9719999999999012,5.502768006575345
0.972099999999901,5.508290424940583
0.972199999999901,5.513815247505994
0.9722999999999009,5.519342473556898
0.9723999999999009,5.524872102378345
0.9724999999999009,5.530404133255109
0.9725999999999008,5.535938565471696
0.9726999999999008,5.541475398312339
0.9727999999999007,5.547014631060997
0.9728999999999006,5.552556263001365
0.9729999999999006,5.558100293416861
0.9730999999999005,5.563646721590633
0.9731999999999005,5.569195546805558
0.9732999999999005,5.574746768344244
0.9733999999999003,5.58030038548903
0.9734999999999003,5.585856397521977
0.9735999999999003,5.591414803724886
0.9736999999999002,5.596975603379278
0.9737999999999002,5.602538795766409
0.9738999999999002,5.608104380167264
0.9739999999999001,5.613672355862559
0.9740999999999,5.619242722132737
0.9741999999998999,5.624815478257974
0.9742999999998999,5.630390623518175
0.9743999999998999,5.635968157192976
0.9744999999998998,5.641548078561744
0.9745999999998998,5.647130386903577
0.9746999999998998,5.6527150814973
0.9747999999998996,5.6583021616214735
0.9748999999998996,5.6638916265543875
0.9749999999998995,5.669483475574062
0.9750999999998995,5.6750777079582475
0.9751999999998995,5.680674322984429
0.9752999999998994,5.68627331992982
0.9753999999998993,5.691874698071366
0.9754999999998993,5.697478456685748
0.9755999999998992,5.703084595049373
0.9756999999998992,5.708693112438379
0.9757999999998992,5.714304008128645
0.9758999999998991,5.719917281395771
0.9759999999998991,5.725532931515097
0.9760999999998989,5.731150957761693
0.9761999999998989,5.736771359410358
0.9762999999998989,5.742394135735628
0.9763999999998988,5.74801928601177
0.9764999999998988,5.753646809512782
0.9765999999998988,5.759276705512398
0.9766999999998985,5.764908973284076
0.9767999999998986,5.770543612101034
0.9768999999998986,5.776180621236189
0.9769999999998985,5.781819999962194
0.9770999999998984,5.787461747551458
0.9771999999998984,5.793105863276126
0.9772999999998985,5.798752346408051
0.9773999999998984,5.804401196218818
0.9774999999998981,5.810052411979769
0.9775999999998982,5.815705992961984
0.9776999999998983,5.821361938436254
0.9777999999998981,5.8270202476730955
0.977899999999898,5.832680919942791
0.977999999999898,5.838343954515355
0.978099999999898,5.844009350660512
0.9781999999998979,5.84967710764772
0.9782999999998977,5.855347224746199
0.9783999999998978,5.861019701224898
0.9784999999998979,5.866694536352487
0.9785999999998977,5.872371729397357
0.9786999999998975,5.878051279627669
0.9787999999998976,5.883733186311312
0.9788999999998976,5.889417448715894
0.9789999999998975,5.895104066108751
0.9790999999998973,5.9007930377569835
0.9791999999998974,5.906484362927424
0.9792999999998975,5.9121780408866185
0.9793999999998972,5.9178740709008455
0.9794999999998971,5.92357245223615
0.9795999999998972,5.92927318415831
0.9796999999998972,5.934976265932812
0.9797999999998971,5.940681696824883
0.979899999999897,5.9463894760995055
0.979999999999897,5.952099603021405
0.980099999999897,5.957812076855017
0.9801999999998968,5.963526896864509
0.9802999999998967,5.969244062313817
0.9803999999998968,5.974963572466608
0.9804999999998968,5.980685426586264
0.9805999999998967,5.986409623935904
0.9806999999998965,5.992136163778408
0.9807999999998965,5.997865045376395
0.9808999999998966,6.003596267992193
0.9809999999998964,6.009329830887871
0.9810999999998963,6.0150657333252555
0.9811999999998964,6.020803974565922
0.9812999999998964,6.026544553871146
0.9813999999998962,6.032287470501946
0.9814999999998961,6.038032723719106
0.9815999999998961,6.043780312783144
0.9816999999998962,6.049530236954294
0.9817999999998961,6.055282495492526
0.9818999999998959,6.061037087657577
0.981999999999896,6.066794012708919
0.982099999999896,6.072553269905736
0.9821999999998958,6.0783148585069595
0.9822999999998957,6.084078777771275
0.9823999999998957,6.0898450269571125
0.9824999999998958,6.095613605322614
0.9825999999998957,6.101384512125663
0.9826999999998954,6.107157746623902
0.9827999999998955,6.112933308074719
0.9828999999998955,6.118711195735216
0.9829999999998954,6.124491408862228
0.9830999999998953,6.130273946712363
0.9831999999998953,6.136058808541963
0.9832999999998954,6.141845993607087
0.9833999999998952,6.1476355011635375
0.983499999999895,6.153427330466875
0.9835999999998951,6.159221480772406
0.9836999999998952,6.165017951335152
0.983799999999895,6.170816741409868
0.9838999999998949,6.176617850251085
0.9839999999998948,6.1824212771130655
0.984099999999895,6.188227021249797
0.9841999999998948,6.194035081914998
0.9842999999998946,6.1998454583621605
0.9843999999998947,6.205658149844517
0.9844999999998948,6.211473155615007
0.9845999999998946,6.217290474926326
0.9846999999998944,6.223110107030926
0.9847999999998945,6.228932051180999
0.9848999999998945,6.234756306628464
0.9849999999998944,6.240582872624971
0.9850999999998942,6.246411748421942
0.9851999999998943,6.252242933270541
0.9852999999998944,6.258076426421649
0.9853999999998941,6.263912227125885
0.985499999999894,6.269750334633644
0.9855999999998941,6.27559074819505
0.9856999999998941,6.281433467059962
0.985799999999894,6.287278490477966
0.9858999999998939,6.293125817698424
0.9859999999998939,6.298975447970438
0.986099999999894,6.304827380542829
0.9861999999998937,6.310681614664161
0.9862999999998936,6.316538149582766
0.9863999999998937,6.322396984546719
0.9864999999998937,6.328258118803811
0.9865999999998936,6.334121551601584
0.9866999999998934,6.339987282187337
0.9867999999998934,6.345855309808123
0.9868999999998935,6.3517256337107115
0.9869999999998933,6.357598253141609
0.9870999999998932,6.3634731673471014
0.9871999999998933,6.3693503755732115
0.9872999999998933,6.375229877065682
0.9873999999998931,6.381111671070004
0.987499999999893,6.386995756831434
0.987599999999893,6.392882133594974
0.9876999999998931,6.398770800605347
0.987799999999893,6.404661757107018
0.9878999999998928,6.410555002344227
0.9879999999998929,6.4164505355609505
0.9880999999998928,6.422348356000894
0.9881999999998927,6.428248462907503
0.9882999999998926,6.4341508555239955
0.9883999999998926,6.440055533093332
0.9884999999998927,6.445962494858196
0.9885999999998926,6.4518717400610175
0.9886999999998923,6.457783267943993
0.9887999999998924,6.463697077749072
0.9888999999998924,6.469613168717918
0.9889999999998923,6.475531540091939
0.9890999999998922,6.481452191112324
0.9891999999998922,6.48737512102
0.9892999999998923,6.49330032905562
0.9893999999998921,6.499227814459576
0.9894999999998919,6.505157576472039
0.989599999999892,6.511089614332927
0.9896999999998921,6.517023927281874
0.9897999999998919,6.5229605145582665
0.9898999999998918,6.528899375401258
0.9899999999998917,6.534840509049753
0.9900999999998918,6.540783914742377
0.9901999999998917,6.546729591717501
0.9902999999998915,6.5526775392132715
0.9903999999998916,6.558627756467582
0.9904999999998917,6.564580242718047
0.9905999999998915,6.570534997202026
0.9906999999998913,6.5764920191566585
0.9907999999998913,6.582451307818827
0.9908999999998914,6.588412862425139
0.9909999999998913,6.594376682211949
0.9910999999998911,6.600342766415383
0.9911999999998912,6.606311114271322
0.9912999999998913,6.612281725015361
0.991399999999891,6.618254597882853
0.9914999999998909,6.624229732108917
0.991599999999891,6.630207126928427
0.991699999999891,6.636186781575977
0.9917999999998909,6.64216869528591
0.9918999999998906,6.648152867292343
0.9919999999998907,6.654139296829146
0.9920999999998908,6.660127983129911
0.9921999999998906,6.666118925427977
0.9922999999998905,6.672112122956462
0.9923999999998906,6.67810757494823
0.9924999999998906,6.684105280635869
0.9925999999998905,6.690105239251723
0.9926999999998903,6.696107450027904
0.9927999999998903,6.702111912196281
0.9928999999998904,6.708118624988442
0.9929999999998902,6.714127587635723
0.9930999999998901,6.720138799369246
0.9931999999998902,6.726152259419876
0.9932999999998902,6.732167967018206
0.99339999999989,6.738185921394577
0.9934999999998899,6.744206121779106
0.9935999999998899,6.750228567401667
0.99369999999989,6.756253257491853
0.9937999999998898,6.762280191279009
0.9938999999998896,6.768309367992264
0.9939999999998897,6.7743407868604875
0.9940999999998897,6.780374447112281
0.9941999999998896,6.786410347975998
0.9942999999998895,6.792448488679766
0.9943999999998895,6.79848886845147
0.9944999999998896,6.804531486518713
0.9945999999998895,6.810576342108859
0.9946999999998892,6.816623434449039
0.9947999999998893,6.822672762766149
0.9948999999998893,6.828724326286802
0.9949999999998892,6.834778124237368
0.9950999999998891,6.840834155843994
0.9951999999998891,6.846892420332578
0.9952999999998892,6.8529529169287455
0.995399999999889,6.8590156448578785
0.9954999999998888,6.8650806033451355
0.9955999999998889,6.871147791615425
0.9956999999998889,6.877217208893389
0.9957999999998888,6.883288854403418
0.9958999999998887,6.889362727369679
0.9959999999998886,6.8954388270161004
0.9960999999998887,6.9015171525663375
0.9961999999998886,6.907597703243793
0.9962999999998884,6.913680478271651
0.9963999999998885,6.919765476872855
0.9964999999998886,6.925852698270069
0.9965999999998884,6.931942141685718
0.9966999999998882,6.938033806342004
0.9967999999998882,6.944127691460882
0.9968999999998883,6.950223796264039
0.9969999999998882,6.956322119972911
0.997099999999888,6.962422661808722
0.9971999999998881,6.968525420992447
0.9972999999998882,6.9746303967447885
0.9973999999998879,6.980737588286206
0.9974999999998878,6.986846994836939
0.9975999999998879,6.992958615616981
0.9976999999998879,6.999072449846062
0.9977999999998878,7.005188496743656
0.9978999999998875,7.011306755529029
0.9979999999998876,7.017427225421196
0.9980999999998877,7.023549905638905
0.9981999999998875,7.029674795400656
0.9982999999998874,7.03580189392474
0.9983999999998875,7.041931200429193
0.9984999999998875,7.048062714131786
0.9985999999998874,7.0541964342500485
0.9986999999998871,7.060332360001288
0.9987999999998872,7.066470490602571
0.9988999999998873,7.072610825270696
0.9989999999998871,7.078753363222214
0.999099999999887,7.084898103673464
0.9991999999998871,7.091045045840538
0.9992999999998871,7.097194188939259
0.9993999999998869,7.1033455321852115
0.9994999999998868,7.1094990747937565
0.9995999999998868,7.115654815980019
0.9996999999998869,7.121812754958851
0.9997999999998867,7.127972890944864
0.9998999999998865,7.134135223152452
0.9999999999998866,7.140299750795767
1.0000999999998867,7.1464664730886955
1.0001999999998865,7.152635389244878
1.0002999999998863,7.15880649847774
1.0003999999998865,7.164979800000471
1.0004999999998865,7.171155293025982
1.0005999999998862,7.177332976766951
1.0006999999998862,7.183512850435839
1.0007999999998862,7.189694913244863
1.0008999999998862,7.1958791644059765
1.0009999999998862,7.202065603130883
1.001099999999886,7.208254228631086
1.001199999999886,7.214445040117836
1.001299999999886,7.220638036802121
1.001399999999886,7.226833217894685
1.0014999999998857,7.2330305826060615
1.0015999999998857,7.239230130146542
1.001699999999886,7.245431859726153
1.0017999999998857,7.251635770554677
1.0018999999998854,7.257841861841687
1.0019999999998856,7.264050132796511
1.0020999999998856,7.2702605826282145
1.0021999999998854,7.276473210545621
1.0022999999998854,7.282688015757344
1.0023999999998854,7.288904997471754
1.0024999999998854,7.2951241548969525
1.0025999999998854,7.301345487240811
1.0026999999998851,7.307568993710979
1.0027999999998851,7.313794673514872
1.0028999999998853,7.32002252585964
1.002999999999885,7.326252549952187
1.0030999999998849,7.332484744999213
1.0031999999998849,7.338719110207179
1.003299999999885,7.344955644782271
1.0033999999998848,7.351194347930448
1.0034999999998846,7.357435218857452
1.0035999999998848,7.363678256768787
1.0036999999998848,7.36992346086969
1.0037999999998846,7.376170830365161
1.0038999999998846,7.382420364459995
1.0039999999998845,7.388672062358737
1.0040999999998845,7.394925923265677
1.0041999999998845,7.401181946384865
1.0042999999998843,7.407440130920139
1.0043999999998843,7.413700476075103
1.0044999999998845,7.419962981053083
1.0045999999998843,7.426227645057189
1.004699999999884,7.432494467290307
1.0047999999998842,7.438763446955086
1.0048999999998842,7.4450345832539195
1.004999999999884,7.451307875388953
1.0050999999998838,7.45758332256213
1.005199999999884,7.463860923975155
1.005299999999884,7.470140678829469
1.0053999999998837,7.476422586326278
1.0054999999998837,7.482706645666576
1.0055999999998837,7.488992856051125
1.0056999999998837,7.495281216680414
1.0057999999998837,7.501571726754708
1.0058999999998834,7.507864385474058
1.0059999999998834,7.514159192038277
1.0060999999998836,7.5204561456469206
1.0061999999998834,7.526755245499302
1.0062999999998832,7.533056490794531
1.0063999999998834,7.539359880731479
1.0064999999998834,7.545665414508761
1.0065999999998831,7.551973091324749
1.0066999999998831,7.5582829103776135
1.0067999999998831,7.5645948708652835
1.006899999999883,7.570908971985429
1.0069999999998829,7.577225212935492
1.0070999999998829,7.583543592912695
1.0071999999998829,7.589864111114031
1.0072999999998828,7.596186766736241
1.0073999999998828,7.60251155897581
1.0074999999998826,7.608838487029041
1.0075999999998826,7.6151675500919795
1.0076999999998828,7.621498747360431
1.0077999999998826,7.627832078029953
1.0078999999998823,7.6341675412959
1.0079999999998825,7.640505136353398
1.0080999999998825,7.646844862397298
1.0081999999998823,7.653186718622237
1.0082999999998823,7.659530704222632
1.0083999999998823,7.665876818392671
1.0084999999998823,7.672225060326282
1.0085999999998823,7.678575429217159
1.008699999999882,7.68492792425879
1.008799999999882,7.691282544644435
1.008899999999882,7.69763928956708
1.008999999999882,7.703998158219499
1.0090999999998818,7.710359149794248
1.0091999999998817,7.716722263483651
1.009299999999882,7.723087498479771
1.0093999999998817,7.729454853974447
1.0094999999998815,7.735824329159306
1.0095999999998817,7.742195923225746
1.0096999999998817,7.748569635364902
1.0097999999998815,7.754945464767687
1.0098999999998814,7.761323410624794
1.0099999999998814,7.767703472126702
1.0100999999998814,7.774085648463621
1.0101999999998814,7.780469938825523
1.0102999999998812,7.786856342402196
1.0103999999998812,7.793244858383181
1.0104999999998814,7.799635485957763
1.0105999999998811,7.806028224315002
1.010699999999881,7.8124230726437425
1.0107999999998811,7.818820030132616
1.0108999999998811,7.825219095969983
1.0109999999998809,7.831620269343975
1.0110999999998806,7.838023549442528
1.0111999999998809,7.8444289354533385
1.0112999999998808,7.850836426563848
1.0113999999998806,7.857246021961273
1.0114999999998806,7.86365772083262
1.0115999999998806,7.870071522364672
1.0116999999998806,7.876487425743955
1.0117999999998806,7.882905430156756
1.0118999999998803,7.8893255347891715
1.0119999999998803,7.89574773882706
1.0120999999998805,7.902172041456027
1.0121999999998803,7.9085984418614546
1.01229999999988,7.915026939228514
1.0123999999998803,7.921457532742155
1.0124999999998803,7.927890221587055
1.01259999999988,7.934325004947685
1.01269999999988,7.940761882008301
1.01279999999988,7.947200851952935
1.01289999999988,7.953641913965366
1.0129999999998798,7.960085067229129
1.0130999999998798,7.966530310927581
1.0131999999998798,7.972977644243833
1.0132999999998797,7.979427066360751
1.0133999999998797,7.985878576460968
1.0134999999998795,7.992332173726919
1.0135999999998795,7.998787857340813
1.0136999999998797,8.005245626484593
1.0137999999998795,8.01170548033999
1.0138999999998792,8.018167418088524
1.0139999999998794,8.024631438911495
1.0140999999998794,8.031097541989945
1.0141999999998792,8.037565726504686
1.0142999999998792,8.044035991636333
1.0143999999998792,8.050508336565278
1.0144999999998792,8.056982760471652
1.0145999999998792,8.063459262535366
1.014699999999879,8.06993784193613
1.014799999999879,8.076418497853423
1.014899999999879,8.082901229466472
1.0149999999998789,8.089386035954282
1.0150999999998787,8.095872916495662
1.0151999999998786,8.102361870269178
1.0152999999998789,8.108852896453167
1.0153999999998786,8.11534599422572
1.0154999999998784,8.121841162764737
1.0155999999998786,8.128338401247897
1.0156999999998786,8.134837708852615
1.0157999999998784,8.1413390847561
1.0158999999998783,8.147842528135339
1.0159999999998783,8.154348038167115
1.0160999999998783,8.160855614027943
1.0161999999998783,8.167365254894124
1.016299999999878,8.173876959941753
1.016399999999878,8.180390728346703
1.0164999999998783,8.186906559284605
1.016599999999878,8.193424451930845
1.0166999999998778,8.199944405460634
1.016799999999878,8.20646641904894
1.016899999999878,8.212990491870496
1.0169999999998778,8.219516623099798
1.0170999999998775,8.226044811911153
1.0171999999998778,8.232575057478646
1.0172999999998777,8.239107358976094
1.0173999999998775,8.24564171557711
1.0174999999998775,8.252178126455105
1.0175999999998775,8.258716590783262
1.0176999999998775,8.265257107734525
1.0177999999998775,8.271799676481592
1.0178999999998772,8.278344296196988
1.0179999999998772,8.284890966053009
1.0180999999998774,8.291439685221698
1.0181999999998772,8.297990452874869
1.018299999999877,8.304543268184151
1.0183999999998772,8.311098130320948
1.0184999999998772,8.317655038456415
1.018599999999877,8.324213991761479
1.018699999999877,8.330774989406875
1.018799999999877,8.337338030563117
1.018899999999877,8.343903114400469
1.0189999999998767,8.35047024008898
1.0190999999998767,8.357039406798485
1.0191999999998766,8.363610613698626
1.0192999999998766,8.370183859958765
1.0193999999998766,8.376759144748064
1.0194999999998764,8.383336467235488
1.0195999999998764,8.389915826589773
1.0196999999998766,8.396497221979416
1.0197999999998764,8.40308065257268
1.0198999999998761,8.409666117537645
1.0199999999998763,8.41625361604217
1.0200999999998763,8.42284314725386
1.020199999999876,8.429434710340104
1.020299999999876,8.436028304468097
1.020399999999876,8.442623928804814
1.020499999999876,8.449221582516978
1.020599999999876,8.455821264771098
1.0206999999998758,8.462422974733482
1.0207999999998758,8.469026711570228
1.0208999999998758,8.475632474447186
1.0209999999998758,8.482240262529976
1.0210999999998756,8.48885007498403
1.0211999999998755,8.49546191097457
1.0212999999998758,8.502075769666556
1.0213999999998755,8.50869165022474
1.0214999999998753,8.515309551813681
1.0215999999998755,8.521929473597714
1.0216999999998755,8.528551414740926
1.0217999999998753,8.535175374407194
1.0218999999998752,8.541801351760192
1.0219999999998752,8.54842934596339
1.0220999999998752,8.555059356180001
1.0221999999998752,8.561691381573016
1.022299999999875,8.568325421305248
1.022399999999875,8.574961474539286
1.0224999999998752,8.581599540437463
1.022599999999875,8.588239618161913
1.0226999999998747,8.594881706874565
1.0227999999998747,8.60152580573714
1.022899999999875,8.6081719139111
1.0229999999998747,8.614820030557707
1.0230999999998744,8.621470154838017
1.0231999999998747,8.628122285912875
1.0232999999998746,8.63477642294289
1.0233999999998744,8.641432565088438
1.0234999999998744,8.648090711509713
1.0235999999998744,8.654750861366695
1.0236999999998744,8.661413013819114
1.0237999999998744,8.668077168026487
1.0238999999998741,8.67474332314814
1.0239999999998741,8.681411478343188
1.0240999999998743,8.688081632770487
1.024199999999874,8.694753785588695
1.0242999999998739,8.701427935956264
1.024399999999874,8.708104083031447
1.024499999999874,8.714782225972243
1.0245999999998738,8.721462363936435
1.0246999999998738,8.72814449608162
1.0247999999998738,8.73482862156518
1.0248999999998738,8.741514739544252
1.0249999999998736,8.748202849175764
1.0250999999998736,8.75489294961644
1.0251999999998735,8.761585040022814
1.0252999999998735,8.768279119551142
1.0253999999998735,8.774975187357505
1.0254999999998733,8.781673242597765
1.0255999999998733,8.788373284427587
1.0256999999998735,8.79507531200239
1.0257999999998733,8.801779324477367
1.025899999999873,8.808485321007538
1.0259999999998732,8.815193300747708
1.0260999999998732,8.821903262852429
1.026199999999873,8.828615206476048
1.026299999999873,8.835329130772728
1.026399999999873,8.842045034896408
1.026499999999873,8.84876291800079
1.026599999999873,8.855482779239365
1.0266999999998727,8.862204617765435
1.0267999999998727,8.868928432732085
1.0268999999998727,8.875654223292171
1.0269999999998727,8.882381988598324
1.0270999999998724,8.88911172780299
1.0271999999998724,8.89584344005841
1.0272999999998726,8.902577124516576
1.0273999999998724,8.909312780329271
1.0274999999998722,8.916050406648086
1.0275999999998724,8.922790002624415
1.0276999999998724,8.9295315674094
1.0277999999998721,8.936275100153969
1.0278999999998721,8.94302060000887
1.0279999999998721,8.949768066124635
1.0280999999998721,8.956517497651562
1.028199999999872,8.963268893739734
1.0282999999998719,8.970022253539044
1.0283999999998719,8.976777576199186
1.028499999999872,8.983534860869598
1.0285999999998718,8.990294106699524
1.0286999999998716,8.997055312838008
1.0287999999998716,9.003818478433894
1.0288999999998718,9.010583602635785
1.0289999999998716,9.017350684592063
1.0290999999998713,9.024119723450937
1.0291999999998716,9.030890718360405
1.0292999999998715,9.03766366846822
1.0293999999998713,9.04443857292193
1.0294999999998713,9.051215430868897
1.0295999999998713,9.057994241456276
1.0296999999998713,9.064775003830976
1.0297999999998713,9.0715577171397
1.029899999999871,9.078342380528976
1.029999999999871,9.085128993145108
1.0300999999998712,9.091917554134174
1.030199999999871,9.098708062642027
1.0302999999998708,9.105500517814363
1.030399999999871,9.11229491879664
1.030499999999871,9.119091264734095
1.0305999999998707,9.125889554771756
1.0306999999998707,9.132689788054469
1.0307999999998707,9.139491963726858
1.0308999999998707,9.146296080933324
1.0309999999998705,9.153102138818053
1.0310999999998705,9.15991013652505
1.0311999999998704,9.166720073198116
1.0312999999998704,9.17353194798081
1.0313999999998704,9.180345760016484
1.0314999999998702,9.187161508448307
1.0315999999998702,9.193979192419238
1.0316999999998704,9.200798811072014
1.0317999999998702,9.207620363549147
1.03189999999987,9.214443848992971
1.0319999999998701,9.221269266545626
1.0320999999998701,9.228096615348997
1.0321999999998699,9.234925894544777
1.0322999999998699,9.241757103274466
1.0323999999998699,9.248590240679366
1.0324999999998699,9.255425305900545
1.0325999999998698,9.26226229807885
1.0326999999998696,9.269101216354965
1.0327999999998696,9.275942059869354
1.0328999999998696,9.282784827762255
1.0329999999998696,9.289629519173694
1.0330999999998693,9.296476133243523
1.0331999999998693,9.303324669111383
1.0332999999998695,9.310175125916677
1.0333999999998693,9.317027502798608
1.033499999999869,9.323881798896203
1.0335999999998693,9.33073801334827
1.0336999999998693,9.337596145293396
1.033799999999869,9.344456193869952
1.033899999999869,9.351318158216142
1.033999999999869,9.358182037469957
1.034099999999869,9.365047830769152
1.034199999999869,9.371915537251276
1.0342999999998688,9.378785156053711
1.0343999999998688,9.385656686313622
1.034499999999869,9.392530127167952
1.0345999999998687,9.39940547775342
1.0346999999998685,9.406282737206583
1.0347999999998685,9.413161904663795
1.0348999999998687,9.42004297926117
1.0349999999998685,9.426925960134612
1.0350999999998682,9.433810846419863
1.0351999999998684,9.440697637252452
1.0352999999998684,9.447586331767669
1.0353999999998682,9.454476929100611
1.0354999999998682,9.461369428386194
1.0355999999998682,9.46826382875913
1.0356999999998682,9.475160129353903
1.0357999999998682,9.482058329304783
1.035899999999868,9.48895842774587
1.035999999999868,9.495860423811058
1.0360999999998681,9.50276431663402
1.036199999999868,9.509670105348215
1.0362999999998677,9.516577789086924
1.0363999999998679,9.523487366983236
1.0364999999998679,9.530398838169992
1.0365999999998676,9.537312201779848
1.0366999999998674,9.544227456945277
1.0367999999998676,9.551144602798546
1.0368999999998676,9.558063638471701
1.0369999999998674,9.56498456309657
1.0370999999998674,9.571907375804814
1.0371999999998673,9.578832075727902
1.0372999999998673,9.585758661997057
1.0373999999998673,9.592687133743306
1.037499999999867,9.599617490097504
1.037599999999867,9.606549730190304
1.0376999999998673,9.613483853152118
1.037799999999867,9.620419858113172
1.0378999999998668,9.627357744203511
1.037999999999867,9.634297510552976
1.038099999999867,9.641239156291187
1.0381999999998668,9.648182680547547
1.0382999999998668,9.655128082451302
1.0383999999998668,9.662075361131487
1.0384999999998668,9.669024515716915
1.0385999999998665,9.675975545336192
1.0386999999998665,9.68292844911775
1.0387999999998665,9.689883226189831
1.0388999999998665,9.696839875680437
1.0389999999998665,9.70379839671737
1.0390999999998662,9.710758788428267
1.0391999999998662,9.717721049940561
1.0392999999998664,9.724685180381455
1.0393999999998662,9.73165117887795
1.039499999999866,9.738619044556879
1.0395999999998662,9.74558877654488
1.0396999999998662,9.752560373968352
1.039799999999866,9.759533835953501
1.039899999999866,9.76650916162636
1.039999999999866,9.77348635011277
1.040099999999866,9.780465400538324
1.040199999999866,9.78744631202843
1.0402999999998657,9.794429083708337
1.0403999999998657,9.801413714703072
1.0404999999998656,9.80840020413745
1.0405999999998656,9.815388551136072
1.0406999999998654,9.82237875482339
1.0407999999998654,9.829370814323635
1.0408999999998656,9.836364728760831
1.0409999999998654,9.843360497258793
1.0410999999998651,9.850358118941166
1.0411999999998653,9.8573575929314
1.0412999999998653,9.864358918352712
1.041399999999865,9.871362094328127
1.041499999999865,9.878367119980505
1.041599999999865,9.885373994432495
1.041699999999865,9.892382716806539
1.041799999999865,9.899393286224853
1.0418999999998648,9.906405701809517
1.0419999999998648,9.913419962682394
1.042099999999865,9.920436067965117
1.0421999999998648,9.927454016779137
1.0422999999998646,9.934473808245725
1.0423999999998648,9.941495441485964
1.0424999999998648,9.948518915620706
1.0425999999998645,9.955544229770604
1.0426999999998643,9.962571383056149
1.0427999999998645,9.969600374597631
1.0428999999998645,9.976631203515117
1.0429999999998643,9.98366386892848
1.0430999999998642,9.99069836995742
1.0431999999998642,9.99773470572145
1.0432999999998642,10.004772875339842
1.0433999999998642,10.011812877931689
1.043499999999864,10.018854712615912
1.043599999999864,10.02589837851123
1.0436999999998642,10.032943874736148
1.043799999999864,10.039991200408963
1.0438999999998637,10.047040354647818
1.043999999999864,10.054091336570652
1.044099999999864,10.061144145295186
1.0441999999998637,10.068198779938939
1.0442999999998637,10.075255239619278
1.0443999999998637,10.082313523453356
1.0444999999998636,10.089373630558118
1.0445999999998634,10.0964355600503
1.0446999999998634,10.103499311046493
1.0447999999998634,10.110564882663072
1.0448999999998634,10.117632274016206
1.0449999999998634,10.124701484221852
1.0450999999998631,10.131772512395822
1.0451999999998631,10.13884535765372
1.0452999999998633,10.14592001911093
1.045399999999863,10.152996495882645
1.0454999999998629,10.160074787083895
1.045599999999863,10.16715489182951
1.045699999999863,10.174236809234102
1.0457999999998628,10.18132053841209
1.0458999999998628,10.188406078477726
1.0459999999998628,10.195493428545072
1.0460999999998628,10.202582587727969
1.0461999999998628,10.209673555140059
1.0462999999998626,10.216766329894824
1.0463999999998626,10.223860911105554
1.0464999999998625,10.230957297885318
1.0465999999998625,10.23805548934699
1.0466999999998623,10.24515548460329
1.0467999999998623,10.252257282766728
1.0468999999998625,10.259360882949604
1.0469999999998623,10.266466284264027
1.047099999999862,10.273573485821942
1.0471999999998622,10.2806824867351
1.0472999999998622,10.287793286115033
1.047399999999862,10.29490588307308
1.047499999999862,10.302020276720416
1.047599999999862,10.309136466168033
1.047699999999862,10.31625445052669
1.047799999999862,10.323374228906967
1.0478999999998617,10.330495800419275
1.0479999999998617,10.337619164173837
1.048099999999862,10.344744319280654
1.0481999999998617,10.35187126484953
1.0482999999998615,10.358999999990125
1.0483999999998614,10.366130523811893
1.0484999999998617,10.37326283542408
1.0485999999998614,10.380396933935721
1.0486999999998612,10.387532818455716
1.0487999999998614,10.394670488092762
1.0488999999998614,10.401809941955333
1.0489999999998612,10.40895117915172
1.0490999999998611,10.416094198790054
1.0491999999998611,10.42323899997827
1.0492999999998611,10.430385581824098
1.049399999999861,10.437533943435055
1.0494999999998609,10.444684083918517
1.0495999999998609,10.451836002381668
1.049699999999861,10.458989697931468
1.0497999999998608,10.466145169674686
1.0498999999998606,10.47330241671795
1.0499999999998608,10.480461438167678
1.0500999999998608,10.487622233130072
1.0501999999998606,10.49478480071116
1.0502999999998606,10.501949140016794
1.0503999999998606,10.509115250152654
1.0504999999998605,10.516283130224188
1.0505999999998603,10.523452779336662
1.0506999999998603,10.53062419659518
1.0507999999998603,10.537797381104669
1.0508999999998603,10.544972331969827
1.0509999999998603,10.552149048295165
1.05109999999986,10.55932752918504
1.05119999999986,10.56650777374363
1.0512999999998602,10.57368978107487
1.05139999999986,10.580873550282536
1.0514999999998598,10.58805908047023
1.05159999999986,10.595246370741373
1.05169999999986,10.60243542019917
1.0517999999998597,10.609626227946631
1.0518999999998597,10.616818793086615
1.0519999999998597,10.624013114721802
1.0520999999998597,10.631209191954639
1.0521999999998597,10.638407023887398
1.0522999999998595,10.645606609622199
1.0523999999998594,10.652807948260966
1.0524999999998594,10.660011038905399
1.0525999999998594,10.667215880657032
1.0526999999998592,10.674422472617232
1.0527999999998592,10.681630813887184
1.0528999999998594,10.688840903567856
1.0529999999998592,10.696052740760022
1.053099999999859,10.703266324564314
1.0531999999998591,10.710481654081171
1.0532999999998591,10.717698728410818
1.053399999999859,10.724917546653298
1.0534999999998589,10.732138107908495
1.0535999999998589,10.73936041127611
1.0536999999998589,10.746584455855627
1.0537999999998588,10.753810240746345
1.0538999999998586,10.761037765047412
1.0539999999998586,10.768267027857792
1.0540999999998588,10.775498028276228
1.0541999999998586,10.782730765401285
1.0542999999998584,10.789965238331373
1.0543999999998583,10.797201446164712
1.0544999999998586,10.804439387999311
1.0545999999998583,10.811679062933008
1.054699999999858,10.818920470063462
1.0547999999998583,10.82616360848818
1.0548999999998583,10.833408477304417
1.054999999999858,10.840655075609275
1.055099999999858,10.847903402499693
1.055199999999858,10.855153457072428
1.055299999999858,10.862405238424023
1.055399999999858,10.869658745650831
1.0554999999998578,10.87691397784906
1.0555999999998578,10.884170934114739
1.055699999999858,10.891429613543675
1.0557999999998577,10.898690015231498
1.0558999999998575,10.905952138273681
1.0559999999998577,10.913215981765525
1.0560999999998577,10.920481544802103
1.0561999999998575,10.927748826478316
1.0562999999998572,10.935017825888911
1.0563999999998575,10.942288542128455
1.0564999999998574,10.949560974291305
1.0565999999998572,10.956835121471622
1.0566999999998572,10.964110982763428
1.0567999999998572,10.97138855726057
1.0568999999998572,10.978667844056666
1.0569999999998572,10.985948842245163
1.057099999999857,10.993231550919361
1.057199999999857,11.000515969172366
1.0572999999998571,11.00780209609709
1.057399999999857,11.015089930786239
1.0574999999998567,11.022379472332396
1.0575999999998569,11.02967071982794
1.0576999999998569,11.036963672365065
1.0577999999998566,11.04425832903576
1.0578999999998566,11.051554688931875
1.0579999999998566,11.058852751145078
1.0580999999998566,11.066152514766827
1.0581999999998564,11.073453978888399
1.0582999999998564,11.080757142600925
1.0583999999998563,11.08806200499535
1.0584999999998563,11.095368565162419
1.0585999999998563,11.10267682219268
1.058699999999856,11.10998677517655
1.058799999999856,11.117298423204254
1.0588999999998563,11.12461176536582
1.058999999999856,11.131926800751085
1.0590999999998558,11.139243528449741
1.059199999999856,11.146561947551307
1.059299999999856,11.153882057145077
1.0593999999998558,11.161203856320187
1.0594999999998558,11.168527344165605
1.0595999999998558,11.175852519770137
1.0596999999998558,11.183179382222376
1.0597999999998557,11.190507930610723
1.0598999999998555,11.197838164023452
1.0599999999998555,11.205170081548637
1.0600999999998555,11.212503682274168
1.0601999999998555,11.219838965287737
1.0602999999998552,11.2271759296769
1.0603999999998552,11.234514574529031
1.0604999999998554,11.241854898931294
1.0605999999998552,11.249196901970679
1.060699999999855,11.256540582734027
1.0607999999998552,11.263885940308004
1.0608999999998552,11.27123297377907
1.060999999999855,11.278581682233499
1.061099999999855,11.285932064757427
1.061199999999855,11.29328412043681
1.061299999999855,11.3006378483574
1.061399999999855,11.307993247604768
1.0614999999998547,11.315350317264343
1.0615999999998547,11.322709056421377
1.0616999999998549,11.330069464160907
1.0617999999998546,11.337431539567804
1.0618999999998544,11.344795281726793
1.0619999999998546,11.352160689722414
1.0620999999998546,11.359527762639015
1.0621999999998544,11.366896499560752
1.0622999999998541,11.374266899571646
1.0623999999998543,11.381638961755542
1.0624999999998543,11.389012685196075
1.062599999999854,11.396388068976709
1.062699999999854,11.403765112180757
1.062799999999854,11.411143813891371
1.062899999999854,11.418524173191473
1.062999999999854,11.425906189163832
1.0630999999998538,11.433289860891069
1.0631999999998538,11.440675187455621
1.063299999999854,11.448062167939732
1.0633999999998538,11.455450801425453
1.0634999999998536,11.462841086994716
1.0635999999998538,11.470233023729255
1.0636999999998538,11.477626610710619
1.0637999999998535,11.485021847020171
1.0638999999998535,11.492418731739132
1.0639999999998535,11.499817263948556
1.0640999999998535,11.50721744272928
1.0641999999998533,11.51461926716198
1.0642999999998533,11.522022736327184
1.0643999999998532,11.529427849305243
1.0644999999998532,11.536834605176313
1.0645999999998532,11.544243003020368
1.064699999999853,11.551653041917241
1.064799999999853,11.5590647209466
1.0648999999998532,11.566478039187901
1.064999999999853,11.573892995720428
1.0650999999998527,11.581309589623325
1.065199999999853,11.588727819975562
1.065299999999853,11.596147685855918
1.0653999999998527,11.603569186342975
1.0654999999998527,11.610992320515193
1.0655999999998527,11.61841708745085
1.0656999999998527,11.625843486228028
1.0657999999998526,11.633271515924637
1.0658999999998524,11.640701175618446
1.0659999999998524,11.64813246438704
1.0660999999998524,11.655565381307817
1.0661999999998524,11.662999925457997
1.0662999999998521,11.670436095914662
1.0663999999998521,11.677873891754716
1.0664999999998523,11.685313312054873
1.066599999999852,11.692754355891664
1.0666999999998519,11.700197022341484
1.066799999999852,11.70764131048056
1.066899999999852,11.715087219384912
1.0669999999998518,11.722534748130396
1.0670999999998518,11.729983895792731
1.0671999999998518,11.73743466144745
1.0672999999998518,11.744887044169895
1.0673999999998518,11.752341043035242
1.0674999999998516,11.75979665711852
1.0675999999998516,11.76725388549459
1.0676999999998518,11.77471272723812
1.0677999999998515,11.782173181423593
1.0678999999998513,11.789635247125364
1.0679999999998515,11.797098923417616
1.0680999999998515,11.804564209374332
1.0681999999998513,11.81203110406933
1.068299999999851,11.81949960657628
1.0683999999998512,11.82696971596869
1.0684999999998512,11.834441431319863
1.068599999999851,11.841914751702939
1.068699999999851,11.849389676190917
1.068799999999851,11.856866203856622
1.068899999999851,11.864344333772697
1.068999999999851,11.871824065011591
1.0690999999998507,11.879305396645636
1.0691999999998507,11.886788327746984
1.069299999999851,11.894272857387598
1.0693999999998507,11.901758984639265
1.0694999999998505,11.909246708573642
1.0695999999998507,11.916736028262207
1.0696999999998507,11.924226942776244
1.0697999999998504,11.93171945118688
1.0698999999998504,11.939213552565093
1.0699999999998504,11.94670924598169
1.0700999999998504,11.954206530507298
1.0701999999998502,11.961705405212358
1.0702999999998501,11.96920586916719
1.0703999999998501,11.976707921441928
1.0704999999998501,11.984211561106532
1.0705999999998501,11.991716787230775
1.0706999999998499,11.999223598884306
1.0707999999998499,12.006731995136604
1.07089999999985,12.014241975056947
1.0709999999998498,12.021753537714453
1.0710999999998496,12.029266682178097
1.0711999999998498,12.036781407516697
1.0712999999998498,12.04429771279887
1.0713999999998496,12.051815597093062
1.0714999999998496,12.059335059467589
1.0715999999998496,12.066856098990606
1.0716999999998496,12.074378714730063
1.0717999999998495,12.081902905753743
1.0718999999998493,12.08942867112931
1.0719999999998493,12.096956009924247
1.0720999999998493,12.104484921205842
1.0721999999998493,12.112015404041225
1.072299999999849,12.119547457497388
1.072399999999849,12.127081080641164
1.0724999999998492,12.13461627253918
1.072599999999849,12.1421530322579
1.0726999999998488,12.149691358863665
1.072799999999849,12.157231251422646
1.072899999999849,12.164772709000811
1.0729999999998487,12.172315730663973
1.0730999999998487,12.179860315477809
1.0731999999998487,12.187406462507829
1.0732999999998487,12.194954170819358
1.0733999999998487,12.202503439477542
1.0734999999998485,12.210054267547408
1.0735999999998485,12.217606654093812
1.0736999999998487,12.225160598181414
1.0737999999998484,12.232716098874723
1.0738999999998482,12.240273155238096
1.0739999999998482,12.247831766335752
1.0740999999998484,12.255391931231687
1.0741999999998482,12.262953648989754
1.074299999999848,12.270516918673668
1.0743999999998481,12.278081739346986
1.0744999999998481,12.285648110073069
1.074599999999848,12.293216029915104
1.0746999999998479,12.300785497936165
1.0747999999998479,12.308356513199152
1.0748999999998479,12.315929074766776
1.0749999999998479,12.323503181701584
1.0750999999998476,12.331078833065995
1.0751999999998476,12.338656027922266
1.0752999999998478,12.346234765332452
1.0753999999998476,12.353815044358461
1.0754999999998474,12.361396864062058
1.0755999999998476,12.368980223504856
1.0756999999998476,12.376565121748273
1.0757999999998473,12.384151557853556
1.0758999999998473,12.391739530881834
1.0759999999998473,12.399329039894072
1.0760999999998473,12.406920083951043
1.076199999999847,12.414512662113356
1.076299999999847,12.422106773441493
1.076399999999847,12.42970241699578
1.076499999999847,12.437299591836336
1.076599999999847,12.44489829702314
1.0766999999998468,12.45249853161603
1.0767999999998468,12.46010029467468
1.076899999999847,12.467703585258587
1.0769999999998467,12.47530840242707
1.0770999999998465,12.482914745239338
1.0771999999998467,12.490522612754424
1.0772999999998467,12.498132004031179
1.0773999999998465,12.505742918128298
1.0774999999998465,12.51335535410434
1.0775999999998465,12.520969311017705
1.0776999999998464,12.528584787926608
1.0777999999998464,12.5362017838891
1.0778999999998462,12.543820297963103
1.0779999999998462,12.551440329206388
1.0780999999998462,12.559061876676532
1.0781999999998462,12.566684939430948
1.078299999999846,12.57430951652693
1.078399999999846,12.581935607021604
1.0784999999998461,12.589563209971919
1.078599999999846,12.597192324434657
1.0786999999998457,12.604822949466474
1.0787999999998459,12.612455084123868
1.0788999999998459,12.620088727463152
1.0789999999998456,12.627723878540474
1.0790999999998456,12.635360536411863
1.0791999999998456,12.642998700133184
1.0792999999998456,12.650638368760122
1.0793999999998456,12.658279541348188
1.0794999999998454,12.665922216952787
1.0795999999998454,12.673566394629155
1.0796999999998456,12.68121207343234
1.0797999999998453,12.688859252417238
1.079899999999845,12.69650793063862
1.079999999999845,12.704158107151093
1.0800999999998453,12.711809781009078
1.080199999999845,12.719462951266845
1.0802999999998448,12.727117616978536
1.080399999999845,12.73477377719813
1.080499999999845,12.742431430979435
1.0805999999998448,12.750090577376078
1.0806999999998448,12.757751215441589
1.0807999999998448,12.76541334422933
1.0808999999998448,12.773076962792468
1.0809999999998448,12.780742070184017
1.0810999999998445,12.788408665456876
1.0811999999998445,12.796076747663786
1.0812999999998447,12.803746315857298
1.0813999999998445,12.811417369089806
1.0814999999998443,12.81908990641358
1.0815999999998445,12.826763926880746
1.0816999999998445,12.834439429543226
1.0817999999998442,12.842116413452805
1.0818999999998442,12.849794877661132
1.0819999999998442,12.857474821219707
1.0820999999998442,12.865156243179841
1.082199999999844,12.872839142592694
1.082299999999844,12.880523518509298
1.082399999999844,12.888209369980535
1.082499999999844,12.895896696057111
1.082599999999844,12.90358549578955
1.0826999999998437,12.911275768228286
1.0827999999998437,12.918967512423578
1.0828999999998439,12.926660727425507
1.0829999999998436,12.934355412284
1.0830999999998434,12.942051566048866
1.0831999999998436,12.949749187769758
1.0832999999998436,12.95744827649613
1.0833999999998434,12.965148831277306
1.0834999999998434,12.972850851162478
1.0835999999998434,12.980554335200685
1.0836999999998433,12.988259282440785
1.0837999999998433,12.995965691931472
1.083899999999843,13.003673562721335
1.083999999999843,13.011382893858798
1.084099999999843,13.01909368439211
1.084199999999843,13.026805933369364
1.0842999999998428,13.034519639838528
1.0843999999998428,13.042234802847426
1.084499999999843,13.049951421443692
1.0845999999998428,13.057669494674816
1.0846999999998426,13.065389021588155
1.0847999999998428,13.073110001230924
1.0848999999998428,13.080832432650164
1.0849999999998425,13.088556314892738
1.0850999999998425,13.096281647005409
1.0851999999998425,13.104008428034794
1.0852999999998425,13.111736657027302
1.0853999999998425,13.119466333029221
1.0854999999998423,13.127197455086701
1.0855999999998422,13.13493002224575
1.0856999999998425,13.14266403355218
1.0857999999998422,13.150399488051669
1.085899999999842,13.158136384789769
1.085999999999842,13.165874722811882
1.0860999999998422,13.173614501163227
1.086199999999842,13.181355718888872
1.0862999999998417,13.189098375033774
1.086399999999842,13.19684246864273
1.086499999999842,13.204587998760363
1.0865999999998417,13.212334964431143
1.0866999999998417,13.220083364699422
1.0867999999998417,13.22783319860941
1.0868999999998417,13.235584465205115
1.0869999999998416,13.24333716353042
1.0870999999998414,13.251091292629079
1.0871999999998414,13.258846851544696
1.0872999999998416,13.266603839320705
1.0873999999998414,13.274362255000371
1.0874999999998411,13.282122097626855
1.0875999999998414,13.289883366243181
1.0876999999998413,13.297646059892168
1.0877999999998411,13.305410177616503
1.0878999999998409,13.31317571845875
1.087999999999841,13.320942681461334
1.088099999999841,13.328711065666482
1.0881999999998409,13.33648087011629
1.0882999999998408,13.34425209385273
1.0883999999998408,13.35202473591763
1.0884999999998408,13.359798795352638
1.0885999999998408,13.367574271199246
1.0886999999998406,13.375351162498848
1.0887999999998406,13.383129468292674
1.0888999999998408,13.390909187621782
1.0889999999998405,13.398690319527079
1.0890999999998403,13.406472863049366
1.0891999999998405,13.414256817229283
1.0892999999998405,13.422042181107312
1.0893999999998403,13.429828953723762
1.0894999999998403,13.437617134118847
1.0895999999998403,13.445406721332626
1.0896999999998402,13.453197714404984
1.08979999999984,13.46099011237566
1.08989999999984,13.46878391428427
1.08999999999984,13.4765791191703
1.09009999999984,13.484375726073036
1.09019999999984,13.492173734031644
1.0902999999998397,13.49997314208515
1.0903999999998397,13.507773949272456
1.09049999999984,13.51557615463228
1.0905999999998397,13.52337975720318
1.0906999999998395,13.531184756023627
1.0907999999998397,13.538991150131926
1.0908999999998397,13.546798938566205
1.0909999999998394,13.55460812036447
1.0910999999998394,13.562418694564585
1.0911999999998394,13.57023066020429
1.0912999999998394,13.578044016321133
1.0913999999998394,13.58585876195253
1.0914999999998392,13.593674896135779
1.0915999999998391,13.601492417908032
1.0916999999998391,13.609311326306269
1.0917999999998391,13.617131620367322
1.0918999999998389,13.624953299127911
1.0919999999998389,13.632776361624614
1.092099999999839,13.640600806893842
1.0921999999998389,13.64842663397184
1.0922999999998386,13.65625384189476
1.0923999999998388,13.664082429698611
1.0924999999998388,13.671912396419213
1.0925999999998386,13.679743741092253
1.0926999999998386,13.687576462753302
1.0927999999998386,13.695410560437795
1.0928999999998386,13.703246033180983
1.0929999999998385,13.711082880017983
1.0930999999998383,13.718921099983787
1.0931999999998383,13.726760692113265
1.0932999999998385,13.734601655441095
1.0933999999998383,13.742443989001822
1.093499999999838,13.750287691829875
1.0935999999998383,13.758132762959548
1.0936999999998382,13.765979201424953
1.093799999999838,13.773827006260063
1.0938999999998378,13.78167617649874
1.093999999999838,13.789526711174707
1.094099999999838,13.79737860932152
1.0941999999998377,13.805231869972577
1.0942999999998377,13.813086492161172
1.0943999999998377,13.820942474920464
1.0944999999998377,13.828799817283443
1.0945999999998377,13.83665851828294
1.0946999999998375,13.844518576951687
1.0947999999998375,13.85237999232229
1.0948999999998377,13.86024276342715
1.0949999999998374,13.86810688929855
1.0950999999998372,13.875972368968661
1.0951999999998374,13.883839201469511
1.0952999999998374,13.891707385832959
1.0953999999998372,13.899576921090715
1.0954999999998372,13.907447806274385
1.0955999999998371,13.915320040415454
1.0956999999998371,13.923193622545194
1.095799999999837,13.931068551694779
1.095899999999837,13.938944826895243
1.0959999999998369,13.946822447177508
1.0960999999998369,13.954701411572307
1.0961999999998369,13.962581719110226
1.0962999999998366,13.97046336882177
1.0963999999998366,13.978346359737282
1.0964999999998368,13.98623069088694
1.0965999999998366,13.994116361300794
1.0966999999998364,14.00200337000877
1.0967999999998366,14.009891716040666
1.0968999999998366,14.017781398426107
1.0969999999998363,14.025672416194576
1.0970999999998363,14.03356476837545
1.0971999999998363,14.041458453997977
1.0972999999998363,14.049353472091228
1.0973999999998363,14.057249821684126
1.097499999999836,14.065147501805507
1.097599999999836,14.073046511484055
1.097699999999836,14.080946849748287
1.097799999999836,14.08884851562659
1.0978999999998358,14.096751508147237
1.0979999999998358,14.104655826338364
1.098099999999836,14.112561469227943
1.0981999999998358,14.120468435843799
1.0982999999998355,14.128376725213661
1.0983999999998357,14.136286336365119
1.0984999999998357,14.144197268325595
1.0985999999998355,14.152109520122366
1.0986999999998355,14.160023090782616
1.0987999999998355,14.167937979333386
1.0988999999998355,14.175854184801544
1.0989999999998354,14.18377170621383
1.0990999999998352,14.191690542596879
1.0991999999998352,14.199610692977183
1.0992999999998354,14.20753215638107
1.0993999999998352,14.215454931834737
1.099499999999835,14.223379018364264
1.099599999999835,14.23130441499561
1.0996999999998351,14.239231120754557
1.099799999999835,14.247159134666756
1.0998999999998347,14.255088455757749
1.0999999999998349,14.263019083052944
1.1000999999998349,14.27095101557759
1.1001999999998346,14.278884252356788
1.1002999999998346,14.286818792415547
1.1003999999998346,14.294754634778744
1.1004999999998346,14.302691778471068
1.1005999999998346,14.310630222517092
1.1006999999998344,14.318569965941286
1.1007999999998344,14.326511007767973
1.1008999999998346,14.334453347021325
1.1009999999998343,14.34239698272537
1.101099999999834,14.35034191390403
1.1011999999998343,14.35828813958111
1.1012999999998343,14.366235658780221
1.101399999999834,14.374184470524877
1.101499999999834,14.382134573838458
1.101599999999834,14.390085967744229
1.101699999999834,14.398038651265278
1.1017999999998338,14.405992623424563
1.1018999999998338,14.41394788324495
1.1019999999998338,14.421904429749155
1.1020999999998338,14.429862261959745
1.1021999999998338,14.437821378899146
1.1022999999998335,14.445781779589678
1.1023999999998335,14.453743463053536
1.1024999999998337,14.461706428312757
1.1025999999998335,14.469670674389226
1.1026999999998333,14.47763620030475
1.1027999999998335,14.485603005080979
1.1028999999998335,14.493571087739413
1.1029999999998332,14.50154044730143
1.1030999999998332,14.509511082788284
1.1031999999998332,14.51748299322112
1.1032999999998332,14.5254561776209
1.1033999999998332,14.533430635008468
1.103499999999833,14.541406364404555
1.103599999999833,14.549383364829783
1.103699999999833,14.557361635304588
1.103799999999833,14.565341174849276
1.1038999999998327,14.573321982484076
1.1039999999998327,14.581304057229058
1.1040999999998329,14.589287398104151
1.1041999999998326,14.597272004129135
1.1042999999998324,14.605257874323708
1.1043999999998326,14.613245007707423
1.1044999999998326,14.621233403299678
1.1045999999998324,14.629223060119743
1.1046999999998324,14.637213977186782
1.1047999999998324,14.645206153519842
1.1048999999998323,14.653199588137785
1.1049999999998323,14.661194280059359
1.105099999999832,14.669190228303215
1.105199999999832,14.677187431887875
1.1052999999998323,14.685185889831695
1.105399999999832,14.693185601152896
1.1054999999998318,14.701186564869598
1.1055999999998318,14.709188779999817
1.105699999999832,14.717192245561389
1.1057999999998318,14.725196960572013
1.1058999999998316,14.733202924049314
1.1059999999998318,14.741210135010768
1.1060999999998318,14.749218592473696
1.1061999999998315,14.75722829545529
1.1062999999998315,14.765239242972651
1.1063999999998315,14.773251434042747
1.1064999999998315,14.781264867682387
1.1065999999998315,14.789279542908247
1.1066999999998313,14.797295458736912
1.1067999999998313,14.805312614184837
1.1068999999998315,14.81333100826832
1.1069999999998312,14.821350640003521
1.107099999999831,14.82937150840652
1.1071999999998312,14.837393612493257
1.1072999999998312,14.845416951279518
1.107399999999831,14.853441523780953
1.1074999999998307,14.861467329013127
1.107599999999831,14.86949436599148
1.107699999999831,14.877522633731285
1.1077999999998307,14.885552131247684
1.1078999999998307,14.893582857555737
1.1079999999998307,14.901614811670363
1.1080999999998307,14.909647992606331
1.1081999999998307,14.917682399378291
1.1082999999998304,14.92571803100078
1.1083999999998304,14.933754886488225
1.1084999999998306,14.941792964854876
1.1085999999998304,14.94983226511488
1.1086999999998302,14.957872786282277
1.1087999999998304,14.965914527370973
1.1088999999998304,14.973957487394742
1.1089999999998301,14.9820016653672
1.10909999999983,14.990047060301894
1.10919999999983,14.998093671212226
1.10929999999983,15.006141497111471
1.1093999999998299,15.01419053701274
1.1094999999998298,15.022240789929077
1.1095999999998298,15.030292254873402
1.1096999999998298,15.03834493085845
1.1097999999998298,15.046398816896867
1.1098999999998296,15.05445391200118
1.1099999999998296,15.062510215183805
1.1100999999998298,15.07056772545701
1.1101999999998295,15.0786264418329
1.1102999999998293,15.08668636332353
1.1103999999998295,15.094747488940817
1.1104999999998295,15.10280981769651
1.1105999999998293,15.110873348602246
1.1106999999998293,15.118938080669574
1.1107999999998293,15.127004012909905
1.1108999999998292,15.135071144334507
1.1109999999998292,15.143139473954507
1.111099999999829,15.15120900078097
1.111199999999829,15.159279723824806
1.111299999999829,15.167351642096797
1.111399999999829,15.175424754607574
1.1114999999998287,15.183499060367701
1.1115999999998287,15.191574558387613
1.111699999999829,15.199651247677574
1.1117999999998287,15.207729127247749
1.1118999999998285,15.215808196108195
1.1119999999998287,15.223888453268856
1.1120999999998287,15.231969897739521
1.1121999999998284,15.240052528529846
1.1122999999998284,15.248136344649406
1.1123999999998284,15.25622134510766
1.1124999999998284,15.264307528913903
1.1125999999998284,15.272394895077307
1.1126999999998282,15.280483442606961
1.1127999999998281,15.28857317051183
1.1128999999998284,15.296664077800715
1.1129999999998281,15.304756163482319
1.113099999999828,15.312849426565231
1.113199999999828,15.320943866057936
1.113299999999828,15.329039480968762
1.1133999999998279,15.337136270305903
1.1134999999998276,15.34523423307748
1.1135999999998278,15.353333368291485
1.1136999999998278,15.36143367495576
1.1137999999998276,15.369535152078031
1.1138999999998276,15.377637798665928
1.1139999999998276,15.385741613726967
1.1140999999998276,15.393846596268496
1.1141999999998276,15.401952745297763
1.1142999999998273,15.410060059821916
1.1143999999998273,15.418168538847992
1.1144999999998275,15.426278181382868
1.1145999999998273,15.434388986433303
1.114699999999827,15.442500953005965
1.1147999999998273,15.450614080107412
1.1148999999998273,15.458728366744044
1.114999999999827,15.466843811922145
1.115099999999827,15.474960414647907
1.115199999999827,15.483078173927412
1.115299999999827,15.491197088766569
1.1153999999998268,15.499317158171198
1.1154999999998267,15.507438381147008
1.1155999999998267,15.515560756699605
1.1156999999998267,15.523684283834443
1.1157999999998267,15.531808961556841
1.1158999999998265,15.53993478887205
1.1159999999998265,15.548061764785192
1.1160999999998267,15.556189888301251
1.1161999999998264,15.56431915842508
1.1162999999998262,15.57244957416145
1.1163999999998264,15.580581134515022
1.1164999999998264,15.588713838490289
1.1165999999998262,15.596847685091644
1.1166999999998262,15.604982673323388
1.1167999999998262,15.613118802189701
1.1168999999998261,15.621256070694635
1.1169999999998261,15.629394477842087
1.117099999999826,15.637534022635892
1.1171999999998259,15.64567470407977
1.1172999999998259,15.653816521177289
1.1173999999998259,15.661959472931889
1.1174999999998256,15.670103558346947
1.1175999999998256,15.678248776425713
1.1176999999998258,15.686395126171272
1.1177999999998256,15.694542606586614
1.1178999999998254,15.702691216674639
1.1179999999998256,15.710840955438137
1.1180999999998256,15.718991821879733
1.1181999999998253,15.727143815001947
1.1182999999998253,15.735296933807222
1.1183999999998253,15.743451177297866
1.1184999999998253,15.751606544476054
1.1185999999998253,15.759763034343855
1.118699999999825,15.767920645903233
1.118799999999825,15.776079378156043
1.1188999999998253,15.784239230104
1.118999999999825,15.792400200748691
1.1190999999998248,15.800562289091646
1.119199999999825,15.808725494134235
1.119299999999825,15.816889814877744
1.1193999999998248,15.82505525032328
1.1194999999998245,15.833221799471913
1.1195999999998247,15.841389461324576
1.1196999999998247,15.849558234882064
1.1197999999998245,15.857728119145046
1.1198999999998245,15.865899113114136
1.1199999999998245,15.87407121578981
1.1200999999998245,15.882244426172402
1.1201999999998244,15.890418743262126
1.1202999999998242,15.898594166059143
1.1203999999998242,15.906770693563468
1.1204999999998244,15.914948324774985
1.1205999999998242,15.923127058693462
1.120699999999824,15.931306894318594
1.1207999999998242,15.939487830649947
1.1208999999998241,15.947669866686956
1.120999999999824,15.955853001428926
1.121099999999824,15.96403723387511
1.121199999999824,15.97222256302462
1.1212999999998239,15.980408987876435
1.1213999999998236,15.988596507429422
1.1214999999998236,15.996785120682368
1.1215999999998236,16.004974826633944
1.1216999999998236,16.013165624282678
1.1217999999998236,16.021357512626988
1.1218999999998234,16.02955049066521
1.1219999999998234,16.037744557395577
1.1220999999998236,16.045939711816164
1.1221999999998233,16.054135952924934
1.122299999999823,16.062333279719784
1.1223999999998233,16.070531691198493
1.1224999999998233,16.078731186358695
1.122599999999823,16.08693176419791
1.122699999999823,16.095133423713587
1.122799999999823,16.103336163903062
1.122899999999823,16.111539983763524
1.122999999999823,16.119744882292046
1.1230999999998228,16.127950858485637
1.1231999999998228,16.136157911341193
1.1232999999998228,16.144366039855452
1.1233999999998228,16.15257524302506
1.1234999999998225,16.160785519846563
1.1235999999998225,16.168996869316434
1.1236999999998227,16.177209290430962
1.1237999999998225,16.185422782186347
1.1238999999998223,16.193637343578718
1.1239999999998225,16.20185297360407
1.1240999999998225,16.210069671258278
1.1241999999998222,16.218287435537107
1.1242999999998222,16.226506265436235
1.1243999999998222,16.234726159951236
1.1244999999998222,16.242947118077534
1.1245999999998222,16.25116913881045
1.124699999999822,16.25939222114524
1.124799999999822,16.267616364077035
1.1248999999998222,16.27584156660083
1.124999999999822,16.28406782771151
1.1250999999998217,16.29229514640388
1.1251999999998217,16.30052352167266
1.1252999999998219,16.308752952512386
1.1253999999998217,16.316983437917525
1.1254999999998214,16.325214976882457
1.1255999999998216,16.333447568401446
1.1256999999998216,16.341681211468618
1.1257999999998214,16.349915905078
1.1258999999998214,16.358151648223533
1.1259999999998214,16.36638843989906
1.1260999999998214,16.37462627909827
1.1261999999998213,16.382865164814763
1.126299999999821,16.391105096042047
1.126399999999821,16.399346071773543
1.1264999999998213,16.407588091002506
1.126599999999821,16.41583115272211
1.1266999999998208,16.42407525592543
1.126799999999821,16.43232039960547
1.126899999999821,16.440566582755043
1.1269999999998208,16.4488138043669
1.1270999999998208,16.4570620634337
1.1271999999998208,16.465311358948004
1.1272999999998208,16.473561689902223
1.1273999999998205,16.481813055288658
1.1274999999998205,16.49006545409956
1.1275999999998205,16.49831888532707
1.1276999999998205,16.50657334796315
1.1277999999998205,16.514828840999712
1.1278999999998203,16.52308536342856
1.1279999999998203,16.531342914241403
1.1280999999998205,16.53960149242982
1.1281999999998202,16.547861096985265
1.12829999999982,16.55612172689914
1.1283999999998202,16.564383381162724
1.1284999999998202,16.57264605876717
1.12859999999982,16.58090975870353
1.12869999999982,16.589174479962768
1.12879999999982,16.597440221535766
1.12889999999982,16.605706982413245
1.12899999999982,16.613974761585833
1.1290999999998197,16.622243558044087
1.1291999999998197,16.630513370778452
1.1292999999998197,16.638784198779263
1.1293999999998197,16.647056041036716
1.1294999999998194,16.655328896540947
1.1295999999998194,16.663602764282
1.1296999999998196,16.67187764324977
1.1297999999998194,16.680153532434055
1.1298999999998192,16.688430430824575
1.1299999999998194,16.696708337410968
1.1300999999998194,16.704987251182704
1.1301999999998191,16.713267171129168
1.1302999999998191,16.72154809623968
1.130399999999819,16.729830025503446
1.130499999999819,16.738112957909543
1.130599999999819,16.74639689244693
1.1306999999998188,16.75468182810453
1.1307999999998188,16.76296776387112
1.130899999999819,16.77125469873538
1.1309999999998188,16.77954263168586
1.1310999999998186,16.78783156171107
1.1311999999998186,16.79612148779938
1.1312999999998188,16.80441240893906
1.1313999999998186,16.812704324118254
1.1314999999998183,16.82099723232506
1.1315999999998185,16.82929113254745
1.1316999999998185,16.837586023773284
1.1317999999998183,16.845881904990293
1.1318999999998183,16.854178775186167
1.1319999999998183,16.862476633348486
1.1320999999998183,16.870775478464687
1.1321999999998182,16.879075309522115
1.132299999999818,16.887376125508055
1.132399999999818,16.895677925409675
1.1324999999998182,16.90398070821401
1.132599999999818,16.912284472908006
1.1326999999998177,16.920589218478533
1.132799999999818,16.92889494391237
1.132899999999818,16.937201648196147
1.1329999999998177,16.94550933031641
1.1330999999998177,16.953817989259626
1.1331999999998177,16.962127624012172
1.1332999999998177,16.970438233560284
1.1333999999998174,16.978749816890105
1.1334999999998174,16.987062372987708
1.1335999999998174,16.99537590083907
1.1336999999998174,17.003690399430013
1.1337999999998174,17.01200586774631
1.1338999999998172,17.02032230477361
1.1339999999998172,17.028639709497504
1.1340999999998174,17.03695808090344
1.1341999999998171,17.045277417976752
1.134299999999817,17.05359771970272
1.134399999999817,17.061918985066544
1.134499999999817,17.07024121305325
1.1345999999998169,17.078564402647814
1.1346999999998169,17.086888552835106
1.1347999999998168,17.095213662599917
1.1348999999998168,17.103539730926908
1.1349999999998168,17.111866756800637
1.1350999999998166,17.12019473920559
1.1351999999998166,17.128523677126182
1.1352999999998166,17.13685356954667
1.1353999999998166,17.14518441545121
1.1354999999998163,17.153516213823924
1.1355999999998163,17.161848963648815
1.1356999999998165,17.170182663909756
1.1357999999998163,17.178517313590522
1.135899999999816,17.186852911674833
1.1359999999998163,17.195189457146306
1.1360999999998163,17.203526948988436
1.136199999999816,17.21186538618461
1.136299999999816,17.220204767718155
1.136399999999816,17.228545092572297
1.136499999999816,17.236886359730153
1.136599999999816,17.245228568174714
1.1366999999998157,17.25357171688894
1.1367999999998157,17.261915804855665
1.136899999999816,17.27026083105761
1.1369999999998157,17.278606794477394
1.1370999999998155,17.286953694097583
1.1371999999998155,17.295301528900637
1.1372999999998157,17.3036502978689
1.1373999999998154,17.311999999984593
1.1374999999998152,17.320350634229907
1.1375999999998154,17.328702199586925
1.1376999999998154,17.337054695037594
1.1377999999998152,17.34540811956378
1.1378999999998152,17.353762472147277
1.1379999999998152,17.362117751769794
1.1380999999998151,17.37047395741289
1.1381999999998151,17.378831088058064
1.138299999999815,17.387189142686726
1.138399999999815,17.3955481202802
1.138499999999815,17.403908019819685
1.1385999999998149,17.412268840286284
1.1386999999998146,17.42063058066104
1.1387999999998148,17.428993239924893
1.1388999999998148,17.437356817058678
1.1389999999998146,17.44572131104312
1.1390999999998144,17.454086720858875
1.1391999999998146,17.462453045486534
1.1392999999998146,17.470820283906527
1.1393999999998143,17.47918843509922
1.1394999999998143,17.487557498044893
1.1395999999998143,17.495927471723768
1.1396999999998143,17.50429835511591
1.1397999999998143,17.512670147201288
1.139899999999814,17.521042846959844
1.139999999999814,17.5294164533714
1.1400999999998143,17.53779096541565
1.140199999999814,17.546166382072222
1.1402999999998138,17.554542702320656
1.140399999999814,17.562919925140424
1.140499999999814,17.57129804951085
1.1405999999998138,17.579677074411187
1.1406999999998138,17.588056998820605
1.1407999999998137,17.596437821718208
1.1408999999998137,17.60481954208296
1.1409999999998135,17.61320215889373
1.1410999999998135,17.621585671129356
1.1411999999998135,17.629970077768544
1.1412999999998135,17.63835537778991
1.1413999999998135,17.646741570171947
1.1414999999998132,17.65512865389313
1.1415999999998132,17.663516627931806
1.1416999999998134,17.671905491266216
1.1417999999998132,17.68029524287451
1.141899999999813,17.688685881734777
1.1419999999998132,17.69707740682502
1.1420999999998132,17.705469817123102
1.142199999999813,17.713863111606827
1.142299999999813,17.7222572892539
1.142399999999813,17.730652349041982
1.1424999999998129,17.73904828994858
1.1425999999998129,17.747445110951116
1.1426999999998126,17.755842811026962
1.1427999999998126,17.764241389153394
1.1428999999998126,17.772640844307585
1.1429999999998126,17.78104117546658
1.1430999999998124,17.789442381607394
1.1431999999998124,17.797844461706962
1.1432999999998126,17.806247414742067
1.1433999999998123,17.814651239689432
1.1434999999998121,17.82305593552571
1.1435999999998123,17.83146150122746
1.1436999999998123,17.839867935771125
1.143799999999812,17.848275238133073
1.143899999999812,17.85668340728959
1.143999999999812,17.8650924422169
1.144099999999812,17.87350234189109
1.144199999999812,17.881913105288156
1.1442999999998118,17.890324731384048
1.1443999999998118,17.898737219154633
1.144499999999812,17.907150567575638
1.1445999999998118,17.91556477562272
1.1446999999998115,17.92397984227147
1.1447999999998117,17.932395766497415
1.1448999999998117,17.94081254727592
1.1449999999998115,17.949230183582298
1.1450999999998113,17.95764867439179
1.1451999999998115,17.966068018679564
1.1452999999998115,17.974488215420656
1.1453999999998112,17.982909263590013
1.1454999999998112,17.99133116216254
1.1455999999998112,17.999753910113043
1.1456999999998112,18.00817750641623
1.1457999999998112,18.016601950046688
1.145899999999811,18.025027239978986
1.145999999999811,18.03345337518759
1.1460999999998112,18.041880354646835
1.146199999999811,18.05030817733099
1.1462999999998107,18.058736842214262
1.146399999999811,18.067166348270785
1.146499999999811,18.07559669447455
1.1465999999998107,18.084027879799486
1.1466999999998106,18.092459903219442
1.1467999999998106,18.10089276370822
1.1468999999998106,18.109326460239473
1.1469999999998104,18.117760991786778
1.1470999999998104,18.12619635732366
1.1471999999998104,18.134632555823565
1.1472999999998104,18.143069586259813
1.1473999999998103,18.151507447605635
1.1474999999998101,18.15994613883423
1.14759999999981,18.16838565891869
1.1476999999998103,18.176826006832005
1.14779999999981,18.18526718154707
1.1478999999998099,18.193709182036738
1.14799999999981,18.20215200727377
1.14809999999981,18.21059565623082
1.1481999999998098,18.219040127880447
1.1482999999998098,18.227485421195162
1.1483999999998098,18.235931535147415
1.1484999999998098,18.244378468709492
1.1485999999998098,18.252826220853628
1.1486999999998095,18.261274790552008
1.1487999999998095,18.269724176776737
1.1488999999998095,18.278174378499777
1.1489999999998095,18.286625394693036
1.1490999999998093,18.295077224328352
1.1491999999998093,18.303529866377502
1.1492999999998095,18.31198331981212
1.1493999999998092,18.320437583603788
1.149499999999809,18.328892656724005
1.1495999999998092,18.337348538144223
1.1496999999998092,18.345805226835747
1.149799999999809,18.35426272176982
1.149899999999809,18.362721021917626
1.149999999999809,18.371180126250266
1.150099999999809,18.379640033738745
1.150199999999809,18.388100743353956
1.1502999999998087,18.39656225406677
1.1503999999998087,18.40502456484797
1.150499999999809,18.413487674668204
1.1505999999998087,18.421951582498064
1.1506999999998084,18.430416287308095
1.1507999999998084,18.438881788068727
1.1508999999998086,18.44734808375032
1.1509999999998084,18.455815173323128
1.1510999999998082,18.464283055757356
1.1511999999998084,18.47275173002314
1.1512999999998084,18.481221195090498
1.1513999999998081,18.489691449929364
1.1514999999998081,18.498162493509625
1.151599999999808,18.506634324801094
1.151699999999808,18.515106942773468
1.151799999999808,18.523580346396354
1.1518999999998079,18.53205453463933
1.1519999999998078,18.540529506471874
1.152099999999808,18.54900526086338
1.1521999999998078,18.55748179678313
1.1522999999998076,18.565959113200375
1.1523999999998078,18.57443720908429
1.1524999999998078,18.58291608340393
1.1525999999998076,18.59139573512828
1.1526999999998075,18.59987616322627
1.1527999999998075,18.608357366666755
1.1528999999998075,18.616839344418473
1.1529999999998073,18.625322095450088
1.1530999999998073,18.63380561873023
1.1531999999998073,18.642289913227422
1.1532999999998073,18.650774977910107
1.1533999999998072,18.659260811746627
1.153499999999807,18.667747413705282
1.153599999999807,18.6762347827543
1.1536999999998072,18.684722917861805
1.153799999999807,18.693211817995827
1.1538999999998067,18.70170148212436
1.153999999999807,18.71019190921533
1.154099999999807,18.718683098236525
1.1541999999998067,18.727175048155676
1.1542999999998067,18.735667757940472
1.1543999999998067,18.74416122655851
1.1544999999998067,18.752655452977297
1.1545999999998067,18.76115043616424
1.1546999999998064,18.76964617508672
1.1547999999998064,18.778142668712032
1.1548999999998064,18.786639916007363
1.1549999999998064,18.79513791593982
1.1550999999998062,18.80363666747648
1.1551999999998062,18.812136169584335
1.1552999999998064,18.820636421230258
1.1553999999998061,18.829137421381052
1.155499999999806,18.8376391690035
1.1555999999998061,18.846141663064266
1.155699999999806,18.854644902529945
1.1557999999998059,18.863148886367025
1.1558999999998059,18.87165361354197
1.1559999999998058,18.88015908302117
1.1560999999998058,18.888665293770885
1.1561999999998058,18.897172244757343
1.1562999999998056,18.905679934946676
1.1563999999998056,18.914188363304984
1.1564999999998058,18.92269752879823
1.1565999999998056,18.931207430392316
1.1566999999998053,18.9397180670531
1.1567999999998053,18.94822943774637
1.1568999999998055,18.956741541437808
1.1569999999998053,18.965254377093004
1.157099999999805,18.97376794367751
1.1571999999998053,18.98228224015683
1.1572999999998053,18.990797265496337
1.157399999999805,18.999313018661333
1.157499999999805,19.007829498617074
1.157599999999805,19.01634670432878
1.157699999999805,19.0248646347615
1.157799999999805,19.033383288880255
1.1578999999998048,19.041902665650017
1.1579999999998047,19.050422764035677
1.158099999999805,19.058943583002034
1.1581999999998047,19.067465121513784
1.1582999999998045,19.07598737853563
1.1583999999998047,19.084510353032158
1.1584999999998047,19.093034043967865
1.1585999999998045,19.10155845030718
1.1586999999998042,19.11008357101449
1.1587999999998044,19.118609405054098
1.1588999999998044,19.127135951390223
1.1589999999998042,19.135663208986987
1.1590999999998042,19.144191176808494
1.1591999999998042,19.152719853818763
1.1592999999998042,19.161249238981718
1.1593999999998041,19.169779331261186
1.159499999999804,19.178310129620996
1.159599999999804,19.186841633024887
1.159699999999804,19.195373840436467
1.1597999999998039,19.20390675081931
1.1598999999998036,19.212440363136935
1.1599999999998039,19.220974676352796
1.1600999999998038,19.229509689430238
1.1601999999998036,19.238045401332524
1.1602999999998036,19.2465818110229
1.1603999999998036,19.25511891746453
1.1604999999998036,19.26365671962048
1.1605999999998033,19.272195216453742
1.1606999999998033,19.280734406927266
1.1607999999998033,19.289274290003934
1.1608999999998033,19.29781486464653
1.1609999999998033,19.306356129817765
1.161099999999803,19.314898084480305
1.161199999999803,19.323440727596765
1.1612999999998033,19.33198405812964
1.161399999999803,19.340528075041355
1.1614999999998028,19.349072777294307
1.161599999999803,19.357618163850812
1.161699999999803,19.366164233673114
1.1617999999998028,19.374710985723343
1.1618999999998028,19.383258418963628
1.1619999999998027,19.391806532356018
1.1620999999998027,19.400355324862442
1.1621999999998027,19.408904795444794
1.1622999999998025,19.4174549430649
1.1623999999998025,19.426005766684536
1.1624999999998025,19.434557265265386
1.1625999999998025,19.44310943776903
1.1626999999998022,19.451662283157045
1.1627999999998022,19.46021580039093
1.1628999999998024,19.46876998843208
1.1629999999998022,19.477324846241817
1.163099999999802,19.485880372781445
1.1631999999998022,19.494436567012187
1.1632999999998022,19.502993427895163
1.163399999999802,19.51155095439143
1.163499999999802,19.520109145462015
1.163599999999802,19.52866800006788
1.163699999999802,19.537227517169875
1.1637999999998019,19.54578769572878
1.1638999999998016,19.554348534705355
1.1639999999998016,19.562910033060287
1.1640999999998018,19.571472189754164
1.1641999999998016,19.580035003747504
1.1642999999998014,19.588598474000797
1.1643999999998016,19.597162599474462
1.1644999999998016,19.60572737912882
1.1645999999998013,19.614292811924113
1.1646999999998011,19.622858896820578
1.1647999999998013,19.631425632778367
1.1648999999998013,19.639993018757526
1.164999999999801,19.648561053718065
1.165099999999801,19.65712973661991
1.165199999999801,19.66569906642298
1.165299999999801,19.674269042087055
1.165399999999801,19.682839662571862
1.1654999999998008,19.6914109268371
1.1655999999998008,19.699982833842398
1.165699999999801,19.708555382547285
1.1657999999998008,19.71712857191123
1.1658999999998005,19.725702400893667
1.1659999999998008,19.734276868453964
1.1660999999998007,19.742851973551396
1.1661999999998005,19.75142771514515
1.1662999999998005,19.760004092194432
1.1663999999998005,19.768581103658345
1.1664999999998005,19.77715874849589
1.1665999999998002,19.785737025666023
1.1666999999998002,19.794315934127663
1.1667999999998002,19.80289547283967
1.1668999999998002,19.811475640760793
1.1669999999998002,19.820056436849733
1.1670999999998,19.82863786006514
1.1671999999998,19.837219909365633
1.1672999999998002,19.8458025837097
1.1673999999998,19.85438588205578
1.1674999999997997,19.86296980336229
1.1675999999998,19.871554346587583
1.1676999999998,19.88013951068989
1.1677999999997997,19.888725294627413
1.1678999999997997,19.8973116973583
1.1679999999997996,19.90589871784066
1.1680999999997996,19.914486355032487
1.1681999999997996,19.9230746078917
1.1682999999997994,19.931663475376222
1.1683999999997994,19.940252956443896
1.1684999999997994,19.948843050052478
1.1685999999997994,19.957433755159645
1.1686999999997991,19.96602507072306
1.168799999999799,19.974616995700323
1.1688999999997993,19.98320952904893
1.168999999999799,19.991802669726326
1.1690999999997989,20.000396416689913
1.169199999999799,20.00899076889706
1.169299999999799,20.017585725305015
1.1693999999997988,20.026181284870958
1.1694999999997988,20.034777446552077
1.1695999999997988,20.04337420930547
1.1696999999997988,20.05197157208814
1.1697999999997988,20.060569533857052
1.1698999999997985,20.06916809356912
1.1699999999997985,20.077767250181218
1.1700999999997987,20.08636700265011
1.1701999999997985,20.094967349932496
1.1702999999997983,20.103568290985063
1.1703999999997985,20.11216982476443
1.1704999999997985,20.12077195022714
1.1705999999997982,20.12937466632965
1.170699999999798,20.137977972028395
1.1707999999997982,20.146581866279767
1.1708999999997982,20.155186348040058
1.170999999999798,20.163791416265486
1.171099999999798,20.172397069912265
1.171199999999798,20.18100330793654
1.171299999999798,20.189610129294355
1.171399999999798,20.198217532941708
1.1714999999997977,20.206825517834556
1.1715999999997977,20.215434082928823
1.171699999999798,20.224043227180317
1.1717999999997977,20.232652949544796
1.1718999999997974,20.24126324897799
1.1719999999997976,20.24987412443558
1.1720999999997976,20.25848557487314
1.1721999999997974,20.267097599246195
1.1722999999997974,20.27571019651025
1.1723999999997974,20.28432336562074
1.1724999999997974,20.292937105533017
1.1725999999997971,20.301551415202372
1.1726999999997971,20.310166293584075
1.1727999999997971,20.318781739633334
1.172899999999797,20.32739775230527
1.172999999999797,20.336014330554942
1.1730999999997969,20.344631473337387
1.1731999999997968,20.35324917960759
1.173299999999797,20.361867448320442
1.1733999999997968,20.370486278430775
1.1734999999997966,20.3791056688934
1.1735999999997968,20.387725618663058
1.1736999999997968,20.39634612669443
1.1737999999997966,20.404967191942117
1.1738999999997966,20.413588813360697
1.1739999999997965,20.422210989904702
1.1740999999997965,20.430833720528565
1.1741999999997965,20.439457004186675
1.1742999999997963,20.448080839833388
1.1743999999997963,20.456705226423015
1.1744999999997963,20.465330162909744
1.1745999999997963,20.473955648247767
1.174699999999796,20.482581681391192
1.174799999999796,20.49120826129412
1.1748999999997962,20.499835386910533
1.174999999999796,20.508463057194366
1.1750999999997958,20.51709127109954
1.175199999999796,20.525720027579915
1.175299999999796,20.534349325589254
1.1753999999997957,20.542979164081284
1.1754999999997957,20.551609542009693
1.1755999999997957,20.560240458328135
1.1756999999997957,20.568871911990144
1.1757999999997957,20.57750390194923
1.1758999999997954,20.58613642715887
1.1759999999997954,20.594769486572485
1.1760999999997956,20.60340307914342
1.1761999999997954,20.61203720382494
1.1762999999997952,20.62067185957032
1.1763999999997952,20.629307045332766
1.1764999999997954,20.637942760065396
1.1765999999997951,20.64657900272128
1.176699999999795,20.655215772253456
1.1767999999997951,20.66385306761494
1.176899999999795,20.672490887758617
1.1769999999997949,20.681129231637353
1.1770999999997949,20.689768098203977
1.1771999999997949,20.69840748641128
1.1772999999997948,20.707047395211948
1.1773999999997948,20.71568782355863
1.1774999999997946,20.724328770403943
1.1775999999997946,20.73297023470046
1.1776999999997948,20.74161221540068
1.1777999999997946,20.750254711457014
1.1778999999997943,20.758897721821896
1.1779999999997945,20.767541245447685
1.1780999999997945,20.776185281286644
1.1781999999997943,20.78482982829101
1.1782999999997943,20.79347488541299
1.1783999999997943,20.80212045160474
1.1784999999997943,20.810766525818337
1.178599999999794,20.819413107005786
1.178699999999794,20.82806019411909
1.178799999999794,20.836707786110203
1.178899999999794,20.845355881930995
1.178999999999794,20.85400448053328
1.1790999999997938,20.86265358086885
1.1791999999997937,20.871303181889456
1.179299999999794,20.87995328254676
1.1793999999997937,20.888603881792367
1.1794999999997935,20.897254978577877
1.1795999999997937,20.905906571854842
1.1796999999997937,20.914558660574713
1.1797999999997935,20.9232112436889
1.1798999999997934,20.931864320148808
1.1799999999997934,20.94051788890577
1.1800999999997934,20.94917194891105
1.1801999999997934,20.957826499115864
1.1802999999997932,20.966481538471403
1.1803999999997932,20.97513706592882
1.1804999999997932,20.983793080439163
1.1805999999997931,20.992449580953465
1.180699999999793,21.001106566422706
1.180799999999793,21.009764035797847
1.1808999999997931,21.018421988029754
1.1809999999997929,21.02708042206924
1.1810999999997926,21.035739336867096
1.1811999999997929,21.04439873137411
1.1812999999997928,21.05305860454092
1.1813999999997926,21.06171895531817
1.1814999999997926,21.070379782656456
1.1815999999997926,21.07904108550634
1.1816999999997926,21.087702862818315
1.1817999999997926,21.096365113542802
1.1818999999997923,21.105027836630214
1.1819999999997923,21.11369103103092
1.1820999999997925,21.122354695695215
1.1821999999997923,21.13101882957334
1.182299999999792,21.13968343161551
1.182399999999792,21.148348500771917
1.1824999999997923,21.157014035992646
1.182599999999792,21.16568003622776
1.1826999999997918,21.17434650042729
1.182799999999792,21.183013427541226
1.182899999999792,21.191680816519487
1.1829999999997918,21.200348666311932
1.1830999999997918,21.209016975868398
1.1831999999997918,21.21768574413871
1.1832999999997917,21.22635497007258
1.1833999999997917,21.23502465261969
1.1834999999997915,21.2436947907297
1.1835999999997915,21.25236538335224
1.1836999999997917,21.261036429436846
1.1837999999997915,21.269707927933
1.1838999999997912,21.2783798777902
1.1839999999997914,21.287052277957873
1.1840999999997914,21.29572512738538
1.1841999999997912,21.30439842502203
1.1842999999997912,21.313072169817122
1.1843999999997912,21.321746360719917
1.1844999999997912,21.33042099667958
1.184599999999791,21.339096076645255
1.184699999999791,21.347771599566055
1.184799999999791,21.356447564391054
1.184899999999791,21.365123970069252
1.1849999999997909,21.373800815549597
1.1850999999997907,21.382478099781036
1.1851999999997906,21.391155821712463
1.1852999999997909,21.3998339802927
1.1853999999997906,21.408512574470514
1.1854999999997904,21.417191603194674
1.1855999999997906,21.425871065413904
1.1856999999997906,21.434550960076844
1.1857999999997904,21.443231286132097
1.1858999999997903,21.451912042528246
1.1859999999997903,21.460593228213853
1.1860999999997903,21.469274842137363
1.1861999999997903,21.477956883247213
1.18629999999979,21.486639350491828
1.18639999999979,21.49532224281957
1.18649999999979,21.504005559178744
1.18659999999979,21.512689298517593
1.1866999999997898,21.521373459784375
1.1867999999997898,21.53005804192728
1.18689999999979,21.538743043894442
1.1869999999997898,21.547428464633935
1.1870999999997895,21.55611430309385
1.1871999999997898,21.564800558222206
1.1872999999997897,21.57348722896696
1.1873999999997895,21.58217431427604
1.1874999999997895,21.590861813097337
1.1875999999997895,21.599549724378722
1.1876999999997895,21.608238047067992
1.1877999999997895,21.616926780112887
1.1878999999997892,21.625615922461144
1.1879999999997892,21.634305473060465
1.1880999999997894,21.64299543085848
1.1881999999997892,21.651685794802763
1.188299999999789,21.660376563840888
1.188399999999789,21.66906773692041
1.1884999999997892,21.677759312988766
1.188599999999789,21.686451290993382
1.1886999999997887,21.695143669881674
1.188799999999789,21.703836448601006
1.188899999999789,21.712529626098693
1.1889999999997887,21.721223201321976
1.1890999999997887,21.7299171732181
1.1891999999997886,21.738611540734308
1.1892999999997886,21.74730630281771
1.1893999999997886,21.7560014584154
1.1894999999997884,21.764697006474485
1.1895999999997884,21.773392945942014
1.1896999999997886,21.78208927576496
1.1897999999997884,21.790785994890268
1.1898999999997881,21.79948310226487
1.1899999999997883,21.808180596835655
1.1900999999997883,21.816878477549444
1.190199999999788,21.825576743353032
1.1902999999997879,21.83427539319318
1.190399999999788,21.84297442601665
1.190499999999788,21.851673840770086
1.1905999999997878,21.86037363640012
1.1906999999997878,21.869073811853376
1.1907999999997878,21.877774366076444
1.1908999999997878,21.88647529801583
1.1909999999997878,21.895176606618012
1.1910999999997876,21.90387829082946
1.1911999999997875,21.912580349596603
1.1912999999997878,21.921282781865802
1.1913999999997875,21.92998558658338
1.1914999999997873,21.938688762695666
1.1915999999997875,21.947392309148928
1.1916999999997875,21.956096224889382
1.1917999999997873,21.9648005088632
1.1918999999997872,21.973505160016547
1.1919999999997872,21.982210177295563
1.1920999999997872,21.990915559646314
1.192199999999787,21.999621306014813
1.192299999999787,22.008327415347086
1.192399999999787,22.017033886589118
1.192499999999787,22.02574071868683
1.192599999999787,22.03444791058609
1.1926999999997867,22.043155461232775
1.1927999999997867,22.051863369572747
1.192899999999787,22.06057163455175
1.1929999999997867,22.069280255115526
1.1930999999997864,22.077989230209802
1.1931999999997867,22.08669855878029
1.1932999999997866,22.0954082397726
1.1933999999997864,22.104118272132325
1.1934999999997864,22.112828654805064
1.1935999999997864,22.121539386736362
1.1936999999997864,22.130250466871708
1.1937999999997864,22.138961894156548
1.1938999999997861,22.147673667536328
1.1939999999997861,22.156385785956477
1.194099999999786,22.165098248362323
1.194199999999786,22.173811053699183
1.1942999999997859,22.182524200912358
1.1943999999997859,22.19123768894714
1.194499999999786,22.19995151674873
1.1945999999997858,22.208665683262282
1.1946999999997856,22.21738018743299
1.1947999999997858,22.22609502820598
1.1948999999997858,22.234810204526326
1.1949999999997856,22.243525715339068
1.1950999999997856,22.252241559589237
1.1951999999997855,22.26095773622184
1.1952999999997855,22.2696742441818
1.1953999999997855,22.278391082414032
1.1954999999997853,22.28710824986343
1.1955999999997853,22.295825745474872
1.1956999999997855,22.304543568193157
1.1957999999997853,22.313261716963044
1.195899999999785,22.321980190729317
1.1959999999997852,22.330698988436694
1.1960999999997852,22.33941810902988
1.196199999999785,22.348137551453476
1.1962999999997848,22.35685731465214
1.196399999999785,22.36557739757048
1.196499999999785,22.374297799153034
1.1965999999997847,22.3830185183443
1.1966999999997847,22.3917395540888
1.1967999999997847,22.400460905331013
1.1968999999997847,22.409182571015357
1.1969999999997847,22.417904550086195
1.1970999999997844,22.426626841487927
1.1971999999997844,22.435349444164906
1.1972999999997846,22.444072357061405
1.1973999999997844,22.452795579121677
1.1974999999997842,22.461519109289995
1.1975999999997844,22.47024294651058
1.1976999999997844,22.478967089727604
1.1977999999997841,22.487691537885176
1.1978999999997841,22.496416289927442
1.1979999999997841,22.50514134479851
1.1980999999997841,22.513866701442414
1.1981999999997839,22.522592358803163
1.1982999999997839,22.531318315824766
1.1983999999997839,22.54004457145121
1.1984999999997838,22.54877112462642
1.1985999999997838,22.557497974294268
1.1986999999997836,22.566225119398656
1.1987999999997836,22.57495255888344
1.1988999999997838,22.583680291692428
1.1989999999997836,22.59240831676938
1.1990999999997833,22.60113663305807
1.1991999999997836,22.60986523950225
1.1992999999997835,22.618594135045587
1.1993999999997833,22.627323318631742
1.1994999999997833,22.63605278920437
1.1995999999997833,22.64478254570711
1.1996999999997833,22.6535125870835
1.1997999999997833,22.6622429122771
1.199899999999783,22.670973520231442
1.199999999999783,22.679704409890036
1.200099999999783,22.688435580196337
1.200199999999783,22.697167030093766
1.2002999999997828,22.705898758525745
1.2003999999997828,22.714630764435686
1.200499999999783,22.723363046766913
1.2005999999997827,22.73209560446275
1.2006999999997825,22.740828436466504
1.2007999999997827,22.749561541721462
1.2008999999997827,22.758294919170854
1.2009999999997825,22.767028567757883
1.2010999999997825,22.775762486425748
1.2011999999997824,22.784496674117634
1.2012999999997824,22.793231129776654
1.2013999999997824,22.8019658523459
1.2014999999997822,22.810700840768465
1.2015999999997822,22.81943609398743
1.2016999999997824,22.8281716109458
1.2017999999997822,22.83690739058656
1.201899999999782,22.845643431852697
1.201999999999782,22.854379733687182
1.2020999999997821,22.86311629503291
1.2021999999997819,22.871853114832767
1.2022999999997817,22.880590192029633
1.2023999999997819,22.889327525566376
1.2024999999997819,22.89806511438579
1.2025999999997816,22.906802957430653
1.2026999999997816,22.915541053643746
1.2027999999997816,22.924279401967823
1.2028999999997816,22.93301800134559
1.2029999999997816,22.94175685071972
1.2030999999997813,22.95049594903288
1.2031999999997813,22.959235295227746
1.2032999999997815,22.9679748882469
1.2033999999997813,22.97671472703292
1.203499999999781,22.985454810528385
1.2035999999997813,22.994195137675856
1.2036999999997813,23.002935707417834
1.203799999999781,23.011676518696785
1.203899999999781,23.020417570455198
1.203999999999781,23.02915886163553
1.204099999999781,23.037900391180177
1.2041999999997808,23.04664215803152
1.2042999999997808,23.05538416113195
1.2043999999997808,23.064126399423834
1.2044999999997807,23.072868871849472
1.2045999999997807,23.081611577351133
1.2046999999997805,23.09035451487113
1.2047999999997805,23.099097683351722
1.2048999999997807,23.10784108173513
1.2049999999997805,23.116584708963522
1.2050999999997802,23.125328563979117
1.2051999999997804,23.134072645724093
1.2052999999997804,23.142816953140557
1.2053999999997802,23.151561485170603
1.2054999999997802,23.160306240756356
1.2055999999997802,23.169051218839886
1.2056999999997802,23.17779641836324
1.2057999999997802,23.186541838268408
1.20589999999978,23.195287477497413
1.20599999999978,23.204033334992253
1.20609999999978,23.212779409694868
1.20619999999978,23.22152570054718
1.2062999999997797,23.23027220649111
1.2063999999997796,23.239018926468592
1.2064999999997799,23.24776585942145
1.2065999999997796,23.25651300429153
1.2066999999997794,23.26526036002068
1.2067999999997796,23.274007925550713
1.2068999999997796,23.28275569982341
1.2069999999997794,23.2915036817805
1.2070999999997793,23.300251870363763
1.2071999999997793,23.30900026451493
1.2072999999997793,23.317748863175684
1.2073999999997793,23.326497665287697
1.207499999999779,23.33524666979263
1.207599999999779,23.343995875632164
1.2076999999997793,23.352745281747882
1.207799999999779,23.36149488708137
1.2078999999997788,23.370244690574236
1.2079999999997788,23.378994691168042
1.208099999999779,23.38774488780433
1.2081999999997788,23.396495279424585
1.2082999999997786,23.405245864970325
1.2083999999997788,23.41399664338306
1.2084999999997788,23.422747613604223
1.2085999999997785,23.43149877457525
1.2086999999997785,23.44025012523757
1.2087999999997785,23.449001664532613
1.2088999999997785,23.457753391401738
1.2089999999997785,23.466505304786295
1.2090999999997782,23.475257403627655
1.2091999999997782,23.48400968686716
1.2092999999997784,23.4927621534461
1.2093999999997782,23.50151480230576
1.209499999999778,23.510267632387407
1.2095999999997782,23.51902064263233
1.2096999999997782,23.527773831981747
1.209799999999778,23.536527199376852
1.2098999999997777,23.545280743758873
1.209999999999778,23.554034464069005
1.210099999999778,23.562788359248394
1.2101999999997777,23.571542428238168
1.2102999999997777,23.58029666997948
1.2103999999997777,23.58905108341345
1.2104999999997776,23.597805667481165
1.2105999999997776,23.606560421123685
1.2106999999997774,23.61531534328208
1.2107999999997774,23.62407043289742
1.2108999999997776,23.632825688910707
1.2109999999997774,23.641581110262933
1.2110999999997771,23.650336695895117
1.2111999999997773,23.659092444748257
1.2112999999997773,23.66784835576328
1.211399999999777,23.676604427881117
1.211499999999777,23.68536066004272
1.211599999999777,23.69411705118901
1.211699999999777,23.702873600260876
1.2117999999997768,23.711630306199165
1.2118999999997768,23.72038716794477
1.2119999999997768,23.729144184438557
1.2120999999997768,23.737901354621336
1.2121999999997768,23.746658677433903
1.2122999999997766,23.755416151817087
1.2123999999997765,23.764173776711683
1.2124999999997768,23.772931551058452
1.2125999999997765,23.781689473798128
1.2126999999997763,23.79044754387147
1.2127999999997765,23.799205760219227
1.2128999999997765,23.807964121782085
1.2129999999997763,23.81672262750072
1.2130999999997762,23.825481276315845
1.2131999999997762,23.834240067168142
1.2132999999997762,23.84299899899824
1.2133999999997762,23.851758070746765
1.213499999999776,23.86051728135436
1.213599999999776,23.869276629761657
1.213699999999776,23.87803611490923
1.213799999999776,23.886795735737653
1.2138999999997757,23.89555549118751
1.2139999999997757,23.904315380199357
1.214099999999776,23.913075401713744
1.2141999999997757,23.92183555467118
1.2142999999997754,23.930595838012188
1.2143999999997757,23.9393562506773
1.2144999999997756,23.948116791606978
1.2145999999997754,23.956877459741694
1.2146999999997754,23.965638254021915
1.2147999999997754,23.974399173388118
1.2148999999997754,23.983160216780735
1.2149999999997754,23.991921383140152
1.2150999999997751,24.000682671406814
1.2151999999997751,24.009444080521146
1.2152999999997753,24.01820560942351
1.215399999999775,24.026967257054267
1.2154999999997749,24.035729022353806
1.215599999999775,24.0444909042625
1.215699999999775,24.053252901720665
1.2157999999997748,24.062015013668617
1.2158999999997746,24.07077723904669
1.2159999999997748,24.07953957679522
1.2160999999997748,24.088302025854478
1.2161999999997746,24.097064585164727
1.2162999999997746,24.105827253666263
1.2163999999997746,24.11459003029936
1.2164999999997745,24.12335291400427
1.2165999999997745,24.132115903721196
1.2166999999997743,24.140878998390395
1.2167999999997743,24.14964219695211
1.2168999999997745,24.15840549834652
1.2169999999997743,24.167168901513822
1.217099999999774,24.175932405394203
1.2171999999997742,24.18469600892788
1.2172999999997742,24.19345971105499
1.217399999999774,24.202223510715676
1.217499999999774,24.210987406850116
1.217599999999774,24.21975139839844
1.217699999999774,24.228515484300786
1.2177999999997737,24.237279663497244
1.2178999999997737,24.246043934927947
1.2179999999997737,24.254808297533017
1.2180999999997737,24.263572750252514
1.2181999999997737,24.272337292026517
1.2182999999997735,24.281101921795113
1.2183999999997734,24.28986663849838
1.2184999999997737,24.298631441076378
1.2185999999997734,24.307396328469103
1.2186999999997732,24.31616129961664
1.2187999999997734,24.32492635345902
1.2188999999997734,24.33369148893626
1.2189999999997732,24.342456704988347
1.2190999999997731,24.351222000555317
1.2191999999997731,24.35998737457717
1.2192999999997731,24.36875282599389
1.219399999999773,24.377518353745433
1.2194999999997729,24.3862839567718
1.2195999999997729,24.395049634012963
1.2196999999997729,24.403815384408887
1.2197999999997728,24.41258120689949
1.2198999999997726,24.421347100424722
1.2199999999997726,24.43011306392457
1.2200999999997728,24.43887909633892
1.2201999999997726,24.44764519660769
1.2202999999997723,24.456411363670817
1.2203999999997726,24.46517759646822
1.2204999999997725,24.473943893939794
1.2205999999997723,24.482710255025406
1.2206999999997723,24.49147667866498
1.2207999999997723,24.500243163798405
1.2208999999997723,24.50900970936555
1.2209999999997723,24.517776314306264
1.221099999999772,24.526542977560435
1.221199999999772,24.535309698067945
1.2212999999997722,24.544076474768612
1.221399999999772,24.552843306602284
1.2214999999997718,24.561610192508816
1.221599999999772,24.570377131428067
1.221699999999772,24.57914412229985
1.2217999999997717,24.587911164063975
1.2218999999997715,24.596678255660283
1.2219999999997717,24.605445396028596
1.2220999999997717,24.614212584108728
1.2221999999997715,24.622979818840452
1.2222999999997715,24.631747099163604
1.2223999999997714,24.640514424017994
1.2224999999997714,24.64928179234339
1.2225999999997714,24.65804920307956
1.2226999999997712,24.666816655166322
1.2227999999997712,24.67558414754347
1.2228999999997714,24.684351679150762
1.2229999999997712,24.693119248927946
1.223099999999771,24.70188685581482
1.2231999999997711,24.710654498751158
1.2232999999997711,24.7194221766767
1.223399999999771,24.7281898885312
1.2234999999997709,24.73695763325442
1.2235999999997709,24.745725409786143
1.2236999999997709,24.754493217066084
1.2237999999997706,24.76326105403396
1.2238999999997706,24.772028919629555
1.2239999999997706,24.780796812792612
1.2240999999997706,24.789564732462864
1.2241999999997706,24.798332677580007
1.2242999999997703,24.807100647083796
1.2243999999997703,24.815868639913987
1.2244999999997705,24.824636655010288
1.2245999999997703,24.83340469131238
1.22469999999977,24.842172747760028
1.2247999999997703,24.850940823292976
1.2248999999997703,24.859708916850902
1.22499999999977,24.868477027373512
1.22509999999977,24.87724515380054
1.22519999999977,24.886013295071717
1.22529999999977,24.894781450126736
1.22539999999977,24.903549617905288
1.2254999999997698,24.912317797347093
1.2255999999997698,24.921085987391894
1.2256999999997698,24.929854186979362
1.2257999999997697,24.93862239504919
1.2258999999997695,24.947390610541106
1.2259999999997695,24.956158832394824
1.2260999999997697,24.96492705955004
1.2261999999997695,24.97369529094642
1.2262999999997692,24.982463525523702
1.2263999999997695,24.99123176222159
1.2264999999997694,24.99999999997979
1.2265999999997692,25.00876823773796
1.2266999999997692,25.01753647443583
1.2267999999997692,25.026304709013136
1.2268999999997692,25.035072940409535
1.2269999999997692,25.04384116756473
1.227099999999769,25.05260938941844
1.227199999999769,25.061377604910355
1.2272999999997691,25.07014581298021
1.227399999999769,25.078914012567658
1.2274999999997687,25.087682202612434
1.2275999999997687,25.096450382054268
1.2276999999997689,25.105218549832834
1.2277999999997686,25.11398670488784
1.2278999999997684,25.12275484615899
1.2279999999997686,25.13152297258604
1.2280999999997686,25.14029108310868
1.2281999999997684,25.14905917666657
1.2282999999997684,25.157827252199503
1.2283999999997683,25.166595308647164
1.2284999999997683,25.17536334494929
1.2285999999997683,25.184131360045562
1.228699999999768,25.192899352875738
1.228799999999768,25.20166732237955
1.2288999999997683,25.210435267496713
1.228999999999768,25.219203187166936
1.2290999999997678,25.227971080329976
1.229199999999768,25.23673894592559
1.229299999999768,25.245506782893496
1.2293999999997678,25.254274590173413
1.2294999999997678,25.263042366705115
1.2295999999997678,25.271810111428348
1.2296999999997678,25.280577823282865
1.2297999999997675,25.289345501208395
1.2298999999997675,25.298113144144722
1.2299999999997675,25.306880751031613
1.2300999999997675,25.31564832080881
1.2301999999997675,25.324415852416085
1.2302999999997672,25.33318334479321
1.2303999999997672,25.341950796879992
1.2304999999997674,25.350718207616193
1.2305999999997672,25.359485575941566
1.230699999999767,25.368252900795934
1.2307999999997672,25.377020181119093
1.2308999999997672,25.385787415850846
1.230999999999767,25.394554603930953
1.231099999999767,25.403321744299255
1.231199999999767,25.412088835895585
1.231299999999767,25.420855877659715
1.231399999999767,25.429622868531492
1.2314999999997667,25.438389807450722
1.2315999999997667,25.44715669335727
1.2316999999997666,25.455923525190965
1.2317999999997666,25.46469030189161
1.2318999999997664,25.4734570223991
1.2319999999997664,25.482223685653295
1.2320999999997666,25.49099029059403
1.2321999999997664,25.49975683616115
1.2322999999997661,25.508523321294557
1.2323999999997663,25.51728974493415
1.2324999999997663,25.526056106019787
1.232599999999766,25.534822403491347
1.232699999999766,25.54358863628872
1.232799999999766,25.552354803351868
1.232899999999766,25.56112090362065
1.232999999999766,25.569886936034997
1.2330999999997658,25.578652899534816
1.2331999999997658,25.58741879306008
1.233299999999766,25.596184615550694
1.2333999999997658,25.604950365946593
1.2334999999997656,25.613716043187743
1.2335999999997656,25.622481646214123
1.2336999999997658,25.631247173965697
1.2337999999997655,25.640012625382393
1.2338999999997653,25.648777999404228
1.2339999999997655,25.65754329497122
1.2340999999997655,25.666308511023328
1.2341999999997653,25.675073646500547
1.2342999999997653,25.68383870034291
1.2343999999997652,25.692603671490463
1.2344999999997652,25.70136855888321
1.2345999999997652,25.710133361461175
1.234699999999765,25.718898078164443
1.234799999999765,25.727662707933042
1.2348999999997652,25.736427249707067
1.234999999999765,25.745191702426563
1.2350999999997647,25.753956065031602
1.235199999999765,25.762720336462323
1.235299999999765,25.7714845156588
1.2353999999997647,25.780248601561127
1.2354999999997647,25.789012593109433
1.2355999999997647,25.797776489243898
1.2356999999997647,25.806540288904603
1.2357999999997644,25.815303991031694
1.2358999999997644,25.824067594565342
1.2359999999997644,25.832831098445745
1.2360999999997644,25.841594501613066
1.2361999999997644,25.850357803007462
1.2362999999997641,25.85912100156916
1.2363999999997641,25.86788409623838
1.2364999999997643,25.876647085955327
1.236599999999764,25.885409969660213
1.2366999999997639,25.894172746293293
1.236799999999764,25.902935414794857
1.236899999999764,25.91169797410512
1.2369999999997638,25.920460423164357
1.2370999999997638,25.929222760912868
1.2371999999997638,25.937984986290953
1.2372999999997638,25.946747098238934
1.2373999999997638,25.95550909569708
1.2374999999997636,25.964270977605754
1.2375999999997636,25.973032742905318
1.2376999999997635,25.98179439053609
1.2377999999997635,25.990555919438435
1.2378999999997633,25.999317328552742
1.2379999999997633,26.008078616819432
1.2380999999997635,26.016839783178877
1.2381999999997633,26.02560082657147
1.238299999999763,26.03436174593765
1.2383999999997632,26.04312254021789
1.2384999999997632,26.051883208352628
1.238599999999763,26.060643749282292
1.238699999999763,26.069404161947375
1.238799999999763,26.07816444528841
1.238899999999763,26.08692459824586
1.238999999999763,26.095684619760227
1.2390999999997627,26.104444508772065
1.2391999999997627,26.11320426422195
1.239299999999763,26.121963885050377
1.2393999999997627,26.13072337019793
1.2394999999997625,26.13948271860522
1.2395999999997624,26.14824192921283
1.2396999999997627,26.15700100096138
1.2397999999997624,26.165759932791456
1.2398999999997622,26.174518723643736
1.2399999999997624,26.183277372458875
1.2400999999997624,26.192035878177535
1.2401999999997622,26.200794239740375
1.2402999999997621,26.2095524560881
1.2403999999997621,26.218310526161467
1.2404999999997621,26.22706844890117
1.2405999999997621,26.23582622324792
1.2406999999997619,26.2445838481425
1.2407999999997619,26.253341322525696
1.240899999999762,26.26209864533829
1.2409999999997618,26.270855815521042
1.2410999999997616,26.279612832014816
1.2411999999997618,26.28836969376044
1.2412999999997618,26.29712639969875
1.2413999999997616,26.305882948770595
1.2414999999997614,26.314639339916862
1.2415999999997616,26.323395572078496
1.2416999999997616,26.33215164419635
1.2417999999997613,26.340907555211352
1.2418999999997613,26.34966330406447
1.2419999999997613,26.358418889696665
1.2420999999997613,26.36717431104892
1.2421999999997613,26.375929567062187
1.242299999999761,26.384684656677518
1.242399999999761,26.39343957883593
1.2424999999997612,26.40219433247847
1.242599999999761,26.41094891654616
1.2426999999997608,26.41970332998012
1.242799999999761,26.428457571721452
1.242899999999761,26.43721164071125
1.2429999999997607,26.445965535890608
1.2430999999997607,26.454719256200725
1.2431999999997607,26.463472800582757
1.2432999999997607,26.472226167977897
1.2433999999997605,26.480979357327282
1.2434999999997605,26.48973236757219
1.2435999999997605,26.49848519765387
1.2436999999997604,26.507237846513537
1.2437999999997604,26.515990313092466
1.2438999999997602,26.52474259633195
1.2439999999997602,26.533494695173328
1.2440999999997604,26.542246608557914
1.2441999999997602,26.550998335427014
1.24429999999976,26.559749874722048
1.2443999999997601,26.568501225384374
1.2444999999997601,26.57725238635542
1.24459999999976,26.58600335657657
1.2446999999997599,26.59475413498928
1.2447999999997599,26.60350472053505
1.2448999999997599,26.61225511215532
1.2449999999997599,26.621005308791588
1.2450999999997596,26.629755309385377
1.2451999999997596,26.638505112878264
1.2452999999997596,26.64725471821178
1.2453999999997596,26.656004124327477
1.2454999999997594,26.66475333016699
1.2455999999997593,26.673502334671948
1.2456999999997596,26.68225113678397
1.2457999999997593,26.69099973544471
1.245899999999759,26.699748129595857
1.2459999999997593,26.708496318179144
1.2460999999997593,26.71724430013626
1.246199999999759,26.725992074408932
1.246299999999759,26.73473963993895
1.246399999999759,26.743486995668118
1.246499999999759,26.75223414053822
1.246599999999759,26.760981073491052
1.2466999999997588,26.769727793468526
1.2467999999997588,26.77847429941247
1.246899999999759,26.787220590264802
1.2469999999997587,26.795966664967402
1.2470999999997585,26.80471252246222
1.2471999999997587,26.81345816169125
1.2472999999997587,26.822203581596426
1.2473999999997585,26.830948781119776
1.2474999999997582,26.839693759203286
1.2475999999997585,26.84843851478905
1.2476999999997584,26.857183046819124
1.2477999999997582,26.865927354235573
1.2478999999997582,26.87467143598052
1.2479999999997582,26.88341529099614
1.2480999999997582,26.892158918224553
1.2481999999997582,26.90090231660794
1.248299999999758,26.90964548508851
1.248399999999758,26.91838842260853
1.2484999999997581,26.927131128110215
1.248599999999758,26.935873600535835
1.2486999999997577,26.944615838827694
1.2487999999997579,26.953357841928153
1.2488999999997579,26.962099608779518
1.2489999999997576,26.970841138324154
1.2490999999997576,26.97958242950446
1.2491999999997576,26.988323481262896
1.2492999999997576,26.997064292541864
1.2493999999997574,27.005804862283814
1.2494999999997574,27.014545189431278
1.2495999999997573,27.02328527292676
1.2496999999997573,27.0320251117128
1.2497999999997573,27.04076470473194
1.249899999999757,27.04950405092679
1.249999999999757,27.058243149239967
1.2500999999997573,27.06698199861411
1.250199999999757,27.075720597991868
1.2502999999997568,27.084458946315923
1.250399999999757,27.093197042529034
1.250499999999757,27.101934885573932
1.2505999999997568,27.11067247439332
1.2506999999997568,27.119409807930044
1.2507999999997568,27.128146885126935
1.2508999999997568,27.13688370492681
1.2509999999997568,27.14562026627252
1.2510999999997565,27.15435656810698
1.2511999999997565,27.163092609373145
1.2512999999997565,27.171828389013914
1.2513999999997565,27.18056390597227
1.2514999999997563,27.18929915919121
1.2515999999997562,27.1980341476138
1.2516999999997565,27.20676887018308
1.2517999999997562,27.215503325842075
1.251899999999756,27.224237513533943
1.2519999999997562,27.23297143220182
1.2520999999997562,27.241705080788872
1.252199999999756,27.25043845823825
1.252299999999756,27.25917156349319
1.252399999999756,27.267904395496966
1.252499999999756,27.276636953192813
1.252599999999756,27.28536923552403
1.2526999999997557,27.294101241433943
1.2527999999997557,27.302832969865953
1.2528999999997559,27.3115644197634
1.2529999999997556,27.320295590069684
1.2530999999997554,27.329026479728267
1.2531999999997554,27.337757087682622
1.2532999999997556,27.34648741287624
1.2533999999997554,27.35521745425263
1.2534999999997551,27.36394721075533
1.2535999999997554,27.37267668132799
1.2536999999997553,27.38140586491416
1.253799999999755,27.390134760457485
1.253899999999755,27.398863366901644
1.253999999999755,27.40759168319035
1.254099999999755,27.41631970826733
1.254199999999755,27.425047441076295
1.2542999999997548,27.433774880561064
1.2543999999997548,27.442502025665465
1.254499999999755,27.45122887533334
1.2545999999997548,27.459955428508536
1.2546999999997546,27.46868168413496
1.2547999999997548,27.47740764115659
1.2548999999997548,27.48613329851735
1.2549999999997545,27.494858655161238
1.2550999999997545,27.503583710032284
1.2551999999997545,27.51230846207457
1.2552999999997545,27.521032910232176
1.2553999999997543,27.529757053449167
1.2554999999997543,27.53848089066974
1.2555999999997542,27.54720442083807
1.2556999999997542,27.555927642898382
1.2557999999997542,27.56465055579485
1.255899999999754,27.57337315847181
1.255999999999754,27.582095449873567
1.2560999999997542,27.590817428944426
1.256199999999754,27.599539094628746
1.2562999999997537,27.60826044587094
1.256399999999754,27.616981481615472
1.256499999999754,27.625702200806764
1.2565999999997537,27.634422602389293
1.2566999999997537,27.64314268530762
1.2567999999997537,27.6518624485063
1.2568999999997537,27.660581890929915
1.2569999999997536,27.66930101152308
1.2570999999997534,27.678019809230445
1.2571999999997534,27.686738282996743
1.2572999999997534,27.69545643176664
1.2573999999997534,27.70417425448492
1.2574999999997531,27.712891750096333
1.2575999999997531,27.721608917545762
1.2576999999997533,27.730325755778015
1.2577999999997531,27.739042263737954
1.2578999999997529,27.747758440370543
1.257999999999753,27.756474284620715
1.258099999999753,27.765189795433486
1.2581999999997528,27.773904971753808
1.2582999999997528,27.78261981252679
1.2583999999997528,27.79133431669752
1.2584999999997528,27.80004848321109
1.2585999999997528,27.808762311012668
1.2586999999997526,27.817475799047422
1.2587999999997526,27.82618894626063
1.2588999999997528,27.834901751597503
1.2589999999997525,27.84361421400333
1.2590999999997523,27.85232633242347
1.2591999999997523,27.861038105803264
1.2592999999997525,27.869749533088125
1.2593999999997523,27.87846061322345
1.259499999999752,27.88717134515474
1.2595999999997523,27.89588172782749
1.2596999999997522,27.904591760187234
1.259799999999752,27.913301441179534
1.259899999999752,27.92201076975
1.259999999999752,27.93071974484431
1.260099999999752,27.939428365408098
1.260199999999752,27.948136630387086
1.2602999999997517,27.956844538727033
1.2603999999997517,27.96555208937374
1.260499999999752,27.974259281273024
1.2605999999997517,27.98296611337071
1.2606999999997515,27.991672584612743
1.2607999999997517,28.00037869394503
1.2608999999997517,28.009084440313547
1.2609999999997514,28.017789822664273
1.2610999999997512,28.02649483994328
1.2611999999997514,28.035199491096645
1.2612999999997514,28.04390377507049
1.2613999999997512,28.052607690810923
1.2614999999997512,28.06131123726417
1.2615999999997511,28.07001441337646
1.2616999999997511,28.078717218094077
1.2617999999997511,28.087419650363252
1.2618999999997509,28.09612170913038
1.2619999999997509,28.104823393341846
1.262099999999751,28.113524701944048
1.2621999999997509,28.122225633883424
1.2622999999997506,28.130926188106468
1.2623999999997508,28.13962636355975
1.2624999999997508,28.148326159189804
1.2625999999997506,28.157025573943223
1.2626999999997506,28.16572460676666
1.2627999999997506,28.174423256606833
1.2628999999997506,28.183121522410445
1.2629999999997503,28.191819403124224
1.2630999999997503,28.200516897694996
1.2631999999997503,28.209214005069608
1.2632999999997503,28.217910724194933
1.2633999999997503,28.226607054017872
1.26349999999975,28.23530299348538
1.26359999999975,28.24399854154449
1.2636999999997502,28.252693697142202
1.26379999999975,28.26138845922559
1.2638999999997498,28.27008282674176
1.26399999999975,28.278776798637917
1.26409999999975,28.287470373861225
1.2641999999997497,28.296163551358884
1.2642999999997497,28.30485633007821
1.2643999999997497,28.313548708966515
1.2644999999997497,28.322240686971156
1.2645999999997497,28.330932263039497
1.2646999999997495,28.339623436118995
1.2647999999997495,28.34831420515715
1.2648999999997494,28.35700456910145
1.2649999999997494,28.365694526899446
1.2650999999997492,28.374384077498746
1.2651999999997492,28.383073219847034
1.2652999999997494,28.391761952891944
1.2653999999997492,28.400450275581193
1.265499999999749,28.409138186862577
1.2655999999997491,28.417825685683884
1.2656999999997491,28.426512770992982
1.265799999999749,28.43519944173773
1.265899999999749,28.443885696866058
1.2659999999997489,28.452571535325998
1.2660999999997489,28.46125695606551
1.2661999999997489,28.469941958032656
1.2662999999997486,28.478626540175547
1.2663999999997486,28.487310701442343
1.2664999999997488,28.495994440781217
1.2665999999997486,28.50467775714037
1.2666999999997484,28.513360649468105
1.2667999999997486,28.522043116712727
1.2668999999997486,28.5307251578226
1.2669999999997483,28.539406771746116
1.267099999999748,28.548087957431683
1.2671999999997483,28.55676871382786
1.2672999999997483,28.565449039883127
1.267399999999748,28.574128934546057
1.267499999999748,28.582808396765266
1.267599999999748,28.591487425489454
1.267699999999748,28.600166019667284
1.267799999999748,28.608844178247505
1.2678999999997478,28.617521900178925
1.2679999999997478,28.626199184410368
1.268099999999748,28.634876029890737
1.2681999999997478,28.643552435568918
1.2682999999997475,28.652228400393902
1.2683999999997477,28.66090392331472
1.2684999999997477,28.66957900328041
1.2685999999997475,28.67825363924006
1.2686999999997475,28.68692783014284
1.2687999999997475,28.69560157493796
1.2688999999997475,28.704274872574626
1.2689999999997472,28.71294772200212
1.2690999999997472,28.721620122169774
1.2691999999997472,28.73029207202699
1.2692999999997472,28.738963570523175
1.2693999999997472,28.747634616607765
1.269499999999747,28.75630520923028
1.269599999999747,28.764975347340318
1.2696999999997471,28.773645029887444
1.269799999999747,28.782314255821298
1.2698999999997467,28.790983024091584
1.2699999999997469,28.799651333648086
1.2700999999997469,28.808319183440545
1.2701999999997466,28.81698657241878
1.2702999999997466,28.825653499532716
1.2703999999997466,28.834319963732256
1.2704999999997466,28.84298596396739
1.2705999999997466,28.851651499188105
1.2706999999997464,28.860316568344494
1.2707999999997464,28.868981170386693
1.2708999999997463,28.87764530426483
1.2709999999997463,28.886308968929118
1.271099999999746,28.894972163329804
1.271199999999746,28.903634886417244
1.2712999999997463,28.91229713714174
1.271399999999746,28.92095891445369
1.2714999999997458,28.92962021730358
1.271599999999746,28.93828104464188
1.271699999999746,28.94694139541915
1.2717999999997458,28.955601268585948
1.2718999999997458,28.964260663092933
1.2719999999997458,28.97291957789082
1.2720999999997458,28.981578011930324
1.2721999999997458,28.990235964162217
1.2722999999997455,28.99889343353734
1.2723999999997455,29.00755041900661
1.2724999999997457,29.016206919520926
1.2725999999997455,29.02486293403125
1.2726999999997453,29.03351846148865
1.2727999999997455,29.042173500844203
1.2728999999997455,29.050828051049038
1.2729999999997452,29.059482111054308
1.273099999999745,29.068135679811256
1.2731999999997452,29.07678875627119
1.2732999999997452,29.085441339385387
1.273399999999745,29.094093428105246
1.273499999999745,29.102745021382187
1.273599999999745,29.111396118167722
1.273699999999745,29.12004671741336
1.273799999999745,29.128696818070644
1.2738999999997447,29.13734641909123
1.2739999999997447,29.14599551942682
1.2740999999997449,29.15464411802913
1.2741999999997446,29.163292213849896
1.2742999999997444,29.171939805841
1.2743999999997446,29.180586892954338
1.2744999999997446,29.189233474141794
1.2745999999997444,29.197879548355377
1.2746999999997444,29.20652511454711
1.2747999999997444,29.215170171669108
1.2748999999997443,29.22381471867351
1.2749999999997441,29.23245875451244
1.275099999999744,29.241102278138218
1.275199999999744,29.24974528850311
1.275299999999744,29.25838778455947
1.275399999999744,29.267029765259668
1.2754999999997438,29.27567122955618
1.2755999999997438,29.284312176401514
1.275699999999744,29.2929526047482
1.2757999999997438,29.30159251354887
1.2758999999997436,29.310231901756143
1.2759999999997438,29.318870768322796
1.2760999999997438,29.327509112201547
1.2761999999997435,29.336146932345216
1.2762999999997435,29.34478422770668
1.2763999999997435,29.353420997238874
1.2764999999997435,29.362057239894792
1.2765999999997435,29.370692954627394
1.2766999999997433,29.379328140389834
1.2767999999997433,29.387962796135234
1.2768999999997432,29.396596920816766
1.2769999999997432,29.40523051338769
1.277099999999743,29.413863572801294
1.277199999999743,29.42249609801095
1.2772999999997432,29.43112808797006
1.277399999999743,29.43975954163205
1.2774999999997427,29.448390457950477
1.277599999999743,29.4570208358789
1.277699999999743,29.465650674370952
1.2777999999997427,29.474279972380277
1.2778999999997427,29.48290872886064
1.2779999999997427,29.491536942765833
1.2780999999997427,29.50016461304968
1.2781999999997427,29.508791738666087
1.2782999999997424,29.517418318568996
1.2783999999997424,29.52604435171244
1.2784999999997426,29.534669837050483
1.2785999999997424,29.5432947735372
1.2786999999997422,29.5519191601268
1.2787999999997421,29.560542995773535
1.2788999999997424,29.56916627943167
1.2789999999997421,29.57778901005552
1.2790999999997419,29.58641118659951
1.279199999999742,29.595032808018114
1.279299999999742,29.603653873265813
1.2793999999997419,29.61227438129717
1.2794999999997418,29.620894331066822
1.2795999999997418,29.629513721529467
1.2796999999997418,29.638132551639814
1.2797999999997418,29.646750820352658
1.2798999999997416,29.655368526622837
1.2799999999997416,29.66398566940531
1.2800999999997418,29.672602247655004
1.2801999999997415,29.681218260326915
1.2802999999997413,29.689833706376167
1.2803999999997415,29.698448584757887
1.2804999999997415,29.70706289442726
1.2805999999997413,29.715676634339527
1.2806999999997413,29.724289803450002
1.2807999999997413,29.73290240071408
1.2808999999997412,29.74151442508715
1.280999999999741,29.75012587552469
1.281099999999741,29.75873675098227
1.281199999999741,29.76734705041548
1.281299999999741,29.775956772779992
1.281399999999741,29.78456591703145
1.2814999999997407,29.793174482125714
1.2815999999997407,29.801782467018587
1.281699999999741,29.810389870665958
1.2817999999997407,29.818996692023763
1.2818999999997405,29.82760293004802
1.2819999999997407,29.836208583694816
1.2820999999997407,29.844813651920262
1.2821999999997404,29.85341813368054
1.2822999999997404,29.862022027931896
1.2823999999997404,29.870625333630663
1.2824999999997404,29.8792280497332
1.2825999999997404,29.887830175195887
1.2826999999997402,29.89643170897525
1.2827999999997401,29.905032650027824
1.2828999999997401,29.913632997310238
1.2829999999997401,29.922232749779113
1.28309999999974,29.930831906391187
1.2831999999997399,29.939430466103282
1.28329999999974,29.948028427872206
1.2833999999997399,29.956625790654876
1.2834999999997396,29.96522255340825
1.2835999999997398,29.973818715089386
1.2836999999997398,29.982414274655365
1.2837999999997396,29.99100923106329
1.2838999999997396,29.99960358327042
1.2839999999997396,30.00819733023403
1.2840999999997396,30.01679047091145
1.2841999999997395,30.025383004260043
1.2842999999997393,30.03397492923729
1.2843999999997393,30.042566244800724
1.2844999999997395,30.05115694990791
1.2845999999997393,30.059747043516474
1.284699999999739,30.068336524584133
1.284799999999739,30.07692539206868
1.2848999999997393,30.08551364492793
1.284999999999739,30.09410128211972
1.2850999999997388,30.10268830260207
1.285199999999739,30.11127470533297
1.285299999999739,30.11986048927052
1.2853999999997388,30.12844565337282
1.2854999999997387,30.137030196598086
1.2855999999997387,30.145614117904625
1.2856999999997387,30.15419741625072
1.2857999999997387,30.16278009059478
1.2858999999997385,30.17136213989525
1.2859999999997385,30.179943563110683
1.2860999999997387,30.188524359199643
1.2861999999997384,30.19710452712075
1.2862999999997382,30.20568406583274
1.2863999999997384,30.2142629742944
1.2864999999997384,30.222841251464555
1.2865999999997382,30.23141889630208
1.2866999999997382,30.23999590776598
1.2867999999997382,30.248572284815282
1.2868999999997381,30.257148026409066
1.286999999999738,30.265723131506483
1.287099999999738,30.274297599066752
1.2871999999997379,30.282871428049216
1.2872999999997379,30.291444617413188
1.2873999999997379,30.300017166118053
1.2874999999997376,30.30858907312334
1.2875999999997376,30.317160337388604
1.2876999999997378,30.325730957873432
1.2877999999997376,30.33430093353748
1.2878999999997374,30.342870263340544
1.2879999999997376,30.351438946242418
1.2880999999997376,30.360006981202964
1.2881999999997373,30.36857436718212
1.2882999999997373,30.377141103139884
1.2883999999997373,30.38570718803637
1.2884999999997373,30.3942726208317
1.2885999999997373,30.40283740048603
1.288699999999737,30.411401525959686
1.288799999999737,30.41996499621299
1.288899999999737,30.42852781020635
1.288999999999737,30.437089966900214
1.2890999999997368,30.445651465255136
1.2891999999997368,30.45421230423174
1.289299999999737,30.46277248279065
1.2893999999997368,30.471331999892637
1.2894999999997365,30.479890854498485
1.2895999999997367,30.48844904556909
1.2896999999997367,30.49700657206538
1.2897999999997365,30.505563432948346
1.2898999999997365,30.514119627179067
1.2899999999997365,30.522675153718716
1.2900999999997365,30.531230011528475
1.2901999999997364,30.539784199569606
1.2902999999997362,30.548337716803484
1.2903999999997362,30.55689056219152
1.2904999999997364,30.565442734695182
1.2905999999997362,30.573994233276018
1.290699999999736,30.582545056895633
1.290799999999736,30.591095204515764
1.2908999999997361,30.599644675098137
1.290999999999736,30.608193467604544
1.2910999999997357,30.616741580996926
1.291199999999736,30.625289014237218
1.2912999999997359,30.633835766287486
1.2913999999997356,30.642381836109763
1.2914999999997356,30.65092722266626
1.2915999999997356,30.659471924919234
1.2916999999997356,30.668015941830962
1.2917999999997356,30.67655927236383
1.2918999999997354,30.685101915480267
1.2919999999997354,30.69364387014283
1.2920999999997356,30.702185135314092
1.2921999999997353,30.710725709956662
1.292299999999735,30.719265593033334
1.2923999999997353,30.727804783506862
1.2924999999997353,30.736343280340147
1.292599999999735,30.744881082496082
1.2926999999997348,30.753418188937697
1.292799999999735,30.761954598628105
1.292899999999735,30.77049031053041
1.2929999999997348,30.779025323607833
1.2930999999997348,30.787559636823673
1.2931999999997348,30.79609324914132
1.2932999999997348,30.804626159524194
1.2933999999997348,30.81315836693576
1.2934999999997345,30.821689870339622
1.2935999999997345,30.830220668699454
1.2936999999997347,30.838750760978957
1.2937999999997345,30.847280146141884
1.2938999999997343,30.855808823152145
1.2939999999997345,30.864336790973663
1.2940999999997345,30.872864048570456
1.2941999999997342,30.881390594906573
1.2942999999997342,30.889916428946165
1.2943999999997342,30.898441549653498
1.2944999999997342,30.906965955992824
1.294599999999734,30.915489646928517
1.294699999999734,30.924012621425028
1.294799999999734,30.932534878446894
1.294899999999734,30.941056416958684
1.294999999999734,30.949577235925005
1.2950999999997337,30.958097334310658
1.2951999999997337,30.966616711080444
1.2952999999997339,30.975135365199222
1.2953999999997337,30.98365329563194
1.2954999999997334,30.992170501343605
1.2955999999997336,31.000686981299378
1.2956999999997336,31.009202734464395
1.2957999999997334,31.017717759803887
1.2958999999997334,31.026232056283195
1.2959999999997334,31.03474562286774
1.2960999999997334,31.043258458522942
1.2961999999997333,31.05177056221436
1.296299999999733,31.06028193290763
1.296399999999733,31.068792569568423
1.296499999999733,31.077302471162533
1.296599999999733,31.085811636655762
1.2966999999997328,31.094320065014053
1.2967999999997328,31.10282775520341
1.296899999999733,31.111334706189883
1.2969999999997328,31.119840916939594
1.2970999999997326,31.12834638641878
1.2971999999997328,31.13685111359375
1.2972999999997328,31.14535509743085
1.2973999999997325,31.153858336896512
1.2974999999997325,31.16236083095727
1.2975999999997325,31.170862578579726
1.2976999999997325,31.179363578730545
1.2977999999997325,31.187863830376457
1.2978999999997323,31.19636333248429
1.2979999999997323,31.204862084020977
1.2980999999997325,31.213360083953454
1.2981999999997322,31.221857331248778
1.298299999999732,31.23035382487406
1.2983999999997322,31.238849563796567
1.2984999999997322,31.247344546983534
1.298599999999732,31.255838773402303
1.2986999999997317,31.264332242020338
1.298799999999732,31.272824951805138
1.298899999999732,31.281316901724324
1.2989999999997317,31.289808090745506
1.2990999999997317,31.29829851783645
1.2991999999997317,31.306788181965015
1.2992999999997317,31.315277082099055
1.2993999999997317,31.32376521720654
1.2994999999997314,31.332252586255553
1.2995999999997314,31.340739188214226
1.2996999999997316,31.34922502205077
1.2997999999997314,31.357710086733437
1.2998999999997312,31.366194381230624
1.2999999999997314,31.374677904510772
1.3000999999997314,31.38316065554241
1.3001999999997311,31.391642633294126
1.3002999999997311,31.400123836734593
1.300399999999731,31.408604264832604
1.300499999999731,31.417083916556965
1.3005999999997309,31.425562790876597
1.3006999999997308,31.434040886760492
1.3007999999997308,31.44251820317777
1.3008999999997308,31.450994739097542
1.3009999999997308,31.459470493489015
1.3010999999997306,31.467945465321563
1.3011999999997306,31.47641965356455
1.3012999999997308,31.484893057187463
1.3013999999997306,31.493365675159822
1.3014999999997303,31.50183750645127
1.3015999999997305,31.510308550031557
1.3016999999997305,31.51877880487044
1.3017999999997303,31.52724826993779
1.3018999999997303,31.535716944203557
1.3019999999997303,31.544184826637807
1.3020999999997303,31.552651916210642
1.3021999999997302,31.561118211892218
1.30229999999973,31.56958371265284
1.30239999999973,31.578048417462885
1.30249999999973,31.58651232529277
1.30259999999973,31.59497543511299
1.3026999999997297,31.603437745894176
1.3027999999997297,31.611899256607018
1.30289999999973,31.620359966222242
1.3029999999997297,31.628819873710707
1.3030999999997295,31.637278978043334
1.3031999999997297,31.645737278191163
1.3032999999997297,31.654194773125266
1.3033999999997294,31.662651461816765
1.3034999999997294,31.67110734323697
1.3035999999997294,31.67956241635721
1.3036999999997294,31.68801668014889
1.3037999999997294,31.6964701335835
1.3038999999997292,31.70492277563264
1.3039999999997292,31.71337460526798
1.3040999999997294,31.721825621461264
1.3041999999997291,31.73027582318429
1.304299999999729,31.73872520940899
1.3043999999997289,31.747173779107403
1.304499999999729,31.755621531251567
1.3045999999997289,31.76406846481363
1.3046999999997286,31.77251457876586
1.3047999999997288,31.7809598720806
1.3048999999997288,31.78940434373024
1.3049999999997286,31.797847992687267
1.3050999999997286,31.806290817924292
1.3051999999997286,31.814732818413994
1.3052999999997286,31.82317399312907
1.3053999999997286,31.83161434104238
1.3054999999997283,31.84005386112683
1.3055999999997283,31.848492552355438
1.3056999999997285,31.856930413701292
1.3057999999997283,31.865367444137508
1.305899999999728,31.873803642637405
1.3059999999997283,31.882239008174306
1.3060999999997283,31.890673539721636
1.306199999999728,31.899107236252878
1.306299999999728,31.90754009674164
1.306399999999728,31.91597212016162
1.306499999999728,31.924403305486578
1.3065999999997278,31.932833651690327
1.3066999999997277,31.941263157746832
1.3067999999997277,31.94969182263013
1.3068999999997277,31.95811964531431
1.3069999999997277,31.966546624773546
1.3070999999997275,31.974972759982126
1.3071999999997275,31.98339804991444
1.3072999999997277,31.99182249354493
1.3073999999997274,32.00024608984809
1.3074999999997272,32.00866883779859
1.3075999999997274,32.017090736371145
1.3076999999997274,32.02551178454051
1.3077999999997272,32.0339319812816
1.3078999999997272,32.04235132556935
1.3079999999997272,32.05076981637886
1.3080999999997271,32.059187452685265
1.3081999999997271,32.067604233463754
1.308299999999727,32.07602015768969
1.308399999999727,32.084435224338456
1.3084999999997269,32.092849432385556
1.3085999999997269,32.10126278080656
1.3086999999997266,32.10967526857713
1.3087999999997266,32.11808689467305
1.3088999999997268,32.12649765807013
1.3089999999997266,32.134907557744306
1.3090999999997264,32.143316592671596
1.3091999999997266,32.15172476182815
1.3092999999997266,32.160132064190115
1.3093999999997263,32.16853849873377
1.3094999999997263,32.176944064435496
1.3095999999997263,32.1853487602718
1.3096999999997263,32.19375258521918
1.3097999999997263,32.202155538254274
1.309899999999726,32.21055761835383
1.309999999999726,32.21895882449466
1.3100999999997263,32.22735915565368
1.310199999999726,32.235758610807856
1.3102999999997258,32.244157188934274
1.3103999999997258,32.25255488901015
1.310499999999726,32.2609517100127
1.3105999999997258,32.269347650919286
1.3106999999997255,32.27774271070736
1.3107999999997257,32.286136888354456
1.3108999999997257,32.294530182838194
1.3109999999997255,32.302922593136266
1.3110999999997255,32.311314118226505
1.3111999999997255,32.31970475708678
1.3112999999997255,32.3280945086951
1.3113999999997255,32.3364833720295
1.3114999999997252,32.34487134606815
1.3115999999997252,32.35325842978936
1.3116999999997254,32.36164462217142
1.3117999999997252,32.37002992219277
1.311899999999725,32.378414328831944
1.3119999999997252,32.3867978410676
1.3120999999997252,32.395180457878396
1.312199999999725,32.40356217824312
1.3122999999997247,32.41194300114073
1.312399999999725,32.42032292555016
1.3124999999997249,32.42870195045051
1.3125999999997247,32.437080074820926
1.3126999999997246,32.44545729764069
1.3127999999997246,32.453833617889146
1.3128999999997246,32.46220903454573
1.3129999999997246,32.47058354658997
1.3130999999997244,32.47895715300151
1.3131999999997244,32.487329852760084
1.3132999999997246,32.4957016448455
1.3133999999997243,32.50407252823762
1.313499999999724,32.51244250191648
1.3135999999997243,32.52081156486217
1.3136999999997243,32.52917971605489
1.313799999999724,32.53754695447488
1.313899999999724,32.545913279102514
1.313999999999724,32.55427868891829
1.314099999999724,32.56264318290275
1.3141999999997238,32.571006760036525
1.3142999999997238,32.57936941930037
1.3143999999997238,32.587731159675144
1.3144999999997238,32.59609198014177
1.3145999999997238,32.604451879681235
1.3146999999997235,32.612810857274695
1.3147999999997235,32.621168911903375
1.3148999999997237,32.62952604254858
1.3149999999997235,32.63788224819167
1.3150999999997233,32.646237527814165
1.3151999999997235,32.65459188039768
1.3152999999997235,32.66294530492389
1.3153999999997232,32.671297800374546
1.3154999999997232,32.67964936573154
1.3155999999997232,32.68799999997689
1.3156999999997232,32.696349702092604
1.3157999999997232,32.704698471060844
1.315899999999723,32.7130463058639
1.315999999999723,32.7213932054841
1.316099999999723,32.72973916890391
1.316199999999723,32.73808419510584
1.3162999999997227,32.74642828307256
1.3163999999997227,32.7547714317868
1.316499999999723,32.76311364023138
1.3165999999997227,32.77145490738923
1.3166999999997224,32.77979523224336
1.3167999999997226,32.78813461377693
1.3168999999997226,32.79647305097311
1.3169999999997224,32.80481054281523
1.3170999999997224,32.8131470882867
1.3171999999997224,32.82148268637103
1.3172999999997224,32.82981733605182
1.3173999999997223,32.83815103631274
1.3174999999997221,32.84648378613762
1.317599999999722,32.854815584510355
1.3176999999997223,32.86314643041493
1.317799999999722,32.87147632283539
1.3178999999997218,32.879805260755965
1.317999999999722,32.88813324316095
1.318099999999722,32.8964602690347
1.3181999999997218,32.904786337361685
1.3182999999997216,32.913111447126475
1.3183999999997218,32.92143559731379
1.3184999999997218,32.929758786908366
1.3185999999997216,32.938081014895054
1.3186999999997215,32.94640228025887
1.3187999999997215,32.954722581984875
1.3188999999997215,32.963041919058206
1.3189999999997215,32.971360290464126
1.3190999999997213,32.979677695188
1.3191999999997213,32.98799413221533
1.3192999999997215,32.99630960053164
1.3193999999997212,33.00462409912259
1.319499999999721,33.01293762697393
1.3195999999997212,33.021250183071544
1.3196999999997212,33.02956176640139
1.319799999999721,33.03787237594949
1.319899999999721,33.046182010702026
1.319999999999721,33.05449066964527
1.320099999999721,33.062798351765544
1.3201999999997207,33.07110505604932
1.3202999999997207,33.07941078148313
1.3203999999997207,33.08771552705369
1.3204999999997207,33.09601929174771
1.3205999999997207,33.10432207455202
1.3206999999997204,33.11262387445363
1.3207999999997204,33.12092469043959
1.3208999999997206,33.129224521497044
1.3209999999997204,33.13752336661323
1.3210999999997202,33.145821224775545
1.3211999999997204,33.15411809497143
1.3212999999997204,33.162413976188475
1.3213999999997201,33.170708867414284
1.3214999999997201,33.17900276763666
1.32159999999972,33.18729567584349
1.32169999999972,33.19558759102271
1.32179999999972,33.203878512162376
1.3218999999997199,33.21216843825067
1.3219999999997198,33.220457368275895
1.3220999999997198,33.22874530122641
1.3221999999997198,33.237032236090656
1.3222999999997196,33.245318171857235
1.3223999999997196,33.253603107514856
1.3224999999997198,33.26188704205227
1.3225999999997196,33.270169974458355
1.3226999999997193,33.27845190372209
1.3227999999997195,33.28673282883263
1.3228999999997195,33.29501274877912
1.3229999999997193,33.30329166255084
1.3230999999997193,33.31156956913722
1.3231999999997193,33.31984646752777
1.3232999999997193,33.32812235671207
1.3233999999997192,33.336397235679826
1.323499999999719,33.34467110342088
1.323599999999719,33.352943958925124
1.3236999999997192,33.361215801182595
1.323799999999719,33.36948662918339
1.3238999999997187,33.37775644191775
1.323999999999719,33.38602523837603
1.324099999999719,33.39429301754865
1.3241999999997187,33.402559778426095
1.3242999999997185,33.41082551999908
1.3243999999997187,33.41909024125835
1.3244999999997187,33.42735394119473
1.3245999999997184,33.435616618799166
1.3246999999997184,33.443878273062744
1.3247999999997184,33.45213890297663
1.3248999999997184,33.4603985075321
1.3249999999997184,33.4686570857205
1.3250999999997182,33.47691463653333
1.3251999999997182,33.48517115896221
1.3252999999997184,33.49342665199879
1.3253999999997181,33.501681114634856
1.325499999999718,33.50993454586234
1.3255999999997181,33.51818694467327
1.325699999999718,33.52643831005974
1.3257999999997179,33.534688641013936
1.3258999999997179,33.54293793652823
1.3259999999997178,33.55118619559505
1.3260999999997178,33.55943341720693
1.3261999999997176,33.5676796003565
1.3262999999997176,33.57592474403651
1.3263999999997176,33.584168847239866
1.3264999999997176,33.592411908959484
1.3265999999997176,33.600653928188436
1.3266999999997173,33.60889490391991
1.3267999999997173,33.61713483514723
1.3268999999997175,33.62537372086374
1.3269999999997173,33.633611560062946
1.327099999999717,33.64184835173845
1.3271999999997173,33.65008409488401
1.3272999999997173,33.65831878849342
1.327399999999717,33.66655243156058
1.327499999999717,33.67478502307955
1.327599999999717,33.68301656204451
1.327699999999717,33.691247047449664
1.327799999999717,33.699476478289384
1.3278999999997168,33.707704853558134
1.3279999999997167,33.71593217225053
1.3280999999997167,33.72415843336125
1.3281999999997167,33.73238363588502
1.3282999999997165,33.7406077788168
1.3283999999997165,33.74883086115161
1.3284999999997167,33.75705288188456
1.3285999999997165,33.765273840010856
1.3286999999997162,33.77349373452583
1.3287999999997164,33.78171256442498
1.3288999999997164,33.78993032870384
1.3289999999997162,33.79814702635804
1.3290999999997162,33.80636265638337
1.3291999999997162,33.814577217775756
1.3292999999997162,33.822790709531176
1.3293999999997161,33.83100313064568
1.329499999999716,33.83921448011554
1.329599999999716,33.847424756937066
1.329699999999716,33.855633960106694
1.3297999999997159,33.86384208862094
1.3298999999997156,33.87204914147648
1.3299999999997156,33.8802551176701
1.3300999999997158,33.88846001619865
1.3301999999997156,33.896663836059105
1.3302999999997154,33.90486657624856
1.3303999999997156,33.91306823576426
1.3304999999997156,33.921268813603504
1.3305999999997153,33.92946830876368
1.3306999999997153,33.93766672024239
1.3307999999997153,33.94586404703725
1.3308999999997153,33.95406028814605
1.3309999999997153,33.96225544256662
1.331099999999715,33.97044950929697
1.331199999999715,33.97864248733522
1.3312999999997153,33.98683437567956
1.331399999999715,33.99502517332827
1.3314999999997148,34.00321487927984
1.331599999999715,34.01140349253281
1.331699999999715,34.01959101208582
1.3317999999997148,34.02777743693762
1.3318999999997148,34.03596276608712
1.3319999999997147,34.044146998533314
1.3320999999997147,34.05233013327532
1.3321999999997145,34.06051216931231
1.3322999999997145,34.06869310564365
1.3323999999997145,34.0768729412688
1.3324999999997145,34.0850516751873
1.3325999999997145,34.093229306398804
1.3326999999997142,34.101405833903115
1.3327999999997142,34.10958125670015
1.3328999999997144,34.117755573789914
1.3329999999997142,34.12592878417249
1.333099999999714,34.13410088684816
1.3331999999997142,34.142271880817255
1.3332999999997142,34.15044176508027
1.333399999999714,34.15861053863773
1.333499999999714,34.16677820049039
1.333599999999714,34.17494474963906
1.333699999999714,34.18311018508461
1.3337999999997139,34.1912745058281
1.3338999999997136,34.19943771087068
1.3339999999997136,34.20759979921366
1.3340999999997136,34.215760769858385
1.3341999999997136,34.22392062180631
1.3342999999997134,34.232079354059124
1.3343999999997134,34.240236965618514
1.3344999999997136,34.24839345548633
1.3345999999997133,34.25654882266451
1.3346999999997131,34.26470306615516
1.3347999999997133,34.272856184960446
1.3348999999997133,34.28100817808267
1.334999999999713,34.28915904452427
1.335099999999713,34.29730878328775
1.335199999999713,34.305457393375804
1.335299999999713,34.31360487379117
1.335399999999713,34.3217512235367
1.3354999999997128,34.32989644161546
1.3355999999997128,34.338040527030536
1.335699999999713,34.346183478785164
1.3357999999997128,34.354325295882674
1.3358999999997125,34.36246597732654
1.3359999999997125,34.37060552212037
1.3360999999997127,34.37874392926784
1.3361999999997125,34.38688119777276
1.3362999999997123,34.39501732663906
1.3363999999997125,34.40315231487084
1.3364999999997125,34.41128616147222
1.3365999999997122,34.41941886544746
1.3366999999997122,34.42755042580103
1.3367999999997122,34.43568084153741
1.3368999999997122,34.44381011166127
1.3369999999997122,34.451938235177316
1.337099999999712,34.460065211090445
1.337199999999712,34.46819103840568
1.3372999999997122,34.4763157161281
1.337399999999712,34.484439243262926
1.3374999999997117,34.4925616188155
1.337599999999712,34.500682841791345
1.337699999999712,34.508802911196
1.3377999999997117,34.516921826035144
1.3378999999997117,34.52503958531462
1.3379999999997116,34.53315618804041
1.3380999999997116,34.541271633218535
1.3381999999997114,34.54938591985516
1.3382999999997114,34.5574990469566
1.3383999999997114,34.56561101352928
1.3384999999997114,34.57372181857973
1.3385999999997114,34.5818314611146
1.3386999999997111,34.58993994014066
1.338799999999711,34.59804725466484
1.3388999999997113,34.60615340369414
1.338999999999711,34.61425838623565
1.3390999999997109,34.62236220129668
1.339199999999711,34.63046484788459
1.339299999999711,34.63856632500688
1.3393999999997108,34.646666631671145
1.3394999999997108,34.65476576688515
1.3395999999997108,34.66286372965675
1.3396999999997108,34.670960518993894
1.3397999999997108,34.679056133904716
1.3398999999997105,34.68715057339741
1.3399999999997105,34.69524383648035
1.3400999999997105,34.703335922161976
1.3401999999997105,34.71142682945085
1.3402999999997103,34.719516557355696
1.3403999999997103,34.727605104885384
1.3404999999997105,34.73569247104881
1.3405999999997102,34.74377865485504
1.34069999999971,34.75186365531328
1.3407999999997102,34.75994747143287
1.3408999999997102,34.76803010222321
1.34099999999971,34.77611154669387
1.34109999999971,34.78419180385451
1.34119999999971,34.79227087271499
1.34129999999971,34.80034875228518
1.34139999999971,34.80842544157514
1.3414999999997097,34.81650093959503
1.3415999999997097,34.82457524535518
1.34169999999971,34.83264835786598
1.3417999999997097,34.84072027613795
1.3418999999997094,34.84879099918179
1.3419999999997094,34.85686052600827
1.3420999999997096,34.86492885562829
1.3421999999997094,34.87299598705289
1.3422999999997092,34.8810619192932
1.3423999999997094,34.889126651360556
1.3424999999997094,34.897190182266314
1.3425999999997091,34.90525251102199
1.3426999999997091,34.913313636639266
1.3427999999997091,34.92137355812992
1.342899999999709,34.92943227450585
1.342999999999709,34.93748978477902
1.3430999999997089,34.94554608796164
1.3431999999997088,34.95360118306598
1.343299999999709,34.96165506910442
1.3433999999997088,34.96970774508946
1.3434999999997086,34.97775921003376
1.3435999999997088,34.98580946295012
1.3436999999997088,34.99385850285141
1.3437999999997086,35.00190632875065
1.3438999999997083,35.00995293966098
1.3439999999997085,35.01799833459569
1.3440999999997085,35.026042512568175
1.3441999999997083,35.034085472591926
1.3442999999997083,35.04212721368061
1.3443999999997083,35.050167734848024
1.3444999999997083,35.05820703510806
1.3445999999997083,35.0662451134747
1.344699999999708,35.074281968962126
1.344799999999708,35.08231760058464
1.3448999999997082,35.090352007356614
1.344999999999708,35.09838518829258
1.3450999999997078,35.1064171424072
1.345199999999708,35.114447868715274
1.345299999999708,35.12247736623169
1.3453999999997077,35.13050563397149
1.3454999999997077,35.13853267094983
1.3455999999997077,35.14655847618203
1.3456999999997077,35.15458304868349
1.3457999999997075,35.16260638746973
1.3458999999997074,35.170628491556464
1.3459999999997074,35.17864935995948
1.3460999999997074,35.18666899169471
1.3461999999997074,35.19468738577817
1.3462999999997072,35.20270454122609
1.3463999999997072,35.21072045705478
1.3464999999997074,35.21873513228066
1.3465999999997071,35.22674856592029
1.346699999999707,35.23476075699037
1.3467999999997071,35.24277170450775
1.346899999999707,35.25078140748938
1.3469999999997069,35.25878986495229
1.3470999999997069,35.266797075913736
1.3471999999997069,35.27480303939106
1.3472999999997068,35.2828077544017
1.3473999999997068,35.29081121996326
1.3474999999997066,35.298813435093464
1.3475999999997066,35.306814398810204
1.3476999999997066,35.31481411013142
1.3477999999997066,35.32281256807523
1.3478999999997063,35.33080977165987
1.3479999999997063,35.33880571990375
1.3480999999997065,35.346800411825356
1.3481999999997063,35.35479384644329
1.348299999999706,35.36278602277633
1.3483999999997063,35.370776939843395
1.3484999999997063,35.37876659666348
1.348599999999706,35.38675499225573
1.348699999999706,35.39474212563943
1.348799999999706,35.40272799583402
1.348899999999706,35.41071260185903
1.348999999999706,35.41869594273411
1.3490999999997058,35.42667801747909
1.3491999999997057,35.4346588251139
1.349299999999706,35.44263836465862
1.3493999999997057,35.450616635133414
1.3494999999997055,35.45859363555863
1.3495999999997057,35.46656936495475
1.3496999999997057,35.474543822342326
1.3497999999997055,35.4825170067421
1.3498999999997052,35.49048891717492
1.3499999999997054,35.498459552661814
1.3500999999997054,35.506428912223846
1.3501999999997052,35.514396994882276
1.3502999999997052,35.522363799658486
1.3503999999997052,35.53032932557403
1.3504999999997052,35.53829357165052
1.3505999999997051,35.546256536909716
1.350699999999705,35.55421822037358
1.350799999999705,35.562178621064135
1.3508999999997051,35.57013773800356
1.3509999999997049,35.57809557021413
1.3510999999997046,35.58605211671833
1.3511999999997049,35.59400737653874
1.3512999999997048,35.60196134869805
1.3513999999997046,35.60991403221909
1.3514999999997046,35.61786542612485
1.3515999999997046,35.62581552943845
1.3516999999997046,35.633764341183124
1.3517999999997043,35.64171186038223
1.3518999999997043,35.6496580860593
1.3519999999997043,35.65760301723799
1.3520999999997043,35.66554665294205
1.3521999999997043,35.67348899219539
1.352299999999704,35.68143003402207
1.352399999999704,35.68936977744628
1.3524999999997043,35.69730822149233
1.352599999999704,35.705245365184645
1.3526999999997038,35.71318120754782
1.352799999999704,35.72111574760662
1.352899999999704,35.72904898438584
1.3529999999997038,35.73698091691046
1.3530999999997038,35.744911544205664
1.3531999999997038,35.75284086529667
1.3532999999997037,35.76076887920889
1.3533999999997037,35.76869558496782
1.3534999999997035,35.77662098159916
1.3535999999997035,35.78454506812871
1.3536999999997035,35.7924678435824
1.3537999999997035,35.800389306986276
1.3538999999997032,35.808309457366576
1.3539999999997032,35.81622829374964
1.3540999999997034,35.824145815161955
1.3541999999997032,35.8320620206301
1.354299999999703,35.839976909180855
1.3543999999997032,35.84789047984113
1.3544999999997032,35.855802731637915
1.354599999999703,35.86371366359839
1.354699999999703,35.87162327474984
1.354799999999703,35.87953156411973
1.354899999999703,35.887438530735615
1.3549999999997029,35.89534417362517
1.3550999999997027,35.90324849181629
1.3551999999997026,35.911151484336955
1.3552999999997029,35.919053150215284
1.3553999999997026,35.9269534884795
1.3554999999997024,35.934852498158044
1.3555999999997024,35.94275017827945
1.3556999999997026,35.950646527872365
1.3557999999997024,35.95854154596561
1.3558999999997021,35.966435231588115
1.3559999999997023,35.97432758376902
1.3560999999997023,35.98221860153752
1.356199999999702,35.990108283922936
1.356299999999702,35.99799662995482
1.356399999999702,36.00588363866282
1.356499999999702,36.0137693090767
1.356599999999702,36.02165364022634
1.3566999999997018,36.02953663114185
1.3567999999997018,36.037418280853416
1.356899999999702,36.04529858839136
1.3569999999997018,36.053177552786146
1.3570999999997015,36.06105517306839
1.3571999999997018,36.06893144826889
1.3572999999997017,36.07680637741849
1.3573999999997015,36.084679959548225
1.3574999999997015,36.09255219368928
1.3575999999997015,36.10042307887297
1.3576999999997015,36.10829261413076
1.3577999999997012,36.11616079849419
1.3578999999997012,36.12402763099503
1.3579999999997012,36.13189311066517
1.3580999999997012,36.139757236536596
1.3581999999997012,36.14762000764144
1.358299999999701,36.155481423012034
1.358399999999701,36.16334148168081
1.3584999999997012,36.171200182680316
1.358599999999701,36.17905752504329
1.3586999999997007,36.18691350780257
1.358799999999701,36.194768129991196
1.358899999999701,36.20262139064227
1.3589999999997007,36.21047328878907
1.3590999999997007,36.21832382346503
1.3591999999997006,36.22617299370373
1.3592999999997006,36.23402079853887
1.3593999999997006,36.241867237004264
1.3594999999997004,36.249712308133915
1.3595999999997004,36.257556010962
1.3596999999997004,36.265398344522744
1.3597999999997004,36.27323930785057
1.3598999999997001,36.28107889998003
1.3599999999997001,36.288917119945864
1.3600999999997003,36.29675396678289
1.3601999999997,36.30458943952606
1.3602999999996999,36.31242353721055
1.3603999999997,36.320256258871616
1.3604999999997,36.32808760354468
1.3605999999996998,36.33591757026527
1.3606999999996998,36.343746158069116
1.3607999999996998,36.35157336599207
1.3608999999996998,36.359399193070075
1.3609999999996998,36.36722363833929
1.3610999999996996,36.37504670083599
1.3611999999996995,36.3828683795966
1.3612999999996998,36.390688673657685
1.3613999999996995,36.398507582055906
1.3614999999996993,36.40632510382815
1.3615999999996993,36.41414123801141
1.3616999999996995,36.42195598364284
1.3617999999996993,36.42976933975967
1.361899999999699,36.43758130539936
1.3619999999996992,36.44539187959951
1.3620999999996992,36.45320106139778
1.362199999999699,36.461008849832055
1.362299999999699,36.46881524394035
1.362399999999699,36.476620242760816
1.362499999999699,36.48442384533175
1.362599999999699,36.492226050691556
1.3626999999996987,36.50002685787885
1.3627999999996987,36.50782626593238
1.362899999999699,36.51562427389101
1.3629999999996987,36.523420880793736
1.3630999999996984,36.53121608567975
1.3631999999996987,36.53900988758839
1.3632999999996986,36.546802285559075
1.3633999999996984,36.55459327863143
1.3634999999996982,36.5623828658452
1.3635999999996984,36.57017104624032
1.3636999999996984,36.57795781885678
1.3637999999996981,36.585743182734795
1.3638999999996981,36.59352713691471
1.3639999999996981,36.601309680437026
1.364099999999698,36.609090812342345
1.364199999999698,36.61687053167143
1.3642999999996979,36.62464883746525
1.3643999999996979,36.63242572876487
1.364499999999698,36.64020120461151
1.3645999999996978,36.64797526404652
1.3646999999996976,36.65574790611141
1.3647999999996978,36.66351912984787
1.3648999999996978,36.6712889342977
1.3649999999996976,36.679057318502835
1.3650999999996976,36.68682428150541
1.3651999999996975,36.69458982234768
1.3652999999996975,36.70235394007204
1.3653999999996973,36.71011663372101
1.3654999999996973,36.71787790233733
1.3655999999996973,36.72563774496385
1.3656999999996973,36.73339616064352
1.3657999999996973,36.74115314841952
1.365899999999697,36.74890870733512
1.365999999999697,36.75666283643381
1.3660999999996972,36.764415534759145
1.366199999999697,36.77216680135484
1.3662999999996968,36.77991663526482
1.366399999999697,36.78766503553311
1.366499999999697,36.79541200120392
1.3665999999996967,36.803157531321546
1.3666999999996967,36.810901624930494
1.3667999999996967,36.81864428107542
1.3668999999996967,36.82638549880107
1.3669999999996967,36.834125277152424
1.3670999999996964,36.84186361517452
1.3671999999996964,36.84960051191264
1.3672999999996964,36.857335966412165
1.3673999999996964,36.865069977718576
1.3674999999996962,36.872802544877615
1.3675999999996962,36.88053366693512
1.3676999999996964,36.88826334293706
1.3677999999996961,36.89599157192956
1.367899999999696,36.90371835295893
1.3679999999996961,36.91144368507163
1.3680999999996961,36.91916756731423
1.3681999999996959,36.92688999873346
1.3682999999996959,36.934610978376206
1.3683999999996959,36.94233050528958
1.3684999999996958,36.95004857852073
1.3685999999996958,36.95776519711698
1.3686999999996956,36.96548036012587
1.3687999999996956,36.97319406659505
1.3688999999996958,36.98090631557233
1.3689999999996956,36.98861710610563
1.3690999999996953,36.99632643724309
1.3691999999996955,37.00403430803298
1.3692999999996955,37.01174071752368
1.3693999999996953,37.019445664763765
1.369499999999695,37.02714914880196
1.3695999999996953,37.03485116868716
1.3696999999996953,37.04255172346837
1.369799999999695,37.050250812194726
1.369899999999695,37.057948433915605
1.369999999999695,37.065644587680495
1.370099999999695,37.073339272539016
1.370199999999695,37.08103248754094
1.3702999999996948,37.08872423173622
1.3703999999996948,37.09641450417499
1.370499999999695,37.104103303907436
1.3705999999996947,37.11179062998401
1.3706999999996945,37.11947648145523
1.3707999999996947,37.12716085737187
1.3708999999996947,37.13484375678474
1.3709999999996945,37.14252517874486
1.3710999999996945,37.150205122303426
1.3711999999996944,37.157883586511765
1.3712999999996944,37.165560570421384
1.3713999999996942,37.17323607308385
1.3714999999996942,37.180910093551006
1.3715999999996942,37.188582630874805
1.3716999999996942,37.19625368410735
1.3717999999996942,37.20392325230083
1.371899999999694,37.21159133450774
1.371999999999694,37.219257929780625
1.3720999999996941,37.2269230371722
1.3721999999996939,37.23458665573531
1.3722999999996937,37.242248784523035
1.3723999999996939,37.24990942258858
1.3724999999996939,37.25756856898526
1.3725999999996936,37.265226222766536
1.3726999999996936,37.272882382986126
1.3727999999996936,37.280537048697845
1.3728999999996936,37.288190218955634
1.3729999999996936,37.29584189281361
1.3730999999996933,37.303492069326076
1.3731999999996933,37.31114074754748
1.3732999999996933,37.3187879265324
1.3733999999996933,37.32643360533557
1.373499999999693,37.33407778301193
1.373599999999693,37.34172045861656
1.3736999999996933,37.34936163120465
1.373799999999693,37.35700129983157
1.3738999999996928,37.36463946355289
1.373999999999693,37.3722761214243
1.374099999999693,37.37991127250164
1.3741999999996928,37.38754491584092
1.3742999999996928,37.39517705049831
1.3743999999996928,37.402807675530156
1.3744999999996927,37.4104367899929
1.3745999999996927,37.41806439294321
1.3746999999996925,37.42569048343787
1.3747999999996925,37.43331506053388
1.3748999999996927,37.44093812328832
1.3749999999996925,37.448559670758456
1.3750999999996922,37.456179702001734
1.3751999999996924,37.46379821607575
1.3752999999996924,37.471415212038266
1.3753999999996922,37.47903068894716
1.375499999999692,37.48664464586053
1.3755999999996922,37.49425708183659
1.3756999999996922,37.50186799593372
1.375799999999692,37.509477387210474
1.375899999999692,37.51708525472555
1.375999999999692,37.524691597537846
1.376099999999692,37.53229641470635
1.376199999999692,37.539899705290246
1.3762999999996917,37.54750146834889
1.3763999999996916,37.5551017029418
1.3764999999996919,37.56270040812863
1.3765999999996916,37.570297582969175
1.3766999999996914,37.577893226523464
1.3767999999996916,37.58548733785161
1.3768999999996916,37.59307991601395
1.3769999999996914,37.600670960070914
1.3770999999996913,37.60826046908314
1.3771999999996913,37.61584844211145
1.3772999999996913,37.623434878216756
1.377399999999691,37.63101977646016
1.377499999999691,37.63860313590295
1.377599999999691,37.646184955606564
1.377699999999691,37.6537652346326
1.377799999999691,37.66134397204278
1.3778999999996908,37.66892116689903
1.3779999999996908,37.67649681826347
1.378099999999691,37.68407092519831
1.3781999999996908,37.69164348676592
1.3782999999996906,37.699214502028894
1.3783999999996908,37.70678397004999
1.3784999999996908,37.71435188989205
1.3785999999996905,37.72191826061811
1.3786999999996905,37.72948308129143
1.3787999999996905,37.73704635097536
1.3788999999996905,37.74460806873345
1.3789999999996905,37.75216823362938
1.3790999999996902,37.75972684472701
1.3791999999996902,37.76728390109043
1.3792999999996902,37.774839401783744
1.3793999999996902,37.78239334587134
1.37949999999969,37.78994573241774
1.37959999999969,37.79749656048762
1.3796999999996902,37.80504582914585
1.37979999999969,37.81259353745735
1.3798999999996897,37.820139684487366
1.37999999999969,37.82768426930122
1.38009999999969,37.83522729096442
1.3801999999996897,37.84276874854256
1.3802999999996897,37.850308641101535
1.3803999999996897,37.857846967707324
1.3804999999996896,37.86538372742607
1.3805999999996896,37.87291891932408
1.3806999999996894,37.88045254246784
1.3807999999996894,37.88798459592403
1.3808999999996896,37.89551507875944
1.3809999999996894,37.90304399004102
1.3810999999996891,37.91057132883595
1.3811999999996891,37.91809709421154
1.3812999999996893,37.92562128523525
1.381399999999689,37.93314390097469
1.3814999999996889,37.94066494049771
1.381599999999689,37.948184402872265
1.381699999999689,37.95570228716646
1.3817999999996888,37.963218592448634
1.3818999999996888,37.97073331778722
1.3819999999996888,37.978246462250894
1.3820999999996888,37.98575802490842
1.3821999999996888,37.99326800482875
1.3822999999996886,38.00077640108104
1.3823999999996885,38.00828321273459
1.3824999999996888,38.01578843885886
1.3825999999996885,38.023292078523454
1.3826999999996883,38.03079413079819
1.3827999999996885,38.03829459475305
1.3828999999996885,38.045793469458125
1.3829999999996883,38.053290753983724
1.3830999999996882,38.06078644740032
1.3831999999996882,38.06828054877856
1.3832999999996882,38.07577305718921
1.383399999999688,38.08326397170324
1.383499999999688,38.0907532913918
1.383599999999688,38.0982410153262
1.383699999999688,38.105727142577884
1.383799999999688,38.11321167221849
1.3838999999996877,38.12069460331984
1.3839999999996877,38.1281759349539
1.384099999999688,38.13565566619282
1.3841999999996877,38.14313379610888
1.3842999999996874,38.15061032377458
1.3843999999996877,38.15808524826258
1.3844999999996876,38.16555856864568
1.3845999999996874,38.173030283996845
1.3846999999996874,38.180500393389245
1.3847999999996874,38.187968895896226
1.3848999999996874,38.19543579059124
1.3849999999996874,38.20290107654795
1.3850999999996871,38.2103647528402
1.3851999999996871,38.217826818541994
1.3852999999996871,38.225287272727485
1.385399999999687,38.232746114471006
1.3854999999996869,38.24020334284706
1.3855999999996869,38.24765895693037
1.385699999999687,38.255112955795745
1.3857999999996868,38.26256533851818
1.3858999999996866,38.27001610417288
1.3859999999996868,38.27746525183524
1.3860999999996868,38.284912780580754
1.3861999999996866,38.29235868948509
1.3862999999996866,38.29980297762416
1.3863999999996865,38.30724564407401
1.3864999999996865,38.31468668791081
1.3865999999996865,38.322126108210966
1.3866999999996863,38.329563904051014
1.3867999999996863,38.337000074507706
1.3868999999996865,38.34443461865791
1.3869999999996863,38.35186753557868
1.387099999999686,38.359298824347256
1.387199999999686,38.36672848404108
1.3872999999996862,38.37415651373773
1.387399999999686,38.3815829125149
1.3874999999996858,38.38900767945055
1.387599999999686,38.396430813622786
1.387699999999686,38.40385231410986
1.3877999999996857,38.41127217999021
1.3878999999996857,38.418690410342435
1.3879999999996857,38.42610700424537
1.3880999999996857,38.43352196077791
1.3881999999996857,38.440935279019214
1.3882999999996855,38.448346958048546
1.3883999999996854,38.45575699694545
1.3884999999996857,38.46316539478953
1.3885999999996854,38.47057215066059
1.3886999999996852,38.47797726363864
1.3887999999996854,38.48538073280387
1.3888999999996854,38.4927825572366
1.3889999999996852,38.500182736017315
1.3890999999996851,38.507581268226716
1.3891999999996851,38.514978152945716
1.3892999999996851,38.52237338925528
1.3893999999996849,38.52976697623665
1.3894999999996849,38.53715891297116
1.3895999999996849,38.54454919854045
1.3896999999996849,38.551937832026205
1.3897999999996848,38.559324812510305
1.3898999999996846,38.56671013907485
1.3899999999996846,38.574093810802104
1.3900999999996848,38.581475826774486
1.3901999999996846,38.5888561860746
1.3902999999996843,38.5962348877852
1.3903999999996846,38.60361193098926
1.3904999999996845,38.61098731476991
1.3905999999996843,38.618361038210445
1.3906999999996843,38.625733100394335
1.3907999999996843,38.63310350040525
1.3908999999996843,38.64047223732702
1.3909999999996843,38.647839310243604
1.391099999999684,38.655204718239226
1.391199999999684,38.662568460398234
1.391299999999684,38.66993053580516
1.391399999999684,38.67729094354468
1.3914999999996838,38.684649682701696
1.3915999999996838,38.6920067523613
1.391699999999684,38.69936215160869
1.3917999999996837,38.70671587952927
1.3918999999996835,38.71406793520864
1.3919999999996837,38.721418317732606
1.3920999999996837,38.72876702618705
1.3921999999996835,38.7361140596581
1.3922999999996835,38.74345941723209
1.3923999999996834,38.750803097995444
1.3924999999996834,38.758145101034856
1.3925999999996834,38.76548542543711
1.3926999999996832,38.772824070289225
1.3927999999996832,38.78016103467843
1.3928999999996834,38.78749631769201
1.3929999999996832,38.79482991841754
1.393099999999683,38.80216183594271
1.393199999999683,38.809492069355464
1.3932999999996831,38.81682061774384
1.393399999999683,38.82414748019607
1.3934999999996827,38.83147265580059
1.3935999999996829,38.838796143646036
1.3936999999996829,38.84611794282117
1.3937999999996826,38.85343805241494
1.3938999999996826,38.860756471516495
1.3939999999996826,38.86807319921516
1.3940999999996826,38.87538823460046
1.3941999999996826,38.88270157676202
1.3942999999996823,38.890013224789705
1.3943999999996823,38.89732317777359
1.3944999999996825,38.90463143480389
1.3945999999996823,38.91193799497095
1.394699999999682,38.91924285736537
1.3947999999996823,38.92654602107791
1.3948999999996823,38.93384748519951
1.394999999999682,38.94114724882126
1.3950999999996818,38.94844531103445
1.395199999999682,38.955741670930585
1.395299999999682,38.96303632760131
1.3953999999996818,38.97032928013842
1.3954999999996818,38.97762052763395
1.3955999999996818,38.98491006918013
1.3956999999996818,38.99219790386931
1.3957999999996817,38.99948403079402
1.3958999999996815,39.00676844904703
1.3959999999996815,39.01405115772124
1.3960999999996817,39.02133215590977
1.3961999999996815,39.02861144270585
1.3962999999996812,39.03588901720299
1.3963999999996815,39.04316487849483
1.3964999999996814,39.05043902567515
1.3965999999996812,39.05771145783801
1.3966999999996812,39.064982174077535
1.3967999999996812,39.07225117348815
1.3968999999996812,39.0795184551644
1.396999999999681,39.08678401820096
1.397099999999681,39.0940478616928
1.397199999999681,39.101309984735
1.397299999999681,39.108570386422855
1.397399999999681,39.11582906585178
1.3974999999996807,39.12308602211745
1.3975999999996807,39.13034125431571
1.3976999999996809,39.137594761542545
1.3977999999996806,39.14484654289412
1.3978999999996804,39.152096597466844
1.3979999999996806,39.15934492435729
1.3980999999996806,39.16659152266217
1.3981999999996804,39.1738363914784
1.3982999999996804,39.181079529903116
1.3983999999996803,39.18832093703359
1.3984999999996803,39.19556061196731
1.3985999999996803,39.20279855380191
1.39869999999968,39.21003476163524
1.39879999999968,39.21726923456536
1.39889999999968,39.22450197169043
1.39899999999968,39.23173297210886
1.3990999999996798,39.23896223491923
1.3991999999996798,39.246189759220314
1.39929999999968,39.253415544111064
1.3993999999996798,39.26063958869057
1.3994999999996796,39.26786189205817
1.3995999999996798,39.27508245331339
1.3996999999996798,39.282301271555895
1.3997999999996795,39.28951834588554
1.3998999999996795,39.29673367540239
1.3999999999996795,39.3039472592067
1.4000999999996795,39.311159096398896
1.4001999999996795,39.31836918607956
1.4002999999996792,39.3255775273495
1.4003999999996792,39.332784119309736
1.4004999999996794,39.33998896106139
1.4005999999996792,39.34719205170582
1.400699999999679,39.35439339034457
1.4007999999996792,39.36159297607939
1.4008999999996792,39.36879080801218
1.400999999999679,39.375986885245005
1.4010999999996787,39.38318120688018
1.401199999999679,39.3903737720202
1.401299999999679,39.39756457976768
1.4013999999996787,39.40475362922547
1.4014999999996787,39.411940919496594
1.4015999999996787,39.41912644968433
1.4016999999996786,39.42631021889201
1.4017999999996786,39.433492226223244
1.4018999999996784,39.440672470781834
1.4019999999996784,39.44785095167172
1.4020999999996786,39.45502766799709
1.4021999999996784,39.46220261886223
1.4022999999996781,39.46937580337171
1.4023999999996783,39.476547220630266
1.4024999999996783,39.48371686974276
1.402599999999678,39.49088474981428
1.402699999999678,39.49805085995014
1.402799999999678,39.50521519925579
1.402899999999678,39.512377766836906
1.4029999999996778,39.519538561799294
1.4030999999996778,39.52669758324902
1.4031999999996778,39.5338548302923
1.4032999999996778,39.541010302035545
1.4033999999996778,39.54816399758533
1.4034999999996776,39.555315916048485
1.4035999999996776,39.56246605653196
1.4036999999996778,39.56961441814294
1.4037999999996775,39.57676099998876
1.4038999999996773,39.583905801176975
1.4039999999996775,39.591048820815324
1.4040999999996775,39.59819005801174
1.4041999999996773,39.60532951187431
1.4042999999996773,39.61246718151135
1.4043999999996772,39.61960306603137
1.4044999999996772,39.62673716454304
1.4045999999996772,39.63386947615521
1.404699999999677,39.64099999997697
1.404799999999677,39.64812873511759
1.404899999999677,39.65525568068649
1.404999999999677,39.66238083579331
1.4050999999996767,39.669504199547845
1.4051999999996767,39.67662577106019
1.405299999999677,39.68374554944049
1.4053999999996767,39.690863533799146
1.4054999999996765,39.697979723246746
1.4055999999996767,39.7050941168941
1.4056999999996767,39.71220671385219
1.4057999999996764,39.7193175132321
1.4058999999996764,39.72642651414525
1.4059999999996764,39.73353371570319
1.4060999999996764,39.740639117017636
1.4061999999996764,39.7477427172005
1.4062999999996761,39.754844515363935
1.4063999999996761,39.76194451062025
1.4064999999996763,39.76904270208195
1.406599999999676,39.77613908886172
1.4066999999996759,39.78323367007244
1.4067999999996759,39.79032644482723
1.406899999999676,39.79741741223934
1.4069999999996758,39.80450657142222
1.4070999999996756,39.81159392148957
1.4071999999996758,39.81867946155523
1.4072999999996758,39.825763190733234
1.4073999999996756,39.83284510813783
1.4074999999996756,39.83992521288342
1.4075999999996756,39.84700350408472
1.4076999999996755,39.85407998085644
1.4077999999996755,39.86115464231365
1.4078999999996753,39.86822748757154
1.4079999999996753,39.87529851574552
1.4080999999996755,39.88236772595121
1.4081999999996753,39.88943511730433
1.408299999999675,39.896500688920895
1.4083999999996752,39.90356443991711
1.4084999999996752,39.91062636940932
1.408599999999675,39.91768647651408
1.408699999999675,39.924744760348155
1.408799999999675,39.93180122002851
1.408899999999675,39.93885585467228
1.4089999999996747,39.945908663396814
1.4090999999996747,39.952959645319645
1.4091999999996747,39.96000879955853
1.4092999999996747,39.967056125231366
1.4093999999996747,39.97410162145628
1.4094999999996745,39.98114528735158
1.4095999999996744,39.988187122035825
1.4096999999996747,39.995227124627704
1.4097999999996744,40.002265294246094
1.4098999999996742,40.0093016300101
1.4099999999996744,40.016336131039075
1.4100999999996744,40.02336879645246
1.4101999999996742,40.030399625369945
1.4102999999996741,40.03742861691141
1.4103999999996741,40.044455770196976
1.4104999999996741,40.051481084346904
1.4105999999996741,40.05850455848164
1.4106999999996739,40.06552619172187
1.4107999999996739,40.072545983188476
1.4108999999996739,40.07956393200252
1.4109999999996738,40.08658003728523
1.4110999999996736,40.093594298158116
1.4111999999996736,40.1006067137428
1.4112999999996738,40.10761728316114
1.4113999999996736,40.114626005535165
1.4114999999996733,40.12163287998717
1.4115999999996736,40.128637905639565
1.4116999999996735,40.135641081615006
1.4117999999996733,40.142642407036305
1.4118999999996733,40.14964188102653
1.4119999999996733,40.156639502708934
1.4120999999996733,40.163635271206914
1.4121999999996733,40.17062918564411
1.412299999999673,40.17762124514436
1.412399999999673,40.18461144883168
1.4124999999996732,40.19159979583033
1.412599999999673,40.1985862852647
1.4126999999996728,40.20557091625943
1.4127999999996728,40.212553687939355
1.412899999999673,40.219534599429494
1.4129999999996727,40.22651364985504
1.4130999999996725,40.23349083834145
1.4131999999996727,40.24046616401432
1.4132999999996727,40.24743962599948
1.4133999999996725,40.25441122342296
1.4134999999996725,40.261380955410964
1.4135999999996725,40.268348821089916
1.4136999999996724,40.275314819586434
1.4137999999996724,40.28227895002731
1.4138999999996722,40.289241211539604
1.4139999999996722,40.29620160325053
1.4140999999996724,40.30316012428749
1.4141999999996722,40.310116773778084
1.414299999999672,40.317071550850166
1.4143999999996721,40.324024454631726
1.4144999999996721,40.330975484251034
1.414599999999672,40.33792463883646
1.4146999999996717,40.34487191751665
1.4147999999996719,40.35181731942042
1.4148999999996719,40.358760843676805
1.4149999999996716,40.365702489415014
1.4150999999996716,40.37264225576446
1.4151999999996716,40.37958014185483
1.4152999999996716,40.38651614681589
1.4153999999996716,40.393450269777716
1.4154999999996714,40.400382509870504
1.4155999999996713,40.40731286622473
1.4156999999996716,40.414241337971006
1.4157999999996713,40.421167924240144
1.415899999999671,40.42809262416322
1.4159999999996713,40.435015436871495
1.4160999999996713,40.44193636149639
1.416199999999671,40.44885539716954
1.416299999999671,40.4557725430228
1.416399999999671,40.462687798188256
1.416499999999671,40.469601161798124
1.4165999999996708,40.47651263298489
1.4166999999996708,40.4834222108812
1.4167999999996708,40.49032989461993
1.4168999999996708,40.49723568333414
1.4169999999996707,40.5041395761571
1.4170999999996705,40.51104157222229
1.4171999999996705,40.5179416706634
1.4172999999996707,40.524839870614294
1.4173999999996705,40.53173617120905
1.4174999999996702,40.538630571582
1.4175999999996705,40.54552307086761
1.4176999999996704,40.552413668200565
1.4177999999996702,40.559302362715776
1.4178999999996702,40.56618915354834
1.4179999999996702,40.57307403983362
1.4180999999996702,40.5799570207071
1.4181999999996702,40.58683809530446
1.41829999999967,40.59371726276167
1.41839999999967,40.60059452221486
1.41849999999967,40.607469872800344
1.41859999999967,40.61434331365467
1.4186999999996697,40.621214843914565
1.4187999999996697,40.62808446271704
1.4188999999996699,40.634952169199195
1.4189999999996696,40.64181796249838
1.4190999999996694,40.648681841752165
1.4191999999996696,40.6555438060984
1.4192999999996696,40.662403854674984
1.4193999999996694,40.66926198662009
1.4194999999996694,40.67611820107217
1.4195999999996693,40.682972497169786
1.4196999999996693,40.68982487405173
1.4197999999996693,40.696675330857026
1.419899999999669,40.70352386672487
1.419999999999669,40.71037048079472
1.4200999999996693,40.71721517220619
1.420199999999669,40.72405794009908
1.4202999999996688,40.73089878361346
1.420399999999669,40.73773770188961
1.420499999999669,40.74457469406793
1.4205999999996688,40.7514097592891
1.4206999999996686,40.758242896694
1.4207999999996688,40.76507410542371
1.4208999999996688,40.771903384619506
1.4209999999996685,40.77873073342289
1.4210999999996685,40.78555615097552
1.4211999999996685,40.79237963641937
1.4212999999996685,40.79920118889653
1.4213999999996685,40.80602080754931
1.4214999999996683,40.812838491520225
1.4215999999996682,40.81965423995207
1.4216999999996685,40.826468051987774
1.4217999999996682,40.833279926770466
1.421899999999668,40.840089863443524
1.4219999999996682,40.84689786115055
1.4220999999996682,40.85370391903531
1.422199999999668,40.86050803624176
1.422299999999668,40.867310211914145
1.422399999999668,40.87411044519688
1.422499999999668,40.88090873523456
1.4225999999996677,40.88770508117201
1.4226999999996677,40.89449948215428
1.4227999999996677,40.90129193732664
1.4228999999996677,40.908082445834516
1.4229999999996676,40.91487100682358
1.4230999999996674,40.921657619439706
1.4231999999996674,40.928442282828996
1.4232999999996676,40.935224996137755
1.4233999999996674,40.94200575851245
1.4234999999996671,40.94878456909982
1.4235999999996674,40.95556142704681
1.4236999999996673,40.96233633150055
1.423799999999667,40.96910928160835
1.423899999999667,40.97588027651782
1.423999999999667,40.98264931537672
1.424099999999667,40.989416397333024
1.424199999999667,40.99618152153489
1.4242999999996668,41.00294468713078
1.4243999999996668,41.00970589326929
1.4244999999996668,41.016465139099246
1.4245999999996668,41.02322242376965
1.4246999999996666,41.02997774642978
1.4247999999996666,41.03673110622911
1.4248999999996668,41.04348250231731
1.4249999999996665,41.05023193384424
1.4250999999996663,41.05697939996
1.4251999999996665,41.06372489981492
1.4252999999996665,41.070468432559515
1.4253999999996663,41.0772099973445
1.4254999999996663,41.08394959332082
1.4255999999996662,41.090687219639655
1.4256999999996662,41.097422875452374
1.4257999999996662,41.10415655991054
1.425899999999666,41.11088827216594
1.425999999999666,41.11761801137063
1.4260999999996662,41.1243457766768
1.426199999999666,41.13107156723689
1.4262999999996657,41.137795382203535
1.426399999999666,41.14451722072963
1.426499999999666,41.15123708196822
1.4265999999996657,41.157954965072605
1.4266999999996655,41.16467086919629
1.4267999999996657,41.171384793492976
1.4268999999996657,41.178096737116626
1.4269999999996654,41.18480669922135
1.4270999999996654,41.19151467896152
1.4271999999996654,41.19822067549172
1.4272999999996654,41.204924687966695
1.4273999999996654,41.2116267155415
1.4274999999996651,41.21832675737132
1.4275999999996651,41.22502481261161
1.4276999999996653,41.23172088041798
1.4277999999996651,41.23841495994631
1.4278999999996649,41.24510705035267
1.427999999999665,41.25179715079339
1.428099999999665,41.258485260424905
1.4281999999996648,41.26517137840398
1.4282999999996648,41.271855503887544
1.4283999999996648,41.278537636032745
1.4284999999996648,41.285217773996955
1.4285999999996646,41.29189591693776
1.4286999999996646,41.29857206401292
1.4287999999996646,41.305246214380524
1.4288999999996645,41.31191836719876
1.4289999999996645,41.31858852162605
1.4290999999996643,41.325256676821084
1.4291999999996643,41.331922831942755
1.4292999999996645,41.33858698615017
1.4293999999996643,41.34524913860256
1.429499999999664,41.351909288459545
1.4295999999996643,41.358567434880854
1.4296999999996642,41.365223577026434
1.429799999999664,41.371877714056446
1.429899999999664,41.3785298451313
1.429999999999664,41.38517996941163
1.430099999999664,41.391828086058254
1.430199999999664,41.3984741942322
1.4302999999996637,41.405118293094766
1.4303999999996637,41.41176038180745
1.4304999999996637,41.41840045953193
1.4305999999996637,41.42503852543008
1.4306999999996635,41.43167457866412
1.4307999999996635,41.43830861839638
1.4308999999996637,41.44494064378944
1.4309999999996634,41.451570654006034
1.4310999999996632,41.45819864820922
1.4311999999996634,41.464824625562244
1.4312999999996634,41.47144858522854
1.4313999999996632,41.478070526371745
1.4314999999996632,41.484690448155774
1.4315999999996631,41.49130834974473
1.4316999999996631,41.497924230302935
1.4317999999996631,41.50453808899493
1.4318999999996629,41.51114992498546
1.4319999999996629,41.517759737439526
1.432099999999663,41.52436752552235
1.4321999999996629,41.5309732883993
1.4322999999996626,41.53757702523605
1.4323999999996626,41.54417873519846
1.4324999999996628,41.5507784174526
1.4325999999996626,41.557376071164754
1.4326999999996624,41.56397169550147
1.4327999999996626,41.570565289629485
1.4328999999996626,41.57715685271575
1.4329999999996623,41.58374638392744
1.4330999999996623,41.59033388243196
1.4331999999996623,41.59691934739694
1.4332999999996623,41.603502777990236
1.4333999999996623,41.61008417337987
1.433499999999662,41.616663532734144
1.433599999999662,41.62324085522161
1.4336999999996622,41.629816140010924
1.433799999999662,41.63638938627106
1.4338999999996618,41.642960593171196
1.433999999999662,41.64952975988072
1.434099999999662,41.656096885569255
1.4341999999996617,41.662661969406614
1.4342999999996617,41.669225010562855
1.4343999999996617,41.67578600820825
1.4344999999996617,41.68234496151334
1.4345999999996615,41.688901869648795
1.4346999999996615,41.6954567317856
1.4347999999996615,41.70200954709492
1.4348999999996614,41.708560314748084
1.4349999999996614,41.71510903391679
1.4350999999996612,41.72165570377279
1.4351999999996612,41.72820032348822
1.4352999999996614,41.734742892235325
1.4353999999996612,41.74128340918657
1.435499999999661,41.747821873514724
1.4355999999996611,41.75435828439274
1.4356999999996611,41.76089264099379
1.435799999999661,41.76742494249123
1.435899999999661,41.77395518805871
1.4359999999996609,41.78048337687007
1.4360999999996609,41.787009508099416
1.4361999999996609,41.79353358092096
1.4362999999996606,41.80005559450926
1.4363999999996606,41.80657554803909
1.4364999999996606,41.81309344068535
1.4365999999996606,41.819609271623236
1.4366999999996604,41.82612304002819
1.4367999999996603,41.832634745075836
1.4368999999996606,41.83914438594205
1.4369999999996603,41.845651961802865
1.43709999999966,41.85215747183463
1.4371999999996603,41.858660915213896
1.4372999999996603,41.86516229111742
1.43739999999966,41.87166159872211
1.43749999999966,41.87815883720528
1.43759999999966,41.88465400574434
1.43769999999966,41.89114710351689
1.43779999999966,41.89763812970088
1.4378999999996598,41.9041270834744
1.4379999999996598,41.910613964015795
1.43809999999966,41.91709877050363
1.4381999999996598,41.9235815021167
1.4382999999996595,41.93006215803397
1.4383999999996595,41.93654073743475
1.4384999999996597,41.943017239498495
1.4385999999996595,41.94949166340487
1.4386999999996593,41.9559640083338
1.4387999999996595,41.96243427346547
1.4388999999996595,41.96890245798024
1.4389999999996592,41.97536856105869
1.4390999999996592,41.98183258188164
1.4391999999996592,41.988294519630195
1.4392999999996592,41.99475437348563
1.4393999999996592,42.00121214262941
1.439499999999659,42.00766782624328
1.439599999999659,42.01412142350926
1.4396999999996591,42.02057293360951
1.439799999999659,42.02702235572643
1.4398999999996587,42.03346968904268
1.4399999999996589,42.039914932741134
1.4400999999996589,42.04635808600493
1.4401999999996586,42.05279914801735
1.4402999999996586,42.05923811796199
1.4403999999996586,42.065674995022626
1.4404999999996586,42.07210977838329
1.4405999999996584,42.07854246722818
1.4406999999996584,42.08497306074181
1.4407999999996584,42.09140155810889
1.4408999999996583,42.097827958514344
1.4409999999996583,42.10425226114331
1.441099999999658,42.1106744651812
1.441199999999658,42.11709456981363
1.4412999999996583,42.12351257422645
1.441399999999658,42.12992847760572
1.4414999999996578,42.13634227913779
1.441599999999658,42.142753978009154
1.441699999999658,42.149163573406604
1.4417999999996578,42.15557106451711
1.4418999999996578,42.161976450527916
1.4419999999996578,42.16837973062649
1.4420999999996578,42.1747809040005
1.4421999999996578,42.18117996983787
1.4422999999996575,42.18757692732673
1.4423999999996575,42.193971775655505
1.4424999999996575,42.20036451401276
1.4425999999996575,42.206755141587344
1.4426999999996573,42.21314365756833
1.4427999999996572,42.21953006114502
1.4428999999996575,42.22591435150695
1.4429999999996572,42.23229652784386
1.443099999999657,42.23867658934576
1.4431999999996572,42.24505453520289
1.4432999999996572,42.2514303646057
1.443399999999657,42.25780407674487
1.443499999999657,42.264175670811284
1.443599999999657,42.27054514599617
1.443699999999657,42.276912501490884
1.443799999999657,42.28327773648698
1.4438999999996567,42.289640850176404
1.4439999999996567,42.29600184175116
1.4440999999996569,42.302360710403605
1.4441999999996566,42.308717455326246
1.4442999999996564,42.31507207571188
1.4443999999996564,42.32142457075354
1.4444999999996566,42.32777493964444
1.4445999999996564,42.33412318157805
1.4446999999996561,42.340469295748086
1.4447999999996564,42.346813281348496
1.4448999999996563,42.35315513757346
1.4449999999996561,42.359494863617364
1.445099999999656,42.36583245867485
1.445199999999656,42.372167921940814
1.445299999999656,42.37850125261037
1.445399999999656,42.38483244987881
1.4454999999996558,42.391161512941764
1.4455999999996558,42.397488440995005
1.445699999999656,42.40381323323461
1.4457999999996558,42.410135888856814
1.4458999999996556,42.41645640705813
1.4459999999996558,42.42277478703536
1.4460999999996558,42.42909102798545
1.4461999999996555,42.4354051291056
1.4462999999996553,42.44171708959327
1.4463999999996555,42.44802690864614
1.4464999999996555,42.45433458546216
1.4465999999996553,42.46064011923943
1.4466999999996553,42.46694350917638
1.4467999999996553,42.473244754471644
1.4468999999996552,42.47954385432404
1.4469999999996552,42.485840807932696
1.447099999999655,42.4921356144969
1.447199999999655,42.49842827321627
1.4472999999996552,42.50471878329059
1.447399999999655,42.51100714391988
1.4474999999996547,42.51729335430441
1.447599999999655,42.52357741364474
1.447699999999655,42.52985932114157
1.4477999999996547,42.53613907599588
1.4478999999996547,42.5424166774089
1.4479999999996547,42.548692124582104
1.4480999999996547,42.55496541671715
1.4481999999996544,42.56123655301599
1.4482999999996544,42.56750553268076
1.4483999999996544,42.5737723549139
1.4484999999996544,42.58003701891803
1.4485999999996544,42.58629952389602
1.4486999999996542,42.59255986905097
1.4487999999996541,42.59881805358627
1.4488999999996544,42.60507407670548
1.4489999999996541,42.61132793761241
1.4490999999996539,42.617579635511156
1.449199999999654,42.623829169606026
1.449299999999654,42.63007653910151
1.4493999999996539,42.63632174320241
1.4494999999996538,42.64256478111375
1.4495999999996538,42.64880565204076
1.4496999999996538,42.65504435518897
1.4497999999996538,42.661280889764065
1.4498999999996536,42.66751525497202
1.4499999999996536,42.673747450019086
1.4500999999996536,42.679977474111645
1.4501999999996535,42.686205326456395
1.4502999999996533,42.69243100626028
1.4503999999996533,42.69865451273048
1.4504999999996535,42.70487584507437
1.4505999999996533,42.71109500249956
1.450699999999653,42.717311984213964
1.4507999999996533,42.723526789425705
1.4508999999996532,42.72973941734315
1.450999999999653,42.73594986717484
1.451099999999653,42.74215813812966
1.451199999999653,42.74836422941671
1.451299999999653,42.75456814024525
1.451399999999653,42.76076986982485
1.4514999999996527,42.76696941736534
1.4515999999996527,42.77316678207673
1.451699999999653,42.779361963169315
1.4517999999996527,42.785554959853606
1.4518999999996525,42.791745771340345
1.4519999999996527,42.79793439684058
1.4520999999996527,42.8041208355655
1.4521999999996524,42.810305086726615
1.4522999999996522,42.81648714953564
1.4523999999996524,42.82266702320454
1.4524999999996524,42.82884470694554
1.4525999999996522,42.83502019997104
1.4526999999996522,42.84119350149378
1.4527999999996521,42.847364610726665
1.4528999999996521,42.85353352688286
1.4529999999996521,42.8597002491758
1.453099999999652,42.8658647768191
1.4531999999996519,42.87202710902672
1.453299999999652,42.87818724501275
1.4533999999996519,42.88434518399158
1.4534999999996516,42.89050092517783
1.4535999999996518,42.896654467786405
1.4536999999996518,42.90280581103238
1.4537999999996516,42.9089549541311
1.4538999999996516,42.91510189629816
1.4539999999996516,42.92124663674944
1.4540999999996516,42.927389174700984
1.4541999999996513,42.933529509369116
1.4542999999996513,42.93966763997039
1.4543999999996513,42.945803565721654
1.4544999999996513,42.95193728583993
1.4545999999996513,42.95806879954253
1.454699999999651,42.964198106046965
1.454799999999651,42.970325204571076
1.4548999999996512,42.97645009433287
1.454999999999651,42.98257277455056
1.4550999999996508,42.98869324444272
1.455199999999651,42.99481150322812
1.455299999999651,43.00092755012574
1.4553999999996508,43.00704138435483
1.4554999999996507,43.01315300513487
1.4555999999996507,43.019262411685624
1.4556999999996507,43.02536960322706
1.4557999999996507,43.03147457897939
1.4558999999996505,43.03757733816312
1.4559999999996505,43.04367787999894
1.4560999999996505,43.04977620370785
1.4561999999996504,43.05587230851099
1.4562999999996502,43.06196619362988
1.4563999999996502,43.06805785828618
1.4564999999996504,43.07414730170187
1.4565999999996502,43.080234523099065
1.45669999999965,43.08631952170026
1.4567999999996502,43.09240229672816
1.4568999999996501,43.09848284740563
1.45699999999965,43.10456117295587
1.45709999999965,43.1106372726023
1.4571999999996499,43.11671114556858
1.4572999999996499,43.12278279107862
1.4573999999996499,43.12885220835657
1.4574999999996496,43.13491939662688
1.4575999999996496,43.14098435511416
1.4576999999996498,43.147047083043304
1.4577999999996496,43.15310757963947
1.4578999999996494,43.15916584412804
1.4579999999996494,43.1652218757347
1.4580999999996496,43.17127567368529
1.4581999999996493,43.17732723720593
1.458299999999649,43.18337656552305
1.4583999999996493,43.189423657863266
1.4584999999996493,43.195468513453434
1.458599999999649,43.201511131520654
1.458699999999649,43.20755151129236
1.458799999999649,43.213589651996145
1.458899999999649,43.2196255528599
1.458999999999649,43.22565921311168
1.4590999999996488,43.2316906319799
1.4591999999996488,43.23771980869319
1.459299999999649,43.243746742480354
1.4593999999996488,43.24977143257055
1.4594999999996485,43.2557938781931
1.4595999999996487,43.261814078577665
1.4596999999996487,43.26783203295405
1.4597999999996485,43.27384774055238
1.4598999999996485,43.279861200603015
1.4599999999996485,43.28587241233655
1.4600999999996485,43.291881374983866
1.4601999999996482,43.29788808777601
1.4602999999996482,43.303892549944386
1.4603999999996482,43.3098947607206
1.4604999999996482,43.31589471933647
1.4605999999996482,43.321892425024096
1.460699999999648,43.32788787701588
1.460799999999648,43.33388107454438
1.4608999999996481,43.33987201684248
1.460999999999648,43.345860703143224
1.4610999999996477,43.35184713268003
1.461199999999648,43.357831304686485
1.4612999999996479,43.36381321839645
1.4613999999996476,43.36979287304399
1.4614999999996476,43.37577026786351
1.4615999999996476,43.38174540208959
1.4616999999996476,43.387718274957095
1.4617999999996476,43.393688885701145
1.4618999999996474,43.39965723355707
1.4619999999996474,43.40562331776055
1.4620999999996473,43.41158713754737
1.4621999999996473,43.41754869215368
1.462299999999647,43.42350798081584
1.462399999999647,43.42946500277049
1.4624999999996473,43.4354197572545
1.462599999999647,43.44137224350496
1.4626999999996468,43.44732246075928
1.462799999999647,43.45327040825507
1.462899999999647,43.45921608523021
1.4629999999996468,43.46515949092284
1.4630999999996468,43.47110062457133
1.4631999999996468,43.477039485414345
1.4632999999996468,43.482976072690775
1.4633999999996468,43.4889103856397
1.4634999999996465,43.494842423500586
1.4635999999996465,43.500772185513085
1.4636999999996467,43.50669967091706
1.4637999999996465,43.51262487895268
1.4638999999996463,43.51854780886035
1.4639999999996463,43.52446845988075
1.4640999999996465,43.53038683125479
1.4641999999996462,43.536302922223655
1.464299999999646,43.54221673202872
1.4643999999996462,43.548128259911714
1.4644999999996462,43.554037505114565
1.464599999999646,43.55994446687943
1.464699999999646,43.56584914444876
1.464799999999646,43.57175153706529
1.464899999999646,43.577651643971905
1.464999999999646,43.58354946441186
1.4650999999996457,43.58944499762857
1.4651999999996457,43.59533824286579
1.4652999999996459,43.60122919936749
1.4653999999996457,43.60711786637788
1.4654999999996454,43.6130042431414
1.4655999999996456,43.61888832890286
1.4656999999996456,43.624770122907194
1.4657999999996454,43.63064962439967
1.4658999999996452,43.63652683262577
1.4659999999996454,43.64240174683129
1.4660999999996454,43.648274366262214
1.4661999999996451,43.6541446901648
1.466299999999645,43.66001271778559
1.466399999999645,43.66587844837135
1.466499999999645,43.671741881169154
1.466599999999645,43.67760301542626
1.4666999999996448,43.68346185039019
1.4667999999996448,43.68931838530884
1.466899999999645,43.69517261943018
1.4669999999996448,43.70102455200258
1.4670999999996446,43.706874182274575
1.4671999999996448,43.712721509495054
1.4672999999996448,43.71856653291309
1.4673999999996445,43.724409251778
1.4674999999996445,43.73024966533941
1.4675999999996445,43.73608777284718
1.4676999999996445,43.74192357355143
1.4677999999996443,43.74775706670256
1.4678999999996443,43.75358825155115
1.4679999999996443,43.75941712734816
1.4680999999996442,43.76524369334468
1.4681999999996442,43.77106794879213
1.468299999999644,43.776889892942215
1.468399999999644,43.78270952504684
1.4684999999996442,43.78852684435818
1.468599999999644,43.79434185012867
1.4686999999996437,43.80015454161102
1.468799999999644,43.8059649180582
1.468899999999644,43.811772978723425
1.4689999999996437,43.81757872286016
1.4690999999996437,43.823382149722136
1.4691999999996437,43.82918325856338
1.4692999999996437,43.834982048638125
1.4693999999996437,43.84077851920087
1.4694999999996434,43.846572669506386
1.4695999999996434,43.85236449880975
1.4696999999996434,43.85815400636623
1.4697999999996434,43.86394119143134
1.4698999999996432,43.86972605326093
1.4699999999996431,43.8755085911111
1.4700999999996434,43.88128880423813
1.4701999999996431,43.88706669189864
1.470299999999643,43.89284225334946
1.470399999999643,43.89861548784771
1.470499999999643,43.90438639465078
1.4705999999996429,43.91015497301628
1.4706999999996428,43.91592122220211
1.4707999999996428,43.921685141466455
1.4708999999996428,43.92744673006769
1.4709999999996428,43.93320598726453
1.4710999999996426,43.938962912315866
1.4711999999996426,43.94471750448093
1.4712999999996428,43.9504697630192
1.4713999999996425,43.95621968719035
1.4714999999996423,43.96196727625438
1.4715999999996425,43.967712529471555
1.4716999999996425,43.97345544610236
1.4717999999996423,43.979196025407596
1.471899999999642,43.98493426664825
1.4719999999996423,43.990670169085675
1.4720999999996423,43.996403731981374
1.472199999999642,44.00213495459717
1.472299999999642,44.007863836195156
1.472399999999642,44.013590376037676
1.472499999999642,44.01931457338735
1.472599999999642,44.02503642750702
1.4726999999996417,44.030755937659784
1.4727999999996417,44.03647310310914
1.472899999999642,44.04218792311863
1.4729999999996417,44.047900396952265
1.4730999999996415,44.053610523874156
1.4731999999996417,44.059318303148785
1.4732999999996417,44.06502373404089
1.4733999999996414,44.0707268158154
1.4734999999996414,44.076427547737545
1.4735999999996414,44.082125929072866
1.4736999999996414,44.08782195908712
1.4737999999996412,44.09351563704631
1.4738999999996412,44.09920696221675
1.4739999999996412,44.10489593386501
1.4740999999996411,44.11058255125789
1.4741999999996411,44.116266813662484
1.474299999999641,44.12194872034612
1.4743999999996409,44.12762827057644
1.474499999999641,44.13330546362134
1.4745999999996409,44.138980298748926
1.4746999999996406,44.14465277522762
1.4747999999996408,44.15032289232613
1.4748999999996408,44.15599064931335
1.4749999999996406,44.16165604545851
1.4750999999996406,44.16731908003108
1.4751999999996406,44.1729797523008
1.4752999999996406,44.178638061537654
1.4753999999996406,44.184294007011935
1.4754999999996403,44.18994758799415
1.4755999999996403,44.195598803755125
1.4756999999996403,44.20124765356591
1.4757999999996403,44.206894136697834
1.47589999999964,44.212538252422505
1.47599999999964,44.218180000011785
1.4760999999996403,44.22381937873781
1.47619999999964,44.22945638787297
1.4762999999996398,44.23509102668993
1.47639999999964,44.24072329446163
1.47649999999964,44.24635319046125
1.4765999999996398,44.251980713962276
1.4766999999996397,44.25760586423842
1.4767999999996397,44.26322864056371
1.4768999999996397,44.26884904221238
1.4769999999996397,44.27446706845899
1.4770999999996395,44.28008271857832
1.4771999999996395,44.28569599184547
1.4772999999996397,44.291306887535754
1.4773999999996394,44.29691540492474
1.4774999999996392,44.3025215432884
1.4775999999996394,44.3081253019028
1.4776999999996394,44.313726680044354
1.4777999999996392,44.31932567698974
1.477899999999639,44.32492229201593
1.4779999999996392,44.33051652440014
1.4780999999996391,44.33610837341984
1.478199999999639,44.34169783835274
1.478299999999639,44.34728491847693
1.478399999999639,44.352869613070666
1.4784999999996389,44.358451921412524
1.4785999999996389,44.36403184278129
1.4786999999996386,44.369609376456104
1.4787999999996386,44.375184521716314
1.4788999999996388,44.38075727784157
1.4789999999996386,44.38632764411175
1.4790999999996384,44.39189561980705
1.4791999999996386,44.39746120420793
1.4792999999996386,44.403024396595065
1.4793999999996383,44.40858519624946
1.4794999999996383,44.41414360245239
1.4795999999996383,44.41969961448536
1.4796999999996383,44.42525323163016
1.479799999999638,44.43080445316884
1.479899999999638,44.43635327838377
1.479999999999638,44.441899706557564
1.480099999999638,44.44744373697307
1.480199999999638,44.45298536891344
1.4802999999996378,44.458524601662106
1.4803999999996378,44.46406143450277
1.480499999999638,44.46959586671938
1.4805999999996378,44.475127897596145
1.4806999999996375,44.4806575264176
1.4807999999996377,44.486184752468525
1.4808999999996377,44.49170957503395
1.4809999999996375,44.49723199339919
1.4810999999996375,44.502752006849846
1.4811999999996375,44.508269614671796
1.4812999999996375,44.51378481615115
1.4813999999996375,44.519297610574334
1.4814999999996372,44.524807997228
1.4815999999996372,44.530315975399155
1.4816999999996372,44.53582154437499
1.4817999999996372,44.54132470344296
1.481899999999637,44.54682545189088
1.481999999999637,44.552323789006806
1.4820999999996372,44.55781971407905
1.482199999999637,44.56331322639615
1.4822999999996367,44.568804325247015
1.482399999999637,44.57429300992077
1.4824999999996369,44.57977927970683
1.4825999999996367,44.58526313389486
1.4826999999996366,44.5907445717748
1.4827999999996366,44.59622359263693
1.4828999999996366,44.601700195771706
1.4829999999996366,44.607174380469914
1.4830999999996364,44.61264614602259
1.4831999999996364,44.61811549172112
1.4832999999996366,44.62358241685705
1.4833999999996363,44.629046920722246
1.483499999999636,44.63450900260887
1.483599999999636,44.63996866180936
1.4836999999996363,44.64542589761641
1.483799999999636,44.65088070932295
1.4838999999996358,44.65633309622226
1.483999999999636,44.661783057607856
1.484099999999636,44.66723059277353
1.4841999999996358,44.67267570101336
1.4842999999996358,44.67811838162168
1.4843999999996358,44.68355863389312
1.4844999999996358,44.68899645712258
1.4845999999996358,44.69443185060521
1.4846999999996355,44.69986481363646
1.4847999999996355,44.7052953455121
1.4848999999996357,44.71072344552806
1.4849999999996355,44.716149112980695
1.4850999999996353,44.72157234716648
1.4851999999996355,44.726993147382295
1.4852999999996355,44.732411512925225
1.4853999999996352,44.73782744309264
1.4854999999996352,44.74324093718221
1.4855999999996352,44.74865199449188
1.4856999999996352,44.75406061431983
1.485799999999635,44.75946679596457
1.485899999999635,44.76487053872486
1.485999999999635,44.770271841899735
1.486099999999635,44.77567070478852
1.486199999999635,44.78106712669082
1.4862999999996347,44.78646110690647
1.4863999999996347,44.79185264473567
1.486499999999635,44.79724173947883
1.4865999999996347,44.80262839043663
1.4866999999996344,44.80801259691007
1.4867999999996346,44.81339435820045
1.4868999999996346,44.81877367360926
1.4869999999996344,44.824150542438325
1.4870999999996344,44.82952496398976
1.4871999999996344,44.83489693756592
1.4872999999996344,44.84026646246948
1.4873999999996343,44.84563353800334
1.4874999999996341,44.850998163470734
1.487599999999634,44.85636033817515
1.487699999999634,44.861720061420336
1.487799999999634,44.86707733251038
1.4878999999996338,44.87243215074954
1.4879999999996338,44.877784515442485
1.488099999999634,44.88313442589408
1.4881999999996338,44.888481881409454
1.4882999999996336,44.8938268812941
1.4883999999996338,44.899169424853724
1.4884999999996338,44.90450951139433
1.4885999999996335,44.909847140222176
1.4886999999996335,44.915182310643836
1.4887999999996335,44.92051502196618
1.4888999999996335,44.92584527349629
1.4889999999996335,44.931173064541596
1.4890999999996333,44.936498394409746
1.4891999999996333,44.94182126240879
1.4892999999996335,44.947141667846864
1.4893999999996332,44.95245961003254
1.489499999999633,44.95777508827462
1.489599999999633,44.96308810188222
1.4896999999996332,44.96839865016467
1.489799999999633,44.97370673243163
1.4898999999996327,44.97901234799302
1.489999999999633,44.98431549615908
1.490099999999633,44.98961617624027
1.4901999999996327,44.99491438754738
1.4902999999996327,45.00021012939145
1.4903999999996327,45.005503401083836
1.4904999999996327,45.010794201936164
1.4905999999996327,45.01608253126031
1.4906999999996324,45.02136838836847
1.4907999999996324,45.02665177257311
1.4908999999996326,45.03193268318699
1.4909999999996324,45.0372111195231
1.4910999999996322,45.0424870808948
1.4911999999996324,45.04776056661567
1.4912999999996324,45.053031575999576
1.4913999999996321,45.05830010836069
1.4914999999996321,45.06356616301343
1.491599999999632,45.06882973927257
1.491699999999632,45.07409083645309
1.4917999999996319,45.07934945387028
1.4918999999996319,45.08460559083972
1.4919999999996318,45.0898592466773
1.4920999999996318,45.095110420699115
1.4921999999996318,45.100359112221604
1.4922999999996316,45.10560532056151
1.4923999999996316,45.11084904503581
1.4924999999996318,45.11609028496178
1.4925999999996316,45.121329039656985
1.4926999999996313,45.12656530843925
1.4927999999996315,45.13179909062674
1.4928999999996315,45.13703038553788
1.4929999999996313,45.1422591924913
1.4930999999996313,45.14748551080607
1.4931999999996313,45.15270933980142
1.4932999999996313,45.1579306787969
1.4933999999996312,45.16314952711236
1.493499999999631,45.16836588406794
1.493599999999631,45.17357974898401
1.493699999999631,45.17879112118131
1.493799999999631,45.18399999998079
1.4938999999996307,45.18920638470372
1.4939999999996307,45.19441027467166
1.494099999999631,45.19961166920647
1.4941999999996307,45.2048105676302
1.4942999999996305,45.21000696926533
1.4943999999996307,45.215200873434526
1.4944999999996307,45.22039227946079
1.4945999999996304,45.22558118666738
1.4946999999996304,45.230767594377824
1.4947999999996304,45.23595150191601
1.4948999999996304,45.24113290860604
1.4949999999996304,45.24631181377231
1.4950999999996302,45.25148821673952
1.4951999999996302,45.2566621168327
1.4952999999996304,45.261833513377105
1.4953999999996301,45.26700240569828
1.49549999999963,45.27216879312207
1.49559999999963,45.27733267497465
1.49569999999963,45.28249405058241
1.4957999999996299,45.28765291927206
1.4958999999996296,45.292809280370605
1.4959999999996298,45.297963133205364
1.4960999999996298,45.30311447710385
1.4961999999996296,45.308263311393965
1.4962999999996296,45.31340963540386
1.4963999999996296,45.31855344846195
1.4964999999996296,45.32369474989699
1.4965999999996296,45.32883353903795
1.4966999999996293,45.333969815214175
1.4967999999996293,45.33910357775527
1.4968999999996295,45.34423482599109
1.4969999999996293,45.349363559251785
1.497099999999629,45.35448977686783
1.4971999999996293,45.35961347817
1.4972999999996293,45.36473466248928
1.497399999999629,45.36985332915706
1.4974999999996288,45.37496947750489
1.497599999999629,45.38008310686474
1.497699999999629,45.385194216568735
1.4977999999996288,45.390302805949396
1.4978999999996288,45.39540887433949
1.4979999999996287,45.40051242107209
1.4980999999996287,45.405613445480554
1.4981999999996287,45.41071194689848
1.4982999999996285,45.41580792465987
1.4983999999996285,45.42090137809889
1.4984999999996287,45.4259923065501
1.4985999999996285,45.43108070934828
1.4986999999996282,45.43616658582854
1.4987999999996284,45.441249935326226
1.4988999999996284,45.446330757177066
1.4989999999996282,45.451409050717
1.4990999999996282,45.45648481528227
1.4991999999996282,45.46155805020948
1.4992999999996282,45.46662875483544
1.499399999999628,45.47169692849728
1.499499999999628,45.47676257053242
1.499599999999628,45.481825680278604
1.4996999999996279,45.48688625707381
1.4997999999996279,45.49194430025634
1.4998999999996276,45.4969998091648
1.4999999999996276,45.50205278313809
1.5000999999996278,45.50710322151535
1.5001999999996276,45.51215112363606
1.5002999999996274,45.517196488839936
1.5003999999996276,45.52223931646714
1.5004999999996276,45.527279605857935
1.5005999999996273,45.53231735635296
1.5006999999996273,45.53735256729317
1.5007999999996273,45.54238523801978
1.5008999999996273,45.54741536787432
1.5009999999996273,45.55244295619856
1.501099999999627,45.55746800233466
1.501199999999627,45.56249050562497
1.501299999999627,45.56751046541219
1.501399999999627,45.572527881039306
1.5014999999996268,45.57754275184959
1.5015999999996268,45.58255507718663
1.501699999999627,45.58756485639429
1.5017999999996268,45.59257208881669
1.5018999999996265,45.59757677379831
1.5019999999996267,45.60257891068389
1.5020999999996267,45.6075784988185
1.5021999999996265,45.61257553754744
1.5022999999996265,45.61757002621633
1.5023999999996265,45.62256196417114
1.5024999999996265,45.62755135075803
1.5025999999996265,45.63253818532357
1.5026999999996262,45.637522467214524
1.5027999999996262,45.64250419577803
1.5028999999996264,45.647483370361456
1.5029999999996262,45.65245999031252
1.503099999999626,45.65743405497916
1.5031999999996262,45.662405563709754
1.5032999999996262,45.66737451585282
1.503399999999626,45.672340910757214
1.5034999999996257,45.67730474777215
1.503599999999626,45.68226602624708
1.503699999999626,45.68722474553175
1.5037999999996257,45.692180904976254
1.5038999999996256,45.69713450393092
1.5039999999996256,45.70208554174642
1.5040999999996256,45.7070340177737
1.5041999999996256,45.71197993136397
1.5042999999996254,45.716923281868795
1.5043999999996254,45.72186406864004
1.5044999999996256,45.7268022910298
1.5045999999996253,45.7317379483905
1.5046999999996251,45.73667104007492
1.5047999999996253,45.74160156543604
1.5048999999996253,45.74652952382721
1.504999999999625,45.75145491460203
1.505099999999625,45.7563777371144
1.505199999999625,45.76129799071862
1.505299999999625,45.76621567476909
1.5053999999996248,45.7711307886207
1.5054999999996248,45.77604333162853
1.5055999999996248,45.780953303147996
1.5056999999996248,45.785860702534805
1.5057999999996248,45.79076552914491
1.5058999999996245,45.79566778233468
1.5059999999996245,45.8005674614607
1.5060999999996247,45.80546456587985
1.5061999999996245,45.81035909494934
1.5062999999996243,45.815251048026646
1.5063999999996245,45.820140424469585
1.5064999999996245,45.82502722363624
1.5065999999996242,45.82991144488501
1.5066999999996242,45.83479308757458
1.5067999999996242,45.83967215106393
1.5068999999996242,45.844548634712396
1.5069999999996242,45.84942253787951
1.507099999999624,45.8542938599252
1.507199999999624,45.859162600209636
1.507299999999624,45.864028758093326
1.507399999999624,45.86889233293702
1.5074999999996237,45.873753324101855
1.5075999999996237,45.8786117309492
1.507699999999624,45.88346755284074
1.5077999999996237,45.88832078913846
1.5078999999996234,45.893171439204664
1.5079999999996236,45.89801950240192
1.5080999999996236,45.90286497809316
1.5081999999996234,45.90770786564153
1.5082999999996234,45.91254816441055
1.5083999999996234,45.91738587376403
1.5084999999996234,45.92222099306602
1.5085999999996234,45.92705352168094
1.5086999999996231,45.93188345897349
1.508799999999623,45.93671080430868
1.5088999999996233,45.941535557051814
1.508999999999623,45.946357716568436
1.5090999999996229,45.951177282224485
1.5091999999996228,45.95599425338621
1.509299999999623,45.960808629420086
1.5093999999996228,45.965620409692896
1.5094999999996226,45.97042959357177
1.5095999999996228,45.97523618042414
1.5096999999996228,45.9800401696177
1.5097999999996226,45.984841560520486
1.5098999999996225,45.98964035250081
1.5099999999996225,45.99443654492729
1.5100999999996225,45.99923013716888
1.5101999999996225,46.004021128594765
1.5102999999996223,46.008809518574516
1.5103999999996223,46.01359530647798
1.5104999999996225,46.01837849167526
1.5105999999996222,46.02315907353679
1.510699999999622,46.02793705143337
1.5107999999996222,46.032712424736005
1.5108999999996222,46.037485192816064
1.510999999999622,46.04225535504521
1.511099999999622,46.04702291079536
1.511199999999622,46.051787859438846
1.511299999999622,46.056550200348234
1.5113999999996217,46.06130993289633
1.5114999999996217,46.06606705645635
1.5115999999996217,46.0708215704018
1.5116999999996217,46.07557347410643
1.5117999999996217,46.080322766944356
1.5118999999996214,46.08506944828995
1.5119999999996214,46.08981351751793
1.5120999999996216,46.0945549740033
1.5121999999996214,46.099293817121385
1.5122999999996212,46.10403004624776
1.5123999999996214,46.10876366075839
1.5124999999996214,46.11349466002947
1.5125999999996211,46.11822304343753
1.5126999999996211,46.12294881035945
1.5127999999996211,46.12767196017232
1.512899999999621,46.13239249225365
1.512999999999621,46.13711040598113
1.5130999999996209,46.141825700732845
1.5131999999996208,46.146538375887175
1.5132999999996208,46.15124843082279
1.5133999999996208,46.155955864918674
1.5134999999996206,46.16066067755408
1.5135999999996206,46.16536286810863
1.5136999999996208,46.170062435962244
1.5137999999996206,46.174759380495075
1.5138999999996203,46.17945370108767
1.5139999999996205,46.18414539712084
1.5140999999996205,46.188834467975724
1.5141999999996203,46.19352091303372
1.5142999999996203,46.198204731676626
1.5143999999996203,46.20288592328644
1.5144999999996203,46.20756448724555
1.5145999999996203,46.21224042293659
1.51469999999962,46.21691372974255
1.51479999999962,46.221584407046755
1.5148999999996202,46.22625245423269
1.51499999999962,46.23091787068434
1.5150999999996198,46.235580655785874
1.5151999999996197,46.24024080892178
1.51529999999962,46.24489832947694
1.5153999999996197,46.24955321683641
1.5154999999996195,46.25420547038569
1.5155999999996197,46.2588550895105
1.5156999999996197,46.2635020735969
1.5157999999996195,46.26814642203122
1.5158999999996194,46.27278813420018
1.5159999999996194,46.277427209490725
1.5160999999996194,46.282063647290194
1.5161999999996194,46.286697446986125
1.5162999999996192,46.29132860796648
1.5163999999996192,46.295957129619445
1.5164999999996194,46.30058301133357
1.5165999999996191,46.30520625249769
1.516699999999619,46.30982685250093
1.5167999999996191,46.314444810732795
1.516899999999619,46.31906012658301
1.5169999999996189,46.32367279944169
1.5170999999996186,46.32828282869916
1.5171999999996189,46.33289021374619
1.5172999999996188,46.33749495397376
1.5173999999996186,46.34209704877319
1.5174999999996186,46.34669649753611
1.5175999999996186,46.35129329965448
1.5176999999996186,46.35588745452053
1.5177999999996186,46.36047896152684
1.5178999999996183,46.36506782006626
1.5179999999996183,46.369654029532015
1.5180999999996185,46.37423758931758
1.5181999999996183,46.37881849881675
1.518299999999618,46.38339675742366
1.5183999999996183,46.38797236453277
1.5184999999996183,46.392545319538804
1.518599999999618,46.3971156218368
1.518699999999618,46.40168327082212
1.518799999999618,46.406248265890476
1.518899999999618,46.41081060643787
1.5189999999996178,46.41537029186055
1.5190999999996178,46.41992732155516
1.5191999999996177,46.42448169491867
1.5192999999996177,46.429033411348286
1.5193999999996177,46.43358247024155
1.5194999999996175,46.438128870996344
1.5195999999996175,46.44267261301088
1.5196999999996177,46.4472136956836
1.5197999999996175,46.451752118413346
1.5198999999996172,46.456287880599206
1.5199999999996174,46.460820981640644
1.5200999999996174,46.4653514209374
1.5201999999996172,46.46987919788953
1.5202999999996172,46.4744043118974
1.5203999999996172,46.47892676236172
1.5204999999996172,46.4834465486835
1.5205999999996171,46.48796367026401
1.520699999999617,46.492478126504906
1.520799999999617,46.49698991680813
1.520899999999617,46.50149904057597
1.5209999999996169,46.506005497210964
1.5210999999996166,46.51050928611599
1.5211999999996166,46.515010406694294
1.5212999999996168,46.51950885834937
1.5213999999996166,46.524004640485046
1.5214999999996164,46.52849775250547
1.5215999999996166,46.5329881938151
1.5216999999996166,46.53747596381875
1.5217999999996163,46.54196106192146
1.5218999999996163,46.54644348752867
1.5219999999996163,46.550923240046096
1.5220999999996163,46.555400318879784
1.5221999999996163,46.559874723436074
1.522299999999616,46.56434645312164
1.522399999999616,46.5688155073435
1.5224999999996163,46.573281885508926
1.522599999999616,46.57774558702552
1.5226999999996158,46.58220661130126
1.522799999999616,46.58666495774437
1.522899999999616,46.59112062576345
1.5229999999996158,46.59557361476731
1.5230999999996155,46.60002392416524
1.5231999999996158,46.60447155336672
1.5232999999996157,46.6089165017816
1.5233999999996155,46.61335876882
1.5234999999996155,46.6177983538924
1.5235999999996155,46.62223525640962
1.5236999999996155,46.62666947578272
1.5237999999996155,46.63110101142314
1.5238999999996152,46.63552986274263
1.5239999999996152,46.639956029153225
1.5240999999996154,46.644379510067324
1.5241999999996152,46.64880030489759
1.524299999999615,46.653218413057054
1.5243999999996152,46.65763383395905
1.5244999999996152,46.66204656701721
1.524599999999615,46.6664566116455
1.524699999999615,46.67086396725819
1.524799999999615,46.67526863326992
1.524899999999615,46.67967060909559
1.5249999999996147,46.68406989415041
1.5250999999996147,46.68846648784997
1.5251999999996146,46.69286038961016
1.5252999999996146,46.697251598847174
1.5253999999996146,46.70164011497747
1.5254999999996144,46.70602593741794
1.5255999999996144,46.710409065585715
1.5256999999996146,46.71478949889829
1.5257999999996144,46.719167236773416
1.5258999999996141,46.72354227862924
1.5259999999996143,46.727914623884196
1.5260999999996143,46.73228427195702
1.526199999999614,46.736651222266765
1.526299999999614,46.741015474232874
1.526399999999614,46.745377027275026
1.526499999999614,46.74973588081328
1.526599999999614,46.754092034267934
1.5266999999996138,46.75844548705973
1.5267999999996138,46.76279623860959
1.5268999999996138,46.76714428833891
1.5269999999996138,46.771489635669255
1.5270999999996135,46.77583228002262
1.5271999999996135,46.78017222082127
1.5272999999996137,46.784509457487836
1.5273999999996135,46.78884398944518
1.5274999999996133,46.7931758161166
1.5275999999996135,46.79750493692561
1.5276999999996135,46.801831351296144
1.5277999999996132,46.80615505865237
1.5278999999996132,46.81047605841882
1.5279999999996132,46.814794350020385
1.5280999999996132,46.8191099328822
1.5281999999996132,46.82342280642974
1.528299999999613,46.82773297008887
1.528399999999613,46.83204042328571
1.5284999999996132,46.83634516544673
1.528599999999613,46.8406471959987
1.5286999999996127,46.844946514368715
1.528799999999613,46.84924311998423
1.528899999999613,46.85353701227301
1.5289999999996127,46.85782819066308
1.5290999999996124,46.86211665458286
1.5291999999996126,46.866402403461116
1.5292999999996126,46.87068543672686
1.5293999999996124,46.874965753809434
1.5294999999996124,46.87924335413855
1.5295999999996124,46.883518237144244
1.5296999999996124,46.887790402256854
1.5297999999996124,46.89205984890701
1.5298999999996121,46.8963265765257
1.5299999999996121,46.900590584544304
1.5300999999996123,46.904851872394396
1.530199999999612,46.90911043950793
1.5302999999996119,46.91336628531722
1.530399999999612,46.91761940925487
1.530499999999612,46.92186981075378
1.5305999999996118,46.92611748924727
1.5306999999996118,46.93036244416888
1.5307999999996118,46.9346046749525
1.5308999999996118,46.93884418103243
1.5309999999996116,46.94308096184316
1.5310999999996115,46.9473150168196
1.5311999999996115,46.95154634539696
1.5312999999996115,46.95577494701079
1.5313999999996115,46.96000082109693
1.5314999999996113,46.96422396709157
1.5315999999996113,46.968444384431216
1.5316999999996115,46.97266207255269
1.5317999999996113,46.97687703089321
1.531899999999611,46.98108925889019
1.5319999999996112,46.985298755981525
1.5320999999996112,46.98950552160528
1.532199999999611,46.99370955519998
1.532299999999611,46.99791085620437
1.532399999999611,47.00210942405765
1.532499999999611,47.006305258199205
1.532599999999611,47.010498358068794
1.5326999999996107,47.01468872310656
1.5327999999996107,47.018876352752926
1.5328999999996107,47.02306124644864
1.5329999999996107,47.02724340363479
1.5330999999996104,47.03142282375278
1.5331999999996104,47.03559950624432
1.5332999999996106,47.03977345055155
1.5333999999996104,47.043944656116786
1.5334999999996102,47.0481131223828
1.5335999999996104,47.052278848792646
1.5336999999996104,47.056441834789666
1.5337999999996101,47.06060207981756
1.5338999999996101,47.06475958332039
1.5339999999996101,47.06891434474253
1.53409999999961,47.07306636352862
1.53419999999961,47.077215639123715
1.5342999999996099,47.08136217097314
1.5343999999996099,47.08550595852262
1.53449999999961,47.0896470012181
1.5345999999996098,47.09378529850594
1.5346999999996096,47.0979208498328
1.5347999999996096,47.10205365464571
1.5348999999996098,47.10618371239193
1.5349999999996096,47.11031102251914
1.5350999999996093,47.114435584475316
1.5351999999996095,47.11855739770878
1.5352999999996095,47.12267646166819
1.5353999999996093,47.126792775802436
1.5354999999996093,47.13090633956091
1.5355999999996093,47.135017152393196
1.5356999999996093,47.13912521374925
1.5357999999996093,47.14323052307939
1.535899999999609,47.1473330798342
1.535999999999609,47.151432883464665
1.5360999999996092,47.15552993342206
1.536199999999609,47.159624229157956
1.5362999999996088,47.16371577012435
1.536399999999609,47.1678045557735
1.536499999999609,47.17189058555803
1.5365999999996087,47.17597385893081
1.5366999999996087,47.18005437534516
1.5367999999996087,47.1841321342547
1.5368999999996087,47.1882071351133
1.5369999999996085,47.19227937737527
1.5370999999996084,47.19634886049516
1.5371999999996084,47.20041558392797
1.5372999999996084,47.20447954712886
1.5373999999996084,47.208540749553485
1.5374999999996082,47.21259919065774
1.5375999999996082,47.216654869897866
1.5376999999996084,47.22070778673053
1.5377999999996081,47.22475794061253
1.537899999999608,47.228805331001205
1.5379999999996081,47.232849957354084
1.5380999999996081,47.236891819129134
1.5381999999996079,47.24093091578458
1.5382999999996079,47.24496724677896
1.5383999999996079,47.24900081157126
1.5384999999996078,47.2530316096207
1.5385999999996078,47.25705964038684
1.5386999999996076,47.26108490332961
1.5387999999996076,47.26510739790927
1.5388999999996076,47.269127123586394
1.5389999999996076,47.273144079821876
1.5390999999996073,47.277158266077
1.5391999999996073,47.281169681813346
1.5392999999996075,47.285178326492776
1.5393999999996073,47.289184199577605
1.539499999999607,47.29318730053038
1.5395999999996073,47.29718762881406
1.5396999999996073,47.301185183891874
1.539799999999607,47.305179965227396
1.539899999999607,47.30917197228456
1.539999999999607,47.313161204527646
1.540099999999607,47.317147661421224
1.540199999999607,47.321131342430206
1.5402999999996068,47.32511224701989
1.5403999999996068,47.32909037465586
1.540499999999607,47.33306572480405
1.5405999999996067,47.337038296930714
1.5406999999996065,47.34100809050248
1.5407999999996065,47.34497510498626
1.5408999999996067,47.348939339849366
1.5409999999996065,47.352900794559375
1.5410999999996062,47.35685946858425
1.5411999999996064,47.360815361392255
1.5412999999996064,47.364768472452056
1.5413999999996062,47.368718801232575
1.5414999999996062,47.372666347203086
1.5415999999996062,47.37661110983327
1.5416999999996062,47.38055308859303
1.5417999999996062,47.38449228295272
1.541899999999606,47.38842869238293
1.541999999999606,47.3923623163547
1.5420999999996061,47.3962931543393
1.5421999999996059,47.40022120580837
1.5422999999996057,47.40414647023391
1.5423999999996059,47.40806894708825
1.5424999999996059,47.411988635844075
1.5425999999996056,47.41590553597431
1.5426999999996056,47.419819646952334
1.5427999999996056,47.42373096825187
1.5428999999996056,47.427639499346846
1.5429999999996054,47.43154523971167
1.5430999999996053,47.43544818882098
1.5431999999996053,47.43934834614985
1.5432999999996053,47.44324571117365
1.5433999999996053,47.447140283368036
1.543499999999605,47.45103206220907
1.543599999999605,47.45492104717315
1.5436999999996053,47.45880723773696
1.543799999999605,47.4626906333776
1.5438999999996048,47.46657123357243
1.543999999999605,47.4704490377992
1.544099999999605,47.474324045536015
1.5441999999996048,47.47819625626122
1.5442999999996048,47.48206566945363
1.5443999999996048,47.48593228459228
1.5444999999996047,47.48979610115669
1.5445999999996047,47.49365711862655
1.5446999999996045,47.497515336481996
1.5447999999996045,47.501370754203506
1.5448999999996045,47.505223371271825
1.5449999999996045,47.50907318716813
1.5450999999996042,47.51292020137385
1.5451999999996042,47.516764413370815
1.5452999999996044,47.520605822641215
1.5453999999996042,47.52444442866749
1.545499999999604,47.528280230932495
1.5455999999996042,47.532113228919386
1.5456999999996042,47.53594342211172
1.545799999999604,47.53977080999333
1.545899999999604,47.54359539204838
1.545999999999604,47.54741716776149
1.546099999999604,47.55123613661747
1.546199999999604,47.55505229810155
1.5462999999996037,47.5588656516993
1.5463999999996036,47.56267619689665
1.5464999999996039,47.566483933179796
1.5465999999996036,47.57028886003537
1.5466999999996034,47.57409097695029
1.5467999999996034,47.577890283411826
1.5468999999996036,47.581686778907596
1.5469999999996034,47.58548046292551
1.5470999999996031,47.58927133495393
1.5471999999996033,47.593059394481486
1.5472999999996033,47.596844640997126
1.547399999999603,47.6006270739902
1.547499999999603,47.60440669295037
1.547599999999603,47.60818349736766
1.547699999999603,47.61195748673243
1.547799999999603,47.61572866053534
1.5478999999996028,47.61949701826747
1.5479999999996028,47.623262559420176
1.548099999999603,47.62702528348521
1.5481999999996028,47.63078518995462
1.5482999999996025,47.63454227832085
1.5483999999996028,47.63829654807663
1.5484999999996027,47.64204799871509
1.5485999999996025,47.645796629729624
1.5486999999996023,47.64954244061407
1.5487999999996025,47.65328543086255
1.5488999999996025,47.65702559996957
1.5489999999996023,47.66076294742991
1.5490999999996022,47.664497472738724
1.5491999999996022,47.668229175391595
1.5492999999996022,47.67195805488433
1.5493999999996022,47.67568411071313
1.549499999999602,47.679407342374525
1.549599999999602,47.68312774936546
1.5496999999996022,47.68684533118315
1.549799999999602,47.69056008732515
1.5498999999996017,47.6942720172894
1.549999999999602,47.69798112057419
1.550099999999602,47.70168739667813
1.5501999999996017,47.7053908451002
1.5502999999996017,47.709091465339675
1.5503999999996017,47.71278925689623
1.5504999999996016,47.716484219269866
1.5505999999996014,47.720176351960916
1.5506999999996014,47.72386565447009
1.5507999999996014,47.72755212629842
1.5508999999996014,47.731235766947314
1.5509999999996014,47.73491657591846
1.5510999999996011,47.738594552714
1.5511999999996011,47.742269696836296
1.5512999999996013,47.74594200778815
1.551399999999601,47.749611485072684
1.5514999999996009,47.75327812819336
1.551599999999601,47.75694193665401
1.551699999999601,47.760602909958756
1.5517999999996008,47.764261047612145
1.5518999999996008,47.767916349119
1.5519999999996008,47.77156881398457
1.5520999999996008,47.77521844171439
1.5521999999996008,47.77886523181432
1.5522999999996006,47.78250918379064
1.5523999999996005,47.78615029714994
1.5524999999996005,47.78978857139919
1.5525999999996005,47.793424006045626
1.5526999999996003,47.79705660059692
1.5527999999996003,47.80068635456107
1.5528999999996005,47.80431326744639
1.5529999999996003,47.807937338761576
1.5530999999996,47.81155856801567
1.5531999999996002,47.815176954718055
1.5532999999996002,47.81879249837846
1.5533999999996,47.82240519850694
1.5534999999996,47.826015054613926
1.5535999999996,47.82962206621028
1.5536999999996,47.83322623280703
1.5537999999996,47.83682755391569
1.5538999999995997,47.84042602904809
1.5539999999995997,47.844021657716425
1.5540999999996,47.84761443943319
1.5541999999995997,47.851204373711276
1.5542999999995994,47.85479146006393
1.5543999999995997,47.858375698004714
1.5544999999995996,47.86195708704755
1.5545999999995994,47.865535626706716
1.5546999999995992,47.86911131649684
1.5547999999995994,47.87268415593291
1.5548999999995994,47.87625414453028
1.5549999999995991,47.879821281804574
1.5550999999995991,47.88338556727188
1.5551999999995991,47.886947000448515
1.5552999999995991,47.890505580851254
1.555399999999599,47.894061307997205
1.5554999999995989,47.89761418140375
1.5555999999995989,47.90116420058874
1.555699999999599,47.90471136507027
1.5557999999995988,47.90825567436682
1.5558999999995986,47.91179712799725
1.5559999999995988,47.91533572548079
1.5560999999995988,47.91887146633693
1.5561999999995986,47.922404350085586
1.5562999999995986,47.925934376247014
1.5563999999995985,47.92946154434183
1.5564999999995985,47.932985853890976
1.5565999999995983,47.936507304415734
1.5566999999995983,47.940025895437806
1.5567999999995983,47.943541626479195
1.5568999999995983,47.947054497062254
1.5569999999995983,47.9505645067097
1.557099999999598,47.95407165494463
1.557199999999598,47.95757594129043
1.5572999999995982,47.96107736527094
1.557399999999598,47.96457592641022
1.5574999999995978,47.96807162423276
1.557599999999598,47.97156445826346
1.557699999999598,47.97505442802746
1.5577999999995977,47.97854153305034
1.5578999999995977,47.982025772857966
1.5579999999995977,47.98550714697663
1.5580999999995977,47.988985654932904
1.5581999999995977,47.99246129625375
1.5582999999995975,47.99593407046651
1.5583999999995974,47.999403977098844
1.5584999999995974,48.002871015678764
1.5585999999995974,48.00633518573468
1.5586999999995972,48.009796486795274
1.5587999999995972,48.01325491838971
1.5588999999995974,48.01671048004738
1.5589999999995972,48.02016317129808
1.559099999999597,48.02361299167201
1.5591999999995971,48.027059940699615
1.5592999999995971,48.030504017911824
1.5593999999995969,48.033945222839826
1.5594999999995969,48.03738355501516
1.5595999999995969,48.04081901396984
1.5596999999995969,48.044251599236105
1.5597999999995968,48.0476813103466
1.5598999999995966,48.05110814683433
1.5599999999995966,48.054532108232664
1.5600999999995968,48.057953194075296
1.5601999999995966,48.061371403896295
1.5602999999995963,48.06478673723009
1.5603999999995963,48.068199193611484
1.5604999999995965,48.07160877257558
1.5605999999995963,48.075015473657864
1.560699999999596,48.07841929639423
1.5607999999995963,48.08182024032087
1.5608999999995963,48.08521830497436
1.560999999999596,48.08861348989157
1.561099999999596,48.09200579460985
1.561199999999596,48.095395218666795
1.561299999999596,48.09878176160043
1.561399999999596,48.10216542294907
1.5614999999995958,48.10554620225147
1.5615999999995958,48.10892409904667
1.561699999999596,48.11229911287408
1.5617999999995957,48.11567124327352
1.5618999999995955,48.1190404897851
1.5619999999995957,48.122406851949364
1.5620999999995957,48.12577032930713
1.5621999999995955,48.12913092139964
1.5622999999995955,48.132488627768474
1.5623999999995954,48.13584344795552
1.5624999999995954,48.13919538150313
1.5625999999995952,48.14254442795393
1.5626999999995952,48.14589058685092
1.5627999999995952,48.149233857737485
1.5628999999995952,48.15257424015737
1.5629999999995952,48.15591173365465
1.563099999999595,48.15924633777376
1.563199999999595,48.162578052059516
1.5632999999995951,48.165906876057115
1.563399999999595,48.169232809312035
1.5634999999995947,48.172555851370184
1.5635999999995949,48.17587600177784
1.5636999999995949,48.179193260081554
1.5637999999995946,48.18250762582836
1.5638999999995946,48.1858190985655
1.5639999999995946,48.189127677840766
1.5640999999995946,48.192433363202134
1.5641999999995946,48.19573615419801
1.5642999999995943,48.199036050377195
1.5643999999995943,48.20233305128883
1.5644999999995943,48.20562715648236
1.5645999999995943,48.20891836550767
1.564699999999594,48.21220667791497
1.564799999999594,48.21549209325485
1.5648999999995943,48.21877461107822
1.564999999999594,48.222054230936415
1.5650999999995938,48.22533095238105
1.565199999999594,48.22860477496415
1.565299999999594,48.23187569823813
1.5653999999995938,48.23514372175573
1.5654999999995938,48.23840884507002
1.5655999999995938,48.241671067734515
1.5656999999995938,48.24493038930304
1.5657999999995937,48.24818680932975
1.5658999999995935,48.251440327369224
1.5659999999995935,48.2546909429764
1.5660999999995937,48.25793865570657
1.5661999999995935,48.261183465115295
1.5662999999995932,48.26442537075866
1.5663999999995932,48.267664372193025
1.5664999999995934,48.27090046897513
1.5665999999995932,48.274133660661995
1.566699999999593,48.277363946811164
1.5667999999995932,48.28059132698043
1.5668999999995932,48.28381580072799
1.566999999999593,48.28703736761238
1.567099999999593,48.290256027192505
1.567199999999593,48.29347177902767
1.567299999999593,48.2966846226775
1.567399999999593,48.29989455770199
1.5674999999995927,48.30310158366156
1.5675999999995927,48.30630570011688
1.5676999999995929,48.309506906629075
1.5677999999995926,48.3127052027596
1.5678999999995924,48.315900588070285
1.5679999999995926,48.319093062123336
1.5680999999995926,48.32228262448132
1.5681999999995924,48.3254692747071
1.5682999999995921,48.32865301236401
1.5683999999995923,48.331833837015694
1.5684999999995923,48.33501174822616
1.568599999999592,48.33818674555981
1.568699999999592,48.341358828581356
1.568799999999592,48.34452799685595
1.568899999999592,48.34769424994905
1.568999999999592,48.35085758742649
1.5690999999995918,48.35401800885451
1.5691999999995918,48.35717551379966
1.569299999999592,48.36033010182892
1.5693999999995918,48.36348177250952
1.5694999999995916,48.36663052540921
1.5695999999995918,48.36977636009601
1.5696999999995918,48.37291927613832
1.5697999999995915,48.37605927310491
1.5698999999995915,48.379196350564925
1.5699999999995915,48.38233050808789
1.5700999999995915,48.38546174524366
1.5701999999995913,48.38859006160246
1.5702999999995912,48.39171545673493
1.5703999999995912,48.394837930212034
1.5704999999995912,48.39795748160514
1.5705999999995912,48.40107411048591
1.570699999999591,48.40418781642648
1.570799999999591,48.40729859899924
1.5708999999995912,48.41040645777702
1.570999999999591,48.41351139233301
1.5710999999995907,48.41661340224078
1.571199999999591,48.41971248707422
1.571299999999591,48.42280864640759
1.5713999999995907,48.425901879815605
1.5714999999995907,48.42899218687323
1.5715999999995907,48.432079567155924
1.5716999999995906,48.43516402023937
1.5717999999995906,48.438245545699786
1.5718999999995904,48.441324143113576
1.5719999999995904,48.44439981205765
1.5720999999995904,48.44747255210923
1.5721999999995904,48.450542362845944
1.5722999999995901,48.453609243845754
1.5723999999995901,48.456673194687006
1.5724999999995903,48.45973421494836
1.57259999999959,48.462792304209
1.5726999999995899,48.465847462048295
1.57279999999959,48.46889968804612
1.57289999999959,48.4719489817826
1.5729999999995898,48.47499534283836
1.5730999999995898,48.47803877079431
1.5731999999995898,48.48107926523175
1.5732999999995898,48.484116825732364
1.5733999999995898,48.48715145187816
1.5734999999995896,48.490183143251585
1.5735999999995895,48.4932118994354
1.5736999999995898,48.4962377200128
1.5737999999995895,48.499260604567255
1.5738999999995893,48.5022805526827
1.5739999999995895,48.50529756394338
1.5740999999995895,48.50831163793397
1.5741999999995893,48.5113227742394
1.574299999999589,48.51433097244514
1.5743999999995892,48.51733623213693
1.5744999999995892,48.52033855290086
1.574599999999589,48.52333793432341
1.574699999999589,48.526334375991496
1.574799999999589,48.52932787749235
1.574899999999589,48.532318438413554
1.574999999999589,48.535306058343124
1.5750999999995887,48.5382907368694
1.5751999999995887,48.5412724735811
1.575299999999589,48.54425126806736
1.5753999999995887,48.54722711991761
1.5754999999995885,48.55020002872174
1.5755999999995887,48.553169994069926
1.5756999999995887,48.55613701555281
1.5757999999995884,48.55910109276129
1.5758999999995884,48.56206222528678
1.5759999999995884,48.56502041272095
1.5760999999995884,48.56797565465589
1.5761999999995882,48.57092795068405
1.5762999999995881,48.57387730039826
1.5763999999995881,48.57682370339176
1.5764999999995881,48.57976715925809
1.576599999999588,48.58270766759122
1.5766999999995879,48.58564522798546
1.5767999999995879,48.58857984003556
1.576899999999588,48.59151150333655
1.5769999999995878,48.59444021748387
1.5770999999995876,48.59736598207336
1.5771999999995878,48.60028879670125
1.5772999999995878,48.60320866096408
1.5773999999995876,48.606125574458794
1.5774999999995876,48.60903953678274
1.5775999999995876,48.61195054753359
1.5776999999995875,48.61485860630941
1.5777999999995875,48.61776371270866
1.5778999999995873,48.62066586633018
1.5779999999995873,48.62356506677316
1.5780999999995873,48.626461313637186
1.5781999999995873,48.62935460652216
1.578299999999587,48.63224494502846
1.578399999999587,48.63513232875674
1.5784999999995872,48.63801675730811
1.578599999999587,48.640898230283995
1.5786999999995868,48.64377674728626
1.578799999999587,48.646652307917094
1.578899999999587,48.649524911779075
1.5789999999995867,48.652394558475144
1.5790999999995867,48.65526124760866
1.5791999999995867,48.65812497878335
1.5792999999995867,48.66098575160327
1.5793999999995867,48.66384356567284
1.5794999999995865,48.666698420597015
1.5795999999995864,48.66955031598092
1.5796999999995867,48.6723992514302
1.5797999999995864,48.67524522655081
1.5798999999995862,48.67808824094909
1.5799999999995864,48.68092829423177
1.5800999999995864,48.68376538600597
1.5801999999995862,48.68659951587919
1.580299999999586,48.68943068345924
1.5803999999995861,48.692258888354395
1.5804999999995861,48.69508413017326
1.580599999999586,48.69790640852483
1.5806999999995859,48.70072572301849
1.5807999999995859,48.70354207326397
1.5808999999995859,48.70635545887145
1.5809999999995858,48.70916587945137
1.5810999999995856,48.71197333461463
1.5811999999995856,48.71477782397255
1.5812999999995858,48.71757934713674
1.5813999999995856,48.720377903719196
1.5814999999995853,48.72317349333236
1.5815999999995856,48.72596611558901
1.5816999999995855,48.7287557701023
1.5817999999995853,48.731542456485755
1.5818999999995853,48.73432617435331
1.5819999999995853,48.73710692331928
1.5820999999995853,48.73988470299833
1.582199999999585,48.74265951300551
1.582299999999585,48.74543135295629
1.582399999999585,48.74820022246646
1.582499999999585,48.750966121152224
1.582599999999585,48.753729048630156
1.5826999999995848,48.756489004517235
1.5827999999995848,48.7592459884308
1.582899999999585,48.76199999998858
1.5829999999995847,48.76475103880865
1.5830999999995845,48.767499104509504
1.5831999999995847,48.77024419671001
1.5832999999995847,48.772986315029435
1.5833999999995845,48.77572545908734
1.5834999999995845,48.778461628503784
1.5835999999995845,48.78119482289917
1.5836999999995844,48.78392504189422
1.5837999999995844,48.78665228511012
1.5838999999995842,48.78937655216839
1.5839999999995842,48.79209784269096
1.5840999999995842,48.794816156300094
1.5841999999995842,48.797531492618496
1.584299999999584,48.80024385126923
1.584399999999584,48.80295323187573
1.5844999999995841,48.80565963406182
1.584599999999584,48.80836305745171
1.5846999999995837,48.81106350166999
1.5847999999995839,48.81376096634165
1.5848999999995839,48.816455451092025
1.5849999999995836,48.81914695554684
1.5850999999995836,48.82183547933223
1.5851999999995836,48.82452102207473
1.5852999999995836,48.82720358340119
1.5853999999995836,48.82988316293889
1.5854999999995834,48.832559760315476
1.5855999999995833,48.835233375159014
1.5856999999995836,48.83790400709791
1.5857999999995833,48.84057165576096
1.585899999999583,48.84323632077735
1.585999999999583,48.84589800177668
1.5860999999995833,48.84855669838887
1.586199999999583,48.8512124102443
1.5862999999995828,48.853865136973674
1.586399999999583,48.85651487820808
1.586499999999583,48.85916163357907
1.5865999999995828,48.86180540271845
1.5866999999995828,48.86444618525854
1.5867999999995828,48.867083980831964
1.5868999999995828,48.86971878907176
1.5869999999995827,48.872350609611345
1.5870999999995825,48.8749794420845
1.5871999999995825,48.87760528612545
1.5872999999995827,48.880228141368775
1.5873999999995825,48.882848007449375
1.5874999999995822,48.885464884002644
1.5875999999995825,48.88807877066431
1.5876999999995824,48.890689667070454
1.5877999999995822,48.89329757285761
1.5878999999995822,48.895902487662646
1.5879999999995822,48.89850441112285
1.5880999999995822,48.90110334287587
1.588199999999582,48.90369928255977
1.588299999999582,48.90629222981297
1.588399999999582,48.90888218427426
1.588499999999582,48.91146914558289
1.588599999999582,48.914053113378415
1.5886999999995817,48.916634087300835
1.5887999999995817,48.91921206699053
1.5888999999995819,48.921787052088234
1.5889999999995816,48.92435904223507
1.5890999999995814,48.92692803707258
1.5891999999995816,48.9294940362427
1.5892999999995816,48.9320570393877
1.5893999999995814,48.93461704615028
1.5894999999995814,48.937174056173504
1.5895999999995813,48.93972806910087
1.5896999999995813,48.9422790845762
1.5897999999995813,48.94482710224374
1.589899999999581,48.947372121748124
1.589999999999581,48.94991414273438
1.590099999999581,48.952453164847874
1.590199999999581,48.95498918773443
1.5902999999995808,48.95752221104022
1.5903999999995808,48.96005223441182
1.590499999999581,48.96257925749622
1.5905999999995808,48.965103279940685
1.5906999999995806,48.96762430139303
1.5907999999995808,48.97014232150134
1.5908999999995808,48.97265733991415
1.5909999999995805,48.975169356280354
1.5910999999995805,48.977678370249215
1.5911999999995805,48.98018438147047
1.5912999999995805,48.982687389594176
1.5913999999995805,48.98518739427079
1.5914999999995803,48.98768439515114
1.5915999999995802,48.99017839188651
1.5916999999995805,48.99266938412852
1.5917999999995802,48.99515737152915
1.59189999999958,48.997642353740865
1.59199999999958,49.00012433041645
1.5920999999995802,49.00260330120909
1.59219999999958,49.005079265772366
1.5922999999995797,49.00755222376028
1.59239999999958,49.01002217482716
1.59249999999958,49.012489118627784
1.5925999999995797,49.01495305481729
1.5926999999995797,49.017413983051206
1.5927999999995797,49.01987190298551
1.5928999999995797,49.02232681427644
1.5929999999995796,49.02477871658076
1.5930999999995794,49.027227609555595
1.5931999999995794,49.02967349285838
1.5932999999995796,49.032116366147015
1.5933999999995794,49.03455622907985
1.5934999999995791,49.03699308131543
1.5935999999995794,49.03942692251294
1.5936999999995793,49.041857752331765
1.593799999999579,49.04428557043174
1.593899999999579,49.04671037647315
1.593999999999579,49.049132170116614
1.594099999999579,49.051550951023124
1.5941999999995788,49.05396671885413
1.5942999999995788,49.05637947327143
1.5943999999995788,49.058789213937246
1.5944999999995788,49.06119594051411
1.5945999999995788,49.06359965266507
1.5946999999995786,49.06600035005349
1.5947999999995786,49.068398032343154
1.5948999999995788,49.07079269919821
1.5949999999995785,49.07318435028323
1.5950999999995783,49.07557298526317
1.5951999999995785,49.077958603803374
1.5952999999995785,49.0803412055696
1.5953999999995783,49.08272079022795
1.5954999999995783,49.085097357444994
1.5955999999995782,49.08747090688764
1.5956999999995782,49.08984143822321
1.5957999999995782,49.0922089511194
1.595899999999578,49.094573445244336
1.595999999999578,49.09693492026654
1.596099999999578,49.09929337585486
1.596199999999578,49.1016488116786
1.5962999999995777,49.10400122740748
1.5963999999995777,49.106350622711574
1.596499999999578,49.10869699726134
1.5965999999995777,49.111040350727635
1.5966999999995775,49.11338068278177
1.5967999999995777,49.115717993095394
1.5968999999995777,49.11805228134055
1.5969999999995774,49.120383547189704
1.5970999999995774,49.1227117903157
1.5971999999995774,49.125037010391786
1.5972999999995774,49.12735920709161
1.5973999999995774,49.12967838008921
1.5974999999995771,49.13199452905899
1.5975999999995771,49.13430765367583
1.5976999999995773,49.13661775361492
1.5977999999995771,49.13892482855189
1.5978999999995769,49.14122887816277
1.5979999999995769,49.14352990212397
1.598099999999577,49.145827900112316
1.5981999999995768,49.14812287180499
1.5982999999995766,49.150414816879646
1.5983999999995768,49.15270373501424
1.5984999999995768,49.1549896258872
1.5985999999995766,49.157272489177295
1.5986999999995766,49.15955232456378
1.5987999999995766,49.16182913172621
1.5988999999995765,49.16410291034455
1.5989999999995765,49.166373660099254
1.5990999999995763,49.168641380671055
1.5991999999995763,49.17090607174118
1.5992999999995765,49.17316773299118
1.5993999999995763,49.175426364103046
1.599499999999576,49.177681964759174
1.5995999999995762,49.17993453464233
1.5996999999995762,49.182184073435685
1.599799999999576,49.18443058082283
1.5998999999995758,49.186674056487725
1.599999999999576,49.18891450011477
1.600099999999576,49.19115191138871
1.6001999999995757,49.193386289994706
1.6002999999995757,49.19561763561836
1.6003999999995757,49.19784594794565
1.6004999999995757,49.2000712266629
1.6005999999995757,49.2022934714569
1.6006999999995755,49.204512682014844
1.6007999999995755,49.206728858024256
1.6008999999995757,49.208941999173135
1.6009999999995754,49.21115210514984
1.6010999999995752,49.213359175643156
1.6011999999995754,49.21556321034223
1.6012999999995754,49.21776420893662
1.6013999999995752,49.21996217111633
1.6014999999995752,49.22215709657169
1.6015999999995751,49.22434898499352
1.6016999999995751,49.226537836072936
1.601799999999575,49.228723649501525
1.6018999999995749,49.23090642497128
1.6019999999995749,49.23308616217457
1.6020999999995749,49.235262860804156
1.6021999999995749,49.23743652055321
1.6022999999995746,49.23960714111532
1.6023999999995746,49.24177472218448
1.6024999999995748,49.243939263455026
1.6025999999995746,49.246100764621794
1.6026999999995744,49.248259225379904
1.6027999999995746,49.25041464542498
1.6028999999995746,49.252567024453015
1.6029999999995743,49.2547163621604
1.6030999999995743,49.25686265824391
1.6031999999995743,49.259005912400745
1.6032999999995743,49.26114612432847
1.6033999999995743,49.263283293725124
1.603499999999574,49.2654174202891
1.603599999999574,49.2675485037192
1.603699999999574,49.2696765437146
1.603799999999574,49.27180153997496
1.6038999999995738,49.27392349220027
1.6039999999995738,49.27604240009092
1.604099999999574,49.2781582633478
1.6041999999995737,49.28027108167205
1.6042999999995735,49.282380854765336
1.6043999999995737,49.28448758232969
1.6044999999995737,49.28659126406752
1.6045999999995735,49.28869189968169
1.6046999999995735,49.29078948887544
1.6047999999995735,49.29288403135239
1.6048999999995734,49.29497552681661
1.6049999999995734,49.29706397497256
1.6050999999995732,49.299149375525054
1.6051999999995732,49.30123172817939
1.6052999999995734,49.30331103264126
1.6053999999995732,49.305387288616664
1.605499999999573,49.30746049581212
1.6055999999995731,49.309530653934516
1.6056999999995731,49.3115977626911
1.605799999999573,49.313661821789616
1.6058999999995727,49.3157228309381
1.6059999999995729,49.317780789845116
1.6060999999995729,49.31983569821952
1.6061999999995726,49.32188755577064
1.6062999999995726,49.32393636220818
1.6063999999995726,49.3259821172423
1.6064999999995726,49.328024820583494
1.6065999999995726,49.33006447194269
1.6066999999995724,49.33210107103128
1.6067999999995723,49.33413461756094
1.6068999999995726,49.33616511124388
1.6069999999995723,49.33819255179264
1.607099999999572,49.34021693892017
1.6071999999995723,49.34223827233988
1.6072999999995723,49.3442565517655
1.607399999999572,49.34627177691126
1.607499999999572,49.34828394749172
1.607599999999572,49.350293063221905
1.607699999999572,49.35229912381721
1.6077999999995718,49.354302128993446
1.6078999999995718,49.356302078466825
1.6079999999995718,49.358298971954
1.6080999999995718,49.360292809171995
1.6081999999995717,49.36228358983824
1.6082999999995715,49.36427131367062
1.6083999999995715,49.36625598038737
1.6084999999995717,49.36823758970715
1.6085999999995715,49.37021614134905
1.6086999999995713,49.37219163503254
1.6087999999995715,49.37416407047755
1.6088999999995715,49.37613344740434
1.6089999999995712,49.37809976553362
1.6090999999995712,49.38006302458651
1.6091999999995712,49.38202322428454
1.6092999999995712,49.38398036434968
1.6093999999995712,49.38593444450423
1.609499999999571,49.38788546447095
1.609599999999571,49.38983342397299
1.609699999999571,49.391778322733934
1.609799999999571,49.39372016047779
1.6098999999995707,49.39565893692891
1.6099999999995707,49.397594651812085
1.6100999999995709,49.399527304852576
1.6101999999995706,49.401456895775944
1.6102999999995704,49.40338342430824
1.6103999999995706,49.405306890175936
1.6104999999995706,49.40722729310582
1.6105999999995704,49.40914463282518
1.6106999999995704,49.41105890906169
1.6107999999995704,49.412970121543445
1.6108999999995703,49.41487826999887
1.6109999999995703,49.41678335415693
1.61109999999957,49.41868537374694
1.61119999999957,49.420584328498585
1.6112999999995703,49.422480218142006
1.61139999999957,49.424373042407744
1.6114999999995698,49.42626280102676
1.6115999999995698,49.42814949373043
1.61169999999957,49.43003312025055
1.6117999999995698,49.43191368031925
1.6118999999995696,49.433791173669164
1.6119999999995698,49.43566560003332
1.6120999999995698,49.437536959145106
1.6121999999995695,49.43940525073839
1.6122999999995695,49.4412704745474
1.6123999999995695,49.44313263030681
1.6124999999995695,49.444991717751684
1.6125999999995695,49.44684773661752
1.6126999999995693,49.44870068664021
1.6127999999995692,49.45055056755605
1.6128999999995695,49.45239737910178
1.6129999999995692,49.45424112101452
1.613099999999569,49.45608179303182
1.6131999999995692,49.45791939489165
1.6132999999995692,49.459753926332404
1.613399999999569,49.46158538709283
1.613499999999569,49.463413776912134
1.613599999999569,49.465239095529945
1.613699999999569,49.46706134268628
1.6137999999995687,49.4688805181216
1.6138999999995687,49.47069662157672
1.6139999999995687,49.472509652792965
1.6140999999995687,49.47431961151194
1.6141999999995686,49.47612649747584
1.6142999999995684,49.4779303104271
1.6143999999995684,49.47973105010867
1.6144999999995686,49.48152871626389
1.6145999999995684,49.483323308636486
1.6146999999995681,49.48511482697069
1.6147999999995684,49.48690327101102
1.6148999999995683,49.48868864050251
1.6149999999995681,49.49047093519056
1.615099999999568,49.492250154821
1.615199999999568,49.49402629914008
1.615299999999568,49.49579936789444
1.615399999999568,49.49756936083118
1.6154999999995678,49.49933627769774
1.6155999999995678,49.50110011824207
1.6156999999995678,49.502860882212495
1.6157999999995678,49.50461856935772
1.6158999999995676,49.50637317942694
1.6159999999995676,49.508124712169646
1.6160999999995678,49.5098731673359
1.6161999999995675,49.51161854467604
1.6162999999995673,49.51336084394091
1.6163999999995675,49.51510006488175
1.6164999999995675,49.5168362072502
1.6165999999995673,49.51856927079834
1.6166999999995673,49.52029925527863
1.6167999999995672,49.52202616044397
1.6168999999995672,49.52374998604769
1.6169999999995672,49.52547073184352
1.617099999999567,49.5271883975856
1.617199999999567,49.528902983028516
1.6172999999995672,49.530614487927224
1.617399999999567,49.532322912037145
1.6174999999995667,49.53402825511409
1.6175999999995667,49.535730516914306
1.617699999999567,49.53742969719445
1.6177999999995667,49.53912579571158
1.6178999999995665,49.54081881222319
1.6179999999995667,49.54250874648718
1.6180999999995667,49.54419559826192
1.6181999999995664,49.545879367306135
1.6182999999995664,49.54756005337894
1.6183999999995664,49.54923765623998
1.6184999999995664,49.550912175649245
1.6185999999995664,49.552583611367105
1.6186999999995662,49.55425196315447
1.6187999999995661,49.55591723077255
1.6188999999995664,49.55757941398305
1.6189999999995661,49.559238512548035
1.6190999999995659,49.56089452623004
1.619199999999566,49.56254745479201
1.619299999999566,49.56419729799726
1.6193999999995659,49.5658440556096
1.6194999999995656,49.5674877273932
1.6195999999995658,49.56912831311272
1.6196999999995658,49.57076581253313
1.6197999999995656,49.57240022541992
1.6198999999995656,49.574031551538944
1.6199999999995656,49.57565979065651
1.6200999999995656,49.577284942539336
1.6201999999995655,49.578907006954516
1.6202999999995653,49.58052598366966
1.6203999999995653,49.58214187245268
1.6204999999995655,49.58375467307205
1.6205999999995653,49.58536438529653
1.620699999999565,49.58697100889537
1.6207999999995653,49.58857454363825
1.6208999999995652,49.59017498929522
1.620999999999565,49.5917723456368
1.621099999999565,49.59336661243389
1.621199999999565,49.59495778945785
1.621299999999565,49.59654587648049
1.6213999999995647,49.59813087327391
1.6214999999995647,49.59971277961078
1.6215999999995647,49.60129159526411
1.6216999999995647,49.602867320007384
1.6217999999995647,49.60443995361443
1.6218999999995645,49.60600949585956
1.6219999999995645,49.60757594651752
1.6220999999995647,49.609139305363435
1.6221999999995644,49.61069957217285
1.6222999999995642,49.61225674672181
1.6223999999995644,49.61381082878666
1.6224999999995644,49.61536181814428
1.6225999999995642,49.6169097145719
1.6226999999995642,49.61845451784722
1.6227999999995641,49.61999622774832
1.6228999999995641,49.62153484405375
1.6229999999995641,49.623070366542464
1.623099999999564,49.62460279499377
1.6231999999995639,49.626132129187575
1.6232999999995639,49.627658368904
1.6233999999995639,49.62918151392373
1.6234999999995636,49.63070156402785
1.6235999999995636,49.63221851899784
1.6236999999995638,49.6337323786156
1.6237999999995636,49.635243142663484
1.6238999999995634,49.63675081092427
1.6239999999995636,49.63825538318112
1.6240999999995636,49.63975685921764
1.6241999999995633,49.64125523881794
1.6242999999995633,49.64275052176641
1.6243999999995633,49.644242707847994
1.6244999999995633,49.645731796847954
1.6245999999995633,49.64721778855205
1.624699999999563,49.64870068274646
1.624799999999563,49.65018047921778
1.6248999999995632,49.65165717775299
1.624999999999563,49.65313077813956
1.6250999999995628,49.65460128016534
1.625199999999563,49.65606868361863
1.625299999999563,49.657532988288146
1.6253999999995628,49.65899419396304
1.6254999999995625,49.66045230043288
1.6255999999995627,49.66190730748766
1.6256999999995627,49.66335921491778
1.6257999999995625,49.66480802251413
1.6258999999995625,49.66625373006798
1.6259999999995625,49.667696337371
1.6260999999995625,49.66913584421534
1.6261999999995624,49.67057225039354
1.6262999999995622,49.67200555569865
1.6263999999995622,49.67343575992398
1.6264999999995624,49.674862862863435
1.6265999999995622,49.67628686431124
1.626699999999562,49.67770776406213
1.6267999999995622,49.67912556191119
1.6268999999995621,49.68054025765398
1.626999999999562,49.681951851086495
1.627099999999562,49.68336034200508
1.6271999999995619,49.68476573020662
1.6272999999995619,49.686168015488356
1.6273999999995616,49.68756719764798
1.6274999999995616,49.68896327648358
1.6275999999995616,49.69035625179374
1.6276999999995616,49.69174612337741
1.6277999999995616,49.69313289103399
1.6278999999995614,49.694516554563315
1.6279999999995614,49.69589711376563
1.6280999999995616,49.697274568441635
1.6281999999995613,49.698648918392436
1.628299999999561,49.70002016341961
1.6283999999995613,49.70138830332507
1.6284999999995613,49.70275333791126
1.628599999999561,49.704115266981
1.628699999999561,49.70547409033759
1.628799999999561,49.706829807784665
1.628899999999561,49.70818241912639
1.628999999999561,49.70953192416728
1.6290999999995608,49.71087832271233
1.6291999999995608,49.712221614566964
1.6292999999995608,49.71356179953704
1.6293999999995608,49.71489887742877
1.6294999999995605,49.71623284804891
1.6295999999995605,49.717563711204555
1.6296999999995607,49.71889146670332
1.6297999999995605,49.72021611435312
1.6298999999995603,49.72153765396247
1.6299999999995605,49.722856085340155
1.6300999999995605,49.724171408295526
1.6301999999995602,49.725483622638215
1.6302999999995602,49.72679272817845
1.6303999999995602,49.728098724726784
1.6304999999995602,49.72940161209421
1.6305999999995602,49.7307013900922
1.63069999999956,49.73199805853259
1.63079999999956,49.73329161722774
1.6308999999995601,49.73458206599037
1.63099999999956,49.735869404633625
1.6310999999995597,49.73715363297112
1.63119999999956,49.738434750816936
1.6312999999995599,49.73971275798548
1.6313999999995596,49.740987654291665
1.6314999999995594,49.742259439550836
1.6315999999995596,49.74352811357873
1.6316999999995596,49.74479367619161
1.6317999999995594,49.746056127206025
1.6318999999995594,49.7473154664391
1.6319999999995594,49.7485716937083
1.6320999999995593,49.749824808831576
1.6321999999995593,49.75107481162725
1.632299999999559,49.75232170191416
1.632399999999559,49.75356547951154
1.6324999999995593,49.75480614423904
1.632599999999559,49.75604369591672
1.6326999999995588,49.75727813436514
1.632799999999559,49.75850945940531
1.632899999999559,49.75973767085855
1.6329999999995588,49.76096276854675
1.6330999999995588,49.76218475229215
1.6331999999995588,49.763403621917455
1.6332999999995588,49.764619377245815
1.6333999999995585,49.76583201810079
1.6334999999995585,49.76704154430638
1.6335999999995585,49.76824795568701
1.6336999999995585,49.769451252067604
1.6337999999995585,49.77065143327345
1.6338999999995583,49.77184849913024
1.6339999999995583,49.77304244946422
1.6340999999995585,49.774233284102
1.6341999999995582,49.77542100287061
1.634299999999558,49.776605605597524
1.6343999999995582,49.777787092110685
1.6344999999995582,49.77896546223847
1.634599999999558,49.78014071580961
1.634699999999558,49.78131285265339
1.634799999999558,49.78248187259947
1.634899999999558,49.7836477754779
1.634999999999558,49.78481056111929
1.6350999999995577,49.78597022935458
1.6351999999995577,49.78712678001519
1.6352999999995577,49.788280212932925
1.6353999999995577,49.78943052794012
1.6354999999995574,49.79057772486949
1.6355999999995574,49.79172180355418
1.6356999999995576,49.79286276382778
1.6357999999995574,49.79400060552432
1.6358999999995572,49.795135328478274
1.6359999999995574,49.79626693252454
1.6360999999995574,49.79739541749851
1.6361999999995571,49.7985207832359
1.636299999999557,49.79964302957296
1.636399999999557,49.80076215634632
1.636499999999557,49.801878163393134
1.636599999999557,49.80299105055085
1.6366999999995568,49.80410081765753
1.6367999999995568,49.805207464551515
1.636899999999557,49.80631099107166
1.6369999999995568,49.80741139705727
1.6370999999995566,49.8085086823481
1.6371999999995566,49.80960284678424
1.6372999999995568,49.810693890206316
1.6373999999995565,49.81178181245541
1.6374999999995563,49.812866613372954
1.6375999999995565,49.81394829280089
1.6376999999995565,49.81502685058155
1.6377999999995563,49.81610228655778
1.6378999999995563,49.81717460057275
1.6379999999995563,49.81824379247016
1.6380999999995562,49.81930986209416
1.6381999999995562,49.82037280928926
1.638299999999556,49.82143263390048
1.638399999999556,49.82248933577323
1.6384999999995562,49.82354291475341
1.638599999999556,49.824593370687325
1.6386999999995557,49.82564070342172
1.638799999999556,49.8266849128038
1.638899999999556,49.82772599868117
1.6389999999995557,49.82876396090196
1.6390999999995557,49.82979879931466
1.6391999999995557,49.83083051376822
1.6392999999995557,49.831859104112034
1.6393999999995554,49.83288457019595
1.6394999999995554,49.83390691187026
1.6395999999995554,49.83492612898567
1.6396999999995554,49.83594222139334
1.6397999999995554,49.83695518894489
1.6398999999995552,49.837965031492324
1.6399999999995551,49.83897174888819
1.6400999999995554,49.83997534098537
1.6401999999995551,49.84097580763727
1.640299999999555,49.841973148697654
1.640399999999555,49.84296736402081
1.640499999999555,49.84395845346143
1.6405999999995549,49.844946416874656
1.6406999999995548,49.84593125411607
1.6407999999995548,49.84691296504167
1.6408999999995548,49.84789154950795
1.6409999999995548,49.84886700737179
1.6410999999995546,49.8498393384906
1.6411999999995546,49.85080854272212
1.6412999999995546,49.85177461992458
1.6413999999995545,49.852737569956716
1.6414999999995543,49.853697392677574
1.6415999999995543,49.85465408794681
1.6416999999995545,49.85560765562437
1.6417999999995543,49.85655809557074
1.641899999999554,49.857505407646784
1.6419999999995543,49.858449591713864
1.6420999999995542,49.859390647633774
1.642199999999554,49.86032857526877
1.642299999999554,49.861263374481446
1.642399999999554,49.86219504513497
1.642499999999554,49.86312358709291
1.642599999999554,49.86404900021923
1.6426999999995537,49.86497128437842
1.6427999999995537,49.86589043943536
1.642899999999554,49.86680646525539
1.6429999999995537,49.86771936170432
1.6430999999995535,49.86862912864834
1.6431999999995535,49.86953576595415
1.6432999999995537,49.87043927348884
1.6433999999995534,49.87133965112
1.6434999999995532,49.87223689871565
1.6435999999995534,49.873131016144214
1.6436999999995534,49.874022003274625
1.6437999999995532,49.874909859976206
1.6438999999995532,49.875794586118765
1.6439999999995532,49.876676181572506
1.6440999999995531,49.877554646208154
1.6441999999995531,49.87842997989684
1.644299999999553,49.87930218251013
1.6443999999995529,49.880171253920004
1.644499999999553,49.88103719399899
1.6445999999995529,49.88190000262002
1.6446999999995526,49.88275967965638
1.6447999999995528,49.88361622498193
1.6448999999995528,49.88446963847091
1.6449999999995526,49.885319919998025
1.6450999999995526,49.88616706943845
1.6451999999995526,49.88701108666775
1.6452999999995526,49.88785197156197
1.6453999999995523,49.888689723997615
1.6454999999995523,49.88952434385164
1.6455999999995523,49.89035583100139
1.6456999999995523,49.89118418532475
1.6457999999995523,49.89200940669995
1.645899999999552,49.89283149500575
1.645999999999552,49.89365045012132
1.6460999999995523,49.894466271926305
1.646199999999552,49.89527896030076
1.6462999999995518,49.896088515125186
1.646399999999552,49.896894936280624
1.646499999999552,49.89769822364842
1.6465999999995518,49.898498377110485
1.6466999999995517,49.89929539654912
1.6467999999995517,49.900089281847094
1.6468999999995517,49.90088003288761
1.6469999999995517,49.90166764955438
1.6470999999995515,49.90245213173146
1.6471999999995515,49.90323347930347
1.6472999999995515,49.90401169215534
1.6473999999995514,49.9047867701726
1.6474999999995512,49.90555871324113
1.6475999999995512,49.90632752124732
1.6476999999995514,49.90709319407795
1.6477999999995512,49.907855731620295
1.647899999999551,49.908615133762076
1.6479999999995512,49.90937140039142
1.6480999999995511,49.91012453139696
1.648199999999551,49.91087452666779
1.648299999999551,49.911621386093344
1.648399999999551,49.91236510956369
1.6484999999995509,49.913105696969154
1.6485999999995509,49.913843148200606
1.6486999999995506,49.914577463149385
1.6487999999995506,49.91530864170727
1.6488999999995508,49.91603668376645
1.6489999999995506,49.91676158921961
1.6490999999995504,49.917483357959874
1.6491999999995504,49.91820198988077
1.6492999999995506,49.918917484876395
1.6493999999995503,49.91962984284116
1.64949999999955,49.92033906367002
1.6495999999995503,49.92104514725836
1.6496999999995503,49.92174809350197
1.64979999999955,49.922447902297165
1.64989999999955,49.923144573540675
1.64999999999955,49.92383810712969
1.65009999999955,49.92452850296182
1.65019999999955,49.925215760935195
1.6502999999995498,49.925899880948336
1.6503999999995498,49.92658086290025
1.65049999999955,49.927258706690374
1.6505999999995498,49.927933412218614
1.6506999999995495,49.92860497938534
1.6507999999995497,49.929273408091326
1.6508999999995497,49.9299386982379
1.6509999999995495,49.9306008497267
1.6510999999995493,49.9312598624599
1.6511999999995495,49.9319157363402
1.6512999999995495,49.93256847127062
1.6513999999995492,49.933218067154684
1.6514999999995492,49.93386452389638
1.6515999999995492,49.93450784140015
1.6516999999995492,49.93514801957091
1.6517999999995492,49.93578505831395
1.651899999999549,49.93641895753511
1.651999999999549,49.93704971714067
1.6520999999995492,49.93767733703726
1.652199999999549,49.93830181713212
1.6522999999995487,49.938923157332816
1.652399999999549,49.939541357547455
1.6524999999995489,49.94015641768454
1.6525999999995487,49.94076833765308
1.6526999999995486,49.94137711736249
1.6527999999995486,49.9419827567227
1.6528999999995486,49.94258525564401
1.6529999999995484,49.943184614037236
1.6530999999995484,49.94378083181366
1.6531999999995484,49.944373908885
1.6532999999995484,49.94496384516341
1.6533999999995483,49.9455506405615
1.653499999999548,49.94613429499241
1.653599999999548,49.94671480836961
1.6536999999995483,49.94729218060715
1.653799999999548,49.94786641161945
1.6538999999995478,49.94843750132144
1.653999999999548,49.9490054496285
1.654099999999548,49.949570256456404
1.6541999999995478,49.95013192172144
1.6542999999995478,49.95069044534038
1.6543999999995478,49.9512458272304
1.6544999999995478,49.95179806730914
1.6545999999995478,49.9523471654947
1.6546999999995475,49.95289312170566
1.6547999999995475,49.95343593586105
1.6548999999995475,49.95397560788032
1.6549999999995475,49.95451213768344
1.6550999999995473,49.95504552519077
1.6551999999995473,49.955575770323186
1.6552999999995475,49.956102873001996
1.6553999999995472,49.95662683314897
1.655499999999547,49.957147650686295
1.6555999999995472,49.9576653255367
1.6556999999995472,49.958179857623364
1.655799999999547,49.9586912468698
1.655899999999547,49.95919949320013
1.655999999999547,49.95970459653884
1.656099999999547,49.96020655681091
1.656199999999547,49.9607053739418
1.6562999999995467,49.96120104785741
1.6563999999995467,49.96169357848403
1.656499999999547,49.96218296574856
1.6565999999995467,49.96266920957824
1.6566999999995464,49.96315230990074
1.6567999999995466,49.963632266644375
1.6568999999995466,49.96410907973771
1.6569999999995464,49.96458274910986
1.6570999999995462,49.96505327469043
1.6571999999995464,49.96552065640943
1.6572999999995464,49.96598489419736
1.6573999999995461,49.96644598798516
1.6574999999995461,49.96690393770426
1.657599999999546,49.96735874328652
1.657699999999546,49.967810404664284
1.657799999999546,49.96825892177032
1.6578999999995458,49.968704294537915
1.6579999999995458,49.96914652290075
1.658099999999546,49.96958560679304
1.6581999999995458,49.97002154614937
1.6582999999995456,49.970454340904915
1.6583999999995458,49.970883990995176
1.6584999999995458,49.971310496356196
1.6585999999995455,49.971733856924445
1.6586999999995455,49.97215407263685
1.6587999999995455,49.972571143430855
1.6588999999995455,49.9729850692443
1.6589999999995453,49.97339585001555
1.6590999999995453,49.97380348568333
1.6591999999995453,49.974207976186975
1.6592999999995452,49.97460932146615
1.6593999999995452,49.975007521461016
1.659499999999545,49.97540257611227
1.659599999999545,49.975794485360964
1.6596999999995452,49.97618324914871
1.659799999999545,49.97656886741749
1.6598999999995447,49.976951340109814
1.659999999999545,49.97733066716866
1.660099999999545,49.97770684853742
1.6601999999995447,49.97807988415995
1.6602999999995447,49.97844977398064
1.6603999999995447,49.978816517944296
1.6604999999995447,49.979180115996165
1.6605999999995447,49.97954056808198
1.6606999999995444,49.979897874147944
1.6607999999995444,49.980252034140726
1.6608999999995444,49.98060304800748
1.6609999999995444,49.98095091569572
1.6610999999995442,49.98129563715356
1.6611999999995442,49.9816372123295
1.6612999999995444,49.98197564117252
1.6613999999995441,49.98231092363208
1.661499999999544,49.98264305965809
1.661599999999544,49.98297204920091
1.661699999999544,49.98329789221138
1.6617999999995439,49.983620588640825
1.6618999999995439,49.983940138441
1.6619999999995438,49.98425654156414
1.6620999999995438,49.984569797963
1.6621999999995438,49.98487990759064
1.6622999999995436,49.98518687040081
1.6623999999995436,49.98549068634751
1.6624999999995438,49.98579135538534
1.6625999999995436,49.986088877469356
1.6626999999995433,49.986383252555
1.6627999999995433,49.986674480598296
1.6628999999995435,49.986962561555615
1.6629999999995433,49.9872474953839
1.663099999999543,49.98752928204044
1.6631999999995433,49.987807921483125
1.6632999999995433,49.98808341367024
1.663399999999543,49.98835575856047
1.663499999999543,49.98862495611314
1.663599999999543,49.988891006287915
1.663699999999543,49.9891539090449
1.663799999999543,49.98941366434481
1.6638999999995427,49.98967027214866
1.6639999999995427,49.98992373241804
1.664099999999543,49.99017404511496
1.6641999999995427,49.99042121020196
1.6642999999995425,49.99066522764198
1.6643999999995427,49.99090609739842
1.6644999999995427,49.99114381943522
1.6645999999995424,49.99137839371674
1.6646999999995424,49.9916098202078
1.6647999999995424,49.99183809887369
1.6648999999995424,49.99206322968023
1.6649999999995422,49.992285212593586
1.6650999999995422,49.992504047580546
1.6651999999995422,49.992719734608215
1.6652999999995421,49.99293227364428
1.6653999999995421,49.99314166465686
1.665499999999542,49.993347907614506
1.665599999999542,49.99355100248627
1.665699999999542,49.99375094924171
1.6657999999995419,49.99394774785077
1.6658999999995416,49.99414139828394
1.6659999999995418,49.99433190051211
1.6660999999995418,49.99451925450673
1.6661999999995416,49.99470346023964
1.6662999999995416,49.99488451768316
1.6663999999995416,49.99506242681016
1.6664999999995416,49.99523718759381
1.6665999999995416,49.99540880000796
1.6666999999995413,49.99557726402674
1.6667999999995413,49.99574257962491
1.6668999999995413,49.99590474677762
1.6669999999995413,49.99606376546041
1.667099999999541,49.99621963564949
1.667199999999541,49.99637235732138
1.6672999999995413,49.996521930453085
1.667399999999541,49.99666835502218
1.6674999999995408,49.99681163100662
1.667599999999541,49.996951758384824
1.667699999999541,49.99708873713577
1.6677999999995408,49.99722256723884
1.6678999999995407,49.997353248673875
1.6679999999995407,49.99748078142125
1.6680999999995407,49.997605165461714
1.6681999999995407,49.99772640077658
1.6682999999995405,49.99784448734764
1.6683999999995405,49.99795942515708
1.6684999999995407,49.998071214187604
1.6685999999995405,49.998179854422375
1.6686999999995402,49.998285345845055
1.6687999999995402,49.99838768843969
1.6688999999995404,49.99848688219095
1.6689999999995402,49.99858292708388
1.66909999999954,49.99867582310397
1.6691999999995402,49.99876557023729
1.6692999999995402,49.99885216847023
1.66939999999954,49.99893561778982
1.66949999999954,49.99901591818342
1.66959999999954,49.999093069638946
1.6696999999995399,49.999167072144836
1.6697999999995399,49.99923792568984
1.6698999999995396,49.9993056302633
1.6699999999995396,49.999370185855014
1.6700999999995398,49.99943159245529
1.6701999999995396,49.9994898500548
1.6702999999995394,49.999544958644776
1.6703999999995396,49.99959691821693
1.6704999999995396,49.999645728763376
1.6705999999995393,49.99969139027678
1.670699999999539,49.99973390275026
1.6707999999995393,49.9997732661774
1.6708999999995393,49.99980948055225
1.670999999999539,49.99984254586931
1.671099999999539,49.999872462123605
1.671199999999539,49.999899229310664
1.671299999999539,49.999922847426404
1.671399999999539,49.99994331646725
1.6714999999995388,49.999960636430124
1.6715999999995388,49.999974807312405
1.671699999999539,49.99998582911198
1.6717999999995388,49.999993701827144
1.6718999999995385,49.99999842545672
1.672,49.99999842545672
1.6721,49.99999842545672
1.6722,49.99999842545672
1.6723000000000001,49.99999842545672
1.6724,49.99999842545672
1.6725,49.99999842545672
1.6726000000000003,49.99999842545672
1.6727000000000003,49.99999842545672
1.6728000000000003,49.99999842545672
1.6729000000000003,49.99999842545672
1.6730000000000005,49.99999842545672
1.6731000000000005,49.99999842545672
1.6732000000000005,49.99999842545672
1.6733000000000007,49.99999842545672
1.6734000000000007,49.99999842545672
1.6735000000000007,49.99999842545672
1.6736000000000009,49.99999842545672
1.6737000000000009,49.99999842545672
1.6738000000000008,49.99999842545672
1.673900000000001,49.99999842545672
1.674000000000001,49.99999842545672
1.674100000000001,49.99999842545672
1.674200000000001,49.99999842545672
1.6743000000000012,49.99999842545672
1.6744000000000012,49.99999842545672
1.6745000000000012,49.99999842545672
1.6746000000000014,49.99999842545672
1.6747000000000014,49.99999842545672
1.6748000000000014,49.99999842545672
1.6749000000000016,49.99999842545672
1.6750000000000016,49.99999842545672
1.6751000000000016,49.99999842545672
1.6752000000000016,49.99999842545672
1.6753000000000018,49.99999842545672
1.6754000000000018,49.99999842545672
1.6755000000000018,49.99999842545672
1.675600000000002,49.99999842545672
1.675700000000002,49.99999842545672
1.675800000000002,49.99999842545672
1.6759000000000022,49.99999842545672
1.6760000000000022,49.99999842545672
1.6761000000000021,49.99999842545672
1.6762000000000024,49.99999842545672
1.6763000000000023,49.99999842545672
1.6764000000000023,49.99999842545672
1.6765000000000023,49.99999842545672
1.6766000000000025,49.99999842545672
1.6767000000000025,49.99999842545672
1.6768000000000025,49.99999842545672
1.6769000000000027,49.99999842545672
1.6770000000000027,49.99999842545672
1.6771000000000027,49.99999842545672
1.677200000000003,49.99999842545672
1.677300000000003,49.99999842545672
1.6774000000000029,49.99999842545672
1.677500000000003,49.99999842545672
1.677600000000003,49.99999842545672
1.677700000000003,49.99999842545672
1.677800000000003,49.99999842545672
1.6779000000000033,49.99999842545672
1.6780000000000033,49.99999842545672
1.6781000000000033,49.99999842545672
1.6782000000000035,49.99999842545672
1.6783000000000035,49.99999842545672
1.6784000000000034,49.99999842545672
1.6785000000000037,49.99999842545672
1.6786000000000036,49.99999842545672
1.6787000000000036,49.99999842545672
1.6788000000000036,49.99999842545672
1.6789000000000038,49.99999842545672
1.6790000000000038,49.99999842545672
1.6791000000000038,49.99999842545672
1.679200000000004,49.99999842545672
1.679300000000004,49.99999842545672
1.679400000000004,49.99999842545672
1.6795000000000042,49.99999842545672
1.6796000000000042,49.99999842545672
1.6797000000000042,49.99999842545672
1.6798000000000044,49.99999842545672
1.6799000000000044,49.99999842545672
1.6800000000000044,49.99999842545672
1.6801000000000044,49.99999842545672
1.6802000000000046,49.99999842545672
1.6803000000000046,49.99999842545672
1.6804000000000046,49.99999842545672
1.6805000000000048,49.99999842545672
1.6806000000000048,49.99999842545672
1.6807000000000047,49.99999842545672
1.680800000000005,49.99999842545672
1.680900000000005,49.99999842545672
1.681000000000005,49.99999842545672
1.681100000000005,49.99999842545672
1.6812000000000051,49.99999842545672
1.6813000000000051,49.99999842545672
1.6814000000000051,49.99999842545672
1.6815000000000053,49.99999842545672
1.6816000000000053,49.99999842545672
1.6817000000000053,49.99999842545672
1.6818000000000055,49.99999842545672
1.6819000000000055,49.99999842545672
1.6820000000000055,49.99999842545672
1.6821000000000057,49.99999842545672
1.6822000000000057,49.99999842545672
1.6823000000000057,49.99999842545672
1.6824000000000057,49.99999842545672
1.6825000000000059,49.99999842545672
1.6826000000000059,49.99999842545672
1.6827000000000059,49.99999842545672
1.682800000000006,49.99999842545672
1.682900000000006,49.99999842545672
1.683000000000006,49.99999842545672
1.6831000000000063,49.99999842545672
1.6832000000000062,49.99999842545672
1.6833000000000062,49.99999842545672
1.6834000000000062,49.99999842545672
1.6835000000000064,49.99999842545672
1.6836000000000064,49.99999842545672
1.6837000000000064,49.99999842545672
1.6838000000000066,49.99999842545672
1.6839000000000066,49.99999842545672
1.6840000000000066,49.99999842545672
1.6841000000000068,49.99999842545672
1.6842000000000068,49.99999842545672
1.6843000000000068,49.99999842545672
1.684400000000007,49.99999842545672
1.684500000000007,49.99999842545672
1.684600000000007,49.99999842545672
1.684700000000007,49.99999842545672
1.6848000000000072,49.99999842545672
1.6849000000000072,49.99999842545672
1.6850000000000072,49.99999842545672
1.6851000000000074,49.99999842545672
1.6852000000000074,49.99999842545672
1.6853000000000073,49.99999842545672
1.6854000000000076,49.99999842545672
1.6855000000000075,49.99999842545672
1.6856000000000075,49.99999842545672
1.6857000000000075,49.99999842545672
1.6858000000000077,49.99999842545672
1.6859000000000077,49.99999842545672
1.6860000000000077,49.99999842545672
1.686100000000008,49.99999842545672
1.686200000000008,49.99999842545672
1.686300000000008,49.99999842545672
1.6864000000000081,49.99999842545672
1.686500000000008,49.99999842545672
1.686600000000008,49.99999842545672
1.6867000000000083,49.99999842545672
1.6868000000000083,49.99999842545672
1.6869000000000083,49.99999842545672
1.6870000000000083,49.99999842545672
1.6871000000000085,49.99999842545672
1.6872000000000085,49.99999842545672
1.6873000000000085,49.99999842545672
1.6874000000000087,49.99999842545672
1.6875000000000087,49.99999842545672
1.6876000000000086,49.99999842545672
1.6877000000000089,49.99999842545672
1.6878000000000088,49.99999842545672
1.6879000000000088,49.99999842545672
1.688000000000009,49.99999842545672
1.688100000000009,49.99999842545672
1.688200000000009,49.99999842545672
1.688300000000009,49.99999842545672
1.6884000000000092,49.99999842545672
1.6885000000000092,49.99999842545672
1.6886000000000092,49.99999842545672
1.6887000000000094,49.99999842545672
1.6888000000000094,49.99999842545672
1.6889000000000094,49.99999842545672
1.6890000000000096,49.99999842545672
1.6891000000000096,49.99999842545672
1.6892000000000096,49.99999842545672
1.6893000000000096,49.99999842545672
1.6894000000000098,49.99999842545672
1.6895000000000098,49.99999842545672
1.6896000000000098,49.99999842545672
1.68970000000001,49.99999842545672
1.68980000000001,49.99999842545672
1.68990000000001,49.99999842545672
1.6900000000000102,49.99999842545672
1.6901000000000101,49.99999842545672
1.6902000000000101,49.99999842545672
1.6903000000000103,49.99999842545672
1.6904000000000103,49.99999842545672
1.6905000000000103,49.99999842545672
1.6906000000000103,49.99999842545672
1.6907000000000105,49.99999842545672
1.6908000000000105,49.99999842545672
1.6909000000000105,49.99999842545672
1.6910000000000107,49.99999842545672
1.6911000000000107,49.99999842545672
1.6912000000000107,49.99999842545672
1.691300000000011,49.99999842545672
1.691400000000011,49.99999842545672
1.6915000000000109,49.99999842545672
1.6916000000000109,49.99999842545672
1.691700000000011,49.99999842545672
1.691800000000011,49.99999842545672
1.691900000000011,49.99999842545672
1.6920000000000113,49.99999842545672
1.6921000000000113,49.99999842545672
1.6922000000000113,49.99999842545672
1.6923000000000115,49.99999842545672
1.6924000000000115,49.99999842545672
1.6925000000000114,49.99999842545672
1.6926000000000117,49.99999842545672
1.6927000000000116,49.99999842545672
1.6928000000000116,49.99999842545672
1.6929000000000116,49.99999842545672
1.6930000000000118,49.99999842545672
1.6931000000000118,49.99999842545672
1.6932000000000118,49.99999842545672
1.693300000000012,49.99999842545672
1.693400000000012,49.99999842545672
1.693500000000012,49.99999842545672
1.6936000000000122,49.99999842545672
1.6937000000000122,49.99999842545672
1.6938000000000122,49.99999842545672
1.6939000000000122,49.99999842545672
1.6940000000000124,49.99999842545672
1.6941000000000124,49.99999842545672
1.6942000000000124,49.99999842545672
1.6943000000000126,49.99999842545672
1.6944000000000126,49.99999842545672
1.6945000000000126,49.99999842545672
1.6946000000000128,49.99999842545672
1.6947000000000128,49.99999842545672
1.6948000000000127,49.99999842545672
1.694900000000013,49.99999842545672
1.695000000000013,49.99999842545672
1.695100000000013,49.99999842545672
1.695200000000013,49.99999842545672
1.6953000000000131,49.99999842545672
1.6954000000000131,49.99999842545672
1.695500000000013,49.99999842545672
1.6956000000000133,49.99999842545672
1.6957000000000133,49.99999842545672
1.6958000000000133,49.99999842545672
1.6959000000000135,49.99999842545672
1.6960000000000135,49.99999842545672
1.6961000000000135,49.99999842545672
1.6962000000000135,49.99999842545672
1.6963000000000137,49.99999842545672
1.6964000000000137,49.99999842545672
1.6965000000000137,49.99999842545672
1.6966000000000139,49.99999842545672
1.6967000000000139,49.99999842545672
1.6968000000000139,49.99999842545672
1.696900000000014,49.99999842545672
1.697000000000014,49.99999842545672
1.697100000000014,49.99999842545672
1.6972000000000143,49.99999842545672
1.6973000000000142,49.99999842545672
1.6974000000000142,49.99999842545672
1.6975000000000142,49.99999842545672
1.6976000000000144,49.99999842545672
1.6977000000000144,49.99999842545672
1.6978000000000144,49.99999842545672
1.6979000000000146,49.99999842545672
1.6980000000000146,49.99999842545672
1.6981000000000146,49.99999842545672
1.6982000000000148,49.99999842545672
1.6983000000000148,49.99999842545672
1.6984000000000148,49.99999842545672
1.6985000000000148,49.99999842545672
1.698600000000015,49.99999842545672
1.698700000000015,49.99999842545672
1.698800000000015,49.99999842545672
1.6989000000000152,49.99999842545672
1.6990000000000152,49.99999842545672
1.6991000000000152,49.99999842545672
1.6992000000000154,49.99999842545672
1.6993000000000154,49.99999842545672
1.6994000000000153,49.99999842545672
1.6995000000000156,49.99999842545672
1.6996000000000155,49.99999842545672
1.6997000000000155,49.99999842545672
1.6998000000000155,49.99999842545672
1.6999000000000157,49.99999842545672
1.7000000000000157,49.99999842545672
1.7001000000000157,49.99999842545672
1.700200000000016,49.99999842545672
1.700300000000016,49.99999842545672
1.700400000000016,49.99999842545672
1.700500000000016,49.99999842545672
1.700600000000016,49.99999842545672
1.700700000000016,49.99999842545672
1.700800000000016,49.99999842545672
1.7009000000000163,49.99999842545672
1.7010000000000163,49.99999842545672
1.7011000000000163,49.99999842545672
1.7012000000000165,49.99999842545672
1.7013000000000165,49.99999842545672
1.7014000000000165,49.99999842545672
1.7015000000000167,49.99999842545672
1.7016000000000167,49.99999842545672
1.7017000000000166,49.99999842545672
1.7018000000000169,49.99999842545672
1.7019000000000168,49.99999842545672
1.7020000000000168,49.99999842545672
1.7021000000000168,49.99999842545672
1.702200000000017,49.99999842545672
1.702300000000017,49.99999842545672
1.702400000000017,49.99999842545672
1.7025000000000172,49.99999842545672
1.7026000000000172,49.99999842545672
1.7027000000000172,49.99999842545672
1.7028000000000174,49.99999842545672
1.7029000000000174,49.99999842545672
1.7030000000000174,49.99999842545672
1.7031000000000176,49.99999842545672
1.7032000000000176,49.99999842545672
1.7033000000000176,49.99999842545672
1.7034000000000176,49.99999842545672
1.7035000000000178,49.99999842545672
1.7036000000000178,49.99999842545672
1.7037000000000178,49.99999842545672
1.703800000000018,49.99999842545672
1.703900000000018,49.99999842545672
1.704000000000018,49.99999842545672
1.7041000000000182,49.99999842545672
1.7042000000000181,49.99999842545672
1.7043000000000181,49.99999842545672
1.7044000000000181,49.99999842545672
1.7045000000000183,49.99999842545672
1.7046000000000183,49.99999842545672
1.7047000000000183,49.99999842545672
1.7048000000000185,49.99999842545672
1.7049000000000185,49.99999842545672
1.7050000000000185,49.99999842545672
1.7051000000000187,49.99999842545672
1.7052000000000187,49.99999842545672
1.7053000000000187,49.99999842545672
1.705400000000019,49.99999842545672
1.705500000000019,49.99999842545672
1.7056000000000189,49.99999842545672
1.7057000000000189,49.99999842545672
1.705800000000019,49.99999842545672
1.705900000000019,49.99999842545672
1.706000000000019,49.99999842545672
1.7061000000000193,49.99999842545672
1.7062000000000193,49.99999842545672
1.7063000000000192,49.99999842545672
1.7064000000000195,49.99999842545672
1.7065000000000194,49.99999842545672
1.7066000000000194,49.99999842545672
1.7067000000000194,49.99999842545672
1.7068000000000196,49.99999842545672
1.7069000000000196,49.99999842545672
1.7070000000000196,49.99999842545672
1.7071000000000198,49.99999842545672
1.7072000000000198,49.99999842545672
1.7073000000000198,49.99999842545672
1.70740000000002,49.99999842545672
1.70750000000002,49.99999842545672
1.70760000000002,49.99999842545672
1.7077000000000202,49.99999842545672
1.7078000000000202,49.99999842545672
1.7079000000000202,49.99999842545672
1.7080000000000202,49.99999842545672
1.7081000000000204,49.99999842545672
1.7082000000000204,49.99999842545672
1.7083000000000204,49.99999842545672
1.7084000000000206,49.99999842545672
1.7085000000000206,49.99999842545672
1.7086000000000205,49.99999842545672
1.7087000000000208,49.99999842545672
1.7088000000000207,49.99999842545672
1.7089000000000207,49.99999842545672
1.7090000000000207,49.99999842545672
1.709100000000021,49.99999842545672
1.709200000000021,49.99999842545672
1.709300000000021,49.99999842545672
1.7094000000000211,49.99999842545672
1.7095000000000211,49.99999842545672
1.709600000000021,49.99999842545672
1.7097000000000213,49.99999842545672
1.7098000000000213,49.99999842545672
1.7099000000000213,49.99999842545672
1.7100000000000215,49.99999842545672
1.7101000000000215,49.99999842545672
1.7102000000000215,49.99999842545672
1.7103000000000215,49.99999842545672
1.7104000000000217,49.99999842545672
1.7105000000000217,49.99999842545672
1.7106000000000217,49.99999842545672
1.7107000000000219,49.99999842545672
1.7108000000000219,49.99999842545672
1.7109000000000218,49.99999842545672
1.711000000000022,49.99999842545672
1.711100000000022,49.99999842545672
1.711200000000022,49.99999842545672
1.711300000000022,49.99999842545672
1.7114000000000222,49.99999842545672
1.7115000000000222,49.99999842545672
1.7116000000000222,49.99999842545672
1.7117000000000224,49.99999842545672
1.7118000000000224,49.99999842545672
1.7119000000000224,49.99999842545672
1.7120000000000226,49.99999842545672
1.7121000000000226,49.99999842545672
1.7122000000000226,49.99999842545672
1.7123000000000228,49.99999842545672
1.7124000000000228,49.99999842545672
1.7125000000000228,49.99999842545672
1.7126000000000228,49.99999842545672
1.712700000000023,49.99999842545672
1.712800000000023,49.99999842545672
1.712900000000023,49.99999842545672
1.7130000000000232,49.99999842545672
1.7131000000000232,49.99999842545672
1.7132000000000231,49.99999842545672
1.7133000000000234,49.99999842545672
1.7134000000000233,49.99999842545672
1.7135000000000233,49.99999842545672
1.7136000000000235,49.99999842545672
1.7137000000000235,49.99999842545672
1.7138000000000235,49.99999842545672
1.7139000000000235,49.99999842545672
1.7140000000000237,49.99999842545672
1.7141000000000237,49.99999842545672
1.7142000000000237,49.99999842545672
1.714300000000024,49.99999842545672
1.714400000000024,49.99999842545672
1.714500000000024,49.99999842545672
1.714600000000024,49.99999842545672
1.714700000000024,49.99999842545672
1.714800000000024,49.99999842545672
1.714900000000024,49.99999842545672
1.7150000000000243,49.99999842545672
1.7151000000000243,49.99999842545672
1.7152000000000243,49.99999842545672
1.7153000000000245,49.99999842545672
1.7154000000000245,49.99999842545672
1.7155000000000244,49.99999842545672
1.7156000000000247,49.99999842545672
1.7157000000000246,49.99999842545672
1.7158000000000246,49.99999842545672
1.7159000000000248,49.99999842545672
1.7160000000000248,49.99999842545672
1.7161000000000248,49.99999842545672
1.7162000000000248,49.99999842545672
1.716300000000025,49.99999842545672
1.716400000000025,49.99999842545672
1.716500000000025,49.99999842545672
1.7166000000000252,49.99999842545672
1.7167000000000252,49.99999842545672
1.7168000000000252,49.99999842545672
1.7169000000000254,49.99999842545672
1.7170000000000254,49.99999842545672
1.7171000000000254,49.99999842545672
1.7172000000000254,49.99999842545672
1.7173000000000256,49.99999842545672
1.7174000000000256,49.99999842545672
1.7175000000000256,49.99999842545672
1.7176000000000258,49.99999842545672
1.7177000000000258,49.99999842545672
1.7178000000000258,49.99999842545672
1.717900000000026,49.99999842545672
1.718000000000026,49.99999842545672
1.718100000000026,49.99999842545672
1.7182000000000262,49.99999842545672
1.7183000000000261,49.99999842545672
1.7184000000000261,49.99999842545672
1.7185000000000261,49.99999842545672
1.7186000000000263,49.99999842545672
1.7187000000000263,49.99999842545672
1.7188000000000263,49.99999842545672
1.7189000000000265,49.99999842545672
1.7190000000000265,49.99999842545672
1.7191000000000265,49.99999842545672
1.7192000000000267,49.99999842545672
1.7193000000000267,49.99999842545672
1.7194000000000267,49.99999842545672
1.7195000000000267,49.99999842545672
1.7196000000000269,49.99999842545672
1.7197000000000269,49.99999842545672
1.7198000000000269,49.99999842545672
1.719900000000027,49.99999842545672
1.720000000000027,49.99999842545672
1.720100000000027,49.99999842545672
1.7202000000000273,49.99999842545672
1.7203000000000273,49.99999842545672
1.7204000000000272,49.99999842545672
1.7205000000000275,49.99999842545672
1.7206000000000274,49.99999842545672
1.7207000000000274,49.99999842545672
1.7208000000000274,49.99999842545672
1.7209000000000276,49.99999842545672
1.7210000000000276,49.99999842545672
1.7211000000000276,49.99999842545672
1.7212000000000278,49.99999842545672
1.7213000000000278,49.99999842545672
1.7214000000000278,49.99999842545672
1.721500000000028,49.99999842545672
1.721600000000028,49.99999842545672
1.721700000000028,49.99999842545672
1.721800000000028,49.99999842545672
1.7219000000000282,49.99999842545672
1.7220000000000282,49.99999842545672
1.7221000000000282,49.99999842545672
1.7222000000000284,49.99999842545672
1.7223000000000284,49.99999842545672
1.7224000000000284,49.99999842545672
1.7225000000000286,49.99999842545672
1.7226000000000286,49.99999842545672
1.7227000000000285,49.99999842545672
1.7228000000000288,49.99999842545672
1.7229000000000287,49.99999842545672
1.7230000000000287,49.99999842545672
1.7231000000000287,49.99999842545672
1.723200000000029,49.99999842545672
1.723300000000029,49.99999842545672
1.723400000000029,49.99999842545672
1.7235000000000291,49.99999842545672
1.723600000000029,49.99999842545672
1.723700000000029,49.99999842545672
1.7238000000000293,49.99999842545672
1.7239000000000293,49.99999842545672
1.7240000000000293,49.99999842545672
1.7241000000000293,49.99999842545672
1.7242000000000295,49.99999842545672
1.7243000000000295,49.99999842545672
1.7244000000000295,49.99999842545672
1.7245000000000297,49.99999842545672
1.7246000000000297,49.99999842545672
1.7247000000000297,49.99999842545672
1.7248000000000299,49.99999842545672
1.7249000000000299,49.99999842545672
1.7250000000000298,49.99999842545672
1.72510000000003,49.99999842545672
1.72520000000003,49.99999842545672
1.72530000000003,49.99999842545672
1.72540000000003,49.99999842545672
1.7255000000000302,49.99999842545672
1.7256000000000302,49.99999842545672
1.7257000000000302,49.99999842545672
1.7258000000000304,49.99999842545672
1.7259000000000304,49.99999842545672
1.7260000000000304,49.99999842545672
1.7261000000000306,49.99999842545672
1.7262000000000306,49.99999842545672
1.7263000000000306,49.99999842545672
1.7264000000000306,49.99999842545672
1.7265000000000308,49.99999842545672
1.7266000000000308,49.99999842545672
1.7267000000000308,49.99999842545672
1.726800000000031,49.99999842545672
1.726900000000031,49.99999842545672
1.727000000000031,49.99999842545672
1.7271000000000312,49.99999842545672
1.7272000000000312,49.99999842545672
1.7273000000000311,49.99999842545672
1.7274000000000314,49.99999842545672
1.7275000000000313,49.99999842545672
1.7276000000000313,49.99999842545672
1.7277000000000313,49.99999842545672
1.7278000000000315,49.99999842545672
1.7279000000000315,49.99999842545672
1.7280000000000315,49.99999842545672
1.7281000000000317,49.99999842545672
1.7282000000000317,49.99999842545672
1.7283000000000317,49.99999842545672
1.728400000000032,49.99999842545672
1.728500000000032,49.99999842545672
1.7286000000000319,49.99999842545672
1.728700000000032,49.99999842545672
1.728800000000032,49.99999842545672
1.728900000000032,49.99999842545672
1.729000000000032,49.99999842545672
1.7291000000000323,49.99999842545672
1.7292000000000323,49.99999842545672
1.7293000000000323,49.99999842545672
1.7294000000000325,49.99999842545672
1.7295000000000325,49.99999842545672
1.7296000000000324,49.99999842545672
1.7297000000000327,49.99999842545672
1.7298000000000326,49.99999842545672
1.7299000000000326,49.99999842545672
1.7300000000000326,49.99999842545672
1.7301000000000328,49.99999842545672
1.7302000000000328,49.99999842545672
1.7303000000000328,49.99999842545672
1.730400000000033,49.99999842545672
1.730500000000033,49.99999842545672
1.730600000000033,49.99999842545672
1.7307000000000332,49.99999842545672
1.7308000000000332,49.99999842545672
1.7309000000000332,49.99999842545672
1.7310000000000334,49.99999842545672
1.7311000000000334,49.99999842545672
1.7312000000000334,49.99999842545672
1.7313000000000334,49.99999842545672
1.7314000000000336,49.99999842545672
1.7315000000000336,49.99999842545672
1.7316000000000336,49.99999842545672
1.7317000000000338,49.99999842545672
1.7318000000000338,49.99999842545672
1.7319000000000337,49.99999842545672
1.732000000000034,49.99999842545672
1.732100000000034,49.99999842545672
1.732200000000034,49.99999842545672
1.732300000000034,49.99999842545672
1.7324000000000341,49.99999842545672
1.7325000000000341,49.99999842545672
1.7326000000000341,49.99999842545672
1.7327000000000343,49.99999842545672
1.7328000000000343,49.99999842545672
1.7329000000000343,49.99999842545672
1.7330000000000345,49.99999842545672
1.7331000000000345,49.99999842545672
1.7332000000000345,49.99999842545672
1.7333000000000347,49.99999842545672
1.7334000000000347,49.99999842545672
1.7335000000000347,49.99999842545672
1.7336000000000347,49.99999842545672
1.7337000000000349,49.99999842545672
1.7338000000000349,49.99999842545672
1.7339000000000349,49.99999842545672
1.734000000000035,49.99999842545672
1.734100000000035,49.99999842545672
1.734200000000035,49.99999842545672
1.7343000000000353,49.99999842545672
1.7344000000000352,49.99999842545672
1.7345000000000352,49.99999842545672
1.7346000000000352,49.99999842545672
1.7347000000000354,49.99999842545672
1.7348000000000354,49.99999842545672
1.7349000000000354,49.99999842545672
1.7350000000000356,49.99999842545672
1.7351000000000356,49.99999842545672
1.7352000000000356,49.99999842545672
1.7353000000000358,49.99999842545672
1.7354000000000358,49.99999842545672
1.7355000000000358,49.99999842545672
1.735600000000036,49.99999842545672
1.735700000000036,49.99999842545672
1.735800000000036,49.99999842545672
1.735900000000036,49.99999842545672
1.7360000000000362,49.99999842545672
1.7361000000000362,49.99999842545672
1.7362000000000362,49.99999842545672
1.7363000000000364,49.99999842545672
1.7364000000000364,49.99999842545672
1.7365000000000363,49.99999842545672
1.7366000000000366,49.99999842545672
1.7367000000000365,49.99999842545672
1.7368000000000365,49.99999842545672
1.7369000000000365,49.99999842545672
1.7370000000000367,49.99999842545672
1.7371000000000367,49.99999842545672
1.7372000000000367,49.99999842545672
1.737300000000037,49.99999842545672
1.737400000000037,49.99999842545672
1.737500000000037,49.99999842545672
1.7376000000000371,49.99999842545672
1.737700000000037,49.99999842545672
1.737800000000037,49.99999842545672
1.7379000000000373,49.99999842545672
1.7380000000000373,49.99999842545672
1.7381000000000373,49.99999842545672
1.7382000000000373,49.99999842545672
1.7383000000000375,49.99999842545672
1.7384000000000375,49.99999842545672
1.7385000000000375,49.99999842545672
1.7386000000000377,49.99999842545672
1.7387000000000377,49.99999842545672
1.7388000000000376,49.99999842545672
1.7389000000000379,49.99999842545672
1.7390000000000378,49.99999842545672
1.7391000000000378,49.99999842545672
1.739200000000038,49.99999842545672
1.739300000000038,49.99999842545672
1.739400000000038,49.99999842545672
1.739500000000038,49.99999842545672
1.7396000000000382,49.99999842545672
1.7397000000000382,49.99999842545672
1.7398000000000382,49.99999842545672
1.7399000000000384,49.99999842545672
1.7400000000000384,49.99999842545672
1.7401000000000384,49.99999842545672
1.7402000000000386,49.99999842545672
1.7403000000000386,49.99999842545672
1.7404000000000386,49.99999842545672
1.7405000000000386,49.99999842545672
1.7406000000000388,49.99999842545672
1.7407000000000388,49.99999842545672
1.7408000000000388,49.99999842545672
1.740900000000039,49.99999842545672
1.741000000000039,49.99999842545672
1.741100000000039,49.99999842545672
1.7412000000000392,49.99999842545672
1.7413000000000391,49.99999842545672
1.7414000000000391,49.99999842545672
1.7415000000000393,49.99999842545672
1.7416000000000393,49.99999842545672
1.7417000000000393,49.99999842545672
1.7418000000000393,49.99999842545672
1.7419000000000395,49.99999842545672
1.7420000000000395,49.99999842545672
1.7421000000000395,49.99999842545672
1.7422000000000397,49.99999842545672
1.7423000000000397,49.99999842545672
1.7424000000000397,49.99999842545672
1.74250000000004,49.99999842545672
1.74260000000004,49.99999842545672
1.7427000000000399,49.99999842545672
1.7428000000000399,49.99999842545672
1.74290000000004,49.99999842545672
1.74300000000004,49.99999842545672
1.74310000000004,49.99999842545672
1.7432000000000403,49.99999842545672
1.7433000000000403,49.99999842545672
1.7434000000000403,49.99999842545672
1.7435000000000405,49.99999842545672
1.7436000000000405,49.99999842545672
1.7437000000000404,49.99999842545672
1.7438000000000407,49.99999842545672
1.7439000000000406,49.99999842545672
1.7440000000000406,49.99999842545672
1.7441000000000406,49.99999842545672
1.7442000000000408,49.99999842545672
1.7443000000000408,49.99999842545672
1.7444000000000408,49.99999842545672
1.744500000000041,49.99999842545672
1.744600000000041,49.99999842545672
1.744700000000041,49.99999842545672
1.7448000000000412,49.99999842545672
1.7449000000000412,49.99999842545672
1.7450000000000412,49.99999842545672
1.7451000000000412,49.99999842545672
1.7452000000000414,49.99999842545672
1.7453000000000414,49.99999842545672
1.7454000000000414,49.99999842545672
1.7455000000000416,49.99999842545672
1.7456000000000416,49.99999842545672
1.7457000000000416,49.99999842545672
1.7458000000000418,49.99999842545672
1.7459000000000418,49.99999842545672
1.7460000000000417,49.99999842545672
1.746100000000042,49.99999842545672
1.746200000000042,49.99999842545672
1.746300000000042,49.99999842545672
1.746400000000042,49.99999842545672
1.7465000000000421,49.99999842545672
1.7466000000000421,49.99999842545672
1.746700000000042,49.99999842545672
1.7468000000000423,49.99999842545672
1.7469000000000423,49.99999842545672
1.7470000000000423,49.99999842545672
1.7471000000000425,49.99999842545672
1.7472000000000425,49.99999842545672
1.7473000000000425,49.99999842545672
1.7474000000000425,49.99999842545672
1.7475000000000427,49.99999842545672
1.7476000000000427,49.99999842545672
1.7477000000000427,49.99999842545672
1.7478000000000429,49.99999842545672
1.7479000000000429,49.99999842545672
1.7480000000000429,49.99999842545672
1.748100000000043,49.99999842545672
1.748200000000043,49.99999842545672
1.748300000000043,49.99999842545672
1.7484000000000433,49.99999842545672
1.7485000000000432,49.99999842545672
1.7486000000000432,49.99999842545672
1.7487000000000432,49.99999842545672
1.7488000000000434,49.99999842545672
1.7489000000000434,49.99999842545672
1.7490000000000434,49.99999842545672
1.7491000000000436,49.99999842545672
1.7492000000000436,49.99999842545672
1.7493000000000436,49.99999842545672
1.7494000000000438,49.99999842545672
1.7495000000000438,49.99999842545672
1.7496000000000438,49.99999842545672
1.7497000000000438,49.99999842545672
1.749800000000044,49.99999842545672
1.749900000000044,49.99999842545672
1.750000000000044,49.99999842545672
1.7501000000000442,49.99999842545672
1.7502000000000442,49.99999842545672
1.7503000000000442,49.99999842545672
1.7504000000000444,49.99999842545672
1.7505000000000444,49.99999842545672
1.7506000000000443,49.99999842545672
1.7507000000000446,49.99999842545672
1.7508000000000445,49.99999842545672
1.7509000000000445,49.99999842545672
1.7510000000000445,49.99999842545672
1.7511000000000447,49.99999842545672
1.7512000000000447,49.99999842545672
1.7513000000000447,49.99999842545672
1.751400000000045,49.99999842545672
1.751500000000045,49.99999842545672
1.751600000000045,49.99999842545672
1.751700000000045,49.99999842545672
1.751800000000045,49.99999842545672
1.751900000000045,49.99999842545672
1.752000000000045,49.99999842545672
1.7521000000000453,49.99999842545672
1.7522000000000453,49.99999842545672
1.7523000000000453,49.99999842545672
1.7524000000000455,49.99999842545672
1.7525000000000455,49.99999842545672
1.7526000000000455,49.99999842545672
1.7527000000000457,49.99999842545672
1.7528000000000457,49.99999842545672
1.7529000000000456,49.99999842545672
1.7530000000000459,49.99999842545672
1.7531000000000458,49.99999842545672
1.7532000000000458,49.99999842545672
1.7533000000000458,49.99999842545672
1.753400000000046,49.99999842545672
1.753500000000046,49.99999842545672
1.753600000000046,49.99999842545672
1.7537000000000462,49.99999842545672
1.7538000000000462,49.99999842545672
1.7539000000000462,49.99999842545672
1.7540000000000464,49.99999842545672
1.7541000000000464,49.99999842545672
1.7542000000000464,49.99999842545672
1.7543000000000466,49.99999842545672
1.7544000000000466,49.99999842545672
1.7545000000000466,49.99999842545672
1.7546000000000466,49.99999842545672
1.7547000000000468,49.99999842545672
1.7548000000000468,49.99999842545672
1.7549000000000468,49.99999842545672
1.755000000000047,49.99999842545672
1.755100000000047,49.99999842545672
1.755200000000047,49.99999842545672
1.7553000000000472,49.99999842545672
1.7554000000000471,49.99999842545672
1.7555000000000471,49.99999842545672
1.7556000000000471,49.99999842545672
1.7557000000000473,49.99999842545672
1.7558000000000473,49.99999842545672
1.7559000000000473,49.99999842545672
1.7560000000000475,49.99999842545672
1.7561000000000475,49.99999842545672
1.7562000000000475,49.99999842545672
1.7563000000000477,49.99999842545672
1.7564000000000477,49.99999842545672
1.7565000000000477,49.99999842545672
1.756600000000048,49.99999842545672
1.756700000000048,49.99999842545672
1.7568000000000479,49.99999842545672
1.7569000000000479,49.99999842545672
1.757000000000048,49.99999842545672
1.757100000000048,49.99999842545672
1.757200000000048,49.99999842545672
1.7573000000000483,49.99999842545672
1.7574000000000483,49.99999842545672
1.7575000000000482,49.99999842545672
1.7576000000000485,49.99999842545672
1.7577000000000484,49.99999842545672
1.7578000000000484,49.99999842545672
1.7579000000000484,49.99999842545672
1.7580000000000486,49.99999842545672
1.7581000000000486,49.99999842545672
1.7582000000000486,49.99999842545672
1.7583000000000488,49.99999842545672
1.7584000000000488,49.99999842545672
1.7585000000000488,49.99999842545672
1.758600000000049,49.99999842545672
1.758700000000049,49.99999842545672
1.758800000000049,49.99999842545672
1.7589000000000492,49.99999842545672
1.7590000000000492,49.99999842545672
1.7591000000000492,49.99999842545672
1.7592000000000492,49.99999842545672
1.7593000000000494,49.99999842545672
1.7594000000000494,49.99999842545672
1.7595000000000494,49.99999842545672
1.7596000000000496,49.99999842545672
1.7597000000000496,49.99999842545672
1.7598000000000495,49.99999842545672
1.7599000000000498,49.99999842545672
1.7600000000000497,49.99999842545672
1.7601000000000497,49.99999842545672
1.7602000000000497,49.99999842545672
1.76030000000005,49.99999842545672
1.76040000000005,49.99999842545672
1.76050000000005,49.99999842545672
1.7606000000000501,49.99999842545672
1.7607000000000501,49.99999842545672
1.76080000000005,49.99999842545672
1.7609000000000503,49.99999842545672
1.7610000000000503,49.99999842545672
1.7611000000000503,49.99999842545672
1.7612000000000505,49.99999842545672
1.7613000000000505,49.99999842545672
1.7614000000000505,49.99999842545672
1.7615000000000505,49.99999842545672
1.7616000000000507,49.99999842545672
1.7617000000000507,49.99999842545672
1.7618000000000507,49.99999842545672
1.7619000000000509,49.99999842545672
1.7620000000000509,49.99999842545672
1.7621000000000508,49.99999842545672
1.762200000000051,49.99999842545672
1.762300000000051,49.99999842545672
1.762400000000051,49.99999842545672
1.762500000000051,49.99999842545672
1.7626000000000512,49.99999842545672
1.7627000000000512,49.99999842545672
1.7628000000000512,49.99999842545672
1.7629000000000514,49.99999842545672
1.7630000000000514,49.99999842545672
1.7631000000000514,49.99999842545672
1.7632000000000516,49.99999842545672
1.7633000000000516,49.99999842545672
1.7634000000000516,49.99999842545672
1.7635000000000518,49.99999842545672
1.7636000000000518,49.99999842545672
1.7637000000000518,49.99999842545672
1.7638000000000518,49.99999842545672
1.763900000000052,49.99999842545672
1.764000000000052,49.99999842545672
1.764100000000052,49.99999842545672
1.7642000000000522,49.99999842545672
1.7643000000000522,49.99999842545672
1.7644000000000521,49.99999842545672
1.7645000000000524,49.99999842545672
1.7646000000000523,49.99999842545672
1.7647000000000523,49.99999842545672
1.7648000000000525,49.99999842545672
1.7649000000000525,49.99999842545672
1.7650000000000525,49.99999842545672
1.7651000000000525,49.99999842545672
1.7652000000000527,49.99999842545672
1.7653000000000527,49.99999842545672
1.7654000000000527,49.99999842545672
1.765500000000053,49.99999842545672
1.765600000000053,49.99999842545672
1.765700000000053,49.99999842545672
1.765800000000053,49.99999842545672
1.765900000000053,49.99999842545672
1.766000000000053,49.99999842545672
1.766100000000053,49.99999842545672
1.7662000000000533,49.99999842545672
1.7663000000000533,49.99999842545672
1.7664000000000533,49.99999842545672
1.7665000000000535,49.99999842545672
1.7666000000000535,49.99999842545672
1.7667000000000534,49.99999842545672
1.7668000000000537,49.99999842545672
1.7669000000000536,49.99999842545672
1.7670000000000536,49.99999842545672
1.7671000000000538,49.99999842545672
1.7672000000000538,49.99999842545672
1.7673000000000538,49.99999842545672
1.7674000000000538,49.99999842545672
1.767500000000054,49.99999842545672
1.767600000000054,49.99999842545672
1.767700000000054,49.99999842545672
1.7678000000000542,49.99999842545672
1.7679000000000542,49.99999842545672
1.7680000000000542,49.99999842545672
1.7681000000000544,49.99999842545672
1.7682000000000544,49.99999842545672
1.7683000000000544,49.99999842545672
1.7684000000000544,49.99999842545672
1.7685000000000546,49.99999842545672
1.7686000000000546,49.99999842545672
1.7687000000000546,49.99999842545672
1.7688000000000548,49.99999842545672
1.7689000000000548,49.99999842545672
1.7690000000000548,49.99999842545672
1.769100000000055,49.99999842545672
1.769200000000055,49.99999842545672
1.769300000000055,49.99999842545672
1.7694000000000552,49.99999842545672
1.7695000000000551,49.99999842545672
1.7696000000000551,49.99999842545672
1.7697000000000551,49.99999842545672
1.7698000000000553,49.99999842545672
1.7699000000000553,49.99999842545672
1.7700000000000553,49.99999842545672
1.7701000000000555,49.99999842545672
1.7702000000000555,49.99999842545672
1.7703000000000555,49.99999842545672
1.7704000000000557,49.99999842545672
1.7705000000000557,49.99999842545672
1.7706000000000557,49.99999842545672
1.7707000000000557,49.99999842545672
1.7708000000000559,49.99999842545672
1.7709000000000559,49.99999842545672
1.7710000000000559,49.99999842545672
1.771100000000056,49.99999842545672
1.771200000000056,49.99999842545672
1.771300000000056,49.99999842545672
1.7714000000000563,49.99999842545672
1.7715000000000563,49.99999842545672
1.7716000000000562,49.99999842545672
1.7717000000000565,49.99999842545672
1.7718000000000564,49.99999842545672
1.7719000000000564,49.99999842545672
1.7720000000000564,49.99999842545672
1.7721000000000566,49.99999842545672
1.7722000000000566,49.99999842545672
1.7723000000000566,49.99999842545672
1.7724000000000568,49.99999842545672
1.7725000000000568,49.99999842545672
1.7726000000000568,49.99999842545672
1.772700000000057,49.99999842545672
1.772800000000057,49.99999842545672
1.772900000000057,49.99999842545672
1.773000000000057,49.99999842545672
1.7731000000000572,49.99999842545672
1.7732000000000572,49.99999842545672
1.7733000000000572,49.99999842545672
1.7734000000000574,49.99999842545672
1.7735000000000574,49.99999842545672
1.7736000000000574,49.99999842545672
1.7737000000000576,49.99999842545672
1.7738000000000576,49.99999842545672
1.7739000000000575,49.99999842545672
1.7740000000000578,49.99999842545672
1.7741000000000577,49.99999842545672
1.7742000000000577,49.99999842545672
1.7743000000000577,49.99999842545672
1.774400000000058,49.99999842545672
1.774500000000058,49.99999842545672
1.774600000000058,49.99999842545672
1.7747000000000581,49.99999842545672
1.774800000000058,49.99999842545672
1.774900000000058,49.99999842545672
1.7750000000000583,49.99999842545672
1.7751000000000583,49.99999842545672
1.7752000000000583,49.99999842545672
1.7753000000000583,49.99999842545672
1.7754000000000585,49.99999842545672
1.7755000000000585,49.99999842545672
1.7756000000000585,49.99999842545672
1.7757000000000587,49.99999842545672
1.7758000000000587,49.99999842545672
1.7759000000000587,49.99999842545672
1.7760000000000589,49.99999842545672
1.7761000000000589,49.99999842545672
1.7762000000000588,49.99999842545672
1.776300000000059,49.99999842545672
1.776400000000059,49.99999842545672
1.776500000000059,49.99999842545672
1.776600000000059,49.99999842545672
1.7767000000000592,49.99999842545672
1.7768000000000592,49.99999842545672
1.7769000000000592,49.99999842545672
1.7770000000000594,49.99999842545672
1.7771000000000594,49.99999842545672
1.7772000000000594,49.99999842545672
1.7773000000000596,49.99999842545672
1.7774000000000596,49.99999842545672
1.7775000000000596,49.99999842545672
1.7776000000000596,49.99999842545672
1.7777000000000598,49.99999842545672
1.7778000000000598,49.99999842545672
1.7779000000000598,49.99999842545672
1.77800000000006,49.99999842545672
1.77810000000006,49.99999842545672
1.77820000000006,49.99999842545672
1.7783000000000602,49.99999842545672
1.7784000000000602,49.99999842545672
1.7785000000000601,49.99999842545672
1.7786000000000604,49.99999842545672
1.7787000000000603,49.99999842545672
1.7788000000000603,49.99999842545672
1.7789000000000603,49.99999842545672
1.7790000000000605,49.99999842545672
1.7791000000000605,49.99999842545672
1.7792000000000605,49.99999842545672
1.7793000000000607,49.99999842545672
1.7794000000000607,49.99999842545672
1.7795000000000607,49.99999842545672
1.779600000000061,49.99999842545672
1.779700000000061,49.99999842545672
1.7798000000000609,49.99999842545672
1.779900000000061,49.99999842545672
1.780000000000061,49.99999842545672
1.780100000000061,49.99999842545672
1.780200000000061,49.99999842545672
1.7803000000000613,49.99999842545672
1.7804000000000613,49.99999842545672
1.7805000000000613,49.99999842545672
1.7806000000000615,49.99999842545672
1.7807000000000615,49.99999842545672
1.7808000000000614,49.99999842545672
1.7809000000000617,49.99999842545672
1.7810000000000616,49.99999842545672
1.7811000000000616,49.99999842545672
1.7812000000000616,49.99999842545672
1.7813000000000618,49.99999842545672
1.7814000000000618,49.99999842545672
1.7815000000000618,49.99999842545672
1.781600000000062,49.99999842545672
1.781700000000062,49.99999842545672
1.781800000000062,49.99999842545672
1.7819000000000622,49.99999842545672
1.7820000000000622,49.99999842545672
1.7821000000000622,49.99999842545672
1.7822000000000624,49.99999842545672
1.7823000000000624,49.99999842545672
1.7824000000000624,49.99999842545672
1.7825000000000624,49.99999842545672
1.7826000000000626,49.99999842545672
1.7827000000000626,49.99999842545672
1.7828000000000626,49.99999842545672
1.7829000000000628,49.99999842545672
1.7830000000000628,49.99999842545672
1.7831000000000627,49.99999842545672
1.783200000000063,49.99999842545672
1.783300000000063,49.99999842545672
1.783400000000063,49.99999842545672
1.783500000000063,49.99999842545672
1.7836000000000631,49.99999842545672
1.7837000000000631,49.99999842545672
1.7838000000000631,49.99999842545672
1.7839000000000633,49.99999842545672
1.7840000000000633,49.99999842545672
1.7841000000000633,49.99999842545672
1.7842000000000635,49.99999842545672
1.7843000000000635,49.99999842545672
1.7844000000000635,49.99999842545672
1.7845000000000637,49.99999842545672
1.7846000000000637,49.99999842545672
1.7847000000000637,49.99999842545672
1.7848000000000637,49.99999842545672
1.7849000000000639,49.99999842545672
1.7850000000000639,49.99999842545672
1.7851000000000639,49.99999842545672
1.785200000000064,49.99999842545672
1.785300000000064,49.99999842545672
1.785400000000064,49.99999842545672
1.7855000000000643,49.99999842545672
1.7856000000000642,49.99999842545672
1.7857000000000642,49.99999842545672
1.7858000000000642,49.99999842545672
1.7859000000000644,49.99999842545672
1.7860000000000644,49.99999842545672
1.7861000000000644,49.99999842545672
1.7862000000000646,49.99999842545672
1.7863000000000646,49.99999842545672
1.7864000000000646,49.99999842545672
1.7865000000000648,49.99999842545672
1.7866000000000648,49.99999842545672
1.7867000000000648,49.99999842545672
1.786800000000065,49.99999842545672
1.786900000000065,49.99999842545672
1.787000000000065,49.99999842545672
1.787100000000065,49.99999842545672
1.7872000000000652,49.99999842545672
1.7873000000000652,49.99999842545672
1.7874000000000652,49.99999842545672
1.7875000000000654,49.99999842545672
1.7876000000000654,49.99999842545672
1.7877000000000653,49.99999842545672
1.7878000000000656,49.99999842545672
1.7879000000000655,49.99999842545672
1.7880000000000655,49.99999842545672
1.7881000000000655,49.99999842545672
1.7882000000000657,49.99999842545672
1.7883000000000657,49.99999842545672
1.7884000000000657,49.99999842545672
1.788500000000066,49.99999842545672
1.788600000000066,49.99999842545672
1.788700000000066,49.99999842545672
1.7888000000000661,49.99999842545672
1.788900000000066,49.99999842545672
1.789000000000066,49.99999842545672
1.7891000000000663,49.99999842545672
1.7892000000000663,49.99999842545672
1.7893000000000663,49.99999842545672
1.7894000000000663,49.99999842545672
1.7895000000000665,49.99999842545672
1.7896000000000665,49.99999842545672
1.7897000000000665,49.99999842545672
1.7898000000000667,49.99999842545672
1.7899000000000667,49.99999842545672
1.7900000000000666,49.99999842545672
1.7901000000000669,49.99999842545672
1.7902000000000668,49.99999842545672
1.7903000000000668,49.99999842545672
1.790400000000067,49.99999842545672
1.790500000000067,49.99999842545672
1.790600000000067,49.99999842545672
1.790700000000067,49.99999842545672
1.7908000000000672,49.99999842545672
1.7909000000000672,49.99999842545672
1.7910000000000672,49.99999842545672
1.7911000000000674,49.99999842545672
1.7912000000000674,49.99999842545672
1.7913000000000674,49.99999842545672
1.7914000000000676,49.99999842545672
1.7915000000000676,49.99999842545672
1.7916000000000676,49.99999842545672
1.7917000000000676,49.99999842545672
1.7918000000000678,49.99999842545672
1.7919000000000678,49.99999842545672
1.7920000000000678,49.99999842545672
1.792100000000068,49.99999842545672
1.792200000000068,49.99999842545672
1.792300000000068,49.99999842545672
1.7924000000000682,49.99999842545672
1.7925000000000681,49.99999842545672
1.7926000000000681,49.99999842545672
1.7927000000000683,49.99999842545672
1.7928000000000683,49.99999842545672
1.7929000000000683,49.99999842545672
1.7930000000000683,49.99999842545672
1.7931000000000685,49.99999842545672
1.7932000000000685,49.99999842545672
1.7933000000000685,49.99999842545672
1.7934000000000687,49.99999842545672
1.7935000000000687,49.99999842545672
1.7936000000000687,49.99999842545672
1.793700000000069,49.99999842545672
1.793800000000069,49.99999842545672
1.7939000000000689,49.99999842545672
1.7940000000000689,49.99999842545672
1.794100000000069,49.99999842545672
1.794200000000069,49.99999842545672
1.794300000000069,49.99999842545672
1.7944000000000693,49.99999842545672
1.7945000000000693,49.99999842545672
1.7946000000000693,49.99999842545672
1.7947000000000695,49.99999842545672
1.7948000000000695,49.99999842545672
1.7949000000000694,49.99999842545672
1.7950000000000697,49.99999842545672
1.7951000000000696,49.99999842545672
1.7952000000000696,49.99999842545672
1.7953000000000696,49.99999842545672
1.7954000000000698,49.99999842545672
1.7955000000000698,49.99999842545672
1.7956000000000698,49.99999842545672
1.79570000000007,49.99999842545672
1.79580000000007,49.99999842545672
1.79590000000007,49.99999842545672
1.7960000000000702,49.99999842545672
1.7961000000000702,49.99999842545672
1.7962000000000702,49.99999842545672
1.7963000000000702,49.99999842545672
1.7964000000000704,49.99999842545672
1.7965000000000704,49.99999842545672
1.7966000000000704,49.99999842545672
1.7967000000000706,49.99999842545672
1.7968000000000706,49.99999842545672
1.7969000000000706,49.99999842545672
1.7970000000000708,49.99999842545672
1.7971000000000708,49.99999842545672
1.7972000000000707,49.99999842545672
1.797300000000071,49.99999842545672
1.797400000000071,49.99999842545672
1.797500000000071,49.99999842545672
1.797600000000071,49.99999842545672
1.7977000000000711,49.99999842545672
1.7978000000000711,49.99999842545672
1.797900000000071,49.99999842545672
1.7980000000000713,49.99999842545672
1.7981000000000713,49.99999842545672
1.7982000000000713,49.99999842545672
1.7983000000000715,49.99999842545672
1.7984000000000715,49.99999842545672
1.7985000000000715,49.99999842545672
1.7986000000000715,49.99999842545672
1.7987000000000717,49.99999842545672
1.7988000000000717,49.99999842545672
1.7989000000000717,49.99999842545672
1.7990000000000719,49.99999842545672
1.7991000000000719,49.99999842545672
1.7992000000000719,49.99999842545672
1.799300000000072,49.99999842545672
1.799400000000072,49.99999842545672
1.799500000000072,49.99999842545672
1.7996000000000723,49.99999842545672
1.7997000000000722,49.99999842545672
1.7998000000000722,49.99999842545672
1.7999000000000722,49.99999842545672
1.8000000000000724,49.99999842545672
1.8001000000000724,49.99999842545672
1.8002000000000724,49.99999842545672
1.8003000000000726,49.99999842545672
1.8004000000000726,49.99999842545672
1.8005000000000726,49.99999842545672
1.8006000000000728,49.99999842545672
1.8007000000000728,49.99999842545672
1.8008000000000728,49.99999842545672
1.8009000000000728,49.99999842545672
1.801000000000073,49.99999842545672
1.801100000000073,49.99999842545672
1.801200000000073,49.99999842545672
1.8013000000000732,49.99999842545672
1.8014000000000732,49.99999842545672
1.8015000000000732,49.99999842545672
1.8016000000000734,49.99999842545672
1.8017000000000734,49.99999842545672
1.8018000000000733,49.99999842545672
1.8019000000000736,49.99999842545672
1.8020000000000735,49.99999842545672
1.8021000000000735,49.99999842545672
1.8022000000000735,49.99999842545672
1.8023000000000737,49.99999842545672
1.8024000000000737,49.99999842545672
1.8025000000000737,49.99999842545672
1.802600000000074,49.99999842545672
1.802700000000074,49.99999842545672
1.802800000000074,49.99999842545672
1.802900000000074,49.99999842545672
1.803000000000074,49.99999842545672
1.803100000000074,49.99999842545672
1.803200000000074,49.99999842545672
1.8033000000000743,49.99999842545672
1.8034000000000743,49.99999842545672
1.8035000000000743,49.99999842545672
1.8036000000000745,49.99999842545672
1.8037000000000745,49.99999842545672
1.8038000000000745,49.99999842545672
1.8039000000000747,49.99999842545672
1.8040000000000747,49.99999842545672
1.8041000000000746,49.99999842545672
1.8042000000000749,49.99999842545672
1.8043000000000748,49.99999842545672
1.8044000000000748,49.99999842545672
1.8045000000000748,49.99999842545672
1.804600000000075,49.99999842545672
1.804700000000075,49.99999842545672
1.804800000000075,49.99999842545672
1.8049000000000752,49.99999842545672
1.8050000000000752,49.99999842545672
1.8051000000000752,49.99999842545672
1.8052000000000754,49.99999842545672
1.8053000000000754,49.99999842545672
1.8054000000000754,49.99999842545672
1.8055000000000756,49.99999842545672
1.8056000000000756,49.99999842545672
1.8057000000000756,49.99999842545672
1.8058000000000756,49.99999842545672
1.8059000000000758,49.99999842545672
1.8060000000000758,49.99999842545672
1.8061000000000758,49.99999842545672
1.806200000000076,49.99999842545672
1.806300000000076,49.99999842545672
1.806400000000076,49.99999842545672
1.8065000000000762,49.99999842545672
1.8066000000000761,49.99999842545672
1.8067000000000761,49.99999842545672
1.8068000000000761,49.99999842545672
1.8069000000000763,49.99999842545672
1.8070000000000763,49.99999842545672
1.8071000000000763,49.99999842545672
1.8072000000000765,49.99999842545672
1.8073000000000765,49.99999842545672
1.8074000000000765,49.99999842545672
1.8075000000000767,49.99999842545672
1.8076000000000767,49.99999842545672
1.8077000000000767,49.99999842545672
1.807800000000077,49.99999842545672
1.807900000000077,49.99999842545672
1.8080000000000769,49.99999842545672
1.8081000000000769,49.99999842545672
1.808200000000077,49.99999842545672
1.808300000000077,49.99999842545672
1.808400000000077,49.99999842545672
1.8085000000000773,49.99999842545672
1.8086000000000773,49.99999842545672
1.8087000000000772,49.99999842545672
1.8088000000000775,49.99999842545672
1.8089000000000774,49.99999842545672
1.8090000000000774,49.99999842545672
1.8091000000000774,49.99999842545672
1.8092000000000776,49.99999842545672
1.8093000000000776,49.99999842545672
1.8094000000000776,49.99999842545672
1.8095000000000778,49.99999842545672
1.8096000000000778,49.99999842545672
1.8097000000000778,49.99999842545672
1.809800000000078,49.99999842545672
1.809900000000078,49.99999842545672
1.810000000000078,49.99999842545672
1.8101000000000782,49.99999842545672
1.8102000000000782,49.99999842545672
1.8103000000000782,49.99999842545672
1.8104000000000782,49.99999842545672
1.8105000000000784,49.99999842545672
1.8106000000000784,49.99999842545672
1.8107000000000784,49.99999842545672
1.8108000000000786,49.99999842545672
1.8109000000000786,49.99999842545672
1.8110000000000785,49.99999842545672
1.8111000000000788,49.99999842545672
1.8112000000000787,49.99999842545672
1.8113000000000787,49.99999842545672
1.8114000000000787,49.99999842545672
1.811500000000079,49.99999842545672
1.811600000000079,49.99999842545672
1.811700000000079,49.99999842545672
1.8118000000000791,49.99999842545672
1.8119000000000791,49.99999842545672
1.812000000000079,49.99999842545672
1.8121000000000793,49.99999842545672
1.8122000000000793,49.99999842545672
1.8123000000000793,49.99999842545672
1.8124000000000795,49.99999842545672
1.8125000000000795,49.99999842545672
1.8126000000000795,49.99999842545672
1.8127000000000795,49.99999842545672
1.8128000000000797,49.99999842545672
1.8129000000000797,49.99999842545672
1.8130000000000797,49.99999842545672
1.8131000000000799,49.99999842545672
1.8132000000000799,49.99999842545672
1.8133000000000798,49.99999842545672
1.81340000000008,49.99999842545672
1.81350000000008,49.99999842545672
1.81360000000008,49.99999842545672
1.81370000000008,49.99999842545672
1.8138000000000802,49.99999842545672
1.8139000000000802,49.99999842545672
1.8140000000000802,49.99999842545672
1.8141000000000804,49.99999842545672
1.8142000000000804,49.99999842545672
1.8143000000000804,49.99999842545672
1.8144000000000806,49.99999842545672
1.8145000000000806,49.99999842545672
1.8146000000000806,49.99999842545672
1.8147000000000808,49.99999842545672
1.8148000000000808,49.99999842545672
1.8149000000000808,49.99999842545672
1.8150000000000808,49.99999842545672
1.815100000000081,49.99999842545672
1.815200000000081,49.99999842545672
1.815300000000081,49.99999842545672
1.8154000000000812,49.99999842545672
1.8155000000000812,49.99999842545672
1.8156000000000811,49.99999842545672
1.8157000000000814,49.99999842545672
1.8158000000000813,49.99999842545672
1.8159000000000813,49.99999842545672
1.8160000000000815,49.99999842545672
1.8161000000000815,49.99999842545672
1.8162000000000815,49.99999842545672
1.8163000000000815,49.99999842545672
1.8164000000000817,49.99999842545672
1.8165000000000817,49.99999842545672
1.8166000000000817,49.99999842545672
1.816700000000082,49.99999842545672
1.816800000000082,49.99999842545672
1.816900000000082,49.99999842545672
1.817000000000082,49.99999842545672
1.817100000000082,49.99999842545672
1.817200000000082,49.99999842545672
1.817300000000082,49.99999842545672
1.8174000000000823,49.99999842545672
1.8175000000000823,49.99999842545672
1.8176000000000823,49.99999842545672
1.8177000000000825,49.99999842545672
1.8178000000000825,49.99999842545672
1.8179000000000824,49.99999842545672
1.8180000000000827,49.99999842545672
1.8181000000000826,49.99999842545672
1.8182000000000826,49.99999842545672
1.8183000000000828,49.99999842545672
1.8184000000000828,49.99999842545672
1.8185000000000828,49.99999842545672
1.8186000000000828,49.99999842545672
1.818700000000083,49.99999842545672
1.818800000000083,49.99999842545672
1.818900000000083,49.99999842545672
1.8190000000000832,49.99999842545672
1.8191000000000832,49.99999842545672
1.8192000000000832,49.99999842545672
1.8193000000000834,49.99999842545672
1.8194000000000834,49.99999842545672
1.8195000000000834,49.99999842545672
1.8196000000000834,49.99999842545672
1.8197000000000836,49.99999842545672
1.8198000000000836,49.99999842545672
1.8199000000000836,49.99999842545672
1.8200000000000838,49.99999842545672
1.8201000000000838,49.99999842545672
1.8202000000000838,49.99999842545672
1.820300000000084,49.99999842545672
1.820400000000084,49.99999842545672
1.820500000000084,49.99999842545672
1.8206000000000842,49.99999842545672
1.8207000000000841,49.99999842545672
1.8208000000000841,49.99999842545672
1.8209000000000841,49.99999842545672
1.8210000000000843,49.99999842545672
1.8211000000000843,49.99999842545672
1.8212000000000843,49.99999842545672
1.8213000000000845,49.99999842545672
1.8214000000000845,49.99999842545672
1.8215000000000845,49.99999842545672
1.8216000000000847,49.99999842545672
1.8217000000000847,49.99999842545672
1.8218000000000847,49.99999842545672
1.8219000000000847,49.99999842545672
1.8220000000000849,49.99999842545672
1.8221000000000849,49.99999842545672
1.8222000000000849,49.99999842545672
1.822300000000085,49.99999842545672
1.822400000000085,49.99999842545672
1.822500000000085,49.99999842545672
1.8226000000000853,49.99999842545672
1.8227000000000853,49.99999842545672
1.8228000000000852,49.99999842545672
1.8229000000000855,49.99999842545672
1.8230000000000854,49.99999842545672
1.8231000000000854,49.99999842545672
1.8232000000000854,49.99999842545672
1.8233000000000856,49.99999842545672
1.8234000000000856,49.99999842545672
1.8235000000000856,49.99999842545672
1.8236000000000858,49.99999842545672
1.8237000000000858,49.99999842545672
1.8238000000000858,49.99999842545672
1.823900000000086,49.99999842545672
1.824000000000086,49.99999842545672
1.824100000000086,49.99999842545672
1.824200000000086,49.99999842545672
1.8243000000000862,49.99999842545672
1.8244000000000862,49.99999842545672
1.8245000000000862,49.99999842545672
1.8246000000000864,49.99999842545672
1.8247000000000864,49.99999842545672
1.8248000000000864,49.99999842545672
1.8249000000000866,49.99999842545672
1.8250000000000866,49.99999842545672
1.8251000000000865,49.99999842545672
1.8252000000000868,49.99999842545672
1.8253000000000867,49.99999842545672
1.8254000000000867,49.99999842545672
1.8255000000000867,49.99999842545672
1.825600000000087,49.99999842545672
1.825700000000087,49.99999842545672
1.825800000000087,49.99999842545672
1.8259000000000871,49.99999842545672
1.826000000000087,49.99999842545672
1.826100000000087,49.99999842545672
1.8262000000000873,49.99999842545672
1.8263000000000873,49.99999842545672
1.8264000000000873,49.99999842545672
1.8265000000000873,49.99999842545672
1.8266000000000875,49.99999842545672
1.8267000000000875,49.99999842545672
1.8268000000000875,49.99999842545672
1.8269000000000877,49.99999842545672
1.8270000000000877,49.99999842545672
1.8271000000000877,49.99999842545672
1.8272000000000879,49.99999842545672
1.8273000000000879,49.99999842545672
1.8274000000000878,49.99999842545672
1.827500000000088,49.99999842545672
1.827600000000088,49.99999842545672
1.827700000000088,49.99999842545672
1.827800000000088,49.99999842545672
1.8279000000000882,49.99999842545672
1.8280000000000882,49.99999842545672
1.8281000000000882,49.99999842545672
1.8282000000000884,49.99999842545672
1.8283000000000884,49.99999842545672
1.8284000000000884,49.99999842545672
1.8285000000000886,49.99999842545672
1.8286000000000886,49.99999842545672
1.8287000000000886,49.99999842545672
1.8288000000000886,49.99999842545672
1.8289000000000888,49.99999842545672
1.8290000000000888,49.99999842545672
1.8291000000000888,49.99999842545672
1.829200000000089,49.99999842545672
1.829300000000089,49.99999842545672
1.829400000000089,49.99999842545672
1.8295000000000892,49.99999842545672
1.8296000000000892,49.99999842545672
1.8297000000000891,49.99999842545672
1.8298000000000894,49.99999842545672
1.8299000000000893,49.99999842545672
1.8300000000000893,49.99999842545672
1.8301000000000893,49.99999842545672
1.8302000000000895,49.99999842545672
1.8303000000000895,49.99999842545672
1.8304000000000895,49.99999842545672
1.8305000000000897,49.99999842545672
1.8306000000000897,49.99999842545672
1.8307000000000897,49.99999842545672
1.83080000000009,49.99999842545672
1.83090000000009,49.99999842545672
1.83100000000009,49.99999842545672
1.83110000000009,49.99999842545672
1.83120000000009,49.99999842545672
1.83130000000009,49.99999842545672
1.83140000000009,49.99999842545672
1.8315000000000903,49.99999842545672
1.8316000000000903,49.99999842545672
1.8317000000000903,49.99999842545672
1.8318000000000905,49.99999842545672
1.8319000000000905,49.99999842545672
1.8320000000000904,49.99999842545672
1.8321000000000907,49.99999842545672
1.8322000000000906,49.99999842545672
1.8323000000000906,49.99999842545672
1.8324000000000906,49.99999842545672
1.8325000000000908,49.99999842545672
1.8326000000000908,49.99999842545672
1.8327000000000908,49.99999842545672
1.832800000000091,49.99999842545672
1.832900000000091,49.99999842545672
1.833000000000091,49.99999842545672
1.8331000000000912,49.99999842545672
1.8332000000000912,49.99999842545672
1.8333000000000912,49.99999842545672
1.8334000000000914,49.99999842545672
1.8335000000000914,49.99999842545672
1.8336000000000914,49.99999842545672
1.8337000000000914,49.99999842545672
1.8338000000000916,49.99999842545672
1.8339000000000916,49.99999842545672
1.8340000000000916,49.99999842545672
1.8341000000000918,49.99999842545672
1.8342000000000918,49.99999842545672
1.8343000000000917,49.99999842545672
1.834400000000092,49.99999842545672
1.834500000000092,49.99999842545672
1.834600000000092,49.99999842545672
1.834700000000092,49.99999842545672
1.8348000000000921,49.99999842545672
1.8349000000000921,49.99999842545672
1.8350000000000921,49.99999842545672
1.8351000000000923,49.99999842545672
1.8352000000000923,49.99999842545672
1.8353000000000923,49.99999842545672
1.8354000000000925,49.99999842545672
1.8355000000000925,49.99999842545672
1.8356000000000925,49.99999842545672
1.8357000000000927,49.99999842545672
1.8358000000000927,49.99999842545672
1.8359000000000927,49.99999842545672
1.8360000000000927,49.99999842545672
1.8361000000000929,49.99999842545672
1.8362000000000929,49.99999842545672
1.8363000000000929,49.99999842545672
1.836400000000093,49.99999842545672
1.836500000000093,49.99999842545672
1.836600000000093,49.99999842545672
1.8367000000000933,49.99999842545672
1.8368000000000932,49.99999842545672
1.8369000000000932,49.99999842545672
1.8370000000000932,49.99999842545672
1.8371000000000934,49.99999842545672
1.8372000000000934,49.99999842545672
1.8373000000000934,49.99999842545672
1.8374000000000936,49.99999842545672
1.8375000000000936,49.99999842545672
1.8376000000000936,49.99999842545672
1.8377000000000938,49.99999842545672
1.8378000000000938,49.99999842545672
1.8379000000000938,49.99999842545672
1.838000000000094,49.99999842545672
1.838100000000094,49.99999842545672
1.838200000000094,49.99999842545672
1.838300000000094,49.99999842545672
1.8384000000000942,49.99999842545672
1.8385000000000942,49.99999842545672
1.8386000000000942,49.99999842545672
1.8387000000000944,49.99999842545672
1.8388000000000944,49.99999842545672
1.8389000000000943,49.99999842545672
1.8390000000000946,49.99999842545672
1.8391000000000945,49.99999842545672
1.8392000000000945,49.99999842545672
1.8393000000000945,49.99999842545672
1.8394000000000947,49.99999842545672
1.8395000000000947,49.99999842545672
1.8396000000000947,49.99999842545672
1.839700000000095,49.99999842545672
1.839800000000095,49.99999842545672
1.839900000000095,49.99999842545672
1.8400000000000951,49.99999842545672
1.840100000000095,49.99999842545672
1.840200000000095,49.99999842545672
1.8403000000000953,49.99999842545672
1.8404000000000953,49.99999842545672
1.8405000000000953,49.99999842545672
1.8406000000000953,49.99999842545672
1.8407000000000955,49.99999842545672
1.8408000000000955,49.99999842545672
1.8409000000000955,49.99999842545672
1.8410000000000957,49.99999842545672
1.8411000000000957,49.99999842545672
1.8412000000000956,49.99999842545672
1.8413000000000959,49.99999842545672
1.8414000000000958,49.99999842545672
1.8415000000000958,49.99999842545672
1.841600000000096,49.99999842545672
1.841700000000096,49.99999842545672
1.841800000000096,49.99999842545672
1.841900000000096,49.99999842545672
1.8420000000000962,49.99999842545672
1.8421000000000962,49.99999842545672
1.8422000000000962,49.99999842545672
1.8423000000000964,49.99999842545672
1.8424000000000964,49.99999842545672
1.8425000000000964,49.99999842545672
1.8426000000000966,49.99999842545672
1.8427000000000966,49.99999842545672
1.8428000000000966,49.99999842545672
1.8429000000000966,49.99999842545672
1.8430000000000968,49.99999842545672
1.8431000000000968,49.99999842545672
1.8432000000000968,49.99999842545672
1.843300000000097,49.99999842545672
1.843400000000097,49.99999842545672
1.843500000000097,49.99999842545672
1.8436000000000972,49.99999842545672
1.8437000000000972,49.99999842545672
1.8438000000000971,49.99999842545672
1.8439000000000974,49.99999842545672
1.8440000000000973,49.99999842545672
1.8441000000000973,49.99999842545672
1.8442000000000973,49.99999842545672
1.8443000000000975,49.99999842545672
1.8444000000000975,49.99999842545672
1.8445000000000975,49.99999842545672
1.8446000000000977,49.99999842545672
1.8447000000000977,49.99999842545672
1.8448000000000977,49.99999842545672
1.844900000000098,49.99999842545672
1.845000000000098,49.99999842545672
1.8451000000000979,49.99999842545672
1.8452000000000979,49.99999842545672
1.845300000000098,49.99999842545672
1.845400000000098,49.99999842545672
1.845500000000098,49.99999842545672
1.8456000000000983,49.99999842545672
1.8457000000000983,49.99999842545672
1.8458000000000983,49.99999842545672
1.8459000000000985,49.99999842545672
1.8460000000000985,49.99999842545672
1.8461000000000984,49.99999842545672
1.8462000000000987,49.99999842545672
1.8463000000000986,49.99999842545672
1.8464000000000986,49.99999842545672
1.8465000000000986,49.99999842545672
1.8466000000000988,49.99999842545672
1.8467000000000988,49.99999842545672
1.8468000000000988,49.99999842545672
1.846900000000099,49.99999842545672
1.847000000000099,49.99999842545672
1.847100000000099,49.99999842545672
1.8472000000000992,49.99999842545672
1.8473000000000992,49.99999842545672
1.8474000000000992,49.99999842545672
1.8475000000000992,49.99999842545672
1.8476000000000994,49.99999842545672
1.8477000000000994,49.99999842545672
1.8478000000000994,49.99999842545672
1.8479000000000996,49.99999842545672
1.8480000000000996,49.99999842545672
1.8481000000000996,49.99999842545672
1.8482000000000998,49.99999842545672
1.8483000000000998,49.99999842545672
1.8484000000000997,49.99999842545672
1.8485000000001,49.99999842545672
1.8486000000001,49.99999842545672
1.8487000000001,49.99999842545672
1.8488000000001,49.99999842545672
1.8489000000001001,49.99999842545672
1.8490000000001001,49.99999842545672
1.8491000000001,49.99999842545672
1.8492000000001003,49.99999842545672
1.8493000000001003,49.99999842545672
1.8494000000001003,49.99999842545672
1.8495000000001005,49.99999842545672
1.8496000000001005,49.99999842545672
1.8497000000001005,49.99999842545672
1.8498000000001005,49.99999842545672
1.8499000000001007,49.99999842545672
1.8500000000001007,49.99999842545672
1.8501000000001007,49.99999842545672
1.8502000000001009,49.99999842545672
1.8503000000001009,49.99999842545672
1.8504000000001009,49.99999842545672
1.850500000000101,49.99999842545672
1.850600000000101,49.99999842545672
1.850700000000101,49.99999842545672
1.8508000000001013,49.99999842545672
1.8509000000001012,49.99999842545672
1.8510000000001012,49.99999842545672
1.8511000000001012,49.99999842545672
1.8512000000001014,49.99999842545672
1.8513000000001014,49.99999842545672
1.8514000000001014,49.99999842545672
1.8515000000001016,49.99999842545672
1.8516000000001016,49.99999842545672
1.8517000000001016,49.99999842545672
1.8518000000001018,49.99999842545672
1.8519000000001018,49.99999842545672
1.8520000000001018,49.99999842545672
1.8521000000001018,49.99999842545672
1.852200000000102,49.99999842545672
1.852300000000102,49.99999842545672
1.852400000000102,49.99999842545672
1.8525000000001022,49.99999842545672
1.8526000000001022,49.99999842545672
1.8527000000001022,49.99999842545672
1.8528000000001024,49.99999842545672
1.8529000000001024,49.99999842545672
1.8530000000001023,49.99999842545672
1.8531000000001026,49.99999842545672
1.8532000000001025,49.99999842545672
1.8533000000001025,49.99999842545672
1.8534000000001025,49.99999842545672
1.8535000000001027,49.99999842545672
1.8536000000001027,49.99999842545672
1.8537000000001027,49.99999842545672
1.853800000000103,49.99999842545672
1.853900000000103,49.99999842545672
1.854000000000103,49.99999842545672
1.854100000000103,49.99999842545672
1.854200000000103,49.99999842545672
1.854300000000103,49.99999842545672
1.854400000000103,49.99999842545672
1.8545000000001033,49.99999842545672
1.8546000000001033,49.99999842545672
1.8547000000001033,49.99999842545672
1.8548000000001035,49.99999842545672
1.8549000000001035,49.99999842545672
1.8550000000001035,49.99999842545672
1.8551000000001037,49.99999842545672
1.8552000000001037,49.99999842545672
1.8553000000001036,49.99999842545672
1.8554000000001039,49.99999842545672
1.8555000000001038,49.99999842545672
1.8556000000001038,49.99999842545672
1.8557000000001038,49.99999842545672
1.855800000000104,49.99999842545672
1.855900000000104,49.99999842545672
1.856000000000104,49.99999842545672
1.8561000000001042,49.99999842545672
1.8562000000001042,49.99999842545672
1.8563000000001042,49.99999842545672
1.8564000000001044,49.99999842545672
1.8565000000001044,49.99999842545672
1.8566000000001044,49.99999842545672
1.8567000000001046,49.99999842545672
1.8568000000001046,49.99999842545672
1.8569000000001046,49.99999842545672
1.8570000000001046,49.99999842545672
1.8571000000001048,49.99999842545672
1.8572000000001048,49.99999842545672
1.8573000000001048,49.99999842545672
1.857400000000105,49.99999842545672
1.857500000000105,49.99999842545672
1.857600000000105,49.99999842545672
1.8577000000001052,49.99999842545672
1.8578000000001051,49.99999842545672
1.8579000000001051,49.99999842545672
1.8580000000001051,49.99999842545672
1.8581000000001053,49.99999842545672
1.8582000000001053,49.99999842545672
1.8583000000001053,49.99999842545672
1.8584000000001055,49.99999842545672
1.8585000000001055,49.99999842545672
1.8586000000001055,49.99999842545672
1.8587000000001057,49.99999842545672
1.8588000000001057,49.99999842545672
1.8589000000001057,49.99999842545672
1.859000000000106,49.99999842545672
1.859100000000106,49.99999842545672
1.8592000000001059,49.99999842545672
1.8593000000001059,49.99999842545672
1.859400000000106,49.99999842545672
1.859500000000106,49.99999842545672
1.859600000000106,49.99999842545672
1.8597000000001063,49.99999842545672
1.8598000000001063,49.99999842545672
1.8599000000001062,49.99999842545672
1.8600000000001065,49.99999842545672
1.8601000000001064,49.99999842545672
1.8602000000001064,49.99999842545672
1.8603000000001064,49.99999842545672
1.8604000000001066,49.99999842545672
1.8605000000001066,49.99999842545672
1.8606000000001066,49.99999842545672
1.8607000000001068,49.99999842545672
1.8608000000001068,49.99999842545672
1.8609000000001068,49.99999842545672
1.861000000000107,49.99999842545672
1.861100000000107,49.99999842545672
1.861200000000107,49.99999842545672
1.8613000000001072,49.99999842545672
1.8614000000001072,49.99999842545672
1.8615000000001072,49.99999842545672
1.8616000000001072,49.99999842545672
1.8617000000001074,49.99999842545672
1.8618000000001074,49.99999842545672
1.8619000000001074,49.99999842545672
1.8620000000001076,49.99999842545672
1.8621000000001076,49.99999842545672
1.8622000000001075,49.99999842545672
1.8623000000001078,49.99999842545672
1.8624000000001077,49.99999842545672
1.8625000000001077,49.99999842545672
1.8626000000001077,49.99999842545672
1.862700000000108,49.99999842545672
1.862800000000108,49.99999842545672
1.862900000000108,49.99999842545672
1.8630000000001081,49.99999842545672
1.8631000000001081,49.99999842545672
1.863200000000108,49.99999842545672
1.8633000000001083,49.99999842545672
1.8634000000001083,49.99999842545672
1.8635000000001083,49.99999842545672
1.8636000000001085,49.99999842545672
1.8637000000001085,49.99999842545672
1.8638000000001085,49.99999842545672
1.8639000000001085,49.99999842545672
1.8640000000001087,49.99999842545672
1.8641000000001087,49.99999842545672
1.8642000000001087,49.99999842545672
1.8643000000001089,49.99999842545672
1.8644000000001089,49.99999842545672
1.8645000000001088,49.99999842545672
1.864600000000109,49.99999842545672
1.864700000000109,49.99999842545672
1.864800000000109,49.99999842545672
1.864900000000109,49.99999842545672
1.8650000000001092,49.99999842545672
1.8651000000001092,49.99999842545672
1.8652000000001092,49.99999842545672
1.8653000000001094,49.99999842545672
1.8654000000001094,49.99999842545672
1.8655000000001094,49.99999842545672
1.8656000000001096,49.99999842545672
1.8657000000001096,49.99999842545672
1.8658000000001096,49.99999842545672
1.8659000000001098,49.99999842545672
1.8660000000001098,49.99999842545672
1.8661000000001098,49.99999842545672
1.8662000000001098,49.99999842545672
1.86630000000011,49.99999842545672
1.86640000000011,49.99999842545672
1.86650000000011,49.99999842545672
1.8666000000001102,49.99999842545672
1.8667000000001102,49.99999842545672
1.8668000000001101,49.99999842545672
1.8669000000001104,49.99999842545672
1.8670000000001103,49.99999842545672
1.8671000000001103,49.99999842545672
1.8672000000001105,49.99999842545672
1.8673000000001105,49.99999842545672
1.8674000000001105,49.99999842545672
1.8675000000001105,49.99999842545672
1.8676000000001107,49.99999842545672
1.8677000000001107,49.99999842545672
1.8678000000001107,49.99999842545672
1.867900000000111,49.99999842545672
1.868000000000111,49.99999842545672
1.868100000000111,49.99999842545672
1.868200000000111,49.99999842545672
1.868300000000111,49.99999842545672
1.868400000000111,49.99999842545672
1.868500000000111,49.99999842545672
1.8686000000001113,49.99999842545672
1.8687000000001113,49.99999842545672
1.8688000000001113,49.99999842545672
1.8689000000001115,49.99999842545672
1.8690000000001115,49.99999842545672
1.8691000000001115,49.99999842545672
1.8692000000001117,49.99999842545672
1.8693000000001117,49.99999842545672
1.8694000000001116,49.99999842545672
1.8695000000001119,49.99999842545672
1.8696000000001118,49.99999842545672
1.8697000000001118,49.99999842545672
1.8698000000001118,49.99999842545672
1.869900000000112,49.99999842545672
1.870000000000112,49.99999842545672
1.870100000000112,49.99999842545672
1.8702000000001122,49.99999842545672
1.8703000000001122,49.99999842545672
1.8704000000001122,49.99999842545672
1.8705000000001124,49.99999842545672
1.8706000000001124,49.99999842545672
1.8707000000001124,49.99999842545672
1.8708000000001124,49.99999842545672
1.8709000000001126,49.99999842545672
1.8710000000001126,49.99999842545672
1.8711000000001126,49.99999842545672
1.8712000000001128,49.99999842545672
1.8713000000001128,49.99999842545672
1.8714000000001128,49.99999842545672
1.871500000000113,49.99999842545672
1.871600000000113,49.99999842545672
1.871700000000113,49.99999842545672
1.8718000000001132,49.99999842545672
1.8719000000001131,49.99999842545672
1.8720000000001131,49.99999842545672
1.8721000000001131,49.99999842545672
1.8722000000001133,49.99999842545672
1.8723000000001133,49.99999842545672
1.8724000000001133,49.99999842545672
1.8725000000001135,49.99999842545672
1.8726000000001135,49.99999842545672
1.8727000000001135,49.99999842545672
1.8728000000001137,49.99999842545672
1.8729000000001137,49.99999842545672
1.8730000000001137,49.99999842545672
1.8731000000001137,49.99999842545672
1.8732000000001139,49.99999842545672
1.8733000000001139,49.99999842545672
1.8734000000001139,49.99999842545672
1.873500000000114,49.99999842545672
1.873600000000114,49.99999842545672
1.873700000000114,49.99999842545672
1.8738000000001143,49.99999842545672
1.8739000000001143,49.99999842545672
1.8740000000001142,49.99999842545672
1.8741000000001145,49.99999842545672
1.8742000000001144,49.99999842545672
1.8743000000001144,49.99999842545672
1.8744000000001144,49.99999842545672
1.8745000000001146,49.99999842545672
1.8746000000001146,49.99999842545672
1.8747000000001146,49.99999842545672
1.8748000000001148,49.99999842545672
1.8749000000001148,49.99999842545672
1.8750000000001148,49.99999842545672
1.875100000000115,49.99999842545672
1.875200000000115,49.99999842545672
1.875300000000115,49.99999842545672
1.875400000000115,49.99999842545672
1.8755000000001152,49.99999842545672
1.8756000000001152,49.99999842545672
1.8757000000001152,49.99999842545672
1.8758000000001154,49.99999842545672
1.8759000000001154,49.99999842545672
1.8760000000001154,49.99999842545672
1.8761000000001156,49.99999842545672
1.8762000000001156,49.99999842545672
1.8763000000001155,49.99999842545672
1.8764000000001158,49.99999842545672
1.8765000000001157,49.99999842545672
1.8766000000001157,49.99999842545672
1.8767000000001157,49.99999842545672
1.876800000000116,49.99999842545672
1.876900000000116,49.99999842545672
1.877000000000116,49.99999842545672
1.8771000000001161,49.99999842545672
1.877200000000116,49.99999842545672
1.877300000000116,49.99999842545672
1.8774000000001163,49.99999842545672
1.8775000000001163,49.99999842545672
1.8776000000001163,49.99999842545672
1.8777000000001163,49.99999842545672
1.8778000000001165,49.99999842545672
1.8779000000001165,49.99999842545672
1.8780000000001165,49.99999842545672
1.8781000000001167,49.99999842545672
1.8782000000001167,49.99999842545672
1.8783000000001167,49.99999842545672
1.8784000000001169,49.99999842545672
1.8785000000001169,49.99999842545672
1.8786000000001168,49.99999842545672
1.878700000000117,49.99999842545672
1.878800000000117,49.99999842545672
1.878900000000117,49.99999842545672
1.879000000000117,49.99999842545672
1.8791000000001172,49.99999842545672
1.8792000000001172,49.99999842545672
1.8793000000001172,49.99999842545672
1.8794000000001174,49.99999842545672
1.8795000000001174,49.99999842545672
1.8796000000001174,49.99999842545672
1.8797000000001176,49.99999842545672
1.8798000000001176,49.99999842545672
1.8799000000001176,49.99999842545672
1.8800000000001176,49.99999842545672
1.8801000000001178,49.99999842545672
1.8802000000001178,49.99999842545672
1.8803000000001178,49.99999842545672
1.880400000000118,49.99999842545672
1.880500000000118,49.99999842545672
1.880600000000118,49.99999842545672
1.8807000000001182,49.99999842545672
1.8808000000001182,49.99999842545672
1.8809000000001181,49.99999842545672
1.8810000000001184,49.99999842545672
1.8811000000001183,49.99999842545672
1.8812000000001183,49.99999842545672
1.8813000000001183,49.99999842545672
1.8814000000001185,49.99999842545672
1.8815000000001185,49.99999842545672
1.8816000000001185,49.99999842545672
1.8817000000001187,49.99999842545672
1.8818000000001187,49.99999842545672
1.8819000000001187,49.99999842545672
1.882000000000119,49.99999842545672
1.882100000000119,49.99999842545672
1.882200000000119,49.99999842545672
1.882300000000119,49.99999842545672
1.882400000000119,49.99999842545672
1.882500000000119,49.99999842545672
1.882600000000119,49.99999842545672
1.8827000000001193,49.99999842545672
1.8828000000001193,49.99999842545672
1.8829000000001193,49.99999842545672
1.8830000000001195,49.99999842545672
1.8831000000001195,49.99999842545672
1.8832000000001194,49.99999842545672
1.8833000000001197,49.99999842545672
1.8834000000001196,49.99999842545672
1.8835000000001196,49.99999842545672
1.8836000000001196,49.99999842545672
1.8837000000001198,49.99999842545672
1.8838000000001198,49.99999842545672
1.8839000000001198,49.99999842545672
1.88400000000012,49.99999842545672
1.88410000000012,49.99999842545672
1.88420000000012,49.99999842545672
1.8843000000001202,49.99999842545672
1.8844000000001202,49.99999842545672
1.8845000000001202,49.99999842545672
1.8846000000001204,49.99999842545672
1.8847000000001204,49.99999842545672
1.8848000000001204,49.99999842545672
1.8849000000001204,49.99999842545672
1.8850000000001206,49.99999842545672
1.8851000000001206,49.99999842545672
1.8852000000001206,49.99999842545672
1.8853000000001208,49.99999842545672
1.8854000000001208,49.99999842545672
1.8855000000001207,49.99999842545672
1.885600000000121,49.99999842545672
1.885700000000121,49.99999842545672
1.885800000000121,49.99999842545672
1.885900000000121,49.99999842545672
1.8860000000001211,49.99999842545672
1.8861000000001211,49.99999842545672
1.8862000000001211,49.99999842545672
1.8863000000001213,49.99999842545672
1.8864000000001213,49.99999842545672
1.8865000000001213,49.99999842545672
1.8866000000001215,49.99999842545672
1.8867000000001215,49.99999842545672
1.8868000000001215,49.99999842545672
1.8869000000001217,49.99999842545672
1.8870000000001217,49.99999842545672
1.8871000000001217,49.99999842545672
1.8872000000001217,49.99999842545672
1.8873000000001219,49.99999842545672
1.8874000000001219,49.99999842545672
1.8875000000001219,49.99999842545672
1.887600000000122,49.99999842545672
1.887700000000122,49.99999842545672
1.887800000000122,49.99999842545672
1.8879000000001223,49.99999842545672
1.8880000000001222,49.99999842545672
1.8881000000001222,49.99999842545672
1.8882000000001222,49.99999842545672
1.8883000000001224,49.99999842545672
1.8884000000001224,49.99999842545672
1.8885000000001224,49.99999842545672
1.8886000000001226,49.99999842545672
1.8887000000001226,49.99999842545672
1.8888000000001226,49.99999842545672
1.8889000000001228,49.99999842545672
1.8890000000001228,49.99999842545672
1.8891000000001228,49.99999842545672
1.889200000000123,49.99999842545672
1.889300000000123,49.99999842545672
1.889400000000123,49.99999842545672
1.889500000000123,49.99999842545672
1.8896000000001232,49.99999842545672
1.8897000000001232,49.99999842545672
1.8898000000001232,49.99999842545672
1.8899000000001234,49.99999842545672
1.8900000000001234,49.99999842545672
1.8901000000001233,49.99999842545672
1.8902000000001236,49.99999842545672
1.8903000000001235,49.99999842545672
1.8904000000001235,49.99999842545672
1.8905000000001235,49.99999842545672
1.8906000000001237,49.99999842545672
1.8907000000001237,49.99999842545672
1.8908000000001237,49.99999842545672
1.890900000000124,49.99999842545672
1.891000000000124,49.99999842545672
1.891100000000124,49.99999842545672
1.8912000000001241,49.99999842545672
1.891300000000124,49.99999842545672
1.891400000000124,49.99999842545672
1.8915000000001243,49.99999842545672
1.8916000000001243,49.99999842545672
1.8917000000001243,49.99999842545672
1.8918000000001243,49.99999842545672
1.8919000000001245,49.99999842545672
1.8920000000001245,49.99999842545672
1.8921000000001245,49.99999842545672
1.8922000000001247,49.99999842545672
1.8923000000001247,49.99999842545672
1.8924000000001246,49.99999842545672
1.8925000000001249,49.99999842545672
1.8926000000001248,49.99999842545672
1.8927000000001248,49.99999842545672
1.892800000000125,49.99999842545672
1.892900000000125,49.99999842545672
1.893000000000125,49.99999842545672
1.893100000000125,49.99999842545672
1.8932000000001252,49.99999842545672
1.8933000000001252,49.99999842545672
1.8934000000001252,49.99999842545672
1.8935000000001254,49.99999842545672
1.8936000000001254,49.99999842545672
1.8937000000001254,49.99999842545672
1.8938000000001256,49.99999842545672
1.8939000000001256,49.99999842545672
1.8940000000001256,49.99999842545672
1.8941000000001256,49.99999842545672
1.8942000000001258,49.99999842545672
1.8943000000001258,49.99999842545672
1.8944000000001258,49.99999842545672
1.894500000000126,49.99999842545672
1.894600000000126,49.99999842545672
1.894700000000126,49.99999842545672
1.8948000000001262,49.99999842545672
1.8949000000001262,49.99999842545672
1.8950000000001261,49.99999842545672
1.8951000000001264,49.99999842545672
1.8952000000001263,49.99999842545672
1.8953000000001263,49.99999842545672
1.8954000000001263,49.99999842545672
1.8955000000001265,49.99999842545672
1.8956000000001265,49.99999842545672
1.8957000000001265,49.99999842545672
1.8958000000001267,49.99999842545672
1.8959000000001267,49.99999842545672
1.8960000000001267,49.99999842545672
1.896100000000127,49.99999842545672
1.896200000000127,49.99999842545672
1.8963000000001269,49.99999842545672
1.8964000000001269,49.99999842545672
1.896500000000127,49.99999842545672
1.896600000000127,49.99999842545672
1.896700000000127,49.99999842545672
1.8968000000001273,49.99999842545672
1.8969000000001273,49.99999842545672
1.8970000000001273,49.99999842545672
1.8971000000001275,49.99999842545672
1.8972000000001275,49.99999842545672
1.8973000000001274,49.99999842545672
1.8974000000001277,49.99999842545672
1.8975000000001276,49.99999842545672
1.8976000000001276,49.99999842545672
1.8977000000001276,49.99999842545672
1.8978000000001278,49.99999842545672
1.8979000000001278,49.99999842545672
1.8980000000001278,49.99999842545672
1.898100000000128,49.99999842545672
1.898200000000128,49.99999842545672
1.898300000000128,49.99999842545672
1.8984000000001282,49.99999842545672
1.8985000000001282,49.99999842545672
1.8986000000001282,49.99999842545672
1.8987000000001282,49.99999842545672
1.8988000000001284,49.99999842545672
1.8989000000001284,49.99999842545672
1.8990000000001284,49.99999842545672
1.8991000000001286,49.99999842545672
1.8992000000001286,49.99999842545672
1.8993000000001286,49.99999842545672
1.8994000000001288,49.99999842545672
1.8995000000001288,49.99999842545672
1.8996000000001287,49.99999842545672
1.899700000000129,49.99999842545672
1.899800000000129,49.99999842545672
1.899900000000129,49.99999842545672
1.900000000000129,49.99999842545672
1.9001000000001291,49.99999842545672
1.9002000000001291,49.99999842545672
1.900300000000129,49.99999842545672
1.9004000000001293,49.99999842545672
1.9005000000001293,49.99999842545672
1.9006000000001293,49.99999842545672
1.9007000000001295,49.99999842545672
1.9008000000001295,49.99999842545672
1.9009000000001295,49.99999842545672
1.9010000000001295,49.99999842545672
1.9011000000001297,49.99999842545672
1.9012000000001297,49.99999842545672
1.9013000000001297,49.99999842545672
1.9014000000001299,49.99999842545672
1.9015000000001299,49.99999842545672
1.9016000000001299,49.99999842545672
1.90170000000013,49.99999842545672
1.90180000000013,49.99999842545672
1.90190000000013,49.99999842545672
1.9020000000001303,49.99999842545672
1.9021000000001302,49.99999842545672
1.9022000000001302,49.99999842545672
1.9023000000001302,49.99999842545672
1.9024000000001304,49.99999842545672
1.9025000000001304,49.99999842545672
1.9026000000001304,49.99999842545672
1.9027000000001306,49.99999842545672
1.9028000000001306,49.99999842545672
1.9029000000001306,49.99999842545672
1.9030000000001308,49.99999842545672
1.9031000000001308,49.99999842545672
1.9032000000001308,49.99999842545672
1.9033000000001308,49.99999842545672
1.903400000000131,49.99999842545672
1.903500000000131,49.99999842545672
1.903600000000131,49.99999842545672
1.9037000000001312,49.99999842545672
1.9038000000001312,49.99999842545672
1.9039000000001312,49.99999842545672
1.9040000000001314,49.99999842545672
1.9041000000001314,49.99999842545672
1.9042000000001313,49.99999842545672
1.9043000000001316,49.99999842545672
1.9044000000001315,49.99999842545672
1.9045000000001315,49.99999842545672
1.9046000000001315,49.99999842545672
1.9047000000001317,49.99999842545672
1.9048000000001317,49.99999842545672
1.9049000000001317,49.99999842545672
1.905000000000132,49.99999842545672
1.905100000000132,49.99999842545672
1.905200000000132,49.99999842545672
1.905300000000132,49.99999842545672
1.905400000000132,49.99999842545672
1.905500000000132,49.99999842545672
1.905600000000132,49.99999842545672
1.9057000000001323,49.99999842545672
1.9058000000001323,49.99999842545672
1.9059000000001323,49.99999842545672
1.9060000000001325,49.99999842545672
1.9061000000001325,49.99999842545672
1.9062000000001325,49.99999842545672
1.9063000000001327,49.99999842545672
1.9064000000001327,49.99999842545672
1.9065000000001326,49.99999842545672
1.9066000000001329,49.99999842545672
1.9067000000001328,49.99999842545672
1.9068000000001328,49.99999842545672
1.9069000000001328,49.99999842545672
1.907000000000133,49.99999842545672
1.907100000000133,49.99999842545672
1.907200000000133,49.99999842545672
1.9073000000001332,49.99999842545672
1.9074000000001332,49.99999842545672
1.9075000000001332,49.99999842545672
1.9076000000001334,49.99999842545672
1.9077000000001334,49.99999842545672
1.9078000000001334,49.99999842545672
1.9079000000001336,49.99999842545672
1.9080000000001336,49.99999842545672
1.9081000000001336,49.99999842545672
1.9082000000001336,49.99999842545672
1.9083000000001338,49.99999842545672
1.9084000000001338,49.99999842545672
1.9085000000001338,49.99999842545672
1.908600000000134,49.99999842545672
1.908700000000134,49.99999842545672
1.908800000000134,49.99999842545672
1.9089000000001342,49.99999842545672
1.9090000000001341,49.99999842545672
1.9091000000001341,49.99999842545672
1.9092000000001341,49.99999842545672
1.9093000000001343,49.99999842545672
1.9094000000001343,49.99999842545672
1.9095000000001343,49.99999842545672
1.9096000000001345,49.99999842545672
1.9097000000001345,49.99999842545672
1.9098000000001345,49.99999842545672
1.9099000000001347,49.99999842545672
1.9100000000001347,49.99999842545672
1.9101000000001347,49.99999842545672
1.910200000000135,49.99999842545672
1.910300000000135,49.99999842545672
1.9104000000001349,49.99999842545672
1.9105000000001349,49.99999842545672
1.910600000000135,49.99999842545672
1.910700000000135,49.99999842545672
1.910800000000135,49.99999842545672
1.9109000000001353,49.99999842545672
1.9110000000001353,49.99999842545672
1.9111000000001352,49.99999842545672
1.9112000000001355,49.99999842545672
1.9113000000001354,49.99999842545672
1.9114000000001354,49.99999842545672
1.9115000000001354,49.99999842545672
1.9116000000001356,49.99999842545672
1.9117000000001356,49.99999842545672
1.9118000000001356,49.99999842545672
1.9119000000001358,49.99999842545672
1.9120000000001358,49.99999842545672
1.9121000000001358,49.99999842545672
1.912200000000136,49.99999842545672
1.912300000000136,49.99999842545672
1.912400000000136,49.99999842545672
1.9125000000001362,49.99999842545672
1.9126000000001362,49.99999842545672
1.9127000000001362,49.99999842545672
1.9128000000001362,49.99999842545672
1.9129000000001364,49.99999842545672
1.9130000000001364,49.99999842545672
1.9131000000001364,49.99999842545672
1.9132000000001366,49.99999842545672
1.9133000000001366,49.99999842545672
1.9134000000001365,49.99999842545672
1.9135000000001368,49.99999842545672
1.9136000000001367,49.99999842545672
1.9137000000001367,49.99999842545672
1.9138000000001367,49.99999842545672
1.913900000000137,49.99999842545672
1.914000000000137,49.99999842545672
1.914100000000137,49.99999842545672
1.9142000000001371,49.99999842545672
1.9143000000001371,49.99999842545672
1.914400000000137,49.99999842545672
1.9145000000001373,49.99999842545672
1.9146000000001373,49.99999842545672
1.9147000000001373,49.99999842545672
1.9148000000001375,49.99999842545672
1.9149000000001375,49.99999842545672
1.9150000000001375,49.99999842545672
1.9151000000001375,49.99999842545672
1.9152000000001377,49.99999842545672
1.9153000000001377,49.99999842545672
1.9154000000001377,49.99999842545672
1.9155000000001379,49.99999842545672
1.9156000000001379,49.99999842545672
1.9157000000001378,49.99999842545672
1.915800000000138,49.99999842545672
1.915900000000138,49.99999842545672
1.916000000000138,49.99999842545672
1.916100000000138,49.99999842545672
1.9162000000001382,49.99999842545672
1.9163000000001382,49.99999842545672
1.9164000000001382,49.99999842545672
1.9165000000001384,49.99999842545672
1.9166000000001384,49.99999842545672
1.9167000000001384,49.99999842545672
1.9168000000001386,49.99999842545672
1.9169000000001386,49.99999842545672
1.9170000000001386,49.99999842545672
1.9171000000001388,49.99999842545672
1.9172000000001388,49.99999842545672
1.9173000000001388,49.99999842545672
1.9174000000001388,49.99999842545672
1.917500000000139,49.99999842545672
1.917600000000139,49.99999842545672
1.917700000000139,49.99999842545672
1.9178000000001392,49.99999842545672
1.9179000000001392,49.99999842545672
1.9180000000001391,49.99999842545672
1.9181000000001394,49.99999842545672
1.9182000000001393,49.99999842545672
1.9183000000001393,49.99999842545672
1.9184000000001395,49.99999842545672
1.9185000000001395,49.99999842545672
1.9186000000001395,49.99999842545672
1.9187000000001395,49.99999842545672
1.9188000000001397,49.99999842545672
1.9189000000001397,49.99999842545672
1.9190000000001397,49.99999842545672
1.91910000000014,49.99999842545672
1.91920000000014,49.99999842545672
1.91930000000014,49.99999842545672
1.91940000000014,49.99999842545672
1.91950000000014,49.99999842545672
1.91960000000014,49.99999842545672
1.91970000000014,49.99999842545672
1.9198000000001403,49.99999842545672
1.9199000000001403,49.99999842545672
1.9200000000001403,49.99999842545672
1.9201000000001405,49.99999842545672
1.9202000000001405,49.99999842545672
1.9203000000001405,49.99999842545672
1.9204000000001407,49.99999842545672
1.9205000000001407,49.99999842545672
1.9206000000001406,49.99999842545672
1.9207000000001409,49.99999842545672
1.9208000000001408,49.99999842545672
1.9209000000001408,49.99999842545672
1.9210000000001408,49.99999842545672
1.921100000000141,49.99999842545672
1.921200000000141,49.99999842545672
1.921300000000141,49.99999842545672
1.9214000000001412,49.99999842545672
1.9215000000001412,49.99999842545672
1.9216000000001412,49.99999842545672
1.9217000000001414,49.99999842545672
1.9218000000001414,49.99999842545672
1.9219000000001414,49.99999842545672
1.9220000000001414,49.99999842545672
1.9221000000001416,49.99999842545672
1.9222000000001416,49.99999842545672
1.9223000000001416,49.99999842545672
1.9224000000001418,49.99999842545672
1.9225000000001418,49.99999842545672
1.9226000000001418,49.99999842545672
1.922700000000142,49.99999842545672
1.922800000000142,49.99999842545672
1.922900000000142,49.99999842545672
1.9230000000001422,49.99999842545672
1.9231000000001421,49.99999842545672
1.9232000000001421,49.99999842545672
1.9233000000001421,49.99999842545672
1.9234000000001423,49.99999842545672
1.9235000000001423,49.99999842545672
1.9236000000001423,49.99999842545672
1.9237000000001425,49.99999842545672
1.9238000000001425,49.99999842545672
1.9239000000001425,49.99999842545672
1.9240000000001427,49.99999842545672
1.9241000000001427,49.99999842545672
1.9242000000001427,49.99999842545672
1.9243000000001427,49.99999842545672
1.9244000000001429,49.99999842545672
1.9245000000001429,49.99999842545672
1.9246000000001429,49.99999842545672
1.924700000000143,49.99999842545672
1.924800000000143,49.99999842545672
1.924900000000143,49.99999842545672
1.9250000000001433,49.99999842545672
1.9251000000001433,49.99999842545672
1.9252000000001432,49.99999842545672
1.9253000000001435,49.99999842545672
1.9254000000001434,49.99999842545672
1.9255000000001434,49.99999842545672
1.9256000000001434,49.99999842545672
1.9257000000001436,49.99999842545672
1.9258000000001436,49.99999842545672
1.9259000000001436,49.99999842545672
1.9260000000001438,49.99999842545672
1.9261000000001438,49.99999842545672
1.9262000000001438,49.99999842545672
1.926300000000144,49.99999842545672
1.926400000000144,49.99999842545672
1.926500000000144,49.99999842545672
1.926600000000144,49.99999842545672
1.9267000000001442,49.99999842545672
1.9268000000001442,49.99999842545672
1.9269000000001442,49.99999842545672
1.9270000000001444,49.99999842545672
1.9271000000001444,49.99999842545672
1.9272000000001444,49.99999842545672
1.9273000000001446,49.99999842545672
1.9274000000001446,49.99999842545672
1.9275000000001445,49.99999842545672
1.9276000000001448,49.99999842545672
1.9277000000001447,49.99999842545672
1.9278000000001447,49.99999842545672
1.9279000000001447,49.99999842545672
1.928000000000145,49.99999842545672
1.928100000000145,49.99999842545672
1.928200000000145,49.99999842545672
1.9283000000001451,49.99999842545672
1.928400000000145,49.99999842545672
1.928500000000145,49.99999842545672
1.9286000000001453,49.99999842545672
1.9287000000001453,49.99999842545672
1.9288000000001453,49.99999842545672
1.9289000000001453,49.99999842545672
1.9290000000001455,49.99999842545672
1.9291000000001455,49.99999842545672
1.9292000000001455,49.99999842545672
1.9293000000001457,49.99999842545672
1.9294000000001457,49.99999842545672
1.9295000000001457,49.99999842545672
1.9296000000001459,49.99999842545672
1.9297000000001459,49.99999842545672
1.9298000000001458,49.99999842545672
1.929900000000146,49.99999842545672
1.930000000000146,49.99999842545672
1.930100000000146,49.99999842545672
1.930200000000146,49.99999842545672
1.9303000000001462,49.99999842545672
1.9304000000001462,49.99999842545672
1.9305000000001462,49.99999842545672
1.9306000000001464,49.99999842545672
1.9307000000001464,49.99999842545672
1.9308000000001464,49.99999842545672
1.9309000000001466,49.99999842545672
1.9310000000001466,49.99999842545672
1.9311000000001466,49.99999842545672
1.9312000000001466,49.99999842545672
1.9313000000001468,49.99999842545672
1.9314000000001468,49.99999842545672
1.9315000000001468,49.99999842545672
1.931600000000147,49.99999842545672
1.931700000000147,49.99999842545672
1.931800000000147,49.99999842545672
1.9319000000001472,49.99999842545672
1.9320000000001472,49.99999842545672
1.9321000000001471,49.99999842545672
1.9322000000001474,49.99999842545672
1.9323000000001473,49.99999842545672
1.9324000000001473,49.99999842545672
1.9325000000001473,49.99999842545672
1.9326000000001475,49.99999842545672
1.9327000000001475,49.99999842545672
1.9328000000001475,49.99999842545672
1.9329000000001477,49.99999842545672
1.9330000000001477,49.99999842545672
1.9331000000001477,49.99999842545672
1.933200000000148,49.99999842545672
1.933300000000148,49.99999842545672
1.933400000000148,49.99999842545672
1.933500000000148,49.99999842545672
1.933600000000148,49.99999842545672
1.933700000000148,49.99999842545672
1.933800000000148,49.99999842545672
1.9339000000001483,49.99999842545672
1.9340000000001483,49.99999842545672
1.9341000000001483,49.99999842545672
1.9342000000001485,49.99999842545672
1.9343000000001485,49.99999842545672
1.9344000000001484,49.99999842545672
1.9345000000001487,49.99999842545672
1.9346000000001486,49.99999842545672
1.9347000000001486,49.99999842545672
1.9348000000001486,49.99999842545672
1.9349000000001488,49.99999842545672
1.9350000000001488,49.99999842545672
1.9351000000001488,49.99999842545672
1.935200000000149,49.99999842545672
1.935300000000149,49.99999842545672
1.935400000000149,49.99999842545672
1.9355000000001492,49.99999842545672
1.9356000000001492,49.99999842545672
1.9357000000001492,49.99999842545672
1.9358000000001494,49.99999842545672
1.9359000000001494,49.99999842545672
1.9360000000001494,49.99999842545672
1.9361000000001494,49.99999842545672
1.9362000000001496,49.99999842545672
1.9363000000001496,49.99999842545672
1.9364000000001496,49.99999842545672
1.9365000000001498,49.99999842545672
1.9366000000001498,49.99999842545672
1.9367000000001497,49.99999842545672
1.93680000000015,49.99999842545672
1.93690000000015,49.99999842545672
1.93700000000015,49.99999842545672
1.93710000000015,49.99999842545672
1.9372000000001501,49.99999842545672
1.9373000000001501,49.99999842545672
1.9374000000001501,49.99999842545672
1.9375000000001503,49.99999842545672
1.9376000000001503,49.99999842545672
1.9377000000001503,49.99999842545672
1.9378000000001505,49.99999842545672
1.9379000000001505,49.99999842545672
1.9380000000001505,49.99999842545672
1.9381000000001507,49.99999842545672
1.9382000000001507,49.99999842545672
1.9383000000001507,49.99999842545672
1.9384000000001507,49.99999842545672
1.9385000000001509,49.99999842545672
1.9386000000001509,49.99999842545672
1.9387000000001509,49.99999842545672
1.938800000000151,49.99999842545672
1.938900000000151,49.99999842545672
1.939000000000151,49.99999842545672
1.9391000000001513,49.99999842545672
1.9392000000001512,49.99999842545672
1.9393000000001512,49.99999842545672
1.9394000000001512,49.99999842545672
1.9395000000001514,49.99999842545672
1.9396000000001514,49.99999842545672
1.9397000000001514,49.99999842545672
1.9398000000001516,49.99999842545672
1.9399000000001516,49.99999842545672
1.9400000000001516,49.99999842545672
1.9401000000001518,49.99999842545672
1.9402000000001518,49.99999842545672
1.9403000000001518,49.99999842545672
1.940400000000152,49.99999842545672
1.940500000000152,49.99999842545672
1.940600000000152,49.99999842545672
1.940700000000152,49.99999842545672
1.9408000000001522,49.99999842545672
1.9409000000001522,49.99999842545672
1.9410000000001522,49.99999842545672
1.9411000000001524,49.99999842545672
1.9412000000001524,49.99999842545672
1.9413000000001523,49.99999842545672
1.9414000000001526,49.99999842545672
1.9415000000001525,49.99999842545672
1.9416000000001525,49.99999842545672
1.9417000000001525,49.99999842545672
1.9418000000001527,49.99999842545672
1.9419000000001527,49.99999842545672
1.9420000000001527,49.99999842545672
1.942100000000153,49.99999842545672
1.942200000000153,49.99999842545672
1.942300000000153,49.99999842545672
1.9424000000001531,49.99999842545672
1.942500000000153,49.99999842545672
1.942600000000153,49.99999842545672
1.9427000000001533,49.99999842545672
1.9428000000001533,49.99999842545672
1.9429000000001533,49.99999842545672
1.9430000000001533,49.99999842545672
1.9431000000001535,49.99999842545672
1.9432000000001535,49.99999842545672
1.9433000000001535,49.99999842545672
1.9434000000001537,49.99999842545672
1.9435000000001537,49.99999842545672
1.9436000000001536,49.99999842545672
1.9437000000001539,49.99999842545672
1.9438000000001538,49.99999842545672
1.9439000000001538,49.99999842545672
1.944000000000154,49.99999842545672
1.944100000000154,49.99999842545672
1.944200000000154,49.99999842545672
1.944300000000154,49.99999842545672
1.9444000000001542,49.99999842545672
1.9445000000001542,49.99999842545672
1.9446000000001542,49.99999842545672
1.9447000000001544,49.99999842545672
1.9448000000001544,49.99999842545672
1.9449000000001544,49.99999842545672
1.9450000000001546,49.99999842545672
1.9451000000001546,49.99999842545672
1.9452000000001546,49.99999842545672
1.9453000000001546,49.99999842545672
1.9454000000001548,49.99999842545672
1.9455000000001548,49.99999842545672
1.9456000000001548,49.99999842545672
1.945700000000155,49.99999842545672
1.945800000000155,49.99999842545672
1.945900000000155,49.99999842545672
1.9460000000001552,49.99999842545672
1.9461000000001552,49.99999842545672
1.9462000000001551,49.99999842545672
1.9463000000001554,49.99999842545672
1.9464000000001553,49.99999842545672
1.9465000000001553,49.99999842545672
1.9466000000001553,49.99999842545672
1.9467000000001555,49.99999842545672
1.9468000000001555,49.99999842545672
1.9469000000001555,49.99999842545672
1.9470000000001557,49.99999842545672
1.9471000000001557,49.99999842545672
1.9472000000001557,49.99999842545672
1.947300000000156,49.99999842545672
1.947400000000156,49.99999842545672
1.9475000000001559,49.99999842545672
1.9476000000001559,49.99999842545672
1.947700000000156,49.99999842545672
1.947800000000156,49.99999842545672
1.947900000000156,49.99999842545672
1.9480000000001563,49.99999842545672
1.9481000000001563,49.99999842545672
1.9482000000001563,49.99999842545672
1.9483000000001565,49.99999842545672
1.9484000000001565,49.99999842545672
1.9485000000001564,49.99999842545672
1.9486000000001567,49.99999842545672
1.9487000000001566,49.99999842545672
1.9488000000001566,49.99999842545672
1.9489000000001566,49.99999842545672
1.9490000000001568,49.99999842545672
1.9491000000001568,49.99999842545672
1.9492000000001568,49.99999842545672
1.949300000000157,49.99999842545672
1.949400000000157,49.99999842545672
1.949500000000157,49.99999842545672
1.9496000000001572,49.99999842545672
1.9497000000001572,49.99999842545672
1.9498000000001572,49.99999842545672
1.9499000000001572,49.99999842545672
1.9500000000001574,49.99999842545672
1.9501000000001574,49.99999842545672
1.9502000000001574,49.99999842545672
1.9503000000001576,49.99999842545672
1.9504000000001576,49.99999842545672
1.9505000000001576,49.99999842545672
1.9506000000001578,49.99999842545672
1.9507000000001578,49.99999842545672
1.9508000000001577,49.99999842545672
1.950900000000158,49.99999842545672
1.951000000000158,49.99999842545672
1.951100000000158,49.99999842545672
1.951200000000158,49.99999842545672
1.9513000000001581,49.99999842545672
1.9514000000001581,49.99999842545672
1.951500000000158,49.99999842545672
1.9516000000001583,49.99999842545672
1.9517000000001583,49.99999842545672
1.9518000000001583,49.99999842545672
1.9519000000001585,49.99999842545672
1.9520000000001585,49.99999842545672
1.9521000000001585,49.99999842545672
1.9522000000001585,49.99999842545672
1.9523000000001587,49.99999842545672
1.9524000000001587,49.99999842545672
1.9525000000001587,49.99999842545672
1.9526000000001589,49.99999842545672
1.9527000000001589,49.99999842545672
1.9528000000001589,49.99999842545672
1.952900000000159,49.99999842545672
1.953000000000159,49.99999842545672
1.953100000000159,49.99999842545672
1.9532000000001593,49.99999842545672
1.9533000000001595,49.99999842545672
1.9534000000001592,49.99999842545672
1.953500000000159,49.99999842545672
1.9536000000001594,49.99999842545672
1.9537000000001596,49.99999842545672
1.9538000000001594,49.99999842545672
1.9539000000001594,49.99999842545672
1.9540000000001596,49.99999842545672
1.9541000000001598,49.99999842545672
1.9542000000001598,49.99999842545672
1.9543000000001596,49.99999842545672
1.9544000000001598,49.99999842545672
1.95450000000016,49.99999842545672
1.95460000000016,49.99999842545672
1.9547000000001598,49.99999842545672
1.95480000000016,49.99999842545672
1.9549000000001604,49.99999842545672
1.9550000000001602,49.99999842545672
1.95510000000016,49.99999842545672
1.9552000000001604,49.99999842545672
1.9553000000001606,49.99999842545672
1.9554000000001603,49.99999842545672
1.9555000000001603,49.99999842545672
1.9556000000001605,49.99999842545672
1.9557000000001608,49.99999842545672
1.9558000000001605,49.99999842545672
1.9559000000001605,49.99999842545672
1.9560000000001607,49.99999842545672
1.956100000000161,49.99999842545672
1.956200000000161,49.99999842545672
1.9563000000001607,49.99999842545672
1.956400000000161,49.99999842545672
1.9565000000001613,49.99999842545672
1.956600000000161,49.99999842545672
1.9567000000001609,49.99999842545672
1.956800000000161,49.99999842545672
1.9569000000001615,49.99999842545672
1.9570000000001613,49.99999842545672
1.957100000000161,49.99999842545672
1.9572000000001615,49.99999842545672
1.9573000000001617,49.99999842545672
1.9574000000001615,49.99999842545672
1.9575000000001614,49.99999842545672
1.9576000000001617,49.99999842545672
1.9577000000001619,49.99999842545672
1.9578000000001619,49.99999842545672
1.9579000000001616,49.99999842545672
1.9580000000001618,49.99999842545672
1.958100000000162,49.99999842545672
1.958200000000162,49.99999842545672
1.9583000000001618,49.99999842545672
1.958400000000162,49.99999842545672
1.9585000000001624,49.99999842545672
1.9586000000001622,49.99999842545672
1.958700000000162,49.99999842545672
1.9588000000001624,49.99999842545672
1.9589000000001626,49.99999842545672
1.9590000000001624,49.99999842545672
1.9591000000001624,49.99999842545672
1.9592000000001626,49.99999842545672
1.9593000000001628,49.99999842545672
1.9594000000001626,49.99999842545672
1.9595000000001626,49.99999842545672
1.9596000000001628,49.99999842545672
1.959700000000163,49.99999842545672
1.959800000000163,49.99999842545672
1.9599000000001627,49.99999842545672
1.960000000000163,49.99999842545672
1.9601000000001634,49.99999842545672
1.9602000000001631,49.99999842545672
1.960300000000163,49.99999842545672
1.9604000000001631,49.99999842545672
1.9605000000001636,49.99999842545672
1.9606000000001633,49.99999842545672
1.960700000000163,49.99999842545672
1.9608000000001635,49.99999842545672
1.9609000000001637,49.99999842545672
1.9610000000001635,49.99999842545672
1.9611000000001635,49.99999842545672
1.9612000000001637,49.99999842545672
1.961300000000164,49.99999842545672
1.961400000000164,49.99999842545672
1.9615000000001637,49.99999842545672
1.9616000000001639,49.99999842545672
1.961700000000164,49.99999842545672
1.961800000000164,49.99999842545672
1.9619000000001638,49.99999842545672
1.962000000000164,49.99999842545672
1.9621000000001645,49.99999842545672
1.9622000000001643,49.99999842545672
1.962300000000164,49.99999842545672
1.9624000000001645,49.99999842545672
1.9625000000001647,49.99999842545672
1.9626000000001644,49.99999842545672
1.9627000000001642,49.99999842545672
1.9628000000001646,49.99999842545672
1.9629000000001648,49.99999842545672
1.9630000000001646,49.99999842545672
1.9631000000001646,49.99999842545672
1.9632000000001648,49.99999842545672
1.963300000000165,49.99999842545672
1.963400000000165,49.99999842545672
1.9635000000001648,49.99999842545672
1.963600000000165,49.99999842545672
1.9637000000001654,49.99999842545672
1.9638000000001652,49.99999842545672
1.963900000000165,49.99999842545672
1.9640000000001652,49.99999842545672
1.9641000000001656,49.99999842545672
1.9642000000001654,49.99999842545672
1.9643000000001651,49.99999842545672
1.9644000000001656,49.99999842545672
1.9645000000001658,49.99999842545672
1.9646000000001655,49.99999842545672
1.9647000000001655,49.99999842545672
1.9648000000001657,49.99999842545672
1.964900000000166,49.99999842545672
1.9650000000001657,49.99999842545672
1.9651000000001657,49.99999842545672
1.965200000000166,49.99999842545672
1.9653000000001661,49.99999842545672
1.9654000000001661,49.99999842545672
1.965500000000166,49.99999842545672
1.965600000000166,49.99999842545672
1.9657000000001665,49.99999842545672
1.9658000000001663,49.99999842545672
1.965900000000166,49.99999842545672
1.9660000000001665,49.99999842545672
1.9661000000001667,49.99999842545672
1.9662000000001665,49.99999842545672
1.9663000000001662,49.99999842545672
1.9664000000001667,49.99999842545672
1.966500000000167,49.99999842545672
1.9666000000001667,49.99999842545672
1.9667000000001666,49.99999842545672
1.9668000000001669,49.99999842545672
1.966900000000167,49.99999842545672
1.967000000000167,49.99999842545672
1.9671000000001668,49.99999842545672
1.967200000000167,49.99999842545672
1.9673000000001672,49.99999842545672
1.9674000000001672,49.99999842545672
1.967500000000167,49.99999842545672
1.9676000000001672,49.99999842545672
1.9677000000001676,49.99999842545672
1.9678000000001674,49.99999842545672
1.9679000000001672,49.99999842545672
1.9680000000001676,49.99999842545672
1.9681000000001678,49.99999842545672
1.9682000000001676,49.99999842545672
1.9683000000001676,49.99999842545672
1.9684000000001678,49.99999842545672
1.968500000000168,49.99999842545672
1.9686000000001678,49.99999842545672
1.9687000000001678,49.99999842545672
1.968800000000168,49.99999842545672
1.9689000000001682,49.99999842545672
1.9690000000001682,49.99999842545672
1.969100000000168,49.99999842545672
1.9692000000001681,49.99999842545672
1.9693000000001686,49.99999842545672
1.9694000000001683,49.99999842545672
1.9695000000001681,49.99999842545672
1.9696000000001685,49.99999842545672
1.9697000000001688,49.99999842545672
1.9698000000001685,49.99999842545672
1.9699000000001683,49.99999842545672
1.9700000000001687,49.99999842545672
1.970100000000169,49.99999842545672
1.9702000000001687,49.99999842545672
1.9703000000001687,49.99999842545672
1.970400000000169,49.99999842545672
1.9705000000001691,49.99999842545672
1.970600000000169,49.99999842545672
1.9707000000001689,49.99999842545672
1.970800000000169,49.99999842545672
1.9709000000001693,49.99999842545672
1.9710000000001693,49.99999842545672
1.971100000000169,49.99999842545672
1.9712000000001693,49.99999842545672
1.9713000000001697,49.99999842545672
1.9714000000001695,49.99999842545672
1.9715000000001692,49.99999842545672
1.9716000000001697,49.99999842545672
1.9717000000001699,49.99999842545672
1.9718000000001696,49.99999842545672
1.9719000000001696,49.99999842545672
1.9720000000001698,49.99999842545672
1.97210000000017,49.99999842545672
1.9722000000001698,49.99999842545672
1.9723000000001698,49.99999842545672
1.97240000000017,49.99999842545672
1.9725000000001702,49.99999842545672
1.9726000000001702,49.99999842545672
1.97270000000017,49.99999842545672
1.9728000000001702,49.99999842545672
1.9729000000001706,49.99999842545672
1.9730000000001704,49.99999842545672
1.9731000000001702,49.99999842545672
1.9732000000001704,49.99999842545672
1.9733000000001708,49.99999842545672
1.9734000000001706,49.99999842545672
1.9735000000001703,49.99999842545672
1.9736000000001708,49.99999842545672
1.973700000000171,49.99999842545672
1.9738000000001708,49.99999842545672
1.9739000000001707,49.99999842545672
1.974000000000171,49.99999842545672
1.9741000000001712,49.99999842545672
1.9742000000001712,49.99999842545672
1.974300000000171,49.99999842545672
1.9744000000001711,49.99999842545672
1.9745000000001713,49.99999842545672
1.9746000000001713,49.99999842545672
1.974700000000171,49.99999842545672
1.9748000000001713,49.99999842545672
1.9749000000001717,49.99999842545672
1.9750000000001715,49.99999842545672
1.9751000000001713,49.99999842545672
1.9752000000001717,49.99999842545672
1.975300000000172,49.99999842545672
1.9754000000001717,49.99999842545672
1.9755000000001717,49.99999842545672
1.9756000000001719,49.99999842545672
1.975700000000172,49.99999842545672
1.9758000000001719,49.99999842545672
1.9759000000001719,49.99999842545672
1.976000000000172,49.99999842545672
1.9761000000001723,49.99999842545672
1.9762000000001723,49.99999842545672
1.976300000000172,49.99999842545672
1.9764000000001722,49.99999842545672
1.9765000000001725,49.99999842545672
1.9766000000001724,49.99999842545672
1.9767000000001722,49.99999842545672
1.9768000000001724,49.99999842545672
1.9769000000001729,49.99999842545672
1.9770000000001726,49.99999842545672
1.9771000000001724,49.99999842545672
1.9772000000001728,49.99999842545672
1.977300000000173,49.99999842545672
1.9774000000001728,49.99999842545672
1.9775000000001728,49.99999842545672
1.977600000000173,49.99999842545672
1.9777000000001732,49.99999842545672
1.977800000000173,49.99999842545672
1.977900000000173,49.99999842545672
1.9780000000001732,49.99999842545672
1.9781000000001734,49.99999842545672
1.9782000000001734,49.99999842545672
1.9783000000001731,49.99999842545672
1.9784000000001734,49.99999842545672
1.9785000000001738,49.99999842545672
1.9786000000001736,49.99999842545672
1.9787000000001733,49.99999842545672
1.9788000000001738,49.99999842545672
1.978900000000174,49.99999842545672
1.9790000000001737,49.99999842545672
1.9791000000001735,49.99999842545672
1.979200000000174,49.99999842545672
1.9793000000001741,49.99999842545672
1.979400000000174,49.99999842545672
1.979500000000174,49.99999842545672
1.979600000000174,49.99999842545672
1.9797000000001743,49.99999842545672
1.9798000000001743,49.99999842545672
1.979900000000174,49.99999842545672
1.9800000000001743,49.99999842545672
1.9801000000001745,49.99999842545672
1.9802000000001745,49.99999842545672
1.9803000000001743,49.99999842545672
1.9804000000001745,49.99999842545672
1.980500000000175,49.99999842545672
1.9806000000001747,49.99999842545672
1.9807000000001744,49.99999842545672
1.9808000000001749,49.99999842545672
1.980900000000175,49.99999842545672
1.9810000000001748,49.99999842545672
1.9811000000001748,49.99999842545672
1.981200000000175,49.99999842545672
1.9813000000001753,49.99999842545672
1.981400000000175,49.99999842545672
1.981500000000175,49.99999842545672
1.9816000000001752,49.99999842545672
1.9817000000001754,49.99999842545672
1.9818000000001754,49.99999842545672
1.9819000000001752,49.99999842545672
1.9820000000001754,49.99999842545672
1.9821000000001758,49.99999842545672
1.9822000000001756,49.99999842545672
1.9823000000001754,49.99999842545672
1.9824000000001756,49.99999842545672
1.982500000000176,49.99999842545672
1.9826000000001758,49.99999842545672
1.9827000000001755,49.99999842545672
1.982800000000176,49.99999842545672
1.9829000000001762,49.99999842545672
1.983000000000176,49.99999842545672
1.983100000000176,49.99999842545672
1.9832000000001762,49.99999842545672
1.9833000000001764,49.99999842545672
1.9834000000001764,49.99999842545672
1.9835000000001761,49.99999842545672
1.9836000000001763,49.99999842545672
1.9837000000001765,49.99999842545672
1.9838000000001765,49.99999842545672
1.9839000000001763,49.99999842545672
1.9840000000001765,49.99999842545672
1.984100000000177,49.99999842545672
1.9842000000001767,49.99999842545672
1.9843000000001765,49.99999842545672
1.984400000000177,49.99999842545672
1.9845000000001771,49.99999842545672
1.984600000000177,49.99999842545672
1.9847000000001769,49.99999842545672
1.984800000000177,49.99999842545672
1.9849000000001773,49.99999842545672
1.985000000000177,49.99999842545672
1.985100000000177,49.99999842545672
1.9852000000001773,49.99999842545672
1.9853000000001775,49.99999842545672
1.9854000000001775,49.99999842545672
1.9855000000001772,49.99999842545672
1.9856000000001774,49.99999842545672
1.9857000000001779,49.99999842545672
1.9858000000001776,49.99999842545672
1.9859000000001774,49.99999842545672
1.9860000000001776,49.99999842545672
1.986100000000178,49.99999842545672
1.9862000000001778,49.99999842545672
1.9863000000001776,49.99999842545672
1.986400000000178,49.99999842545672
1.9865000000001782,49.99999842545672
1.986600000000178,49.99999842545672
1.986700000000178,49.99999842545672
1.9868000000001782,49.99999842545672
1.9869000000001784,49.99999842545672
1.9870000000001784,49.99999842545672
1.9871000000001782,49.99999842545672
1.9872000000001784,49.99999842545672
1.9873000000001786,49.99999842545672
1.9874000000001786,49.99999842545672
1.9875000000001783,49.99999842545672
1.9876000000001786,49.99999842545672
1.987700000000179,49.99999842545672
1.9878000000001788,49.99999842545672
1.9879000000001785,49.99999842545672
1.988000000000179,49.99999842545672
1.9881000000001792,49.99999842545672
1.988200000000179,49.99999842545672
1.9883000000001787,49.99999842545672
1.9884000000001791,49.99999842545672
1.9885000000001793,49.99999842545672
1.9886000000001791,49.99999842545672
1.988700000000179,49.99999842545672
1.9888000000001793,49.99999842545672
1.9889000000001795,49.99999842545672
1.9890000000001795,49.99999842545672
1.9891000000001793,49.99999842545672
1.9892000000001795,49.99999842545672
1.98930000000018,49.99999842545672
1.9894000000001797,49.99999842545672
1.9895000000001795,49.99999842545672
1.9896000000001797,49.99999842545672
1.98970000000018,49.99999842545672
1.9898000000001799,49.99999842545672
1.9899000000001796,49.99999842545672
1.99000000000018,49.99999842545672
1.9901000000001803,49.99999842545672
1.99020000000018,49.99999842545672
1.99030000000018,49.99999842545672
1.9904000000001802,49.99999842545672
1.9905000000001805,49.99999842545672
1.9906000000001802,49.99999842545672
1.9907000000001802,49.99999842545672
1.9908000000001804,49.99999842545672
1.9909000000001806,49.99999842545672
1.9910000000001806,49.99999842545672
1.9911000000001804,49.99999842545672
1.9912000000001806,49.99999842545672
1.991300000000181,49.99999842545672
1.9914000000001808,49.99999842545672
1.9915000000001806,49.99999842545672
1.991600000000181,49.99999842545672
1.9917000000001812,49.99999842545672
1.991800000000181,49.99999842545672
1.9919000000001807,49.99999842545672
1.9920000000001812,49.99999842545672
1.9921000000001814,49.99999842545672
1.9922000000001812,49.99999842545672
1.9923000000001811,49.99999842545672
1.9924000000001814,49.99999842545672
1.9925000000001816,49.99999842545672
1.9926000000001816,49.99999842545672
1.9927000000001813,49.99999842545672
1.9928000000001815,49.99999842545672
1.9929000000001817,49.99999842545672
1.9930000000001817,49.99999842545672
1.9931000000001815,49.99999842545672
1.9932000000001817,49.99999842545672
1.9933000000001821,49.99999842545672
1.993400000000182,49.99999842545672
1.9935000000001817,49.99999842545672
1.9936000000001821,49.99999842545672
1.9937000000001823,49.99999842545672
1.993800000000182,49.99999842545672
1.993900000000182,49.99999842545672
1.9940000000001823,49.99999842545672
1.9941000000001825,49.99999842545672
1.9942000000001823,49.99999842545672
1.9943000000001823,49.99999842545672
1.9944000000001825,49.99999842545672
1.9945000000001827,49.99999842545672
1.9946000000001827,49.99999842545672
1.9947000000001824,49.99999842545672
1.9948000000001826,49.99999842545672
1.994900000000183,49.99999842545672
1.9950000000001828,49.99999842545672
1.9951000000001826,49.99999842545672
1.995200000000183,49.99999842545672
1.9953000000001833,49.99999842545672
1.995400000000183,49.99999842545672
1.9955000000001828,49.99999842545672
1.9956000000001832,49.99999842545672
1.9957000000001834,49.99999842545672
1.9958000000001832,49.99999842545672
1.9959000000001832,49.99999842545672
1.9960000000001834,49.99999842545672
1.9961000000001836,49.99999842545672
1.9962000000001836,49.99999842545672
1.9963000000001834,49.99999842545672
1.9964000000001836,49.99999842545672
1.9965000000001838,49.99999842545672
1.9966000000001838,49.99999842545672
1.9967000000001836,49.99999842545672
1.9968000000001838,49.99999842545672
1.9969000000001842,49.99999842545672
1.997000000000184,49.99999842545672
1.9971000000001837,49.99999842545672
1.9972000000001842,49.99999842545672
1.9973000000001844,49.99999842545672
1.9974000000001841,49.99999842545672
1.9975000000001841,49.99999842545672
1.9976000000001843,49.99999842545672
1.9977000000001846,49.99999842545672
1.9978000000001843,49.99999842545672
1.9979000000001843,49.99999842545672
1.9980000000001845,49.99999842545672
1.9981000000001847,49.99999842545672
1.9982000000001847,49.99999842545672
1.9983000000001845,49.99999842545672
1.9984000000001847,49.99999842545672
1.9985000000001851,49.99999842545672
1.998600000000185,49.99999842545672
1.9987000000001847,49.99999842545672
1.9988000000001849,49.99999842545672
1.9989000000001853,49.99999842545672
1.999000000000185,49.99999842545672
1.9991000000001848,49.99999842545672
1.9992000000001853,49.99999842545672
1.9993000000001855,49.99999842545672
1.9994000000001853,49.99999842545672
1.9995000000001852,49.99999842545672
1.9996000000001855,49.99999842545672
1.9997000000001857,49.99999842545672
1.9998000000001857,49.99999842545672
1.9999000000001854,49.99999842545672
2.0000000000001856,49.99999842545672
2.000100000000186,49.99999842545672
2.0002000000001856,49.99999842545672
2.000300000000186,49.99999842545672
2.000400000000186,49.99999842545672
2.0005000000001862,49.99999842545672
2.000600000000186,49.99999842545672
2.0007000000001858,49.99999842545672
2.000800000000186,49.99999842545672
2.000900000000186,49.99999842545672
2.0010000000001864,49.99999842545672
2.001100000000186,49.99999842545672
2.0012000000001864,49.99999842545672
2.0013000000001866,49.99999842545672
2.0014000000001864,49.99999842545672
2.001500000000186,49.99999842545672
2.0016000000001863,49.99999842545672
2.001700000000187,49.99999842545672
2.0018000000001868,49.99999842545672
2.0019000000001865,49.99999842545672
2.0020000000001867,49.99999842545672
2.002100000000187,49.99999842545672
2.0022000000001867,49.99999842545672
2.002300000000187,49.99999842545672
2.002400000000187,49.99999842545672
2.0025000000001874,49.99999842545672
2.002600000000187,49.99999842545672
2.002700000000187,49.99999842545672
2.002800000000187,49.99999842545672
2.0029000000001873,49.99999842545672
2.0030000000001875,49.99999842545672
2.0031000000001873,49.99999842545672
2.0032000000001875,49.99999842545672
2.0033000000001877,49.99999842545672
2.0034000000001875,49.99999842545672
2.0035000000001872,49.99999842545672
2.003600000000188,49.99999842545672
2.003700000000188,49.99999842545672
2.003800000000188,49.99999842545672
2.0039000000001876,49.99999842545672
2.004000000000188,49.99999842545672
2.004100000000188,49.99999842545672
2.004200000000188,49.99999842545672
2.004300000000188,49.99999842545672
2.0044000000001883,49.99999842545672
2.0045000000001885,49.99999842545672
2.0046000000001882,49.99999842545672
2.004700000000188,49.99999842545672
2.004800000000188,49.99999842545672
2.004900000000189,49.99999842545672
2.0050000000001886,49.99999842545672
2.0051000000001884,49.99999842545672
2.0052000000001886,49.99999842545672
2.005300000000189,49.99999842545672
2.0054000000001886,49.99999842545672
2.0055000000001884,49.99999842545672
2.005600000000189,49.99999842545672
2.005700000000189,49.99999842545672
2.005800000000189,49.99999842545672
2.0059000000001888,49.99999842545672
2.006000000000189,49.99999842545672
2.006100000000189,49.99999842545672
2.0062000000001894,49.99999842545672
2.006300000000189,49.99999842545672
2.0064000000001894,49.99999842545672
2.0065000000001896,49.99999842545672
2.0066000000001893,49.99999842545672
2.006700000000189,49.99999842545672
2.0068000000001893,49.99999842545672
2.00690000000019,49.99999842545672
2.0070000000001897,49.99999842545672
2.0071000000001895,49.99999842545672
2.0072000000001897,49.99999842545672
2.00730000000019,49.99999842545672
2.0074000000001897,49.99999842545672
2.0075000000001895,49.99999842545672
2.00760000000019,49.99999842545672
2.0077000000001903,49.99999842545672
2.00780000000019,49.99999842545672
2.00790000000019,49.99999842545672
2.00800000000019,49.99999842545672
2.0081000000001903,49.99999842545672
2.0082000000001905,49.99999842545672
2.0083000000001903,49.99999842545672
2.0084000000001905,49.99999842545672
2.0085000000001907,49.99999842545672
2.0086000000001905,49.99999842545672
2.0087000000001902,49.99999842545672
2.0088000000001904,49.99999842545672
2.008900000000191,49.99999842545672
2.009000000000191,49.99999842545672
2.0091000000001906,49.99999842545672
2.009200000000191,49.99999842545672
2.009300000000191,49.99999842545672
2.009400000000191,49.99999842545672
2.009500000000191,49.99999842545672
2.0096000000001912,49.99999842545672
2.0097000000001914,49.99999842545672
2.009800000000191,49.99999842545672
2.009900000000191,49.99999842545672
2.010000000000191,49.99999842545672
2.0101000000001914,49.99999842545672
2.0102000000001916,49.99999842545672
2.0103000000001914,49.99999842545672
2.0104000000001916,49.99999842545672
2.010500000000192,49.99999842545672
2.0106000000001916,49.99999842545672
2.0107000000001913,49.99999842545672
2.010800000000192,49.99999842545672
2.010900000000192,49.99999842545672
2.011000000000192,49.99999842545672
2.0111000000001917,49.99999842545672
2.011200000000192,49.99999842545672
2.011300000000192,49.99999842545672
2.011400000000192,49.99999842545672
2.011500000000192,49.99999842545672
2.0116000000001923,49.99999842545672
2.0117000000001926,49.99999842545672
2.0118000000001923,49.99999842545672
2.011900000000192,49.99999842545672
2.0120000000001923,49.99999842545672
2.0121000000001925,49.99999842545672
2.0122000000001927,49.99999842545672
2.0123000000001925,49.99999842545672
2.0124000000001927,49.99999842545672
2.012500000000193,49.99999842545672
2.0126000000001927,49.99999842545672
2.0127000000001924,49.99999842545672
2.012800000000193,49.99999842545672
2.0129000000001933,49.99999842545672
2.013000000000193,49.99999842545672
2.013100000000193,49.99999842545672
2.013200000000193,49.99999842545672
2.0133000000001933,49.99999842545672
2.013400000000193,49.99999842545672
2.0135000000001932,49.99999842545672
2.0136000000001935,49.99999842545672
2.0137000000001937,49.99999842545672
2.0138000000001934,49.99999842545672
2.013900000000193,49.99999842545672
2.0140000000001934,49.99999842545672
2.014100000000194,49.99999842545672
2.014200000000194,49.99999842545672
2.0143000000001936,49.99999842545672
2.014400000000194,49.99999842545672
2.014500000000194,49.99999842545672
2.014600000000194,49.99999842545672
2.0147000000001936,49.99999842545672
2.014800000000194,49.99999842545672
2.0149000000001944,49.99999842545672
2.015000000000194,49.99999842545672
2.015100000000194,49.99999842545672
2.015200000000194,49.99999842545672
2.0153000000001944,49.99999842545672
2.0154000000001946,49.99999842545672
2.0155000000001944,49.99999842545672
2.0156000000001946,49.99999842545672
2.015700000000195,49.99999842545672
2.0158000000001945,49.99999842545672
2.0159000000001943,49.99999842545672
2.0160000000001945,49.99999842545672
2.016100000000195,49.99999842545672
2.016200000000195,49.99999842545672
2.0163000000001947,49.99999842545672
2.016400000000195,49.99999842545672
2.016500000000195,49.99999842545672
2.016600000000195,49.99999842545672
2.016700000000195,49.99999842545672
2.0168000000001953,49.99999842545672
2.0169000000001955,49.99999842545672
2.0170000000001953,49.99999842545672
2.017100000000195,49.99999842545672
2.0172000000001953,49.99999842545672
2.0173000000001955,49.99999842545672
2.0174000000001957,49.99999842545672
2.0175000000001955,49.99999842545672
2.0176000000001957,49.99999842545672
2.017700000000196,49.99999842545672
2.0178000000001957,49.99999842545672
2.0179000000001954,49.99999842545672
2.0180000000001956,49.99999842545672
2.0181000000001963,49.99999842545672
2.018200000000196,49.99999842545672
2.018300000000196,49.99999842545672
2.018400000000196,49.99999842545672
2.0185000000001962,49.99999842545672
2.018600000000196,49.99999842545672
2.0187000000001962,49.99999842545672
2.0188000000001964,49.99999842545672
2.0189000000001966,49.99999842545672
2.0190000000001964,49.99999842545672
2.019100000000196,49.99999842545672
2.0192000000001964,49.99999842545672
2.0193000000001966,49.99999842545672
2.019400000000197,49.99999842545672
2.0195000000001966,49.99999842545672
2.019600000000197,49.99999842545672
2.019700000000197,49.99999842545672
2.0198000000001968,49.99999842545672
2.0199000000001965,49.99999842545672
2.020000000000197,49.99999842545672
2.0201000000001974,49.99999842545672
2.020200000000197,49.99999842545672
2.020300000000197,49.99999842545672
2.020400000000197,49.99999842545672
2.0205000000001974,49.99999842545672
2.020600000000197,49.99999842545672
2.0207000000001973,49.99999842545672
2.0208000000001975,49.99999842545672
2.0209000000001978,49.99999842545672
2.0210000000001975,49.99999842545672
2.0211000000001973,49.99999842545672
2.0212000000001975,49.99999842545672
2.021300000000198,49.99999842545672
2.021400000000198,49.99999842545672
2.0215000000001977,49.99999842545672
2.021600000000198,49.99999842545672
2.021700000000198,49.99999842545672
2.021800000000198,49.99999842545672
2.0219000000001977,49.99999842545672
2.0220000000001983,49.99999842545672
2.0221000000001985,49.99999842545672
2.0222000000001983,49.99999842545672
2.022300000000198,49.99999842545672
2.0224000000001983,49.99999842545672
2.0225000000001985,49.99999842545672
2.0226000000001982,49.99999842545672
2.0227000000001985,49.99999842545672
2.0228000000001987,49.99999842545672
2.022900000000199,49.99999842545672
2.0230000000001986,49.99999842545672
2.0231000000001984,49.99999842545672
2.0232000000001986,49.99999842545672
2.0233000000001993,49.99999842545672
2.023400000000199,49.99999842545672
2.023500000000199,49.99999842545672
2.023600000000199,49.99999842545672
2.0237000000001992,49.99999842545672
2.023800000000199,49.99999842545672
2.0239000000001988,49.99999842545672
2.0240000000001994,49.99999842545672
2.0241000000001996,49.99999842545672
2.0242000000001994,49.99999842545672
2.024300000000199,49.99999842545672
2.0244000000001994,49.99999842545672
2.0245000000001996,49.99999842545672
2.0246000000002,49.99999842545672
2.0247000000001996,49.99999842545672
2.0248000000001998,49.99999842545672
2.0249000000002,49.99999842545672
2.0250000000001998,49.99999842545672
2.0251000000001995,49.99999842545672
2.0252000000001997,49.99999842545672
2.0253000000002004,49.99999842545672
2.0254000000002,49.99999842545672
2.0255000000002,49.99999842545672
2.0256000000002,49.99999842545672
2.0257000000002003,49.99999842545672
2.0258000000002,49.99999842545672
2.0259000000002003,49.99999842545672
2.0260000000002005,49.99999842545672
2.0261000000002007,49.99999842545672
2.0262000000002005,49.99999842545672
2.0263000000002003,49.99999842545672
2.0264000000002005,49.99999842545672
2.0265000000002007,49.99999842545672
2.026600000000201,49.99999842545672
2.0267000000002007,49.99999842545672
2.026800000000201,49.99999842545672
2.026900000000201,49.99999842545672
2.027000000000201,49.99999842545672
2.0271000000002006,49.99999842545672
2.0272000000002013,49.99999842545672
2.0273000000002015,49.99999842545672
2.0274000000002013,49.99999842545672
2.027500000000201,49.99999842545672
2.0276000000002012,49.99999842545672
2.0277000000002015,49.99999842545672
2.027800000000201,49.99999842545672
2.0279000000002014,49.99999842545672
2.0280000000002016,49.99999842545672
2.028100000000202,49.99999842545672
2.0282000000002016,49.99999842545672
2.0283000000002014,49.99999842545672
2.0284000000002016,49.99999842545672
2.028500000000202,49.99999842545672
2.028600000000202,49.99999842545672
2.028700000000202,49.99999842545672
2.028800000000202,49.99999842545672
2.028900000000202,49.99999842545672
2.029000000000202,49.99999842545672
2.0291000000002017,49.99999842545672
2.0292000000002024,49.99999842545672
2.0293000000002026,49.99999842545672
2.0294000000002024,49.99999842545672
2.029500000000202,49.99999842545672
2.0296000000002024,49.99999842545672
2.0297000000002026,49.99999842545672
2.0298000000002023,49.99999842545672
2.0299000000002025,49.99999842545672
2.0300000000002028,49.99999842545672
2.030100000000203,49.99999842545672
2.0302000000002027,49.99999842545672
2.0303000000002025,49.99999842545672
2.0304000000002027,49.99999842545672
2.0305000000002034,49.99999842545672
2.030600000000203,49.99999842545672
2.030700000000203,49.99999842545672
2.030800000000203,49.99999842545672
2.0309000000002033,49.99999842545672
2.031000000000203,49.99999842545672
2.031100000000203,49.99999842545672
2.0312000000002035,49.99999842545672
2.0313000000002037,49.99999842545672
2.0314000000002035,49.99999842545672
2.0315000000002033,49.99999842545672
2.0316000000002035,49.99999842545672
2.0317000000002037,49.99999842545672
2.031800000000204,49.99999842545672
2.0319000000002037,49.99999842545672
2.032000000000204,49.99999842545672
2.032100000000204,49.99999842545672
2.032200000000204,49.99999842545672
2.0323000000002036,49.99999842545672
2.032400000000204,49.99999842545672
2.0325000000002045,49.99999842545672
2.0326000000002042,49.99999842545672
2.032700000000204,49.99999842545672
2.032800000000204,49.99999842545672
2.0329000000002044,49.99999842545672
2.033000000000204,49.99999842545672
2.0331000000002044,49.99999842545672
2.0332000000002046,49.99999842545672
2.033300000000205,49.99999842545672
2.0334000000002046,49.99999842545672
2.0335000000002044,49.99999842545672
2.0336000000002046,49.99999842545672
2.033700000000205,49.99999842545672
2.033800000000205,49.99999842545672
2.0339000000002048,49.99999842545672
2.034000000000205,49.99999842545672
2.034100000000205,49.99999842545672
2.034200000000205,49.99999842545672
2.0343000000002047,49.99999842545672
2.034400000000205,49.99999842545672
2.0345000000002056,49.99999842545672
2.0346000000002054,49.99999842545672
2.034700000000205,49.99999842545672
2.0348000000002053,49.99999842545672
2.0349000000002055,49.99999842545672
2.0350000000002053,49.99999842545672
2.0351000000002055,49.99999842545672
2.0352000000002057,49.99999842545672
2.035300000000206,49.99999842545672
2.0354000000002057,49.99999842545672
2.0355000000002055,49.99999842545672
2.0356000000002057,49.99999842545672
2.035700000000206,49.99999842545672
2.035800000000206,49.99999842545672
2.035900000000206,49.99999842545672
2.036000000000206,49.99999842545672
2.0361000000002063,49.99999842545672
2.036200000000206,49.99999842545672
2.036300000000206,49.99999842545672
2.0364000000002065,49.99999842545672
2.0365000000002067,49.99999842545672
2.0366000000002065,49.99999842545672
2.0367000000002062,49.99999842545672
2.0368000000002064,49.99999842545672
2.0369000000002067,49.99999842545672
2.0370000000002064,49.99999842545672
2.0371000000002066,49.99999842545672
2.037200000000207,49.99999842545672
2.037300000000207,49.99999842545672
2.037400000000207,49.99999842545672
2.0375000000002066,49.99999842545672
2.037600000000207,49.99999842545672
2.037700000000207,49.99999842545672
2.0378000000002072,49.99999842545672
2.037900000000207,49.99999842545672
2.038000000000207,49.99999842545672
2.0381000000002074,49.99999842545672
2.038200000000207,49.99999842545672
2.038300000000207,49.99999842545672
2.0384000000002076,49.99999842545672
2.038500000000208,49.99999842545672
2.0386000000002076,49.99999842545672
2.0387000000002073,49.99999842545672
2.0388000000002076,49.99999842545672
2.0389000000002078,49.99999842545672
2.0390000000002075,49.99999842545672
2.0391000000002077,49.99999842545672
2.039200000000208,49.99999842545672
2.039300000000208,49.99999842545672
2.039400000000208,49.99999842545672
2.0395000000002077,49.99999842545672
2.039600000000208,49.99999842545672
2.0397000000002086,49.99999842545672
2.0398000000002083,49.99999842545672
2.039900000000208,49.99999842545672
2.0400000000002083,49.99999842545672
2.0401000000002085,49.99999842545672
2.0402000000002083,49.99999842545672
2.040300000000208,49.99999842545672
2.0404000000002087,49.99999842545672
2.040500000000209,49.99999842545672
2.0406000000002087,49.99999842545672
2.0407000000002085,49.99999842545672
2.0408000000002087,49.99999842545672
2.040900000000209,49.99999842545672
2.041000000000209,49.99999842545672
2.041100000000209,49.99999842545672
2.041200000000209,49.99999842545672
2.0413000000002093,49.99999842545672
2.041400000000209,49.99999842545672
2.041500000000209,49.99999842545672
2.041600000000209,49.99999842545672
2.0417000000002097,49.99999842545672
2.0418000000002094,49.99999842545672
2.041900000000209,49.99999842545672
2.0420000000002094,49.99999842545672
2.0421000000002096,49.99999842545672
2.0422000000002094,49.99999842545672
2.0423000000002096,49.99999842545672
2.04240000000021,49.99999842545672
2.04250000000021,49.99999842545672
2.04260000000021,49.99999842545672
2.0427000000002096,49.99999842545672
2.04280000000021,49.99999842545672
2.04290000000021,49.99999842545672
2.04300000000021,49.99999842545672
2.04310000000021,49.99999842545672
2.04320000000021,49.99999842545672
2.0433000000002104,49.99999842545672
2.04340000000021,49.99999842545672
2.04350000000021,49.99999842545672
2.04360000000021,49.99999842545672
2.043700000000211,49.99999842545672
2.0438000000002106,49.99999842545672
2.0439000000002103,49.99999842545672
2.0440000000002105,49.99999842545672
2.0441000000002107,49.99999842545672
2.0442000000002105,49.99999842545672
2.0443000000002107,49.99999842545672
2.044400000000211,49.99999842545672
2.044500000000211,49.99999842545672
2.044600000000211,49.99999842545672
2.0447000000002107,49.99999842545672
2.044800000000211,49.99999842545672
2.044900000000211,49.99999842545672
2.0450000000002113,49.99999842545672
2.045100000000211,49.99999842545672
2.0452000000002113,49.99999842545672
2.0453000000002115,49.99999842545672
2.0454000000002113,49.99999842545672
2.045500000000211,49.99999842545672
2.0456000000002117,49.99999842545672
2.045700000000212,49.99999842545672
2.0458000000002117,49.99999842545672
2.0459000000002114,49.99999842545672
2.0460000000002116,49.99999842545672
2.046100000000212,49.99999842545672
2.0462000000002116,49.99999842545672
2.046300000000212,49.99999842545672
2.046400000000212,49.99999842545672
2.0465000000002123,49.99999842545672
2.046600000000212,49.99999842545672
2.046700000000212,49.99999842545672
2.046800000000212,49.99999842545672
2.046900000000212,49.99999842545672
2.0470000000002124,49.99999842545672
2.047100000000212,49.99999842545672
2.0472000000002124,49.99999842545672
2.0473000000002126,49.99999842545672
2.0474000000002124,49.99999842545672
2.047500000000212,49.99999842545672
2.047600000000213,49.99999842545672
2.047700000000213,49.99999842545672
2.047800000000213,49.99999842545672
2.0479000000002126,49.99999842545672
2.0480000000002128,49.99999842545672
2.048100000000213,49.99999842545672
2.0482000000002127,49.99999842545672
2.048300000000213,49.99999842545672
2.048400000000213,49.99999842545672
2.0485000000002134,49.99999842545672
2.048600000000213,49.99999842545672
2.048700000000213,49.99999842545672
2.048800000000213,49.99999842545672
2.0489000000002138,49.99999842545672
2.0490000000002135,49.99999842545672
2.0491000000002133,49.99999842545672
2.0492000000002135,49.99999842545672
2.0493000000002137,49.99999842545672
2.0494000000002135,49.99999842545672
2.0495000000002133,49.99999842545672
2.049600000000214,49.99999842545672
2.049700000000214,49.99999842545672
2.049800000000214,49.99999842545672
2.0499000000002137,49.99999842545672
2.050000000000214,49.99999842545672
2.050100000000214,49.99999842545672
2.0502000000002143,49.99999842545672
2.050300000000214,49.99999842545672
2.0504000000002143,49.99999842545672
2.0505000000002145,49.99999842545672
2.0506000000002143,49.99999842545672
2.050700000000214,49.99999842545672
2.0508000000002142,49.99999842545672
2.050900000000215,49.99999842545672
2.0510000000002147,49.99999842545672
2.0511000000002144,49.99999842545672
2.0512000000002146,49.99999842545672
2.051300000000215,49.99999842545672
2.0514000000002146,49.99999842545672
2.051500000000215,49.99999842545672
2.051600000000215,49.99999842545672
2.0517000000002152,49.99999842545672
2.051800000000215,49.99999842545672
2.0519000000002148,49.99999842545672
2.052000000000215,49.99999842545672
2.052100000000215,49.99999842545672
2.0522000000002154,49.99999842545672
2.052300000000215,49.99999842545672
2.0524000000002154,49.99999842545672
2.0525000000002156,49.99999842545672
2.0526000000002154,49.99999842545672
2.052700000000215,49.99999842545672
2.0528000000002153,49.99999842545672
2.052900000000216,49.99999842545672
2.0530000000002158,49.99999842545672
2.0531000000002155,49.99999842545672
2.0532000000002157,49.99999842545672
2.053300000000216,49.99999842545672
2.0534000000002157,49.99999842545672
2.053500000000216,49.99999842545672
2.053600000000216,49.99999842545672
2.0537000000002164,49.99999842545672
2.053800000000216,49.99999842545672
2.053900000000216,49.99999842545672
2.054000000000216,49.99999842545672
2.0541000000002163,49.99999842545672
2.0542000000002165,49.99999842545672
2.0543000000002163,49.99999842545672
2.0544000000002165,49.99999842545672
2.0545000000002167,49.99999842545672
2.0546000000002165,49.99999842545672
2.0547000000002162,49.99999842545672
2.054800000000217,49.99999842545672
2.054900000000217,49.99999842545672
2.055000000000217,49.99999842545672
2.0551000000002166,49.99999842545672
2.055200000000217,49.99999842545672
2.055300000000217,49.99999842545672
2.055400000000217,49.99999842545672
2.055500000000217,49.99999842545672
2.0556000000002173,49.99999842545672
2.0557000000002175,49.99999842545672
2.0558000000002172,49.99999842545672
2.055900000000217,49.99999842545672
2.056000000000217,49.99999842545672
2.056100000000218,49.99999842545672
2.0562000000002176,49.99999842545672
2.0563000000002174,49.99999842545672
2.0564000000002176,49.99999842545672
2.056500000000218,49.99999842545672
2.0566000000002176,49.99999842545672
2.0567000000002174,49.99999842545672
2.056800000000218,49.99999842545672
2.056900000000218,49.99999842545672
2.057000000000218,49.99999842545672
2.0571000000002178,49.99999842545672
2.057200000000218,49.99999842545672
2.057300000000218,49.99999842545672
2.0574000000002184,49.99999842545672
2.057500000000218,49.99999842545672
2.0576000000002184,49.99999842545672
2.0577000000002186,49.99999842545672
2.0578000000002183,49.99999842545672
2.057900000000218,49.99999842545672
2.0580000000002183,49.99999842545672
2.058100000000219,49.99999842545672
2.0582000000002187,49.99999842545672
2.0583000000002185,49.99999842545672
2.0584000000002187,49.99999842545672
2.058500000000219,49.99999842545672
2.0586000000002187,49.99999842545672
2.0587000000002185,49.99999842545672
2.058800000000219,49.99999842545672
2.0589000000002193,49.99999842545672
2.059000000000219,49.99999842545672
2.059100000000219,49.99999842545672
2.059200000000219,49.99999842545672
2.0593000000002193,49.99999842545672
2.0594000000002195,49.99999842545672
2.0595000000002193,49.99999842545672
2.0596000000002195,49.99999842545672
2.0597000000002197,49.99999842545672
2.0598000000002195,49.99999842545672
2.0599000000002192,49.99999842545672
2.0600000000002194,49.99999842545672
2.06010000000022,49.99999842545672
2.06020000000022,49.99999842545672
2.0603000000002196,49.99999842545672
2.06040000000022,49.99999842545672
2.06050000000022,49.99999842545672
2.06060000000022,49.99999842545672
2.06070000000022,49.99999842545672
2.0608000000002202,49.99999842545672
2.0609000000002204,49.99999842545672
2.06100000000022,49.99999842545672
2.06110000000022,49.99999842545672
2.06120000000022,49.99999842545672
2.0613000000002204,49.99999842545672
2.0614000000002206,49.99999842545672
2.0615000000002204,49.99999842545672
2.0616000000002206,49.99999842545672
2.061700000000221,49.99999842545672
2.0618000000002206,49.99999842545672
2.0619000000002203,49.99999842545672
2.062000000000221,49.99999842545672
2.062100000000221,49.99999842545672
2.062200000000221,49.99999842545672
2.0623000000002207,49.99999842545672
2.062400000000221,49.99999842545672
2.062500000000221,49.99999842545672
2.062600000000221,49.99999842545672
2.062700000000221,49.99999842545672
2.0628000000002213,49.99999842545672
2.0629000000002216,49.99999842545672
2.0630000000002213,49.99999842545672
2.063100000000221,49.99999842545672
2.0632000000002213,49.99999842545672
2.0633000000002215,49.99999842545672
2.0634000000002217,49.99999842545672
2.0635000000002215,49.99999842545672
2.0636000000002217,49.99999842545672
2.063700000000222,49.99999842545672
2.0638000000002217,49.99999842545672
2.0639000000002214,49.99999842545672
2.064000000000222,49.99999842545672
2.0641000000002223,49.99999842545672
2.064200000000222,49.99999842545672
2.064300000000222,49.99999842545672
2.064400000000222,49.99999842545672
2.0645000000002223,49.99999842545672
2.064600000000222,49.99999842545672
2.0647000000002222,49.99999842545672
2.0648000000002225,49.99999842545672
2.0649000000002227,49.99999842545672
2.0650000000002224,49.99999842545672
2.065100000000222,49.99999842545672
2.0652000000002224,49.99999842545672
2.065300000000223,49.99999842545672
2.065400000000223,49.99999842545672
2.0655000000002226,49.99999842545672
2.065600000000223,49.99999842545672
2.065700000000223,49.99999842545672
2.065800000000223,49.99999842545672
2.0659000000002226,49.99999842545672
2.066000000000223,49.99999842545672
2.0661000000002234,49.99999842545672
2.066200000000223,49.99999842545672
2.066300000000223,49.99999842545672
2.066400000000223,49.99999842545672
2.0665000000002234,49.99999842545672
2.0666000000002236,49.99999842545672
2.0667000000002234,49.99999842545672
2.0668000000002236,49.99999842545672
2.066900000000224,49.99999842545672
2.0670000000002235,49.99999842545672
2.0671000000002233,49.99999842545672
2.0672000000002235,49.99999842545672
2.067300000000224,49.99999842545672
2.067400000000224,49.99999842545672
2.0675000000002237,49.99999842545672
2.067600000000224,49.99999842545672
2.067700000000224,49.99999842545672
2.067800000000224,49.99999842545672
2.067900000000224,49.99999842545672
2.0680000000002243,49.99999842545672
2.0681000000002245,49.99999842545672
2.0682000000002243,49.99999842545672
2.068300000000224,49.99999842545672
2.0684000000002243,49.99999842545672
2.0685000000002245,49.99999842545672
2.0686000000002247,49.99999842545672
2.0687000000002245,49.99999842545672
2.0688000000002247,49.99999842545672
2.068900000000225,49.99999842545672
2.0690000000002247,49.99999842545672
2.0691000000002244,49.99999842545672
2.0692000000002246,49.99999842545672
2.0693000000002253,49.99999842545672
2.069400000000225,49.99999842545672
2.069500000000225,49.99999842545672
2.069600000000225,49.99999842545672
2.0697000000002252,49.99999842545672
2.069800000000225,49.99999842545672
2.0699000000002252,49.99999842545672
2.0700000000002254,49.99999842545672
2.0701000000002256,49.99999842545672
2.0702000000002254,49.99999842545672
2.070300000000225,49.99999842545672
2.0704000000002254,49.99999842545672
2.0705000000002256,49.99999842545672
2.070600000000226,49.99999842545672
2.0707000000002256,49.99999842545672
2.070800000000226,49.99999842545672
2.070900000000226,49.99999842545672
2.0710000000002258,49.99999842545672
2.0711000000002255,49.99999842545672
2.071200000000226,49.99999842545672
2.0713000000002264,49.99999842545672
2.071400000000226,49.99999842545672
2.071500000000226,49.99999842545672
2.071600000000226,49.99999842545672
2.0717000000002264,49.99999842545672
2.071800000000226,49.99999842545672
2.0719000000002263,49.99999842545672
2.0720000000002265,49.99999842545672
2.0721000000002268,49.99999842545672
2.0722000000002265,49.99999842545672
2.0723000000002263,49.99999842545672
2.0724000000002265,49.99999842545672
2.072500000000227,49.99999842545672
2.072600000000227,49.99999842545672
2.0727000000002267,49.99999842545672
2.072800000000227,49.99999842545672
2.072900000000227,49.99999842545672
2.073000000000227,49.99999842545672
2.0731000000002267,49.99999842545672
2.0732000000002273,49.99999842545672
2.0733000000002275,49.99999842545672
2.0734000000002273,49.99999842545672
2.073500000000227,49.99999842545672
2.0736000000002273,49.99999842545672
2.0737000000002275,49.99999842545672
2.0738000000002272,49.99999842545672
2.0739000000002275,49.99999842545672
2.0740000000002277,49.99999842545672
2.074100000000228,49.99999842545672
2.0742000000002276,49.99999842545672
2.0743000000002274,49.99999842545672
2.0744000000002276,49.99999842545672
2.0745000000002283,49.99999842545672
2.074600000000228,49.99999842545672
2.074700000000228,49.99999842545672
2.074800000000228,49.99999842545672
2.0749000000002282,49.99999842545672
2.075000000000228,49.99999842545672
2.0751000000002278,49.99999842545672
2.0752000000002284,49.99999842545672
2.0753000000002286,49.99999842545672
2.0754000000002284,49.99999842545672
2.075500000000228,49.99999842545672
2.0756000000002284,49.99999842545672
2.0757000000002286,49.99999842545672
2.075800000000229,49.99999842545672
2.0759000000002286,49.99999842545672
2.0760000000002288,49.99999842545672
2.076100000000229,49.99999842545672
2.0762000000002288,49.99999842545672
2.0763000000002285,49.99999842545672
2.0764000000002287,49.99999842545672
2.0765000000002294,49.99999842545672
2.076600000000229,49.99999842545672
2.076700000000229,49.99999842545672
2.076800000000229,49.99999842545672
2.0769000000002293,49.99999842545672
2.077000000000229,49.99999842545672
2.0771000000002293,49.99999842545672
2.0772000000002295,49.99999842545672
2.0773000000002297,49.99999842545672
2.0774000000002295,49.99999842545672
2.0775000000002293,49.99999842545672
2.0776000000002295,49.99999842545672
2.0777000000002297,49.99999842545672
2.07780000000023,49.99999842545672
2.0779000000002297,49.99999842545672
2.07800000000023,49.99999842545672
2.07810000000023,49.99999842545672
2.07820000000023,49.99999842545672
2.0783000000002296,49.99999842545672
2.0784000000002303,49.99999842545672
2.0785000000002305,49.99999842545672
2.0786000000002303,49.99999842545672
2.07870000000023,49.99999842545672
2.0788000000002302,49.99999842545672
2.0789000000002305,49.99999842545672
2.07900000000023,49.99999842545672
2.0791000000002304,49.99999842545672
2.0792000000002306,49.99999842545672
2.079300000000231,49.99999842545672
2.0794000000002306,49.99999842545672
2.0795000000002304,49.99999842545672
2.0796000000002306,49.99999842545672
2.079700000000231,49.99999842545672
2.079800000000231,49.99999842545672
2.079900000000231,49.99999842545672
2.080000000000231,49.99999842545672
2.080100000000231,49.99999842545672
2.080200000000231,49.99999842545672
2.0803000000002307,49.99999842545672
2.0804000000002314,49.99999842545672
2.0805000000002316,49.99999842545672
2.0806000000002314,49.99999842545672
2.080700000000231,49.99999842545672
2.0808000000002314,49.99999842545672
2.0809000000002316,49.99999842545672
2.0810000000002313,49.99999842545672
2.0811000000002315,49.99999842545672
2.0812000000002318,49.99999842545672
2.081300000000232,49.99999842545672
2.0814000000002317,49.99999842545672
2.0815000000002315,49.99999842545672
2.0816000000002317,49.99999842545672
2.0817000000002324,49.99999842545672
2.081800000000232,49.99999842545672
2.081900000000232,49.99999842545672
2.082000000000232,49.99999842545672
2.0821000000002323,49.99999842545672
2.082200000000232,49.99999842545672
2.082300000000232,49.99999842545672
2.0824000000002325,49.99999842545672
2.0825000000002327,49.99999842545672
2.0826000000002325,49.99999842545672
2.0827000000002323,49.99999842545672
2.0828000000002325,49.99999842545672
2.0829000000002327,49.99999842545672
2.083000000000233,49.99999842545672
2.0831000000002327,49.99999842545672
2.083200000000233,49.99999842545672
2.083300000000233,49.99999842545672
2.083400000000233,49.99999842545672
2.0835000000002326,49.99999842545672
2.083600000000233,49.99999842545672
2.0837000000002335,49.99999842545672
2.0838000000002332,49.99999842545672
2.083900000000233,49.99999842545672
2.084000000000233,49.99999842545672
2.0841000000002334,49.99999842545672
2.084200000000233,49.99999842545672
2.0843000000002334,49.99999842545672
2.0844000000002336,49.99999842545672
2.084500000000234,49.99999842545672
2.0846000000002336,49.99999842545672
2.0847000000002334,49.99999842545672
2.0848000000002336,49.99999842545672
2.084900000000234,49.99999842545672
2.085000000000234,49.99999842545672
2.0851000000002338,49.99999842545672
2.085200000000234,49.99999842545672
2.085300000000234,49.99999842545672
2.085400000000234,49.99999842545672
2.0855000000002337,49.99999842545672
2.085600000000234,49.99999842545672
2.0857000000002346,49.99999842545672
2.0858000000002344,49.99999842545672
2.085900000000234,49.99999842545672
2.0860000000002343,49.99999842545672
2.0861000000002345,49.99999842545672
2.0862000000002343,49.99999842545672
2.0863000000002345,49.99999842545672
2.0864000000002347,49.99999842545672
2.086500000000235,49.99999842545672
2.0866000000002347,49.99999842545672
2.0867000000002345,49.99999842545672
2.0868000000002347,49.99999842545672
2.086900000000235,49.99999842545672
2.087000000000235,49.99999842545672
2.087100000000235,49.99999842545672
2.087200000000235,49.99999842545672
2.0873000000002353,49.99999842545672
2.087400000000235,49.99999842545672
2.087500000000235,49.99999842545672
2.0876000000002355,49.99999842545672
2.0877000000002357,49.99999842545672
2.0878000000002355,49.99999842545672
2.0879000000002352,49.99999842545672
2.0880000000002354,49.99999842545672
2.0881000000002357,49.99999842545672
2.0882000000002354,49.99999842545672
2.0883000000002356,49.99999842545672
2.088400000000236,49.99999842545672
2.088500000000236,49.99999842545672
2.088600000000236,49.99999842545672
2.0887000000002356,49.99999842545672
2.088800000000236,49.99999842545672
2.088900000000236,49.99999842545672
2.0890000000002362,49.99999842545672
2.089100000000236,49.99999842545672
2.089200000000236,49.99999842545672
2.0893000000002364,49.99999842545672
2.089400000000236,49.99999842545672
2.089500000000236,49.99999842545672
2.0896000000002366,49.99999842545672
2.089700000000237,49.99999842545672
2.0898000000002366,49.99999842545672
2.0899000000002363,49.99999842545672
2.0900000000002366,49.99999842545672
2.0901000000002368,49.99999842545672
2.0902000000002365,49.99999842545672
2.0903000000002367,49.99999842545672
2.090400000000237,49.99999842545672
2.090500000000237,49.99999842545672
2.090600000000237,49.99999842545672
2.0907000000002367,49.99999842545672
2.090800000000237,49.99999842545672
2.0909000000002376,49.99999842545672
2.0910000000002373,49.99999842545672
2.091100000000237,49.99999842545672
2.0912000000002373,49.99999842545672
2.0913000000002375,49.99999842545672
2.0914000000002373,49.99999842545672
2.091500000000237,49.99999842545672
2.0916000000002377,49.99999842545672
2.091700000000238,49.99999842545672
2.0918000000002377,49.99999842545672
2.0919000000002375,49.99999842545672
2.0920000000002377,49.99999842545672
2.092100000000238,49.99999842545672
2.092200000000238,49.99999842545672
2.092300000000238,49.99999842545672
2.092400000000238,49.99999842545672
2.0925000000002383,49.99999842545672
2.092600000000238,49.99999842545672
2.092700000000238,49.99999842545672
2.092800000000238,49.99999842545672
2.0929000000002387,49.99999842545672
2.0930000000002384,49.99999842545672
2.093100000000238,49.99999842545672
2.0932000000002384,49.99999842545672
2.0933000000002386,49.99999842545672
2.0934000000002384,49.99999842545672
2.0935000000002386,49.99999842545672
2.093600000000239,49.99999842545672
2.093700000000239,49.99999842545672
2.093800000000239,49.99999842545672
2.0939000000002386,49.99999842545672
2.094000000000239,49.99999842545672
2.094100000000239,49.99999842545672
2.094200000000239,49.99999842545672
2.094300000000239,49.99999842545672
2.094400000000239,49.99999842545672
2.0945000000002394,49.99999842545672
2.094600000000239,49.99999842545672
2.094700000000239,49.99999842545672
2.094800000000239,49.99999842545672
2.09490000000024,49.99999842545672
2.0950000000002396,49.99999842545672
2.0951000000002393,49.99999842545672
2.0952000000002395,49.99999842545672
2.0953000000002397,49.99999842545672
2.0954000000002395,49.99999842545672
2.0955000000002397,49.99999842545672
2.09560000000024,49.99999842545672
2.09570000000024,49.99999842545672
2.09580000000024,49.99999842545672
2.0959000000002397,49.99999842545672
2.09600000000024,49.99999842545672
2.09610000000024,49.99999842545672
2.0962000000002403,49.99999842545672
2.09630000000024,49.99999842545672
2.0964000000002403,49.99999842545672
2.0965000000002405,49.99999842545672
2.0966000000002403,49.99999842545672
2.09670000000024,49.99999842545672
2.0968000000002407,49.99999842545672
2.096900000000241,49.99999842545672
2.0970000000002407,49.99999842545672
2.0971000000002404,49.99999842545672
2.0972000000002406,49.99999842545672
2.097300000000241,49.99999842545672
2.0974000000002406,49.99999842545672
2.097500000000241,49.99999842545672
2.097600000000241,49.99999842545672
2.0977000000002413,49.99999842545672
2.097800000000241,49.99999842545672
2.097900000000241,49.99999842545672
2.098000000000241,49.99999842545672
2.098100000000241,49.99999842545672
2.0982000000002414,49.99999842545672
2.098300000000241,49.99999842545672
2.0984000000002414,49.99999842545672
2.0985000000002416,49.99999842545672
2.0986000000002414,49.99999842545672
2.098700000000241,49.99999842545672
2.098800000000242,49.99999842545672
2.098900000000242,49.99999842545672
2.099000000000242,49.99999842545672
2.0991000000002416,49.99999842545672
2.0992000000002418,49.99999842545672
2.099300000000242,49.99999842545672
2.0994000000002417,49.99999842545672
2.099500000000242,49.99999842545672
2.099600000000242,49.99999842545672
2.0997000000002424,49.99999842545672
2.099800000000242,49.99999842545672
2.099900000000242,49.99999842545672
2.100000000000242,49.99999842545672
2.1001000000002428,49.99999842545672
2.1002000000002425,49.99999842545672
2.1003000000002423,49.99999842545672
2.1004000000002425,49.99999842545672
2.1005000000002427,49.99999842545672
2.1006000000002425,49.99999842545672
2.1007000000002423,49.99999842545672
2.100800000000243,49.99999842545672
2.100900000000243,49.99999842545672
2.101000000000243,49.99999842545672
2.1011000000002427,49.99999842545672
2.101200000000243,49.99999842545672
2.101300000000243,49.99999842545672
2.1014000000002433,49.99999842545672
2.101500000000243,49.99999842545672
2.1016000000002433,49.99999842545672
2.1017000000002435,49.99999842545672
2.1018000000002433,49.99999842545672
2.101900000000243,49.99999842545672
2.1020000000002432,49.99999842545672
2.102100000000244,49.99999842545672
2.1022000000002437,49.99999842545672
2.1023000000002434,49.99999842545672
2.1024000000002436,49.99999842545672
2.102500000000244,49.99999842545672
2.1026000000002436,49.99999842545672
2.102700000000244,49.99999842545672
2.102800000000244,49.99999842545672
2.1029000000002442,49.99999842545672
2.103000000000244,49.99999842545672
2.1031000000002438,49.99999842545672
2.103200000000244,49.99999842545672
2.103300000000244,49.99999842545672
2.1034000000002444,49.99999842545672
2.103500000000244,49.99999842545672
2.1036000000002444,49.99999842545672
2.1037000000002446,49.99999842545672
2.1038000000002444,49.99999842545672
2.103900000000244,49.99999842545672
2.1040000000002443,49.99999842545672
2.104100000000245,49.99999842545672
2.1042000000002448,49.99999842545672
2.1043000000002445,49.99999842545672
2.1044000000002447,49.99999842545672
2.104500000000245,49.99999842545672
2.1046000000002447,49.99999842545672
2.104700000000245,49.99999842545672
2.104800000000245,49.99999842545672
2.1049000000002454,49.99999842545672
2.105000000000245,49.99999842545672
2.105100000000245,49.99999842545672
2.105200000000245,49.99999842545672
2.1053000000002453,49.99999842545672
2.1054000000002455,49.99999842545672
2.1055000000002453,49.99999842545672
2.1056000000002455,49.99999842545672
2.1057000000002457,49.99999842545672
2.1058000000002455,49.99999842545672
2.1059000000002452,49.99999842545672
2.106000000000246,49.99999842545672
2.106100000000246,49.99999842545672
2.106200000000246,49.99999842545672
2.1063000000002456,49.99999842545672
2.106400000000246,49.99999842545672
2.106500000000246,49.99999842545672
2.106600000000246,49.99999842545672
2.106700000000246,49.99999842545672
2.1068000000002463,49.99999842545672
2.1069000000002465,49.99999842545672
2.1070000000002462,49.99999842545672
2.107100000000246,49.99999842545672
2.107200000000246,49.99999842545672
2.107300000000247,49.99999842545672
2.1074000000002466,49.99999842545672
2.1075000000002464,49.99999842545672
2.1076000000002466,49.99999842545672
2.107700000000247,49.99999842545672
2.1078000000002466,49.99999842545672
2.1079000000002464,49.99999842545672
2.108000000000247,49.99999842545672
2.108100000000247,49.99999842545672
2.108200000000247,49.99999842545672
2.1083000000002468,49.99999842545672
2.108400000000247,49.99999842545672
2.108500000000247,49.99999842545672
2.1086000000002474,49.99999842545672
2.108700000000247,49.99999842545672
2.1088000000002474,49.99999842545672
2.1089000000002476,49.99999842545672
2.1090000000002473,49.99999842545672
2.109100000000247,49.99999842545672
2.1092000000002473,49.99999842545672
2.109300000000248,49.99999842545672
2.1094000000002477,49.99999842545672
2.1095000000002475,49.99999842545672
2.1096000000002477,49.99999842545672
2.109700000000248,49.99999842545672
2.1098000000002477,49.99999842545672
2.1099000000002475,49.99999842545672
2.110000000000248,49.99999842545672
2.1101000000002483,49.99999842545672
2.110200000000248,49.99999842545672
2.110300000000248,49.99999842545672
2.110400000000248,49.99999842545672
2.1105000000002483,49.99999842545672
2.1106000000002485,49.99999842545672
2.1107000000002483,49.99999842545672
2.1108000000002485,49.99999842545672
2.1109000000002487,49.99999842545672
2.1110000000002485,49.99999842545672
2.1111000000002482,49.99999842545672
2.1112000000002484,49.99999842545672
2.111300000000249,49.99999842545672
2.111400000000249,49.99999842545672
2.1115000000002486,49.99999842545672
2.111600000000249,49.99999842545672
2.111700000000249,49.99999842545672
2.111800000000249,49.99999842545672
2.111900000000249,49.99999842545672
2.1120000000002492,49.99999842545672
2.1121000000002494,49.99999842545672
2.112200000000249,49.99999842545672
2.112300000000249,49.99999842545672
2.112400000000249,49.99999842545672
2.1125000000002494,49.99999842545672
2.1126000000002496,49.99999842545672
2.1127000000002494,49.99999842545672
2.1128000000002496,49.99999842545672
2.11290000000025,49.99999842545672
2.1130000000002496,49.99999842545672
2.1131000000002493,49.99999842545672
2.11320000000025,49.99999842545672
2.11330000000025,49.99999842545672
2.11340000000025,49.99999842545672
2.1135000000002497,49.99999842545672
2.11360000000025,49.99999842545672
2.11370000000025,49.99999842545672
2.11380000000025,49.99999842545672
2.11390000000025,49.99999842545672
2.1140000000002503,49.99999842545672
2.1141000000002506,49.99999842545672
2.1142000000002503,49.99999842545672
2.11430000000025,49.99999842545672
2.1144000000002503,49.99999842545672
2.1145000000002505,49.99999842545672
2.1146000000002507,49.99999842545672
2.1147000000002505,49.99999842545672
2.1148000000002507,49.99999842545672
2.114900000000251,49.99999842545672
2.1150000000002507,49.99999842545672
2.1151000000002504,49.99999842545672
2.115200000000251,49.99999842545672
2.1153000000002513,49.99999842545672
2.115400000000251,49.99999842545672
2.115500000000251,49.99999842545672
2.115600000000251,49.99999842545672
2.1157000000002513,49.99999842545672
2.115800000000251,49.99999842545672
2.1159000000002512,49.99999842545672
2.1160000000002515,49.99999842545672
2.1161000000002517,49.99999842545672
2.1162000000002514,49.99999842545672
2.116300000000251,49.99999842545672
2.1164000000002514,49.99999842545672
2.116500000000252,49.99999842545672
2.116600000000252,49.99999842545672
2.1167000000002516,49.99999842545672
2.116800000000252,49.99999842545672
2.116900000000252,49.99999842545672
2.117000000000252,49.99999842545672
2.1171000000002516,49.99999842545672
2.117200000000252,49.99999842545672
2.1173000000002524,49.99999842545672
2.117400000000252,49.99999842545672
2.117500000000252,49.99999842545672
2.117600000000252,49.99999842545672
2.1177000000002524,49.99999842545672
2.1178000000002526,49.99999842545672
2.1179000000002524,49.99999842545672
2.1180000000002526,49.99999842545672
2.118100000000253,49.99999842545672
2.1182000000002525,49.99999842545672
2.1183000000002523,49.99999842545672
2.1184000000002525,49.99999842545672
2.118500000000253,49.99999842545672
2.118600000000253,49.99999842545672
2.1187000000002527,49.99999842545672
2.118800000000253,49.99999842545672
2.118900000000253,49.99999842545672
2.119000000000253,49.99999842545672
2.119100000000253,49.99999842545672
2.1192000000002533,49.99999842545672
2.1193000000002535,49.99999842545672
2.1194000000002533,49.99999842545672
2.119500000000253,49.99999842545672
2.1196000000002533,49.99999842545672
2.1197000000002535,49.99999842545672
2.1198000000002537,49.99999842545672
2.1199000000002535,49.99999842545672
2.1200000000002537,49.99999842545672
2.120100000000254,49.99999842545672
2.1202000000002537,49.99999842545672
2.1203000000002534,49.99999842545672
2.1204000000002536,49.99999842545672
2.1205000000002543,49.99999842545672
2.120600000000254,49.99999842545672
2.120700000000254,49.99999842545672
2.120800000000254,49.99999842545672
2.1209000000002542,49.99999842545672
2.121000000000254,49.99999842545672
2.1211000000002542,49.99999842545672
2.1212000000002544,49.99999842545672
2.1213000000002546,49.99999842545672
2.1214000000002544,49.99999842545672
2.121500000000254,49.99999842545672
2.1216000000002544,49.99999842545672
2.1217000000002546,49.99999842545672
2.121800000000255,49.99999842545672
2.1219000000002546,49.99999842545672
2.122000000000255,49.99999842545672
2.122100000000255,49.99999842545672
2.1222000000002548,49.99999842545672
2.1223000000002545,49.99999842545672
2.122400000000255,49.99999842545672
2.1225000000002554,49.99999842545672
2.122600000000255,49.99999842545672
2.122700000000255,49.99999842545672
2.122800000000255,49.99999842545672
2.1229000000002554,49.99999842545672
2.123000000000255,49.99999842545672
2.1231000000002553,49.99999842545672
2.1232000000002555,49.99999842545672
2.1233000000002558,49.99999842545672
2.1234000000002555,49.99999842545672
2.1235000000002553,49.99999842545672
2.1236000000002555,49.99999842545672
2.123700000000256,49.99999842545672
2.123800000000256,49.99999842545672
2.1239000000002557,49.99999842545672
2.124000000000256,49.99999842545672
2.124100000000256,49.99999842545672
2.124200000000256,49.99999842545672
2.1243000000002557,49.99999842545672
2.1244000000002563,49.99999842545672
2.1245000000002565,49.99999842545672
2.1246000000002563,49.99999842545672
2.124700000000256,49.99999842545672
2.1248000000002563,49.99999842545672
2.1249000000002565,49.99999842545672
2.1250000000002562,49.99999842545672
2.1251000000002565,49.99999842545672
2.1252000000002567,49.99999842545672
2.125300000000257,49.99999842545672
2.1254000000002566,49.99999842545672
2.1255000000002564,49.99999842545672
2.1256000000002566,49.99999842545672
2.1257000000002573,49.99999842545672
2.125800000000257,49.99999842545672
2.125900000000257,49.99999842545672
2.126000000000257,49.99999842545672
2.1261000000002572,49.99999842545672
2.126200000000257,49.99999842545672
2.1263000000002568,49.99999842545672
2.1264000000002574,49.99999842545672
2.1265000000002576,49.99999842545672
2.1266000000002574,49.99999842545672
2.126700000000257,49.99999842545672
2.1268000000002574,49.99999842545672
2.1269000000002576,49.99999842545672
2.127000000000258,49.99999842545672
2.1271000000002576,49.99999842545672
2.1272000000002578,49.99999842545672
2.127300000000258,49.99999842545672
2.1274000000002578,49.99999842545672
2.1275000000002575,49.99999842545672
2.1276000000002577,49.99999842545672
2.1277000000002584,49.99999842545672
2.127800000000258,49.99999842545672
2.127900000000258,49.99999842545672
2.128000000000258,49.99999842545672
2.1281000000002583,49.99999842545672
2.128200000000258,49.99999842545672
2.1283000000002583,49.99999842545672
2.1284000000002585,49.99999842545672
2.1285000000002587,49.99999842545672
2.1286000000002585,49.99999842545672
2.1287000000002583,49.99999842545672
2.1288000000002585,49.99999842545672
2.1289000000002587,49.99999842545672
2.129000000000259,49.99999842545672
2.1291000000002587,49.99999842545672
2.129200000000259,49.99999842545672
2.129300000000259,49.99999842545672
2.129400000000259,49.99999842545672
2.1295000000002586,49.99999842545672
2.1296000000002593,49.99999842545672
2.1297000000002595,49.99999842545672
2.1298000000002593,49.99999842545672
2.129900000000259,49.99999842545672
2.1300000000002592,49.99999842545672
2.1301000000002595,49.99999842545672
2.130200000000259,49.99999842545672
2.1303000000002594,49.99999842545672
2.1304000000002596,49.99999842545672
2.13050000000026,49.99999842545672
2.1306000000002596,49.99999842545672
2.1307000000002594,49.99999842545672
2.1308000000002596,49.99999842545672
2.13090000000026,49.99999842545672
2.13100000000026,49.99999842545672
2.13110000000026,49.99999842545672
2.13120000000026,49.99999842545672
2.13130000000026,49.99999842545672
2.13140000000026,49.99999842545672
2.1315000000002597,49.99999842545672
2.1316000000002604,49.99999842545672
2.1317000000002606,49.99999842545672
2.1318000000002604,49.99999842545672
2.13190000000026,49.99999842545672
2.1320000000002604,49.99999842545672
2.1321000000002606,49.99999842545672
2.1322000000002603,49.99999842545672
2.1323000000002605,49.99999842545672
2.1324000000002608,49.99999842545672
2.132500000000261,49.99999842545672
2.1326000000002607,49.99999842545672
2.1327000000002605,49.99999842545672
2.1328000000002607,49.99999842545672
2.1329000000002614,49.99999842545672
2.133000000000261,49.99999842545672
2.133100000000261,49.99999842545672
2.133200000000261,49.99999842545672
2.1333000000002613,49.99999842545672
2.133400000000261,49.99999842545672
2.133500000000261,49.99999842545672
2.1336000000002615,49.99999842545672
2.1337000000002617,49.99999842545672
2.1338000000002615,49.99999842545672
2.1339000000002613,49.99999842545672
2.1340000000002615,49.99999842545672
2.1341000000002617,49.99999842545672
2.134200000000262,49.99999842545672
2.1343000000002617,49.99999842545672
2.134400000000262,49.99999842545672
2.134500000000262,49.99999842545672
2.134600000000262,49.99999842545672
2.1347000000002616,49.99999842545672
2.134800000000262,49.99999842545672
2.1349000000002625,49.99999842545672
2.1350000000002622,49.99999842545672
2.135100000000262,49.99999842545672
2.135200000000262,49.99999842545672
2.1353000000002624,49.99999842545672
2.135400000000262,49.99999842545672
2.1355000000002624,49.99999842545672
2.1356000000002626,49.99999842545672
2.135700000000263,49.99999842545672
2.1358000000002626,49.99999842545672
2.1359000000002624,49.99999842545672
2.1360000000002626,49.99999842545672
2.136100000000263,49.99999842545672
2.136200000000263,49.99999842545672
2.1363000000002628,49.99999842545672
2.136400000000263,49.99999842545672
2.136500000000263,49.99999842545672
2.136600000000263,49.99999842545672
2.1367000000002627,49.99999842545672
2.136800000000263,49.99999842545672
2.1369000000002636,49.99999842545672
2.1370000000002634,49.99999842545672
2.137100000000263,49.99999842545672
2.1372000000002633,49.99999842545672
2.1373000000002635,49.99999842545672
2.1374000000002633,49.99999842545672
2.1375000000002635,49.99999842545672
2.1376000000002637,49.99999842545672
2.137700000000264,49.99999842545672
2.1378000000002637,49.99999842545672
2.1379000000002635,49.99999842545672
2.1380000000002637,49.99999842545672
2.138100000000264,49.99999842545672
2.138200000000264,49.99999842545672
2.138300000000264,49.99999842545672
2.138400000000264,49.99999842545672
2.1385000000002643,49.99999842545672
2.138600000000264,49.99999842545672
2.138700000000264,49.99999842545672
2.1388000000002645,49.99999842545672
2.1389000000002647,49.99999842545672
2.1390000000002645,49.99999842545672
2.1391000000002642,49.99999842545672
2.1392000000002644,49.99999842545672
2.1393000000002647,49.99999842545672
2.1394000000002644,49.99999842545672
2.1395000000002646,49.99999842545672
2.139600000000265,49.99999842545672
2.139700000000265,49.99999842545672
2.139800000000265,49.99999842545672
2.1399000000002646,49.99999842545672
2.140000000000265,49.99999842545672
2.140100000000265,49.99999842545672
2.1402000000002652,49.99999842545672
2.140300000000265,49.99999842545672
2.140400000000265,49.99999842545672
2.1405000000002654,49.99999842545672
2.140600000000265,49.99999842545672
2.140700000000265,49.99999842545672
2.1408000000002656,49.99999842545672
2.140900000000266,49.99999842545672
2.1410000000002656,49.99999842545672
2.1411000000002653,49.99999842545672
2.1412000000002656,49.99999842545672
2.1413000000002658,49.99999842545672
2.1414000000002655,49.99999842545672
2.1415000000002657,49.99999842545672
2.141600000000266,49.99999842545672
2.141700000000266,49.99999842545672
2.141800000000266,49.99999842545672
2.1419000000002657,49.99999842545672
2.142000000000266,49.99999842545672
2.1421000000002666,49.99999842545672
2.1422000000002663,49.99999842545672
2.142300000000266,49.99999842545672
2.1424000000002663,49.99999842545672
2.1425000000002665,49.99999842545672
2.1426000000002663,49.99999842545672
2.142700000000266,49.99999842545672
2.1428000000002667,49.99999842545672
2.142900000000267,49.99999842545672
2.1430000000002667,49.99999842545672
2.1431000000002665,49.99999842545672
2.1432000000002667,49.99999842545672
2.143300000000267,49.99999842545672
2.143400000000267,49.99999842545672
2.143500000000267,49.99999842545672
2.143600000000267,49.99999842545672
2.1437000000002673,49.99999842545672
2.143800000000267,49.99999842545672
2.143900000000267,49.99999842545672
2.144000000000267,49.99999842545672
2.1441000000002677,49.99999842545672
2.1442000000002674,49.99999842545672
2.144300000000267,49.99999842545672
2.1444000000002674,49.99999842545672
2.1445000000002676,49.99999842545672
2.1446000000002674,49.99999842545672
2.1447000000002676,49.99999842545672
2.144800000000268,49.99999842545672
2.144900000000268,49.99999842545672
2.145000000000268,49.99999842545672
2.1451000000002676,49.99999842545672
2.145200000000268,49.99999842545672
2.145300000000268,49.99999842545672
2.145400000000268,49.99999842545672
2.145500000000268,49.99999842545672
2.145600000000268,49.99999842545672
2.1457000000002684,49.99999842545672
2.145800000000268,49.99999842545672
2.145900000000268,49.99999842545672
2.146000000000268,49.99999842545672
2.146100000000269,49.99999842545672
2.1462000000002686,49.99999842545672
2.1463000000002683,49.99999842545672
2.1464000000002685,49.99999842545672
2.1465000000002687,49.99999842545672
2.1466000000002685,49.99999842545672
2.1467000000002687,49.99999842545672
2.146800000000269,49.99999842545672
2.146900000000269,49.99999842545672
2.147000000000269,49.99999842545672
2.1471000000002687,49.99999842545672
2.147200000000269,49.99999842545672
2.147300000000269,49.99999842545672
2.1474000000002693,49.99999842545672
2.147500000000269,49.99999842545672
2.1476000000002693,49.99999842545672
2.1477000000002695,49.99999842545672
2.1478000000002693,49.99999842545672
2.147900000000269,49.99999842545672
2.1480000000002697,49.99999842545672
2.14810000000027,49.99999842545672
2.1482000000002697,49.99999842545672
2.1483000000002694,49.99999842545672
2.1484000000002696,49.99999842545672
2.14850000000027,49.99999842545672
2.1486000000002696,49.99999842545672
2.14870000000027,49.99999842545672
2.14880000000027,49.99999842545672
2.1489000000002703,49.99999842545672
2.14900000000027,49.99999842545672
2.14910000000027,49.99999842545672
2.14920000000027,49.99999842545672
2.14930000000027,49.99999842545672
2.1494000000002704,49.99999842545672
2.14950000000027,49.99999842545672
2.1496000000002704,49.99999842545672
2.1497000000002706,49.99999842545672
2.1498000000002704,49.99999842545672
2.14990000000027,49.99999842545672
2.150000000000271,49.99999842545672
2.150100000000271,49.99999842545672
2.150200000000271,49.99999842545672
2.1503000000002706,49.99999842545672
2.1504000000002708,49.99999842545672
2.150500000000271,49.99999842545672
2.1506000000002707,49.99999842545672
2.150700000000271,49.99999842545672
2.150800000000271,49.99999842545672
2.1509000000002714,49.99999842545672
2.151000000000271,49.99999842545672
2.151100000000271,49.99999842545672
2.151200000000271,49.99999842545672
2.1513000000002718,49.99999842545672
2.1514000000002715,49.99999842545672
2.1515000000002713,49.99999842545672
2.1516000000002715,49.99999842545672
2.1517000000002717,49.99999842545672
2.1518000000002715,49.99999842545672
2.1519000000002713,49.99999842545672
2.152000000000272,49.99999842545672
2.152100000000272,49.99999842545672
2.152200000000272,49.99999842545672
2.1523000000002717,49.99999842545672
2.152400000000272,49.99999842545672
2.152500000000272,49.99999842545672
2.1526000000002723,49.99999842545672
2.152700000000272,49.99999842545672
2.1528000000002723,49.99999842545672
2.1529000000002725,49.99999842545672
2.1530000000002723,49.99999842545672
2.153100000000272,49.99999842545672
2.1532000000002722,49.99999842545672
2.153300000000273,49.99999842545672
2.1534000000002727,49.99999842545672
2.1535000000002724,49.99999842545672
2.1536000000002726,49.99999842545672
2.153700000000273,49.99999842545672
2.1538000000002726,49.99999842545672
2.153900000000273,49.99999842545672
2.154000000000273,49.99999842545672
2.1541000000002732,49.99999842545672
2.154200000000273,49.99999842545672
2.1543000000002728,49.99999842545672
2.154400000000273,49.99999842545672
2.154500000000273,49.99999842545672
2.1546000000002734,49.99999842545672
2.154700000000273,49.99999842545672
2.1548000000002734,49.99999842545672
2.1549000000002736,49.99999842545672
2.1550000000002734,49.99999842545672
2.155100000000273,49.99999842545672
2.1552000000002733,49.99999842545672
2.155300000000274,49.99999842545672
2.1554000000002738,49.99999842545672
2.1555000000002735,49.99999842545672
2.1556000000002737,49.99999842545672
2.155700000000274,49.99999842545672
2.1558000000002737,49.99999842545672
2.155900000000274,49.99999842545672
2.156000000000274,49.99999842545672
2.1561000000002744,49.99999842545672
2.156200000000274,49.99999842545672
2.156300000000274,49.99999842545672
2.156400000000274,49.99999842545672
2.1565000000002743,49.99999842545672
2.1566000000002745,49.99999842545672
2.1567000000002743,49.99999842545672
2.1568000000002745,49.99999842545672
2.1569000000002747,49.99999842545672
2.1570000000002745,49.99999842545672
2.1571000000002742,49.99999842545672
2.157200000000275,49.99999842545672
2.157300000000275,49.99999842545672
2.157400000000275,49.99999842545672
2.1575000000002746,49.99999842545672
2.157600000000275,49.99999842545672
2.157700000000275,49.99999842545672
2.157800000000275,49.99999842545672
2.157900000000275,49.99999842545672
2.1580000000002753,49.99999842545672
2.1581000000002755,49.99999842545672
2.1582000000002752,49.99999842545672
2.158300000000275,49.99999842545672
2.158400000000275,49.99999842545672
2.158500000000276,49.99999842545672
2.1586000000002756,49.99999842545672
2.1587000000002754,49.99999842545672
2.1588000000002756,49.99999842545672
2.158900000000276,49.99999842545672
2.1590000000002756,49.99999842545672
2.1591000000002754,49.99999842545672
2.159200000000276,49.99999842545672
2.159300000000276,49.99999842545672
2.159400000000276,49.99999842545672
2.1595000000002758,49.99999842545672
2.159600000000276,49.99999842545672
2.159700000000276,49.99999842545672
2.1598000000002764,49.99999842545672
2.159900000000276,49.99999842545672
2.1600000000002764,49.99999842545672
2.1601000000002766,49.99999842545672
2.1602000000002763,49.99999842545672
2.160300000000276,49.99999842545672
2.1604000000002763,49.99999842545672
2.160500000000277,49.99999842545672
2.1606000000002767,49.99999842545672
2.1607000000002765,49.99999842545672
2.1608000000002767,49.99999842545672
2.160900000000277,49.99999842545672
2.1610000000002767,49.99999842545672
2.1611000000002765,49.99999842545672
2.161200000000277,49.99999842545672
2.1613000000002773,49.99999842545672
2.161400000000277,49.99999842545672
2.161500000000277,49.99999842545672
2.161600000000277,49.99999842545672
2.1617000000002773,49.99999842545672
2.1618000000002775,49.99999842545672
2.1619000000002773,49.99999842545672
2.1620000000002775,49.99999842545672
2.1621000000002777,49.99999842545672
2.1622000000002775,49.99999842545672
2.1623000000002772,49.99999842545672
2.1624000000002774,49.99999842545672
2.162500000000278,49.99999842545672
2.162600000000278,49.99999842545672
2.1627000000002776,49.99999842545672
2.162800000000278,49.99999842545672
2.162900000000278,49.99999842545672
2.163000000000278,49.99999842545672
2.163100000000278,49.99999842545672
2.1632000000002782,49.99999842545672
2.1633000000002784,49.99999842545672
2.163400000000278,49.99999842545672
2.163500000000278,49.99999842545672
2.163600000000278,49.99999842545672
2.1637000000002784,49.99999842545672
2.1638000000002786,49.99999842545672
2.1639000000002784,49.99999842545672
2.1640000000002786,49.99999842545672
2.164100000000279,49.99999842545672
2.1642000000002786,49.99999842545672
2.1643000000002783,49.99999842545672
2.164400000000279,49.99999842545672
2.164500000000279,49.99999842545672
2.164600000000279,49.99999842545672
2.1647000000002787,49.99999842545672
2.164800000000279,49.99999842545672
2.164900000000279,49.99999842545672
2.165000000000279,49.99999842545672
2.165100000000279,49.99999842545672
2.1652000000002793,49.99999842545672
2.1653000000002796,49.99999842545672
2.1654000000002793,49.99999842545672
2.165500000000279,49.99999842545672
2.1656000000002793,49.99999842545672
2.1657000000002795,49.99999842545672
2.1658000000002797,49.99999842545672
2.1659000000002795,49.99999842545672
2.1660000000002797,49.99999842545672
2.16610000000028,49.99999842545672
2.1662000000002797,49.99999842545672
2.1663000000002794,49.99999842545672
2.16640000000028,49.99999842545672
2.1665000000002803,49.99999842545672
2.16660000000028,49.99999842545672
2.16670000000028,49.99999842545672
2.16680000000028,49.99999842545672
2.1669000000002803,49.99999842545672
2.16700000000028,49.99999842545672
2.1671000000002802,49.99999842545672
2.1672000000002805,49.99999842545672
2.1673000000002807,49.99999842545672
2.1674000000002804,49.99999842545672
2.16750000000028,49.99999842545672
2.1676000000002804,49.99999842545672
2.167700000000281,49.99999842545672
2.167800000000281,49.99999842545672
2.1679000000002806,49.99999842545672
2.168000000000281,49.99999842545672
2.168100000000281,49.99999842545672
2.168200000000281,49.99999842545672
2.1683000000002806,49.99999842545672
2.168400000000281,49.99999842545672
2.1685000000002814,49.99999842545672
2.168600000000281,49.99999842545672
2.168700000000281,49.99999842545672
2.168800000000281,49.99999842545672
2.1689000000002814,49.99999842545672
2.1690000000002816,49.99999842545672
2.1691000000002814,49.99999842545672
2.1692000000002816,49.99999842545672
2.169300000000282,49.99999842545672
2.1694000000002815,49.99999842545672
2.1695000000002813,49.99999842545672
2.1696000000002815,49.99999842545672
2.169700000000282,49.99999842545672
2.169800000000282,49.99999842545672
2.1699000000002817,49.99999842545672
2.170000000000282,49.99999842545672
2.170100000000282,49.99999842545672
2.170200000000282,49.99999842545672
2.170300000000282,49.99999842545672
2.1704000000002823,49.99999842545672
2.1705000000002825,49.99999842545672
2.1706000000002823,49.99999842545672
2.170700000000282,49.99999842545672
2.1708000000002823,49.99999842545672
2.1709000000002825,49.99999842545672
2.1710000000002827,49.99999842545672
2.1711000000002825,49.99999842545672
2.1712000000002827,49.99999842545672
2.171300000000283,49.99999842545672
2.1714000000002827,49.99999842545672
2.1715000000002824,49.99999842545672
2.1716000000002826,49.99999842545672
2.1717000000002833,49.99999842545672
2.171800000000283,49.99999842545672
2.171900000000283,49.99999842545672
2.172000000000283,49.99999842545672
2.1721000000002832,49.99999842545672
2.172200000000283,49.99999842545672
2.1723000000002832,49.99999842545672
2.1724000000002834,49.99999842545672
2.1725000000002836,49.99999842545672
2.1726000000002834,49.99999842545672
2.172700000000283,49.99999842545672
2.1728000000002834,49.99999842545672
2.1729000000002836,49.99999842545672
2.173000000000284,49.99999842545672
2.1731000000002836,49.99999842545672
2.173200000000284,49.99999842545672
2.173300000000284,49.99999842545672
2.1734000000002838,49.99999842545672
2.1735000000002835,49.99999842545672
2.173600000000284,49.99999842545672
2.1737000000002844,49.99999842545672
2.173800000000284,49.99999842545672
2.173900000000284,49.99999842545672
2.174000000000284,49.99999842545672
2.1741000000002844,49.99999842545672
2.174200000000284,49.99999842545672
2.1743000000002843,49.99999842545672
2.1744000000002845,49.99999842545672
2.1745000000002848,49.99999842545672
2.1746000000002845,49.99999842545672
2.1747000000002843,49.99999842545672
2.1748000000002845,49.99999842545672
2.174900000000285,49.99999842545672
2.175000000000285,49.99999842545672
2.1751000000002847,49.99999842545672
2.175200000000285,49.99999842545672
2.175300000000285,49.99999842545672
2.175400000000285,49.99999842545672
2.1755000000002847,49.99999842545672
2.1756000000002853,49.99999842545672
2.1757000000002855,49.99999842545672
2.1758000000002853,49.99999842545672
2.175900000000285,49.99999842545672
2.1760000000002853,49.99999842545672
2.1761000000002855,49.99999842545672
2.1762000000002852,49.99999842545672
2.1763000000002855,49.99999842545672
2.1764000000002857,49.99999842545672
2.176500000000286,49.99999842545672
2.1766000000002856,49.99999842545672
2.1767000000002854,49.99999842545672
2.1768000000002856,49.99999842545672
2.1769000000002863,49.99999842545672
2.177000000000286,49.99999842545672
2.177100000000286,49.99999842545672
2.177200000000286,49.99999842545672
2.1773000000002862,49.99999842545672
2.177400000000286,49.99999842545672
2.1775000000002858,49.99999842545672
2.1776000000002864,49.99999842545672
2.1777000000002866,49.99999842545672
2.1778000000002864,49.99999842545672
2.177900000000286,49.99999842545672
2.1780000000002864,49.99999842545672
2.1781000000002866,49.99999842545672
2.178200000000287,49.99999842545672
2.1783000000002866,49.99999842545672
2.1784000000002868,49.99999842545672
2.178500000000287,49.99999842545672
2.1786000000002868,49.99999842545672
2.1787000000002865,49.99999842545672
2.1788000000002867,49.99999842545672
2.1789000000002874,49.99999842545672
2.179000000000287,49.99999842545672
2.179100000000287,49.99999842545672
2.179200000000287,49.99999842545672
2.1793000000002873,49.99999842545672
2.179400000000287,49.99999842545672
2.1795000000002873,49.99999842545672
2.1796000000002875,49.99999842545672
2.1797000000002877,49.99999842545672
2.1798000000002875,49.99999842545672
2.1799000000002873,49.99999842545672
2.1800000000002875,49.99999842545672
2.1801000000002877,49.99999842545672
2.180200000000288,49.99999842545672
2.1803000000002877,49.99999842545672
2.180400000000288,49.99999842545672
2.180500000000288,49.99999842545672
2.180600000000288,49.99999842545672
2.1807000000002876,49.99999842545672
2.1808000000002883,49.99999842545672
2.1809000000002885,49.99999842545672
2.1810000000002883,49.99999842545672
2.181100000000288,49.99999842545672
2.1812000000002882,49.99999842545672
2.1813000000002885,49.99999842545672
2.181400000000288,49.99999842545672
2.1815000000002884,49.99999842545672
2.1816000000002886,49.99999842545672
2.181700000000289,49.99999842545672
2.1818000000002886,49.99999842545672
2.1819000000002884,49.99999842545672
2.1820000000002886,49.99999842545672
2.182100000000289,49.99999842545672
2.182200000000289,49.99999842545672
2.182300000000289,49.99999842545672
2.182400000000289,49.99999842545672
2.182500000000289,49.99999842545672
2.182600000000289,49.99999842545672
2.1827000000002887,49.99999842545672
2.1828000000002894,49.99999842545672
2.1829000000002896,49.99999842545672
2.1830000000002894,49.99999842545672
2.183100000000289,49.99999842545672
2.1832000000002894,49.99999842545672
2.1833000000002896,49.99999842545672
2.1834000000002893,49.99999842545672
2.1835000000002895,49.99999842545672
2.1836000000002898,49.99999842545672
2.18370000000029,49.99999842545672
2.1838000000002897,49.99999842545672
2.1839000000002895,49.99999842545672
2.1840000000002897,49.99999842545672
2.1841000000002904,49.99999842545672
2.18420000000029,49.99999842545672
2.18430000000029,49.99999842545672
2.18440000000029,49.99999842545672
2.1845000000002903,49.99999842545672
2.18460000000029,49.99999842545672
2.18470000000029,49.99999842545672
2.1848000000002905,49.99999842545672
2.1849000000002907,49.99999842545672
2.1850000000002905,49.99999842545672
2.1851000000002903,49.99999842545672
2.1852000000002905,49.99999842545672
2.1853000000002907,49.99999842545672
2.185400000000291,49.99999842545672
2.1855000000002907,49.99999842545672
2.185600000000291,49.99999842545672
2.185700000000291,49.99999842545672
2.185800000000291,49.99999842545672
2.1859000000002906,49.99999842545672
2.186000000000291,49.99999842545672
2.1861000000002915,49.99999842545672
2.1862000000002912,49.99999842545672
2.186300000000291,49.99999842545672
2.186400000000291,49.99999842545672
2.1865000000002914,49.99999842545672
2.186600000000291,49.99999842545672
2.1867000000002914,49.99999842545672
2.1868000000002916,49.99999842545672
2.186900000000292,49.99999842545672
2.1870000000002916,49.99999842545672
2.1871000000002914,49.99999842545672
2.1872000000002916,49.99999842545672
2.187300000000292,49.99999842545672
2.187400000000292,49.99999842545672
2.1875000000002918,49.99999842545672
2.187600000000292,49.99999842545672
2.187700000000292,49.99999842545672
2.187800000000292,49.99999842545672
2.1879000000002917,49.99999842545672
2.188000000000292,49.99999842545672
2.1881000000002926,49.99999842545672
2.1882000000002924,49.99999842545672
2.188300000000292,49.99999842545672
2.1884000000002923,49.99999842545672
2.1885000000002925,49.99999842545672
2.1886000000002923,49.99999842545672
2.1887000000002925,49.99999842545672
2.1888000000002927,49.99999842545672
2.188900000000293,49.99999842545672
2.1890000000002927,49.99999842545672
2.1891000000002925,49.99999842545672
2.1892000000002927,49.99999842545672
2.189300000000293,49.99999842545672
2.189400000000293,49.99999842545672
2.189500000000293,49.99999842545672
2.189600000000293,49.99999842545672
2.1897000000002933,49.99999842545672
2.189800000000293,49.99999842545672
2.189900000000293,49.99999842545672
2.1900000000002935,49.99999842545672
2.1901000000002937,49.99999842545672
2.1902000000002935,49.99999842545672
2.1903000000002932,49.99999842545672
2.1904000000002934,49.99999842545672
2.1905000000002937,49.99999842545672
2.1906000000002934,49.99999842545672
2.1907000000002936,49.99999842545672
2.190800000000294,49.99999842545672
2.190900000000294,49.99999842545672
2.191000000000294,49.99999842545672
2.1911000000002936,49.99999842545672
2.191200000000294,49.99999842545672
2.191300000000294,49.99999842545672
2.1914000000002942,49.99999842545672
2.191500000000294,49.99999842545672
2.191600000000294,49.99999842545672
2.1917000000002944,49.99999842545672
2.191800000000294,49.99999842545672
2.191900000000294,49.99999842545672
2.1920000000002946,49.99999842545672
2.192100000000295,49.99999842545672
2.1922000000002946,49.99999842545672
2.1923000000002943,49.99999842545672
2.1924000000002946,49.99999842545672
2.1925000000002948,49.99999842545672
2.1926000000002945,49.99999842545672
2.1927000000002947,49.99999842545672
2.192800000000295,49.99999842545672
2.192900000000295,49.99999842545672
2.193000000000295,49.99999842545672
2.1931000000002947,49.99999842545672
2.193200000000295,49.99999842545672
2.1933000000002956,49.99999842545672
2.1934000000002953,49.99999842545672
2.193500000000295,49.99999842545672
2.1936000000002953,49.99999842545672
2.1937000000002955,49.99999842545672
2.1938000000002953,49.99999842545672
2.193900000000295,49.99999842545672
2.1940000000002957,49.99999842545672
2.194100000000296,49.99999842545672
2.1942000000002957,49.99999842545672
2.1943000000002955,49.99999842545672
2.1944000000002957,49.99999842545672
2.194500000000296,49.99999842545672
2.194600000000296,49.99999842545672
2.194700000000296,49.99999842545672
2.194800000000296,49.99999842545672
2.1949000000002963,49.99999842545672
2.195000000000296,49.99999842545672
2.195100000000296,49.99999842545672
2.195200000000296,49.99999842545672
2.1953000000002967,49.99999842545672
2.1954000000002964,49.99999842545672
2.195500000000296,49.99999842545672
2.1956000000002964,49.99999842545672
2.1957000000002966,49.99999842545672
2.1958000000002964,49.99999842545672
2.1959000000002966,49.99999842545672
2.196000000000297,49.99999842545672
2.196100000000297,49.99999842545672
2.196200000000297,49.99999842545672
2.1963000000002966,49.99999842545672
2.196400000000297,49.99999842545672
2.196500000000297,49.99999842545672
2.196600000000297,49.99999842545672
2.196700000000297,49.99999842545672
2.196800000000297,49.99999842545672
2.1969000000002974,49.99999842545672
2.197000000000297,49.99999842545672
2.197100000000297,49.99999842545672
2.197200000000297,49.99999842545672
2.197300000000298,49.99999842545672
2.1974000000002976,49.99999842545672
2.1975000000002973,49.99999842545672
2.1976000000002975,49.99999842545672
2.1977000000002977,49.99999842545672
2.1978000000002975,49.99999842545672
2.1979000000002977,49.99999842545672
2.198000000000298,49.99999842545672
2.198100000000298,49.99999842545672
2.198200000000298,49.99999842545672
2.1983000000002977,49.99999842545672
2.198400000000298,49.99999842545672
2.198500000000298,49.99999842545672
2.1986000000002983,49.99999842545672
2.198700000000298,49.99999842545672
2.1988000000002983,49.99999842545672
2.1989000000002985,49.99999842545672
2.1990000000002983,49.99999842545672
2.199100000000298,49.99999842545672
2.1992000000002987,49.99999842545672
2.199300000000299,49.99999842545672
2.1994000000002987,49.99999842545672
2.1995000000002984,49.99999842545672
2.1996000000002986,49.99999842545672
2.199700000000299,49.99999842545672
2.1998000000002986,49.99999842545672
2.199900000000299,49.99999842545672
2.200000000000299,49.99999842545672
2.2001000000002993,49.99999842545672
2.200200000000299,49.99999842545672
2.200300000000299,49.99999842545672
2.200400000000299,49.99999842545672
2.200500000000299,49.99999842545672
2.2006000000002994,49.99999842545672
2.200700000000299,49.99999842545672
2.2008000000002994,49.99999842545672
2.2009000000002996,49.99999842545672
2.2010000000002994,49.99999842545672
2.201100000000299,49.99999842545672
2.2012000000003,49.99999842545672
2.2013000000003,49.99999842545672
2.2014000000003,49.99999842545672
2.2015000000002996,49.99999842545672
2.2016000000002998,49.99999842545672
2.2017000000003,49.99999842545672
2.2018000000002997,49.99999842545672
2.2019000000003,49.99999842545672
2.2020000000003,49.99999842545672
2.2021000000003004,49.99999842545672
2.2022000000003,49.99999842545672
2.2023000000003,49.99999842545672
2.2024000000003,49.99999842545672
2.2025000000003008,49.99999842545672
2.2026000000003005,49.99999842545672
2.2027000000003003,49.99999842545672
2.2028000000003005,49.99999842545672
2.2029000000003007,49.99999842545672
2.2030000000003005,49.99999842545672
2.2031000000003003,49.99999842545672
2.203200000000301,49.99999842545672
2.203300000000301,49.99999842545672
2.203400000000301,49.99999842545672
2.2035000000003007,49.99999842545672
2.203600000000301,49.99999842545672
2.203700000000301,49.99999842545672
2.2038000000003013,49.99999842545672
2.203900000000301,49.99999842545672
2.2040000000003013,49.99999842545672
2.2041000000003015,49.99999842545672
2.2042000000003013,49.99999842545672
2.204300000000301,49.99999842545672
2.2044000000003012,49.99999842545672
2.204500000000302,49.99999842545672
2.2046000000003017,49.99999842545672
2.2047000000003014,49.99999842545672
2.2048000000003016,49.99999842545672
2.204900000000302,49.99999842545672
2.2050000000003016,49.99999842545672
2.205100000000302,49.99999842545672
2.205200000000302,49.99999842545672
2.2053000000003022,49.99999842545672
2.205400000000302,49.99999842545672
2.2055000000003018,49.99999842545672
2.205600000000302,49.99999842545672
2.205700000000302,49.99999842545672
2.2058000000003024,49.99999842545672
2.205900000000302,49.99999842545672
2.2060000000003024,49.99999842545672
2.2061000000003026,49.99999842545672
2.2062000000003024,49.99999842545672
2.206300000000302,49.99999842545672
2.2064000000003023,49.99999842545672
2.206500000000303,49.99999842545672
2.2066000000003028,49.99999842545672
2.2067000000003025,49.99999842545672
2.2068000000003027,49.99999842545672
2.206900000000303,49.99999842545672
2.2070000000003027,49.99999842545672
2.207100000000303,49.99999842545672
2.207200000000303,49.99999842545672
2.2073000000003034,49.99999842545672
2.207400000000303,49.99999842545672
2.207500000000303,49.99999842545672
2.207600000000303,49.99999842545672
2.2077000000003033,49.99999842545672
2.2078000000003035,49.99999842545672
2.2079000000003033,49.99999842545672
2.2080000000003035,49.99999842545672
2.2081000000003037,49.99999842545672
2.2082000000003035,49.99999842545672
2.2083000000003032,49.99999842545672
2.208400000000304,49.99999842545672
2.208500000000304,49.99999842545672
2.208600000000304,49.99999842545672
2.2087000000003036,49.99999842545672
2.208800000000304,49.99999842545672
2.208900000000304,49.99999842545672
2.209000000000304,49.99999842545672
2.209100000000304,49.99999842545672
2.2092000000003043,49.99999842545672
2.2093000000003045,49.99999842545672
2.2094000000003042,49.99999842545672
2.209500000000304,49.99999842545672
2.209600000000304,49.99999842545672
2.209700000000305,49.99999842545672
2.2098000000003046,49.99999842545672
2.2099000000003044,49.99999842545672
2.2100000000003046,49.99999842545672
2.210100000000305,49.99999842545672
2.2102000000003046,49.99999842545672
2.2103000000003044,49.99999842545672
2.210400000000305,49.99999842545672
2.210500000000305,49.99999842545672
2.210600000000305,49.99999842545672
2.2107000000003048,49.99999842545672
2.210800000000305,49.99999842545672
2.210900000000305,49.99999842545672
2.2110000000003054,49.99999842545672
2.211100000000305,49.99999842545672
2.2112000000003054,49.99999842545672
2.2113000000003056,49.99999842545672
2.2114000000003053,49.99999842545672
2.211500000000305,49.99999842545672
2.2116000000003053,49.99999842545672
2.211700000000306,49.99999842545672
2.2118000000003057,49.99999842545672
2.2119000000003055,49.99999842545672
2.2120000000003057,49.99999842545672
2.212100000000306,49.99999842545672
2.2122000000003057,49.99999842545672
2.2123000000003055,49.99999842545672
2.212400000000306,49.99999842545672
2.2125000000003063,49.99999842545672
2.212600000000306,49.99999842545672
2.212700000000306,49.99999842545672
2.212800000000306,49.99999842545672
2.2129000000003063,49.99999842545672
2.2130000000003065,49.99999842545672
2.2131000000003063,49.99999842545672
2.2132000000003065,49.99999842545672
2.2133000000003067,49.99999842545672
2.2134000000003065,49.99999842545672
2.2135000000003062,49.99999842545672
2.2136000000003064,49.99999842545672
2.213700000000307,49.99999842545672
2.213800000000307,49.99999842545672
2.2139000000003066,49.99999842545672
2.214000000000307,49.99999842545672
2.214100000000307,49.99999842545672
2.214200000000307,49.99999842545672
2.214300000000307,49.99999842545672
2.2144000000003072,49.99999842545672
2.2145000000003074,49.99999842545672
2.214600000000307,49.99999842545672
2.214700000000307,49.99999842545672
2.214800000000307,49.99999842545672
2.2149000000003074,49.99999842545672
2.2150000000003076,49.99999842545672
2.2151000000003074,49.99999842545672
2.2152000000003076,49.99999842545672
2.215300000000308,49.99999842545672
2.2154000000003076,49.99999842545672
2.2155000000003073,49.99999842545672
2.215600000000308,49.99999842545672
2.215700000000308,49.99999842545672
2.215800000000308,49.99999842545672
2.2159000000003077,49.99999842545672
2.216000000000308,49.99999842545672
2.216100000000308,49.99999842545672
2.216200000000308,49.99999842545672
2.216300000000308,49.99999842545672
2.2164000000003083,49.99999842545672
2.2165000000003086,49.99999842545672
2.2166000000003083,49.99999842545672
2.216700000000308,49.99999842545672
2.2168000000003083,49.99999842545672
2.2169000000003085,49.99999842545672
2.2170000000003087,49.99999842545672
2.2171000000003085,49.99999842545672
2.2172000000003087,49.99999842545672
2.217300000000309,49.99999842545672
2.2174000000003087,49.99999842545672
2.2175000000003084,49.99999842545672
2.217600000000309,49.99999842545672
2.2177000000003093,49.99999842545672
2.217800000000309,49.99999842545672
2.217900000000309,49.99999842545672
2.218000000000309,49.99999842545672
2.2181000000003093,49.99999842545672
2.218200000000309,49.99999842545672
2.2183000000003092,49.99999842545672
2.2184000000003095,49.99999842545672
2.2185000000003097,49.99999842545672
2.2186000000003094,49.99999842545672
2.218700000000309,49.99999842545672
2.2188000000003094,49.99999842545672
2.21890000000031,49.99999842545672
2.21900000000031,49.99999842545672
2.2191000000003096,49.99999842545672
2.21920000000031,49.99999842545672
2.21930000000031,49.99999842545672
2.21940000000031,49.99999842545672
2.2195000000003096,49.99999842545672
2.21960000000031,49.99999842545672
2.2197000000003104,49.99999842545672
2.21980000000031,49.99999842545672
2.21990000000031,49.99999842545672
2.22000000000031,49.99999842545672
2.2201000000003104,49.99999842545672
2.2202000000003106,49.99999842545672
2.2203000000003104,49.99999842545672
2.2204000000003106,49.99999842545672
2.220500000000311,49.99999842545672
2.2206000000003105,49.99999842545672
2.2207000000003103,49.99999842545672
2.2208000000003105,49.99999842545672
2.220900000000311,49.99999842545672
2.221000000000311,49.99999842545672
2.2211000000003107,49.99999842545672
2.221200000000311,49.99999842545672
2.221300000000311,49.99999842545672
2.221400000000311,49.99999842545672
2.221500000000311,49.99999842545672
2.2216000000003113,49.99999842545672
2.2217000000003115,49.99999842545672
2.2218000000003113,49.99999842545672
2.221900000000311,49.99999842545672
2.2220000000003113,49.99999842545672
2.2221000000003115,49.99999842545672
2.2222000000003117,49.99999842545672
2.2223000000003115,49.99999842545672
2.2224000000003117,49.99999842545672
2.222500000000312,49.99999842545672
2.2226000000003117,49.99999842545672
2.2227000000003114,49.99999842545672
2.2228000000003116,49.99999842545672
2.2229000000003123,49.99999842545672
2.223000000000312,49.99999842545672
2.223100000000312,49.99999842545672
2.223200000000312,49.99999842545672
2.2233000000003122,49.99999842545672
2.223400000000312,49.99999842545672
2.2235000000003122,49.99999842545672
2.2236000000003124,49.99999842545672
2.2237000000003126,49.99999842545672
2.2238000000003124,49.99999842545672
2.223900000000312,49.99999842545672
2.2240000000003124,49.99999842545672
2.2241000000003126,49.99999842545672
2.224200000000313,49.99999842545672
2.2243000000003126,49.99999842545672
2.224400000000313,49.99999842545672
2.224500000000313,49.99999842545672
2.2246000000003128,49.99999842545672
2.2247000000003125,49.99999842545672
2.224800000000313,49.99999842545672
2.2249000000003134,49.99999842545672
2.225000000000313,49.99999842545672
2.225100000000313,49.99999842545672
2.225200000000313,49.99999842545672
2.2253000000003134,49.99999842545672
2.225400000000313,49.99999842545672
2.2255000000003133,49.99999842545672
2.2256000000003135,49.99999842545672
2.2257000000003138,49.99999842545672
2.2258000000003135,49.99999842545672
2.2259000000003133,49.99999842545672
2.2260000000003135,49.99999842545672
2.226100000000314,49.99999842545672
2.226200000000314,49.99999842545672
2.2263000000003137,49.99999842545672
2.226400000000314,49.99999842545672
2.226500000000314,49.99999842545672
2.226600000000314,49.99999842545672
2.2267000000003137,49.99999842545672
2.2268000000003143,49.99999842545672
2.2269000000003145,49.99999842545672
2.2270000000003143,49.99999842545672
2.227100000000314,49.99999842545672
2.2272000000003143,49.99999842545672
2.2273000000003145,49.99999842545672
2.2274000000003142,49.99999842545672
2.2275000000003145,49.99999842545672
2.2276000000003147,49.99999842545672
2.227700000000315,49.99999842545672
2.2278000000003146,49.99999842545672
2.2279000000003144,49.99999842545672
2.2280000000003146,49.99999842545672
2.2281000000003153,49.99999842545672
2.228200000000315,49.99999842545672
2.228300000000315,49.99999842545672
2.228400000000315,49.99999842545672
2.2285000000003152,49.99999842545672
2.228600000000315,49.99999842545672
2.2287000000003148,49.99999842545672
2.2288000000003154,49.99999842545672
2.2289000000003156,49.99999842545672
2.2290000000003154,49.99999842545672
2.229100000000315,49.99999842545672
2.2292000000003154,49.99999842545672
2.2293000000003156,49.99999842545672
2.229400000000316,49.99999842545672
2.2295000000003156,49.99999842545672
2.2296000000003158,49.99999842545672
2.229700000000316,49.99999842545672
2.2298000000003158,49.99999842545672
2.2299000000003155,49.99999842545672
2.2300000000003157,49.99999842545672
2.2301000000003164,49.99999842545672
2.230200000000316,49.99999842545672
2.230300000000316,49.99999842545672
2.230400000000316,49.99999842545672
2.2305000000003163,49.99999842545672
2.230600000000316,49.99999842545672
2.2307000000003163,49.99999842545672
2.2308000000003165,49.99999842545672
2.2309000000003167,49.99999842545672
2.2310000000003165,49.99999842545672
2.2311000000003163,49.99999842545672
2.2312000000003165,49.99999842545672
2.2313000000003167,49.99999842545672
2.231400000000317,49.99999842545672
2.2315000000003167,49.99999842545672
2.231600000000317,49.99999842545672
2.231700000000317,49.99999842545672
2.231800000000317,49.99999842545672
2.2319000000003166,49.99999842545672
2.2320000000003173,49.99999842545672
2.2321000000003175,49.99999842545672
2.2322000000003173,49.99999842545672
2.232300000000317,49.99999842545672
2.2324000000003172,49.99999842545672
2.2325000000003175,49.99999842545672
2.232600000000317,49.99999842545672
2.2327000000003174,49.99999842545672
2.2328000000003176,49.99999842545672
2.232900000000318,49.99999842545672
2.2330000000003176,49.99999842545672
2.2331000000003174,49.99999842545672
2.2332000000003176,49.99999842545672
2.233300000000318,49.99999842545672
2.233400000000318,49.99999842545672
2.233500000000318,49.99999842545672
2.233600000000318,49.99999842545672
2.233700000000318,49.99999842545672
2.233800000000318,49.99999842545672
2.2339000000003177,49.99999842545672
2.2340000000003184,49.99999842545672
2.2341000000003186,49.99999842545672
2.2342000000003184,49.99999842545672
2.234300000000318,49.99999842545672
2.2344000000003184,49.99999842545672
2.2345000000003186,49.99999842545672
2.2346000000003183,49.99999842545672
2.2347000000003185,49.99999842545672
2.2348000000003188,49.99999842545672
2.234900000000319,49.99999842545672
2.2350000000003187,49.99999842545672
2.2351000000003185,49.99999842545672
2.2352000000003187,49.99999842545672
2.2353000000003194,49.99999842545672
2.235400000000319,49.99999842545672
2.235500000000319,49.99999842545672
2.235600000000319,49.99999842545672
2.2357000000003193,49.99999842545672
2.235800000000319,49.99999842545672
2.235900000000319,49.99999842545672
2.2360000000003195,49.99999842545672
2.2361000000003197,49.99999842545672
2.2362000000003195,49.99999842545672
2.2363000000003193,49.99999842545672
2.2364000000003195,49.99999842545672
2.2365000000003197,49.99999842545672
2.23660000000032,49.99999842545672
2.2367000000003197,49.99999842545672
2.23680000000032,49.99999842545672
2.23690000000032,49.99999842545672
2.23700000000032,49.99999842545672
2.2371000000003196,49.99999842545672
2.23720000000032,49.99999842545672
2.2373000000003205,49.99999842545672
2.2374000000003202,49.99999842545672
2.23750000000032,49.99999842545672
2.23760000000032,49.99999842545672
2.2377000000003204,49.99999842545672
2.23780000000032,49.99999842545672
2.2379000000003204,49.99999842545672
2.2380000000003206,49.99999842545672
2.238100000000321,49.99999842545672
2.2382000000003206,49.99999842545672
2.2383000000003204,49.99999842545672
2.2384000000003206,49.99999842545672
2.238500000000321,49.99999842545672
2.238600000000321,49.99999842545672
2.2387000000003208,49.99999842545672
2.238800000000321,49.99999842545672
2.238900000000321,49.99999842545672
2.239000000000321,49.99999842545672
2.2391000000003207,49.99999842545672
2.239200000000321,49.99999842545672
2.2393000000003216,49.99999842545672
2.2394000000003214,49.99999842545672
2.239500000000321,49.99999842545672
2.2396000000003213,49.99999842545672
2.2397000000003215,49.99999842545672
2.2398000000003213,49.99999842545672
2.2399000000003215,49.99999842545672
2.2400000000003217,49.99999842545672
2.240100000000322,49.99999842545672
2.2402000000003217,49.99999842545672
2.2403000000003215,49.99999842545672
2.2404000000003217,49.99999842545672
2.240500000000322,49.99999842545672
2.240600000000322,49.99999842545672
2.240700000000322,49.99999842545672
2.240800000000322,49.99999842545672
2.2409000000003223,49.99999842545672
2.241000000000322,49.99999842545672
2.241100000000322,49.99999842545672
2.2412000000003225,49.99999842545672
2.2413000000003227,49.99999842545672
2.2414000000003225,49.99999842545672
2.2415000000003222,49.99999842545672
2.2416000000003224,49.99999842545672
2.2417000000003227,49.99999842545672
2.2418000000003224,49.99999842545672
2.2419000000003226,49.99999842545672
2.242000000000323,49.99999842545672
2.242100000000323,49.99999842545672
2.242200000000323,49.99999842545672
2.2423000000003226,49.99999842545672
2.242400000000323,49.99999842545672
2.242500000000323,49.99999842545672
2.2426000000003232,49.99999842545672
2.242700000000323,49.99999842545672
2.242800000000323,49.99999842545672
2.2429000000003234,49.99999842545672
2.243000000000323,49.99999842545672
2.243100000000323,49.99999842545672
2.2432000000003236,49.99999842545672
2.243300000000324,49.99999842545672
2.2434000000003236,49.99999842545672
2.2435000000003233,49.99999842545672
2.2436000000003236,49.99999842545672
2.2437000000003238,49.99999842545672
2.2438000000003235,49.99999842545672
2.2439000000003237,49.99999842545672
2.244000000000324,49.99999842545672
2.244100000000324,49.99999842545672
2.244200000000324,49.99999842545672
2.2443000000003237,49.99999842545672
2.244400000000324,49.99999842545672
2.2445000000003246,49.99999842545672
2.2446000000003243,49.99999842545672
2.244700000000324,49.99999842545672
2.2448000000003243,49.99999842545672
2.2449000000003245,49.99999842545672
2.2450000000003243,49.99999842545672
2.245100000000324,49.99999842545672
2.2452000000003247,49.99999842545672
2.245300000000325,49.99999842545672
2.2454000000003247,49.99999842545672
2.2455000000003245,49.99999842545672
2.2456000000003247,49.99999842545672
2.245700000000325,49.99999842545672
2.245800000000325,49.99999842545672
2.245900000000325,49.99999842545672
2.246000000000325,49.99999842545672
2.2461000000003253,49.99999842545672
2.246200000000325,49.99999842545672
2.246300000000325,49.99999842545672
2.246400000000325,49.99999842545672
2.2465000000003257,49.99999842545672
2.2466000000003254,49.99999842545672
2.246700000000325,49.99999842545672
2.2468000000003254,49.99999842545672
2.2469000000003256,49.99999842545672
2.2470000000003254,49.99999842545672
2.2471000000003256,49.99999842545672
2.247200000000326,49.99999842545672
2.247300000000326,49.99999842545672
2.247400000000326,49.99999842545672
2.2475000000003256,49.99999842545672
2.247600000000326,49.99999842545672
2.247700000000326,49.99999842545672
2.247800000000326,49.99999842545672
2.247900000000326,49.99999842545672
2.248000000000326,49.99999842545672
2.2481000000003264,49.99999842545672
2.248200000000326,49.99999842545672
2.248300000000326,49.99999842545672
2.248400000000326,49.99999842545672
2.248500000000327,49.99999842545672
2.2486000000003266,49.99999842545672
2.2487000000003263,49.99999842545672
2.2488000000003265,49.99999842545672
2.2489000000003267,49.99999842545672
2.2490000000003265,49.99999842545672
2.2491000000003267,49.99999842545672
2.249200000000327,49.99999842545672
2.249300000000327,49.99999842545672
2.249400000000327,49.99999842545672
2.2495000000003267,49.99999842545672
2.249600000000327,49.99999842545672
2.249700000000327,49.99999842545672
2.2498000000003273,49.99999842545672
2.249900000000327,49.99999842545672
2.2500000000003273,49.99999842545672
2.2501000000003275,49.99999842545672
2.2502000000003273,49.99999842545672
2.250300000000327,49.99999842545672
2.2504000000003277,49.99999842545672
2.250500000000328,49.99999842545672
2.2506000000003277,49.99999842545672
2.2507000000003274,49.99999842545672
2.2508000000003276,49.99999842545672
2.250900000000328,49.99999842545672
2.2510000000003276,49.99999842545672
2.251100000000328,49.99999842545672
2.251200000000328,49.99999842545672
2.2513000000003283,49.99999842545672
2.251400000000328,49.99999842545672
2.251500000000328,49.99999842545672
2.251600000000328,49.99999842545672
2.251700000000328,49.99999842545672
2.2518000000003284,49.99999842545672
2.251900000000328,49.99999842545672
2.2520000000003284,49.99999842545672
2.2521000000003286,49.99999842545672
2.2522000000003284,49.99999842545672
2.252300000000328,49.99999842545672
2.252400000000329,49.99999842545672
2.252500000000329,49.99999842545672
2.252600000000329,49.99999842545672
2.2527000000003286,49.99999842545672
2.2528000000003288,49.99999842545672
2.252900000000329,49.99999842545672
2.2530000000003287,49.99999842545672
2.253100000000329,49.99999842545672
2.253200000000329,49.99999842545672
2.2533000000003294,49.99999842545672
2.253400000000329,49.99999842545672
2.253500000000329,49.99999842545672
2.253600000000329,49.99999842545672
2.2537000000003298,49.99999842545672
2.2538000000003295,49.99999842545672
2.2539000000003293,49.99999842545672
2.2540000000003295,49.99999842545672
2.2541000000003297,49.99999842545672
2.2542000000003295,49.99999842545672
2.2543000000003293,49.99999842545672
2.25440000000033,49.99999842545672
2.25450000000033,49.99999842545672
2.25460000000033,49.99999842545672
2.2547000000003297,49.99999842545672
2.25480000000033,49.99999842545672
2.25490000000033,49.99999842545672
2.2550000000003303,49.99999842545672
2.25510000000033,49.99999842545672
2.2552000000003303,49.99999842545672
2.2553000000003305,49.99999842545672
2.2554000000003303,49.99999842545672
2.25550000000033,49.99999842545672
2.2556000000003302,49.99999842545672
2.255700000000331,49.99999842545672
2.2558000000003307,49.99999842545672
2.2559000000003304,49.99999842545672
2.2560000000003306,49.99999842545672
2.256100000000331,49.99999842545672
2.2562000000003306,49.99999842545672
2.256300000000331,49.99999842545672
2.256400000000331,49.99999842545672
2.2565000000003312,49.99999842545672
2.256600000000331,49.99999842545672
2.2567000000003308,49.99999842545672
2.256800000000331,49.99999842545672
2.256900000000331,49.99999842545672
2.2570000000003314,49.99999842545672
2.257100000000331,49.99999842545672
2.2572000000003314,49.99999842545672
2.2573000000003316,49.99999842545672
2.2574000000003314,49.99999842545672
2.257500000000331,49.99999842545672
2.2576000000003313,49.99999842545672
2.257700000000332,49.99999842545672
2.2578000000003318,49.99999842545672
2.2579000000003315,49.99999842545672
2.2580000000003317,49.99999842545672
2.258100000000332,49.99999842545672
2.2582000000003317,49.99999842545672
2.258300000000332,49.99999842545672
2.258400000000332,49.99999842545672
2.2585000000003324,49.99999842545672
2.258600000000332,49.99999842545672
2.258700000000332,49.99999842545672
2.258800000000332,49.99999842545672
2.2589000000003323,49.99999842545672
2.2590000000003325,49.99999842545672
2.2591000000003323,49.99999842545672
2.2592000000003325,49.99999842545672
2.2593000000003327,49.99999842545672
2.2594000000003325,49.99999842545672
2.2595000000003322,49.99999842545672
2.259600000000333,49.99999842545672
2.259700000000333,49.99999842545672
2.259800000000333,49.99999842545672
2.2599000000003326,49.99999842545672
2.260000000000333,49.99999842545672
2.260100000000333,49.99999842545672
2.260200000000333,49.99999842545672
2.260300000000333,49.99999842545672
2.2604000000003333,49.99999842545672
2.2605000000003335,49.99999842545672
2.2606000000003332,49.99999842545672
2.260700000000333,49.99999842545672
2.260800000000333,49.99999842545672
2.260900000000334,49.99999842545672
2.2610000000003336,49.99999842545672
2.2611000000003334,49.99999842545672
2.2612000000003336,49.99999842545672
2.261300000000334,49.99999842545672
2.2614000000003336,49.99999842545672
2.2615000000003334,49.99999842545672
2.261600000000334,49.99999842545672
2.261700000000334,49.99999842545672
2.261800000000334,49.99999842545672
2.2619000000003338,49.99999842545672
2.262000000000334,49.99999842545672
2.262100000000334,49.99999842545672
2.2622000000003344,49.99999842545672
2.262300000000334,49.99999842545672
2.2624000000003344,49.99999842545672
2.2625000000003346,49.99999842545672
2.2626000000003343,49.99999842545672
2.262700000000334,49.99999842545672
2.2628000000003343,49.99999842545672
2.262900000000335,49.99999842545672
2.2630000000003347,49.99999842545672
2.2631000000003345,49.99999842545672
2.2632000000003347,49.99999842545672
2.263300000000335,49.99999842545672
2.2634000000003347,49.99999842545672
2.2635000000003345,49.99999842545672
2.263600000000335,49.99999842545672
2.2637000000003353,49.99999842545672
2.263800000000335,49.99999842545672
2.263900000000335,49.99999842545672
2.264000000000335,49.99999842545672
2.2641000000003353,49.99999842545672
2.2642000000003355,49.99999842545672
2.2643000000003353,49.99999842545672
2.2644000000003355,49.99999842545672
2.2645000000003357,49.99999842545672
2.2646000000003355,49.99999842545672
2.2647000000003352,49.99999842545672
2.2648000000003354,49.99999842545672
2.264900000000336,49.99999842545672
2.265000000000336,49.99999842545672
2.2651000000003356,49.99999842545672
2.265200000000336,49.99999842545672
2.265300000000336,49.99999842545672
2.265400000000336,49.99999842545672
2.265500000000336,49.99999842545672
2.2656000000003362,49.99999842545672
2.2657000000003364,49.99999842545672
2.265800000000336,49.99999842545672
2.265900000000336,49.99999842545672
2.266000000000336,49.99999842545672
2.2661000000003364,49.99999842545672
2.2662000000003366,49.99999842545672
2.2663000000003364,49.99999842545672
2.2664000000003366,49.99999842545672
2.266500000000337,49.99999842545672
2.2666000000003366,49.99999842545672
2.2667000000003363,49.99999842545672
2.266800000000337,49.99999842545672
2.266900000000337,49.99999842545672
2.267000000000337,49.99999842545672
2.2671000000003367,49.99999842545672
2.267200000000337,49.99999842545672
2.267300000000337,49.99999842545672
2.267400000000337,49.99999842545672
2.267500000000337,49.99999842545672
2.2676000000003373,49.99999842545672
2.2677000000003376,49.99999842545672
2.2678000000003373,49.99999842545672
2.267900000000337,49.99999842545672
2.2680000000003373,49.99999842545672
2.2681000000003375,49.99999842545672
2.2682000000003377,49.99999842545672
2.2683000000003375,49.99999842545672
2.2684000000003377,49.99999842545672
2.268500000000338,49.99999842545672
2.2686000000003377,49.99999842545672
2.2687000000003374,49.99999842545672
2.268800000000338,49.99999842545672
2.2689000000003383,49.99999842545672
2.269000000000338,49.99999842545672
2.269100000000338,49.99999842545672
2.269200000000338,49.99999842545672
2.2693000000003383,49.99999842545672
2.269400000000338,49.99999842545672
2.2695000000003382,49.99999842545672
2.2696000000003385,49.99999842545672
2.2697000000003387,49.99999842545672
2.2698000000003384,49.99999842545672
2.269900000000338,49.99999842545672
2.2700000000003384,49.99999842545672
2.270100000000339,49.99999842545672
2.270200000000339,49.99999842545672
2.2703000000003386,49.99999842545672
2.270400000000339,49.99999842545672
2.270500000000339,49.99999842545672
2.270600000000339,49.99999842545672
2.2707000000003386,49.99999842545672
2.270800000000339,49.99999842545672
2.2709000000003394,49.99999842545672
2.271000000000339,49.99999842545672
2.271100000000339,49.99999842545672
2.271200000000339,49.99999842545672
2.2713000000003394,49.99999842545672
2.2714000000003396,49.99999842545672
2.2715000000003394,49.99999842545672
2.2716000000003396,49.99999842545672
2.27170000000034,49.99999842545672
2.2718000000003395,49.99999842545672
2.2719000000003393,49.99999842545672
2.2720000000003395,49.99999842545672
2.27210000000034,49.99999842545672
2.27220000000034,49.99999842545672
2.2723000000003397,49.99999842545672
2.27240000000034,49.99999842545672
2.27250000000034,49.99999842545672
2.27260000000034,49.99999842545672
2.27270000000034,49.99999842545672
2.2728000000003403,49.99999842545672
2.2729000000003405,49.99999842545672
2.2730000000003403,49.99999842545672
2.27310000000034,49.99999842545672
2.2732000000003403,49.99999842545672
2.2733000000003405,49.99999842545672
2.2734000000003407,49.99999842545672
2.2735000000003405,49.99999842545672
2.2736000000003407,49.99999842545672
2.273700000000341,49.99999842545672
2.2738000000003407,49.99999842545672
2.2739000000003404,49.99999842545672
2.2740000000003406,49.99999842545672
2.2741000000003413,49.99999842545672
2.274200000000341,49.99999842545672
2.274300000000341,49.99999842545672
2.274400000000341,49.99999842545672
2.2745000000003412,49.99999842545672
2.274600000000341,49.99999842545672
2.2747000000003412,49.99999842545672
2.2748000000003414,49.99999842545672
2.2749000000003416,49.99999842545672
2.2750000000003414,49.99999842545672
2.275100000000341,49.99999842545672
2.2752000000003414,49.99999842545672
2.2753000000003416,49.99999842545672
2.275400000000342,49.99999842545672
2.2755000000003416,49.99999842545672
2.275600000000342,49.99999842545672
2.275700000000342,49.99999842545672
2.2758000000003418,49.99999842545672
2.2759000000003415,49.99999842545672
2.276000000000342,49.99999842545672
2.2761000000003424,49.99999842545672
2.276200000000342,49.99999842545672
2.276300000000342,49.99999842545672
2.276400000000342,49.99999842545672
2.2765000000003424,49.99999842545672
2.276600000000342,49.99999842545672
2.2767000000003423,49.99999842545672
2.2768000000003425,49.99999842545672
2.2769000000003428,49.99999842545672
2.2770000000003425,49.99999842545672
2.2771000000003423,49.99999842545672
2.2772000000003425,49.99999842545672
2.277300000000343,49.99999842545672
2.277400000000343,49.99999842545672
2.2775000000003427,49.99999842545672
2.277600000000343,49.99999842545672
2.277700000000343,49.99999842545672
2.277800000000343,49.99999842545672
2.2779000000003427,49.99999842545672
2.2780000000003433,49.99999842545672
2.2781000000003435,49.99999842545672
2.2782000000003433,49.99999842545672
2.278300000000343,49.99999842545672
2.2784000000003433,49.99999842545672
2.2785000000003435,49.99999842545672
2.2786000000003432,49.99999842545672
2.2787000000003435,49.99999842545672
2.2788000000003437,49.99999842545672
2.278900000000344,49.99999842545672
2.2790000000003436,49.99999842545672
2.2791000000003434,49.99999842545672
2.2792000000003436,49.99999842545672
2.2793000000003443,49.99999842545672
2.279400000000344,49.99999842545672
2.279500000000344,49.99999842545672
2.279600000000344,49.99999842545672
2.2797000000003442,49.99999842545672
2.279800000000344,49.99999842545672
2.2799000000003438,49.99999842545672
2.2800000000003444,49.99999842545672
2.2801000000003446,49.99999842545672
2.2802000000003444,49.99999842545672
2.280300000000344,49.99999842545672
2.2804000000003444,49.99999842545672
2.2805000000003446,49.99999842545672
2.280600000000345,49.99999842545672
2.2807000000003446,49.99999842545672
2.2808000000003448,49.99999842545672
2.280900000000345,49.99999842545672
2.2810000000003448,49.99999842545672
2.2811000000003445,49.99999842545672
2.2812000000003447,49.99999842545672
2.2813000000003454,49.99999842545672
2.281400000000345,49.99999842545672
2.281500000000345,49.99999842545672
2.281600000000345,49.99999842545672
2.2817000000003453,49.99999842545672
2.281800000000345,49.99999842545672
2.2819000000003453,49.99999842545672
2.2820000000003455,49.99999842545672
2.2821000000003457,49.99999842545672
2.2822000000003455,49.99999842545672
2.2823000000003453,49.99999842545672
2.2824000000003455,49.99999842545672
2.2825000000003457,49.99999842545672
2.282600000000346,49.99999842545672
2.2827000000003457,49.99999842545672
2.282800000000346,49.99999842545672
2.282900000000346,49.99999842545672
2.283000000000346,49.99999842545672
2.2831000000003456,49.99999842545672
2.2832000000003463,49.99999842545672
2.2833000000003465,49.99999842545672
2.2834000000003463,49.99999842545672
2.283500000000346,49.99999842545672
2.2836000000003462,49.99999842545672
2.2837000000003465,49.99999842545672
2.283800000000346,49.99999842545672
2.2839000000003464,49.99999842545672
2.2840000000003466,49.99999842545672
2.284100000000347,49.99999842545672
2.2842000000003466,49.99999842545672
2.2843000000003464,49.99999842545672
2.2844000000003466,49.99999842545672
2.284500000000347,49.99999842545672
2.284600000000347,49.99999842545672
2.284700000000347,49.99999842545672
2.284800000000347,49.99999842545672
2.284900000000347,49.99999842545672
2.285000000000347,49.99999842545672
2.2851000000003467,49.99999842545672
2.2852000000003474,49.99999842545672
2.2853000000003476,49.99999842545672
2.2854000000003474,49.99999842545672
2.285500000000347,49.99999842545672
2.2856000000003474,49.99999842545672
2.2857000000003476,49.99999842545672
2.2858000000003473,49.99999842545672
2.2859000000003475,49.99999842545672
2.2860000000003478,49.99999842545672
2.286100000000348,49.99999842545672
2.2862000000003477,49.99999842545672
2.2863000000003475,49.99999842545672
2.2864000000003477,49.99999842545672
2.2865000000003484,49.99999842545672
2.286600000000348,49.99999842545672
2.286700000000348,49.99999842545672
2.286800000000348,49.99999842545672
2.2869000000003483,49.99999842545672
2.287000000000348,49.99999842545672
2.287100000000348,49.99999842545672
2.2872000000003485,49.99999842545672
2.2873000000003487,49.99999842545672
2.2874000000003485,49.99999842545672
2.2875000000003483,49.99999842545672
2.2876000000003485,49.99999842545672
2.2877000000003487,49.99999842545672
2.287800000000349,49.99999842545672
2.2879000000003487,49.99999842545672
2.288000000000349,49.99999842545672
2.288100000000349,49.99999842545672
2.288200000000349,49.99999842545672
2.2883000000003486,49.99999842545672
2.288400000000349,49.99999842545672
2.2885000000003495,49.99999842545672
2.2886000000003492,49.99999842545672
2.288700000000349,49.99999842545672
2.288800000000349,49.99999842545672
2.2889000000003494,49.99999842545672
2.289000000000349,49.99999842545672
2.2891000000003494,49.99999842545672
2.2892000000003496,49.99999842545672
2.28930000000035,49.99999842545672
2.2894000000003496,49.99999842545672
2.2895000000003494,49.99999842545672
2.2896000000003496,49.99999842545672
2.28970000000035,49.99999842545672
2.28980000000035,49.99999842545672
2.2899000000003498,49.99999842545672
2.29000000000035,49.99999842545672
2.29010000000035,49.99999842545672
2.29020000000035,49.99999842545672
2.2903000000003497,49.99999842545672
2.29040000000035,49.99999842545672
2.2905000000003506,49.99999842545672
2.2906000000003504,49.99999842545672
2.29070000000035,49.99999842545672
2.2908000000003503,49.99999842545672
2.2909000000003505,49.99999842545672
2.2910000000003503,49.99999842545672
2.2911000000003505,49.99999842545672
2.2912000000003507,49.99999842545672
2.291300000000351,49.99999842545672
2.2914000000003507,49.99999842545672
2.2915000000003505,49.99999842545672
2.2916000000003507,49.99999842545672
2.291700000000351,49.99999842545672
2.291800000000351,49.99999842545672
2.291900000000351,49.99999842545672
2.292000000000351,49.99999842545672
2.2921000000003513,49.99999842545672
2.292200000000351,49.99999842545672
2.292300000000351,49.99999842545672
2.2924000000003515,49.99999842545672
2.2925000000003517,49.99999842545672
2.2926000000003515,49.99999842545672
2.2927000000003512,49.99999842545672
2.2928000000003514,49.99999842545672
2.2929000000003517,49.99999842545672
2.2930000000003514,49.99999842545672
2.2931000000003516,49.99999842545672
2.293200000000352,49.99999842545672
2.293300000000352,49.99999842545672
2.293400000000352,49.99999842545672
2.2935000000003516,49.99999842545672
2.293600000000352,49.99999842545672
2.293700000000352,49.99999842545672
2.2938000000003522,49.99999842545672
2.293900000000352,49.99999842545672
2.294000000000352,49.99999842545672
2.2941000000003524,49.99999842545672
2.294200000000352,49.99999842545672
2.294300000000352,49.99999842545672
2.2944000000003526,49.99999842545672
2.294500000000353,49.99999842545672
2.2946000000003526,49.99999842545672
2.2947000000003523,49.99999842545672
2.2948000000003526,49.99999842545672
2.2949000000003528,49.99999842545672
2.2950000000003525,49.99999842545672
2.2951000000003527,49.99999842545672
2.295200000000353,49.99999842545672
2.295300000000353,49.99999842545672
2.295400000000353,49.99999842545672
2.2955000000003527,49.99999842545672
2.295600000000353,49.99999842545672
2.2957000000003536,49.99999842545672
2.2958000000003533,49.99999842545672
2.295900000000353,49.99999842545672
2.2960000000003533,49.99999842545672
2.2961000000003535,49.99999842545672
2.2962000000003533,49.99999842545672
2.296300000000353,49.99999842545672
2.2964000000003537,49.99999842545672
2.296500000000354,49.99999842545672
2.2966000000003537,49.99999842545672
2.2967000000003535,49.99999842545672
2.2968000000003537,49.99999842545672
2.296900000000354,49.99999842545672
2.297000000000354,49.99999842545672
2.297100000000354,49.99999842545672
2.297200000000354,49.99999842545672
2.2973000000003543,49.99999842545672
2.297400000000354,49.99999842545672
2.297500000000354,49.99999842545672
2.297600000000354,49.99999842545672
2.2977000000003547,49.99999842545672
2.2978000000003544,49.99999842545672
2.297900000000354,49.99999842545672
2.2980000000003544,49.99999842545672
2.2981000000003546,49.99999842545672
2.2982000000003544,49.99999842545672
2.2983000000003546,49.99999842545672
2.298400000000355,49.99999842545672
2.298500000000355,49.99999842545672
2.298600000000355,49.99999842545672
2.2987000000003546,49.99999842545672
2.298800000000355,49.99999842545672
2.298900000000355,49.99999842545672
2.299000000000355,49.99999842545672
2.299100000000355,49.99999842545672
2.299200000000355,49.99999842545672
2.2993000000003554,49.99999842545672
2.299400000000355,49.99999842545672
2.299500000000355,49.99999842545672
2.299600000000355,49.99999842545672
2.299700000000356,49.99999842545672
2.2998000000003556,49.99999842545672
2.2999000000003553,49.99999842545672
2.3000000000003555,49.99999842545672
2.3001000000003557,49.99999842545672
2.3002000000003555,49.99999842545672
2.3003000000003557,49.99999842545672
2.300400000000356,49.99999842545672
2.300500000000356,49.99999842545672
2.300600000000356,49.99999842545672
2.3007000000003557,49.99999842545672
2.300800000000356,49.99999842545672
2.300900000000356,49.99999842545672
2.3010000000003563,49.99999842545672
2.301100000000356,49.99999842545672
2.3012000000003563,49.99999842545672
2.3013000000003565,49.99999842545672
2.3014000000003563,49.99999842545672
2.301500000000356,49.99999842545672
2.3016000000003567,49.99999842545672
2.301700000000357,49.99999842545672
2.3018000000003567,49.99999842545672
2.3019000000003564,49.99999842545672
2.3020000000003566,49.99999842545672
2.302100000000357,49.99999842545672
2.3022000000003566,49.99999842545672
2.302300000000357,49.99999842545672
2.302400000000357,49.99999842545672
2.3025000000003573,49.99999842545672
2.302600000000357,49.99999842545672
2.302700000000357,49.99999842545672
2.302800000000357,49.99999842545672
2.302900000000357,49.99999842545672
2.3030000000003574,49.99999842545672
2.303100000000357,49.99999842545672
2.3032000000003574,49.99999842545672
2.3033000000003576,49.99999842545672
2.3034000000003574,49.99999842545672
2.303500000000357,49.99999842545672
2.303600000000358,49.99999842545672
2.303700000000358,49.99999842545672
2.303800000000358,49.99999842545672
2.3039000000003576,49.99999842545672
2.3040000000003578,49.99999842545672
2.304100000000358,49.99999842545672
2.3042000000003577,49.99999842545672
2.304300000000358,49.99999842545672
2.304400000000358,49.99999842545672
2.3045000000003584,49.99999842545672
2.304600000000358,49.99999842545672
2.304700000000358,49.99999842545672
2.304800000000358,49.99999842545672
2.3049000000003588,49.99999842545672
2.3050000000003585,49.99999842545672
2.3051000000003583,49.99999842545672
2.3052000000003585,49.99999842545672
2.3053000000003587,49.99999842545672
2.3054000000003585,49.99999842545672
2.3055000000003583,49.99999842545672
2.305600000000359,49.99999842545672
2.305700000000359,49.99999842545672
2.305800000000359,49.99999842545672
2.3059000000003587,49.99999842545672
2.306000000000359,49.99999842545672
2.306100000000359,49.99999842545672
2.3062000000003593,49.99999842545672
2.306300000000359,49.99999842545672
2.3064000000003593,49.99999842545672
2.3065000000003595,49.99999842545672
2.3066000000003593,49.99999842545672
2.306700000000359,49.99999842545672
2.3068000000003592,49.99999842545672
2.30690000000036,49.99999842545672
2.3070000000003597,49.99999842545672
2.3071000000003594,49.99999842545672
2.3072000000003596,49.99999842545672
2.30730000000036,49.99999842545672
2.3074000000003596,49.99999842545672
2.30750000000036,49.99999842545672
2.30760000000036,49.99999842545672
2.3077000000003602,49.99999842545672
2.30780000000036,49.99999842545672
2.3079000000003598,49.99999842545672
2.30800000000036,49.99999842545672
2.30810000000036,49.99999842545672
2.3082000000003604,49.99999842545672
2.30830000000036,49.99999842545672
2.3084000000003604,49.99999842545672
2.3085000000003606,49.99999842545672
2.3086000000003604,49.99999842545672
2.30870000000036,49.99999842545672
2.3088000000003603,49.99999842545672
2.308900000000361,49.99999842545672
2.3090000000003608,49.99999842545672
2.3091000000003605,49.99999842545672
2.3092000000003607,49.99999842545672
2.309300000000361,49.99999842545672
2.3094000000003607,49.99999842545672
2.309500000000361,49.99999842545672
2.309600000000361,49.99999842545672
2.3097000000003614,49.99999842545672
2.309800000000361,49.99999842545672
2.309900000000361,49.99999842545672
2.310000000000361,49.99999842545672
2.3101000000003613,49.99999842545672
2.3102000000003615,49.99999842545672
2.3103000000003613,49.99999842545672
2.3104000000003615,49.99999842545672
2.3105000000003617,49.99999842545672
2.3106000000003615,49.99999842545672
2.3107000000003612,49.99999842545672
2.310800000000362,49.99999842545672
2.310900000000362,49.99999842545672
2.311000000000362,49.99999842545672
2.3111000000003616,49.99999842545672
2.311200000000362,49.99999842545672
2.311300000000362,49.99999842545672
2.311400000000362,49.99999842545672
2.311500000000362,49.99999842545672
2.3116000000003623,49.99999842545672
2.3117000000003625,49.99999842545672
2.3118000000003622,49.99999842545672
2.311900000000362,49.99999842545672
2.312000000000362,49.99999842545672
2.312100000000363,49.99999842545672
2.3122000000003626,49.99999842545672
2.3123000000003624,49.99999842545672
2.3124000000003626,49.99999842545672
2.312500000000363,49.99999842545672
2.3126000000003626,49.99999842545672
2.3127000000003624,49.99999842545672
2.312800000000363,49.99999842545672
2.312900000000363,49.99999842545672
2.313000000000363,49.99999842545672
2.3131000000003628,49.99999842545672
2.313200000000363,49.99999842545672
2.313300000000363,49.99999842545672
2.3134000000003634,49.99999842545672
2.313500000000363,49.99999842545672
2.3136000000003634,49.99999842545672
2.3137000000003636,49.99999842545672
2.3138000000003633,49.99999842545672
2.313900000000363,49.99999842545672
2.3140000000003633,49.99999842545672
2.314100000000364,49.99999842545672
2.3142000000003637,49.99999842545672
2.3143000000003635,49.99999842545672
2.3144000000003637,49.99999842545672
2.314500000000364,49.99999842545672
2.3146000000003637,49.99999842545672
2.3147000000003635,49.99999842545672
2.314800000000364,49.99999842545672
2.3149000000003643,49.99999842545672
2.315000000000364,49.99999842545672
2.315100000000364,49.99999842545672
2.315200000000364,49.99999842545672
2.3153000000003643,49.99999842545672
2.3154000000003645,49.99999842545672
2.3155000000003643,49.99999842545672
2.3156000000003645,49.99999842545672
2.3157000000003647,49.99999842545672
2.3158000000003645,49.99999842545672
2.3159000000003642,49.99999842545672
2.3160000000003644,49.99999842545672
2.316100000000365,49.99999842545672
2.316200000000365,49.99999842545672
2.3163000000003646,49.99999842545672
2.316400000000365,49.99999842545672
2.316500000000365,49.99999842545672
2.316600000000365,49.99999842545672
2.316700000000365,49.99999842545672
2.3168000000003652,49.99999842545672
2.3169000000003654,49.99999842545672
2.317000000000365,49.99999842545672
2.317100000000365,49.99999842545672
2.317200000000365,49.99999842545672
2.3173000000003654,49.99999842545672
2.3174000000003656,49.99999842545672
2.3175000000003654,49.99999842545672
2.3176000000003656,49.99999842545672
2.317700000000366,49.99999842545672
2.3178000000003656,49.99999842545672
2.3179000000003653,49.99999842545672
2.318000000000366,49.99999842545672
2.318100000000366,49.99999842545672
2.318200000000366,49.99999842545672
2.3183000000003657,49.99999842545672
2.318400000000366,49.99999842545672
2.318500000000366,49.99999842545672
2.318600000000366,49.99999842545672
2.318700000000366,49.99999842545672
2.3188000000003663,49.99999842545672
2.3189000000003666,49.99999842545672
2.3190000000003663,49.99999842545672
2.319100000000366,49.99999842545672
2.3192000000003663,49.99999842545672
2.3193000000003665,49.99999842545672
2.3194000000003667,49.99999842545672
2.3195000000003665,49.99999842545672
2.3196000000003667,49.99999842545672
2.319700000000367,49.99999842545672
2.3198000000003667,49.99999842545672
2.3199000000003664,49.99999842545672
2.320000000000367,49.99999842545672
2.3201000000003673,49.99999842545672
2.320200000000367,49.99999842545672
2.320300000000367,49.99999842545672
2.320400000000367,49.99999842545672
2.3205000000003673,49.99999842545672
2.320600000000367,49.99999842545672
2.3207000000003672,49.99999842545672
2.3208000000003675,49.99999842545672
2.3209000000003677,49.99999842545672
2.3210000000003674,49.99999842545672
2.321100000000367,49.99999842545672
2.3212000000003674,49.99999842545672
2.321300000000368,49.99999842545672
2.321400000000368,49.99999842545672
2.3215000000003676,49.99999842545672
2.321600000000368,49.99999842545672
2.321700000000368,49.99999842545672
2.321800000000368,49.99999842545672
2.3219000000003676,49.99999842545672
2.322000000000368,49.99999842545672
2.3221000000003684,49.99999842545672
2.322200000000368,49.99999842545672
2.322300000000368,49.99999842545672
2.322400000000368,49.99999842545672
2.3225000000003684,49.99999842545672
2.3226000000003686,49.99999842545672
2.3227000000003684,49.99999842545672
2.3228000000003686,49.99999842545672
2.322900000000369,49.99999842545672
2.3230000000003685,49.99999842545672
2.3231000000003683,49.99999842545672
2.3232000000003685,49.99999842545672
2.323300000000369,49.99999842545672
2.323400000000369,49.99999842545672
2.3235000000003687,49.99999842545672
2.323600000000369,49.99999842545672
2.323700000000369,49.99999842545672
2.323800000000369,49.99999842545672
2.323900000000369,49.99999842545672
2.3240000000003693,49.99999842545672
2.3241000000003695,49.99999842545672
2.3242000000003693,49.99999842545672
2.324300000000369,49.99999842545672
2.3244000000003693,49.99999842545672
2.3245000000003695,49.99999842545672
2.3246000000003697,49.99999842545672
2.3247000000003695,49.99999842545672
2.3248000000003697,49.99999842545672
2.32490000000037,49.99999842545672
2.3250000000003697,49.99999842545672
2.3251000000003694,49.99999842545672
2.3252000000003696,49.99999842545672
2.3253000000003703,49.99999842545672
2.32540000000037,49.99999842545672
2.32550000000037,49.99999842545672
2.32560000000037,49.99999842545672
2.3257000000003702,49.99999842545672
2.32580000000037,49.99999842545672
2.3259000000003702,49.99999842545672
2.3260000000003704,49.99999842545672
2.3261000000003706,49.99999842545672
2.3262000000003704,49.99999842545672
2.32630000000037,49.99999842545672
2.3264000000003704,49.99999842545672
2.3265000000003706,49.99999842545672
2.326600000000371,49.99999842545672
2.3267000000003706,49.99999842545672
2.326800000000371,49.99999842545672
2.326900000000371,49.99999842545672
2.3270000000003708,49.99999842545672
2.3271000000003705,49.99999842545672
2.327200000000371,49.99999842545672
2.3273000000003714,49.99999842545672
2.327400000000371,49.99999842545672
2.327500000000371,49.99999842545672
2.327600000000371,49.99999842545672
2.3277000000003714,49.99999842545672
2.327800000000371,49.99999842545672
2.3279000000003713,49.99999842545672
2.3280000000003715,49.99999842545672
2.3281000000003718,49.99999842545672
2.3282000000003715,49.99999842545672
2.3283000000003713,49.99999842545672
2.3284000000003715,49.99999842545672
2.328500000000372,49.99999842545672
2.328600000000372,49.99999842545672
2.3287000000003717,49.99999842545672
2.328800000000372,49.99999842545672
2.328900000000372,49.99999842545672
2.329000000000372,49.99999842545672
2.3291000000003717,49.99999842545672
2.3292000000003723,49.99999842545672
2.3293000000003725,49.99999842545672
2.3294000000003723,49.99999842545672
2.329500000000372,49.99999842545672
2.3296000000003723,49.99999842545672
2.3297000000003725,49.99999842545672
2.3298000000003722,49.99999842545672
2.3299000000003725,49.99999842545672
2.3300000000003727,49.99999842545672
2.330100000000373,49.99999842545672
2.3302000000003726,49.99999842545672
2.3303000000003724,49.99999842545672
2.3304000000003726,49.99999842545672
2.3305000000003733,49.99999842545672
2.330600000000373,49.99999842545672
2.330700000000373,49.99999842545672
2.330800000000373,49.99999842545672
2.3309000000003732,49.99999842545672
2.331000000000373,49.99999842545672
2.3311000000003728,49.99999842545672
2.3312000000003734,49.99999842545672
2.3313000000003736,49.99999842545672
2.3314000000003734,49.99999842545672
2.331500000000373,49.99999842545672
2.3316000000003734,49.99999842545672
2.3317000000003736,49.99999842545672
2.331800000000374,49.99999842545672
2.3319000000003736,49.99999842545672
2.3320000000003738,49.99999842545672
2.332100000000374,49.99999842545672
2.3322000000003738,49.99999842545672
2.3323000000003735,49.99999842545672
2.3324000000003737,49.99999842545672
2.3325000000003744,49.99999842545672
2.332600000000374,49.99999842545672
2.332700000000374,49.99999842545672
2.332800000000374,49.99999842545672
2.3329000000003743,49.99999842545672
2.333000000000374,49.99999842545672
2.3331000000003743,49.99999842545672
2.3332000000003745,49.99999842545672
2.3333000000003747,49.99999842545672
2.3334000000003745,49.99999842545672
2.3335000000003743,49.99999842545672
2.3336000000003745,49.99999842545672
2.3337000000003747,49.99999842545672
2.333800000000375,49.99999842545672
2.3339000000003747,49.99999842545672
2.334000000000375,49.99999842545672
2.334100000000375,49.99999842545672
2.334200000000375,49.99999842545672
2.3343000000003746,49.99999842545672
2.3344000000003753,49.99999842545672
2.3345000000003755,49.99999842545672
2.3346000000003753,49.99999842545672
2.334700000000375,49.99999842545672
2.3348000000003752,49.99999842545672
2.3349000000003755,49.99999842545672
2.335000000000375,49.99999842545672
2.3351000000003754,49.99999842545672
2.3352000000003756,49.99999842545672
2.335300000000376,49.99999842545672
2.3354000000003756,49.99999842545672
2.3355000000003754,49.99999842545672
2.3356000000003756,49.99999842545672
2.335700000000376,49.99999842545672
2.335800000000376,49.99999842545672
2.335900000000376,49.99999842545672
2.336000000000376,49.99999842545672
2.336100000000376,49.99999842545672
2.336200000000376,49.99999842545672
2.3363000000003757,49.99999842545672
2.3364000000003764,49.99999842545672
2.3365000000003766,49.99999842545672
2.3366000000003764,49.99999842545672
2.336700000000376,49.99999842545672
2.3368000000003764,49.99999842545672
2.3369000000003766,49.99999842545672
2.3370000000003763,49.99999842545672
2.3371000000003765,49.99999842545672
2.3372000000003768,49.99999842545672
2.337300000000377,49.99999842545672
2.3374000000003767,49.99999842545672
2.3375000000003765,49.99999842545672
2.3376000000003767,49.99999842545672
2.3377000000003774,49.99999842545672
2.337800000000377,49.99999842545672
2.337900000000377,49.99999842545672
2.338000000000377,49.99999842545672
2.3381000000003773,49.99999842545672
2.338200000000377,49.99999842545672
2.338300000000377,49.99999842545672
2.3384000000003775,49.99999842545672
2.3385000000003777,49.99999842545672
2.3386000000003775,49.99999842545672
2.3387000000003773,49.99999842545672
2.3388000000003775,49.99999842545672
2.3389000000003777,49.99999842545672
2.339000000000378,49.99999842545672
2.3391000000003777,49.99999842545672
2.339200000000378,49.99999842545672
2.339300000000378,49.99999842545672
2.339400000000378,49.99999842545672
2.3395000000003776,49.99999842545672
2.339600000000378,49.99999842545672
2.3397000000003785,49.99999842545672
2.3398000000003782,49.99999842545672
2.339900000000378,49.99999842545672
2.340000000000378,49.99999842545672
2.3401000000003784,49.99999842545672
2.340200000000378,49.99999842545672
2.3403000000003784,49.99999842545672
2.3404000000003786,49.99999842545672
2.340500000000379,49.99999842545672
2.3406000000003786,49.99999842545672
2.3407000000003784,49.99999842545672
2.3408000000003786,49.99999842545672
2.340900000000379,49.99999842545672
2.341000000000379,49.99999842545672
2.3411000000003788,49.99999842545672
2.341200000000379,49.99999842545672
2.341300000000379,49.99999842545672
2.341400000000379,49.99999842545672
2.3415000000003787,49.99999842545672
2.341600000000379,49.99999842545672
2.3417000000003796,49.99999842545672
2.3418000000003794,49.99999842545672
2.341900000000379,49.99999842545672
2.3420000000003793,49.99999842545672
2.3421000000003795,49.99999842545672
2.3422000000003793,49.99999842545672
2.3423000000003795,49.99999842545672
2.3424000000003797,49.99999842545672
2.34250000000038,49.99999842545672
2.3426000000003797,49.99999842545672
2.3427000000003795,49.99999842545672
2.3428000000003797,49.99999842545672
2.34290000000038,49.99999842545672
2.34300000000038,49.99999842545672
2.34310000000038,49.99999842545672
2.34320000000038,49.99999842545672
2.3433000000003803,49.99999842545672
2.34340000000038,49.99999842545672
2.34350000000038,49.99999842545672
2.3436000000003805,49.99999842545672
2.3437000000003807,49.99999842545672
2.3438000000003805,49.99999842545672
2.3439000000003802,49.99999842545672
2.3440000000003804,49.99999842545672
2.3441000000003807,49.99999842545672
2.3442000000003804,49.99999842545672
2.3443000000003806,49.99999842545672
2.344400000000381,49.99999842545672
2.344500000000381,49.99999842545672
2.344600000000381,49.99999842545672
2.3447000000003806,49.99999842545672
2.344800000000381,49.99999842545672
2.344900000000381,49.99999842545672
2.3450000000003812,49.99999842545672
2.345100000000381,49.99999842545672
2.345200000000381,49.99999842545672
2.3453000000003814,49.99999842545672
2.345400000000381,49.99999842545672
2.345500000000381,49.99999842545672
2.3456000000003816,49.99999842545672
2.345700000000382,49.99999842545672
2.3458000000003816,49.99999842545672
2.3459000000003813,49.99999842545672
2.3460000000003816,49.99999842545672
2.3461000000003818,49.99999842545672
2.3462000000003815,49.99999842545672
2.3463000000003817,49.99999842545672
2.346400000000382,49.99999842545672
2.346500000000382,49.99999842545672
2.346600000000382,49.99999842545672
2.3467000000003817,49.99999842545672
2.346800000000382,49.99999842545672
2.3469000000003826,49.99999842545672
2.3470000000003823,49.99999842545672
2.347100000000382,49.99999842545672
2.3472000000003823,49.99999842545672
2.3473000000003825,49.99999842545672
2.3474000000003823,49.99999842545672
2.347500000000382,49.99999842545672
2.3476000000003827,49.99999842545672
2.347700000000383,49.99999842545672
2.3478000000003827,49.99999842545672
2.3479000000003825,49.99999842545672
2.3480000000003827,49.99999842545672
2.348100000000383,49.99999842545672
2.348200000000383,49.99999842545672
2.348300000000383,49.99999842545672
2.348400000000383,49.99999842545672
2.3485000000003833,49.99999842545672
2.348600000000383,49.99999842545672
2.348700000000383,49.99999842545672
2.348800000000383,49.99999842545672
2.3489000000003837,49.99999842545672
2.3490000000003834,49.99999842545672
2.349100000000383,49.99999842545672
2.3492000000003834,49.99999842545672
2.3493000000003836,49.99999842545672
2.3494000000003834,49.99999842545672
2.3495000000003836,49.99999842545672
2.349600000000384,49.99999842545672
2.349700000000384,49.99999842545672
2.349800000000384,49.99999842545672
2.3499000000003836,49.99999842545672
2.350000000000384,49.99999842545672
2.350100000000384,49.99999842545672
2.350200000000384,49.99999842545672
2.350300000000384,49.99999842545672
2.350400000000384,49.99999842545672
2.3505000000003844,49.99999842545672
2.350600000000384,49.99999842545672
2.350700000000384,49.99999842545672
2.350800000000384,49.99999842545672
2.350900000000385,49.99999842545672
2.3510000000003846,49.99999842545672
2.3511000000003843,49.99999842545672
2.3512000000003845,49.99999842545672
2.3513000000003847,49.99999842545672
2.3514000000003845,49.99999842545672
2.3515000000003847,49.99999842545672
2.351600000000385,49.99999842545672
2.351700000000385,49.99999842545672
2.351800000000385,49.99999842545672
2.3519000000003847,49.99999842545672
2.352000000000385,49.99999842545672
2.352100000000385,49.99999842545672
2.3522000000003853,49.99999842545672
2.352300000000385,49.99999842545672
2.3524000000003853,49.99999842545672
2.3525000000003855,49.99999842545672
2.3526000000003853,49.99999842545672
2.352700000000385,49.99999842545672
2.3528000000003857,49.99999842545672
2.352900000000386,49.99999842545672
2.3530000000003857,49.99999842545672
2.3531000000003854,49.99999842545672
2.3532000000003856,49.99999842545672
2.353300000000386,49.99999842545672
2.3534000000003856,49.99999842545672
2.353500000000386,49.99999842545672
2.353600000000386,49.99999842545672
2.3537000000003863,49.99999842545672
2.353800000000386,49.99999842545672
2.353900000000386,49.99999842545672
2.354000000000386,49.99999842545672
2.354100000000386,49.99999842545672
2.3542000000003864,49.99999842545672
2.354300000000386,49.99999842545672
2.3544000000003864,49.99999842545672
2.3545000000003866,49.99999842545672
2.3546000000003864,49.99999842545672
2.354700000000386,49.99999842545672
2.354800000000387,49.99999842545672
2.354900000000387,49.99999842545672
2.355000000000387,49.99999842545672
2.3551000000003866,49.99999842545672
2.3552000000003868,49.99999842545672
2.355300000000387,49.99999842545672
2.3554000000003867,49.99999842545672
2.355500000000387,49.99999842545672
2.355600000000387,49.99999842545672
2.3557000000003874,49.99999842545672
2.355800000000387,49.99999842545672
2.355900000000387,49.99999842545672
2.356000000000387,49.99999842545672
2.3561000000003878,49.99999842545672
2.3562000000003875,49.99999842545672
2.3563000000003873,49.99999842545672
2.3564000000003875,49.99999842545672
2.3565000000003877,49.99999842545672
2.3566000000003875,49.99999842545672
2.3567000000003873,49.99999842545672
2.356800000000388,49.99999842545672
2.356900000000388,49.99999842545672
2.357000000000388,49.99999842545672
2.3571000000003877,49.99999842545672
2.357200000000388,49.99999842545672
2.357300000000388,49.99999842545672
2.3574000000003883,49.99999842545672
2.357500000000388,49.99999842545672
2.3576000000003883,49.99999842545672
2.3577000000003885,49.99999842545672
2.3578000000003883,49.99999842545672
2.357900000000388,49.99999842545672
2.3580000000003882,49.99999842545672
2.358100000000389,49.99999842545672
2.3582000000003887,49.99999842545672
2.3583000000003884,49.99999842545672
2.3584000000003886,49.99999842545672
2.358500000000389,49.99999842545672
2.3586000000003886,49.99999842545672
2.358700000000389,49.99999842545672
2.358800000000389,49.99999842545672
2.3589000000003892,49.99999842545672
2.359000000000389,49.99999842545672
2.3591000000003888,49.99999842545672
2.359200000000389,49.99999842545672
2.359300000000389,49.99999842545672
2.3594000000003894,49.99999842545672
2.359500000000389,49.99999842545672
2.3596000000003894,49.99999842545672
2.3597000000003896,49.99999842545672
2.3598000000003894,49.99999842545672
2.359900000000389,49.99999842545672
2.3600000000003893,49.99999842545672
2.36010000000039,49.99999842545672
2.3602000000003898,49.99999842545672
2.3603000000003895,49.99999842545672
2.3604000000003897,49.99999842545672
2.36050000000039,49.99999842545672
2.3606000000003897,49.99999842545672
2.36070000000039,49.99999842545672
2.36080000000039,49.99999842545672
2.3609000000003904,49.99999842545672
2.36100000000039,49.99999842545672
2.36110000000039,49.99999842545672
2.36120000000039,49.99999842545672
2.3613000000003903,49.99999842545672
2.3614000000003905,49.99999842545672
2.3615000000003903,49.99999842545672
2.3616000000003905,49.99999842545672
2.3617000000003907,49.99999842545672
2.3618000000003905,49.99999842545672
2.3619000000003902,49.99999842545672
2.362000000000391,49.99999842545672
2.362100000000391,49.99999842545672
2.362200000000391,49.99999842545672
2.3623000000003906,49.99999842545672
2.362400000000391,49.99999842545672
2.362500000000391,49.99999842545672
2.362600000000391,49.99999842545672
2.362700000000391,49.99999842545672
2.3628000000003913,49.99999842545672
2.3629000000003915,49.99999842545672
2.3630000000003912,49.99999842545672
2.363100000000391,49.99999842545672
2.363200000000391,49.99999842545672
2.363300000000392,49.99999842545672
2.3634000000003916,49.99999842545672
2.3635000000003914,49.99999842545672
2.3636000000003916,49.99999842545672
2.363700000000392,49.99999842545672
2.3638000000003916,49.99999842545672
2.3639000000003914,49.99999842545672
2.364000000000392,49.99999842545672
2.364100000000392,49.99999842545672
2.364200000000392,49.99999842545672
2.3643000000003918,49.99999842545672
2.364400000000392,49.99999842545672
2.364500000000392,49.99999842545672
2.3646000000003924,49.99999842545672
2.364700000000392,49.99999842545672
2.3648000000003924,49.99999842545672
2.3649000000003926,49.99999842545672
2.3650000000003923,49.99999842545672
2.365100000000392,49.99999842545672
2.3652000000003923,49.99999842545672
2.365300000000393,49.99999842545672
2.3654000000003927,49.99999842545672
2.3655000000003925,49.99999842545672
2.3656000000003927,49.99999842545672
2.365700000000393,49.99999842545672
2.3658000000003927,49.99999842545672
2.3659000000003925,49.99999842545672
2.366000000000393,49.99999842545672
2.3661000000003933,49.99999842545672
2.366200000000393,49.99999842545672
2.366300000000393,49.99999842545672
2.366400000000393,49.99999842545672
2.3665000000003933,49.99999842545672
2.3666000000003935,49.99999842545672
2.3667000000003933,49.99999842545672
2.3668000000003935,49.99999842545672
2.3669000000003937,49.99999842545672
2.3670000000003935,49.99999842545672
2.3671000000003932,49.99999842545672
2.3672000000003934,49.99999842545672
2.367300000000394,49.99999842545672
2.367400000000394,49.99999842545672
2.3675000000003936,49.99999842545672
2.367600000000394,49.99999842545672
2.367700000000394,49.99999842545672
2.367800000000394,49.99999842545672
2.367900000000394,49.99999842545672
2.3680000000003942,49.99999842545672
2.3681000000003944,49.99999842545672
2.368200000000394,49.99999842545672
2.368300000000394,49.99999842545672
2.368400000000394,49.99999842545672
2.3685000000003944,49.99999842545672
2.3686000000003946,49.99999842545672
2.3687000000003944,49.99999842545672
2.3688000000003946,49.99999842545672
2.368900000000395,49.99999842545672
2.3690000000003946,49.99999842545672
2.3691000000003943,49.99999842545672
2.369200000000395,49.99999842545672
2.369300000000395,49.99999842545672
2.369400000000395,49.99999842545672
2.3695000000003947,49.99999842545672
2.369600000000395,49.99999842545672
2.369700000000395,49.99999842545672
2.369800000000395,49.99999842545672
2.369900000000395,49.99999842545672
2.3700000000003953,49.99999842545672
2.3701000000003956,49.99999842545672
2.3702000000003953,49.99999842545672
2.370300000000395,49.99999842545672
2.3704000000003953,49.99999842545672
2.3705000000003955,49.99999842545672
2.3706000000003957,49.99999842545672
2.3707000000003955,49.99999842545672
2.3708000000003957,49.99999842545672
2.370900000000396,49.99999842545672
2.3710000000003957,49.99999842545672
2.3711000000003954,49.99999842545672
2.371200000000396,49.99999842545672
2.3713000000003963,49.99999842545672
2.371400000000396,49.99999842545672
2.371500000000396,49.99999842545672
2.371600000000396,49.99999842545672
2.3717000000003963,49.99999842545672
2.371800000000396,49.99999842545672
2.3719000000003962,49.99999842545672
2.3720000000003965,49.99999842545672
2.3721000000003967,49.99999842545672
2.3722000000003964,49.99999842545672
2.372300000000396,49.99999842545672
2.3724000000003964,49.99999842545672
2.372500000000397,49.99999842545672
2.372600000000397,49.99999842545672
2.3727000000003966,49.99999842545672
2.372800000000397,49.99999842545672
2.372900000000397,49.99999842545672
2.373000000000397,49.99999842545672
2.3731000000003966,49.99999842545672
2.373200000000397,49.99999842545672
2.3733000000003974,49.99999842545672
2.373400000000397,49.99999842545672
2.373500000000397,49.99999842545672
2.373600000000397,49.99999842545672
2.3737000000003974,49.99999842545672
2.3738000000003976,49.99999842545672
2.3739000000003974,49.99999842545672
2.3740000000003976,49.99999842545672
2.374100000000398,49.99999842545672
2.3742000000003975,49.99999842545672
2.3743000000003973,49.99999842545672
2.3744000000003975,49.99999842545672
2.374500000000398,49.99999842545672
2.374600000000398,49.99999842545672
2.3747000000003977,49.99999842545672
2.374800000000398,49.99999842545672
2.374900000000398,49.99999842545672
2.375000000000398,49.99999842545672
2.375100000000398,49.99999842545672
2.3752000000003983,49.99999842545672
2.3753000000003985,49.99999842545672
2.3754000000003983,49.99999842545672
2.375500000000398,49.99999842545672
2.3756000000003983,49.99999842545672
2.3757000000003985,49.99999842545672
2.3758000000003987,49.99999842545672
2.3759000000003985,49.99999842545672
2.3760000000003987,49.99999842545672
2.376100000000399,49.99999842545672
2.3762000000003987,49.99999842545672
2.3763000000003984,49.99999842545672
2.3764000000003986,49.99999842545672
2.3765000000003993,49.99999842545672
2.376600000000399,49.99999842545672
2.376700000000399,49.99999842545672
2.376800000000399,49.99999842545672
2.3769000000003992,49.99999842545672
2.377000000000399,49.99999842545672
2.3771000000003992,49.99999842545672
2.3772000000003994,49.99999842545672
2.3773000000003996,49.99999842545672
2.3774000000003994,49.99999842545672
2.377500000000399,49.99999842545672
2.3776000000003994,49.99999842545672
2.3777000000003996,49.99999842545672
2.3778000000004,49.99999842545672
2.3779000000003996,49.99999842545672
2.3780000000004,49.99999842545672
2.3781000000004,49.99999842545672
2.3782000000003998,49.99999842545672
2.3783000000003995,49.99999842545672
2.3784000000004,49.99999842545672
2.3785000000004004,49.99999842545672
2.3786000000004,49.99999842545672
2.3787000000004,49.99999842545672
2.3788000000004,49.99999842545672
2.3789000000004004,49.99999842545672
2.3790000000004,49.99999842545672
2.3791000000004003,49.99999842545672
2.3792000000004005,49.99999842545672
2.3793000000004008,49.99999842545672
2.3794000000004005,49.99999842545672
2.3795000000004003,49.99999842545672
2.3796000000004005,49.99999842545672
2.379700000000401,49.99999842545672
2.379800000000401,49.99999842545672
2.3799000000004007,49.99999842545672
2.380000000000401,49.99999842545672
2.380100000000401,49.99999842545672
2.380200000000401,49.99999842545672
2.3803000000004007,49.99999842545672
2.3804000000004013,49.99999842545672
2.3805000000004015,49.99999842545672
2.3806000000004013,49.99999842545672
2.380700000000401,49.99999842545672
2.3808000000004013,49.99999842545672
2.3809000000004015,49.99999842545672
2.3810000000004012,49.99999842545672
2.3811000000004015,49.99999842545672
2.3812000000004017,49.99999842545672
2.381300000000402,49.99999842545672
2.3814000000004016,49.99999842545672
2.3815000000004014,49.99999842545672
2.3816000000004016,49.99999842545672
2.3817000000004023,49.99999842545672
2.381800000000402,49.99999842545672
2.381900000000402,49.99999842545672
2.382000000000402,49.99999842545672
2.3821000000004022,49.99999842545672
2.382200000000402,49.99999842545672
2.3823000000004018,49.99999842545672
2.3824000000004024,49.99999842545672
2.3825000000004026,49.99999842545672
2.3826000000004024,49.99999842545672
2.382700000000402,49.99999842545672
2.3828000000004024,49.99999842545672
2.3829000000004026,49.99999842545672
2.383000000000403,49.99999842545672
2.3831000000004026,49.99999842545672
2.3832000000004028,49.99999842545672
2.383300000000403,49.99999842545672
2.3834000000004028,49.99999842545672
2.3835000000004025,49.99999842545672
2.3836000000004027,49.99999842545672
2.3837000000004034,49.99999842545672
2.383800000000403,49.99999842545672
2.383900000000403,49.99999842545672
2.384000000000403,49.99999842545672
2.3841000000004033,49.99999842545672
2.384200000000403,49.99999842545672
2.3843000000004033,49.99999842545672
2.3844000000004035,49.99999842545672
2.3845000000004037,49.99999842545672
2.3846000000004035,49.99999842545672
2.3847000000004033,49.99999842545672
2.3848000000004035,49.99999842545672
2.3849000000004037,49.99999842545672
2.385000000000404,49.99999842545672
2.3851000000004037,49.99999842545672
2.385200000000404,49.99999842545672
2.385300000000404,49.99999842545672
2.385400000000404,49.99999842545672
2.3855000000004036,49.99999842545672
2.3856000000004043,49.99999842545672
2.3857000000004045,49.99999842545672
2.3858000000004043,49.99999842545672
2.385900000000404,49.99999842545672
2.3860000000004042,49.99999842545672
2.3861000000004045,49.99999842545672
2.386200000000404,49.99999842545672
2.3863000000004044,49.99999842545672
2.3864000000004046,49.99999842545672
2.386500000000405,49.99999842545672
2.3866000000004046,49.99999842545672
2.3867000000004044,49.99999842545672
2.3868000000004046,49.99999842545672
2.386900000000405,49.99999842545672
2.387000000000405,49.99999842545672
2.387100000000405,49.99999842545672
2.387200000000405,49.99999842545672
2.387300000000405,49.99999842545672
2.387400000000405,49.99999842545672
2.3875000000004047,49.99999842545672
2.3876000000004054,49.99999842545672
2.3877000000004056,49.99999842545672
2.3878000000004054,49.99999842545672
2.387900000000405,49.99999842545672
2.3880000000004054,49.99999842545672
2.3881000000004056,49.99999842545672
2.3882000000004053,49.99999842545672
2.3883000000004055,49.99999842545672
2.3884000000004058,49.99999842545672
2.388500000000406,49.99999842545672
2.3886000000004057,49.99999842545672
2.3887000000004055,49.99999842545672
2.3888000000004057,49.99999842545672
2.3889000000004064,49.99999842545672
2.389000000000406,49.99999842545672
2.389100000000406,49.99999842545672
2.389200000000406,49.99999842545672
2.3893000000004063,49.99999842545672
2.389400000000406,49.99999842545672
2.389500000000406,49.99999842545672
2.3896000000004065,49.99999842545672
2.3897000000004067,49.99999842545672
2.3898000000004065,49.99999842545672
2.3899000000004063,49.99999842545672
2.3900000000004065,49.99999842545672
2.3901000000004067,49.99999842545672
2.390200000000407,49.99999842545672
2.3903000000004067,49.99999842545672
2.390400000000407,49.99999842545672
2.390500000000407,49.99999842545672
2.390600000000407,49.99999842545672
2.3907000000004066,49.99999842545672
2.390800000000407,49.99999842545672
2.3909000000004075,49.99999842545672
2.3910000000004072,49.99999842545672
2.391100000000407,49.99999842545672
2.391200000000407,49.99999842545672
2.3913000000004074,49.99999842545672
2.391400000000407,49.99999842545672
2.3915000000004074,49.99999842545672
2.3916000000004076,49.99999842545672
2.391700000000408,49.99999842545672
2.3918000000004076,49.99999842545672
2.3919000000004074,49.99999842545672
2.3920000000004076,49.99999842545672
2.392100000000408,49.99999842545672
2.392200000000408,49.99999842545672
2.3923000000004078,49.99999842545672
2.392400000000408,49.99999842545672
2.392500000000408,49.99999842545672
2.392600000000408,49.99999842545672
2.3927000000004077,49.99999842545672
2.392800000000408,49.99999842545672
2.3929000000004086,49.99999842545672
2.3930000000004084,49.99999842545672
2.393100000000408,49.99999842545672
2.3932000000004083,49.99999842545672
2.3933000000004085,49.99999842545672
2.3934000000004083,49.99999842545672
2.3935000000004085,49.99999842545672
2.3936000000004087,49.99999842545672
2.393700000000409,49.99999842545672
2.3938000000004087,49.99999842545672
2.3939000000004085,49.99999842545672
2.3940000000004087,49.99999842545672
2.394100000000409,49.99999842545672
2.394200000000409,49.99999842545672
2.394300000000409,49.99999842545672
2.394400000000409,49.99999842545672
2.3945000000004093,49.99999842545672
2.394600000000409,49.99999842545672
2.394700000000409,49.99999842545672
2.3948000000004095,49.99999842545672
2.3949000000004097,49.99999842545672
2.3950000000004095,49.99999842545672
2.3951000000004092,49.99999842545672
2.3952000000004094,49.99999842545672
2.3953000000004097,49.99999842545672
2.3954000000004094,49.99999842545672
2.3955000000004096,49.99999842545672
2.39560000000041,49.99999842545672
2.39570000000041,49.99999842545672
2.39580000000041,49.99999842545672
2.3959000000004096,49.99999842545672
2.39600000000041,49.99999842545672
2.39610000000041,49.99999842545672
2.3962000000004102,49.99999842545672
2.39630000000041,49.99999842545672
2.39640000000041,49.99999842545672
2.3965000000004104,49.99999842545672
2.39660000000041,49.99999842545672
2.39670000000041,49.99999842545672
2.3968000000004106,49.99999842545672
2.396900000000411,49.99999842545672
2.3970000000004106,49.99999842545672
2.3971000000004103,49.99999842545672
2.3972000000004106,49.99999842545672
2.3973000000004108,49.99999842545672
2.3974000000004105,49.99999842545672
2.3975000000004107,49.99999842545672
2.397600000000411,49.99999842545672
2.397700000000411,49.99999842545672
2.397800000000411,49.99999842545672
2.3979000000004107,49.99999842545672
2.398000000000411,49.99999842545672
2.3981000000004116,49.99999842545672
2.3982000000004113,49.99999842545672
2.398300000000411,49.99999842545672
2.3984000000004113,49.99999842545672
2.3985000000004115,49.99999842545672
2.3986000000004113,49.99999842545672
2.398700000000411,49.99999842545672
2.3988000000004117,49.99999842545672
2.398900000000412,49.99999842545672
2.3990000000004117,49.99999842545672
2.3991000000004115,49.99999842545672
2.3992000000004117,49.99999842545672
2.399300000000412,49.99999842545672
2.399400000000412,49.99999842545672
2.399500000000412,49.99999842545672
2.399600000000412,49.99999842545672
2.3997000000004123,49.99999842545672
2.399800000000412,49.99999842545672
2.399900000000412,49.99999842545672
2.400000000000412,49.99999842545672
2.4001000000004127,49.99999842545672
2.4002000000004124,49.99999842545672
2.400300000000412,49.99999842545672
2.4004000000004124,49.99999842545672
2.4005000000004126,49.99999842545672
2.4006000000004124,49.99999842545672
2.4007000000004126,49.99999842545672
2.400800000000413,49.99999842545672
2.400900000000413,49.99999842545672
2.401000000000413,49.99999842545672
2.4011000000004126,49.99999842545672
2.401200000000413,49.99999842545672
2.401300000000413,49.99999842545672
2.401400000000413,49.99999842545672
2.401500000000413,49.99999842545672
2.401600000000413,49.99999842545672
2.4017000000004134,49.99999842545672
2.401800000000413,49.99999842545672
2.401900000000413,49.99999842545672
2.402000000000413,49.99999842545672
2.402100000000414,49.99999842545672
2.4022000000004136,49.99999842545672
2.4023000000004133,49.99999842545672
2.4024000000004135,49.99999842545672
2.4025000000004137,49.99999842545672
2.4026000000004135,49.99999842545672
2.4027000000004137,49.99999842545672
2.402800000000414,49.99999842545672
2.402900000000414,49.99999842545672
2.403000000000414,49.99999842545672
2.4031000000004137,49.99999842545672
2.403200000000414,49.99999842545672
2.403300000000414,49.99999842545672
2.4034000000004143,49.99999842545672
2.403500000000414,49.99999842545672
2.4036000000004143,49.99999842545672
2.4037000000004145,49.99999842545672
2.4038000000004143,49.99999842545672
2.403900000000414,49.99999842545672
2.4040000000004147,49.99999842545672
2.404100000000415,49.99999842545672
2.4042000000004147,49.99999842545672
2.4043000000004144,49.99999842545672
2.4044000000004147,49.99999842545672
2.404500000000415,49.99999842545672
2.4046000000004146,49.99999842545672
2.404700000000415,49.99999842545672
2.404800000000415,49.99999842545672
2.4049000000004153,49.99999842545672
2.405000000000415,49.99999842545672
2.405100000000415,49.99999842545672
2.405200000000415,49.99999842545672
2.405300000000415,49.99999842545672
2.4054000000004154,49.99999842545672
2.405500000000415,49.99999842545672
2.4056000000004154,49.99999842545672
2.4057000000004156,49.99999842545672
2.4058000000004154,49.99999842545672
2.405900000000415,49.99999842545672
2.406000000000416,49.99999842545672
2.406100000000416,49.99999842545672
2.406200000000416,49.99999842545672
2.4063000000004156,49.99999842545672
2.4064000000004158,49.99999842545672
2.406500000000416,49.99999842545672
2.4066000000004157,49.99999842545672
2.406700000000416,49.99999842545672
2.406800000000416,49.99999842545672
2.4069000000004164,49.99999842545672
2.407000000000416,49.99999842545672
2.407100000000416,49.99999842545672
2.407200000000416,49.99999842545672
2.4073000000004168,49.99999842545672
2.4074000000004165,49.99999842545672
2.4075000000004163,49.99999842545672
2.4076000000004165,49.99999842545672
2.4077000000004167,49.99999842545672
2.4078000000004165,49.99999842545672
2.4079000000004163,49.99999842545672
2.408000000000417,49.99999842545672
2.408100000000417,49.99999842545672
2.408200000000417,49.99999842545672
2.4083000000004167,49.99999842545672
2.408400000000417,49.99999842545672
2.408500000000417,49.99999842545672
2.4086000000004173,49.99999842545672
2.408700000000417,49.99999842545672
2.4088000000004173,49.99999842545672
2.4089000000004175,49.99999842545672
2.4090000000004173,49.99999842545672
2.409100000000417,49.99999842545672
2.4092000000004172,49.99999842545672
2.409300000000418,49.99999842545672
2.4094000000004177,49.99999842545672
2.4095000000004174,49.99999842545672
2.4096000000004176,49.99999842545672
2.409700000000418,49.99999842545672
2.4098000000004176,49.99999842545672
2.409900000000418,49.99999842545672
2.410000000000418,49.99999842545672
2.4101000000004182,49.99999842545672
2.410200000000418,49.99999842545672
2.4103000000004178,49.99999842545672
2.410400000000418,49.99999842545672
2.410500000000418,49.99999842545672
2.4106000000004184,49.99999842545672
2.410700000000418,49.99999842545672
2.4108000000004184,49.99999842545672
2.4109000000004186,49.99999842545672
2.4110000000004184,49.99999842545672
2.411100000000418,49.99999842545672
2.4112000000004183,49.99999842545672
2.411300000000419,49.99999842545672
2.4114000000004188,49.99999842545672
2.4115000000004185,49.99999842545672
2.4116000000004187,49.99999842545672
2.411700000000419,49.99999842545672
2.4118000000004187,49.99999842545672
2.411900000000419,49.99999842545672
2.412000000000419,49.99999842545672
2.4121000000004194,49.99999842545672
2.412200000000419,49.99999842545672
2.412300000000419,49.99999842545672
2.412400000000419,49.99999842545672
2.4125000000004193,49.99999842545672
2.4126000000004195,49.99999842545672
2.4127000000004193,49.99999842545672
2.4128000000004195,49.99999842545672
2.4129000000004197,49.99999842545672
2.4130000000004195,49.99999842545672
2.4131000000004192,49.99999842545672
2.41320000000042,49.99999842545672
2.41330000000042,49.99999842545672
2.41340000000042,49.99999842545672
2.4135000000004196,49.99999842545672
2.41360000000042,49.99999842545672
2.41370000000042,49.99999842545672
2.41380000000042,49.99999842545672
2.41390000000042,49.99999842545672
2.4140000000004203,49.99999842545672
2.4141000000004205,49.99999842545672
2.4142000000004202,49.99999842545672
2.41430000000042,49.99999842545672
2.41440000000042,49.99999842545672
2.414500000000421,49.99999842545672
2.4146000000004206,49.99999842545672
2.4147000000004204,49.99999842545672
2.4148000000004206,49.99999842545672
2.414900000000421,49.99999842545672
2.4150000000004206,49.99999842545672
2.4151000000004204,49.99999842545672
2.415200000000421,49.99999842545672
2.415300000000421,49.99999842545672
2.415400000000421,49.99999842545672
2.4155000000004208,49.99999842545672
2.415600000000421,49.99999842545672
2.415700000000421,49.99999842545672
2.4158000000004214,49.99999842545672
2.415900000000421,49.99999842545672
2.4160000000004214,49.99999842545672
2.4161000000004216,49.99999842545672
2.4162000000004213,49.99999842545672
2.416300000000421,49.99999842545672
2.4164000000004213,49.99999842545672
2.416500000000422,49.99999842545672
2.4166000000004217,49.99999842545672
2.4167000000004215,49.99999842545672
2.4168000000004217,49.99999842545672
2.416900000000422,49.99999842545672
2.4170000000004217,49.99999842545672
2.4171000000004215,49.99999842545672
2.417200000000422,49.99999842545672
2.4173000000004223,49.99999842545672
2.417400000000422,49.99999842545672
2.417500000000422,49.99999842545672
2.417600000000422,49.99999842545672
2.4177000000004223,49.99999842545672
2.4178000000004225,49.99999842545672
2.4179000000004223,49.99999842545672
2.4180000000004225,49.99999842545672
2.4181000000004227,49.99999842545672
2.4182000000004225,49.99999842545672
2.4183000000004222,49.99999842545672
2.4184000000004224,49.99999842545672
2.418500000000423,49.99999842545672
2.418600000000423,49.99999842545672
2.4187000000004226,49.99999842545672
2.418800000000423,49.99999842545672
2.418900000000423,49.99999842545672
2.419000000000423,49.99999842545672
2.419100000000423,49.99999842545672
2.4192000000004232,49.99999842545672
2.4193000000004234,49.99999842545672
2.419400000000423,49.99999842545672
2.419500000000423,49.99999842545672
2.419600000000423,49.99999842545672
2.4197000000004234,49.99999842545672
2.4198000000004236,49.99999842545672
2.4199000000004234,49.99999842545672
2.4200000000004236,49.99999842545672
2.420100000000424,49.99999842545672
2.4202000000004236,49.99999842545672
2.4203000000004233,49.99999842545672
2.420400000000424,49.99999842545672
2.420500000000424,49.99999842545672
2.420600000000424,49.99999842545672
2.4207000000004237,49.99999842545672
2.420800000000424,49.99999842545672
2.420900000000424,49.99999842545672
2.421000000000424,49.99999842545672
2.421100000000424,49.99999842545672
2.4212000000004243,49.99999842545672
2.4213000000004246,49.99999842545672
2.4214000000004243,49.99999842545672
2.421500000000424,49.99999842545672
2.4216000000004243,49.99999842545672
2.4217000000004245,49.99999842545672
2.4218000000004247,49.99999842545672
2.4219000000004245,49.99999842545672
2.4220000000004247,49.99999842545672
2.422100000000425,49.99999842545672
2.4222000000004247,49.99999842545672
2.4223000000004244,49.99999842545672
2.422400000000425,49.99999842545672
2.4225000000004253,49.99999842545672
2.422600000000425,49.99999842545672
2.422700000000425,49.99999842545672
2.422800000000425,49.99999842545672
2.4229000000004253,49.99999842545672
2.423000000000425,49.99999842545672
2.4231000000004252,49.99999842545672
2.4232000000004255,49.99999842545672
2.4233000000004257,49.99999842545672
2.4234000000004254,49.99999842545672
2.423500000000425,49.99999842545672
2.4236000000004254,49.99999842545672
2.423700000000426,49.99999842545672
2.423800000000426,49.99999842545672
2.4239000000004256,49.99999842545672
2.424000000000426,49.99999842545672
2.424100000000426,49.99999842545672
2.424200000000426,49.99999842545672
2.4243000000004256,49.99999842545672
2.424400000000426,49.99999842545672
2.4245000000004264,49.99999842545672
2.424600000000426,49.99999842545672
2.424700000000426,49.99999842545672
2.424800000000426,49.99999842545672
2.4249000000004264,49.99999842545672
2.4250000000004266,49.99999842545672
2.4251000000004264,49.99999842545672
2.4252000000004266,49.99999842545672
2.425300000000427,49.99999842545672
2.4254000000004265,49.99999842545672
2.4255000000004263,49.99999842545672
2.4256000000004265,49.99999842545672
2.425700000000427,49.99999842545672
2.425800000000427,49.99999842545672
2.4259000000004267,49.99999842545672
2.426000000000427,49.99999842545672
2.426100000000427,49.99999842545672
2.426200000000427,49.99999842545672
2.426300000000427,49.99999842545672
2.4264000000004273,49.99999842545672
2.4265000000004275,49.99999842545672
2.4266000000004273,49.99999842545672
2.426700000000427,49.99999842545672
2.4268000000004273,49.99999842545672
2.4269000000004275,49.99999842545672
2.4270000000004277,49.99999842545672
2.4271000000004275,49.99999842545672
2.4272000000004277,49.99999842545672
2.427300000000428,49.99999842545672
2.4274000000004277,49.99999842545672
2.4275000000004274,49.99999842545672
2.4276000000004276,49.99999842545672
2.4277000000004283,49.99999842545672
2.427800000000428,49.99999842545672
2.427900000000428,49.99999842545672
2.428000000000428,49.99999842545672
2.4281000000004282,49.99999842545672
2.428200000000428,49.99999842545672
2.4283000000004282,49.99999842545672
2.4284000000004284,49.99999842545672
2.4285000000004286,49.99999842545672
2.4286000000004284,49.99999842545672
2.428700000000428,49.99999842545672
2.4288000000004284,49.99999842545672
2.4289000000004286,49.99999842545672
2.429000000000429,49.99999842545672
2.4291000000004286,49.99999842545672
2.429200000000429,49.99999842545672
2.429300000000429,49.99999842545672
2.4294000000004288,49.99999842545672
2.4295000000004285,49.99999842545672
2.429600000000429,49.99999842545672
2.4297000000004294,49.99999842545672
2.429800000000429,49.99999842545672
2.429900000000429,49.99999842545672
2.430000000000429,49.99999842545672
2.4301000000004294,49.99999842545672
2.430200000000429,49.99999842545672
2.4303000000004293,49.99999842545672
2.4304000000004296,49.99999842545672
2.4305000000004298,49.99999842545672
2.4306000000004295,49.99999842545672
2.4307000000004293,49.99999842545672
2.4308000000004295,49.99999842545672
2.43090000000043,49.99999842545672
2.43100000000043,49.99999842545672
2.4311000000004297,49.99999842545672
2.43120000000043,49.99999842545672
2.43130000000043,49.99999842545672
2.43140000000043,49.99999842545672
2.4315000000004297,49.99999842545672
2.4316000000004303,49.99999842545672
2.4317000000004305,49.99999842545672
2.4318000000004303,49.99999842545672
2.43190000000043,49.99999842545672
2.4320000000004303,49.99999842545672
2.4321000000004305,49.99999842545672
2.4322000000004302,49.99999842545672
2.4323000000004305,49.99999842545672
2.4324000000004307,49.99999842545672
2.432500000000431,49.99999842545672
2.4326000000004306,49.99999842545672
2.4327000000004304,49.99999842545672
2.4328000000004306,49.99999842545672
2.4329000000004313,49.99999842545672
2.433000000000431,49.99999842545672
2.433100000000431,49.99999842545672
2.433200000000431,49.99999842545672
2.4333000000004312,49.99999842545672
2.433400000000431,49.99999842545672
2.4335000000004308,49.99999842545672
2.4336000000004314,49.99999842545672
2.4337000000004316,49.99999842545672
2.4338000000004314,49.99999842545672
2.433900000000431,49.99999842545672
2.4340000000004314,49.99999842545672
2.4341000000004316,49.99999842545672
2.434200000000432,49.99999842545672
2.4343000000004316,49.99999842545672
2.4344000000004318,49.99999842545672
2.434500000000432,49.99999842545672
2.4346000000004318,49.99999842545672
2.4347000000004315,49.99999842545672
2.4348000000004317,49.99999842545672
2.4349000000004324,49.99999842545672
2.435000000000432,49.99999842545672
2.435100000000432,49.99999842545672
2.435200000000432,49.99999842545672
2.4353000000004323,49.99999842545672
2.435400000000432,49.99999842545672
2.4355000000004323,49.99999842545672
2.4356000000004325,49.99999842545672
2.4357000000004327,49.99999842545672
2.4358000000004325,49.99999842545672
2.4359000000004323,49.99999842545672
2.4360000000004325,49.99999842545672
2.4361000000004327,49.99999842545672
2.436200000000433,49.99999842545672
2.4363000000004327,49.99999842545672
2.436400000000433,49.99999842545672
2.436500000000433,49.99999842545672
2.436600000000433,49.99999842545672
2.4367000000004326,49.99999842545672
2.4368000000004333,49.99999842545672
2.4369000000004335,49.99999842545672
2.4370000000004333,49.99999842545672
2.437100000000433,49.99999842545672
2.4372000000004332,49.99999842545672
2.4373000000004335,49.99999842545672
2.437400000000433,49.99999842545672
2.4375000000004334,49.99999842545672
2.4376000000004336,49.99999842545672
2.437700000000434,49.99999842545672
2.4378000000004336,49.99999842545672
2.4379000000004334,49.99999842545672
2.4380000000004336,49.99999842545672
2.438100000000434,49.99999842545672
2.438200000000434,49.99999842545672
2.438300000000434,49.99999842545672
2.438400000000434,49.99999842545672
2.438500000000434,49.99999842545672
2.438600000000434,49.99999842545672
2.4387000000004337,49.99999842545672
2.4388000000004344,49.99999842545672
2.4389000000004346,49.99999842545672
2.4390000000004344,49.99999842545672
2.439100000000434,49.99999842545672
2.4392000000004344,49.99999842545672
2.4393000000004346,49.99999842545672
2.4394000000004343,49.99999842545672
2.4395000000004345,49.99999842545672
2.4396000000004348,49.99999842545672
2.439700000000435,49.99999842545672
2.4398000000004347,49.99999842545672
2.4399000000004345,49.99999842545672
2.4400000000004347,49.99999842545672
2.4401000000004354,49.99999842545672
2.440200000000435,49.99999842545672
2.440300000000435,49.99999842545672
2.440400000000435,49.99999842545672
2.4405000000004353,49.99999842545672
2.440600000000435,49.99999842545672
2.440700000000435,49.99999842545672
2.4408000000004355,49.99999842545672
2.4409000000004357,49.99999842545672
2.4410000000004355,49.99999842545672
2.4411000000004353,49.99999842545672
2.4412000000004355,49.99999842545672
2.4413000000004357,49.99999842545672
2.441400000000436,49.99999842545672
2.4415000000004357,49.99999842545672
2.441600000000436,49.99999842545672
2.441700000000436,49.99999842545672
2.441800000000436,49.99999842545672
2.4419000000004356,49.99999842545672
2.442000000000436,49.99999842545672
2.4421000000004365,49.99999842545672
2.4422000000004362,49.99999842545672
2.442300000000436,49.99999842545672
2.4424000000004362,49.99999842545672
2.4425000000004364,49.99999842545672
2.442600000000436,49.99999842545672
2.4427000000004364,49.99999842545672
2.4428000000004366,49.99999842545672
2.442900000000437,49.99999842545672
2.4430000000004366,49.99999842545672
2.4431000000004364,49.99999842545672
2.4432000000004366,49.99999842545672
2.443300000000437,49.99999842545672
2.443400000000437,49.99999842545672
2.4435000000004368,49.99999842545672
2.443600000000437,49.99999842545672
2.443700000000437,49.99999842545672
2.443800000000437,49.99999842545672
2.4439000000004367,49.99999842545672
2.444000000000437,49.99999842545672
2.4441000000004376,49.99999842545672
2.4442000000004374,49.99999842545672
2.444300000000437,49.99999842545672
2.4444000000004373,49.99999842545672
2.4445000000004375,49.99999842545672
2.4446000000004373,49.99999842545672
2.4447000000004375,49.99999842545672
2.4448000000004377,49.99999842545672
2.444900000000438,49.99999842545672
2.4450000000004377,49.99999842545672
2.4451000000004375,49.99999842545672
2.4452000000004377,49.99999842545672
2.445300000000438,49.99999842545672
2.445400000000438,49.99999842545672
2.445500000000438,49.99999842545672
2.445600000000438,49.99999842545672
2.4457000000004383,49.99999842545672
2.445800000000438,49.99999842545672
2.445900000000438,49.99999842545672
2.4460000000004385,49.99999842545672
2.4461000000004387,49.99999842545672
2.4462000000004385,49.99999842545672
2.4463000000004382,49.99999842545672
2.4464000000004384,49.99999842545672
2.4465000000004387,49.99999842545672
2.4466000000004384,49.99999842545672
2.4467000000004386,49.99999842545672
2.446800000000439,49.99999842545672
2.446900000000439,49.99999842545672
2.447000000000439,49.99999842545672
2.4471000000004386,49.99999842545672
2.447200000000439,49.99999842545672
2.447300000000439,49.99999842545672
2.4474000000004392,49.99999842545672
2.447500000000439,49.99999842545672
2.447600000000439,49.99999842545672
2.4477000000004394,49.99999842545672
2.447800000000439,49.99999842545672
2.447900000000439,49.99999842545672
2.4480000000004396,49.99999842545672
2.44810000000044,49.99999842545672
2.4482000000004396,49.99999842545672
2.4483000000004393,49.99999842545672
2.4484000000004396,49.99999842545672
2.4485000000004398,49.99999842545672
2.4486000000004395,49.99999842545672
2.4487000000004397,49.99999842545672
2.44880000000044,49.99999842545672
2.44890000000044,49.99999842545672
2.44900000000044,49.99999842545672
2.4491000000004397,49.99999842545672
2.44920000000044,49.99999842545672
2.4493000000004406,49.99999842545672
2.4494000000004403,49.99999842545672
2.44950000000044,49.99999842545672
2.4496000000004403,49.99999842545672
2.4497000000004405,49.99999842545672
2.4498000000004403,49.99999842545672
2.44990000000044,49.99999842545672
2.4500000000004407,49.99999842545672
2.450100000000441,49.99999842545672
2.4502000000004407,49.99999842545672
2.4503000000004405,49.99999842545672
2.4504000000004407,49.99999842545672
2.450500000000441,49.99999842545672
2.450600000000441,49.99999842545672
2.450700000000441,49.99999842545672
2.450800000000441,49.99999842545672
2.4509000000004413,49.99999842545672
2.451000000000441,49.99999842545672
2.451100000000441,49.99999842545672
2.451200000000441,49.99999842545672
2.4513000000004417,49.99999842545672
2.4514000000004414,49.99999842545672
2.451500000000441,49.99999842545672
2.4516000000004414,49.99999842545672
2.4517000000004416,49.99999842545672
2.4518000000004414,49.99999842545672
2.4519000000004416,49.99999842545672
2.452000000000442,49.99999842545672
2.452100000000442,49.99999842545672
2.452200000000442,49.99999842545672
2.4523000000004416,49.99999842545672
2.452400000000442,49.99999842545672
2.452500000000442,49.99999842545672
2.452600000000442,49.99999842545672
2.452700000000442,49.99999842545672
2.452800000000442,49.99999842545672
2.4529000000004424,49.99999842545672
2.453000000000442,49.99999842545672
