shot_id,x0_um,v0_m_s,initial_aod_energy_uK,initial_excitation_energy_uK,initial_phase_coord,final_x_um,final_v_m_s,final_slm_energy_uK,final_excitation_energy_uK,excitation_energy_change_uK,final_energy_over_slm_depth,captured_in_slm,capture_margin,label
0,2.3751938036840174,0.007933988420727964,-279.2452735501776,0.7547264498223314,,0.036014145022138386,-0.00898285742284676,-139.09003144387313,0.9099685561268426,0.15524210630451118,-0.9935002245990939,True,0.9935002245990939,linear
1,2.470873028442982,-0.02373545329090269,-273.44997335716397,6.550026642835983,,-0.14181721234330377,-0.004383416888054646,-135.79247423663165,4.207525763368323,-2.3425008794676603,-0.9699462445473691,True,0.9699462445473691,linear
2,2.3976250035331277,-0.01849549584024974,-277.2636165626376,2.736383437362336,,-0.037582243506008334,0.009953107344449456,-138.91963067016243,1.0803693298375527,-1.6560141075247832,-0.9922830762154461,True,0.9922830762154461,linear
3,2.3059536134654564,-0.0011024903189478666,-276.3952969260433,3.6047030739566566,,0.08399879950233466,0.007985353760359918,-138.05454958737488,1.9454504126250882,-1.6592526613315683,-0.9861039256241065,True,0.9861039256241065,linear
4,2.3763039491534554,0.02018279402626243,-276.5147142497633,3.4852857502366725,,0.1200164764426836,-0.006194178622485537,-136.7778931224837,3.222106877516278,-0.2631788727203943,-0.9769849508748837,True,0.9769849508748837,linear
5,2.4587393239772366,-0.005135529989371246,-278.38128381399804,1.6187161860019352,,-0.08244267242804529,-0.005596621876897689,-138.36629771347515,1.6337022865248263,0.01498610052289119,-0.9883306979533941,True,0.9883306979533941,linear
6,2.4807125783289257,0.009177789414937758,-276.67441652705406,3.3255834729458704,,-0.00397585491309551,-0.020533887345918347,-136.62683605489133,3.373163945108639,0.04758047216276867,-0.9759059718206525,True,0.9759059718206525,linear
7,2.6516970678799487,0.04924673701252653,-235.86338068735816,44.13661931264181,,-0.2405973379584309,0.05903747501300023,-100.78944692107449,39.2105530789255,-4.926066233716311,-0.7199246208648178,True,0.7199246208648178,linear
8,2.372716173510429,0.004859829240588951,-279.50687316418436,0.4931268358155939,,0.02733024585016513,-0.007162503913249431,-139.43727778160996,0.5627222183900237,0.06959538257442982,-0.9959805555829284,True,0.9959805555829284,linear
9,2.3176980541909304,-0.01835549770966611,-274.5498240259013,5.450175974098697,,0.009432772332001507,0.01765092649451925,-137.49171956358447,2.508280436415501,-2.9418955376831954,-0.9820837111684607,True,0.9820837111684607,linear
10,2.3776007433806536,0.004866151963190784,-279.6055689167926,0.39443108320734455,,0.021126410808882494,-0.007514666325535444,-139.45740273588956,0.5425972641104269,0.14816618090308228,-0.9961243052563541,True,0.9961243052563541,linear
11,2.4646285073209344,0.003201648495241342,-278.21458124284715,1.7854187571528228,,-0.05528854655159533,-0.013821078365738468,-137.84940906697173,2.1505909330282607,0.36517217587543765,-0.9846386361926552,True,0.9846386361926552,linear
12,2.4017603841883832,0.03675888979069597,-269.1992387283155,10.800761271684474,,0.05745992402776575,0.032852128476977424,-130.70037136980613,9.299628630193853,-1.5011326414906194,-0.9335740812129011,True,0.9335740812129011,linear
13,2.3462536759207704,-0.03982216285855404,-266.14634607513676,13.853653924863165,,-0.2014019483282506,-0.005814420252298722,-131.67400242705747,8.325997572942494,-5.527656351920671,-0.9405285887646965,True,0.9405285887646965,linear
14,2.3817711238789134,0.005488384714694778,-279.62334570702455,0.3766542929753901,,0.0180026640863357,-0.008180299350640647,-139.3988923457139,0.601107654286086,0.22445336131069596,-0.9957063738979566,True,0.9957063738979566,linear
15,2.3624074817515384,0.0059812891641088705,-279.1365393013248,0.8634606986752088,,0.04464421855706722,-0.00678915604997013,-139.22452347728628,0.775476522713686,-0.08798417596152293,-0.9944608819806166,True,0.9944608819806166,linear
16,2.225041147218943,-0.015226074803074075,-265.90056382497727,14.099436175022683,,-0.21435582184313334,0.009375018306721184,-130.20759999062605,9.792400009373933,-4.307036165648749,-0.9300542856473291,True,0.9300542856473291,linear
17,2.337468128774758,0.04643796768852968,-261.1693868151939,18.83061318480605,,-0.26451344333346194,-0.023727025655760233,-121.89628469377499,18.103715306224995,-0.726897878581056,-0.8706877478126785,True,0.8706877478126785,linear
18,2.4882775445627163,-0.053581691868070574,-253.88385488214578,26.11614511785418,,0.25053540695410087,-0.0176162566095303,-125.25199311274054,14.748006887259436,-11.368138230594743,-0.8946570936624326,True,0.8946570936624326,linear
19,2.4677972410662874,0.001135179491792637,-278.11564326787936,1.884356732120575,,-0.0657928255557141,-0.012637047985870833,-137.8410357331459,2.158964266854066,0.2746075347334912,-0.9845788266653281,True,0.9845788266653281,linear
20,2.310613611764762,-0.006222549108338012,-276.4409564697592,3.559043530240714,,0.06837935657517456,0.009414857670542254,-138.33842145739519,1.6615785426047942,-1.8974649876359195,-0.9881315818385372,True,0.9881315818385372,linear
21,2.2908240945470344,-0.01471446272480068,-273.4356587272422,6.564341272757776,,0.012148105376990619,0.020699490177980024,-136.54531153797402,3.4546884620259553,-3.1096528107318204,-0.9753236538426717,True,0.9753236538426717,linear
0,2.3336576408506917,-0.011473854654580628,-277.1530583499346,2.84694165006535,,0.04241786957618733,0.008868464404604506,-139.00385106011885,0.996148939881126,-1.850792710184224,-0.9928846504294205,True,0.9928846504294205,linear
1,2.4379035784024317,-0.012649170871039379,-278.1340876120941,1.8659123879058597,,-0.07449519857380096,0.0029449837425407853,-138.80014877797262,1.1998512220273407,-0.6660611658785189,-0.9914296341283761,True,0.9914296341283761,linear
2,2.439363211673536,0.010315768237832795,-278.51633649120924,1.4836635087907195,,-0.004913932262390873,-0.01586729413576852,-137.98279978648145,2.017200213518525,0.5335367047278056,-0.9855914270462962,True,0.9855914270462962,linear
3,2.453146082336226,0.0045679678259812895,-278.6801378799303,1.319862120069618,,-0.046008450674314166,-0.013167592883131135,-138.18192435143624,1.8180756485637461,0.49821352849412837,-0.9870137453674018,True,0.9870137453674018,linear
4,2.3800689302071087,-0.027686914147785315,-273.71082246192725,6.289177538072689,,-0.08307019849106718,0.014595873433704307,-136.89290216172844,3.1070978382715353,-3.182079699801154,-0.9778064440123462,True,0.9778064440123462,linear
5,2.3353961940608454,0.0020331350621789154,-278.26476818605187,1.7352318139480645,,0.06791292605009434,-0.0010701277527321554,-139.0506288383354,0.94937116166457,-0.7858606522834943,-0.9932187774166816,True,0.9932187774166816,linear
6,2.4417332070977382,-0.0014213374069936746,-279.2722677160199,0.727732283980076,,-0.06095582322690608,-0.006241429735751415,-138.93070519634932,1.0692948036506433,0.34156251967056733,-0.992362179973924,True,0.992362179973924,linear
7,2.4083799304427425,0.015867744631951668,-277.9588985194527,2.0411014805472734,,0.05814327863273638,-0.014289782923909597,-137.67817924465717,2.321820755342809,0.2807192747955356,-0.9834155660332656,True,0.9834155660332656,linear
8,2.5015215767005214,0.016356652094755342,-273.6769776617581,6.323022338241887,,0.109022987457823,-0.01902830877854809,-134.69590845378877,5.304091546211202,-1.018930792030685,-0.9621136318127771,True,0.9621136318127771,linear
9,2.4140437141833786,-0.003884680061543774,-279.7987173381128,0.20128266188717894,,-0.03667403950143766,-0.0019959721681784884,-139.6933206900944,0.3066793099055728,0.10539664801839385,-0.9978094335006745,True,0.9978094335006745,linear
10,2.4076041329224465,0.011144679127509669,-278.9836561485453,1.0163438514546261,,0.019452154923043002,-0.013333205927987153,-138.50177625917394,1.4982237408260333,0.4818798893714072,-0.9892984018512426,True,0.9892984018512426,linear
11,2.3800117013903797,0.01562764885900735,-277.88466658941655,2.1153334105834185,,0.07969687998377381,-0.01046217491176467,-137.83200283434692,2.167997165653043,0.05266375506962482,-0.9845143059596211,True,0.9845143059596211,linear
12,2.4412465638538823,-0.039272298153161994,-266.9780665855293,13.021933414470679,,-0.1612582202485046,-0.018493767108441826,-132.04720907141683,7.952790928583143,-5.069142485887537,-0.9431943505101203,True,0.9431943505101203,linear
13,2.28928453339107,-0.0215779521390665,-271.3087381135378,8.691261886462145,,-0.06302474172937696,0.022437592579609464,-135.1661295641217,4.833870435878293,-3.8573914505838522,-0.9654723540294408,True,0.9654723540294408,linear
14,2.398976977235958,-0.0043251797341252165,-279.8500561121679,0.14994388783204937,,-0.019564705819504397,-0.0011750495177184786,-139.91069161007437,0.08930838992560147,-0.06063549790644791,-0.9993620829291029,True,0.9993620829291029,linear
15,2.4691202993023853,0.011577619725047053,-276.9810271567065,3.018972843293482,,0.011164565440266913,-0.019881558080253475,-136.81528950887173,3.1847104911282447,0.16573764783476275,-0.9772520679205126,True,0.9772520679205126,linear
16,2.5034652598974327,-0.01545630808181725,-273.74539175395694,6.254608246042995,,-0.11581979954362338,-0.015186198269973318,-135.43969755501587,4.560302444984097,-1.6943058010588978,-0.9674264111072565,True,0.9674264111072565,linear
17,2.4835601482892007,0.04129693805375096,-263.5275688431416,16.472431156858352,,-0.15880071592563028,0.033157032231315324,-126.14896499894195,13.851035001058026,-2.621396155800326,-0.9010640357067283,True,0.9010640357067283,linear
18,2.361300044331414,0.019175324574067076,-276.4492252293475,3.5507747706524473,,0.12289719385892742,-0.0036018880003295716,-136.84077438897796,3.1592256110220074,-0.3915491596304402,-0.9774341027784142,True,0.9774341027784142,linear
19,2.4861249996740464,0.002009844171297715,-276.94968427417876,3.050315725821179,,-0.05676300193114553,-0.017283742586865183,-136.95494138386456,3.045058616135413,-0.005257109685766052,-0.9782495813133185,True,0.9782495813133185,linear
20,2.3599683556120565,0.011119276679254088,-278.35702063123045,1.6429793687694993,,0.0717115588380015,-0.007714929375555425,-138.47635522481002,1.5236447751899573,-0.11933459357954199,-0.9891168230343574,True,0.9891168230343574,linear
21,2.4179834169841885,-0.02015381111946837,-276.6213985936337,3.3786014063662293,,-0.07005653010153529,0.009060018095709265,-138.3436568810445,1.656343118955496,-1.7222582874107333,-0.9881689777217465,True,0.9881689777217465,linear
0,2.4584234096135247,-0.044136056882599604,-263.03796161241297,16.962038387586983,,-0.06104992812196708,-0.0347179218082564,-129.60617461130207,10.393825388697904,-6.56821299888908,-0.9257583900807292,True,0.9257583900807292,linear
1,2.3545543150804713,0.02878781328120308,-272.53275206890896,7.4672479310909825,,0.12942458314404193,0.0194120441228632,-133.6035639979144,6.396436002085575,-1.0708119290054077,-0.9543111714136745,True,0.9543111714136745,linear
2,2.4052349971436113,0.004520276317483875,-279.8254806769846,0.17451932301532785,,-0.011894442048008623,-0.008778333546133098,-139.35517513234868,0.6448248676512982,0.4703055446359704,-0.995394108088205,True,0.995394108088205,linear
3,2.3670079688722576,0.012807334382495828,-278.24409248103575,1.7559075189641833,,0.07339431884451798,-0.008862853358363787,-138.27469660924044,1.7253033907595285,-0.03060412820465493,-0.9876764043517177,True,0.9876764043517177,linear
4,2.3572544177032744,-0.004357932351638563,-279.1017294583734,0.8982705416265259,,0.03064196220566852,0.0002660830314409989,-139.80751352979945,0.1924864702005131,-0.7057840714260127,-0.998625096641425,True,0.998625096641425,linear
5,2.4594218217377275,0.017278058919926648,-276.17326102819567,3.826738971804284,,0.07038977291297868,-0.018497431488886003,-136.25555386389993,3.7444461361000547,-0.08229283570422957,-0.9732539561707139,True,0.9732539561707139,linear
6,2.451550859083855,-0.01822452934544188,-276.26040903677034,3.7395909632296163,,-0.10600803530839786,0.0028426555213889957,-137.6555802134508,2.344419786549175,-1.3951711766804415,-0.9832541443817916,True,0.9832541443817916,linear
7,2.4565103678154574,-0.00238576728455764,-278.6511617161724,1.3488382838275532,,-0.07413646400897825,-0.0074879732369567895,-138.43215174308904,1.5678482569109462,0.21900997308339298,-0.9888010838792075,True,0.9888010838792075,linear
8,2.5397239989825358,-0.013885045571202959,-270.5853968457699,9.414603154230106,,-0.0321625288064699,-0.028333660465298057,-133.37228389418254,6.627716105817428,-2.7868870484126766,-0.9526591706727326,True,0.9526591706727326,linear
9,2.4813608719509523,0.010523184049825244,-276.4199997322287,3.5800002677712897,,0.010237854877829973,-0.021032764633831132,-136.44289577635004,3.5571042236499304,-0.022896044121358965,-0.9745921126882148,True,0.9745921126882148,linear
10,2.3989056746766373,0.03057321697314496,-272.5288170410133,7.471182958986609,,0.15787638171376442,0.013275724637464013,-133.58484402355924,6.41515597644073,-1.0560269825458783,-0.9541774573111377,True,0.9541774573111377,linear
11,2.279751799295166,-0.00900188715304941,-273.49913179832555,6.500868201674415,,0.033526899631976394,0.0207342372250912,-136.33425806627884,3.665741933721131,-2.835126267953283,-0.973816129044849,True,0.973816129044849,linear
12,2.481150394224736,-0.00768535725113032,-276.84684835776176,3.1531516422381833,,-0.10016259959026518,-0.00920674191171478,-137.2854005521109,2.714599447889083,-0.4385521943491003,-0.9806100039436494,True,0.9806100039436494,linear
13,2.4078280027396373,0.01580792288907763,-277.97770250176995,2.0222974982300155,,0.057929702909371876,-0.014234635308996988,-137.69579758353905,2.3042024164609183,0.2819049182309027,-0.9835414113109935,True,0.9835414113109935,linear
14,2.4350420889573634,0.007346409209724732,-279.0667630068974,0.9332369931025174,,-0.02340092691618598,-0.01332192044814732,-138.46959161595885,1.530408384041136,0.5971713909386185,-0.9890685115425634,True,0.9890685115425634,linear
15,2.3249660762845306,-0.01322144297890101,-276.30911856252834,3.690881437471597,,0.04036079912716215,0.01193199853277826,-138.52929319766892,1.4707068023310708,-2.220174635140526,-0.9894949514119209,True,0.9894949514119209,linear
16,2.3362129754574674,-0.007066222910193943,-277.94137447513043,2.0586255248695142,,0.05002030913458007,0.004669665025023909,-139.3148782746093,0.6851217253906889,-1.3735037994788253,-0.9951062733900665,True,0.9951062733900665,linear
17,2.459594137165197,-0.02503225841334245,-273.5427384511153,6.457261548884612,,-0.14068564802943592,-0.0009979132514516317,-136.0015923378118,3.998407662188181,-2.4588538866964313,-0.9714399452700844,True,0.9714399452700844,linear
18,2.5860877886743543,-0.035253997110744374,-256.25289120269036,23.747108797309572,,0.25974576852737713,-0.003064934513882492,-126.78313542434566,13.216864575654318,-10.530244221655256,-0.905593824459612,True,0.905593824459612,linear
19,2.4425137979560927,0.029999086651607054,-272.0688357854661,7.931164214533883,,0.17523871681702044,0.007908590335515506,-133.3576759871677,6.6423240128322565,-1.2888402017016265,-0.9525548284797696,True,0.9525548284797696,linear
20,2.4178975068259647,-0.009330220237021463,-279.1732266890181,0.826773310981836,,-0.04521557211014926,0.002313935993386956,-139.53965094063514,0.46034905936483195,-0.3664242516170041,-0.9967117924331084,True,0.9967117924331084,linear
21,2.3800505709573194,0.008698019027706705,-279.2325675059774,0.7674324940225746,,0.033673725849082146,-0.009782218293584239,-139.0034461810358,0.9965538189641822,0.22912132494160753,-0.9928817584359702,True,0.9928817584359702,linear
0,2.410325725653797,0.018000134183017706,-277.3668016414795,2.633198358520423,,0.07823772855149341,-0.01383347106575482,-137.2240703546254,2.77592964537458,0.14273128685415729,-0.9801719311044673,True,0.9801719311044673,linear
1,2.458550723124946,0.002464073656614397,-278.55255018794344,1.447449812056504,,-0.05784204460291395,-0.012138698899608811,-138.13965920616016,1.860340793839803,0.412890981783299,-0.9867118514725728,True,0.9867118514725728,linear
2,2.4389039471420624,-0.0346050556645041,-269.8105140917203,10.18948590827967,,-0.17014566753087212,-0.006300223327848812,-133.88478772806832,6.115212271931665,-4.074273636348005,-0.9563199123433452,True,0.9563199123433452,linear
3,2.256963964533337,0.019622930936556485,-268.6766463747393,11.323353625260665,,-0.10320458246649718,0.03005441221021832,-130.6189299648528,9.381070035147177,-1.9422835901134874,-0.9329923568918058,True,0.9329923568918058,linear
4,2.3738176088480576,-0.007050794682075197,-279.3223705389953,0.6776294610046741,,0.009006245625571169,0.001637971045191872,-139.96196666052649,0.03803333947349058,-0.6395961215311835,-0.9997283332894751,True,0.9997283332894751,linear
5,2.3032074731401844,0.002153941242280954,-276.15637394284835,3.843626057151606,,0.09319457101795714,0.008047239241083174,-137.71714036217566,2.2828596378243193,-1.5607664193272865,-0.9836938597298263,True,0.9836938597298263,linear
6,2.460741645564934,0.01439388847062493,-276.8388097383996,3.16119026160031,,0.03686015098276694,-0.019414182691466268,-136.70993883795433,3.290061162045653,0.12887090044534333,-0.9764995631282454,True,0.9764995631282454,linear
7,2.4230877119178857,0.004791997127842578,-279.59849187769805,0.40150812230191774,,-0.027586805804125248,-0.010129539527899115,-139.0243387611415,0.9756612388584711,0.5741531165565533,-0.9930309911510109,True,0.9930309911510109,linear
8,2.408212858044283,0.030846249743530434,-272.36768571748695,7.632314282512982,,0.16131880208734448,0.012778004422949164,-133.47194326850015,6.528056731499835,-1.1042575510131472,-0.9533710233464298,True,0.9533710233464298,linear
9,2.26921916941915,0.004146064610241389,-272.9524287881206,7.047571211879349,,0.05577614235169719,0.022804147546585433,-135.2088183002564,4.791181699743553,-2.256389512135797,-0.9657772735732604,True,0.9657772735732604,linear
10,2.362579370231458,0.01911852723728795,-276.5063626085772,3.4936373914227468,,0.12164467188313598,-0.004025497385609385,-136.8762475046914,3.1237524953085707,-0.36988489611417613,-0.9776874821763674,True,0.9776874821763674,linear
11,2.400075183311995,-0.009785318976865657,-279.2347031902835,0.7652968097164883,,-0.02376782575562537,0.003315737455080819,-139.79662928186363,0.20337071813634283,-0.5619260915801454,-0.9985473520133118,True,0.9985473520133118,linear
12,2.412821301540045,0.0018516569497779905,-279.9053567966433,0.09464320335670175,,-0.027056940246175398,-0.006931059486217412,-139.46638521110845,0.5336147888915359,0.4389715855348342,-0.9961884657936318,True,0.9961884657936318,linear
13,2.6290774963706913,0.03258213357616524,-250.85010950200768,29.14989049799228,,-0.17395861030773727,-0.04678819515894958,-116.4485178766104,23.551482123389583,-5.5984083746026965,-0.8317751276900743,True,0.8317751276900743,linear
14,2.488963558494762,-0.0027435901644918665,-276.7207564755831,3.2792435244168776,,-0.08090508614036081,-0.01464412555960268,-136.9535340406838,3.046465959316196,-0.23277756510068182,-0.9782395288620271,True,0.9782395288620271,linear
15,2.3564313901174034,-0.0036718784934005456,-279.1167766189661,0.8832233810338547,,0.03232480118970496,-0.00020077987385729512,-139.78611452877627,0.2138854712237186,-0.6693379098101361,-0.9984722466341163,True,0.9984722466341163,linear
16,2.336140077179255,-0.019156020837760065,-275.4038185444269,4.596181455573091,,0.006544099863424571,0.01545799032975488,-138.08145475251246,1.9185452474875333,-2.677636208085558,-0.986296105375089,True,0.986296105375089,linear
17,2.4954731132462777,-0.008717448624979165,-275.68846344290614,4.311536557093799,,-0.10178227718668151,-0.013321994001954884,-136.47849726841773,3.521502731582242,-0.7900338255115571,-0.9748464090601269,True,0.9748464090601269,linear
18,2.5587911705103252,0.012851549821034985,-268.5526443430333,11.447355656966671,,0.19473238774612409,-0.007992673009718856,-131.94392893974165,8.056071060258313,-3.3912845967083585,-0.9424566352838691,True,0.9424566352838691,linear
19,2.353554344745062,0.01594041233266846,-277.08805652148175,2.9119434785182174,,0.10833558731464615,-0.004612744564736727,-137.44975867430637,2.5502413256936207,-0.3617021528245966,-0.9817839905307598,True,0.9817839905307598,linear
20,2.485521037622309,0.023265175329123308,-272.69787727343,7.302122726569962,,0.1646877126944651,-0.008337312648404534,-134.00527274109143,5.994727258908557,-1.3073954676614052,-0.9571805195792246,True,0.9571805195792246,linear
21,2.4361211205294815,-0.0030615858695355585,-279.39184190242133,0.6081580975786042,,-0.05903902718182983,-0.00418291757107253,-139.14901122003985,0.8509887799601383,0.24283068238153416,-0.9939215087145704,True,0.9939215087145704,linear
0,2.4196942443799134,0.009675264025990058,-279.09319805148334,0.9068019485166224,,0.0002509838259725603,-0.013577787048380238,-138.52653304639352,1.473466953606459,0.5666650050898367,-0.9894752360456681,True,0.9894752360456681,linear
1,2.405425348967108,-0.0032406095992390557,-279.90402614212934,0.09597385787061605,,-0.02633729859922752,-0.002250903023185223,-139.81769525296554,0.18230474703444396,0.08633088916382792,-0.9986978232354683,True,0.9986978232354683,linear
2,2.3870453841524037,-0.025192857970482808,-274.8587209028415,5.141279097158404,,-0.06562873955095594,0.01385579678469141,-137.58735843944027,2.412641560559709,-2.728637536598695,-0.9827668459960021,True,0.9827668459960021,linear
3,2.3465239626553807,-0.04266667487542202,-264.2828053509079,15.717194649092088,,-0.1929731235233277,-0.016720748415371512,-130.35201880707706,9.647981192922911,-6.069213456169177,-0.9310858486219792,True,0.9310858486219792,linear
4,2.413652069062091,0.015732768010132594,-277.94547988530513,2.0545201146948315,,0.05372208632396953,-0.014892415873918926,-137.63832407419056,2.3616759258094073,0.30715581111457585,-0.9831308862442185,True,0.9831308862442185,linear
5,2.4825372900258627,0.01617852623992513,-275.13497788466776,4.865022115332222,,0.07799398320890434,-0.019950505998017058,-135.58009351347167,4.419906486528312,-0.4451156288039097,-0.9684292393819406,True,0.9684292393819406,linear
6,2.4194321759433017,0.005208426726954603,-279.6287510570967,0.3712489429033008,,-0.02288360134613701,-0.01021334204880178,-139.05922095189234,0.9407790481076214,0.5695301052043206,-0.9932801496563741,True,0.9932801496563741,linear
7,2.347149622456785,-0.0037849929646410793,-278.74517940106256,1.2548205989373966,,0.04323945047418338,0.0007340855322579089,-139.6137895512538,0.38621044874618443,-0.8686101501912121,-0.9972413539375272,True,0.9972413539375272,linear
8,2.4698356167551303,0.008664392645355791,-277.41196059616965,2.5880394038303063,,-0.016201130008862,-0.018724956002989516,-137.14398618673016,2.8560138132698305,0.26797440943952394,-0.9795999013337869,True,0.9795999013337869,linear
9,2.4642365994856257,-0.005239941054108831,-278.09759544686904,1.9024045531309002,,-0.08633578240003781,-0.006607580723586925,-138.13467925221482,1.8653207477851674,-0.037083805345732745,-0.9866762803729631,True,0.9866762803729631,linear
10,2.3352005220322365,0.027981343052053298,-272.0297965420838,7.97020345791616,,0.10244405602427274,0.024128655433306744,-133.2166040563266,6.783395943673377,-1.186807514242783,-0.9515471718309044,True,0.9515471718309044,linear
11,2.3460105450142184,-0.030482889269543796,-271.38348757666506,8.616512423334878,,-0.11078079024170694,0.016162818307598754,-135.42421594849603,4.575784051503962,-4.040728371830917,-0.9673158282035431,True,0.9673158282035431,linear
12,2.3588746336575057,-0.007118008840882894,-278.9040213842009,1.0959786157990554,,0.026264514881621476,0.002383530130829035,-139.8135650129321,0.1864349870678941,-0.9095436287311612,-0.9986683215209436,True,0.9986683215209436,linear
13,2.4203729919813735,0.02348715410379392,-275.42126305144905,4.578736948550907,,0.13339197444501547,-0.008825927664252461,-135.78478117628745,4.21521882371252,-0.363518124838388,-0.9698912941163391,True,0.9698912941163391,linear
14,2.5089293738781446,0.011109061667010514,-274.20140451916524,5.798595480834709,,0.059403027231909586,-0.02298977160135854,-135.05584605435547,4.944153945644496,-0.8544415351902125,-0.9646846146739679,True,0.9646846146739679,linear
15,2.566513088301604,0.0101181723006232,-268.0658144186797,11.93418558132027,,0.1946890974601193,-0.009400844953132375,-131.75143236810402,8.24856763189596,-3.685617949424309,-0.9410816597721717,True,0.9410816597721717,linear
16,2.399830015459646,-0.0047815692013784125,-279.81725411789796,0.182745882101999,,-0.020830005422616992,-0.0008113100620792278,-139.90601798944385,0.09398201055612616,-0.08876387154587283,-0.999328699924599,True,0.999328699924599,linear
17,2.458439348823791,0.003633323978881471,-278.5008728167057,1.499127183294303,,-0.0521649326305388,-0.013152310140044862,-138.0619485593223,1.9380514406776868,0.4389242573833838,-0.9861567754237308,True,0.9861567754237308,linear
18,2.5320239549063217,0.005895175414879915,-272.68173681396985,7.318263186030087,,0.059603783162840665,-0.02509318011679193,-134.24264576001264,5.757354239987355,-1.560908946042732,-0.9588760411429474,True,0.9588760411429474,linear
19,2.3504903353328075,-0.02812233160301407,-272.6781009666239,7.321899033376045,,-0.07945587137448512,0.01733253453807331,-136.31354546350073,3.686454536499258,-3.6354444968767874,-0.9736681818821482,True,0.9736681818821482,linear
20,2.5619144102541975,0.03031098917901055,-262.134953030099,17.865046969900963,,-0.03700183648939311,0.04028062439437949,-126.75229130229205,13.247708697707933,-4.61733827219303,-0.9053735093020862,True,0.9053735093020862,linear
21,2.2922473674669464,-0.010738574513346788,-274.36863236201975,5.631367637980226,,0.04199289561954776,0.017914249579888953,-137.07483903548507,2.925160964514897,-2.706206673465329,-0.9791059931106079,True,0.9791059931106079,linear
0,2.4217494669170283,-0.0055555409100023585,-279.55987383474405,0.4401261652558956,,-0.04677331629610658,-0.0009480607223743871,-139.54604138182395,0.4539586181760173,0.013832452920121693,-0.9967574384415999,True,0.9967574384415999,linear
1,2.5003284203579645,0.024934718043565098,-270.9431283263696,9.05687167363034,,0.1886378014871478,1.9584807672275097e-05,-132.9074324781745,7.092567521825477,-1.9643041518048638,-0.9493388034155323,True,0.9493388034155323,linear
2,2.370218290418474,0.026907623764322722,-273.85071676093685,6.149283239063099,,0.1523457714429192,0.009013649966249187,-134.68293030560724,5.317069694392743,-0.8322135446703551,-0.9620209307543376,True,0.9620209307543376,linear
3,2.421069988660765,-0.008511710907712793,-279.23940169217985,0.760598307820089,,-0.04837751286481628,0.001498667491260812,-139.50415551653734,0.4958444834626351,-0.26475382435745387,-0.9964582536895527,True,0.9964582536895527,linear
4,2.3369564464158503,-0.017384281381367522,-275.9633802915414,4.036619708458549,,0.017232695639740326,0.013835020211425535,-138.40945813927573,1.590541860724256,-2.446077847734293,-0.9886389867091124,True,0.9886389867091124,linear
5,2.424852877616876,0.007363168924514338,-279.3141152659695,0.6858847340304243,,-0.017078789718027974,-0.012385055630517868,-138.71439531289877,1.2856046871011964,0.5997199530707721,-0.9908171093778486,True,0.9908171093778486,linear
6,2.504667027739302,0.02127039017311492,-271.93803537822953,8.061964621770443,,0.16860658876244314,-0.009356972649940702,-133.6045339580805,6.39546604191948,-1.6664985798509633,-0.9543180997005751,True,0.9543180997005751,linear
7,2.4398199212871226,-0.014682673492583046,-277.6290764389816,2.37092356101834,,-0.08118733076784915,0.003823293685874229,-138.5414147445961,1.4585852554038843,-0.9123383056144557,-0.9895815338899723,True,0.9895815338899723,linear
8,2.491662792490288,-0.013024980413847576,-275.22791324617253,4.772086753827446,,-0.11604566769444608,-0.010584105864570266,-136.3770739828207,3.622926017179295,-1.1491607366481502,-0.9741219570201479,True,0.9741219570201479,linear
9,2.3481941839629856,-0.008387391728509191,-278.3419691868391,1.6580308131608854,,0.03637356857652677,0.004313903841025288,-139.5809053019781,0.4190946980218691,-1.2389361151390161,-0.997006466442701,True,0.997006466442701,linear
10,2.3595790637053056,0.010140855484563418,-278.51049181127144,1.4895081887285,,0.06687101849008666,-0.007597436839724158,-138.62698496234796,1.373015037652011,-0.11649315107648894,-0.9901927497310571,True,0.9901927497310571,linear
11,2.33706426047633,-0.004791483514639136,-278.2008288246913,1.799171175308621,,0.052915464641651005,0.0027734809639223205,-139.36695848555087,0.6330415144491035,-1.1661296608595175,-0.9954782748967921,True,0.9954782748967921,linear
12,2.394096377213168,0.005566341606563441,-279.7381039379162,0.2618960620837199,,0.003741264770583987,-0.008969429875616733,-139.35414098331026,0.6458590166897303,0.3839629546060104,-0.9953867213093591,True,0.9953867213093591,linear
13,2.33378730313507,0.024039459578250655,-273.59345423975407,6.406545760245863,,0.13171979288011754,0.015260734281973208,-134.63439004262176,5.365609957378209,-1.040935802867654,-0.9616742145901557,True,0.9616742145901557,linear
14,2.306300035173025,-0.01032219054832683,-275.57970411636535,4.42029588363462,,0.05345445061114219,0.01364093278982559,-137.9295682587398,2.0704317412601725,-2.349864142374448,-0.9852112018481416,True,0.9852112018481416,linear
15,2.4245073989378896,0.009969442819045762,-278.9600390819215,1.0399609180784917,,-0.0008838744000493428,-0.014188318096808896,-138.39089797777766,1.6091020222223311,0.5691411041438393,-0.9885064141269834,True,0.9885064141269834,linear
16,2.4030264553397016,-0.012999038566963954,-278.6457328259904,1.3542671740095156,,-0.030669439655958548,0.0057660251574129465,-139.5420107255732,0.4579892744267854,-0.8962778995827302,-0.9967286480398087,True,0.9967286480398087,linear
17,2.242687923612408,-0.035624223600957385,-259.9140343002926,20.08596569970738,,-0.14573309028163384,-0.034221751025655486,-126.36242221886451,13.637577781135464,-6.448387918571916,-0.9025887301347467,True,0.9025887301347467,linear
18,2.4217643505762836,-0.015001713355986764,-278.00758092607003,1.9924190739299268,,-0.05829956965131307,0.006074398301554793,-139.01160464806418,0.9883953519357886,-1.0040237219941381,-0.9929400332004586,True,0.9929400332004586,linear
19,2.4376178206363024,0.01614515349487719,-277.338344472829,2.6616555271709217,,0.05086572982264263,-0.017234917975114988,-137.09768891165092,2.902311088349058,0.2406555611781363,-0.9792692065117924,True,0.9792692065117924,linear
20,2.335065266856237,0.01424201390842285,-276.6592330617933,3.340766938206629,,0.11492478640959515,-0.0002466291751300467,-137.32385829017298,2.6761417098269904,-0.6646252283796387,-0.9808847020726643,True,0.9808847020726643,linear
21,2.318909772037559,0.0007207607013774824,-277.3187217527261,2.6812782472738768,,0.0814891444600312,0.0033143481332439475,-138.56050251557625,1.4394974844237265,-1.2417807628501503,-0.9897178751112591,True,0.9897178751112591,linear
0,2.323487036136887,0.026492270622203756,-272.00591115222477,7.9940888477751955,,0.09222622508883765,0.025052293775377443,-133.25479643498716,6.74520356501283,-1.2488852827623655,-0.9518199745356226,True,0.9518199745356226,linear
1,2.406092037404268,-0.005517588272862416,-279.7414983194042,0.25850168059576817,,-0.028608525436398677,-0.00034711921426744483,-139.8317286264422,0.16827137355777394,-0.0902303070379942,-0.9987980616174444,True,0.9987980616174444,linear
2,2.4816804871089806,0.010758655931792607,-276.35883571692057,3.641164283079396,,0.013049744266065018,-0.021119475784831056,-136.40029162959343,3.599708370406543,-0.04145591267285332,-0.974287797354239,True,0.974287797354239,linear
3,2.251573342099175,-0.0023695564611571273,-271.08622892518355,8.91377107481638,,-0.021076038654011357,0.027133618900113465,-134.02488138096086,5.975118619039125,-2.938652455777255,-0.9573205812925777,True,0.9573205812925777,linear
4,2.540491781948828,0.005374093377711206,-271.8099395233313,8.190060476668624,,0.08014521756178832,-0.024817253219846177,-133.76980493626928,6.230195063730704,-1.9598654129379192,-0.9554986066876379,True,0.9554986066876379,linear
5,2.5648664698113546,-0.04721418362808362,-251.28195393029247,28.71804606970748,,0.2666071169260276,0.013454924598502735,-124.74370338996972,15.256296610030251,-13.461749459677229,-0.8910264527854982,True,0.8910264527854982,linear
6,2.443461665772414,-0.018190720252280166,-276.58362091876273,3.416379081237223,,-0.09602353619096356,0.004573357721101224,-137.9594802708587,2.0405197291412596,-1.3758593520959637,-0.9854248590775624,True,0.9854248590775624,linear
7,2.34678579616139,0.008224313243233663,-278.30335636854727,1.6966436314526938,,0.07413826318908716,-0.005072239147721417,-138.67460486304506,1.3253951369549113,-0.3712484944977826,-0.9905328918788935,True,0.9905328918788935,linear
8,2.4171161387505817,-0.015695786540193473,-277.91118266954686,2.0888173304531144,,-0.05380387462701375,0.00687882150761582,-139.03093831486697,0.9690616851330096,-1.1197556453201047,-0.9930781308204785,True,0.9930781308204785,linear
9,2.495325872936283,0.010505242423316094,-275.4251348908892,4.574865109110748,,0.027852553719116213,-0.022476839927877423,-135.80357187764815,4.196428122351826,-0.3784369867589223,-0.9700255134117727,True,0.9700255134117727,linear
10,2.3231822739030066,-0.007492298175580086,-277.1477144895121,2.852285510487831,,0.05928222358622453,0.007326177812434221,-138.85402077841604,1.145979221583922,-1.706306288903909,-0.9918144341315435,True,0.9918144341315435,linear
11,2.4642654211597783,0.011194756643606654,-277.3139059382334,2.6860940617665725,,0.004636479319536084,-0.019190995585633915,-137.0520380230343,2.9479619769656673,0.261867915199095,-0.9789431287359596,True,0.9789431287359596,linear
12,2.3858280399182217,-0.009773506478351356,-279.1544011424809,0.8455988575190521,,-0.006726676991563118,0.003618234295708626,-139.8861112732085,0.1138887267914524,-0.7317101307275997,-0.9991865090943468,True,0.9991865090943468,linear
13,2.2973538595577354,-0.0070052931519629215,-275.330543392645,4.669456607354958,,0.06434702716880136,0.013928169465062043,-137.60515290069898,2.394847099301006,-2.2746095080539512,-0.9828939492907071,True,0.9828939492907071,linear
14,2.346066085300299,0.0027425170531536437,-278.75242941271387,1.2475705872860954,,0.056419151204317515,-0.0032007899265416107,-139.2685412163892,0.7314587836107806,-0.5161118036753147,-0.9947752944027801,True,0.9947752944027801,linear
15,2.3557460685990157,0.015000656447608358,-277.40153045885614,2.5984695411438308,,0.1002569379472623,-0.005794923385183601,-137.69066552763226,2.3093344723677136,-0.2891350687761169,-0.9835047537688021,True,0.9835047537688021,linear
16,2.392201215767606,-0.0021312785829355925,-279.9388155918952,0.061184408104775725,,-0.009976671709158379,-0.0028534338895496903,-139.91456741223993,0.08543258776003766,0.024248179655261933,-0.9993897672302855,True,0.9993897672302855,linear
17,2.40319607293933,0.015507755138226208,-278.07371900246125,1.9262809975387243,,0.05834198353074053,-0.013730387370411164,-137.7987443905278,2.201255609472178,0.27497461193345346,-0.9842767456466273,True,0.9842767456466273,linear
18,2.378560601406273,0.004920464814189116,-279.61852249482314,0.38147750517682677,,0.02009365849198105,-0.0076124900295378075,-139.4542776370178,0.5457223629821697,0.16424485780534293,-0.996101983121556,True,0.996101983121556,linear
19,2.411895355893058,0.01607928850807288,-277.8757303903161,2.124269609683843,,0.058072168005129904,-0.014655770033726678,-137.59519195153317,2.404808048466818,0.2805384387829752,-0.9828227996538085,True,0.9828227996538085,linear
20,2.3314295664661815,0.008305983131278488,-277.5317086868767,2.468291313123239,,0.09258421511416143,-0.0014342761575915327,-138.24117565566095,1.7588243443390137,-0.7094669687842257,-0.987436968969007,True,0.987436968969007,linear
21,2.4371265215751663,-0.01725879508189134,-277.0560178388006,2.9439821611993766,,-0.08474996576540753,0.005388767673296075,-138.30644366481008,1.6935563351899028,-1.2504258260094738,-0.9879031690343578,True,0.9879031690343578,linear
0,2.37080625964147,-0.01769476347345246,-277.149096334671,2.8509036653289415,,-0.0060007727337854635,0.010902492375473333,-139.0426202953879,0.9573797046120633,-1.893523960716878,-0.9931615735384852,True,0.9931615735384852,linear
1,2.4596327158825857,-0.008544408593663642,-277.9655297962751,2.0344702037248537,,-0.09046997267693739,-0.0032607744450454386,-138.2508362024168,1.749163797583195,-0.28530640614165864,-0.9875059728744058,True,0.9875059728744058,linear
2,2.478448899149883,-0.032110224686821474,-269.25294292008635,10.747057079913603,,-0.1460154444176473,-0.017640245206459074,-133.21917498261757,6.780825017382392,-3.9662320625312106,-0.9515655355901258,True,0.9515655355901258,linear
3,2.4250034254080077,0.015234331391220966,-277.8894459715616,2.110554028438349,,0.04367417591857012,-0.016085499086548202,-137.54240293405704,2.4575970659429416,0.3470430375045923,-0.9824457352432647,True,0.9824457352432647,linear
4,2.4487426419468994,0.029657482236552696,-271.999888092252,8.000111907747954,,0.17722730155337393,0.006946103580072709,-133.3349410693307,6.665058930669257,-1.3350529770786965,-0.9523924362095053,True,0.9523924362095053,linear
5,2.2730331943716413,-0.005390707601549622,-273.2500725655997,6.749927434400266,,0.03892197223293101,0.02160758845963842,-135.95890844038826,4.0410915596117345,-2.7088358747885315,-0.9711350602884876,True,0.9711350602884876,linear
6,2.51231746771891,0.010494169661552068,-274.00635432370404,5.993645676295935,,0.05944352864924826,-0.02327996704067166,-134.94755012149557,5.0524498785044125,-0.9411957977915223,-0.963911072296397,True,0.963911072296397,linear
7,2.343410075317525,0.005880511199617469,-278.41660853730565,1.583391462694301,,0.06934061880207003,-0.003960230220431254,-138.89462627176823,1.105373728231739,-0.4780177344625621,-0.9921044733697733,True,0.9921044733697733,linear
8,2.3955649902063927,0.006201228608638584,-279.6846030195054,0.31539698049456266,,0.0045046778231473805,-0.009499090800938153,-139.27467106069065,0.7253289393093364,0.4099319588147738,-0.9948190790049333,True,0.9948190790049333,linear
9,2.3778925726082365,0.0028586928908529386,-279.734819471538,0.26518052846196233,,0.015208749114890785,-0.006204666873674615,-139.64500423678462,0.3549957632153699,0.08981523475340755,-0.9974643159770331,True,0.9974643159770331,linear
10,2.4028447278503697,-0.009030118857226254,-279.3449627336181,0.6550372663818365,,-0.026629300163897272,0.0026334537152445815,-139.7996009913447,0.20039900865527793,-0.4546382577265585,-0.9985685785096051,True,0.9985685785096051,linear
11,2.3709418625981376,-0.0398712576047727,-266.94909277865327,13.050907221346705,,-0.19423483183438617,-0.005558751774355916,-132.2450016430131,7.754998356986895,-5.295908864359811,-0.9446071545929507,True,0.9446071545929507,linear
12,2.3015880896374648,-0.018460163893791084,-273.34228486345285,6.657715136547091,,-0.005674297156104068,0.020544629666909196,-136.61995676683733,3.3800432331626307,-3.27767190338446,-0.9758568340488384,True,0.9758568340488384,linear
13,2.656740724209988,-0.010995322530421063,-253.32615087411892,26.67384912588102,,0.036306524300530975,0.043400861708547504,-124.67582579175115,15.324174208248833,-11.349674917632187,-0.8905416127982226,True,0.8905416127982226,linear
14,2.3652444608250116,-0.017542772914653663,-277.046619347267,2.9533806527329984,,-0.0004801667988842468,0.011143858993891706,-139.0074086930949,0.9925913069050721,-1.9607893458279264,-0.9929100620935352,True,0.9929100620935352,linear
15,2.218375301541251,-0.015595333232204087,-264.88137051331034,15.118629486689604,,-0.23257093607293908,0.002513359797334043,-129.31175790628902,10.688242093710961,-4.430387392978643,-0.9236554136163503,True,0.9236554136163503,linear
16,2.406453154806299,0.015329364854168347,-278.10482922703653,1.8951707729634073,,0.054388461072740334,-0.014124441235186705,-137.80175597738997,2.1982440226099964,0.3030732496465891,-0.9842982569813572,True,0.9842982569813572,linear
17,2.3223450455322543,0.057423847343703247,-251.18890761138874,28.81109238861121,,0.39763032836808776,0.0013999367677477548,-111.10754848008746,28.892451519912523,0.08135913130131117,-0.7936253462863391,True,0.7936253462863391,linear
18,2.424843565618018,-0.015596201825436976,-277.8035340754478,2.196465924552151,,-0.06376743739536443,0.006144538931266452,-138.8689752732256,1.1310247267743672,-1.065441197777784,-0.9919212519516116,True,0.9919212519516116,linear
19,2.3269800568729706,-0.0191899409776863,-274.88401337087834,5.115986629121616,,0.006048261804666072,0.016783789809670314,-137.74108648572718,2.2589135142728045,-2.857073114848811,-0.98386490346948,True,0.98386490346948,linear
20,2.374984340529973,-0.03178000862789209,-271.67201490319326,8.327985096806676,,-0.12565740590095523,0.012567893080131145,-135.5448472598954,4.455152740104584,-3.872832356702092,-0.9681774804278244,True,0.9681774804278244,linear
21,2.3740025886680525,-0.0035622301630017176,-279.6222285622511,0.37777143774884625,,0.010931957971606659,-0.0012141026399905993,-139.96377637734824,0.03622362265173076,-0.34154781509711546,-0.999741259838202,True,0.999741259838202,linear
0,2.442301014934906,-0.03102477481804917,-271.5759417340373,8.424058265962623,,-0.15777727746140224,-0.0011405084175353534,-134.98924179863624,5.010758201363726,-3.4133000645988982,-0.9642088699902591,True,0.9642088699902591,linear
1,2.488983284905512,0.004862008561386505,-276.5905642990191,3.409435700980884,,-0.034299678163318484,-0.019759354336605132,-136.63906799691665,3.36093200308333,-0.04850369789755416,-0.9759933428351191,True,0.9759933428351191,linear
2,2.3676193782091266,-0.013233002366891705,-278.17182563616785,1.8281743638321,,0.009434443698310776,0.007218988399456205,-139.56527936984645,0.43472063015351636,-1.3934537336785837,-0.9968948526417606,True,0.9968948526417606,linear
3,2.30020506647327,0.0113486864828522,-274.92601574298214,5.073984257017799,,0.11189639831672793,0.01192201065542116,-136.32623187184097,3.673768128159,-1.4002161288587995,-0.9737587990845785,True,0.9737587990845785,linear
4,2.393079593495314,-0.010958159132861082,-279.02066815135896,0.9793318486410085,,-0.01625357687558322,0.004437025120713419,-139.78862587883975,0.211374121160239,-0.7679577274807695,-0.9984901848488554,True,0.9984901848488554,linear
5,2.2484326126783176,0.0021792697340972953,-270.72017016066036,9.279829839339579,,-0.027801991432407164,0.028270499147515362,-133.45427139983698,6.545728600163002,-2.7341012391765767,-0.9532447957131214,True,0.9532447957131214,linear
6,2.2613889634926183,-0.0015329469116124022,-272.2307009072869,7.769299092713019,,0.020763307445489716,0.024956170117026943,-134.9340797184064,5.06592028159357,-2.7033788111194483,-0.9638148551314745,True,0.9638148551314745,linear
7,2.349012772908684,-0.005205539529959949,-278.7219373572263,1.27806264277368,,0.039369282713643206,0.001623424940875228,-139.66226388667818,0.3377361133218067,-0.9403265294518733,-0.9975875991905585,True,0.9975875991905585,linear
8,2.430663960389371,0.039715306617844004,-267.0091099372179,12.990890062782075,,-0.0256751691865177,0.03709960535713876,-128.86460587332388,11.13539412667611,-1.8554959361059646,-0.920461470523742,True,0.920461470523742,linear
9,2.3781415652694116,0.004715795456871994,-279.626868393321,0.37313160667894996,,0.019972655075911252,-0.007455728104094493,-139.47414780898387,0.5258521910161001,0.15272058433715016,-0.9962439129213135,True,0.9962439129213135,linear
10,2.2275689616990673,-0.0064384419657351425,-267.76590382851055,12.234096171489407,,-0.15820774780349067,0.02129730690491035,-131.34764511800918,8.652354881990808,-3.581741289498598,-0.9381974651286371,True,0.9381974651286371,linear
11,2.4068497398750215,0.0024551514809968435,-279.93263020812543,0.06736979187451568,,-0.01944210560053926,-0.00716057344398206,-139.51290257648384,0.4870974235161363,0.4197276316416206,-0.9965207326891704,True,0.9965207326891704,linear
12,2.43993533544339,-0.0005389085136643727,-279.3460127612543,0.6539872387456205,,-0.057456040898623176,-0.006837765454480942,-138.95270032351812,1.0472996764818534,0.393312437736233,-0.9925192880251296,True,0.9925192880251296,linear
13,2.4435569786146747,-0.02144362832963536,-275.5497986890522,4.450201310947799,,-0.1090548125813575,0.004945128388513384,-137.39293401827013,2.60706598172984,-1.843135329217959,-0.9813781001305012,True,0.9813781001305012,linear
14,2.389419184580293,-0.00155750138057566,-279.9348167836818,0.06518321631812872,,-0.006114103963890188,-0.0032560239165171337,-139.90762066274195,0.09237933725803213,0.027196120939903406,-0.9993401475910141,True,0.9993401475910141,linear
15,2.418466775592418,0.008903323151437862,-279.22697405296793,0.7730259470320358,,-0.0037156179540045425,-0.012971442530641815,-138.65238397563522,1.347616024364756,0.5745900773327202,-0.9903741712545374,True,0.9903741712545374,linear
16,2.4207109960537716,0.013337654761218827,-278.40278186244285,1.5972181375571306,,0.027726642018187572,-0.015378545345503349,-137.9526358482461,2.0473641517538734,0.450146014196743,-0.9853759703446152,True,0.9853759703446152,linear
17,2.548023753595918,-0.012184199796602124,-269.9919097370078,10.008090262992146,,0.0014302245604641255,-0.0295790599097654,-133.00684208809537,6.993157911904621,-3.014932351087525,-0.9500488720578242,True,0.9500488720578242,linear
18,2.258270123620787,0.05676335277888844,-246.14970304082738,33.85029695917258,,0.16916014277271824,0.05755251442118738,-107.7943636725823,32.20563632741768,-1.6446606317549084,-0.7699597405184452,True,0.7699597405184452,linear
19,2.252733266737392,-0.018096623637065604,-268.6495824116428,11.35041758835713,,-0.13546983395654008,0.020921928163693967,-132.79757389096446,7.202426109035518,-4.147991479321611,-0.9485540992211748,True,0.9485540992211748,linear
20,2.4615520422958284,0.021998954985942898,-274.58642375193324,5.413576248066742,,0.12996165480906122,-0.013189675243072433,-135.19710383537833,4.80289616462164,-0.6106800834451022,-0.9656935988241311,True,0.9656935988241311,linear
21,2.4475879061686,-0.0040863276547523746,-278.9416494440078,1.0583505559921762,,-0.07134105050476211,-0.004647158523703435,-138.7902209410249,1.2097790589750905,0.15142850298291427,-0.9913587210073208,True,0.9913587210073208,linear
0,2.4890185052479508,-0.006464532741511074,-276.4429581509447,3.5570418490552522,,0.04399740546613655,0.01633983194620987,-137.47071065853737,2.5292893414625985,-1.027752507592654,-0.9819336475609814,True,0.9819336475609814,smoothstep
1,2.3777344679105683,0.0031055365520852377,-279.7201848438982,0.2798151561017556,,-0.02872990096687743,-0.001778491911224168,-139.805989526821,0.19401047317897666,-0.08580468292277893,-0.9986142109058644,True,0.9986142109058644,smoothstep
2,2.321577840548703,-0.00489520175177045,-277.3038438504978,2.6961561495021718,,0.007721084872799332,-0.015437910578030125,-138.08297909519118,1.9170209048087865,-0.7791352446933852,-0.9863069935370801,True,0.9863069935370801,smoothstep
3,2.399062218747594,-0.008642239295257183,-279.4026995341008,0.5973004658991262,,0.03735132106975573,-0.004317355159627052,-139.56595198518187,0.4340480148181218,-0.1632524510810044,-0.9968996570370134,True,0.9968996570370134,smoothstep
4,2.247843459375354,-0.009686229206561228,-269.93747755739025,10.062522442609694,,0.19033191754675002,-0.0019821951389638035,-132.75142290895647,7.248577091043507,-2.8139453515661876,-0.9482244493496892,True,0.9482244493496892,smoothstep
5,2.385526069500879,-0.00164915359741603,-279.89257438611986,0.10742561388009574,,-0.003936688487840472,-0.0030401679113916916,-139.9229591525707,0.0770408474292569,-0.030384766450838832,-0.9994497082326481,True,0.9994497082326481,smoothstep
6,2.2602527900709557,-0.004902522947113259,-271.93161767855923,8.0683823214407,,0.1422390462762786,-0.014536910982451834,-134.23327221166096,5.7667277883390105,-2.3016545331016887,-0.9588090872261499,True,0.9588090872261499,smoothstep
7,2.353775806448007,0.01445783381370611,-277.4566268041835,2.543373195816469,,-0.08630908547120004,-0.005629858129416409,-138.23123974488777,1.7687602551121981,-0.774612940704271,-0.98736599817777,True,0.98736599817777,smoothstep
8,2.4806283392969175,-0.014806014106460553,-275.60105642882473,4.398943571175193,,0.07198113304739086,0.016228373239237637,-136.83931578821927,3.1606842117807097,-1.2382593593944837,-0.9774236842015663,True,0.9774236842015663,smoothstep
9,2.4426399665969,0.009395169569136646,-278.5517124450582,1.44828755494181,,-0.020867270155347152,0.010690356950891494,-138.99755691695484,1.0024430830451332,-0.4458444718966767,-0.9928396922639633,True,0.9928396922639633,smoothstep
10,2.4078255076266926,-0.016197811347053153,-277.87798366239866,2.122016337601273,,0.08504261817110044,-0.0029234411215498806,-138.46016956751558,1.539830432484409,-0.5821859051168639,-0.9890012111965399,True,0.9890012111965399,smoothstep
11,2.254995757308305,0.005809471316692192,-271.2594631577279,8.740536842272075,,0.12394577330099206,-0.019650389113061422,-133.80650952745012,6.19349047254987,-2.5470463697222048,-0.9557607823389295,True,0.9557607823389295,smoothstep
12,2.280620100244591,0.006110729439105566,-273.931696419816,6.0683035801839615,,0.03189609796339601,-0.02257994822031321,-135.71708889871047,4.282911101289502,-1.7853924788944597,-0.9694077778479321,True,0.9694077778479321,smoothstep
13,2.4048188720077497,-0.0158251027850019,-277.9889263182378,2.011073681762112,,0.08155632003413456,-0.0036247760627318515,-138.5410673940159,1.458932605984068,-0.552141075778044,-0.9895790528143995,True,0.9895790528143995,smoothstep
14,2.3688797683700678,0.003398215383748735,-279.5117961131421,0.48820388685782634,,-0.03563516991866822,-0.003188776722711407,-139.65922836902863,0.3407716309713385,-0.14743225588648784,-0.9975659169216333,True,0.9975659169216333,smoothstep
15,2.3793477101776523,0.03304543746735857,-271.09783497938804,8.902165020611903,,-0.08430175369200922,-0.024199362925295374,-133.87343396617513,6.12656603382486,-2.775598986787043,-0.9562388140441082,True,0.9562388140441082,smoothstep
16,2.390758469155178,-0.00968898794208526,-279.2147628239998,0.7852371760001617,,0.03768347272830583,-0.005902197108763453,-139.431416299773,0.5685837002269786,-0.21665347577318317,-0.9959386878555215,True,0.9959386878555215,smoothstep
17,2.501009202427031,0.02539136831382562,-270.70420271848724,9.295797281512716,,-0.1732784748056541,-0.0064177604987146865,-133.66205494239702,6.337945057602951,-2.957852223909765,-0.9547289638742646,True,0.9547289638742646,smoothstep
18,2.3609803043166098,0.02295634040977217,-275.1658843975473,4.83411560245268,,-0.10985481436170093,-0.010604599515913134,-136.65437487014057,3.3456251298593958,-1.488490472593285,-0.9761026776438615,True,0.9761026776438615,smoothstep
19,2.2896688345632246,-0.010418562479264851,-274.19666293429566,5.803337065704306,,0.10334211900711268,-0.015779888450269047,-135.84235621696433,4.15764378303564,-1.6456932826686659,-0.9703025444068882,True,0.9703025444068882,smoothstep
20,2.480255057693215,0.004398721251963615,-277.2228335375504,2.7771664624495416,,-0.00012828109565678235,0.01558950981408328,-138.05757486839704,1.942425131602928,-0.8347413308466134,-0.9861255347742648,True,0.9861255347742648,smoothstep
21,2.4153353410117773,0.013054506286935734,-278.5417400104737,1.458259989526265,,-0.05293042803433643,0.007351237343307057,-138.99619894863156,1.003801051368413,-0.45445893815785193,-0.9928299924902256,True,0.9928299924902256,smoothstep
0,2.401985725246939,0.04065761367758853,-266.78657489620764,13.213425103792304,,0.03212089098522499,-0.033267971531083976,-130.94343988683937,9.05656011316061,-4.156864990631693,-0.9353102849059957,True,0.9353102849059957,smoothstep
1,2.535724327212883,0.02157406445722705,-268.84466780097273,11.155332199027255,,-0.1840942763823334,-0.010202319801208976,-132.4047819997322,7.595218000267795,-3.5601141987594596,-0.9457484428552301,True,0.9457484428552301,smoothstep
2,2.351341018682817,0.011419731371566851,-277.9907837776965,2.009216222303491,,-0.07527201881963992,-0.005550599989229351,-138.59962368964844,1.4003763103515323,-0.6088399119519587,-0.9899973120689176,True,0.9899973120689176,smoothstep
3,2.4348832142726384,0.012844157911690347,-278.1841190351672,1.8158809648327618,,-0.04567118624299789,0.010163474876267484,-138.7484128960883,1.2515871039116673,-0.5642938609210943,-0.9910600921149166,True,0.9910600921149166,smoothstep
4,2.4253893308862122,0.004576091126902483,-279.56905259408626,0.43094740591368125,,-0.0005563763325768834,0.006114423752986707,-139.7011304279949,0.29886957200507086,-0.1320778339086104,-0.997865217342821,True,0.997865217342821,smoothstep
5,2.4077262840638056,0.011744230695079618,-278.87320943187893,1.1267905681210064,,-0.04861203664247259,0.006053325365258316,-139.22460542545798,0.7753945745419923,-0.3513959935790141,-0.9944614673247001,True,0.9944614673247001,smoothstep
6,2.377653539837369,0.026834253919296388,-274.04062727058056,5.959372729419414,,-0.120301137392325,-0.01215356203093276,-135.89029095056495,4.109709049435037,-1.8496636799843764,-0.9706449353611784,True,0.9706449353611784,smoothstep
7,2.356351294441179,0.036908381887813,-268.334174666879,11.66582533312094,,0.029300825821285834,-0.03137433897172536,-131.95716382047846,8.042836179521526,-3.622989153599414,-0.9425511701462748,True,0.9425511701462748,smoothstep
8,2.5168777758149736,-0.029581423502753133,-267.47323408969487,12.526765910305087,,-0.14306509794948685,0.02447394515932604,-131.08819674673094,8.911803253269044,-3.6149626570360445,-0.9363442624766497,True,0.9363442624766497,smoothstep
9,2.4150517210319538,0.030383865824927418,-272.52889265089425,7.471107349105713,,-0.13706060555633906,-0.012919969666772621,-134.8756312915565,5.124368708443489,-2.3467386406622244,-0.9633973663682608,True,0.9633973663682608,smoothstep
10,2.4194804696965235,0.004238757231366132,-279.70119849416534,0.2988015058346303,,-0.002660967553061629,0.005062594680439287,-139.7937068893353,0.20629311066465486,-0.09250839516997543,-0.9985264777809667,True,0.9985264777809667,smoothstep
11,2.4052282514579697,0.0052564209869194415,-279.7679875526799,0.23201244732002776,,-0.01718372225044705,0.003491158497599249,-139.84220208502165,0.15779791497832066,-0.0742145323417071,-0.9988728720358692,True,0.9988728720358692,smoothstep
12,2.5396598567517437,-0.011794486543270177,-271.02159177020036,8.978408229799603,,-0.09132304287351165,0.024030654566448675,-133.68907137166929,6.310928628330691,-2.6674796014689126,-0.9549219383690665,True,0.9549219383690665,smoothstep
13,2.395278346129344,-0.008575613358597044,-279.40310779862176,0.5968922013781667,,0.034514630569007915,-0.004873306607923496,-139.5667340787412,0.43326592125876534,-0.1636262801194013,-0.9969052434195802,True,0.9969052434195802,smoothstep
14,2.330591875526616,0.020798552265842072,-274.5787831496716,5.421216850328363,,-0.08015031899860306,-0.0175540509180402,-136.22931911401028,3.770680885989692,-1.6505359643386708,-0.9730665651000736,True,0.9730665651000736,smoothstep
15,2.3132069240355606,-0.001572843184425564,-276.9154520444264,3.084547955573571,,-0.0039038836331160374,-0.01652618583724342,-137.814032787372,2.185967212627971,-0.8985807429455999,-0.9843859484812287,True,0.9843859484812287,smoothstep
16,2.4119470633918128,-0.010681930157943382,-279.02965124724415,0.9703487527558309,,0.05629502201254967,-0.00269325162257464,-139.29529872100974,0.7047012789902332,-0.2656474737655978,-0.994966419435784,True,0.994966419435784,smoothstep
17,2.4124772290163308,0.004896074539803443,-279.74472917439033,0.2552708256096073,,-0.010368389839005097,0.004370588710418411,-139.82534086752833,0.174659132471663,-0.08061169313794425,-0.9987524347680595,True,0.9987524347680595,smoothstep
18,2.274357271657262,-0.012067245876994606,-272.4521628544768,7.5478371455231805,,0.14989029444214905,-0.010651454062802355,-134.5723308710483,5.427669128951669,-2.1201680165715113,-0.9612309347932023,True,0.9612309347932023,smoothstep
19,2.4542897604973932,-0.0029231516635025902,-278.7285627439126,1.2714372560873273,,0.045040520048754314,0.007851017052383454,-139.0930259842379,0.906974015762092,-0.36446324032523525,-0.9935216141731279,True,0.9935216141731279,smoothstep
20,2.3521867692192084,0.011409415702865116,-278.0259307352347,1.9740692647652498,,-0.07510938326817918,-0.005323048661435966,-138.624360904077,1.3756390959229654,-0.5984301688422844,-0.9901740064576932,True,0.9901740064576932,smoothstep
21,2.5358472268887273,-0.002018780836574841,-272.5188007745739,7.48119922542607,,-0.08470666569265366,0.021685052745557345,-134.78164900859093,5.218350991409039,-2.2628482340170306,-0.9627260643470783,True,0.9627260643470783,smoothstep
0,2.338929941122197,-0.0017292355200840667,-278.4545363819885,1.545463618011505,,-0.020582969429786734,-0.011230574335979258,-138.90531896495582,1.094681035044146,-0.45078258296735885,-0.9921808497496847,True,0.9921808497496847,smoothstep
1,2.3984423732256976,-0.0075804667812870066,-279.53973489635405,0.46026510364591383,,0.03166353187664729,-0.004034345226803293,-139.66499450140998,0.335005498589993,-0.12525960505592082,-0.9976071035815001,True,0.9976071035815001,smoothstep
2,2.429138413664538,0.03399083569120789,-270.41861638780165,9.581383612198314,,-0.1199764616155017,-0.02134872742454337,-133.44377545802405,6.5562245419759275,-3.025159070222386,-0.953169824700172,True,0.953169824700172,smoothstep
3,2.2884938493926685,0.006746872543240042,-274.5956634664077,5.4043365335922315,,0.007420305551055569,-0.021799308473858452,-136.19065858647457,3.809341413525395,-1.5949951200668364,-0.9727904184748186,True,0.9727904184748186,smoothstep
4,2.526545103389403,-0.008463007631446567,-272.95261224212163,7.047387757878347,,-0.039527705800758366,0.024108215817053608,-135.03553076172093,4.964469238279037,-2.0829185195993114,-0.964539505440864,True,0.964539505440864,smoothstep
5,2.41684264794627,-0.01626856638495347,-277.7686508105577,2.2313491894422732,,0.08898988523144999,-0.0010664729551000238,-138.38042132362875,1.6195786763712292,-0.6117705130710441,-0.9884315808830626,True,0.9884315808830626,smoothstep
6,2.4452020336145175,-0.00500386162120081,-278.9652694449362,1.0347305550637642,,0.05087766136019656,0.005185621450203664,-139.25660919729813,0.7433908027018414,-0.29133975236192283,-0.9946900656949869,True,0.9946900656949869,smoothstep
7,2.3824997083289734,-0.014447349658584891,-278.20651439759513,1.7934856024048156,,0.06400809539369819,-0.007597740002025137,-138.70311180880228,1.296888191197695,-0.4965974112071206,-0.9907365129200164,True,0.9907365129200164,smoothstep
8,2.24732630703863,-0.01137832175953606,-269.5902641813032,10.40973581869676,,0.19412407197118722,0.001380891351564059,-132.48505171089653,7.514948289103449,-2.8947875295933114,-0.9463217979349754,True,0.9463217979349754,smoothstep
9,2.312824393503959,-0.008766525689986425,-276.2940654957585,3.705934504241439,,0.04686771514305125,-0.016583651780592883,-137.35336579214786,2.646634207852131,-1.0593002963893077,-0.9810954699439134,True,0.9810954699439134,smoothstep
10,2.2907961342600403,0.0079329530661691,-274.6607100754062,5.339289924593768,,-0.0012661419722577534,-0.021687015143054655,-136.24062140576365,3.7593785942363254,-1.5799113303574421,-0.9731472957554548,True,0.9731472957554548,smoothstep
11,2.297771626933792,-0.002224296857342039,-275.7177033085704,4.2822966914295755,,0.025177961824380903,-0.01908015240686128,-136.96073328560158,3.0392667143983894,-1.2430299770311866,-0.9782909520400115,True,0.9782909520400115,smoothstep
12,2.4551926638498345,-0.003324541015178711,-278.6682572057267,1.3317427942732325,,0.04688575573254021,0.007922448251778508,-139.04943187431783,0.9505681256821346,-0.3811746685910979,-0.993210227673699,True,0.993210227673699,smoothstep
13,2.4329975287788956,0.004113649525075089,-279.41967571854116,0.580324281458814,,0.005716291510454216,0.007057945160644903,-139.59517707234264,0.40482292765732913,-0.1755013538014849,-0.9971084076595905,True,0.9971084076595905,smoothstep
14,2.413439005166967,0.011090069816037369,-278.9431400747934,1.0568599252065454,,-0.04168314371892976,0.0068245530636480145,-139.27281560123947,0.7271843987604976,-0.32967552644604775,-0.9948058257231392,True,0.9948058257231392,smoothstep
15,2.468881053946145,-0.026182565670826174,-272.58673333533085,7.413266664669116,,0.062380807688851896,0.023911496324617632,-134.63655711303784,5.363442886962133,-2.049823777706983,-0.9616896936645561,True,0.9616896936645561,smoothstep
16,2.416218723549381,-0.004609198021900384,-279.7226146743175,0.27738532568244767,,0.03151161392599317,-2.308497529003312e-05,-139.79703473398484,0.20296526601513054,-0.07442005966731711,-0.9985502480998919,True,0.9985502480998919,smoothstep
17,2.3591111733580097,-0.010485551313738094,-278.43814115950823,1.5618588404916978,,0.031571121671458584,-0.010713368731613876,-138.87893144403742,1.1210685559625706,-0.44079028452912716,-0.9919923674574103,True,0.9919923674574103,smoothstep
18,2.388343800918549,-0.016886535289556418,-277.66534323372406,2.3346567662759177,,0.08296526994673394,-0.00603235662443528,-138.3082935784288,1.6917064215711897,-0.6429503447047278,-0.9879163827030629,True,0.9879163827030629,smoothstep
19,2.4472807158492644,0.016868883836593036,-276.81267171480283,3.1873282851971094,,-0.07861579885738065,0.010808252781528617,-137.8078572056089,2.192142794391055,-0.995185490806054,-0.984341837182921,True,0.984341837182921,smoothstep
20,2.291789047395321,-0.009090542592145014,-274.5900092819399,5.409990718060034,,0.08783380578006901,-0.016963869629741692,-136.13084674861307,3.869153251386897,-1.540837466673137,-0.9723631910615221,True,0.9723631910615221,smoothstep
21,2.3679533919213815,0.0036258433298696053,-279.475113835436,0.5248861645639619,,-0.03710720384201742,-0.0032620856111567793,-139.63358862009818,0.36641137990180406,-0.1584747846621578,-0.9973827758578443,True,0.9973827758578443,smoothstep
0,2.4300850149137525,0.013018999210896363,-278.27530526222426,1.724694737775675,,-0.04778932828952948,0.009503090146408079,-138.81185153889092,1.1881484611090631,-0.5365462766666117,-0.9915132252777924,True,0.9915132252777924,smoothstep
1,2.4199344671142704,0.019278102837310133,-276.86713563833865,3.132864361661298,,-0.09571590878812086,0.006052752266440827,-137.84574161042363,2.1542583895763547,-0.9786059720849433,-0.9846124400744546,True,0.9846124400744546,smoothstep
2,2.5038778462916333,0.01240830976838868,-274.3897479935363,5.610252006463671,,-0.09627135700992615,0.015755461105625247,-136.1330336837146,3.8669663162853847,-1.7432856901782867,-0.972378812026533,True,0.972378812026533,smoothstep
3,2.347173115396357,-0.01843885587171777,-276.1433356567846,3.856664343215371,,0.10012535154632365,-0.009699615464785812,-137.21242735211712,2.7875726478828633,-1.0690916953325076,-0.9800887668008367,True,0.9800887668008367,smoothstep
4,2.4463153387714147,0.018977241128037916,-276.24547784139304,3.7545221586069197,,-0.09633977962589006,0.009314030441499052,-137.421018326553,2.578981673446987,-1.1755404851599331,-0.9815787023325215,True,0.9815787023325215,smoothstep
5,2.2656099220024304,0.005185492288971777,-272.4933113963234,7.506688603676552,,0.0852153676651572,-0.02190407346034152,-134.68785073361178,5.312149266388186,-2.1945393372883655,-0.9620560766686558,True,0.9620560766686558,smoothstep
6,2.374683024252122,-0.020120237955834338,-276.50239273384574,3.4976072661542394,,0.10592423247511495,-0.005711044312966915,-137.4630570465304,2.536942953469584,-0.9606643126846555,-0.9818789789037887,True,0.9818789789037887,smoothstep
7,2.312725826915275,0.0219135476937289,-273.0633512676322,6.936648732367748,,-0.03883692608382178,-0.023791256510577202,-135.1679209352309,4.832079064769072,-2.104569667598676,-0.9654851495373638,True,0.9654851495373638,smoothstep
8,2.4507519398790056,0.01368304460356527,-277.4518814010746,2.5481185989253126,,-0.052878691091899216,0.012182746865893745,-138.24299989212992,1.7570001078700563,-0.7911184910552561,-0.9874499992294996,True,0.9874499992294996,smoothstep
9,2.3621108185070354,-0.003066392201066862,-279.33818251005283,0.661817489947113,,-0.011027439873254843,-0.007466515760292395,-139.52956016672638,0.4704398332736044,-0.1913776566735086,-0.9966397154766171,True,0.9966397154766171,smoothstep
10,2.2905795673915077,0.0011739901328691354,-275.1336380228419,4.866361977158033,,0.02233754553638634,-0.02045136777874109,-136.5550772008157,3.4449227991842677,-1.4214391779737656,-0.9753934085772552,True,0.9753934085772552,smoothstep
11,2.376010455493642,0.0021107740181390555,-279.72906056927087,0.27093943072906956,,-0.02588563168804234,-0.00254493523462732,-139.8112447321453,0.1887552678546661,-0.08218416287440349,-0.9986517480867524,True,0.9986517480867524,smoothstep
12,2.446850271348896,-0.019855474917372017,-275.952579232094,4.047420767905913,,0.10505722876853985,0.009330134443064344,-137.06479837519262,2.935201624807367,-1.1122191430985455,-0.9790342741085188,True,0.9790342741085188,smoothstep
13,2.3475250369640785,-0.028103249035477035,-272.56343159743136,7.436568402568578,,0.15694368030499897,0.007773569971755502,-134.56842403371883,5.431575966281158,-2.0049924362874205,-0.9612030288122775,True,0.9612030288122775,smoothstep
14,2.3234020622724247,-0.002909836720171481,-277.5423684468854,2.4576315531145774,,-0.006428448901045447,-0.014734154650693073,-138.25642929592874,1.7435707040712327,-0.7140608490433447,-0.9875459235423484,True,0.9875459235423484,smoothstep
15,2.3700125671707957,-0.009810567685718283,-278.8631222060318,1.136877793968158,,0.028977941546838134,-0.00898972306933974,-139.18243671796697,0.817563282033006,-0.3193145119351521,-0.9941602622711928,True,0.9941602622711928,smoothstep
16,2.3587708069985625,-0.00047676956147319133,-279.3036599901465,0.6963400098534548,,-0.024310977124228885,-0.0068145973158442,-139.50800380880355,0.4919961911964185,-0.20434381865703632,-0.9964857414914542,True,0.9964857414914542,smoothstep
17,2.328280549854156,0.005632769864918491,-277.6500869656936,2.3499130343063546,,-0.05064288005311806,-0.0118816048021526,-138.3480768894851,1.6519231105148726,-0.6979899237914818,-0.9882005492106081,True,0.9882005492106081,smoothstep
18,2.1531528025640876,0.005759114332139612,-255.88512746730134,24.114872532698616,,-0.21236711661728483,0.033047430665882595,-122.34368418446896,17.656315815531016,-6.4585567171676,-0.8738834584604928,True,0.8738834584604928,smoothstep
19,2.6372837639955327,-0.004982119251795997,-257.69043029003245,22.3095697099675,,0.03464799210242729,-0.0431572049733596,-124.86841623524514,15.131583764754838,-7.1779859452126615,-0.8919172588231797,True,0.8919172588231797,smoothstep
20,2.475190473924232,0.006499501030360071,-277.35907703203407,2.640922967965906,,-0.009996776065685371,0.015091522087070198,-138.1592530288878,1.8407469711121673,-0.8001759968537384,-0.9868518073491988,True,0.9868518073491988,smoothstep
21,2.3986003898617403,-0.042504279216733845,-265.5599721657279,14.440027834272062,,-0.1002158609518728,0.03259234978425083,-129.47067571073688,10.529324289263085,-3.910703545008976,-0.924790540790978,True,0.924790540790978,smoothstep
0,2.419491745539733,0.00997518661645287,-279.0493381159378,0.9506618840621395,,-0.03204057304793774,0.00745890560832704,-139.34551228823327,0.6544877117667108,-0.29617417229542864,-0.9953250877730949,True,0.9953250877730949,smoothstep
1,2.5086118689407506,0.002970899477683901,-275.14498832675855,4.855011673241416,,-0.033352992624877315,0.019887641107550126,-136.61149532614667,3.388504673853321,-1.4665069993880946,-0.975796395186762,True,0.975796395186762,smoothstep
2,2.271741063268272,0.00785918642834943,-272.8569247473954,7.143075252604581,,0.05905704385070061,-0.02327329886702386,-134.95935108026052,5.040648919739471,-2.10242633286511,-0.9639953648590037,True,0.9639953648590037,smoothstep
3,2.391592703420536,-0.005333989961665236,-279.74369000789926,0.2563099921006964,,0.016318188101058326,-0.004068292888817013,-139.81326130810405,0.18673869189593442,-0.06957130020476195,-0.9986661522007433,True,0.9986661522007433,smoothstep
4,2.337870783986343,-0.018352534920297807,-275.73337692873696,4.266623071262978,,0.10546080702095038,-0.010165342681758343,-136.9175603383801,3.0824396616198757,-1.184183409643102,-0.9779825738455723,True,0.9779825738455723,smoothstep
5,2.418760003796596,0.03967763579745877,-267.273469465285,12.72653053471491,,-0.009117135664342997,-0.032976313541878396,-131.2917372721993,8.708262727800685,-4.018267806914225,-0.9377981233728523,True,0.9377981233728523,smoothstep
6,2.4749783684812208,0.008352442312656841,-277.15205045951376,2.847949540486218,,-0.02314276195712317,0.015293112453832849,-138.02122889182803,1.978771108171956,-0.8691784323142618,-0.9858659206559146,True,0.9858659206559146,smoothstep
7,2.430781314669846,-0.009403381525738613,-278.9059430925081,1.0940569074918878,,0.06196375668262072,0.0011019138399642227,-139.20714676327145,0.7928532367285132,-0.3012036707633746,-0.9943367625947963,True,0.9943367625947963,smoothstep
8,2.457506872062227,-0.0012510419525965206,-278.6378849058401,1.3621150941598534,,0.0382259259332377,0.009146337615483198,-139.03282472609462,0.9671752739053602,-0.39493982025449337,-0.9930916051863903,True,0.9930916051863903,smoothstep
9,2.319958756229678,-0.0010267004393219813,-277.38294197283784,2.6170580271620922,,-0.014272273762828365,-0.01505480709169594,-138.14688000372735,1.853119996272631,-0.7639380308894609,-0.9867634285980527,True,0.9867634285980527,smoothstep
10,2.34503150172862,0.025091647738443437,-273.7346938626884,6.265306137311567,,-0.09023785418570587,-0.01833151742891372,-135.65848385751798,4.341516142482,-1.923789994829567,-0.9689891704108429,True,0.9689891704108429,smoothstep
11,2.4578784046686994,-0.019358873728626193,-275.6376522330745,4.362347766925467,,0.09806408052320145,0.012275626442174434,-136.84235865706162,3.1576413429383443,-1.2047064239871228,-0.9774454189790118,True,0.9774454189790118,smoothstep
12,2.2997795766008777,0.016899501533176493,-273.6384894767196,6.361510523280376,,-0.023288841231660643,-0.02329870920625712,-135.55057816301436,4.449421836985614,-1.9120886862947624,-0.9682184154501028,True,0.9682184154501028,smoothstep
13,2.533461862152159,0.01325069373829221,-271.4039836125793,8.596016387420658,,-0.16230869431559808,0.008722485984612175,-134.10578043359962,5.894219566400351,-2.701796821020308,-0.9578984316685689,True,0.9578984316685689,smoothstep
14,2.323787910840558,-0.01565636783357437,-275.67483884919784,4.325161150802143,,0.09393833889019282,-0.01285381173699684,-136.8860946642947,3.11390533570529,-1.2112558150968527,-0.9777578190306765,True,0.9777578190306765,smoothstep
15,2.3907945232664134,-0.015165638987579591,-278.1271049146547,1.87289508534525,,0.07173556758691572,-0.006205844747159196,-138.64355794881962,1.356442051180356,-0.5164530341648939,-0.9903111282058547,True,0.9903111282058547,smoothstep
16,2.3129043572519885,0.031127308829434968,-269.1700009064044,10.829999093595546,,0.058755013632826376,-0.029198017158320065,-132.4819250212946,7.518074978705406,-3.31192411489014,-0.9462994644378185,True,0.9462994644378185,smoothstep
17,2.449252346690559,0.007906224247238492,-278.5098007803711,1.4901992196288407,,-0.01079336141568412,0.011247472605607408,-138.9650864120027,1.0349135879972677,-0.4552856316315731,-0.9926077600857338,True,0.9926077600857338,smoothstep
18,2.3026727179770496,0.0005915620571488604,-276.1487721047526,3.8512278952473507,,-4.802491716587563e-05,-0.018465531189938548,-137.27477538964325,2.7252246103567224,-1.1260032848906285,-0.9805341099260234,True,0.9805341099260234,smoothstep
19,2.3894453229620316,-0.0059170501328259404,-279.6746041808692,0.3253958191307519,,0.017548660552630192,-0.004656744124991012,-139.76370590517828,0.23629409482169164,-0.08910172430906023,-0.9983121850369879,True,0.9983121850369879,smoothstep
20,2.2785278799595017,-0.016384357275453895,-271.88277435889535,8.117225641104604,,0.1684644513011837,-0.004747765388586099,-134.13353625671206,5.8664637432879205,-2.2507618978166817,-0.9580966875479434,True,0.9580966875479434,smoothstep
21,2.3608160545023216,0.01838038277941272,-276.67244948394494,3.327550516054986,,-0.10004762193398765,-0.005862056288461486,-137.69286205581244,2.3071379441875393,-1.0204125718674466,-0.9835204432558032,True,0.9835204432558032,smoothstep
0,2.341658448685033,-0.017566578034006502,-276.14469005305807,3.855309946941863,,0.09566555019623037,-0.010749979061239583,-137.21687462480807,2.783125375191897,-1.0721845717499654,-0.9801205330343435,True,0.9801205330343435,smoothstep
1,2.5104805491078857,-0.007955968491009283,-274.54505645166796,5.454943548331977,,0.007915147731465937,0.02194358872614583,-136.13866442517403,3.8613355748259415,-1.5936079735060358,-0.9724190316083862,True,0.9724190316083862,smoothstep
2,2.343360082493392,-0.01766466025729432,-276.19672668144517,3.803273318554801,,0.09545419309821265,-0.010580502531836974,-137.2539203166533,2.7460796833466707,-1.0571936352081306,-0.9803851451189524,True,0.9803851451189524,smoothstep
3,2.3315943056491046,-0.017260711867467384,-275.71106833679903,4.288931663200905,,0.10080457357607941,-0.01135741640105325,-136.90591812671593,3.0940818732840474,-1.194849789916857,-0.9778994151908282,True,0.9778994151908282,smoothstep
4,2.3360707248072297,0.005536380654735974,-278.0880803663966,1.9119196336034006,,-0.05297819615445648,-0.009815200026450222,-138.65710905919,1.3428909408099796,-0.5690286927934209,-0.9904079218513573,True,0.9904079218513573,smoothstep
5,2.3419844109107713,-0.013716098151442868,-277.1228435924051,2.877156407594862,,0.06111690338661521,-0.012783317539586487,-137.9319855460537,2.0680144539462626,-0.8091419536485994,-0.9852284681860981,True,0.9852284681860981,smoothstep
6,2.4991798174510023,0.001861651654649822,-275.97703244209686,4.0229675579030895,,-0.008410213629291643,0.01872895956821769,-137.1819984170101,2.818001582989874,-1.204965974913215,-0.979871417264358,True,0.979871417264358,smoothstep
7,2.547812653099845,-0.015632336079811186,-269.25005879736347,10.749941202636494,,-0.13802186421758383,0.021526852288329866,-132.45342672095194,7.546573279048045,-3.2033679235884494,-0.9460959051496568,True,0.9460959051496568,smoothstep
8,2.4185619029905077,0.01376080618364316,-278.34564263941843,1.6543573605815383,,-0.056323720398533575,0.007841451361832237,-138.86117343606347,1.1388265639365105,-0.5155307966450278,-0.9918655245433107,True,0.9918655245433107,smoothstep
9,2.477413478408509,-0.007828573079946088,-277.069274052342,2.9307259476579537,,0.059522021148316236,0.013098663118616564,-137.90589975492108,2.094100245078896,-0.8366257025790577,-0.9850421411065793,True,0.9850421411065793,smoothstep
10,2.3052289360265212,0.009894802295789453,-275.5672443068519,4.4327556931480885,,-0.03734470912645317,-0.01880878773112163,-136.88754360641022,3.1124563935897536,-1.3202992995583347,-0.977768168617216,True,0.977768168617216,smoothstep
11,2.398546903618118,-0.005720069269804945,-279.73763049744986,0.2623695025501181,,0.02304636959876972,-0.0032312748184884026,-139.80795172952523,0.1920482704747411,-0.07032123207537698,-0.9986282266394662,True,0.9986282266394662,smoothstep
12,2.3924394781375273,-0.00020547713549159862,-279.9762794729433,0.023720527056664192,,-0.004644932857406239,-0.001240251430377341,-139.98329281695496,0.016707183045024752,-0.00701334401163944,-0.9998806629782498,True,0.9998806629782498,smoothstep
13,2.4284555727872155,-0.006662620487625569,-279.3141617365657,0.685838263434214,,0.04868465416714189,0.0012898839157404716,-139.5027318653432,0.4972681346567666,-0.18857012877744736,-0.9964480847524516,True,0.9964480847524516,smoothstep
14,2.2876236165457113,0.012198373793369497,-273.69194887409276,6.308051125907216,,0.00488128676872672,-0.023530629805403366,-135.5697958446973,4.430204155302676,-1.8778469706045402,-0.9683556846049809,True,0.9683556846049809,smoothstep
15,2.4035865402238805,-0.030238550236508885,-272.6867040466259,7.313295953374052,,0.1264612176295841,0.016244590416905826,-134.65767068499198,5.342329315007987,-1.970966638366064,-0.9618405048928,True,0.9618405048928,smoothstep
16,2.4372088840336543,-0.016183615072572623,-277.34089881836746,2.659101181632484,,0.09452263572786783,0.003748355096626285,-138.0720786983295,1.9279213016704657,-0.7311798799620179,-0.9862291335594967,True,0.9862291335594967,smoothstep
17,2.437989414402484,0.02770529252297104,-273.27537650039744,6.72462349960252,,-0.14809479470221523,-0.00487719243058317,-135.39492840288543,4.60507159711456,-2.119551902487959,-0.9671066314491817,True,0.9671066314491817,smoothstep
18,2.4525159785798585,-0.015276236371664899,-277.0088962354126,2.9911037645873857,,0.09156084717167236,0.007576838007771208,-137.836855700154,2.1631442998460004,-0.8279594647413853,-0.9845489692868142,True,0.9845489692868142,smoothstep
19,2.339609383974409,-0.014984061072605309,-276.71753840851903,3.2824615914809456,,0.07370401392430001,-0.012534042947664836,-137.6376303032692,2.362369696730773,-0.9200918947501728,-0.9831259307376373,True,0.9831259307376373,smoothstep
20,2.3445321427638355,0.007679255716270352,-278.27287061943946,1.7271293805605135,,-0.06181271204862274,-0.007331325188542288,-138.791074508912,1.2089254910879836,-0.5182038894725298,-0.9913648179208001,True,0.9913648179208001,smoothstep
21,2.2742558350441686,0.010777638934719776,-272.6774334553268,7.32256654467314,,0.049569121258897536,-0.024130718009218025,-134.8443948720774,5.155605127922583,-2.1669614167505564,-0.9631742490862673,True,0.9631742490862673,smoothstep
0,2.3718951894579847,0.019691018531720898,-276.57810320366934,3.421896796330614,,-0.10517376285613247,-0.003918786158933792,-137.6328806536086,2.3671193463913753,-1.054777449939239,-0.983092004668633,True,0.983092004668633,smoothstep
1,2.3057265735328363,0.01686068132643352,-274.1156383098181,5.884361690181831,,-0.03900766333595183,-0.021811255268434478,-135.8868687079405,4.113131292059487,-1.771230398122344,-0.9706204907710037,True,0.9706204907710037,smoothstep
2,2.362496440848906,0.012272838921332723,-278.2213624032216,1.7786375967783568,,-0.07592250716420572,-0.0027809625455413357,-138.7641025089731,1.2358974910268798,-0.5427401057514768,-0.9911721607783794,True,0.9911721607783794,smoothstep
3,2.379777932095713,0.01458196062597081,-278.13330285685913,1.8666971431408346,,-0.0794641385565903,0.0008163848659760252,-138.70901100116248,1.2909889988374885,-0.5757081443033462,-0.9907786500083037,True,0.9907786500083037,smoothstep
4,2.466741268273637,0.01975959056504094,-275.06310413739067,4.936895862609267,,-0.11466569196624374,0.009511236224517326,-136.61325609591088,3.386743904089089,-1.5501519585201786,-0.9758089721136494,True,0.9758089721136494,smoothstep
5,2.365465021563528,0.031807635130061955,-271.4263782331262,8.573621766873798,,-0.07613494007619066,-0.024331123575467357,-134.0878176652896,5.912182334710362,-2.661439432163435,-0.9577701261806403,True,0.9577701261806403,smoothstep
6,2.329181792132936,0.01705794142880871,-275.6302516014164,4.3697483985835825,,-0.08016611236320051,-0.01474461539675842,-136.95404693963312,3.0459530603668687,-1.3237953382167134,-0.9782431924259509,True,0.9782431924259509,smoothstep
7,2.3677892902688793,0.02507987869113211,-274.5486425753854,5.451357424614585,,-0.11466606403619894,-0.011745773799240676,-136.23360204226782,3.766397957732147,-1.6849594668824386,-0.9730971574447703,True,0.9730971574447703,smoothstep
8,2.3967245927151244,-0.007077851871598717,-279.5952227599691,0.4047772400308839,,0.028048368752787507,-0.004093155358389889,-139.705271123363,0.2947288766369997,-0.11004836339388419,-0.9978947937383071,True,0.9978947937383071,smoothstep
9,2.3631908942135844,-0.009058370766087254,-278.79046011754014,1.2095398824598416,,0.02252129740836406,-0.00977687005080306,-139.13231849765015,0.8676815023498398,-0.34185838011000175,-0.9938022749832154,True,0.9938022749832154,smoothstep
10,2.475034310399543,0.007272766102912947,-277.28347905006564,2.716520949934308,,-0.015299978521208133,0.015185320660398663,-138.1091215069521,1.8908784930478804,-0.8256424568864277,-0.986493725049658,True,0.986493725049658,smoothstep
11,2.1951988894246535,-0.023632009010542798,-258.89305858268744,21.106941417312523,,-0.19678702813062823,0.031340323306228594,-124.44863831978076,15.55136168021922,-5.5555797370933035,-0.8889188451412913,True,0.8889188451412913,smoothstep
12,2.360436324445226,0.022955488703318122,-275.14874874774125,4.851251252258718,,-0.1095171041589782,-0.010762728406817712,-136.64225954171474,3.357740458285239,-1.4935107939734802,-0.9760161395836768,True,0.9760161395836768,smoothstep
13,2.4269544339753626,0.0014883095337412306,-279.6852348331331,0.3147651668668297,,0.014170938726799446,0.004754808581917836,-139.7782360603894,0.22176393961057936,-0.09300122725625036,-0.9984159718599245,True,0.9984159718599245,smoothstep
14,2.37918544298323,-0.0068664095582238755,-279.4459970693587,0.5540029306412138,,0.015975141524331413,-0.006588449942577374,-139.60087649614255,0.3991235038574187,-0.1548794267837951,-0.9971491178295898,True,0.9971491178295898,smoothstep
15,2.387945021675289,-0.003921056079885153,-279.81767568236944,0.18232431763049511,,0.007446950266609874,-0.003893173606989264,-139.86751745421012,0.1324825457898692,-0.04984177184062592,-0.999053696101501,True,0.999053696101501,smoothstep
16,2.3144526919489974,0.022596492085220944,-272.94116151728576,7.058838482714213,,-0.03964235246289752,-0.023973714147009165,-135.08536626486918,4.91463373513081,-2.144204747583403,-0.9648954733204942,True,0.9648954733204942,smoothstep
17,2.330551624905573,0.002471393112579658,-277.985058561475,2.014941438524942,,-0.03850887755938707,-0.011825301521386266,-138.57936058200056,1.4206394179994142,-0.5943020205255279,-0.9898525755857185,True,0.9898525755857185,smoothstep
18,2.4432958124477784,0.002245694619641574,-279.19389629507066,0.8061037049292761,,0.018949608201896555,0.007861320498595809,-139.4326353177378,0.5673646822621642,-0.23873902266711183,-0.9959473951266988,True,0.9959473951266988,smoothstep
19,2.3198182232817244,0.011863027232794837,-276.2574561976803,3.7425438023196387,,-0.06285956697903629,-0.015066991266458305,-137.3797150285064,2.6202849714935588,-1.12225883082608,-0.981283678775046,True,0.981283678775046,smoothstep
20,2.4309735200879694,0.0007667611603378914,-279.6031141520262,0.39688584797378906,,0.0196820559829457,0.005024563562836899,-139.71900686976272,0.2809931302372622,-0.1158927177365269,-0.997992906212591,True,0.997992906212591,smoothstep
21,2.389375476920402,-0.0018264502805035393,-279.9271637016471,0.0728362983528585,,-0.00040309447582808207,-0.0025717693352753403,-139.94710487989894,0.05289512010104217,-0.019941178251816332,-0.999622177713564,True,0.999622177713564,smoothstep
0,2.4249623460506498,0.02333542891809661,-275.3929923606259,4.607007639374071,,-0.12421211384133334,0.002303472196951841,-136.83706099706788,3.1629390029321063,-1.4440686364419646,-0.977407578550485,True,0.977407578550485,smoothstep
1,2.3228740170364017,-0.002022023261561433,-277.54444230649534,2.455557693504615,,-0.011197542789948571,-0.014647588236394149,-138.25956594890394,1.7404340510960326,-0.7151236424085824,-0.9875683282064569,True,0.9875683282064569,smoothstep
2,2.2153614788059746,-0.009414588723284404,-265.6868613975927,14.313138602407285,,0.17412690296110786,0.023265227355991253,-129.60748843774266,10.392511562257306,-3.920627040149979,-0.9257677745553049,True,0.9257677745553049,smoothstep
3,2.381216846939057,0.0007933283192234405,-279.8506781009172,0.1493218990827684,,-0.016971492879565984,-0.0023807973157249913,-139.8957946891556,0.10420531084437135,-0.04511658823839707,-0.9992556763511117,True,0.9992556763511117,smoothstep
4,2.4534305745851412,-0.008241720196917789,-278.29166506510256,1.7083349348973862,,0.06626649326920317,0.006463691787966763,-138.7707545574959,1.2292454425040678,-0.4790894923933185,-0.9912196754106852,True,0.9912196754106852,smoothstep
5,2.3391052452108116,0.018217245661116335,-275.8347043544515,4.1652956455484516,,-0.09061818537250362,-0.012396395934936653,-137.10219123267265,2.8978087673273345,-1.2674868782211175,-0.9793013659476619,True,0.9793013659476619,smoothstep
6,2.2529769820478744,-0.0030532077324800285,-271.2209255791912,8.779074420808731,,0.15510901192587603,-0.013402141855383801,-133.7288266420326,6.271173357967374,-2.507901062841358,-0.9552059045859473,True,0.9552059045859473,smoothstep
7,2.3039880381661457,-0.0062796290604927325,-275.9390191756598,4.060980824340176,,0.04131149668913242,-0.017842646897482953,-137.1068831929943,2.893116807005674,-1.1678640173345027,-0.9793348799499595,True,0.9793348799499595,smoothstep
8,2.4442300468130833,-0.0017771643762913361,-279.17560319320853,0.8243968067914353,,0.03715702683907368,0.006187272856735927,-139.4119135324092,0.5880864675907866,-0.23631033920064867,-0.9957993823743515,True,0.9957993823743515,smoothstep
9,2.3127943988304214,-0.007319754980391679,-276.4779583981515,3.522041601848477,,0.035435240029368154,-0.01679574027166582,-137.48876026564366,2.5112397343563244,-1.0108018674921528,-0.9820625733260262,True,0.9820625733260262,smoothstep
10,2.3270049669539463,-0.014767442445178428,-276.0857641496503,3.914235850349682,,0.08228712664663919,-0.013408482541675208,-137.18488972914187,2.8151102708580993,-1.0991255794915826,-0.9798920694938708,True,0.9798920694938708,smoothstep
11,2.292992349373488,-0.03450398820499104,-265.83946795097967,14.160532049020295,,0.0357185525641663,0.03565345200078614,-129.5795619147499,10.420438085250089,-3.7400939637702075,-0.9255682993910708,True,0.9255682993910708,smoothstep
12,2.3662181782293783,-0.011602972462001952,-278.4575214729882,1.542478527011729,,0.040102329972993844,-0.009886954537682196,-138.8901648836452,1.1098351163547717,-0.4326434106569571,-0.9920726063117516,True,0.9920726063117516,smoothstep
13,2.2803691692996506,0.01251818513852937,-272.95366047339957,7.04633952660041,,0.029308682081170066,-0.024445997620332425,-135.04807928587,4.9519207141299875,-2.094418812470422,-0.9646291377562144,True,0.9646291377562144,smoothstep
14,2.3619499712699064,0.014195725508167077,-277.7977243975505,2.2022756024494736,,-0.08414508722065628,-0.003326191937498732,-138.47078943377394,1.5292105662260278,-0.6730650362234459,-0.9890770673840998,True,0.9890770673840998,smoothstep
15,2.3859580591037197,0.0007996201533519498,-279.9142390242314,0.08576097576856331,,-0.013556672411255022,-0.0016515624719482132,-139.94061269016453,0.059387309835455704,-0.026373665933107613,-0.9995758049297467,True,0.9995758049297467,smoothstep
16,2.55491532453973,-0.00027254408478604613,-270.3519345948705,9.648065405129437,,-0.1545394574846556,0.015323385557350785,-133.32256692727057,6.677433072729413,-2.9706323324000237,-0.9523040494805042,True,0.9523040494805042,smoothstep
17,2.4111580191177753,0.020922345021855374,-276.45043202644104,3.5495679735589354,,-0.10776674923504385,0.003283710054422752,-137.55835521429216,2.441644785707828,-1.1079231878511075,-0.9825596801020869,True,0.9825596801020869,smoothstep
18,2.572155082588326,-0.002835389010269769,-268.07021286136506,11.929787138634907,,-0.19902016922706137,0.006685920743009911,-131.77091256877137,8.229087431228619,-3.700699707406289,-0.9412208040626527,True,0.9412208040626527,smoothstep
19,2.4019873697061143,-0.009019614895008986,-279.34817281615756,0.6518271838423747,,0.04122715288294351,-0.003978721708410125,-139.52625078312715,0.4737492168728341,-0.17807796696954062,-0.9966160770223369,True,0.9966160770223369,smoothstep
20,2.4090238977831624,-0.0348141980887272,-270.2796426430463,9.720357356953663,,0.07337820434582121,0.027412954167293356,-132.89691429407114,7.103085705928836,-2.617271651024826,-0.9492636735290797,True,0.9492636735290797,smoothstep
21,2.3348884502749754,0.009944494366075737,-277.4806329561152,2.5193670438847824,,-0.06865566698281202,-0.01001834576271761,-138.23699668267355,1.7630033173264152,-0.7563637265583669,-0.9874071191619542,True,0.9874071191619542,smoothstep
0,2.3415304145548914,0.01730663276451257,-276.2110545814636,3.7889454185363283,,-0.09101973214626204,-0.010913895114167665,-137.36364976490358,2.636350235096405,-1.1525951834399228,-0.9811689268921685,True,0.9811689268921685,smoothstep
1,2.494227899020762,0.030059288618651578,-269.16956826223173,10.830431737768231,,-0.15492327564493713,-0.01786094242146771,-132.626087731886,7.373912268113961,-3.4565194696542707,-0.9473291980849002,True,0.9473291980849002,smoothstep
2,2.485954793330951,-0.04475202994819892,-260.9870379558977,19.012962044102302,,-0.26219619598267085,-0.0037079997683961497,-126.51149571327366,13.488504286726323,-5.524457757375977,-0.9036535408090977,True,0.9036535408090977,smoothstep
3,2.3949925411848696,0.01046249703337008,-279.11486080331366,0.8851391966862788,,-0.049305955219156594,0.003760349233994656,-139.3906055902061,0.6093944097938955,-0.2757447868923833,-0.9956471827871864,True,0.9956471827871864,smoothstep
4,2.4695096491554005,0.0008530968502597239,-278.02459918453604,1.9754008154639089,,0.02665744143705196,0.012495440816710316,-138.60681695122645,1.3931830487735355,-0.5822177666903734,-0.9900486925087605,True,0.9900486925087605,smoothstep
5,2.402855681791215,-0.03617180162685406,-269.53938007809376,10.460619921906186,,0.057011886506279044,0.02956317192647552,-132.35150671284777,7.648493287152209,-2.812126634753977,-0.9453679050917699,True,0.9453679050917699,smoothstep
6,2.347842387969615,0.016908634395588432,-276.60427021851194,3.3957297814880056,,-0.09310491139436329,-0.008657679194753402,-137.6390123675375,2.3609876324624706,-1.0347421490255349,-0.9831358026252681,True,0.9831358026252681,smoothstep
7,2.3843113501157926,-0.006320392696114434,-279.5800515023687,0.41994849763128517,,0.016183314224835533,-0.005592741200301248,-139.69644717428923,0.30355282571074765,-0.11639567192053754,-0.9978317655306376,True,0.9978317655306376,smoothstep
8,2.506669162270345,0.0031404607870681514,-275.3049258914674,4.6950741085325545,,-0.0303317357075293,0.01966030378243511,-136.72265047941335,3.2773495205866277,-1.417724587945927,-0.9765903605672384,True,0.9765903605672384,smoothstep
9,2.2766254364294007,-0.011236700023025724,-272.8327389812349,7.167261018765022,,0.1391699109387164,-0.012460949376504906,-134.85284340161664,5.14715659838334,-2.0201044203816827,-0.9632345957258333,True,0.9632345957258333,smoothstep
10,2.5071030635950997,0.002078756971683079,-275.31189679736616,4.688103202633814,,-0.02468853836345678,0.01986141824532254,-136.7225614978897,3.2774385021102703,-1.4106647005235435,-0.9765897249849267,True,0.9765897249849267,smoothstep
11,2.4199811850012476,-0.02485700396807891,-274.8984349931482,5.101565006851764,,0.12433841538214797,0.008579755125859284,-136.2848508109882,3.715149189011791,-1.3864158178399733,-0.9734632200784872,True,0.9734632200784872,smoothstep
12,2.46488407190038,-0.0011229300287144966,-278.2729721880905,1.72702781190948,,0.037385128263610685,0.010836531743646158,-138.7758575705457,1.224142429454284,-0.502885382455196,-0.991256125503898,True,0.991256125503898,smoothstep
13,2.443208452739279,-0.007690268870743162,-278.76461233775314,1.2353876622467994,,0.06096983474872821,0.004078014238729786,-139.10879051894523,0.891209481054758,-0.3441781811920415,-0.993634217992466,True,0.993634217992466,smoothstep
14,2.448082310688502,-0.006329429379992425,-278.73563240876183,1.2643675912381207,,0.0573111642187461,0.00546860072936874,-139.09075288896227,0.9092471110376962,-0.3551204802004245,-0.9935053777783022,True,0.9935053777783022,smoothstep
15,2.5171294301362193,0.010703871112409426,-273.5277624568365,6.472237543163431,,-0.10912063909897976,0.016007093008900228,-135.53762067277492,4.4623793272250705,-2.009858215938361,-0.9681258619483923,True,0.9681258619483923,smoothstep
16,2.4412435396138226,0.004669880285046576,-279.13069682918035,0.869303170819613,,0.006303014293462153,0.008656329809647768,-139.39298530172408,0.6070146982758862,-0.2622884725437267,-0.9956641807266008,True,0.9956641807266008,smoothstep
17,2.2585618406414425,-0.02578480649801439,-266.62092735999784,13.379072640002116,,0.1223795893647024,0.0291263681251215,-130.1895315580896,9.810468441910366,-3.568604198091749,-0.929925225414926,True,0.929925225414926,smoothstep
18,2.382448468099836,0.009675451708854478,-279.12580048022335,0.8741995197766216,,-0.053693835106276344,0.0013866638224653892,-139.39616663126066,0.6038333687393124,-0.2703661510373092,-0.9956869045090049,True,0.9956869045090049,smoothstep
19,2.149012119010619,0.014177870467384592,-253.77334749656185,26.226652503438103,,-0.27494073931747043,0.023844196416104163,-120.81722740454157,19.182772595458406,-7.043879907979695,-0.8629801957467257,True,0.8629801957467257,smoothstep
20,2.325059632477846,-0.015792393985390334,-275.71863126944857,4.281368730551399,,0.09379447202992483,-0.012728857255826204,-136.91709757251505,3.0829024274849397,-1.19846630306646,-0.9779792683751076,True,0.9779792683751076,smoothstep
21,2.4175324040717068,-0.014822798636383286,-278.11822204441876,1.8817779555812197,,0.0814150344385187,-0.0014261856135230314,-138.634487507554,1.3655124924459767,-0.5162654631352429,-0.9902463393396715,True,0.9902463393396715,smoothstep
0,2.4535915379889115,-0.008037787332662602,-278.31118154709884,1.6888184529010886,,0.07112866096843672,-0.00649692159869017,-138.63160939955048,1.3683906004495052,-0.3204278524515832,-0.9902257814253607,True,0.9902257814253607,smootherstep
1,2.533543307044023,-0.008962737649620505,-272.1565964803889,7.8434035196110745,,0.10318358591642407,0.020957844000947936,-134.3285797273921,5.671420272607855,-2.1719832470032197,-0.9594898551956582,True,0.9594898551956582,smootherstep
2,2.2376762145867044,0.022651773432980908,-265.32485167737593,14.675148322624016,,0.09137031981722214,-0.03292238500890369,-129.6398731180179,10.360126881982074,-4.315021440641941,-0.925999093700128,True,0.925999093700128,smootherstep
3,2.373545350511023,0.0008226881116870207,-279.70843759389425,0.2915624061057119,,-0.028280455149141237,0.000584091043899088,-139.8337779431924,0.16622205680758406,-0.12534034929812782,-0.9988126995942316,True,0.9988126995942316,smootherstep
4,2.390312494357905,0.009310666411384628,-279.2687591944331,0.7312408055668996,,-0.0036049894236616187,0.006992011419506994,-139.606606281246,0.3933937187539759,-0.3378470868129237,-0.997190044866043,True,0.997190044866043,smootherstep
5,2.3076225577345393,0.012776660259941942,-275.2259778529985,4.77402214700145,,-0.12419747195079665,-0.0020902519736833453,-136.84527593133163,3.1547240686683486,-1.6192980783331012,-0.977466256652369,True,0.977466256652369,smootherstep
6,2.2518261546076315,0.018864742560516817,-268.31647731546116,11.683522684538772,,-0.0261208959604915,-0.03168850624632159,-131.8348232938036,8.165176706196375,-3.5183459783423965,-0.9416773092414544,True,0.9416773092414544,smootherstep
7,2.4925195005088483,0.029148872100037523,-269.7292554579028,10.270744542097168,,-0.15223913704678474,0.016184264359594146,-133.24524469763762,6.754755302362373,-3.5159892397347954,-0.9517517478402687,True,0.9517517478402687,smootherstep
8,2.284082038008703,0.025230199952392646,-269.4690238464641,10.53097615353585,,-0.1115667956348097,-0.02418162302560666,-132.80344506601216,7.196554933987823,-3.334421219548026,-0.9485960361858012,True,0.9485960361858012,smootherstep
9,2.427248949543694,-0.008433996174942815,-279.1278954486469,0.8721045513530464,,0.03288560343079232,-0.008259435482853898,-139.23373863742844,0.7662613625715332,-0.10584318878151326,-0.9945267045530605,True,0.9945267045530605,smootherstep
10,2.3909538855528867,-0.014202678336835722,-278.354324719296,1.6456752807039197,,2.681284395706697e-05,-0.012968593488110991,-138.6557983686163,1.3442016313836642,-0.3014736493202554,-0.990398559775831,True,0.990398559775831,smootherstep
11,2.276281162851031,0.010504889846493348,-272.9258715361724,7.0741284638275745,,-0.11550224194115367,-0.016443421548663975,-135.13660936437398,4.863390635625997,-2.210737828201577,-0.9652614954598143,True,0.9652614954598143,smootherstep
12,2.350350473221692,-0.0008106441573696014,-278.98812980662217,1.0118701933777945,,-0.05684084548914391,-0.0011976766113284065,-139.3292359301735,0.670764069826486,-0.3411061235513087,-0.995208828072668,True,0.995208828072668,smootherstep
13,2.368398677429732,-0.005693345628789555,-279.33269722557867,0.6673027744212645,,-0.03821599323897012,-0.005149855668655498,-139.48962278227285,0.5103772177271254,-0.15692555669413905,-0.9963544484448063,True,0.9963544484448063,smootherstep
14,2.429461588222198,-0.020372816599243972,-276.3278734984234,3.6721265015765416,,0.08665701562322242,-0.01308069853148886,-137.1048449881013,2.895155011898682,-0.7769714896778598,-0.9793203213435808,True,0.9793203213435808,smootherstep
15,2.54078137353094,0.02772045501133479,-265.86682612353525,14.133173876464705,,-0.21639421389321092,0.0035892582090400493,-130.63926888258058,9.360731117419407,-4.7724427590452985,-0.9331376348755757,True,0.9331376348755757,smootherstep
16,2.4671514667038505,0.01416096653985685,-276.5586118056975,3.441388194302419,,0.050305143026759334,0.01496756119890322,-137.69280938636933,2.3071906136306537,-1.1341975806717655,-0.9835200670454953,True,0.9835200670454953,smootherstep
17,2.3724542263492463,-0.007069432032508051,-279.2903323232034,0.7096676767965603,,-0.03369834071419113,-0.0064388851863366155,-139.43655719036843,0.5634428096315575,-0.1462248671650028,-0.9959754085026318,True,0.9959754085026318,smootherstep
18,2.5456030742269546,-0.0019290967940199834,-271.43043517852186,8.569564821478071,,0.053366224189952696,0.02616960944277423,-133.9450784359074,6.054921564092576,-2.514643257385495,-0.9567505602564816,True,0.9567505602564816,smootherstep
19,2.325391127273548,-0.011854328800799539,-276.60891884719075,3.3910811528091878,,-0.05193565049739911,-0.015660718665815584,-137.48916004938278,2.5108399506172026,-0.8802412021919852,-0.9820654289241628,True,0.9820654289241628,smootherstep
20,2.426344091631911,0.027430660947892076,-273.7024023501556,6.29759764984435,,-0.08574579993533811,0.017900195850318837,-135.94326327099344,4.056736729006541,-2.2408609208378096,-0.9710233090785247,True,0.9710233090785247,smootherstep
21,2.4155267398429356,0.01062839323593838,-278.998548327152,1.001451672848002,,0.024423919639159773,0.007752605072255949,-139.39766923011211,0.6023307698878746,-0.3991209029601274,-0.9956976373579437,True,0.9956976373579437,smootherstep
0,2.3023337640430768,0.033054761004125244,-267.39224160318264,12.607758396817308,,-0.09287577987026788,-0.02928928757857325,-131.3902935591649,8.609706440835085,-3.998051955982223,-0.9385020968511779,True,0.9385020968511779,smootherstep
1,2.4132757270244056,0.01976556086253272,-276.80544954458173,3.194550455418214,,-0.013758629998693659,0.01568281448514059,-137.99554273742592,2.0044572625740438,-1.19009319284417,-0.9856824481244711,True,0.9856824481244711,smootherstep
2,2.433235577370783,0.04289589259246113,-264.84196085540543,15.158039144594516,,-0.16024995710975556,-0.024935353154533806,-129.87515776377512,10.124842236224865,-5.033196908369651,-0.9276796983126795,True,0.9276796983126795,smootherstep
3,2.482304937186794,0.02611534357991875,-271.79154331726573,8.208456682734209,,-0.09190424776927107,0.021447903786554957,-134.60634304929732,5.393656950702668,-2.8147997320315414,-0.9614738789235524,True,0.9614738789235524,smootherstep
4,2.445269048194024,-0.014506972459373118,-277.4808919973411,2.519108002658867,,0.07629272479799995,-0.010233019739771837,-137.97756006205313,2.0224399379468454,-0.4966680647120216,-0.9855540004432368,True,0.9855540004432368,smootherstep
5,2.2550026148806337,0.020371553118194566,-268.21313798832864,11.786862011671294,,-0.03173793309998595,-0.031664757377391904,-131.78045469324206,8.219545306757915,-3.56731670491338,-0.9412889620945863,True,0.9412889620945863,smootherstep
6,2.356361480540674,0.001907462780466109,-279.1929691457978,0.8070308542021343,,-0.04854495434763057,0.0013654298338553546,-139.5038973327502,0.49610266724976554,-0.31092818695236873,-0.9964564095196445,True,0.9964564095196445,smootherstep
7,2.407541335583554,-0.019799523996258468,-276.84353546144933,3.1564645385505954,,0.0529341441805573,-0.015555476095176489,-137.4940850637824,2.5059149362175934,-0.6505496023330021,-0.9821006075984458,True,0.9821006075984458,smootherstep
8,2.3065984443401195,0.009398288781183968,-275.7478747194422,4.252125280557738,,-0.11675396798016614,-0.0028327840077595734,-137.175208782486,2.824791217513969,-1.4273340630437696,-0.9798229198749002,True,0.9798229198749002,smootherstep
9,2.4040788185594693,-0.01312405032160666,-278.6165731905617,1.383426809438216,,0.011473018063643073,-0.011897666449926904,-138.84171487737706,1.1582851226229207,-0.22514168681529526,-0.9917265348384077,True,0.9917265348384077,smootherstep
10,2.5550725937514778,0.032120022637804065,-262.08751984150035,17.9124801584996,,-0.1989101883504153,-0.022494474823559308,-128.0924563655031,11.907543634496893,-6.004936524002709,-0.9149461168964508,True,0.9149461168964508,smootherstep
11,2.319171634536005,-0.0015114016563105884,-277.32179657759633,2.67820342240365,,-0.08752181076287398,-0.006024541691117206,-138.15182980544407,1.848170194555924,-0.8300332278477265,-0.9867987843246006,True,0.9867987843246006,smootherstep
12,2.4621049626377887,-0.009979194298691351,-277.6306555515473,2.3693444484526287,,0.08790094804567153,-0.00619523224448493,-138.1217071931464,1.8782928068535718,-0.49105164159905695,-0.9865836228081888,True,0.9865836228081888,smootherstep
13,2.448523038942706,0.029300038427191217,-272.17702838192906,7.822971618070902,,-0.11247585302415214,0.01776779366339448,-134.91295628315453,5.087043716845446,-2.7359279012254563,-0.963663973451104,True,0.963663973451104,smootherstep
14,2.410364848022325,-0.009383834583027979,-279.2522712779067,0.7477287220932972,,0.011255486211845618,-0.00896380536432875,-139.33189969674189,0.6681003032581005,-0.0796284188351967,-0.9952278549767278,True,0.9952278549767278,smootherstep
15,2.3098336351451776,-0.0015214369625408085,-276.67530273391793,3.3246972660820355,,-0.09292376714148054,-0.008330556887771042,-137.6902342682665,2.309765731733493,-1.0149315343485423,-0.9835016733447608,True,0.9835016733447608,smootherstep
16,2.5345611117766094,0.03874636239790965,-260.6910212416961,19.308978758303837,,-0.12205573678954412,-0.03519184686247278,-127.08736261893088,12.91263738106909,-6.396341377234746,-0.9077668758495064,True,0.9077668758495064,smootherstep
17,2.3669990891885115,0.007958448528818213,-279.0486177792301,0.9513822207698482,,-0.033613225447476004,0.0061559024912104755,-139.46621299412598,0.5337870058739927,-0.4175952148958555,-0.9961872356723286,True,0.9961872356723286,smootherstep
18,2.4675690613831964,0.010459718963633858,-277.2640769979547,2.7359230020452694,,0.06703287849085408,0.010945939002823576,-138.1263107081008,1.87368929189919,-0.8622337101460792,-0.9866165050578629,True,0.9866165050578629,smootherstep
19,2.4587700418841014,0.005932237136099386,-278.3093392170036,1.6906607829963993,,0.07022443719415457,0.004948614682606774,-138.79919841889574,1.2008015811042376,-0.48985920189216176,-0.9914228458492554,True,0.9914228458492554,smootherstep
20,2.36432370751725,0.006279354360440173,-279.16465435140765,0.8353456485922965,,-0.03687414644480873,0.0048999000381107416,-139.53026700742066,0.46973299257932155,-0.365612656012975,-0.9966447643387192,True,0.9966447643387192,smootherstep
21,2.4266802583014657,0.034128101530673347,-270.39995132126023,9.60004867873975,,-0.17070133505265395,0.007350546673931068,-133.73306396209418,6.266936037905797,-3.333112640833953,-0.9552361711578157,True,0.9552361711578157,smootherstep
0,2.318017307976754,0.0033335575699460023,-277.17509535421635,2.8249046457836102,,-0.09514997145973303,-0.0023970438240347993,-138.1144299612217,1.8855700387782781,-0.9393346070053323,-0.9865316425801551,True,0.9865316425801551,smootherstep
1,2.5512627569924904,0.01191689326038914,-269.65960044879586,10.340399551204122,,-0.07122400034501787,0.027369868950966363,-132.97901010839783,7.020989891602139,-3.3194096596019826,-0.9498500722028419,True,0.9498500722028419,smootherstep
2,2.440332160891851,-0.027956793983700746,-273.08859541041204,6.911404589587918,,0.16028163366346276,-0.0038511913195890812,-134.7240817028678,5.275918297132173,-1.635486292455745,-0.9623148693061988,True,0.9623148693061988,smootherstep
3,2.3625532104929645,-0.019771679018561354,-276.30254577657047,3.697454223429478,,0.014743703838294212,-0.018769157157701832,-137.13996212773247,2.860037872267505,-0.8374163511619733,-0.9795711580552321,True,0.9795711580552321,smootherstep
4,2.372436249263457,-0.03730810049923692,-268.5647514067238,11.435248593276167,,0.20172815924604448,0.007925918203746416,-131.41677219824075,8.583227801759222,-2.8520207915169458,-0.9386912299874342,True,0.9386912299874342,smootherstep
5,2.3853951294170597,0.040400508367365424,-266.8675082014574,13.132491798542548,,-0.16550570011196272,-0.020254274264601718,-131.2289654760959,8.77103452390408,-4.361457274638468,-0.9373497534006852,True,0.9373497534006852,smootherstep
6,2.2813898926767533,-0.007496403351904198,-273.8544103129332,6.14558968706672,,-0.04791945341699176,-0.022281612748239338,-135.56309660472994,4.436903395270029,-1.7086862917966903,-0.9683078328909284,True,0.9683078328909284,smootherstep
7,2.3933460310917263,0.017310338953630957,-277.5869750060142,2.4130249939857658,,-0.020521473596973438,0.013166823687687079,-138.52827791122823,1.47172208877174,-0.9413029052140257,-0.9894876993659162,True,0.9894876993659162,smootherstep
8,2.254698497099096,-0.03861429367757655,-259.57775870276345,20.422241297236482,,0.030774557014730888,0.04308480894196361,-124.97006977098037,15.02993022901961,-5.392311068216871,-0.8926433555070028,True,0.8926433555070028,smootherstep
9,2.3441227096660238,0.007038623014929157,-278.32966385851523,1.6703361414847213,,-0.06560025734737719,0.004362058414662614,-138.9704525851394,1.029547414860555,-0.6407887266241662,-0.9926460898938532,True,0.9926460898938532,smootherstep
10,2.4924642105969457,0.04248158823216829,-262.1003922940325,17.89960770596748,,-0.12952092822213457,-0.03278275327226702,-128.02081868574004,11.979181314259927,-5.920426391707553,-0.9144344191838577,True,0.9144344191838577,smootherstep
11,2.277076080251784,-0.03767805283727921,-262.53996804981387,17.460031950186096,,0.14972563742563733,0.03243250870559596,-127.08189080188268,12.9181091981173,-4.541922752068795,-0.9077277914420193,True,0.9077277914420193,smootherstep
12,2.4970201685342013,0.023367959621826466,-271.8112952200003,8.188704779999656,,-0.07272085739205009,0.023307282698443336,-134.5807534570803,5.419246542919673,-2.769458237079983,-0.9612910961220024,True,0.9612910961220024,smootherstep
13,2.3288936246985195,-0.0024958460649353947,-277.88943961529,2.1105603847099776,,-0.07846296371919777,-0.005083982233839343,-138.5398062563093,1.4601937436906642,-0.6503666410193133,-0.9895700446879239,True,0.9895700446879239,smootherstep
14,2.3240281197635366,-0.009127862850511375,-276.98287372341804,3.0171262765819282,,-0.06549819828586544,-0.0128876096325961,-137.7977826584004,2.202217341599572,-0.8149089349823565,-0.9842698761314316,True,0.9842698761314316,smootherstep
15,2.442889845810994,-0.014430058878935703,-277.5842421752052,2.41575782479474,,0.07220394115289365,-0.01051728139987222,-138.0536125972397,1.946387402760288,-0.4693704220344521,-0.9860972328374266,True,0.9860972328374266,smootherstep
16,2.4270378847393133,0.0012690873666013163,-279.688224850445,0.3117751495549432,,0.03485752021001122,-0.0007864173857242188,-139.7467472674416,0.25325273255835906,-0.05852241699658409,-0.9981910519102974,True,0.9981910519102974,smootherstep
17,2.3922318968700096,0.010776755206501783,-279.04708736796573,0.9529126320342151,,-0.0024700407022699394,0.008158134046108685,-139.46681495224922,0.5331850477507628,-0.4197275842834522,-0.9961915353732088,True,0.9961915353732088,smootherstep
18,2.4252436766687677,0.008280062735505992,-279.19147679525764,0.8085232047423219,,0.036238590280898896,0.005515570092479059,-139.4885016790511,0.5114983209488914,-0.29702488379343045,-0.9963464405646508,True,0.9963464405646508,smootherstep
19,2.392932972778766,0.02788217141351636,-273.7661341266421,6.233865873357854,,-0.11185098005994512,0.013531695459474403,-136.00080360568933,3.99919639431066,-2.2346694790471937,-0.9714343114692096,True,0.9714343114692096,smootherstep
20,2.4518914567817283,-0.0024289186597379617,-278.85345184890497,1.14654815109499,,0.06441965139418743,-0.002992691386742173,-139.0821517644734,0.9178482355265913,-0.2286999155683988,-0.99344394117481,True,0.99344394117481,smootherstep
21,2.3044835813764046,-0.026094206887119647,-270.85039663254713,9.149603367452837,,0.14210751789866305,-0.018658546482976324,-133.14717914603375,6.852820853966228,-2.2967825134866082,-0.951051279614527,True,0.951051279614527,smootherstep
0,2.4288924870405766,0.003911915594578647,-279.5364029817008,0.46359701829917516,,0.03911182655481198,0.0014821831209687367,-139.66989330907867,0.3301066909213012,-0.13349032737787397,-0.9976420950648478,True,0.9976420950648478,smootherstep
1,2.4226773473102567,0.01892264967381913,-276.9278794608173,3.0721205391826656,,0.00019559610312028515,0.015583118239168485,-138.05916283738705,1.9408371626129226,-1.131283376569743,-0.9861368774099077,True,0.9861368774099077,smootherstep
2,2.2911578660826484,-0.010088632592678259,-274.3819251656836,5.618074834316358,,-0.04272311554943572,-0.021563323261456643,-135.91085734258274,4.089142657417237,-1.5289321768991215,-0.9707918381613054,True,0.9707918381613054,smootherstep
3,2.20143735517308,-0.012064425696647018,-263.16331185288834,16.836688147111598,,0.24853620401464627,0.005587509524424563,-127.66911234004269,12.330887659957286,-4.5058004871543105,-0.9119222310003051,True,0.9119222310003051,smootherstep
4,2.302083429977742,0.013072654913766983,-274.73929224599704,5.260707754002938,,-0.12874852920269006,-0.004364993858053591,-136.49789064059902,3.5021093594009476,-1.758598394601991,-0.9749849331471361,True,0.9749849331471361,smootherstep
5,2.1925004130168917,0.013569730355825014,-261.45715511625406,18.542844883745886,,0.2604601382412785,-0.004427703518475046,-126.63266842578398,13.367331574216,-5.175513309529887,-0.9045190601841714,True,0.9045190601841714,smootherstep
6,2.5414216095177946,0.012305571147935717,-270.72633179445626,9.273668205543713,,-0.03926556710752985,0.02738413103553615,-133.69154713500768,6.308452864992289,-2.965215340551424,-0.9549396223929122,True,0.9549396223929122,smootherstep
7,2.432543081291631,-0.01122607981844854,-278.5598455071272,1.4401544928727574,,0.045487673381553725,-0.009912453244890526,-138.79210207078515,1.207897929214843,-0.23225656365791447,-0.9913721576484654,True,0.9913721576484654,smootherstep
8,2.409687846019033,0.03424940831454858,-270.5863168505237,9.413683149476258,,-0.17218436814895674,0.0051436353641960844,-133.853802987262,6.146197012737992,-3.267486136738266,-0.9560985927661572,True,0.9560985927661572,smootherstep
9,2.415310935940221,-0.013081780392766126,-278.5363485205814,1.4636514794185653,,0.02601822021966287,-0.011673230462389496,-138.77252059255045,1.2274794074495323,-0.2361720719690329,-0.991232289946789,True,0.991232289946789,smootherstep
10,2.364333296654318,0.0038741922283524388,-279.3601161342934,0.6398838657065617,,-0.037423052673413996,0.0030805579995869543,-139.6379855574575,0.3620144425424542,-0.27786942316410757,-0.9974141825532682,True,0.9974141825532682,smootherstep
11,2.3634580853624634,0.0004052737493761467,-279.4529604071635,0.5470395928364601,,-0.04072782320073422,0.00027747709468649106,-139.66050727245855,0.33949272754142984,-0.20754686529503028,-0.9975750519461326,True,0.9975750519461326,smootherstep
12,2.3962838665130857,0.00993570046572005,-279.2053532563375,0.7946467436624751,,0.003278984327335354,0.007389455794870596,-139.5613819391035,0.43861806089645594,-0.35602868276601923,-0.9968670138507396,True,0.9968670138507396,smootherstep
13,2.3122694600495097,-0.024568374237192044,-272.04476553049466,7.9552344695052986,,0.10555546762372663,-0.021550203697561294,-134.02765865193345,5.972341348066524,-1.982893121438775,-0.957340418942382,True,0.957340418942382,smootherstep
14,2.5213754876033994,0.006638761962921604,-273.6854623997933,6.314537600206644,,0.06420432632431239,0.021128243118990316,-135.59152430855096,4.408475691449024,-1.9060619087576196,-0.9685108879182213,True,0.9685108879182213,smootherstep
15,2.522840336278232,-0.02779057904175433,-267.7218402653129,12.278159734687039,,0.06195390632353375,0.03191748789093374,-131.0750072625115,8.924992737488482,-3.3531669971985583,-0.9362500518750823,True,0.9362500518750823,smootherstep
16,2.4090286797937064,-0.012751348693937998,-278.66711075208235,1.3328892479175942,,0.016602606272565757,-0.011554417833894838,-138.8766041738882,1.1233958261117785,-0.20949342180581584,-0.9919757440992015,True,0.9919757440992015,smootherstep
17,2.4243451578455995,-0.01210881338434023,-278.5857678228122,1.4142321771877595,,0.03576112083576079,-0.010784194445211963,-138.80915186987087,1.190848130129105,-0.22338404705865453,-0.9914939419276493,True,0.9914939419276493,smootherstep
18,2.3464393075090912,0.008065106329220752,-278.30901200295847,1.690987997041471,,-0.06320289711455922,0.005226536787096336,-138.96698117375468,1.0330188262452968,-0.657969170796174,-0.9926212940982478,True,0.9926212940982478,smootherstep
19,2.327142306768491,-0.016954705640984405,-275.53934334822327,4.4606566517766755,,-0.012601628511788277,-0.020384978252607665,-136.6462907067211,3.353709293278901,-1.1069473584977747,-0.9760449336194365,True,0.9760449336194365,smootherstep
20,2.298827882580334,-0.010026812246842256,-275.04028297112126,4.9597170288786785,,-0.05237804251530424,-0.019538206326017077,-136.38892486331022,3.6110751366897453,-1.348641892188933,-0.9742066061665018,True,0.9742066061665018,smootherstep
21,2.629093517344717,-0.030174017519535922,-252.05517642090228,27.944823579097683,,-0.10025988421433261,-0.045791383997854394,-121.20001625005335,18.799983749946627,-9.144839829151056,-0.8657144017860955,True,0.8657144017860955,smootherstep
0,2.2718568440503315,-0.007833794145107946,-272.87196578054574,7.128034219454215,,-0.024290504797620637,-0.025107770528907093,-134.84093892137005,5.1590610786299145,-1.9689731408243007,-0.963149563724072,True,0.963149563724072,smootherstep
1,2.4794408070602842,0.004958269351668665,-277.2336891445152,2.766310855484724,,0.08732136109723966,0.007335384439118689,-138.0189494496796,1.9810505503203744,-0.78526030516435,-0.9858496389262831,True,0.9858496389262831,smootherstep
2,2.384622086801126,0.01063636726258569,-278.99907400113295,1.0009259988670278,,-0.011966762357342007,0.008134018681364865,-139.44191473983614,0.5580852601638283,-0.4428407387031995,-0.9960136767131155,True,0.9960136767131155,smootherstep
3,2.51888750203362,-0.0002924135119929754,-274.2764684288681,5.723531571131882,,0.10168671707448852,0.015852655135601423,-135.89232463530408,4.107675364695905,-1.6158562064359767,-0.9706594616807436,True,0.9706594616807436,smootherstep
4,2.4759893478164083,0.03912782099136037,-265.4114138436976,14.588586156302359,,-0.2016093568220521,-0.014115246739484208,-130.3356811680743,9.664318831925675,-4.924267324376685,-0.9309691512005309,True,0.9309691512005309,smootherstep
5,2.3220453762461806,0.026396735986498533,-271.9559856970092,8.04401430299074,,-0.15817061244940922,-0.006162625005862493,-134.67159287672507,5.3284071232749,-2.7156071797158403,-0.961939949119465,True,0.961939949119465,smootherstep
6,2.3609179918346883,-0.014337624085553302,-277.73287219610364,2.2671278038963374,,-0.02594672661135878,-0.014252901710430659,-138.23873913994012,1.7612608600598687,-0.5058669438364689,-0.9874195652852866,True,0.9874195652852866,smootherstep
7,2.364710496079847,0.011178317016256793,-278.49231459391365,1.5076854060863347,,-0.04037582969937355,0.008291870377164931,-139.11742777851643,0.8825722214835615,-0.6251131846027732,-0.9936959127036888,True,0.9936959127036888,smootherstep
8,2.314622585617579,0.004505152543311121,-276.87164173239444,3.1283582676055297,,-0.10014100596229124,-0.002490649129886062,-137.91416346921176,2.0858365307882063,-1.0425217368173232,-0.9851011676372271,True,0.9851011676372271,smootherstep
9,2.5037472252512325,-0.01832313965006898,-272.9478756087677,7.052124391232283,,0.14785349059047226,0.010368419543377924,-134.73997283572737,5.260027164272598,-1.7920972269596847,-0.9624283773980529,True,0.9624283773980529,smootherstep
10,2.5243801155271557,0.037261349918397496,-262.6454840082965,17.35451599170348,,-0.1833555872792851,-0.024595648651452594,-128.4545546803415,11.545445319658477,-5.809070672045004,-0.9175325334310108,True,0.9175325334310108,smootherstep
11,2.275946077126183,0.0001708327607647022,-273.77441273451973,6.225587265480247,,-0.0848436777187069,-0.01912624209248696,-135.6115830519673,4.388416948032666,-1.8371703174475809,-0.9686541646569096,True,0.9686541646569096,smootherstep
12,2.277563603817918,-0.0016949673951027315,-273.9112096362106,6.088790363789387,,-0.07841068113112468,-0.019575386158297077,-135.68538453020466,4.31461546979532,-1.7741748939940678,-0.9691813180728905,True,0.9691813180728905,smootherstep
13,2.464851898334317,-0.002071612399449373,-278.2504473878744,1.7495526121256066,,0.08105202655989856,-0.0012815597430012253,-138.64956501862468,1.3504349813752814,-0.3991176307503253,-0.9903540358473194,True,0.9903540358473194,smootherstep
14,2.3915476715466384,0.012643364226968856,-278.69314903811426,1.306850961885713,,-0.006355558731823056,0.00967588453037866,-139.2434652604682,0.7565347395317517,-0.5503162223539613,-0.9945961804319161,True,0.9945961804319161,smootherstep
15,2.4261460515321813,0.01172120050044165,-278.6224290425938,1.3775709574061503,,0.03351508736403796,0.008918987412902516,-139.13464815987047,0.865351840129508,-0.5122191172766422,-0.9938189154276463,True,0.9938189154276463,smootherstep
16,2.3491287645949637,-0.0072127633139008876,-278.5275306299153,1.472469370084656,,-0.05585197117237429,-0.007487836244735055,-138.91527229648773,1.0847277035122462,-0.3877416665724098,-0.9922519449749125,True,0.9922519449749125,smootherstep
17,2.3458277796623066,0.00726527605217665,-278.38017540398494,1.6198245960150088,,-0.0633357621052771,0.004668762264302734,-139.0076752845191,0.9923247154808542,-0.6274998805341546,-0.9929119663179939,True,0.9929119663179939,smootherstep
18,2.504471244941257,-0.039337401921478644,-263.20280043047035,16.797199569529617,,-0.07984800126489051,0.036749043043136406,-127.90823608125639,12.091763918743581,-4.705435650786037,-0.9136302577232601,True,0.9136302577232601,smootherstep
19,2.417559619355606,-0.0064335770676139685,-279.5430764354612,0.45692356453872474,,0.018578588697428174,-0.006758556894470024,-139.56433789509833,0.4356621049016465,-0.021261459637078244,-0.9968881278221311,True,0.9968881278221311,smootherstep
20,2.390270221298599,-0.011868057201625625,-278.8355355009653,1.164464499034664,,-0.008362231547132741,-0.010939246646448342,-139.0292670516432,0.9707329483567979,-0.19373155067786593,-0.9930661932260229,True,0.9930661932260229,smootherstep
21,2.4421769678568657,0.0011324360633412146,-279.2629707592013,0.7370292407986474,,0.052878629457163304,-0.0007007109824687756,-139.42530739282316,0.574692607176813,-0.16233663362183431,-0.9958950528058799,True,0.9958950528058799,smootherstep
0,2.30032693586913,0.007476972323718174,-275.51836529347804,4.481634706521925,,-0.11666565332784201,-0.005701987121768092,-136.98362378114575,3.0163762188542322,-1.4652584876676928,-0.9784544555796126,True,0.9784544555796126,smootherstep
1,2.270008240137657,-0.014935812012419104,-271.3889912443294,8.611008755670555,,0.06103463511998106,-0.026409015462182907,-133.66589151526958,6.334108484730403,-2.276900270940153,-0.9547563679662114,True,0.9547563679662114,smootherstep
2,2.4475492184379317,-0.013384594546901213,-277.64478621203074,2.3552137879691912,,0.07545000801430216,-0.009595925704876811,-138.10446480641573,1.8955351935842415,-0.45967859438494985,-0.9864604629029697,True,0.9864604629029697,smootherstep
3,2.405203490237983,0.02267395110312415,-275.87995309332115,4.120046906678789,,-0.04552334745902333,0.016504861839349554,-137.3995291621577,2.6004708378422623,-1.5195760688365265,-0.9814252083011267,True,0.9814252083011267,smootherstep
4,2.269874679719919,0.0010396660540141747,-273.1494250815879,6.850574918412065,,-0.07797807389655316,-0.02121134860818332,-135.16580070584848,4.834199294151501,-2.0163756242605633,-0.9654700050417749,True,0.9654700050417749,smootherstep
5,2.481396349779639,-0.0039048827596062097,-277.1808513905206,2.819148609479313,,0.10244197311709881,0.0007681632742788306,-137.86510039065718,2.1348996093427997,-0.6842490001365134,-0.9847507170761228,True,0.9847507170761228,smootherstep
6,2.329773292760649,0.007558413920982395,-277.5331127177691,2.4668872822308807,,-0.08648992076029174,0.0026653217506731504,-138.42146210055867,1.5785378994412942,-0.8883493827895865,-0.988724729289705,True,0.988724729289705,smootherstep
7,2.483771822686952,0.021684364063581266,-273.3856742523255,6.614325747674481,,-0.0294890714659652,0.022914044624934377,-135.62578987129595,4.374210128704019,-2.240115618970462,-0.9687556419378285,True,0.9687556419378285,smootherstep
8,2.5173941719645385,-0.025732720110442937,-269.12621549612516,10.873784503874802,,0.10323615393914524,0.026928194370914944,-132.04138848638325,7.958611513616723,-2.9151729902580796,-0.9431527749027376,True,0.9431527749027376,smootherstep
9,2.3187501016066836,-0.02738228922279296,-271.3197323520673,8.680267647932617,,0.139819264109862,-0.017985557092746726,-133.47246036126958,6.527539638730385,-2.1527280092022316,-0.9533747168662116,True,0.9533747168662116,smootherstep
10,2.4126429296273604,-0.01579102609846731,-277.9416541924243,2.0583458075756216,,0.03359738465634971,-0.013467281086890865,-138.31973689229488,1.6802631077051047,-0.3780826998705168,-0.9879981206592493,True,0.9879981206592493,smootherstep
11,2.1912912743663284,0.018154939909616464,-260.1012909101353,19.898709089864674,,0.2713956545114988,0.0024464726504900003,-125.66869129034352,14.331308709656462,-5.567400380208213,-0.8976335092167396,True,0.8976335092167396,smootherstep
12,2.3484046525475333,0.03627333032266817,-268.3970209934197,11.602979006580277,,-0.16108736734150253,-0.01787682939195621,-132.2373917173374,7.762608282662581,-3.840370723917696,-0.9445527979809816,True,0.9445527979809816,smootherstep
13,2.324949667141169,0.01606890980839432,-275.6415245798232,4.358475420176751,,-0.11566816000500928,0.0036078322410890945,-137.18592358326956,2.814076416730424,-1.5443990034463269,-0.9798994541662113,True,0.9798994541662113,smootherstep
14,2.434397206282156,0.0003996381725548236,-279.5151223687599,0.48487763124009287,,0.04301775411898277,-0.001501041134195528,-139.60398944841657,0.3960105515834017,-0.0888670796566912,-0.9971713532029757,True,0.9971713532029757,smootherstep
15,2.3621325668659843,0.0029712681484048513,-279.3434453677655,0.6565546322344207,,-0.04070249103197957,0.002349687008592952,-139.61741713591857,0.3825828640814107,-0.27397176815301,-0.9972672652565614,True,0.9972672652565614,smootherstep
16,2.5051000406935415,-0.01957055585946173,-272.45632654529123,7.543673454708707,,0.1479165782933449,0.01230177509601031,-134.38597178284525,5.614028217154736,-1.929645237553971,-0.9598997984488947,True,0.9598997984488947,smootherstep
17,2.3416049218493886,0.032427443728535545,-270.20413824050377,9.795861759496201,,-0.1691211923559928,-0.009838744012974935,-133.49652213785973,6.503477862140248,-3.2923838973559536,-0.9535465866989983,True,0.9535465866989983,smootherstep
18,2.3836010578013114,-0.007909872701665646,-279.389952800168,0.6100471998319802,,-0.021492608441860763,-0.007273228736398354,-139.48274832905136,0.5172516709486298,-0.09279552888335041,-0.9963053452075098,True,0.9963053452075098,smootherstep
19,2.5916229128384893,-0.003100045464954315,-265.29758844645045,14.702411553549528,,-0.162900649333842,0.02438882837060395,-129.92195942238644,10.078040577613539,-4.624370975935989,-0.928013995874189,True,0.928013995874189,smootherstep
20,2.4624342560717,0.0004667857874712593,-278.4081524891773,1.591847510822605,,0.07691791379803263,0.00036783427669436484,-138.79397800611173,1.2060219938882533,-0.3858255169343516,-0.9913855571865124,True,0.9913855571865124,smootherstep
21,2.393882638606729,0.011297087014771322,-278.9646647406716,1.0353352593283385,,-0.0010994149903635344,0.008565853760996764,-139.4133177039129,0.586682296087071,-0.44865296324126747,-0.9958094121708067,True,0.9958094121708067,smootherstep
0,2.4754021296365187,-0.01834030508597242,-274.99538693884006,5.004613061159893,,0.13707078585346666,-0.002326146809978017,-136.1659698416206,3.83403015837937,-1.1705829027805232,-0.9726140702972902,True,0.9726140702972902,smootherstep
1,2.3417574183229193,-0.0056109497739109055,-278.3641032920588,1.635896707941152,,-0.06406768466561331,-0.00648434009955591,-138.8268732054968,1.1731267945031696,-0.4627699134379823,-0.9916205228964059,True,0.9916205228964059,smootherstep
2,2.3952999864786135,-0.025267758393283418,-274.8881222170746,5.111877782925346,,0.09469754981298198,-0.016345175765568903,-136.0423971001835,3.9576028998164685,-1.1542748831088778,-0.9717314078584538,True,0.9717314078584538,smootherstep
3,2.442815862066724,0.02723165027483181,-273.3241793223079,6.675820677692075,,-0.0814025561644409,0.01929626406344384,-135.6752094529931,4.324790547006864,-2.3510301306852113,-0.9691086389499509,True,0.9691086389499509,smootherstep
4,2.4448463799776947,0.015481361746288343,-277.2628863802134,2.7371136197865606,,0.03529057941753882,0.013819004467010816,-138.21921499029173,1.7807850097082445,-0.9563286100783162,-0.9872801070735125,True,0.9872801070735125,smootherstep
5,2.40473779175547,0.02029897357255852,-276.69755178268093,3.3024482173190237,,-0.026046596067339268,0.015519507478639548,-137.9362844636856,2.0637155363143695,-1.2387326810046546,-0.9852591747406116,True,0.9852591747406116,smootherstep
6,2.3696692812384716,0.007203836308328806,-279.20914265355714,0.7908573464428252,,-0.02973075649263613,0.005623548221578345,-139.5665619474493,0.4334380525506891,-0.3574192938921361,-0.9969040139103522,True,0.9969040139103522,smootherstep
7,2.3336122050208257,-0.022294412846062817,-274.23024258571814,5.769757414281837,,0.04746374353226466,-0.02211852023427064,-135.62983381395517,4.370166186044803,-1.399591228237034,-0.9687845272425372,True,0.9687845272425372,smootherstep
8,2.4960955696667133,0.021148797459190648,-272.67292239142273,7.327077608577208,,-0.03914107685938798,0.023874206943512916,-135.1314794987861,4.868520501213892,-2.4585571073633163,-0.9652248535627579,True,0.9652248535627579,smootherstep
9,2.2221280290909613,-0.0007669785647750356,-267.3469897585742,12.653010241425797,,0.12935105105173786,-0.026853965775981037,-130.8555057472338,9.144494252766194,-3.5085159886596036,-0.9346821839088129,True,0.9346821839088129,smootherstep
10,2.4765948885122837,-0.02294623171304797,-273.40198258389694,6.598017416103015,,0.1570703261380492,0.0023709470039154712,-134.99861826450365,5.001381735496337,-1.596635680606678,-0.9642758447464548,True,0.9642758447464548,smootherstep
11,2.489260839732545,-0.020515049273836565,-273.39574291467005,6.604257085329921,,0.15371741429267594,0.005326056780735123,-135.02258083740566,4.9774191625943365,-1.6268379227355856,-0.964447005981469,True,0.964447005981469,smootherstep
12,2.3998127511690917,-0.03336941661756391,-271.1002758731656,8.899724126834386,,0.18326384046566394,-0.0021498987159386134,-133.2591491438795,6.7408508561204545,-2.158873270713932,-0.9518510653134253,True,0.9518510653134253,smootherstep
13,2.511984402245139,-0.04234683508598744,-260.5840931000779,19.41590689992204,,-0.19284825760566188,0.028298097651484003,-126.19570782877221,13.80429217122777,-5.61161472869427,-0.9013979130626588,True,0.9013979130626588,smootherstep
14,2.282020914511298,0.011274762221990727,-273.34739180536945,6.652608194630482,,-0.12302090425482527,-0.013612384210915788,-135.45740552584806,4.542594474151925,-2.110013720478557,-0.9675528966132005,True,0.9675528966132005,smootherstep
15,2.4192422756899052,-0.005823940442064105,-279.5774807195721,0.42251928042782727,,0.02070625268264581,-0.006313586626167128,-139.59374044193808,0.40625955806189873,-0.016259722365928552,-0.9970981460138436,True,0.9970981460138436,smootherstep
16,2.414339955659747,-0.043838258819610364,-264.55610262008867,15.443897379911304,,0.0810236268551961,0.035471205052393345,-128.60750297353917,11.392497026460822,-4.051400353450483,-0.9186250212395656,True,0.9186250212395656,smootherstep
17,2.4355174708934064,0.0009688398367201722,-279.47691297621014,0.5230870237898393,,0.044764369430943855,-0.0010126629336976248,-139.58252845226397,0.4174715477359934,-0.10561547605384594,-0.9970180603733143,True,0.9970180603733143,smootherstep
18,2.377019693702055,0.010084275449000974,-278.97127576828103,1.028724231718945,,-0.02144584046672304,0.007752288421771817,-139.42562836936688,0.5743716306330937,-0.4543526010858511,-0.9958973454954779,True,0.9958973454954779,smootherstep
19,2.321714913592784,-0.006711969080434546,-277.14401221341706,2.85598778658288,,-0.07473502647705328,-0.010687851887651314,-137.94922906348208,2.050770936517899,-0.8052168500649804,-0.9853516361677293,True,0.9853516361677293,smootherstep
20,2.2798566793616586,0.002823199963582613,-274.09318512786524,5.90681487213473,,-0.10018845638739148,-0.01613082296477119,-135.88217032734227,4.1178296726577095,-1.7889851994770207,-0.9705869309095878,True,0.9705869309095878,smootherstep
21,2.2464831750671976,-0.01867867496546695,-267.7344582413064,12.265541758693542,,0.18844851531044074,-0.015687545121129267,-130.9543678070939,9.045632192906076,-3.219909565787466,-0.9353883414792423,True,0.9353883414792423,smootherstep
0,2.323779307655956,-0.042801689687806725,-262.99142373072027,17.0085762692797,,0.1141664503395006,0.035276092003409684,-127.41340867910685,12.586591320893126,-4.421984948386575,-0.9100957762793348,True,0.9100957762793348,smootherstep
1,2.3526432813252702,0.02129546819186727,-275.45951664427196,4.540483355728004,,-0.1027791568621765,0.009613654896474061,-137.1171998561592,2.8828001438407798,-1.6576832118872247,-0.9794085704011373,True,0.9794085704011373,smootherstep
2,2.4876868181059426,0.022638029611910134,-272.7761748230722,7.22382517692775,,-0.047488823329895485,0.023234209117422508,-135.22493527687416,4.775064723125807,-2.448760453801944,-0.9658923948348157,True,0.9658923948348157,smootherstep
3,2.5356942377598837,0.04448849740092264,-256.7490965298206,23.250903470179363,,0.10355231500808121,-0.04128028870288348,-124.2041608932718,15.795839106728168,-7.455064363451196,-0.8871725778090845,True,0.8871725778090845,smootherstep
4,2.5245792174659885,-0.03248942099916056,-265.2859048941419,14.714095105858048,,-0.021462489168643666,0.03626031069269414,-129.39728846624416,10.602711533755825,-4.111383572102224,-0.9242663461874584,True,0.9242663461874584,smootherstep
5,2.4379979215837806,-0.047005891513373345,-261.75026946803223,18.249730531967725,,-0.07314276001829684,0.039033852208242556,-126.73239147293557,13.267608527064406,-4.982122004903319,-0.9052313676638256,True,0.9052313676638256,smootherstep
6,2.2466006187901897,-0.017779626897741704,-268.0106791061272,11.989320893872748,,0.17827376873522163,-0.017626011146151938,-131.1648438205317,8.835156179468285,-3.154164714404462,-0.9368917415752265,True,0.9368917415752265,smootherstep
7,2.4473702790139553,-0.02733892145110666,-273.1098617819365,6.890138218063438,,0.1609741093537826,-0.0025829549164830155,-134.74548025280023,5.254519747199739,-1.6356184708636996,-0.9624677160914304,True,0.9624677160914304,smootherstep
8,2.3970674282860016,0.011057270507432812,-279.0193020684147,0.9806979315852908,,0.0030881361405578063,0.008325483195147186,-139.44406499225624,0.5559350077437385,-0.42476292384155234,-0.9960290356589733,True,0.9960290356589733,smootherstep
9,2.3532988774114956,0.007043415666914783,-278.71270020665054,1.2872997933494335,,-0.05245031487862799,0.005069229696538861,-139.23304001147898,0.766959988520997,-0.5203398048284363,-0.9945217143677072,True,0.9945217143677072,smootherstep
10,2.471382243776984,0.0051621984552529,-277.7102802552682,2.2897197447317863,,0.08159267409591082,0.005976730384793714,-138.35937856093204,1.64062143906793,-0.6490983056638566,-0.988281275435229,True,0.988281275435229,smootherstep
11,2.3478561595566383,0.018439966688199833,-276.1722218571076,3.8277781428923165,,-0.09286665706421422,0.009089386645300453,-137.58672733845552,2.413272661544454,-1.4145054813478628,-0.9827623381318253,True,0.9827623381318253,smootherstep
12,2.555049063211264,0.012596721771579902,-269.06793731709,10.932062682909914,,-0.09378556217040894,0.026503368248265147,-132.59829039227765,7.401709607722344,-3.5303530751875702,-0.9471306456591261,True,0.9471306456591261,smootherstep
13,2.2712716390368253,0.0005896398676148031,-273.299638143502,6.700361856497944,,-0.07868821250337148,-0.02083506222095737,-135.26969943712578,4.730300562874192,-1.9700612936237516,-0.9662121388366129,True,0.9662121388366129,smootherstep
14,2.4916300167656646,0.011509312439495687,-275.5275459733281,4.472454026671894,,0.06268633369993694,0.016851382805859596,-136.9289304295552,3.071069570444758,-1.4013844562271363,-0.9780637887825374,True,0.9780637887825374,smootherstep
15,2.2515050079768812,0.019137419216117574,-268.1959149163196,11.804085083680352,,-0.022706688845322127,-0.0319252671962516,-131.74851646630165,8.251483533698321,-3.5526015499820303,-0.9410608319021548,True,0.9410608319021548,smootherstep
16,2.410984066271905,0.0023166987820611787,-279.9077519552698,0.0922480447301152,,0.017175036546316996,0.0004638693018079755,-139.93795651885935,0.0620434811406192,-0.030204563589496004,-0.999556832277567,True,0.999556832277567,smootherstep
17,2.4552051681832636,-0.032255591771957776,-270.44052656400254,9.559473435997395,,0.17531442128579386,0.011336189793841342,-132.82527840994206,7.174721590057917,-2.384751845939478,-0.9487519886424435,True,0.9487519886424435,smootherstep
18,2.471984913637875,0.019172823903607954,-274.95018953534344,5.049810464656495,,0.009678748309623024,0.020383746639645487,-136.66001003954005,3.339989960459924,-1.7098205041965715,-0.9761429288538577,True,0.9761429288538577,smootherstep
19,2.3762677425156733,-0.018014988782895286,-277.1758279851071,2.824172014892857,,0.007798668415046158,-0.016624503311874452,-137.77866076980533,2.221339230194646,-0.6028327846982111,-0.9841332912128954,True,0.9841332912128954,smootherstep
20,2.5525825122081494,0.0020909487567663705,-270.60107513677514,9.398924863224815,,0.008436893705809682,0.028585452660773683,-133.45460530060595,6.545394699394029,-2.853530163830786,-0.953247180718614,True,0.953247180718614,smootherstep
21,2.503168841422969,-0.020091086650840192,-272.45327413840505,7.546725861594924,,0.1495462636559074,0.011850681149960808,-134.3770461611791,5.6229538388208695,-1.9237720227740545,-0.9598360440084224,True,0.9598360440084224,smootherstep
0,2.5265286994527734,-0.007898479170656668,-273.0280935044097,6.971906495590272,,0.1142842429804029,0.017399187290655073,-134.93424361856526,5.065756381434727,-1.9061501141555446,-0.9638160258468949,True,0.9638160258468949,smootherstep
1,2.3151106001014674,0.023471764492925377,-272.66427627650853,7.335723723491448,,-0.1518990661945712,-0.005216025471898659,-135.14170763201943,4.858292367980556,-2.4774313555108916,-0.9652979116572817,True,0.9652979116572817,smootherstep
2,2.318027574689151,-0.007571354828428611,-276.8064247944183,3.193575205581661,,-0.07281369146616673,-0.0123759603241414,-137.69557710745758,2.3044228925424064,-0.8891523130392545,-0.98353983648184,True,0.98353983648184,smootherstep
3,2.5002435815525503,0.003337278399328811,-275.83018504432,4.1698149556799935,,0.09770077927618175,0.011445082175807994,-137.01416349345024,2.98583650654974,-1.1839784491302534,-0.9786725963817876,True,0.9786725963817876,smootherstep
4,2.333039572266047,-0.023838191566178484,-273.62999822495266,6.370001775047309,,0.06995852489251546,-0.02187466616428275,-135.1781094293168,4.8218905706831805,-1.5481112043641285,-0.9655579244951201,True,0.9655579244951201,smootherstep
5,2.3488431296574857,0.0021499629411249016,-278.8945078052038,1.1054921947961807,,-0.05795249982393471,0.0011980639607609058,-139.30325191640114,0.6967480835988414,-0.4087441111973392,-0.995023227974294,True,0.995023227974294,smootherstep
6,2.559879265931422,-0.0003851513755105204,-269.7348229724125,10.265177027587507,,-0.008677627435895847,0.029888869989367284,-132.84460837224094,7.155391627759045,-3.1097853998284632,-0.9488900598017211,True,0.9488900598017211,smootherstep
7,2.3798955650302447,0.009630173273749926,-279.0934809219758,0.9065190780241429,,-0.017170421306496018,0.007400260089989973,-139.50201268952594,0.49798731047404876,-0.4085317675500941,-0.9964429477823282,True,0.9964429477823282,smootherstep
8,2.357473540337382,-0.022421005669734213,-275.24333731893216,4.756662681067804,,0.04261988464511435,-0.020259409729111815,-136.34850737075607,3.6514926292439167,-1.1051700518238872,-0.9739179097911149,True,0.9739179097911149,smootherstep
9,2.3369662029632994,0.005691359261700804,-278.120410273106,1.8795897268939203,,-0.07457389958795696,0.002669885118796992,-138.8101139335033,1.1898860664966886,-0.6897036603972317,-0.991500813810738,True,0.991500813810738,smootherstep
10,2.480948453066186,-0.021064738143509832,-273.785757339408,6.214242660591958,,0.15249353735149057,0.0021070611749881398,-135.28789183402515,4.712108165974827,-1.5021344946171304,-0.9663420845287513,True,0.9663420845287513,smootherstep
11,2.3488996406109437,0.01761241679693603,-276.45457815747994,3.5454218425199917,,-0.08695590860484045,0.009268201722972692,-137.77534261206844,2.2246573879315243,-1.3207644545884674,-0.9841095900862034,True,0.9841095900862034,smootherstep
12,2.4833585843900843,-0.00045291457451983926,-277.17013317450596,2.8298668254939816,,0.09921234147370828,0.003553772046686193,-137.9001263908344,2.0998736091655674,-0.7299932163284142,-0.9850009027916745,True,0.9850009027916745,smootherstep
13,2.324496357098348,0.002153650715510738,-277.64048813703477,2.35951186296519,,-0.08712574619718197,-0.001854936290960827,-138.42840736193511,1.5715926380648504,-0.7879192249003395,-0.9887743382995368,True,0.9887743382995368,smootherstep
14,2.410980226708297,-0.01227252080259607,-278.7469051861359,1.2530948138640727,,0.017763925015853672,-0.011177498956888873,-138.93692406679742,1.063075933202554,-0.19001888066151873,-0.9924066004771246,True,0.9924066004771246,smootherstep
15,2.2874094788633696,0.02217134538606046,-270.9330528004653,9.066947199534662,,-0.1319122509584529,-0.018182328434276425,-133.8433556153715,6.156644384628458,-2.9103028149062036,-0.9560239686812253,True,0.9560239686812253,smootherstep
16,2.4260831515406207,0.0027690257526601317,-279.66054143585416,0.3394585641458181,,0.03504682056309553,0.0004946915610021317,-139.7470324131769,0.2529675868230709,-0.08649097732274721,-0.9981930886655495,True,0.9981930886655495,smootherstep
17,2.2522338408091755,-0.0322917693874105,-262.8744437534206,17.125556246579315,,0.1912525303583652,0.02594231391229889,-127.33576131633926,12.664238683660718,-4.461317562918596,-0.9095411522595663,True,0.9095411522595663,smootherstep
18,2.4553278860634706,-0.024221888140799383,-274.0613523712813,5.938647628718667,,0.14786594380569296,-0.004332927633337867,-135.4484100945932,4.5515899054067575,-1.3870577233119088,-0.9674886435328088,True,0.9674886435328088,smootherstep
19,2.4291409307922844,0.00193985843242128,-279.6227448490367,0.3772551509632658,,0.03791270819680439,-0.00023148332652334473,-139.70587440803956,0.294125591960408,-0.08312955900285783,-0.9978991029145685,True,0.9978991029145685,smootherstep
20,2.5659510546987243,0.0221641252099128,-265.0312073254771,14.968792674522843,,-0.22273794002922517,0.0045727184347236225,-130.0440700493062,9.955929950693772,-5.0128627238290715,-0.9288862146379017,True,0.9288862146379017,smootherstep
21,2.4267775787340518,0.02902092491149047,-272.9754883380918,7.024511661908174,,-0.10690751798746456,0.016667534811822572,-135.46128527997627,4.538714720023717,-2.485796941884457,-0.9675806091426877,True,0.9675806091426877,smootherstep
0,2.4467726421356466,-0.0004726230451757314,-279.1046906825039,0.8953093174961054,,0.04206735787426057,0.005987393153655883,-139.3519745503918,0.6480254496081976,-0.2472838678879078,-0.9953712467885129,True,0.9953712467885129,sine
1,2.3224038791262416,-0.020418291908477437,-274.21552625029415,5.7844737497058265,,0.12458882667595257,-0.011447399637696105,-135.81337497588135,4.186625024118641,-1.597848725587186,-0.9700955355420097,True,0.9700955355420097,sine
2,2.33202460838822,-0.02413305996580662,-273.4612885179408,6.538711482059191,,0.14927436420077156,-0.005816496036352913,-135.24518056993207,4.754819430067894,-1.783892051991297,-0.9660370040709436,True,0.9660370040709436,sine
3,2.296103632747587,0.018126132349396366,-272.99279657166693,7.007203428333047,,-0.0429368956365728,-0.02372759915087118,-135.12368770092434,4.8763122990756385,-2.130891129257408,-0.9651691978637454,True,0.9651691978637454,sine
4,2.3813270034684084,0.0005045926325044767,-279.85536035802426,0.14463964197569984,,-0.018097436235560937,-0.0019251873520352504,-139.9034017167959,0.09659828320406386,-0.048041358771635984,-0.9993100122628281,True,0.9993100122628281,sine
5,2.176587215439211,-0.030060709462078943,-253.08552184841972,26.914478151580234,,-0.3174872133398047,-0.007956778288890978,-120.32267059678607,19.67732940321391,-7.237148748366323,-0.8594476471199006,True,0.8594476471199006,sine
6,2.283909284992049,0.005026505445064176,-274.33869456607994,5.661305433920034,,-0.0065631784429342555,-0.022290240208276142,-136.0201142686636,3.9798857313363865,-1.681419702583647,-0.9715722447761687,True,0.9715722447761687,sine
7,2.432880791379007,0.03744697019478404,-268.3504819534553,11.649518046544632,,-0.10732474144550778,-0.026487093540331734,-132.05644088160574,7.943559118394251,-3.7059589281503804,-0.9432602920114697,True,0.9432602920114697,sine
8,2.4455269995884765,0.0640289698634322,-246.38674349401103,33.613256505988936,,-0.22213525529529882,0.04148142441163866,-116.50957139405521,23.490428605944757,-10.122827900044179,-0.8322112242432517,True,0.8322112242432517,sine
9,2.3536685056093414,0.009235057135482075,-278.4415809060178,1.5584190939821465,,-0.07077819537003535,-0.0024257077137442777,-138.93203984378695,1.0679601562130316,-0.49045893776911487,-0.9923717131699069,True,0.9923717131699069,sine
10,2.375985949448529,0.00530765894285682,-279.53903234776305,0.46096765223688496,,-0.038812168651234505,0.0002571081355468044,-139.6916888947995,0.30831110520045923,-0.15265654703642573,-0.9977977778199967,True,0.9977977778199967,sine
11,2.37392834596378,0.020070865417404514,-276.50240251045653,3.4975974895434088,,-0.10860309467477441,0.0001344418703511295,-137.60800443215305,2.3919955678469185,-1.1056019216964905,-0.982914317372522,True,0.982914317372522,sine
12,2.41010535851679,-0.01718940687889975,-277.59666010239573,2.4033398976042317,,0.08748694883044289,-0.005042204675442717,-138.2399517295792,1.7600482704208014,-0.6432916271834305,-0.9874282266398514,True,0.9874282266398514,sine
13,2.4671978197061,-0.018060037751666078,-275.5519765883345,4.448023411665417,,0.10621513396233237,0.010913756238142372,-136.75934283632137,3.2406571636786246,-1.2073662479867928,-0.976852448830867,True,0.976852448830867,sine
14,2.423298932908999,-0.0019218293314681126,-279.7484993705009,0.2515006294990787,,0.029035366095593724,0.0014606191291092804,-139.8106138951223,0.18938610487769683,-0.06211452462138187,-0.9986472421080165,True,0.9986472421080165,sine
15,2.572673016217742,-0.008629718580710141,-267.46929816191164,12.530701838088332,,-0.18849736952569035,0.014282330277730562,-131.28738548762257,8.712614512377401,-3.8180873257109296,-0.9377670391973043,True,0.9377670391973043,sine
16,2.3620962755388315,-0.008196497158379118,-278.8759317328155,1.1240682671844493,,0.003965732575582383,-0.0100220106619363,-139.19401833971347,0.8059816602865146,-0.3180866068979346,-0.9942429881408106,True,0.9942429881408106,sine
17,2.459569567702081,0.019146977934489707,-275.62201822422105,4.3779817757788875,,-0.08756834850143523,0.013415546629620273,-137.00181563542947,2.9981843645705233,-1.379797411208364,-0.9785843973959248,True,0.9785843973959248,sine
18,2.440963532833314,-0.002491880353707099,-279.264758581299,0.7352414187009297,,0.04546125578305049,0.003820400088190513,-139.46124855371505,0.5387514462849171,-0.19648997241601257,-0.9961517753836792,True,0.9961517753836792,sine
19,2.42876336517673,0.010299138782675478,-278.81397888228923,1.1860211177107476,,-0.016572546942483852,0.009740794323419602,-139.18548752250226,0.814512477497718,-0.37150864021302954,-0.9941820537321592,True,0.9941820537321592,sine
20,2.4705134995078266,0.00243490147124562,-277.92593886962567,2.0740611303742678,,0.035619553851859415,0.012325010020540442,-138.52662848694462,1.4733715130553575,-0.6006896173189101,-0.9894759177638903,True,0.9894759177638903,sine
21,2.1947110896104016,-0.02255565362184837,-259.21343767839363,20.786562321606326,,-0.12262256531854292,0.03911192014014305,-124.731604383447,15.268395616552972,-5.518166705053353,-0.890940031310336,True,0.890940031310336,sine
0,2.3394438107905957,0.0023764545679848008,-278.45872847307504,1.541271526924921,,-0.05205922694068989,-0.008057920268873113,-138.92780016655678,1.0721998334432126,-0.4690716934817085,-0.9923414297611199,True,0.9923414297611199,sine
1,2.3483876289339016,-0.011221348310950443,-277.90597972676244,2.094020273237527,,0.020979174889443727,-0.013294112305975334,-138.49747516909912,1.5025248309008639,-0.5914954423366631,-0.9892676797792795,True,0.9892676797792795,sine
2,2.4014358901595942,-0.02003338635356108,-276.791503781055,3.2084962189449615,,0.10242750862301865,-0.005198834118791018,-137.65439513330807,2.3456048666919154,-0.862891352253046,-0.9832456795236292,True,0.9832456795236292,sine
3,2.3775720572593877,0.021020451895190813,-276.26277089903385,3.7372291009660934,,-0.11227408590822523,0.0002491347513177334,-137.4447309410677,2.555269058932289,-1.1819600420338043,-0.9817480781504836,True,0.9817480781504836,sine
4,2.501065599140532,0.013034630261682546,-274.49457326812825,5.505426731871687,,-0.07338986888943802,0.018396783197761165,-136.19766592154525,3.8023340784547335,-1.7030926534169533,-0.9728404708681805,True,0.9728404708681805,sine
5,2.460022302894038,0.011116372712506276,-277.5424076275384,2.457592372461544,,-0.015901935370853555,0.014377717545221661,-138.29610186961088,1.7038981303891088,-0.7536942420724353,-0.9878292990686492,True,0.9878292990686492,sine
6,2.461852567748832,0.0013139499058311894,-278.4255043834876,1.574495616512357,,0.04077251557518094,0.00991206254660421,-138.87513168377714,1.124868316222837,-0.4496273002895198,-0.991965226312694,True,0.991965226312694,sine
7,2.4235795143127357,-0.014947877022455338,-277.9868224564698,2.0131775435302024,,0.08323921664259763,-0.002912500275440545,-138.52211593544877,1.4778840645512124,-0.5352934789789898,-0.9894436852532056,True,0.9894436852532056,sine
8,2.3417014103550464,0.00879213952060707,-277.9952416546057,2.0047583453942726,,-0.07486870241980106,-0.005486914412452084,-138.6175262336497,1.3824737663502693,-0.6222845790440032,-0.9901251873832123,True,0.9901251873832123,sine
9,2.378153957625864,0.022561292531168866,-275.7365911379631,4.263408862036847,,-0.11980795402882374,-0.0011603517498198523,-137.08380051203264,2.916199487967348,-1.3472093740694993,-0.979170003657376,True,0.979170003657376,sine
10,2.3412689251234706,-0.009428987292989984,-277.88189479940536,2.1181052005946186,,0.00889741416255894,-0.013685822010197609,-138.48681329232093,1.5131867076790446,-0.6049184929155739,-0.9891915235165782,True,0.9891915235165782,sine
11,2.4387690676355778,0.010489298028927542,-278.50642973948936,1.4935702605106105,,-0.013259291514542897,0.01115672821866857,-138.9692061129754,1.0307938870245879,-0.46277637348602263,-0.992637186521253,True,0.992637186521253,sine
12,2.4991093920718193,-0.004615639763566081,-275.84009176912514,4.159908230874835,,0.047403689822999785,0.017729389271426272,-137.02885215234588,2.971147847654102,-1.1887603832207332,-0.9787775153738992,True,0.9787775153738992,sine
13,2.405959695358453,-0.009149280873761637,-279.31642971892194,0.6835702810779895,,0.039639218671507645,-0.004823387176467071,-139.4930312768077,0.5069687231922837,-0.17660155788570567,-0.9963787948343408,True,0.9963787948343408,sine
14,2.4916344542778424,-0.014394848526988982,-274.92980436075237,5.070195639247571,,0.07916528276496658,0.017284954611392407,-136.33605165947074,3.6639483405292483,-1.4062472987183234,-0.9738289404247911,True,0.9738289404247911,sine
15,2.330784173731286,0.0013053428051143243,-278.0333553170202,1.9666446829797375,,-0.048530385936849635,-0.010576223649469503,-138.62508184253872,1.3749181574612606,-0.591726525518477,-0.9901791560181339,True,0.9901791560181339,sine
16,2.3508678592287486,0.01653517752257189,-276.8289894413932,3.171010558606752,,-0.10047055018556299,-0.004006807860930116,-137.8221035300339,2.1778964699660843,-0.9931140886406674,-0.9844435966430994,True,0.9844435966430994,sine
17,2.2781298484532173,-0.019886254273500662,-270.82883327698596,9.171166723013972,,0.18133190809716898,-0.0030708853484336285,-133.357966330339,6.642033669660988,-2.529133053352984,-0.9525569023595644,True,0.9525569023595644,sine
18,2.320070094329815,-0.003042913529976724,-277.3245808716757,2.675419128324254,,-0.023414330384065426,-0.014908311312223248,-138.11152911770625,1.888470882293711,-0.786948246030543,-0.9865109222693307,True,0.9865109222693307,sine
19,2.326279556786946,0.01977183919623987,-274.6610894156697,5.338910584330225,,-0.09809530392795184,-0.014734893350958303,-136.31021785895626,3.6897821410437195,-1.6491284432865057,-0.9736444132782591,True,0.9736444132782591,sine
20,2.4711787346214797,-0.01599578694992956,-275.8900619780328,4.109938021967158,,0.10044218342336689,0.010858426413563568,-137.00921632682804,2.9907836731719413,-1.1191543487952176,-0.9786372594773433,True,0.9786372594773433,sine
21,2.401947720974819,-0.0031830310439600663,-279.91747132846,0.08252867153994826,,0.013047404078267735,-0.0019670364959440143,-139.9342593130306,0.06574068696937282,-0.016787984570575447,-0.9995304236645045,True,0.9995304236645045,sine
0,2.3662659237710604,-0.02204047529296622,-275.652269043535,4.347730956464941,,0.11354297396696306,-0.008314174609839313,-136.83521887591456,3.1647811240854185,-1.1829498323795227,-0.977394420542247,True,0.977394420542247,sine
1,2.426112828878102,0.007476208464786947,-279.2744641307681,0.7255358692318907,,-0.0035056708006453528,0.007889147863646619,-139.50004840711995,0.4999515928800255,-0.2255842763518652,-0.9964289171937141,True,0.9964289171937141,sine
2,2.28017335184959,0.02566799974807484,-268.92154921612337,11.078450783876574,,0.07446536614971058,-0.02871678271596118,-132.27938531229233,7.720614687707648,-3.3578360961689273,-0.9448527522306597,True,0.9448527522306597,sine
3,2.3803557388078582,-0.040478227715112496,-266.7466935981557,13.253306401844297,,0.019214166115608233,0.034732914763747944,-130.28264034003845,9.71735965996152,-3.535946741882777,-0.9305902881431319,True,0.9305902881431319,sine
4,2.4410973128380924,-0.0157681236478825,-277.3227207189677,2.677279281032269,,0.0978753881335203,0.0013925598229643443,-138.03870338712017,1.961296612879807,-0.7159826681524618,-0.98599073847943,True,0.98599073847943,sine
5,2.335884140427501,0.013243469639780662,-276.9215575660661,3.078442433933882,,-0.09102372948990956,-0.007418905129031994,-137.87560103975198,2.1243989602480067,-0.9540434736858753,-0.9848257217125143,True,0.9848257217125143,sine
6,2.334937430605838,-0.0071465931043704495,-277.8654164052805,2.134583594719484,,-0.005089929471729574,-0.01375487083289052,-138.48256213340287,1.5174378665971162,-0.6171457281223678,-0.9891611580957349,True,0.9891611580957349,sine
7,2.4673544716381017,0.009868074959336441,-277.37196634629566,2.628033653704293,,-0.00885547273525402,0.015059896020717048,-138.17127479079426,1.8287252092057111,-0.7993084444985818,-0.9869376770771021,True,0.9869376770771021,sine
8,2.399150372777451,-0.02482843585127606,-275.0727639662577,4.927236033742251,,0.13360293847492005,-0.00020703781819654725,-136.39579948931635,3.6042005106836315,-1.3230355230586202,-0.974255710637974,True,0.974255710637974,sine
9,2.5479453385885433,0.03449591072085237,-261.6768885567013,18.323111443298686,,0.02437103604707427,-0.03921522257363787,-127.58754275650845,12.412457243491527,-5.9106541998071584,-0.9113395911179176,True,0.9113395911179176,sine
10,2.3847507240084367,0.018057000250596783,-277.2989142826562,2.7010857173437826,,-0.09216330944480064,0.0038060065016632958,-138.15755001721556,1.842449982784412,-0.8586357345593704,-0.9868396429801113,True,0.9868396429801113,sine
11,2.5010140124503546,-0.008652362474838693,-275.25836055765205,4.741639442347912,,0.05657163038736523,0.018541254944397012,-136.59929517498227,3.400704825017691,-1.3409346173302212,-0.9757092512498736,True,0.9757092512498736,sine
12,2.3605291006906053,0.00935063616949729,-278.6645730917369,1.3354269082630796,,-0.06663501794446938,-0.0008796227168860922,-139.08853496140395,0.9114650385960308,-0.4239618696670489,-0.9934895354385997,True,0.9934895354385997,sine
13,2.474836714199624,-0.00632689593312099,-277.3983054500763,2.6016945499236517,,0.07146598222188541,0.010250042306020153,-138.11949264498753,1.880507355012451,-0.7211871949112009,-0.986567804607054,True,0.986567804607054,sine
14,2.311086232718525,0.004709601257400736,-276.6072245497223,3.3927754502776932,,-0.053345333559948846,-0.01497437203830724,-137.62697687607292,2.3730231239270494,-1.0197523263506438,-0.9830498348290925,True,0.9830498348290925,sine
15,2.483865626395431,-0.02995053414227505,-269.9679570484285,10.032042951571459,,0.016027454943911813,0.030039933558504404,-132.7351208088256,7.264879191174387,-2.767163760397071,-0.9481080057773258,True,0.9481080057773258,sine
16,2.309949591478067,-0.011767871010328652,-275.5954379501092,4.404562049890724,,0.053617832681907965,-0.017912551616043576,-136.84875019722548,3.151249802774493,-1.2533122471162308,-0.9774910728373251,True,0.9774910728373251,sine
17,2.4450368623794625,0.02543252581722337,-274.00186023529284,5.998139764707114,,-0.13859478583440388,0.0051888000984797854,-135.91045193353793,4.0895480664620525,-1.9085916982450613,-0.9707889423824139,True,0.9707889423824139,sine
18,2.381042555384238,0.02430414462519786,-275.13196117965873,4.868038820341253,,-0.12727270405130808,-0.0026364000393358593,-136.67007645010352,3.3299235498964626,-1.53811527044479,-0.9762148317864539,True,0.9762148317864539,sine
19,2.2201576893014434,0.03250680461569358,-258.6309899548667,21.369010045133212,,0.17373498562136355,0.03379277345014735,-124.83327260368698,15.166727396313002,-6.20228264882021,-0.8916662328834786,True,0.8916662328834786,sine
20,2.3061092014201097,-0.03460990918781237,-266.8431264394613,13.15687356053867,,0.10940797767960943,0.03008946081705554,-130.33672684271903,9.663273157280953,-3.493600403257717,-0.9309766203051361,True,0.9309766203051361,sine
21,2.3731383519234166,-0.029848963050572625,-272.5840426432643,7.415957356735677,,0.15826570762058811,0.007064861770384491,-134.57027467375895,5.429725326241045,-1.9862320304946315,-0.9612162476697068,True,0.9612162476697068,sine
0,2.34421355841819,0.009220630540702842,-278.05024119945966,1.949758800540307,,-0.07550626269296155,-0.004764113179686637,-138.65729681305308,1.3427031869468915,-0.6070556135934155,-0.9904092629503793,True,0.9904092629503793,sine
1,2.3981771599392596,-0.030198947988608706,-272.70973646869174,7.290263531308199,,0.14827235941638783,0.010705075809625712,-134.6586989494429,5.341301050557082,-1.9489624807511177,-0.961847849638878,True,0.961847849638878,sine
2,2.4403656278089945,0.00040022494987955286,-279.3329518085719,0.6670481914280149,,0.03483776206122129,0.00541731986638138,-139.51741481398747,0.48258518601250316,-0.18446300541551167,-0.9965529629570535,True,0.9965529629570535,sine
3,2.3356591455617846,0.014783449789405496,-276.56484483308753,3.4351551669124256,,-0.09561580405824362,-0.008007245703510312,-137.62997399363022,2.370026006369763,-1.0651291605426627,-0.9830712428116446,True,0.9830712428116446,sine
4,2.46092136989835,-0.01893252631843194,-275.62100635805837,4.37899364194157,,0.11057913789813961,0.009464121746945551,-136.80522089527116,3.194779104728812,-1.1842145372127577,-0.9771801492519371,True,0.9771801492519371,sine
5,2.5227131787200276,0.03521394625096574,-263.99623202026356,16.003767979736406,,-0.05558971206351267,-0.0357614275502058,-129.14798903635653,10.852010963643444,-5.151757016092961,-0.9224856359739754,True,0.9224856359739754,sine
6,2.3432444263558385,-0.031086236126388465,-270.9618317122362,9.0381682877638,,0.16728985603821317,0.011238507969190284,-133.38163282406938,6.618367175930588,-2.4198011118332095,-0.9527259487433529,True,0.9527259487433529,sine
7,2.384553674446804,0.004900208429723816,-279.71049875127557,0.28950124872437316,,-0.029506941167200436,0.001235322186159154,-139.80982859870443,0.19017140129555413,-0.09932984742881901,-0.9986416328478889,True,0.9986416328478889,sine
8,2.4503107856209794,-0.04835339697752202,-260.2797406809058,19.720259319094172,,-0.2674328583407764,0.005326737645166585,-125.88255783644163,14.117442163558339,-5.602817155535835,-0.8991611274031547,True,0.8991611274031547,sine
9,2.447780634549208,-0.018645994031248964,-276.2888619531216,3.711138046878316,,0.11146279388450425,0.004945483115335005,-137.28620510579253,2.713794894207457,-0.997343152670859,-0.980615750755661,True,0.980615750755661,sine
10,2.3756124267412626,0.021073424043350827,-276.2074492971424,3.7925507028575542,,-0.11312487238447402,-0.0002857157266635442,-137.40607112224484,2.593928877755148,-1.198621825102406,-0.9814719365874632,True,0.9814719365874632,sine
11,2.3107192365318876,0.008543928987362798,-276.17461793593276,3.8253820640671896,,-0.0656906156828112,-0.014951099142163783,-137.3335277408179,2.6664722591820498,-1.1589098048851396,-0.9809537695772711,True,0.9809537695772711,sine
12,2.4386606173702443,0.01156153395923,-278.3208869698183,1.6791130301816948,,-0.020204667321103764,0.011587024997270134,-138.8434679844549,1.1565320155451004,-0.5225810146365942,-0.9917390570318207,True,0.9917390570318207,sine
13,2.313563522775358,-0.013677202236092256,-275.46510923895073,4.534890761049242,,0.06692054782999025,-0.017110719672184884,-136.7469732590011,3.253026740998876,-1.281864020050367,-0.9767640947071509,True,0.9767640947071509,sine
14,2.469443297381994,-0.031450750000071755,-270.1284556082726,9.871544391727355,,0.03913300144174101,0.029297852173547943,-132.82670170120616,7.173298298793821,-2.6982460929335326,-0.9487621550086156,True,0.9487621550086156,sine
15,2.4368879274312927,-0.0014209178789833965,-279.4277628592242,0.5722371407758078,,0.03874324041728645,0.003754913830136185,-139.5806200404184,0.4193799595815721,-0.15285718119423572,-0.9970044288601316,True,0.9970044288601316,sine
16,2.500628818692856,0.004589300269033831,-275.7196727162984,4.280327283701524,,-0.002268815567678,0.019386440815318023,-136.99512102957502,3.004878970424949,-1.2754483132765753,-0.978536578782679,True,0.978536578782679,sine
17,2.355542132226308,-0.01948278119463381,-276.15884876705695,3.8411512329430026,,0.09201095619261093,-0.011543022531341011,-137.21407275627752,2.785927243722448,-1.0552239892205546,-0.9801005196876968,True,0.9801005196876968,sine
18,2.4525224037750974,-0.007512981003841308,-278.42262936333987,1.5773706366600906,,0.07079450280265843,0.004067666883383271,-138.84635696727614,1.1536430327238365,-0.42372760393625414,-0.9917596926234011,True,0.9917596926234011,sine
19,2.3611200839000017,0.011948923981441558,-278.2411531321977,1.758846867802224,,-0.07678360688127253,-0.0003621442203499248,-138.79819735924966,1.20180264075031,-0.5570442270519141,-0.9914156954232121,True,0.9914156954232121,sine
20,2.331327452065414,-0.02473188827414541,-273.1887096188709,6.811290381129037,,0.15440590335976137,-0.0045236462119047005,-135.04383613079176,4.95616386920822,-1.8551265119208176,-0.9645988295056556,True,0.9645988295056556,sine
21,2.3311457152053623,0.016384300856154707,-275.92172366130393,4.078276338696005,,-0.09823980390796856,-0.010351318334002818,-137.18340141683092,2.816598583169069,-1.261677755526937,-0.9798814386916495,True,0.9798814386916495,sine
0,2.4302108526754376,0.028148083468941803,-273.29436065751463,6.705639342485328,,-0.1505932522095615,-0.001031708279435928,-135.42878845261814,4.571211547381834,-2.1344277951034942,-0.9673484889472727,True,0.9673484889472727,sine
1,2.4185632203764156,-0.026182624871355732,-274.38002023611847,5.619979763881492,,0.1373452233139809,0.006213690713075338,-135.8856430735934,4.1143569264065905,-1.5056228374749012,-0.9706117362399529,True,0.9706117362399529,sine
2,2.446114667008107,0.022701943957680343,-275.01227719465686,4.98772280534311,,-0.11576048435726542,0.00929318220146911,-136.59541914788755,3.4045808521124172,-1.5831419532306932,-0.9756815653420542,True,0.9756815653420542,sine
3,2.4880940778587908,0.0021241843237837467,-276.8071159122399,3.192884087760056,,0.028412883822931105,0.01619123329378152,-137.73970810268835,2.260291897311627,-0.9325921904484291,-0.9838550578763455,True,0.9838550578763455,sine
4,2.43183391168524,0.007255790254605101,-279.1649650513883,0.8350349486116132,,0.001198672538368585,0.00850772433654651,-139.42120334802962,0.5787966519703536,-0.25623829664125963,-0.9958657382002117,True,0.9958657382002117,sine
5,2.4007350196655053,-0.017293554882597387,-277.6095078404257,2.3904921595742836,,0.08272754243766256,-0.006666504588744712,-138.25190745386317,1.7480925461368184,-0.6423996134374653,-0.9875136246704513,True,0.9875136246704513,sine
6,2.370812625805985,0.008542503443811807,-279.0684717227147,0.931528277285213,,-0.055327207193551456,0.0008740253149557872,-139.36916349378197,0.630836506218016,-0.30069177106719697,-0.9954940249555856,True,0.9954940249555856,sine
7,2.4915173785024907,0.0407428025799479,-263.3273585135835,16.67264148641649,,0.023668131709137962,-0.03746230766173192,-128.6686992090976,11.331300790902375,-5.341340695514117,-0.9190621372078401,True,0.9190621372078401,sine
8,2.4261487640787514,0.004235809388972443,-279.5770220615826,0.42297793841731046,,0.01028012726526252,0.0058618827372632935,-139.7037521788676,0.296247821132379,-0.1267301172849314,-0.9978839441347688,True,0.9978839441347688,sine
9,2.4388756331647348,-0.023207180869269782,-275.0779152075515,4.922084792448473,,0.1258073538894247,0.00707665721000231,-136.39947652796036,3.600523472039632,-1.3215613204088412,-0.9742819751997169,True,0.9742819751997169,sine
10,2.3569844153000172,-0.02035867452855969,-275.93140517212316,4.068594827876797,,0.09999575880221595,-0.010748826795291823,-137.0461796113551,2.953820388644886,-1.114774439231911,-0.9789012829382508,True,0.9789012829382508,sine
11,2.3349081587074814,-0.018675403180514895,-275.4845471199807,4.515452880019299,,0.0948428236389678,-0.013404298785305854,-136.73609205851136,3.2639079414886067,-1.2515449385306925,-0.97668637184651,True,0.97668637184651,sine
12,2.3668162626035345,0.02275732522465422,-275.4106469105032,4.589353089496731,,-0.12150327481708457,-0.0044419072557801255,-136.85494899238816,3.1450510076118072,-1.4443020818849237,-0.97753534994563,True,0.97753534994563,sine
13,2.3962270121954585,0.002390248721169363,-279.9485134816279,0.051486518372025676,,-0.010104838381022087,0.0011031278597987688,-139.96939013770515,0.030609862294830755,-0.02087665607719492,-0.9997813581264655,True,0.9997813581264655,sine
14,2.4663822684198364,0.014389664476054513,-276.54817169861434,3.451828301385601,,-0.04577028487674297,0.0156285711296033,-137.61998453722595,2.3800154627740424,-1.0718128386115584,-0.982999889551614,True,0.982999889551614,sine
15,2.372850632167254,-0.02686971130759342,-273.9282459811571,6.071754018842854,,0.14847662464636552,-2.8649197101248927e-05,-135.56260751103397,4.43739248896599,-1.634361529876864,-0.9683043393645286,True,0.9683043393645286,sine
16,2.424578460277164,0.02527132318378244,-274.64869786755753,5.351302132442447,,-0.13220859515279118,0.0038687177402657973,-136.3503987106063,3.649601289393681,-1.7017008430487657,-0.9739314193614736,True,0.9739314193614736,sine
17,2.3625833752247285,0.005235010934495141,-279.2088260118421,0.7911739881578383,,-0.04985770736136545,-0.0019799358047163317,-139.46113759118154,0.5388624088184291,-0.2523115793394093,-0.996150982794154,True,0.996150982794154,sine
18,2.2442352613472503,0.00490000255853619,-270.0564131026482,9.943586897351743,,0.1380839304406964,-0.020002276343725717,-132.9560526759818,7.043947324018196,-2.8996395733335483,-0.9496860905427271,True,0.9496860905427271,sine
19,2.292173296074443,0.00559089882849263,-275.0340438866711,4.965956113328857,,-0.028096904545791366,-0.02038950365899145,-136.51591277658812,3.4840872234118665,-1.48186888991699,-0.9751136626899153,True,0.9751136626899153,sine
20,2.4289646294199208,-0.01291056116017884,-278.3248080796072,1.6751919203927714,,0.07683388696928141,-0.0019254228389086303,-138.76804929089178,1.2319507091081976,-0.4432412112845737,-0.9912003520777986,True,0.9912003520777986,sine
21,2.37329226458575,0.03289605042356581,-271.0593438294143,8.940656170585692,,-0.10992545515493533,-0.021461891218530482,-133.86864979788862,6.131350202111352,-2.809305968474339,-0.9562046414134904,True,0.9562046414134904,sine
0,2.4828631124243294,0.012947584247973553,-275.8652763056924,4.134723694307511,,-0.0462678321997411,0.01740926950078791,-137.14044889355333,2.8595511064466566,-1.2751725878608549,-0.9795746349539525,True,0.9795746349539525,sine
1,2.4230696323179535,-0.00024326946309805118,-279.78189197134486,0.21810802865511952,,0.02337378501343093,0.0025048362411153086,-139.83814927896674,0.16185072103324602,-0.0562573076218735,-0.9988439234211911,True,0.9988439234211911,sine
2,2.388680856296871,0.004243944122749158,-279.8036392950098,0.19636070499016114,,-0.023377642729976267,0.0013779566134051627,-139.87308279930346,0.12691720069652943,-0.0694435042936317,-0.9990934485664533,True,0.9990934485664533,sine
3,2.46251692115677,-0.0003029029738510813,-278.4049591655203,1.5950408344796327,,0.047771221607487674,0.009217983349649218,-138.8548638946946,1.1451361053053608,-0.44990472917427193,-0.991820456390676,True,0.991820456390676,sine
4,2.3918524709063864,-0.014272442671885217,-278.3447670836867,1.6552329163132853,,0.056888766314334024,-0.008286108406039806,-138.79083428393741,1.2091657160625569,-0.4460672002507285,-0.9913631020281246,True,0.9913631020281246,sine
5,2.4083324817770797,-0.03629466462948452,-269.4431543749874,10.556845625012553,,0.08709019995246925,0.02783152603055315,-132.26627648007323,7.733723519926761,-2.8231221050857913,-0.9447591177148088,True,0.9447591177148088,sine
6,2.3773523773855425,0.017289190247437063,-277.4011867547088,2.5988132452911485,,-0.09205780739904383,0.002527410621414371,-138.226198208804,1.7738017911959953,-0.8250114540951532,-0.9873299872057429,True,0.9873299872057429,sine
7,2.3792703323283995,0.0432956721191694,-264.84233845806693,15.157661541933017,,0.09455428780261976,-0.032791274890254754,-129.58916791568387,10.410832084316107,-4.74682945761691,-0.9256369136834564,True,0.9256369136834564,sine
8,2.3701072455247933,-0.008520192033946583,-279.0544878071105,0.9455121928894602,,0.009573530350984913,-0.009106504979216954,-139.31845495639254,0.6815450436074271,-0.263967149282033,-0.9951318211170898,True,0.9951318211170898,sine
9,2.4719699372391384,0.007106388933502336,-277.4854344168612,2.5145655831387614,,0.008503811758440914,0.014786564419267756,-138.23772536482244,1.7622746351775465,-0.7522909479612149,-0.9874123240344461,True,0.9874123240344461,sine
10,2.412246466559378,-0.0028627810406615804,-279.8731513760768,0.1268486239231624,,0.021814682961714703,-0.0005431801672682245,-139.90033732659182,0.09966267340814275,-0.02718595051501965,-0.9992881237613704,True,0.9992881237613704,sine
11,2.4216286937112494,0.04687417766340942,-262.2478276074579,17.75217239254205,,0.16000829514656217,-0.029617666768038998,-127.84886610482181,12.151133895178175,-5.6010384973638745,-0.913206186463013,True,0.913206186463013,sine
12,2.4096557376471295,-0.011479812650460943,-278.90857140247476,1.0914285975252132,,0.053994503834431246,-0.00512075796610635,-139.19536124236535,0.8046387576346273,-0.2867898398905859,-0.9942525803026098,True,0.9942525803026098,sine
13,2.35005186471364,0.004848891601592446,-278.79334351195484,1.206656488045096,,-0.056883992093641436,-0.004622030811670305,-139.16895802307147,0.8310419769284965,-0.3756145111165996,-0.9940639858790822,True,0.9940639858790822,sine
14,2.3927544365789375,0.014662326752880858,-278.26028217685774,1.7397178231422041,,-0.066458043514119,0.005939938886565126,-138.81751000299107,1.1824899970089011,-0.557227826133303,-0.9915536428785079,True,0.9915536428785079,sine
15,2.407416033956806,-0.003694595823018616,-279.86840516576785,0.1315948342320818,,0.019957280974449102,-0.0016518730684356264,-139.896746515153,0.10325348484696865,-0.02834134938511314,-0.999262475108236,True,0.999262475108236,sine
16,2.521859667262365,-0.009297611811913381,-273.2996558416351,6.700344158364813,,0.008743911394581281,0.024385299208943997,-135.23172364310736,4.768276356892617,-1.9320678014721964,-0.9659408831650528,True,0.9659408831650528,sine
17,2.2666202572315903,-0.012286171368337305,-271.60957822194354,8.390421778056409,,0.1523424941782052,-0.01303158638233395,-133.97518776825206,6.024812231747929,-2.3656095463084794,-0.9569656269160862,True,0.9569656269160862,sine
18,2.4897933228970364,0.010114267328784692,-275.9033310880664,4.096668911933545,,-0.029236957991631132,0.018288284304430188,-137.1521076723426,2.847892327657387,-1.248776584276158,-0.9796579119453044,True,0.9796579119453044,sine
19,2.4660804712285134,-0.02434214345389779,-273.4835208944229,6.516479105577043,,0.10518438970973547,0.017696313376048396,-135.25226535942753,4.74773464057244,-1.768744465004603,-0.9660876097101968,True,0.9660876097101968,sine
20,2.3996258695899972,-0.016464629502771326,-277.83332376932583,2.1666762306741414,,0.07638036409041356,-0.007041753337024544,-138.4154561082555,1.5845438917444699,-0.5821323389296713,-0.9886818293446824,True,0.9886818293446824,sine
21,2.1902262375000454,-0.020911263270071534,-259.06964163258345,20.93035836741649,,-0.12083254975069183,0.039410254010123234,-124.63160394429408,15.368396055705889,-5.561962311710601,-0.8902257424592437,True,0.8902257424592437,sine
0,2.359930276071024,0.03262506178771908,-270.8368504206412,9.163149579358725,,-0.09183497450109528,-0.023941929603696697,-133.70414470825978,6.295855291740202,-2.8672942876185226,-0.9550296050589986,True,0.9550296050589986,sine
1,2.260091061982395,0.011389891580280408,-271.06887777402875,8.931122225971187,,0.07099500243869895,-0.025634450945855817,-133.72080313223304,6.27919686776694,-2.651925358204247,-0.9551485938016647,True,0.9551485938016647,sine
2,2.4720383944468205,0.03351443677724304,-268.90782313282216,11.092176867177784,,-0.15701312674046478,-0.01799646299666567,-132.45856307628299,7.541436923717001,-3.550739943460783,-0.9461325934020214,True,0.9461325934020214,sine
3,2.339864937579667,0.018108974709677778,-275.90355217649824,4.096447823501721,,-0.10521795188203331,-0.008488985594053774,-137.1777910748763,2.8222089251236864,-1.274238898378035,-0.9798413648205451,True,0.9798413648205451,sine
4,2.361795716385501,0.0016819089040308907,-279.3809362098617,0.6190637901382243,,-0.03811224047479262,-0.004010021835255386,-139.57468600220835,0.42531399779162116,-0.19374979234660322,-0.996962042872917,True,0.996962042872917,sine
5,2.3019896976055865,0.00962438779529104,-275.35741501725624,4.642584982743691,,-0.05695173217269434,-0.017961205754027872,-136.75973588488336,3.240264115116622,-1.4023208676270693,-0.9768552563205956,True,0.9768552563205956,sine
6,2.442434662477704,-0.020799076074035496,-275.80678796154035,4.193212038459609,,0.11856043708386935,0.005262156329240675,-136.93282459654932,3.067175403450659,-1.12603663500895,-0.9780916042610667,True,0.9780916042610667,sine
7,2.5355458514134543,0.009080126277795078,-271.92498026042,8.075019739579972,,-0.12001322834003882,0.018251135046469413,-134.4223929910235,5.5776070089765035,-2.497412730603468,-0.9601599499358822,True,0.9601599499358822,sine
8,2.33663699723789,-0.004432324662258792,-278.2053589633004,1.7946410366995553,,-0.021486623913948975,-0.012121031383922608,-138.7313566570004,1.2686433429995998,-0.5259976936999555,-0.9909382618357171,True,0.9909382618357171,sine
9,2.467587319849797,-0.03415473286823284,-268.81396065981704,11.186039340182907,,-0.000276648829982494,0.03187457158381782,-131.87977307279453,8.120226927205447,-3.0658124129774587,-0.9419983790913896,True,0.9419983790913896,sine
10,2.403015582444973,0.0003422202756198194,-279.995343858882,0.004656141117938458,,0.002855236925912459,0.0005037329682620537,-139.99630443830975,0.0036955616902311027,-0.0009605794277073554,-0.9999736031307841,True,0.9999736031307841,sine
11,2.5147480358847254,-0.008561023689308698,-274.0792049002905,5.920795099709466,,0.027796154765506453,0.022552298217627977,-135.77705628007945,4.2229437199205275,-1.6978513797889385,-0.969836116286282,True,0.969836116286282,sine
12,2.431261121077311,0.013903208077655166,-278.05557179392963,1.9444282060703406,,-0.038847201802886554,0.011317138434839226,-138.66801106168347,1.3319889383165135,-0.612439267753827,-0.9904857932977392,True,0.9904857932977392,sine
13,2.5162025397851284,0.027040072174508253,-268.68642405299727,11.313575947002693,,-0.185002480262286,-0.010361926863280755,-132.3133114609946,7.686688539005355,-3.6268874079973377,-0.9450950818642474,True,0.9450950818642474,sine
14,2.330274083219835,0.016106863602232117,-275.9447008076296,4.055299192370374,,-0.0972543198331187,-0.010494097498458027,-137.19847400718456,2.801525992815434,-1.2537731995549395,-0.9799891000513183,True,0.9799891000513183,sine
15,2.3556507856573234,0.021476311196683105,-275.51017779413934,4.4898222058606185,,-0.11676800162030213,-0.006341201418733297,-136.9173060996676,3.0826939003323717,-1.4071283055282469,-0.9779807578547688,True,0.9779807578547688,sine
16,2.396639351462131,0.028262122905530967,-273.6114489160712,6.388551083928749,,-0.1423648500826931,-0.00592430624081745,-135.634622435,4.365377564999979,-2.02317351892877,-0.9688187316785716,True,0.9688187316785716,sine
17,2.4556749167572542,-0.01916578872521136,-275.7989822209031,4.201017779096856,,0.1125956899908617,0.007898763880155268,-136.93205409764045,3.067945902359542,-1.1330718767373138,-0.9780861006974318,True,0.9780861006974318,sine
18,2.4395980415273844,-0.011631961509106132,-278.277887420214,1.722112579786009,,0.07878294381420328,0.00041314956391329564,-138.7348220391214,1.2651779608785554,-0.45693461890745374,-0.9909630145651531,True,0.9909630145651531,sine
19,2.455573386074878,-0.0029587301283753495,-278.66945317539694,1.3305468246030152,,0.05579793124468886,0.006426514901621126,-139.03452974675287,0.9654702532471147,-0.36507657135590066,-0.9931037839053778,True,0.9931037839053778,sine
20,2.4956541120395825,-0.010969561838883927,-275.3201359263968,4.679864073603142,,0.06932440237508525,0.017294612642796362,-136.62986803993016,3.3701319600698247,-1.3097321135333169,-0.9759276288566441,True,0.9759276288566441,sine
21,2.3438426473235214,0.018416732597057797,-276.00200988123686,3.9979901187631035,,-0.10684964988673182,-0.007383451477673615,-137.24841320158703,2.7515867984129523,-1.246403320350151,-0.9803458085827647,True,0.9803458085827647,sine
0,2.5066511756939414,0.003942976118936297,-275.26103616909853,4.73896383090145,,-0.008407599978325585,0.02035579441370585,-136.6738134867286,3.3261865132713804,-1.4127773176300693,-0.9762415249052044,True,0.9762415249052044,sine
1,2.402430241486224,0.010222473094984584,-279.16238374917896,0.8376162508210075,,-0.03478491353534599,0.006311460843911584,-139.43434805629158,0.5656519437084031,-0.27196430711260444,-0.9959596289735114,True,0.9959596289735114,sine
2,2.419107746533109,0.04025224994526685,-266.9010024507355,13.098997549264412,,-0.04196631872763032,-0.032781079057225736,-131.05157229460056,8.94842770539941,-4.150569843865002,-0.9360826592471471,True,0.9360826592471471,sine
3,2.2434068332360386,0.0104377329776682,-269.27541455297103,10.724585447028948,,0.1423997347907863,-0.020880876702396106,-132.42837752832943,7.571622471670543,-3.152962975358405,-0.9459169823452104,True,0.9459169823452104,sine
4,2.404722452552273,0.014644143673049602,-278.27689358791974,1.7231064120802393,,-0.05785283109516282,0.007822821963111654,-138.82796440920905,1.1720355907909321,-0.5510708212893072,-0.9916283172086362,True,0.9916283172086362,sine
5,2.481590028148586,-0.005699813667118889,-277.03027488729396,2.9697251127059947,,0.06717947512723313,0.012348263063041466,-137.86123194064947,2.1387680593504994,-0.8309570533554952,-0.9847230852903536,True,0.9847230852903536,sine
6,2.341532617648193,-0.018468113253436613,-275.8790608089349,4.120939191065005,,0.08813129233816232,-0.013236690071799662,-137.0199105607623,2.980089439237691,-1.140849751827313,-0.9787136468625879,True,0.9787136468625879,sine
7,2.456487134734744,-0.00214414784910356,-278.6609785228899,1.3390214771100788,,0.05315627774918979,0.007006635150052717,-139.03086281494114,0.9691371850588415,-0.3698842920512372,-0.993077591535294,True,0.993077591535294,sine
8,2.370223364034296,-0.007218316753886755,-279.2210799903905,0.7789200096094784,,0.0029918695790285264,-0.00835726665898864,-139.43994684184057,0.5600531581594044,-0.21886685145007406,-0.9959996202988614,True,0.9959996202988614,sine
9,2.285303460418652,-0.0014677127594713286,-274.6525032032489,5.347496796751072,,0.02016601028528134,-0.021514130815456133,-136.21748644811015,3.7825135518898385,-1.564983244861233,-0.9729820460579297,True,0.9729820460579297,sine
10,2.3319888861876286,0.004852230812598171,-277.9259652844172,2.0740347155827688,,-0.06257369157105755,-0.008968720672333438,-138.55850760196557,1.4414923980344025,-0.6325423175483662,-0.9897036257283257,True,0.9897036257283257,sine
11,2.2132584968853206,0.008183082570890414,-265.55626804920115,14.443731950798801,,0.22814062724814843,0.002325016175142683,-129.70538742391685,10.294612576083138,-4.149119374715664,-0.9264670530279776,True,0.9264670530279776,sine
12,2.386333853818863,0.014670173336796065,-278.20352594680764,1.7964740531922974,,-0.07129087013332797,0.004823355889670437,-138.77833729006377,1.2216627099361894,-0.5748113432561082,-0.9912738377861701,True,0.9912738377861701,sine
13,2.2992078542363035,0.014519303399684024,-274.1898619444465,5.8101380555534545,,-0.05657175983987729,-0.020604954161664742,-135.9536160687368,4.04638393126318,-1.7637541242902743,-0.9710972576338345,True,0.9710972576338345,sine
14,2.5030087352456127,0.0077982801233693515,-275.2066822003556,4.793317799644363,,-0.030166129274984792,0.01987054829496115,-136.65827082427052,3.3417291757294607,-1.4515886239149025,-0.9761305058876467,True,0.9761305058876467,sine
15,2.3642027805125525,0.005184997513829495,-279.26139887674077,0.7386011232591884,,-0.048416708012179614,-0.0017150500075570204,-139.49782428509297,0.5021757149069923,-0.23642540835219603,-0.9964130306078072,True,0.9964130306078072,sine
16,2.352039782625283,0.009606531961830197,-278.32301860619987,1.6769813938001052,,-0.07314525719195157,-0.0027428929647327865,-138.84977929510427,1.1502207048956952,-0.5267606889044101,-0.9917841378221736,True,0.9917841378221736,sine
17,2.430357485324051,0.010454323485768958,-278.74973278072736,1.2502672192726008,,-0.016643556909627037,0.010021022225325998,-139.14074470971403,0.8592552902859583,-0.39101192898664255,-0.9938624622122432,True,0.9938624622122432,sine
18,2.4282551144333384,0.010610192541941458,-278.77383789362824,1.226162106371718,,-0.01864656174362298,0.009817796808430696,-139.15851634790172,0.8414836520982518,-0.3846784542734663,-0.9939894024850124,True,0.9939894024850124,sine
19,2.347641936597206,-0.0008972190228255594,-278.8743497914269,1.1256502085730902,,-0.03638885051538086,-0.008039216139225994,-139.21287301651208,0.7871269834878969,-0.3385232250851932,-0.9943776644036578,True,0.9943776644036578,sine
20,2.5110888618871074,-0.0012604193592315486,-274.9841009334082,5.015899066591772,,0.012550287396956926,0.020975471233325632,-136.45135532150897,3.548644678491011,-1.4672543881007618,-0.9746525380107784,True,0.9746525380107784,sine
21,2.2758657647159106,0.014563334871860026,-272.0715538443615,7.92844615563843,,0.013513927976412824,-0.026257314014158713,-134.4522995671496,5.547700432850391,-2.380745722788039,-0.9603735683367829,True,0.9603735683367829,sine
0,2.347595062924205,-0.021272599122093318,-275.26202255908595,4.737977440914019,,0.11260055068027496,-0.010428791189607094,-136.5612317994362,3.438768200563778,-1.2992092403502413,-0.975437369995973,True,0.975437369995973,sine
1,2.3984582810630473,0.02682065581930143,-274.24969545242135,5.7503045475786,,-0.13844824030120034,-0.002773287698883024,-136.07224122164013,3.927758778359861,-1.8225457692187395,-0.9719445801545724,True,0.9719445801545724,sine
2,2.3470158904282314,0.003655115001574249,-278.74713616540294,1.2528638345970295,,-0.05412218352068892,-0.005794053983315683,-139.13381415357233,0.86618584642766,-0.38667798816936955,-0.9938129582398024,True,0.9938129582398024,sine
3,2.338846970249214,-0.005471691044050278,-278.2350213543949,1.7649786456050562,,-0.01587313680778325,-0.012248508400496676,-138.7494020048108,1.2505979951891693,-0.5143806504158871,-0.9910671571772203,True,0.9910671571772203,sine
4,2.5184027797707027,0.0037566112767435235,-274.21045705836735,5.789542941632588,,-0.033045870756642885,0.021887009050272896,-135.94810922576565,4.051890774234326,-1.7376521673982614,-0.9710579230411834,True,0.9710579230411834,sine
5,2.3032507004375833,0.046021576979296146,-259.2689880787341,20.731011921265875,,0.262101443581758,0.011630173181005567,-125.54951344536076,14.450486554639221,-6.2805253666266525,-0.8967822388954341,True,0.8967822388954341,sine
6,2.2517947729469223,0.021962865797694704,-267.30183893279474,12.69816106720521,,0.16435665257990809,-0.02090314106965086,-131.09002921521585,8.909970784784134,-3.7881902824210747,-0.9363573515372562,True,0.9363573515372562,sine
7,2.27828720600325,0.019804730220776515,-270.870038938492,9.129961061507958,,0.02800043851470205,-0.02787994499969116,-133.62728110321677,6.372718896783193,-2.7572421647247656,-0.9544805793086915,True,0.9544805793086915,sine
8,2.2836849435452984,0.03659041912861422,-263.81898733846515,16.18101266153479,,0.22046089986631717,-0.014501576229998012,-128.7225472143663,11.277452785633683,-4.9035598759011085,-0.9194467658169022,True,0.9194467658169022,sine
9,2.465949826922745,-0.02357807893985118,-273.78316827362835,6.216831726371579,,0.10730992196453797,0.016568984632227057,-135.47012519158744,4.529874808412535,-1.6869569179590445,-0.9676437513684819,True,0.9676437513684819,sine
10,2.3347464391805675,0.0007820823593081439,-278.2586123925911,1.7413876074088384,,-0.04633611149708442,-0.00987113855498333,-138.78274835626337,1.217251643736618,-0.5241359636722202,-0.9913053454018813,True,0.9913053454018813,sine
11,2.2599157242295655,0.03478495040380513,-262.4154381195095,17.584561880490472,,0.2511148311739516,-0.0004385852441639044,-127.67653208287567,12.323467917124315,-5.261093963366157,-0.9119752291633977,True,0.9119752291633977,sine
12,2.511140429518,0.01813583994138677,-272.3634155637832,7.636584436216757,,-0.14104724590811096,0.01235064855905483,-134.77015638111519,5.229843618884789,-2.406740817331967,-0.9626439741508229,True,0.9626439741508229,sine
13,2.3341726678813277,0.041408933458978905,-264.5283150259386,15.471684974061345,,0.15659424058387714,-0.02685592831449029,-129.30854909327127,10.691450906728708,-4.7802340673326364,-0.9236324935233664,True,0.9236324935233664,sine
14,2.486248001295295,-0.021832590604530376,-273.16370375395303,6.836296246046919,,0.0788729069309659,0.021484778958425804,-135.04404179248255,4.955958207517433,-1.8803380385294852,-0.9646002985177327,True,0.9646002985177327,sine
15,2.4416186229120815,0.009934298407508072,-278.50353644219285,1.4964635578071233,,-0.008886629970516709,0.011292165548131764,-138.9647094390804,1.035290560919596,-0.46117299688752733,-0.9926050674220029,True,0.9926050674220029,sine
16,2.2963466083781694,-0.016081450846100086,-273.57212374957436,6.427876250425577,,0.11971538477835052,-0.014692989366797195,-135.3735664840505,4.626433515949467,-1.8014427344761101,-0.9669540463146467,True,0.9669540463146467,sine
17,2.3736029414636515,0.010311936184128581,-278.86520807729715,1.1347919227027776,,-0.06021726579659004,0.0019267209712481772,-139.2305911744301,0.7694088255698895,-0.365383097132888,-0.9945042226745008,True,0.9945042226745008,sine
18,2.411595442789164,0.0059596535076445875,-279.66113107424746,0.3388689257524705,,-0.008336984170932992,0.005181667410369053,-139.7711897889827,0.22881021101728244,-0.11005871473518809,-0.9983656413498766,True,0.9983656413498766,sine
19,2.427595374515896,-0.007936619576123818,-279.1852087651177,0.8147912348822617,,0.05402052881045356,-0.0010695478206051666,-139.3952245876218,0.6047754123781589,-0.21001582250410278,-0.9956801756258703,True,0.9956801756258703,sine
20,2.308535893545429,-0.012303344035529585,-275.3887008727895,4.611299127210442,,0.06084591532226909,-0.01784922790121679,-136.69843071712765,3.3015692828723404,-1.309729844338102,-0.9764173622651976,True,0.9764173622651976,sine
21,2.290214777654611,0.02854206029514727,-268.60148708213404,11.398512917865904,,0.06791284869732482,-0.02956439766514453,-132.07397501558034,7.926024984419645,-3.4724879334462586,-0.9433855358255739,True,0.9433855358255739,sine
0,2.427284582953804,-0.02971669340305041,-272.63765458250936,7.362345417490593,,-0.13457532980094838,-0.0247392436295902,-131.45257949355857,8.547420506441405,1.1850750889508113,-0.9389469963825614,True,0.9389469963825614,ease_in_quad
1,2.2933667879029347,-0.0137920465951458,-273.8665127937104,6.133487206289562,,-0.15292562772995,0.013112660369305383,-133.92305411650113,6.076945883498854,-0.05654132279070755,-0.9565932436892939,True,0.9565932436892939,ease_in_quad
2,2.311885892006474,0.0030326118931013543,-276.76824720548285,3.2317527945171083,,0.020818892618902112,0.014761128016717645,-138.1698965397255,1.8301034602744854,-1.4016493342426228,-0.9869278324266109,True,0.9869278324266109,ease_in_quad
3,2.482189903752665,-0.003228109594267526,-277.166845220013,2.833154779986944,,-0.09880824967587114,-0.01329371718233979,-136.60475482878894,3.3952451712110356,0.5620903912240918,-0.975748248777064,True,0.975748248777064,ease_in_quad
4,2.3532452091330107,0.033360716266864925,-270.21208722181456,9.78791277818537,,0.08503706277376942,0.01974658704651133,-135.41219989974616,4.587800100253818,-5.2001126779315525,-0.9672299992839013,True,0.9672299992839013,ease_in_quad
5,2.3979347730946454,0.0383628828871342,-268.2357158552334,11.76428414476652,,0.09543169962153564,0.021384675203546692,-134.49454433889701,5.505455661102955,-6.258828483663565,-0.9606753167064075,True,0.9606753167064075,ease_in_quad
6,2.466185764926228,0.005674061278596828,-277.95637558372067,2.0436244162793074,,-0.0677985884826041,-0.011535395076941377,-137.9994193015937,2.0005806984062775,-0.04304371787302951,-0.9857101378685266,True,0.9857101378685266,ease_in_quad
7,2.358349475537556,-0.013766328468463542,-277.77656826209386,2.2234317379061155,,-0.08702831037570823,0.012923542620409127,-137.1244616295248,2.8755383704751774,0.6521066325690618,-0.9794604402108916,True,0.9794604402108916,ease_in_quad
8,2.4276129418326624,0.023696360476709147,-275.20036780880383,4.799632191196128,,0.05705029419650289,-0.010781068686672005,-138.4068731193794,1.59312688062057,-3.206505310575558,-0.9886205222812816,True,0.9886205222812816,ease_in_quad
9,2.3911945612514995,0.01187402307718682,-278.8414113868022,1.1585886131977492,,0.0030421155290011833,-0.004070050065262037,-139.86571007669647,0.13428992330350267,-1.0242986898942466,-0.9990407862621178,True,0.9990407862621178,ease_in_quad
10,2.4233189776082,0.003021402272436903,-279.7046750243038,0.2953249756961566,,-0.05701811997782174,-0.002091541515487705,-139.301628197817,0.698371802182972,0.40304682648681533,-0.9950116299844074,True,0.9950116299844074,ease_in_quad
11,2.3649319780425477,-0.04189515511847231,-265.4690315841225,14.530968415877453,,0.088186156131974,-0.03965025605855701,-125.85307209015564,14.146927909844338,-0.38404050603311396,-0.8989505149296833,True,0.8989505149296833,ease_in_quad
12,2.461238544065621,0.016448877473016855,-276.30757630963217,3.6924236903677654,,-0.0025967987650911775,-0.015143892316072613,-138.16565793162806,1.8343420683719056,-1.8580816219958596,-0.9868975566544864,True,0.9868975566544864,ease_in_quad
13,2.401367569785272,0.01235060014093874,-278.78009165432024,1.219908345679693,,-0.004523094527244607,-0.005506570955283558,-139.7534665030389,0.24653349696106527,-0.9733748487186278,-0.9982390464502781,True,0.9982390464502781,ease_in_quad
14,2.352269415122841,-0.0001516844844287652,-279.06937854331073,0.9306214566892459,,0.0013042555512904376,0.008316838194726837,-139.44681757575583,0.5531824242441507,-0.3774390324450952,-0.9960486969696847,True,0.9960486969696847,ease_in_quad
15,2.4778865944734507,0.014252522252123171,-275.9057716878762,4.094228312123762,,-0.010744574092132964,-0.01705273691030253,-137.65222409358665,2.347775906413326,-1.7464524057104358,-0.9832301720970477,True,0.9832301720970477,ease_in_quad
16,2.2631355424583472,0.0034990594957497122,-272.34307518648217,7.656924813517775,,-0.0967372446404227,0.022328710580833928,-134.11409160226077,5.885908397739214,-1.7710164157785613,-0.9579577971590056,True,0.9579577971590056,ease_in_quad
17,2.5412933102534563,-0.007830905726058717,-271.46089284684365,8.539107153156321,,0.01511339781363767,-0.02861215656146815,-133.41024355221356,6.589756447786418,-1.9493507053699033,-0.9529303110872399,True,0.9529303110872399,ease_in_quad
18,2.4212802628052272,0.006184190583347337,-279.5091420881288,0.49085791187114824,,-0.04516857004694507,-0.0039030450288236656,-139.46155644569453,0.5384435543054428,0.04758564243429457,-0.996153974612104,True,0.996153974612104,ease_in_quad
19,2.309984231832931,-0.0046825377221580275,-276.529529827945,3.4704701720549687,,-0.029541143540956598,0.01797124016163812,-137.24033504167937,2.7596649583206028,-0.7108052137343659,-0.9802881074405672,True,0.9802881074405672,ease_in_quad
20,2.419523121180813,0.0007184381173416737,-279.83999343072367,0.1600065692763049,,-0.06047535435941301,-0.00012294697591577942,-139.25380267016152,0.7461973298384476,0.5861907605621427,-0.9946700190725826,True,0.9946700190725826,ease_in_quad
21,2.494382252097446,0.0069797073680617425,-275.9900938508784,4.009906149121541,,-0.04435568490101218,-0.018386006120980382,-136.896351517845,3.103648482154961,-0.9062576669665803,-0.9778310822703217,True,0.9778310822703217,ease_in_quad
0,2.4073103014559982,0.012795885139552843,-278.66950174230476,1.3304982576951685,,-0.007655091180661147,-0.006441802316838261,-139.65635392659271,0.3436460734072712,-0.9868521842878972,-0.9975453851899481,True,0.9975453851899481,ease_in_quad
1,2.4003200780429115,-0.010987922346373514,-279.0349970484874,0.9650029515125321,,-0.08929653519415595,0.007337981659861362,-137.94809802453227,2.0519019754676937,1.0868990239551615,-0.9853435573180879,True,0.9853435573180879,ease_in_quad
2,2.3561947781863966,-0.017090073605537208,-276.8817494889505,3.1182505110494536,,-0.11975563710421269,0.011317492100581963,-136.0733571771843,3.92664282281566,0.808392311766206,-0.9719525512656024,True,0.9719525512656024,ease_in_quad
3,2.421781962051372,0.0001543710130980494,-279.8057836035031,0.1942163964968627,,-0.06433624048630297,-0.0001122930970935475,-139.15581622678292,0.8441837732170707,0.649967376720208,-0.9939701159055924,True,0.9939701159055924,ease_in_quad
4,2.418707601412147,-0.01678719636495421,-277.6045212070918,2.3954787929081407,,-0.13749954647114632,0.001313348956827686,-136.17200463070444,3.8279953692955533,1.4325165763874124,-0.9726571759336032,True,0.9726571759336032,ease_in_quad
5,2.3860880268803943,0.007231307267346865,-279.502896782797,0.4971032172029618,,-0.00786550154578349,-0.0006984742036564265,-139.9834470075328,0.01655299246720336,-0.4805502247357585,-0.99988176433952,True,0.99988176433952,ease_in_quad
6,2.3649349563123137,0.005541608895234182,-279.2520120633133,0.7479879366866179,,0.008904989119950153,0.00283323903285596,-139.91962370787203,0.0803762921279461,-0.6676116445586718,-0.9994258836276575,True,0.9994258836276575,ease_in_quad
7,2.541713567503922,-0.011478928110226851,-270.8506323897065,9.149367610293467,,0.023769738286141106,-0.029718905913695724,-132.82546297984442,7.174537020155563,-1.9748305901379044,-0.9487533069988888,True,0.9487533069988888,ease_in_quad
8,2.4114469018793967,-0.013884765484439425,-278.40556823751007,1.5944317624898667,,-0.11582919182041944,0.004799422170771485,-137.09837819574298,2.9016218042569886,1.307190041767122,-0.979274129969593,True,0.979274129969593,ease_in_quad
9,2.3007287940942,-0.0018997662223484211,-275.96857330379686,4.031426696203094,,-0.021167633948782297,0.01893365178496278,-137.04323015676698,2.9567698432329865,-1.0746568529701075,-0.9788802154054786,True,0.9788802154054786,ease_in_quad
10,2.484463349065676,-0.024822303799153237,-272.17219523513296,7.827804764866993,,-0.07196116481721115,-0.029860065943322838,-131.8185503038537,8.181449696146283,0.35364493127928986,-0.9415610735989551,True,0.9415610735989551,ease_in_quad
11,2.5596434659486094,0.006776445457423983,-269.39868854162074,10.601311458379191,,0.10542476363599046,-0.021183794862663304,-134.1583544984138,5.84164550158618,-4.759665956793012,-0.9582739607029559,True,0.9582739607029559,ease_in_quad
12,2.359312393298642,1.5931928905329226e-05,-279.32357945991237,0.6764205400876024,,-0.003267700520989942,0.007235037751994527,-139.57944622963177,0.4205537703681995,-0.2558667697194029,-0.99699604449737,True,0.99699604449737,ease_in_quad
13,2.274183763536637,-0.0025953780431274675,-273.54472936718736,6.455270632812583,,-0.09443437703616886,0.02081431278369222,-134.72513706044907,5.274862939550914,-1.1804076932616694,-0.9623224075746363,True,0.9623224075746363,ease_in_quad
14,2.4139819405487457,0.008525632900111664,-279.3390961867655,0.6609038132344398,,-0.030814701757281193,-0.004577277707253793,-139.638457872001,0.3615421279989793,-0.2993616852354605,-0.9974175562285787,True,0.9974175562285787,ease_in_quad
15,2.224975036798851,0.03177504563229565,-259.6748426214293,20.325157378570626,,-0.12479468519488156,-0.043039236924017135,-122.04548397522147,17.954516024778506,-2.3706413537921223,-0.8717534569658678,True,0.8717534569658678,ease_in_quad
16,2.335545671343284,-0.005751098669582164,-278.04129936000214,1.9587006399977889,,-0.021965140321604643,0.014241752882230212,-138.28026510566315,1.7197348943368365,-0.23896574566095244,-0.9877161793261654,True,0.9877161793261654,ease_in_quad
17,2.2909835049470946,0.008774218562349233,-274.56481358510206,5.435186414897872,,0.016663444548483033,0.019791465505701492,-136.81256571634165,3.187434283658315,-2.247752131239557,-0.9772326122595835,True,0.9772326122595835,ease_in_quad
18,2.4246938311050683,0.015444111383669513,-277.8442974694134,2.1557025305865625,,-0.005331467852720183,-0.009890158406906015,-139.21240505518733,0.787594944812657,-1.3681075857739056,-0.9943743218227667,True,0.9943743218227667,ease_in_quad
19,2.378733069457008,0.006843267296688831,-279.44075026910343,0.5592497308965331,,-0.001339292990793418,0.00035182843803450986,-139.99864378066096,0.0013562193390196163,-0.5578935115575134,-0.999990312719007,True,0.999990312719007,ease_in_quad
20,2.3205077349010894,0.01359369899714361,-275.94995386456947,4.050046135430514,,0.062006375399201945,0.009987891070304684,-138.41846846897752,1.5815315310224598,-2.4685146044080537,-0.9887033462069824,True,0.9887033462069824,ease_in_quad
21,2.414763119107608,-0.010054780504768131,-279.1028305297503,0.897169470249642,,-0.09697871062764973,0.004762150346169491,-137.90819558645015,2.091804413549836,1.1946349433001937,-0.9850585399032155,True,0.9850585399032155,ease_in_quad
0,2.391240920906572,-0.0031476064845979484,-279.8894315868067,0.11056841319323679,,-0.0438041587915539,0.005674237553111131,-139.3507382019724,0.6492617980275697,0.5386933848343329,-0.9953624157283745,True,0.9953624157283745,ease_in_quad
1,2.457116864985502,0.0192587456055502,-275.70420920957037,4.2957907904295825,,0.019533236224643088,-0.014935539652374163,-138.13910542069698,1.8608945793029974,-2.434896211126585,-0.9867078958621215,True,0.9867078958621215,ease_in_quad
2,2.467085245736748,-0.004521038856773612,-278.0016058431416,1.9983941568583399,,-0.10699040143966874,-0.008538324327118037,-137.09539700741533,2.9046029925846617,0.9062088357263217,-0.9792528357672524,True,0.9792528357672524,ease_in_quad
3,2.3185311913566267,-0.017275025616732907,-274.9127879116298,5.087212088370158,,-0.14868261746529368,0.011426444474468264,-134.5069706322349,5.493029367765086,0.40581727939492773,-0.9607640759445351,True,0.9607640759445351,ease_in_quad
4,2.388390220329038,-0.016596317543103135,-277.74344990255247,2.2565500974474997,,-0.1209145549397619,0.007682975533568071,-136.56943784424985,3.4305621557501174,1.1740120583026177,-0.9754959846017849,True,0.9754959846017849,ease_in_quad
5,2.5549970864313893,0.000599801175635976,-270.3396443714821,9.660355628517822,,0.06834289871021908,-0.025388294380039596,-133.8962371768734,6.10376282312659,-3.5565928053912317,-0.9564016941205243,True,0.9564016941205243,ease_in_quad
6,2.3572295593759818,0.02522681768248961,-274.16633237688353,5.8336676231164155,,0.09586760740144505,0.004171825702228,-137.99358390759923,2.0064160924007353,-3.8272515307156802,-0.9856684564828518,True,0.9856684564828518,ease_in_quad
7,2.324674320157356,0.025402856624793815,-272.5308952139057,7.469104786094271,,0.0788102999823933,0.016337064362854203,-136.60213659072485,3.397863409275136,-4.071241376819136,-0.9757295470766062,True,0.9757295470766062,ease_in_quad
8,2.4402166837389627,0.001684204938210034,-279.31645949248565,0.6835405075142997,,-0.07471152385639687,-0.004048873171949354,-138.73189506570247,1.2681049342974977,0.5845644267831981,-0.9909421076121607,True,0.9909421076121607,ease_in_quad
9,2.4108130998971995,0.014199035309313995,-278.34079849637783,1.659201503622105,,-0.003515145762170892,-0.007590708280527199,-139.53695822420377,0.46304177579619354,-1.1961597278259115,-0.996692558744313,True,0.996692558744313,ease_in_quad
10,2.277058812571788,-0.027020643857956578,-268.0492104327305,11.950789567269451,,-0.14066418557133403,-0.032879436880875336,-127.37048049350504,12.629519506494931,0.6787299392254795,-0.909789146382179,True,0.909789146382179,ease_in_quad
11,2.396045553670919,-0.02656106030871012,-274.35502698722837,5.6449730127716125,,-0.17567011636784588,-0.010540764654684797,-132.93994603792027,7.0600539620797225,1.4150809493081107,-0.949571043128002,True,0.949571043128002,ease_in_quad
12,2.363871919360389,-0.02182110076635247,-275.66087504514996,4.33912495485,,-0.16285164652195291,0.004123716488063978,-134.54320325943917,5.4567967405608035,1.117671785710804,-0.9610228804245656,True,0.9610228804245656,ease_in_quad
13,2.3671946447030336,-0.032289389065365416,-271.22714908038176,8.77285091961819,,-0.15156439676413913,-0.02582359521535885,-130.04942958347377,9.950570416526217,1.1777194969080276,-0.9289244970248127,True,0.9289244970248127,ease_in_quad
14,2.4370296124129913,-0.011897453745696401,-278.30830066307345,1.691699336926484,,-0.12299717316464795,-0.0006373172204819848,-136.9362998554077,3.063700144592291,1.372000807665807,-0.9781164275386265,True,0.9781164275386265,ease_in_quad
15,2.37190242165064,-0.043896847731087686,-264.27635114526964,15.723648854730337,,0.14220414990963556,-0.03636262455824577,-125.35630817987875,14.643691820121228,-1.0799570346091079,-0.8954022012848484,True,0.8954022012848484,ease_in_quad
16,2.458557994678896,-0.008011817154091452,-278.08770331448056,1.9122966855194077,,-0.11742641159652283,-0.00601999553183642,-136.9181256812094,3.0818743187905793,1.1695776332711716,-0.9779866120086387,True,0.9779866120086387,ease_in_quad
17,2.481870643812193,0.016822095129526926,-275.00962965006926,4.990370349930693,,0.013918716540314647,-0.017753126737763664,-137.44137829739628,2.55862170260368,-2.4317486473270127,-0.981724130695688,True,0.981724130695688,ease_in_quad
18,2.4751827835394726,0.00596342582689067,-277.4129441463564,2.5870558536435735,,-0.0643793963150691,-0.013711345744592552,-137.6522035868415,2.3477964131584717,-0.23925944048510156,-0.9832300256202966,True,0.9832300256202966,ease_in_quad
19,2.25988598140356,0.011941926801949849,-270.9431059700492,9.056894029950735,,-0.09480687251530664,0.02420630788195331,-133.49038468472847,6.509615315271512,-2.5472787146792224,-0.9535027477480607,True,0.9535027477480607,ease_in_quad
20,2.350479825479494,-0.023350371428203284,-274.6408218236738,5.359178176326168,,-0.17905009021072393,0.0010932392417548815,-133.58419385876027,6.4158061412396945,1.0566279649135266,-0.9541728132768593,True,0.9541728132768593,ease_in_quad
21,2.5555341642496523,-0.012914187649528248,-268.94370683829976,11.05629316170021,,0.07921462499076197,-0.028716784421329612,-132.13137847193187,7.868621528068096,-3.1876716336321147,-0.9437955605137993,True,0.9437955605137993,ease_in_quad
0,2.3795358079481104,-0.002384776557305476,-279.7832792103248,0.21672078967515465,,-0.02956835768048834,0.006486332108803494,-139.48502265665314,0.514977343346847,0.2982565536716923,-0.9963215904046654,True,0.9963215904046654,ease_in_quad
1,2.3919738949643543,0.0008868305259301046,-279.96736269746054,0.03263730253939617,,-0.03185102780330545,0.0030112861222936042,-139.72017241622183,0.27982758377814665,0.24719028123875048,-0.9980012315444418,True,0.9980012315444418,ease_in_quad
2,2.3752233901295825,0.003270451965817459,-279.6634958977203,0.33650410227964583,,-0.007862138978563808,0.003119659413158181,-139.90957257321318,0.09042742678679705,-0.24607667549284878,-0.9993540898086657,True,0.9993540898086657,ease_in_quad
3,2.4962478574926954,-0.003460286921456345,-276.1401877912148,3.859812208785155,,-0.08703485305058646,-0.017739667075068816,-135.94392711065075,4.056072889349243,0.19626068056408727,-0.9710280507903626,True,0.9710280507903626,ease_in_quad
4,2.337581171382709,-0.006013568181023741,-278.121647332654,1.8783526673459723,,-0.023620758709815344,0.014057121209954952,-138.30659870423727,1.6934012957627178,-0.18495137158325448,-0.9879042764588377,True,0.9879042764588377,ease_in_quad
5,2.321244218240262,-0.012814411677399808,-276.1616778630752,3.8383221369247438,,-0.09499841164022584,0.016210885398395047,-136.06581836214323,3.934181637856732,0.09585950093198836,-0.9718987025867376,True,0.9718987025867376,ease_in_quad
6,2.3786999983748087,0.018472603514359053,-277.08715045477356,2.9128495452264103,,0.04703619138545688,-0.004400335361802402,-139.39344027459802,0.6065597254019607,-2.3062898198244497,-0.9956674305328431,True,0.9956674305328431,ease_in_quad
7,2.411615255220624,-0.032062316540959125,-271.7286627528554,8.271337247144519,,-0.12609460792899066,-0.02780224756635679,-130.6074029629546,9.392597037045379,1.1212597899008592,-0.9329100211639616,True,0.9329100211639616,ease_in_quad
8,2.426711153206961,0.0073605364292372065,-279.27526430612,0.7247356938799544,,-0.045322011269121006,-0.005414473555448342,-139.34616939763401,0.6538306023659709,-0.07090509151398354,-0.9953297814116716,True,0.9953297814116716,ease_in_quad
9,2.4742585887366806,-0.010563862430305595,-276.8612993577921,3.1387006422078145,,-0.12261102077983052,-0.012025292348830756,-135.8027568129607,4.197243187039282,1.0585425448314674,-0.970019691521148,True,0.970019691521148,ease_in_quad
10,2.3498754126420773,-0.010533299334292381,-278.0872993141086,1.9127006858913633,,-0.05789845181965822,0.013964554701853364,-137.75740511266255,2.242594887337427,0.32989420144606363,-0.9839814650904469,True,0.9839814650904469,ease_in_quad
11,2.338498177982264,-0.013470511182374256,-277.00664150695167,2.9933584930482966,,-0.08800665633575482,0.014907264910775785,-136.64857378539276,3.3514262146072284,0.3580677215589318,-0.9760612413242341,True,0.9760612413242341,ease_in_quad
12,2.391982525955445,-0.019203004724857805,-277.0264550104105,2.973544989589495,,-0.14268236284126307,0.0045836975051733305,-135.72924158108108,4.270758418918885,1.2972134293293895,-0.969494582722008,True,0.969494582722008,ease_in_quad
13,2.287197058805448,-0.02875403168551407,-268.234559348447,11.765440651552957,,-0.13374532908101053,-0.03337937685218514,-127.48353276703735,12.516467232962633,0.7510265814096757,-0.9105966626216955,True,0.9105966626216955,ease_in_quad
14,2.393844967734789,-0.024933249400265152,-275.0158755684279,4.984124431572106,,-0.17460618669482567,-0.0061022991528159945,-133.60323035038041,6.396769649619556,1.4126452180474507,-0.9543087882170032,True,0.9543087882170032,ease_in_quad
15,2.285828487823086,-0.006090796723624004,-274.4214441112401,5.578555888759872,,-0.09021489883363319,0.019762855708089683,-135.22352664394577,4.776473356054211,-0.802082532705661,-0.9658823331710413,True,0.9658823331710413,ease_in_quad
16,2.5953751905842757,0.006675923557989353,-264.45577217538823,15.544227824611735,,0.19276377607876471,-0.003550127593959274,-132.50148063701428,7.498519362985707,-8.045708461626027,-0.9464391474072449,True,0.9464391474072449,ease_in_quad
17,2.427899771069501,-0.005190549585736691,-279.46641797857575,0.5335820214242318,,-0.08796637241970864,0.0013444898749870274,-138.41168913378857,1.5883108662113934,1.0547288447871614,-0.9886549223842044,True,0.9886549223842044,ease_in_quad
18,2.4530487909930088,-0.014573674491471946,-277.1535925109306,2.8464074890693745,,-0.13781473341154285,-0.0070494048349490765,-135.77134945383122,4.228650546168768,1.3822430570993933,-0.9697953532416517,True,0.9697953532416517,ease_in_quad
19,2.4113815469948765,0.01738817237943481,-277.530513687217,2.469486312782924,,0.014597555346925802,-0.008929708137920548,-139.31910728882704,0.6808927111729308,-1.788593601609993,-0.995136480634479,True,0.995136480634479,ease_in_quad
20,2.44436436450155,-0.004716739115250502,-279.01817913820463,0.9818208617953338,,-0.09933627833725647,-0.0023247196100800926,-137.95291010912337,2.0470898908766,1.0652690290812665,-0.9853779293508814,True,0.9853779293508814,ease_in_quad
21,2.426424110660303,-0.029980866949119313,-272.53049590507294,7.469504094927024,,-0.13298777089689798,-0.025188296576294185,-131.35803039798304,8.641969602016927,1.1724655070899028,-0.9382716456998791,True,0.9382716456998791,ease_in_quad
0,2.4122852112721747,0.009472114952146945,-279.2211765489273,0.7788234510726786,,-0.025839767332550907,-0.005001985261530923,-139.66352466687835,0.336475333121641,-0.4423481179510375,-0.9975966047634168,True,0.9975966047634168,ease_in_quad
1,2.456080375849299,-0.004403829419557464,-278.5613645838927,1.4386354161072277,,-0.1043591552673385,-0.005385096694978466,-137.55820250300633,2.441797496993654,1.003162080886426,-0.9825585893071882,True,0.9825585893071882,ease_in_quad
2,2.3990565902107654,0.009077406749695063,-279.34106550072534,0.6589344992746098,,-0.015094003821508727,-0.003275106050981073,-139.86767744235698,0.1323225576429879,-0.526611941631622,-0.9990548388739786,True,0.9990548388739786,ease_in_quad
3,2.454689249746166,0.00394794899349466,-278.6545512708865,1.3454487291134718,,-0.07378149820320967,-0.008161486507816347,-138.35856487682264,1.6414351231773243,0.29598639406385246,-0.9882754634058762,True,0.9882754634058762,ease_in_quad
4,2.358158412210822,-0.024003678738831937,-274.6796692819778,5.320330718022169,,-0.17988649283559174,-0.0005068691336575845,-133.53310835986477,6.466891640135205,1.1465609221130355,-0.953807916856177,True,0.953807916856177,ease_in_quad
5,2.4977195946602135,0.022738227591263004,-271.9883979518235,8.011602048176414,,0.09002100865296556,-0.01517154140331102,-136.51253383850968,3.487466161490294,-4.52413588668612,-0.9750895274179264,True,0.9750895274179264,ease_in_quad
6,2.3690209374342546,0.020183664197958178,-276.3517159598442,3.6482840401557444,,0.06471078996348113,-0.002322474533928479,-139.10298019242362,0.8970198075763643,-2.75126423257938,-0.9935927156601688,True,0.9935927156601688,ease_in_quad
7,2.271533396368801,-0.00015943241570313548,-273.3290971685247,6.670902831475231,,-0.08525589755894458,0.021715486089379066,-134.7521989035491,5.247801096450886,-1.4231017350243442,-0.9625157064539223,True,0.9625157064539223,ease_in_quad
8,2.4308450736618807,-0.006046536633399528,-279.3188489323368,0.6811510676631883,,-0.09381687930333345,0.0009970408777327385,-138.2032667540864,1.7967332459135914,1.1155821782504032,-0.9871661911006172,True,0.9871661911006172,ease_in_quad
9,2.3320095490369686,0.020192161421817914,-274.8565830683279,5.143416931672056,,0.08145190819091493,0.008287197220195858,-138.10062666990578,1.8993733300941846,-3.2440436015778715,-0.9864330476421844,True,0.9864330476421844,ease_in_quad
10,2.4843196533241656,0.009959536812466148,-276.3137339501263,3.686266049873674,,-0.03605213194973302,-0.01708162785786369,-137.40234911558935,2.5976508844106436,-1.0886151654630303,-0.9814453508256382,True,0.9814453508256382,ease_in_quad
11,2.474538875019282,-0.011634134686731247,-276.6544921584955,3.345507841504479,,-0.12457237339865382,-0.012671804684861832,-135.5781649796285,4.421835020371476,1.0763271788669972,-0.9684154641402037,True,0.9684154641402037,ease_in_quad
12,2.3597775714654117,0.006877897689088185,-278.96085626787664,1.0391437321233075,,0.017883756836853507,0.0027307618481272125,-139.8749962928974,0.1250037071025597,-0.9141400250207478,-0.9991071163778389,True,0.9991071163778389,ease_in_quad
13,2.4724780211379462,0.00813333168590246,-277.33055471125505,2.669445288744894,,-0.05402608963896358,-0.014019836752686261,-137.8332871713132,2.166712828686782,-0.5027324600581123,-0.9845234797950945,True,0.9845234797950945,ease_in_quad
14,2.3711089688614275,-0.006869644133886755,-279.2815674710302,0.7184325289697431,,-0.0420561781664444,0.010051140080932665,-138.8312477574069,1.1687522425930519,0.4503197136233087,-0.991651769695764,True,0.991651769695764,ease_in_quad
15,2.3787270170219577,-0.003325279706578842,-279.7265566399021,0.2734433600978435,,-0.032280314378296496,0.007169712337881421,-139.37617484953637,0.6238251504635975,0.350381790365754,-0.9955441060681172,True,0.9955441060681172,ease_in_quad
16,2.3660344394881583,0.017785987231276928,-277.0001150945633,2.9998849054366503,,0.054461619741456115,-0.0020257008813126783,-139.36182521204807,0.6381747879519138,-2.3617101174847366,-0.9954416086574863,True,0.9954416086574863,ease_in_quad
17,2.563640743324779,-0.013469550299868087,-267.806803248821,12.193196751178963,,0.11112568032023216,-0.026698565051232744,-131.79964743846085,8.200352561539122,-3.9928441896398414,-0.9414260531318634,True,0.9414260531318634,ease_in_quad
18,2.3697675033902903,0.028392968929518588,-273.18316240865704,6.816837591342897,,0.10636962722461375,0.004607587101303868,-137.53503537388275,2.464964626117217,-4.351872965225681,-0.9823931098134484,True,0.9823931098134484,ease_in_quad
19,2.525656902058737,0.011874217852912995,-272.48767495633064,7.512325043669297,,0.0442118571169431,-0.021952864603380858,-135.74897508326293,4.251024916737045,-3.261300126932253,-0.9696355363090211,True,0.9696355363090211,ease_in_quad
20,2.3281425300860548,-0.023069761983673606,-273.6419452869094,6.358054713090552,,-0.19032125042555695,-0.00014510099875108368,-132.7834453864248,7.216554613575175,0.8584999004846233,-0.9484531813316058,True,0.9484531813316058,ease_in_quad
21,2.322847931383497,-0.0044443886617181235,-277.41761674878353,2.5823832512164238,,-0.016684733960500693,0.015726295782542043,-137.9664127817879,2.033587218212057,-0.5487960330043666,-0.9854743770127711,True,0.9854743770127711,ease_in_quad
0,2.512308572977128,-0.012301807738834263,-273.6778138438,6.322186156199985,,-0.06531471894151032,-0.025773395032273536,-133.82101540995393,6.178984590046056,-0.14320156615392798,-0.9558643957853853,True,0.9558643957853853,ease_in_quad
1,2.4766844715072587,-0.0038219640753816083,-277.4879130632461,2.5120869367538816,,-0.10320891958324913,-0.011539315155704827,-136.77381193458862,3.2261880654113435,0.7141011286574618,-0.9769557995327761,True,0.9769557995327761,ease_in_quad
2,2.4087041999737226,-0.01479037590785735,-278.2206230990535,1.7793769009464548,,-0.1195922863458705,0.004971149436649961,-136.90739220440477,3.0926077955952,1.3132308946487452,-0.9779099443171771,True,0.9779099443171771,ease_in_quad
3,2.3409280023611587,0.0024312279572390135,-278.52887903710655,1.4711209628934085,,0.017835862858520648,0.008497610000762311,-139.35781797352143,0.6421820264785513,-0.8289389364148573,-0.9954129855251532,True,0.9954129855251532,ease_in_quad
4,2.4237467892267377,-0.0219050256968507,-275.93439951717556,4.065600482824412,,-0.16085752293230876,-0.006744268960305587,-134.4426559739008,5.557344026099177,1.4917435432747639,-0.960304685527863,True,0.960304685527863,ease_in_quad
5,2.4689742217792565,-0.029120301289147922,-271.2830244088435,8.716975591156412,,-0.06266148891263791,-0.032223305364674104,-130.90029905423165,9.099700945768312,0.38272535461189855,-0.935002136101655,True,0.935002136101655,ease_in_quad
6,2.34128028107752,0.001533560591041878,-278.57421405846947,1.4257859415305059,,0.014245314394582955,0.00898892268263254,-139.31270443663675,0.687295563363232,-0.7384903781672738,-0.9950907459759769,True,0.9950907459759769,ease_in_quad
7,2.534821882184335,0.024792212302447048,-267.7493347443379,12.250665255662073,,0.16085293203277848,-0.0038591384944376837,-134.68745286718476,5.3125471328152045,-6.938118122846868,-0.9620532347656057,True,0.9620532347656057,ease_in_quad
8,2.391276954021567,0.014821367366095623,-278.213154017732,1.786845982267961,,0.016163937644229347,-0.005469608403604768,-139.7074621164184,0.29253788358157184,-1.4943080986863893,-0.9979104436887031,True,0.9979104436887031,ease_in_quad
9,2.407205580672407,4.171631520662553e-05,-279.97874690845555,0.021253091544378922,,-0.0501702285312892,0.0018857301384438173,-139.45767728756317,0.5423227124368123,0.5210696208924334,-0.9961262663397371,True,0.9961262663397371,ease_in_quad
10,2.357542388539017,0.01821241055134436,-276.6125061114567,3.387493888543238,,0.06352665205511375,-0.00012762273629527768,-139.1768343849687,0.823165615031261,-2.5643282735119772,-0.9941202456069196,True,0.9941202456069196,ease_in_quad
11,2.2582822656798105,-0.025710790798195507,-266.61994027428995,13.380059725710014,,-0.09847988264062732,-0.0386317734985389,-126.10225588942517,13.897744110574816,0.5176843848648026,-0.9007303992101798,True,0.9007303992101798,ease_in_quad
12,2.368343073488321,0.007823747076172274,-279.10110383957124,0.8988961604287257,,0.012343427351384629,0.0009948769498866253,-139.9609283907824,0.039071609217565174,-0.8598245512111605,-0.9997209170770174,True,0.9997209170770174,ease_in_quad
13,2.435366207305948,-0.0177593319224813,-276.9680311896053,3.0319688103946496,,-0.14722459050127673,-0.004301933470394222,-135.48804862876182,4.5119513712381485,1.4799825608434993,-0.9677717759197275,True,0.9677717759197275,ease_in_quad
14,2.4438551254822403,0.013119286809531802,-277.8386958016546,2.16130419834539,,-0.026607772571207635,-0.011378893802983705,-138.82041017020427,1.1795898297957055,-0.9817143685496843,-0.9915743583586021,True,0.9915743583586021,ease_in_quad
15,2.5041807670812313,0.0075849576599220595,-275.13511573137646,4.864884268623503,,-0.027500869141109087,-0.020434625015674113,-136.5079609800377,3.4920390199622955,-1.3728452486612077,-0.9750568641431264,True,0.9750568641431264,ease_in_quad
16,2.3124160149488677,0.00948792400860432,-276.15994349056956,3.840056509430414,,0.04678546101033106,0.012786065565962533,-138.2463639224859,1.753636077514092,-2.0864204319163218,-0.9874740280177565,True,0.9874740280177565,ease_in_quad
17,2.3350078652784476,-0.017433807098922307,-275.8481452450622,4.151854754937757,,-0.13345314353596044,0.011922041894238912,-135.26811006800912,4.731889931990845,0.5800351770530884,-0.9662007862000653,True,0.9662007862000653,ease_in_quad
18,2.520778360690715,0.004340013522452463,-273.94506998419604,6.054930015803908,,-0.014347799327632964,-0.02331665799854972,-135.61268456411364,4.387315435886347,-1.667614579917561,-0.9686620326008119,True,0.9686620326008119,ease_in_quad
19,2.4656342241121463,0.013348049725217801,-276.819231711347,3.180768288652946,,-0.024143914875305473,-0.014889879506091353,-138.10882748462464,1.891172515375324,-1.2895957732776222,-0.9864916248901763,True,0.9864916248901763,ease_in_quad
20,2.4413374720180423,-0.03542482663657337,-269.27198668578984,10.72801331421011,,-0.01821750518607083,-0.036753102289854275,-129.13603982472495,10.863960175275041,0.13594686106493248,-0.9224002844623211,True,0.9224002844623211,ease_in_quad
21,2.4851265547518264,-0.009027350652980439,-276.39984486721187,3.60015513278806,,-0.11177564306927605,-0.015238501696656899,-135.61171796769463,4.388282032305335,0.7881268995172747,-0.9686551283406761,True,0.9686551283406761,ease_in_quad
0,2.436079221347396,-0.024569129538135726,-274.6434276224306,5.356572377569358,,-0.15534344684661705,-0.015426837588599794,-133.24793752595042,6.752062474049551,1.395490096480193,-0.9517709823282174,True,0.9517709823282174,ease_in_quad
1,2.5292719913395487,-0.010130271839402953,-272.42621579985536,7.573784200144604,,-0.020925241245588734,-0.028282747391349658,-133.51721418429895,6.482785815701028,-1.090998384443575,-0.953694387030707,True,0.953694387030707,ease_in_quad
2,2.4572018762287375,0.011868137037556521,-277.53888291359016,2.4611170864098018,,-0.0354230290289344,-0.012867131985383872,-138.42032472567433,1.5796752743256546,-0.8814418120841472,-0.9887166051833882,True,0.9887166051833882,ease_in_quad
3,2.3725255818328557,0.0050446284811475105,-279.487979582111,0.5120204178889645,,-0.00011153618893934094,0.002227548507141502,-139.96033925926426,0.03966074073572445,-0.47235967715323995,-0.9997167089947449,True,0.9997167089947449,ease_in_quad
4,2.5569971919203365,-0.03269744013712657,-261.55127441743815,18.448725582561806,,0.2298522180824584,-0.010923093421215484,-128.64646882571014,11.353531174289836,-7.095194408271971,-0.9189033487550726,True,0.9189033487550726,ease_in_quad
5,2.33217915696692,0.0021997950755344403,-278.0859657701227,1.9140342298772437,,0.020350134966722024,0.010345832806837566,-139.05983896570862,0.9401610342913601,-0.9738731955858836,-0.993284564040776,True,0.993284564040776,ease_in_quad
6,2.445902097027955,0.016504860469008235,-276.96215669063855,3.0378433093613832,,-0.004369273977262463,-0.013081810157947266,-138.6283213346732,1.3716786653267943,-1.666164644034589,-0.9902022952476658,True,0.9902022952476658,ease_in_quad
7,2.2725859048434622,0.012289499478426237,-272.22976034470344,7.770239655296515,,-0.03586285752547191,0.024634379297029652,-134.88694936755854,5.113050632441433,-2.657189022855082,-0.9634782097682755,True,0.9634782097682755,ease_in_quad
8,2.379717025147141,-0.0031547789056407963,-279.7522066590022,0.24779334099779401,,-0.032556033406315014,0.00695411584680439,-139.39686122792,0.6031387720799677,0.35534543108217365,-0.9956918659137145,True,0.9956918659137145,ease_in_quad
9,2.4929225834143054,0.005268796256998139,-276.2680055378724,3.731994462127577,,-0.05536144637136333,-0.017688496721355737,-136.87380382153268,3.126196178467313,-0.6057982836602638,-0.9776700272966621,True,0.9776700272966621,ease_in_quad
10,2.3166228743566557,0.0028456468166790845,-277.1058004478418,2.8941995521581676,,0.022413336455670497,0.01361847443547411,-138.41498551312694,1.5850144868730365,-1.3091850652851311,-0.9886784679509069,True,0.9886784679509069,ease_in_quad
11,2.5833196376820458,-0.005610110384022193,-266.33266616574576,13.667333834254215,,0.1576800139484857,-0.018691323151958646,-132.2134115675298,7.786588432470183,-5.880745401784032,-0.9443815111966415,True,0.9443815111966415,ease_in_quad
12,2.302035232353602,-0.007568347469286526,-275.64353864725456,4.3564613527453835,,-0.06785009487688472,0.018959496648067932,-136.18853714802185,3.811462851978128,-0.5449985007672553,-0.9727752653430134,True,0.9727752653430134,ease_in_quad
13,2.3206976626142337,0.03202010203201906,-269.2445584240606,10.75544157593936,,0.016086814354510204,0.027086114512216382,-134.08337304746473,5.9166269525352515,-4.838814623404108,-0.9577383789104624,True,0.9577383789104624,ease_in_quad
14,2.361431858244254,-0.011712368524334382,-278.29574474174274,1.704255258257211,,-0.06965734402550207,0.012730279600832856,-137.71578064027779,2.2842193597222034,0.5799641014649921,-0.9836841474305557,True,0.9836841474305557,ease_in_quad
15,2.4597671269934134,-0.02595216000500727,-273.1594853876132,6.84051461238679,,-0.11704877999040908,-0.025125978770611325,-132.17978846036212,7.820211539637849,0.9796969272510591,-0.944141346145444,True,0.944141346145444,ease_in_quad
16,2.4325123338706285,0.01768811870990434,-277.0673203197208,2.932679680279167,,0.00655511651450147,-0.011686006668611956,-138.8997434509636,1.100256549036369,-1.8324231312427983,-0.9921410246497402,True,0.9921410246497402,ease_in_quad
17,2.3912991328894315,-0.003027811947147382,-279.8957599761228,0.10424002387717574,,-0.04343874221060621,0.00559640443580721,-139.36425214431648,0.6357478556835043,0.5315078318063287,-0.995458943887975,True,0.995458943887975,ease_in_quad
18,2.3809597865734107,0.015743148486929148,-277.87083628882175,2.1291637111782133,,0.030415299811463688,-0.004350922583035079,-139.6596054671994,0.340394532800578,-1.7887691783776354,-0.9975686104799959,True,0.9975686104799959,ease_in_quad
19,2.274217605825807,0.00400104993488608,-273.4740239241268,6.525976075873158,,-0.050572279196747616,0.02284378069434777,-135.30709002084012,4.692909979159868,-1.8330660967132903,-0.9664792144345724,True,0.9664792144345724,ease_in_quad
20,2.3153256839000895,-0.0087826822894336,-276.465757228623,3.5342427713770044,,-0.05971366191508805,0.01772696802063042,-136.76096730003866,3.239032699961314,-0.29521007141569006,-0.9768640521431334,True,0.9768640521431334,ease_in_quad
21,2.4210866242163793,0.028744577491185596,-273.2144122826152,6.7855877173847166,,0.10200812593972952,-0.005404832059143488,-137.65420825556467,2.345791744435306,-4.43979597294941,-0.9832443446826049,True,0.9832443446826049,ease_in_quad
0,2.296351074989782,0.004102803184119977,-275.5049059033429,4.495094096657094,,0.00818380518179451,0.0186230867036227,-137.2143734087185,2.785626591281463,-1.7094675053756305,-0.9801026672051324,True,0.9801026672051324,ease_in_quad
1,2.4111179337282245,-0.004087002533382273,-279.81593568052887,0.1840643194710759,,-0.06755471841309366,0.0036890794384502774,-138.9608694636022,1.0391305363977956,0.8550662169267198,-0.99257763902573,True,0.99257763902573,ease_in_quad
2,2.440442773566899,0.01084672202129976,-278.3913679275122,1.6086320724877525,,-0.0380793866751133,-0.009615961519968236,-138.96468396339364,1.0353160366063436,-0.573316035881409,-0.9926048854528118,True,0.9926048854528118,ease_in_quad
3,2.4530317102303703,-0.02406681566480202,-274.222552029323,5.77744797067693,,-0.1390770280428185,-0.019706880002505655,-132.99506085770489,7.004939142295082,1.2274911716181507,-0.9499647204121779,True,0.9499647204121779,ease_in_quad
4,2.4028952827440038,-0.011934095609617957,-278.8582684026444,1.1417315973555624,,-0.09716524639340006,0.006886126645359388,-137.70315143281496,2.296848567185029,1.1551169698294663,-0.9835939388058212,True,0.9835939388058212,ease_in_quad
5,2.41311911539815,-0.021838014051758788,-276.11802153691417,3.881978463085774,,-0.16160830043238636,-0.003818912938236454,-134.6419559557191,5.358044044280871,1.476065581195097,-0.9617282568265652,True,0.9617282568265652,ease_in_quad
6,2.37923487206459,0.00882502206378363,-279.201202619732,0.798797380267985,,0.004239756873451238,-0.0009385175766399567,-139.9892834129469,0.010716587053085582,-0.7880807932148993,-0.9999234529496208,True,0.9999234529496208,ease_in_quad
7,2.254767913279964,0.009389080560937181,-270.79840349682263,9.201596503177338,,-0.11979227085219789,0.022445737964033947,-133.06864102089912,6.931358979100853,-2.270237524076486,-0.9504902930064225,True,0.9504902930064225,ease_in_quad
8,2.2476501187030857,0.02039472992619699,-267.3396592011096,12.660340798890317,,-0.19775462250677692,0.015517619832297923,-130.30060744282736,9.699392557172612,-2.960948241717707,-0.9307186245916242,True,0.9307186245916242,ease_in_quad
9,2.3073284038917246,-0.019798369330605515,-273.37586022165215,6.624139778347795,,-0.18724622347873043,0.004185744203902399,-132.86901425511607,7.130985744883894,0.5068459665360993,-0.9490643875365437,True,0.9490643875365437,ease_in_quad
10,2.388726148642246,-0.02705243352546648,-274.0988796439821,5.901120356017827,,-0.1783386608555908,-0.010795594577972113,-132.71190612014473,7.288093879855238,1.386973523837411,-0.9479421865724625,True,0.9479421865724625,ease_in_quad
11,2.3325253030128734,0.005610971831506411,-277.89204705292207,2.1079529470778677,,0.033274691218636465,0.008454662958183387,-139.2024019545402,0.7975980454597967,-1.310354901618071,-0.9943028711038586,True,0.9943028711038586,ease_in_quad
12,2.498094377785878,0.004901220501145992,-275.8990996208265,4.10090037917341,,-0.051268754227617196,-0.018829679393096852,-136.62962155306377,3.37037844693622,-0.7305219322371905,-0.9759258682361699,True,0.9759258682361699,ease_in_quad
13,2.274268445687941,-0.015519912838411698,-271.6819641837884,8.318035816211546,,-0.20481321641717296,0.0022188540341387336,-131.63799851929107,8.362001480708898,0.04396566449735177,-0.9402714179949364,True,0.9402714179949364,ease_in_quad
14,2.345794858473347,-0.009218912813976871,-278.1213330437129,1.8786669562870224,,-0.04708735218799638,0.01416949952482606,-137.9425384031673,2.0574615968326753,0.17879464054565278,-0.9853038457369094,True,0.9853038457369094,ease_in_quad
15,2.4550029633287935,0.01867399003660904,-275.97800587255733,4.0219941274426345,,0.013832073450146658,-0.014672261532444815,-138.24029932777165,1.7597006722283208,-2.262293455214313,-0.9874307094840834,True,0.9874307094840834,ease_in_quad
16,2.4882900605675724,0.004974749125036291,-276.6313997740676,3.36860022593239,,-0.06130614495087187,-0.016505905818398937,-137.05584470700973,2.944155292990251,-0.4244449329421387,-0.9789703193357839,True,0.9789703193357839,ease_in_quad
17,2.487636419164778,-0.03696627845378125,-265.9540148498266,14.045985150173342,,0.12498818252201897,-0.03266396904063098,-128.31339993750098,11.686600062499007,-2.3593850876743363,-0.9165242852678642,True,0.9165242852678642,ease_in_quad
18,2.3275701089061602,0.01080915303434479,-276.9282763304157,3.071723669584256,,0.05284787403875419,0.007918468283265674,-138.92875183354005,1.0712481664599331,-2.000475503124323,-0.992348227382429,True,0.992348227382429,ease_in_quad
19,2.3861883506553436,0.021353305929157174,-276.27771678681904,3.7222832131809134,,0.05872499005226872,-0.005404154086217272,-139.06296151602723,0.9370384839727548,-2.7852447292081584,-0.9933068679716232,True,0.9933068679716232,ease_in_quad
20,2.305307388477292,-0.009446592480006259,-275.6425320978715,4.357467902128472,,-0.08124642330331026,0.01825956405757326,-135.99153198730454,4.008468012695423,-0.3489998894330483,-0.9713680856236041,True,0.9713680856236041,ease_in_quad
21,2.615337881344587,-0.016039130494703267,-259.60267236882567,20.3973276311743,,0.22054202168341766,0.009454187172451835,-129.6821280924214,10.31787190757856,-10.07945572359574,-0.9263009149458674,True,0.9263009149458674,ease_in_quad
0,2.4023132252515813,-0.004480614652100967,-279.83735577277366,0.1626442272263063,,-0.0599772462323483,0.005077346711519645,-139.0600905822579,0.9399094177420533,0.7772651905157469,-0.9932863613018424,True,0.9932863613018424,ease_in_quad
1,2.2314014151073733,-0.0038556751846594004,-268.49083057307485,11.509169426925133,,-0.231097350277719,-0.005091892127357997,-129.284224200162,10.715775799837989,-0.7933936270871447,-0.9234587442868715,True,0.9234587442868715,ease_in_quad
2,2.519705234590543,-0.011482158567869705,-273.14525808552315,6.854741914476796,,-0.046954081019396327,-0.027128168469323054,-133.66784462111045,6.332155378889534,-0.5225865355872625,-0.9547703187222176,True,0.9547703187222176,ease_in_quad
3,2.396865271745628,0.010986554513873934,-279.0312593120415,0.9687406879584399,,-0.0059691842853148,-0.004215190731009057,-139.8507039696728,0.1492960303271827,-0.8194446576312573,-0.9989335997833773,True,0.9989335997833773,ease_in_quad
4,2.3848224293501694,0.028777067100100022,-273.28709455723344,6.712905442766497,,0.1069090943401132,0.001206498681193004,-137.66993297970157,2.330067020298419,-4.382838422468079,-0.9833566641407255,True,0.9833566641407255,ease_in_quad
5,2.365246262043537,-0.007465208096167866,-279.0609180411325,0.9390819588674907,,-0.041523364098397464,0.011046969841880328,-138.6724114893747,1.3275885106252725,0.38850655175778176,-0.9905172249241052,True,0.9905172249241052,ease_in_quad
6,2.492083774831545,0.004086669857466544,-276.41909200502687,3.580907994973112,,-0.06219280563601646,-0.017225957151490338,-136.8394458394205,3.1605541605794683,-0.42035383439364393,-0.9774246131387181,True,0.9774246131387181,ease_in_quad
7,2.4232540815884294,0.01629148792406235,-277.6575819456784,2.342418054321588,,0.0007031884003123205,-0.010054116761325421,-139.19198238149693,0.8080176185030489,-1.534400435818539,-0.9942284455821211,True,0.9942284455821211,ease_in_quad
8,2.286898468799371,-0.02469800550807909,-269.9402556329439,10.059744367056066,,-0.19485204729118685,-0.02000533934693865,-129.24680901824433,10.753190981755653,0.6934466146995865,-0.9231914929874596,True,0.9231914929874596,ease_in_quad
9,2.249793782358409,-0.038080166911875296,-259.33085953621867,20.669140463781268,,0.27397750677587845,-0.022990204759182953,-121.23377266646412,18.766227333535863,-1.9029131302454045,-0.8659555190461724,True,0.8659555190461724,ease_in_quad
10,2.436622934654567,0.004997129635027115,-279.2522715774068,0.7477284225931321,,-0.06086553136792893,-0.005372216253443449,-139.01362435083584,0.9863756491641392,0.23864722657100707,-0.9929544596488276,True,0.9929544596488276,ease_in_quad
11,2.363802917442158,0.011053408168983604,-278.4880170984374,1.511982901562565,,0.02764260436208378,-3.689052164101968e-05,-139.84378164344625,0.15621835655372557,-1.3557645450088396,-0.9988841545960448,True,0.9988841545960448,ease_in_quad
12,2.398088661707944,0.030094456750965757,-272.75995462073456,7.240045379265383,,0.11256935506569163,0.0004534108618159628,-137.430252846503,2.5697471534969694,-4.670298225768414,-0.9816446631893073,True,0.9816446631893073,ease_in_quad
13,2.3648390487354645,0.004987000076597879,-279.29593158098135,0.7040684190186243,,0.007369070823108221,0.003199555266283345,-139.90707336346904,0.0929266365309506,-0.6111417824876736,-0.9993362383104932,True,0.9993362383104932,ease_in_quad
14,2.3601619533967586,0.005607503454929622,-279.10018692449665,0.8998130755033,,0.013667072208970461,0.003437230522285164,-139.86737176591575,0.1326282340842382,-0.7671848414190618,-0.9990526554708269,True,0.9990526554708269,ease_in_quad
15,2.2626382954090407,6.13894767453881e-05,-272.386628590915,7.613371409084986,,-0.11807733615558,0.020496296078080987,-133.81944385492852,6.180556145071456,-1.4328152640135303,-0.9558531703923467,True,0.9558531703923467,ease_in_quad
16,2.4675769900108246,0.00010633752063661644,-278.1379683024343,1.8620316975656783,,-0.09079939955928666,-0.009608928391020836,-137.5857955471598,2.4142044528401825,0.552172755274504,-0.982755682479713,True,0.982755682479713,ease_in_quad
17,2.373189814278542,-0.006194310804361483,-279.39944261450177,0.6005573854982039,,-0.04011584739156954,0.009460463122820369,-138.9558931709684,1.0441068290315603,0.4435494435333564,-0.992542094078346,True,0.992542094078346,ease_in_quad
18,2.235317297616994,-0.013634684917163317,-267.636484902506,12.36351509749393,,-0.20224892155459653,-0.022989598599750083,-127.65414674950891,12.34585325049107,-0.01766184700286134,-0.9118153339250638,True,0.9118153339250638,ease_in_quad
19,2.3983828024772067,0.01655800018833064,-277.8076677237593,2.1923322762406228,,0.019180613660305993,-0.007006782074904366,-139.53238128066567,0.46761871933431287,-1.72471355690631,-0.9966598662904692,True,0.9966598662904692,ease_in_quad
20,2.408749478523975,0.00806350839097519,-279.44901584715296,0.5509841528470069,,-0.027771298757206266,-0.003667705016774871,-139.73482086700125,0.26517913299872237,-0.2858050198482845,-0.9981058633357234,True,0.9981058633357234,ease_in_quad
21,2.460845815715911,-0.0005762242640646283,-278.48690542788296,1.5130945721169962,,-0.09247773595548221,-0.007620383779793987,-137.79747557885113,2.20252442114885,0.6894298490318536,-0.9842676827060797,True,0.9842676827060797,ease_in_quad
