shot_id,x0_um,v0_m_s,initial_aod_energy_uK,initial_excitation_energy_uK,initial_phase_coord,final_x_um,final_v_m_s,final_slm_energy_uK,final_excitation_energy_uK,excitation_energy_change_uK,final_energy_over_slm_depth,captured_in_slm,capture_margin,label
0,2.3649187407390477,0.007933988420727964,-139.24538660650336,0.7546133934966132,,0.06865365832779742,0.03802853607361099,-127.48082757116792,12.519172428832055,11.764559035335441,-0.9105773397940568,True,0.9105773397940568,aod=140uK
1,2.50022959803052,-0.02373545329090269,-133.45745821105774,6.542541788942235,,-0.09618456402812446,0.03129104061417074,-130.29478298809656,9.705217011903418,3.1626752229611834,-0.930677021343547,True,0.930677021343547,aod=140uK
2,2.3966412477859604,-0.01849549584024974,-137.2636165721457,2.736383427854264,,-0.29458816605887883,0.012391455223770912,-122.10124902859354,17.89875097140644,15.162367543552175,-0.8721517787756683,True,0.8721517787756683,aod=140uK
3,2.2669983246706664,-0.0011024903189478666,-136.41837539319192,3.5816246068080493,,-0.3494300677731318,-0.012932817581870981,-115.7890559334489,24.210944066551065,20.629319459743016,-0.827064685238921,True,0.827064685238921,aod=140uK
4,2.366488723518134,0.02018279402626243,-136.51480839366957,3.4851916063304005,,-0.09344914372488625,0.044780998702291956,-122.19760440429454,17.80239559570544,14.317203989375042,-0.8728400314592468,True,0.8728400314592468,aod=140uK
5,2.483069948613235,-0.005135529989371246,-138.3848235591844,1.6151764408155544,,0.04864771565000274,0.030948767724311058,-131.86140744606539,8.138592553934586,6.523416113119032,-0.9418671960433244,True,0.9418671960433244,aod=140uK
6,2.5141448229268675,0.009177789414937758,-136.68697911672396,3.3130208832760273,,0.15003779500206652,-0.00018293935111408024,-135.47007543152782,4.529924568472168,1.2169036851961412,-0.9676433959394845,True,0.9676433959394845,aod=140uK
7,2.7559534070053653,0.04924673701252653,-96.95751275577301,43.04248724422697,,-0.5106334071767266,-0.05577757282958734,-70.78341652272572,69.21658347727427,26.1740962330473,-0.5055958323051838,True,0.5055958323051838,aod=140uK
8,2.3614148425450145,0.004859829240588951,-139.50703858623518,0.4929614137648059,,0.03798583445990018,0.03961027991516966,-127.16525923991499,12.834740760084983,12.341779346320177,-0.9083232802851072,True,0.9083232802851072,aod=140uK
9,2.2836074720271182,-0.01835549770966611,-134.5634006118289,5.436599388171071,,-0.21722010754068996,-0.045621487311902416,-114.0390475509791,25.960952449020876,20.524353060849805,-0.8145646253641365,True,0.8145646253641365,aod=140uK
10,2.3683226675018454,0.004866151963190784,-139.6056440895823,0.3943559104176692,,0.058608931280820196,0.03793933351475808,-127.794908738161,12.20509126183898,11.810735351421311,-0.9128207767011501,True,0.9128207767011501,aod=140uK
11,2.491398511569194,0.003201648495241342,-138.21976318016362,1.7802368198363552,,0.13330224721411219,0.014064803727951863,-134.83108499814196,5.168915001858011,3.3886781820216556,-0.9630791785581571,True,0.9630791785581571,aod=140uK
12,2.402489559194199,0.03675888979069597,-129.19923873118543,10.80076126881456,,0.1568469712840443,-0.06261823630002254,-103.71873174343129,36.28126825656868,25.48050698775412,-0.7408480838816522,True,0.7408480838816522,aod=140uK
13,2.323991219559454,-0.03982216285855404,-126.14882925046724,13.851170749532738,,-0.14119448604652973,0.02589400313266156,-130.62213593653587,9.377864063464106,-4.473306686068633,-0.9330152566895421,True,0.9330152566895421,aod=140uK
14,2.3742204761627406,0.005488384714694778,-139.62337868874602,0.3766213112539647,,0.0790617748534888,0.036033842142163534,-128.34959776934926,11.650402230650707,11.273780919396742,-0.9167828412096378,True,0.9167828412096378,aod=140uK
15,2.3468361508492674,0.0059812891641088705,-139.13713489998864,0.8628651000113432,,-0.008950829054276868,0.04221538436033625,-125.74000220668097,14.259997793319005,13.397132693307663,-0.8981428729048643,True,0.8981428729048643,aod=140uK
16,2.1525708175397913,-0.015226074803074075,-126.16838057761585,13.831619422384135,,0.36206815675869963,-0.03230947804251331,-107.25385886831266,32.74614113168732,18.91452170930318,-0.7660989919165192,True,0.7660989919165192,aod=140uK
17,2.3115665796326947,0.04643796768852968,-121.1739301040965,18.82606989590348,,-0.2442703102130245,0.06935801923029512,-89.86429586185459,50.135704138145385,31.30963424224191,-0.6418878275846758,True,0.6418878275846758,aod=140uK
18,2.524843300773589,-0.053581691868070574,-113.90179831422515,26.09820168577483,,-0.5352007120273742,0.037517077384502266,-80.8753897822521,59.12461021774788,33.026408531973054,-0.5776813555875151,True,0.5776813555875151,aod=140uK
19,2.495879777807422,0.001135179491792637,-138.12191485941617,1.8780851405838197,,0.12245845758162363,0.017244963247994894,-134.58914685158732,5.410853148412663,3.5327680078288433,-0.9613510489399095,True,0.9613510489399095,aod=140uK
20,2.2735885574661796,-0.006222549108338012,-136.4598131541993,3.540186845800658,,-0.3406876337374595,-0.016808509894811505,-115.9047910655232,24.095208934476787,20.55502208867613,-0.8278913647537373,True,0.8278913647537373,aod=140uK
21,2.245601953824053,-0.01471446272480068,-133.4773840523245,6.52261594767546,,-0.07812969490731114,-0.05850378547019235,-111.4013455658885,28.598654434111474,22.076038486436012,-0.7957238968992038,True,0.7957238968992038,aod=140uK
0,2.3061777359312217,-0.011473854654580628,-137.15881032533528,2.841189674664701,,-0.34087065159504276,-0.004431049757022299,-117.98440172551892,22.015598274481057,19.174408599816356,-0.8427457266108496,True,0.8427457266108496,aod=140uK
1,2.453603754639191,-0.012649170871039379,-138.13470314885296,1.8652968511470154,,-0.1220930162294048,0.034578828508375424,-127.42738269791944,12.572617302080543,10.707320450933528,-0.9101955906994247,True,0.9101955906994247,aod=140uK
2,2.4556679878072774,0.010315768237832795,-138.51705234397832,1.482947656021659,,0.1665630880223726,0.01031060170068362,-133.58909513727082,6.410904862729159,4.927957206707499,-0.9542078224090774,True,0.9542078224090774,aod=140uK
3,2.475159910426888,0.0045679678259812895,-138.6825121932349,1.3174878067650642,,0.13993240298551843,0.014721788048432112,-134.31935406095928,5.680645939040699,4.363158132275634,-0.9594239575782807,True,0.9594239575782807,aod=140uK
4,2.3718132107862884,-0.027686914147785315,-133.71086959382993,6.289130406170053,,-0.2954294343899928,-0.023534536691349896,-118.81226573570082,21.187734264299156,14.898603858129103,-0.8486590409692917,True,0.8486590409692917,aod=140uK
5,2.308636421459928,0.0020331350621789154,-138.26994222975256,1.7300577702474236,,-0.23054772795789735,0.03214786618474648,-121.27940439624656,18.72059560375342,16.990537833505996,-0.8662814599731898,True,0.8662814599731898,aod=140uK
6,2.459019667478947,-0.0014213374069936746,-139.273171920688,0.7268280793119779,,0.08338369128238905,0.028878165528219795,-131.91976757783863,8.080232422161341,7.353404342849363,-0.942284054127419,True,0.942284054127419,aod=140uK
7,2.4118510112838694,0.015867744631951668,-137.95889999299186,2.0411000070081218,,0.16124311915412778,0.026444766471534525,-129.19242436373787,10.807575636262095,8.766475629253973,-0.9228030311695564,True,0.9228030311695564,aod=140uK
8,2.543573190643378,0.016356652094755342,-133.708249000966,6.291750999033976,,0.19870888002733167,0.02280600756502431,-127.99511640825014,12.004883591749836,5.71313259271586,-0.9142508314875012,True,0.9142508314875012,aod=140uK
9,2.419860811064225,-0.003884680061543774,-139.79872895921628,0.20127104078368915,,0.01634315378549808,0.036825756046732126,-129.1065583796238,10.893441620376167,10.692170579592478,-0.9221897027115988,True,0.9221897027115988,aod=140uK
10,2.4107538679090115,0.011144679127509669,-138.98365714764017,1.0163428523598164,,0.16139906196728812,0.022037099006322572,-130.89043395663518,9.109566043364794,8.093223191004977,-0.9349316711188229,True,0.9349316711188229,aod=140uK
11,2.3717322770175118,0.01562764885900735,-137.88471426482235,2.1152857351776295,,0.05788779886198876,0.04097292805325438,-125.89871811183663,14.101281888163342,11.985996152985711,-0.8992765579416904,True,0.8992765579416904,aod=140uK
12,2.458331450003448,-0.039272298153161994,-126.97892939799794,13.021070602002036,,0.059659046323149396,0.001743826703584067,-139.2495725263582,0.75042747364178,-12.270643128360257,-0.9946398037597016,True,0.9946398037597016,aod=140uK
13,2.2434246855571858,-0.0215779521390665,-131.3528455201957,8.647154479804277,,0.055796649577236145,-0.059699213860215664,-110.87967192469667,29.120328075303306,20.47317359549903,-0.7919976566049763,True,0.7919976566049763,aod=140uK
14,2.3985532273324752,-0.0043251797341252165,-139.85005611249525,0.14994388750471704,,-0.019479459595988027,0.038992638109309155,-127.77051680379427,12.229483196205715,12.079539308700998,-0.9126465485985306,True,0.9126465485985306,aod=140uK
15,2.4977508647087205,0.011577619725047053,-136.98780103375947,3.012198966240507,,0.1652015481863882,0.0016531288778432384,-134.50566973118296,5.494330268817019,2.482131302576512,-0.9607547837941641,True,0.9607547837941641,aod=140uK
16,2.5463219737814065,-0.01545630808181725,-133.77910799214408,6.220892007855893,,0.07650189638740357,0.019773191257585736,-135.68313130133785,4.3168686986621205,-1.9040233091937726,-0.9691652235809849,True,0.9691652235809849,aod=140uK
17,2.518171894984495,0.04129693805375096,-123.54199048726079,16.45800951273918,,0.3704891211702707,0.05184898032287811,-93.07382087806303,46.92617912193695,30.468169609197762,-0.6648130062718789,True,0.6648130062718789,aod=140uK
18,2.3452699978302487,0.019175324574067076,-136.44989409103056,3.5501059089694262,,-0.18102081202567483,0.03997523678971742,-120.6832625804807,19.31673741951927,15.766631510549844,-0.8620233041462909,True,0.8620233041462909,aod=140uK
19,2.5217991425984145,0.002009844171297715,-136.96594946756412,3.0340505324358618,,0.1281876242186757,0.008448325228710226,-136.10849459033548,3.891505409664496,0.8574548772286347,-0.9722035327881108,True,0.9722035327881108,aod=140uK
20,2.343386705582474,0.011119276679254088,-138.35778630129212,1.6422136987078684,,-0.026631660273924246,0.04365367372829306,-124.62429117382263,15.375708826177354,13.733495127469485,-0.8901735083844474,True,0.8901735083844474,aod=140uK
21,2.4254323921968495,-0.02015381111946837,-136.62142983487217,3.3785701651278024,,-0.2767238719751186,0.015162489589539113,-123.34377959187799,16.656220408121982,13.277650242994179,-0.881026997084843,True,0.881026997084843,aod=140uK
0,2.4826231782355253,-0.044136056882599604,-123.04142600647694,16.95857399352304,,0.06660174021535044,0.04813593339003548,-120.5766251673179,19.423374832682075,2.464800839159037,-0.8612616083379852,True,0.8612616083379852,aod=140uK
1,2.335730096035468,0.02878781328120308,-132.53402295038515,7.465977049614828,,-0.2845900856362611,-0.04216685453429004,-110.16541491789604,29.83458508210394,22.36860803248911,-0.7868958208421147,True,0.7868958208421147,aod=140uK
2,2.4074034039594796,0.004520276317483875,-139.82548090142086,0.17451909857911255,,0.12091011597103585,0.028104215407518476,-130.72863761025928,9.271362389740702,9.096843291161589,-0.9337759829304235,True,0.9337759829304235,aod=140uK
3,2.3533422221289113,0.012807334382495828,-138.2444459816972,1.7555540183027831,,0.010596331221983965,0.042978373641589615,-125.21390094185544,14.78609905814453,13.030545039841746,-0.8943850067275391,True,0.8943850067275391,aod=140uK
4,2.3395486177844353,-0.004357932351638563,-139.10272452098934,0.8972754790106443,,-0.17670823869318833,0.03604739220322298,-123.37098559797532,16.629014402024666,15.73173892301402,-0.8812213256998238,True,0.8812213256998238,aod=140uK
5,2.484035146202411,0.017278058919926648,-136.17696774106335,3.8230322589366375,,0.198898613895086,0.013296575793106192,-130.72447160865198,9.275528391347995,5.452496132411358,-0.9337462257760857,True,0.9337462257760857,aod=140uK
6,2.4729039240683717,-0.01822452934544188,-136.26251137473696,3.737488625263005,,-0.17293887349666193,0.0293661690980841,-127.12182000182825,12.87817999817172,9.140691372908716,-0.9080130000130592,True,0.9080130000130592,aod=140uK
7,2.479917728579312,-0.00238576728455764,-138.65419512975376,1.345804870246224,,0.08294542175028072,0.027276550341994697,-132.65335305052227,7.346646949477719,6.000842079231496,-0.9475239503608734,True,0.9475239503608734,aod=140uK
8,2.597599574350107,-0.013885045571202959,-130.69610268419498,9.303897315804983,,0.10231423061856902,-0.012515192719255996,-136.62323122513396,3.376768774866014,-5.927128540938969,-0.9758802230366713,True,0.9758802230366713,aod=140uK
9,2.515061648559538,0.010523184049825244,-136.43296884019338,3.567031159806586,,0.15817574547727437,-0.0008771692634633125,-134.96865900294222,5.031340997057767,1.4643098372511816,-0.964061850021016,True,0.964061850021016,aod=140uK
10,2.3984523902860526,0.03057321697314496,-132.5288170414419,7.471182958558073,,-0.3734032090521864,-0.014557474450317092,-112.5039811981232,27.496018801876783,20.02483584331871,-0.80359986570088,True,0.80359986570088,aod=140uK
11,2.229943363712262,-0.00900188715304941,-133.56031049382227,6.439689506177713,,-0.06526919422696996,-0.059793241000135694,-110.55656165262741,29.44343834737257,23.00374884119486,-0.7896897260901958,True,0.7896897260901958,aod=140uK
12,2.5147639881045443,-0.00768535725113032,-136.85968442351032,3.140315576489663,,0.05760472744442983,0.027567904674902898,-133.24874535326467,6.7512546467353,3.6109390702456374,-0.9517767525233193,True,0.9517767525233193,aod=140uK
13,2.411070467640689,0.01580792288907763,-137.9777036238132,2.0222963761867785,,0.16045909481965706,0.02661196759974897,-129.1711991097436,10.82880089025638,8.806504514069601,-0.9226514222124544,True,0.9226514222124544,aod=140uK
14,2.449556997457388,0.007346409209724732,-139.06721281315714,0.9327871868428451,,0.15436282811547503,0.014935426755923421,-133.42716928652885,6.572830713471136,5.640043526628291,-0.9530512091894919,True,0.9530512091894919,aod=140uK
15,2.2938860074435152,-0.01322144297890101,-136.31851374623497,3.6814862537650086,,-0.3261402415586678,-0.021117588831877337,-116.28524476887631,23.71475523112366,20.033268977358656,-0.8306088912062596,True,0.8306088912062596,aod=140uK
16,2.3097915247885252,-0.007066222910193943,-137.946292531779,2.053707468220994,,-0.31372828219019766,0.013982280361107602,-119.68570931519544,20.314290684804547,18.26058321658355,-0.8548979236799675,True,0.8548979236799675,aod=140uK
17,2.484278837016945,-0.02503225841334245,-133.54648823501736,6.453511764982616,,-0.16123303135949077,0.028120172215305928,-128.46241008194477,11.537589918055216,5.0840781530726,-0.9175886434424627,True,0.9175886434424627,aod=140uK
18,2.6631678745352905,-0.035253997110744374,-116.59364152435093,23.406358475649046,,-0.0594269983925648,0.08178488530486192,-85.82002197930039,54.17997802069958,30.773619545050536,-0.613000156995003,True,0.613000156995003,aod=140uK
19,2.4601235896574956,0.029999086651607054,-132.06980946851778,7.9301905314822125,,-0.37250485685768686,0.0054116902341394945,-114.07552353960335,25.924476460396626,17.99428592891441,-0.814825168140024,True,0.814825168140024,aod=140uK
20,2.4253108968859443,-0.009330220237021463,-139.1732573376778,0.8267426623221741,,-0.09020513523769699,0.03727336969850783,-127.24157826280911,12.75842173719086,11.931679074868686,-0.9088684161629225,True,0.9088684161629225,aod=140uK
21,2.3717872468862415,0.008698019027706705,-139.23261481172932,0.7673851882706554,,0.09146509252830429,0.035785342400389275,-128.06420335562294,11.935796644377046,11.16841145610639,-0.9147443096830211,True,0.9147443096830211,aod=140uK
0,2.414602781260943,0.018000134183017706,-137.3668050381957,2.6331949618042594,,0.14680086575852289,0.030993810861308545,-127.98299801245271,12.017001987547271,9.383807025743012,-0.9141642715175194,True,0.9141642715175194,aod=140uK
1,2.482803226730051,0.002464073656614397,-138.55604480265544,1.4439551973445546,,0.12850648312076485,0.01736770933013261,-134.25178998508127,5.748210014918702,4.304254817574147,-0.958941357036295,True,0.958941357036295,aod=140uK
2,2.4550184896781504,-0.0346050556645041,-129.81119715206373,10.18880284793624,,-0.07809337683735221,0.029575448120511567,-131.76708325496367,8.232916745036308,-1.9558861028999321,-0.9411934518211692,True,0.9411934518211692,aod=140uK
3,2.1977164987349664,0.019622930936556485,-128.79806268080526,11.201937319194727,,0.46195915348354927,-0.013197919211364985,-101.1065364932925,38.893463506707484,27.691526187512757,-0.7221895463806608,True,0.7221895463806608,aod=140uK
4,2.3629725073375654,-0.007050794682075197,-139.32251083550645,0.6774891644935169,,-0.15553083742347315,0.03663938804558322,-124.40914093236499,15.59085906763499,14.913369903141472,-0.8886367209454643,True,0.8886367209454643,aod=140uK
5,2.263114695778487,0.002153941242280954,-136.1822485653458,3.8177514346541987,,-0.35096281081358344,-0.014099148885321412,-115.35350741582425,24.64649258417573,20.82874114952153,-0.8239536243987448,True,0.8239536243987448,aod=140uK
6,2.4859016589587895,0.01439388847062493,-136.8428559702833,3.1571440297166884,,0.18479627299530194,0.005321097952409128,-132.9599938213382,7.040006178661771,3.882862148945082,-0.9497142415809874,True,0.9497142415809874,aod=140uK
7,2.4326509553184366,0.004791997127842578,-139.59857672342156,0.4014232765784132,,0.13682527158618446,0.022264242117757935,-132.26078203770965,7.739217962290327,7.3377946857119145,-0.9447198716979263,True,0.9447198716979263,aod=140uK
8,2.4116147352320696,0.030846249743530434,-132.36768707698653,7.632312923013455,,-0.37628276624949764,-0.01239783604443115,-112.60963642693602,27.39036357306396,19.758050650050507,-0.804354545906686,True,0.804354545906686,aod=140uK
9,2.2150479756941435,0.004146064610241389,-133.0376977586789,6.962302241321083,,-0.008903814914222192,-0.06262431120516129,-108.6390545923442,31.360945407655787,24.398643166334704,-0.7759932470881729,True,0.7759932470881729,aod=140uK
10,2.347079237868786,0.01911852723728795,-136.50694739944933,3.4930526005506533,,-0.16811748604172913,0.04094587888717342,-120.93679311776619,19.063206882233793,15.570154281683138,-0.8638342365554729,True,0.8638342365554729,aod=140uK
11,2.400106325259488,-0.009785318976865657,-139.23470319028348,0.7652968097164883,,-0.13669218881767323,0.03626441660702146,-125.71894168671444,14.28105831328554,13.515761503569053,-0.897992440619389,True,0.897992440619389,aod=140uK
12,2.418132058525207,0.0018516569497779905,-139.90536487027123,0.09463512972873687,,0.10190874148353314,0.02971099661427118,-130.83650697170918,9.163493028290791,9.068857898562053,-0.9345464783693515,True,0.9345464783693515,aod=140uK
13,2.7239645022019054,0.03258213357616524,-111.6126972838243,28.38730271617568,,-0.007422134924336669,-0.08928578503512262,-76.2735019202841,63.72649807971587,35.33919536354019,-0.5448107280020295,True,0.5448107280020295,aod=140uK
14,2.5258134709802644,-0.0027435901644918665,-136.7392609228611,3.260739077138898,,0.1105602447916387,0.01613497992037452,-135.44120995982988,4.55879004017011,1.2980509630312116,-0.9674372139987849,True,0.9674372139987849,aod=140uK
15,2.33838468101029,-0.0036718784934005456,-139.11785044818902,0.8821495518109508,,-0.16879515615308888,0.036814933622377484,-123.45936148572534,16.540638514274633,15.658488962463682,-0.8818525820408954,True,0.8818525820408954,aod=140uK
16,2.309688431054804,-0.019156020837760065,-135.4087590547252,4.591240945274768,,-0.2883821147124934,-0.03174025172477738,-115.93018283985137,24.069817160148602,19.478576214873833,-0.8280727345703671,True,0.8280727345703671,aod=140uK
17,2.5350193715948683,-0.008717448624979165,-135.71296488520326,4.287035114796717,,0.08279962646838036,0.021567989770821222,-134.88679068542743,5.113209314572551,0.8261741997758333,-0.9634770763244818,True,0.9634770763244818,aod=140uK
18,2.624564626920801,0.012851549821034985,-128.73579142599058,11.264208574009396,,-0.33923337898130546,0.02196787459683118,-114.47663949054606,25.523360509453916,14.25915193544452,-0.8176902820753291,True,0.8176902820753291,aod=140uK
19,2.334315924425162,0.01594041233266846,-137.08944281929897,2.9105571807010038,,-0.1564326233391575,0.0412337597382458,-121.49409176308889,18.505908236911086,15.595351056210083,-0.8678149411649208,True,0.8678149411649208,aod=140uK
20,2.5209450112736898,0.023265175329123308,-132.71369338809723,7.286306611902743,,-0.0733401868126765,0.04754323340718154,-120.83836291941473,19.161637080585248,11.875330468682503,-0.8631311637101053,True,0.8631311637101053,aod=140uK
21,2.4510829785409056,-0.0030615858695355585,-139.392349666172,0.607650333827965,,0.05536720856161475,0.032460171204484536,-130.95304627988284,9.046953720117132,8.439303386289167,-0.9353789019991633,True,0.9353789019991633,aod=140uK
0,2.427851867502764,0.009675264025990058,-139.09324298348614,0.9067570165138418,,0.16355787345315595,0.017413523676821262,-132.21021343326217,7.7897865667378055,6.883029550223964,-0.9443586673804443,True,0.9443586673804443,aod=140uK
1,2.407672602089891,-0.0032406095992390557,-139.904026401032,0.09597359896795128,,0.014532578608848531,0.03755683709498246,-128.6833632090953,11.316636790904685,11.220663191936735,-0.9191668800649665,True,0.9191668800649665,aod=140uK
2,2.3816794065729963,-0.025192857970482808,-134.8587293174954,5.141270682504587,,-0.3140267570670826,-0.01450154858026829,-119.53430803332535,20.465691966674626,15.32442128417004,-0.8538164859523241,True,0.8538164859523241,aod=140uK
3,2.3243734627252692,-0.04266667487542202,-124.28523905384651,15.714760946153474,,0.05299125637501585,0.005879908346906995,-139.15047795223538,0.8495220477645974,-14.865238898388876,-0.99393198537311,True,0.99393198537311,aod=140uK
4,2.419306941222063,0.015732768010132594,-137.94549026346195,2.054509736538024,,0.17071638344291395,0.023454980745396696,-129.7669697540419,10.233030245958084,8.178520509420059,-0.9269069268145851,True,0.9269069268145851,aod=140uK
5,2.5167253549560966,0.01617852623992513,-135.1487096510912,4.8512903489087815,,0.2053067478383287,0.010797488138179196,-130.70661060774006,9.293389392259904,4.4420990433511225,-0.9336186471981436,True,0.9336186471981436,aod=140uK
6,2.427481246765437,0.005208426726954603,-139.62879364543818,0.37120635456179263,,0.13822669745126587,0.022667869358899292,-132.03913728036244,7.960862719637526,7.589656365075733,-0.943136694859732,True,0.943136694859732,aod=140uK
7,2.325258279301847,-0.0037849929646410793,-138.74750141730254,1.2524985826974442,,-0.22195609444771902,0.03187876486473022,-122.1550023349876,17.84499766501238,16.592499082314934,-0.8725357309641972,True,0.8725357309641972,aod=140uK
8,2.4987624763517946,0.008664392645355791,-137.41901824046874,2.580981759531238,,0.1507470259362432,0.003292612510206353,-135.34147851964568,4.658521480354305,2.0775397208230677,-0.9667248465688978,True,0.9667248465688978,aod=140uK
9,2.4908442701933002,-0.005239941054108831,-138.10265320242823,1.8973467975717513,,0.055163233701040086,0.029774891821921532,-132.29331974954698,7.706680250452985,5.8093334528812335,-0.9449522839253358,True,0.9449522839253358,aod=140uK
10,2.3083596994232924,0.027981343052053298,-132.0350333621921,7.96496663780788,,-0.14462152798012362,-0.05877209971113733,-108.17947657879105,31.820523421208918,23.85555678340104,-0.7727105469913649,True,0.7727105469913649,aod=140uK
11,2.3236473805339766,-0.030482889269543796,-131.38601589342605,8.613984106573922,,-0.2018616933901557,-0.04388599036753718,-116.51521748888568,23.4847825111143,14.870798404540379,-0.8322515534920407,True,0.8322515534920407,aod=140uK
12,2.3418399491608826,-0.007118008840882894,-138.90487411267554,1.095125887324433,,-0.21957737452243614,0.03120701443687289,-122.6937678318095,17.306232168190476,16.211106280866044,-0.8763840559414966,True,0.8763840559414966,aod=140uK
13,2.428811761566177,0.02348715410379392,-135.42131450323913,4.578685496760841,,0.0017578393922886722,0.04571298580123186,-123.29777889887178,16.70222110112819,12.12353560436735,-0.8806984207062272,True,0.8806984207062272,aod=140uK
14,2.5540493978792815,0.011109061667010514,-134.24275747594854,5.757242524051455,,0.19474518368478594,0.0006756519531064948,-132.44989462396867,7.550105376031314,1.792862851979859,-0.9460706758854907,True,0.9460706758854907,aod=140uK
15,2.635485067788757,0.0101181723006232,-128.2864647048275,11.71353529517248,,-0.3491378457479816,0.019670410810061982,-114.06831934411173,25.931680655888254,14.218145360715775,-0.8147737096007982,True,0.8147737096007982,aod=140uK
16,2.399759605557638,-0.0047815692013784125,-139.81725411789827,0.18274588210171316,,-0.02692321014572526,0.039034505577564924,-127.67381267575809,12.326187324241893,12.14344144214018,-0.9119558048268436,True,0.9119558048268436,aod=140uK
17,2.482645719682857,0.003633323978881471,-138.50434098354262,1.495659016457363,,0.13520315524936366,0.015056582941619441,-134.49856132011791,5.501438679882061,4.005779663424698,-0.9607040094294138,True,0.9607040094294138,aod=140uK
18,2.586710067586654,0.005895175414879915,-132.77025228486391,7.229747715136056,,0.19980108683739478,-0.0006696072545485483,-132.06449383278618,7.935506167213807,0.7057584520777513,-0.9433178130913299,True,0.9433178130913299,aod=140uK
19,2.3299827607591124,-0.02812233160301407,-132.67989012857402,7.320109871425966,,-0.22003634812745126,-0.04213474976694252,-116.24970492941868,23.750295070581288,16.43018519915532,-0.8303550352101337,True,0.8303550352101337,aod=140uK
20,2.6289815549251276,0.03031098917901055,-122.33265228737561,17.667347712624373,,0.377921796374345,0.05173289410873565,-92.24264092458343,47.757359075416545,30.090011362792175,-0.6588760066041675,True,0.6588760066041675,aod=140uK
21,2.2476147656903507,-0.010738574513346788,-134.40824186757422,5.591758132425748,,-0.172404792976481,-0.052290667297969426,-112.19658055455706,27.803419445442923,22.211661313017174,-0.8014041468182648,True,0.8014041468182648,aod=140uK
0,2.430758391088447,-0.0055555409100023585,-139.55994065973576,0.4400593402642097,,-0.004902464418550094,0.037054360299501536,-129.02127859776377,10.978721402236207,10.538662061971998,-0.9215805614125985,True,0.9215805614125985,aod=140uK
1,2.5418858127617026,0.024934718043565098,-130.97296575540423,9.027034244595733,,-0.32575832443946035,0.02350412209799014,-115.47772539276201,24.522274607237964,15.495240362642232,-0.8248408956625859,True,0.8248408956625859,aod=140uK
2,2.3578823023991493,0.026907623764322722,-133.8509515513466,6.1490484486533585,,-0.37136996472878275,-0.00022881311610095325,-114.4502536897232,25.549746310276785,19.400697861623428,-0.8175018120694515,True,0.8175018120694515,aod=140uK
3,2.429797463723101,-0.008511710907712793,-139.23946055216027,0.7605394478397087,,-0.06704617464335713,0.037575967362646394,-127.7986173524479,12.201382647552077,11.440843199712369,-0.9128472668031994,True,0.9128472668031994,aod=140uK
4,2.310842951501101,-0.017384281381367522,-135.96807368175553,4.031926318244458,,-0.31325015704315223,-0.0244531325163197,-116.52226105562394,23.47773894437604,19.44581262613158,-0.8323018646830282,True,0.8323018646830282,aod=140uK
5,2.4351472765897855,0.007363168924514338,-139.31422917533058,0.6857708246693962,,0.15363267971633188,0.017962828664009292,-132.6755855221356,7.324414477864365,6.638643653194969,-0.9476827537295403,True,0.9476827537295403,aod=140uK
6,2.5480215301622016,0.02127039017311492,-131.97333273434614,8.026667265653824,,-0.08609075143354382,0.04763296115500766,-120.3581712013323,19.641828798667685,11.615161533013861,-0.8597012228666594,True,0.8597012228666594,aod=140uK
7,2.456313872736878,-0.014682673492583046,-137.62982605741587,2.370173942584095,,-0.15482869798399407,0.03221943795875582,-126.88468866561557,13.115311334384403,10.745137391800307,-0.9063192047543971,True,0.9063192047543971,aod=140uK
8,2.5296307643047564,-0.013024980413847576,-135.24875292985197,4.751247070148009,,0.042119030477745505,0.027458634521657466,-133.6115043938615,6.388495606138464,1.6372485359904538,-0.9543678885275824,True,0.9543678885275824,aod=140uK
9,2.326735512350649,-0.008387391728509191,-138.34411334230518,1.6558866576947864,,-0.2847248667764405,0.020748194965004105,-120.92171365242582,19.07828634757415,17.422399689879363,-0.8637265260887561,True,0.8637265260887561,aod=140uK
10,2.3428361636882244,0.010140855484563418,-138.51128766555377,1.4887123344462163,,-0.02402616822002721,0.04342857661601323,-124.80793049289636,15.192069507103621,13.703357172657405,-0.8914852178064027,True,0.8914852178064027,aod=140uK
11,2.310995423607646,-0.004791483514639136,-138.20549028393933,1.794509716060654,,-0.2875221668605955,0.021371248470037917,-120.42146042958014,19.57853957041984,17.784029854359183,-0.8601532887827155,True,0.8601532887827155,aod=140uK
12,2.391651016587728,0.005566341606563441,-139.73810430090808,0.26189569909188715,,0.11233477961681874,0.031014482644180143,-129.75458999627554,10.245410003724425,9.98351430463254,-0.9268184999733969,True,0.9268184999733969,aod=140uK
13,2.3063611060923175,0.024039459578250655,-133.59916152236863,6.400838477631338,,-0.3300040805426903,-0.03088976083795526,-111.78018883615927,28.219811163840703,21.818972686209367,-0.7984299202582806,True,0.7984299202582806,aod=140uK
14,2.26748823894781,-0.01032219054832683,-135.6024465741239,4.397553425876092,,-0.28772302246438225,-0.03479477670412687,-114.37465846738287,25.625341532617103,21.227788106741013,-0.8169618461955921,True,0.8169618461955921,aod=140uK
15,2.4346586959564513,0.009969442819045762,-138.96014679102,1.0398532089799668,,0.1658952238664474,0.015457676418212858,-132.57266896697828,7.4273310330216935,6.387477824041726,-0.9469476354784164,True,0.9469476354784164,aod=140uK
16,2.4042800541873226,-0.012999038566963954,-138.64573285106172,1.3542671489382425,,-0.19916455293018015,0.03060175564406876,-124.63244179388452,15.367558206115458,14.013291057177215,-0.8902317270991753,True,0.8902317270991753,aod=140uK
17,2.1775271280475947,-0.035624223600957385,-120.09057210447779,19.9094278955222,,0.08759350704060742,-0.019999832775842816,-135.2424593710715,4.757540628928488,-15.151887266593711,-0.9660175669362251,True,0.9660175669362251,aod=140uK
18,2.4307794397612232,-0.015001713355986764,-138.00764793410565,1.9923520658943163,,-0.19892322655870048,0.02924314748194547,-125.30081735716418,14.699182642835803,12.706830576941487,-0.8950058382654585,True,0.8950058382654585,aod=140uK
19,2.453199632130777,0.01614515349487719,-137.3389416749705,2.661058325029484,,0.18953760296029695,0.014374895028418327,-131.1898396357759,8.810160364224076,6.1491020391945925,-0.9370702831126851,True,0.9370702831126851,aod=140uK
20,2.308168419719012,0.01424201390842285,-136.66451360675396,3.335486393246023,,-0.2819152176252177,0.026734741342174895,-118.93940508435136,21.06059491564862,17.725108522402596,-0.8495671791739384,True,0.8495671791739384,aod=140uK
21,2.28532109983959,0.0007207607013774824,-137.33151997552292,2.6684800244770464,,-0.3317583524646205,0.010768352277733158,-118.27724312682375,21.722756873176234,19.054276848699185,-0.844837450905884,True,0.844837450905884,aod=140uK
0,2.2917943288074225,0.026492270622203756,-132.01606598379416,7.983934016205824,,-0.09507408794463397,-0.06170254019033757,-107.73447535116034,32.265524648839644,24.28159063263382,-0.7695319667940025,True,0.7695319667940025,aod=140uK
1,2.4086154419195998,-0.005517588272862416,-139.7414987310003,0.2585012689996799,,-0.029357236623377605,0.038634300442800334,-127.89425727943004,12.105742720569948,11.847241451570268,-0.913530409138786,True,0.913530409138786,aod=140uK
2,2.5155136526507613,0.010758655931792607,-136.3720088170571,3.6279911829428984,,0.15993524232708972,-0.0009413918355745549,-134.8573937739396,5.1426062260603755,1.514615043117477,-0.963267098385283,True,0.963267098385283,aod=140uK
3,2.190093007378941,-0.0023695564611571273,-131.2266883937807,8.773311606219272,,0.24886327595904234,-0.05188512360528036,-106.37209855845569,33.62790144154428,24.85458983532501,-0.7598007039889694,True,0.7598007039889694,aod=140uK
4,2.5986853834339962,0.005374093377711206,-131.92306341085467,8.076936589145307,,0.219914079823811,0.00864321197072276,-129.85213210783562,10.147867892164374,2.0709313030190666,-0.9275152293416831,True,0.9275152293416831,aod=140uK
5,2.6331563975877925,-0.04721418362808362,-111.49417292842584,28.505827071574142,,-0.3354787009772759,-0.07436982178545243,-74.5674080023693,65.43259199763067,36.92676492605653,-0.5326243428740666,True,0.5326243428740666,aod=140uK
6,2.4614640771786744,-0.018190720252280166,-136.5846842578507,3.4153157421492697,,-0.19727948710603835,0.027436957921229833,-126.24482893335285,13.755171066647135,10.339855324497865,-0.9017487780953776,True,0.9017487780953776,aod=140uK
7,2.324743751220551,0.008224313243233663,-138.3057428534061,1.6942571465938816,,-0.12082833262861167,0.04190018929682538,-123.01367950553234,16.98632049446764,15.29206334787376,-0.8786691393252312,True,0.8786691393252312,aod=140uK
8,2.4242058755565323,-0.015695786540193473,-137.91120830741392,2.0887916925860734,,-0.22033210973538683,0.02677994072212317,-124.68224660602091,15.31775339397907,13.228961701392997,-0.8905874757572924,True,0.8905874757572924,aod=140uK
9,2.534811142351546,0.010505242423316094,-135.44948653354058,4.550513466459398,,0.16536643576522062,-0.0028202547490377462,-134.45322851539706,5.546771484602909,0.9962580181435108,-0.9603802036814078,True,0.9603802036814078,aod=140uK
10,2.2913633299229703,-0.007492298175580086,-137.15803137960503,2.8419686203949373,,-0.3447058771811124,-0.00283509849523942,-117.62411146667709,22.375888533322886,19.533919912927946,-0.8401722247619794,True,0.8401722247619794,aod=140uK
11,2.4908850301957774,0.011194756643606654,-137.31897274976794,2.681027250232046,,0.16374178155681593,0.0028575058348069672,-134.5566626350216,5.443337364978362,2.762310114746316,-0.9611190188215831,True,0.9611190188215831,aod=140uK
12,2.3799578218469386,-0.009773506478351356,-139.15441319386218,0.8455868061378076,,-0.1741686424712352,0.03431532965546238,-124.51929456743635,15.48070543256363,14.635118626425822,-0.8894235326245454,True,0.8894235326245454,aod=140uK
13,2.254836436061296,-0.0070052931519629215,-135.36321257360342,4.63678742639657,,-0.27357583063849905,-0.03860322438518072,-113.58810189248031,26.41189810751966,21.775110681123092,-0.8113435849462881,True,0.8113435849462881,aod=140uK
14,2.323725926359809,0.0027425170531536437,-138.75494736378545,1.245052636214528,,-0.14649932514179878,0.03966371643215173,-123.10441583448068,16.8955841655193,15.650531529304773,-0.8793172559605764,True,0.8793172559605764,aod=140uK
15,2.3374154900243997,0.015000656447608358,-137.40267336263005,2.597326637369914,,-0.11560835413212633,0.043192692937950354,-122.3819916658711,17.618008334128877,15.020681696758961,-0.8741570833276509,True,0.8741570833276509,aod=140uK
16,2.388970853568527,-0.0021312785829355925,-139.93881669728034,0.06118330271963215,,0.006673535830261725,0.038856591625968315,-127.92364871312405,12.076351286875925,12.015167984156292,-0.9137403479508862,True,0.9137403479508862,aod=140uK
17,2.4045199296971345,0.015507755138226208,-138.07371903364333,1.9262809663566411,,0.15198423660221644,0.028515106879731234,-128.85530660332216,11.144693396677825,9.218412430321184,-0.9203950471665869,True,0.9203950471665869,aod=140uK
18,2.3696801117396284,0.004920464814189116,-139.61858559104238,0.38141440895760526,,0.06276070745614093,0.03756428563928539,-127.91871821652676,12.081281783473226,11.699867374515621,-0.9137051301180483,True,0.9137051301180483,aod=140uK
19,2.4168225736332176,0.01607928850807288,-137.87573637256617,2.124263627433807,,0.16663534015294373,0.025077321909208566,-129.40781601459892,10.592183985401046,8.46792035796724,-0.9243415429614211,True,0.9243415429614211,aod=140uK
20,2.3030267629186714,0.008305983131278488,-137.5382702972042,2.4617297027957834,,-0.25133331480611887,0.030561847476644963,-120.19245553357017,19.807544466429807,17.345814763634024,-0.8585175395255014,True,0.8585175395255014,aod=140uK
21,2.452504830335337,-0.01725879508189134,-137.05658447872378,2.9434155212761883,,-0.20162369272388272,0.02755111785405764,-125.8602158861517,14.139784113848275,11.196368592572087,-0.8990015420439409,True,0.8990015420439409,aod=140uK
0,2.3587138164485686,-0.01769476347345246,-137.14931313643882,2.8506868635611466,,-0.3246976708796815,0.001639556802868327,-119.99251650177722,20.007483498222754,17.156796634661607,-0.8570894035841231,True,0.8570894035841231,aod=140uK
1,2.4843333955622944,-0.008544408593663642,-137.96928927417167,2.030710725828317,,-0.0029955055486452727,0.03406107385563186,-130.7256978005031,9.274302199496889,7.243591473668571,-0.9337549842893079,True,0.9337549842893079,aod=140uK
2,2.5109434971310045,-0.032110224686821474,-129.26416026214193,10.735839737858038,,0.07407808616675332,0.009680707774842364,-138.13302166357965,1.8669783364203232,-8.868861401437714,-0.9866644404541406,True,0.9866644404541406,aod=140uK
3,2.4353601833177887,0.015234331391220966,-137.8895626648744,2.1104373351255825,,0.1824434910199948,0.017285188385772424,-130.96657082269792,9.033429177302065,6.922991842176483,-0.9354755058764138,True,0.9354755058764138,aod=140uK
4,2.468932505307201,0.029657482236552696,-132.00156911567458,7.998430884325397,,-0.3675989709444988,0.008496960206447997,-114.34055288222031,25.659447117779674,17.661016233454276,-0.8167182348730023,True,0.8167182348730023,aod=140uK
5,2.2204418215091866,-0.005390707601549622,-133.32592974138365,6.674070258616327,,-0.03006673856286202,-0.061323272893921796,-109.75934516920906,30.240654830790916,23.56658457217459,-0.7839953226372077,True,0.7839953226372077,aod=140uK
6,2.5588408861394853,0.010494169661552068,-134.05304622223844,5.946953777761551,,0.1949063624359631,0.00031191254045391965,-132.4406125589226,7.559387441077378,1.6124336633158278,-0.9460043754208759,True,0.9460043754208759,aod=140uK
7,2.3199697610203724,0.005880511199617469,-138.41965902901842,1.5803409709815635,,-0.14939411090808088,0.04006465943155238,-122.67923877328974,17.32076122671024,15.740420255728676,-0.8762802769520697,True,0.8762802769520697,aod=140uK
8,2.3937279490006227,0.006201228608638584,-139.68460313511946,0.31539686488053126,,0.12012385285497626,0.029858447585201394,-129.95391840725298,10.046081592746994,9.730684727866462,-0.9282422743375215,True,0.9282422743375215,aod=140uK
9,2.36873537635339,0.0028586928908529386,-139.73489080401671,0.26510919598326366,,0.038557523139593625,0.03889065552120032,-127.60782938145222,12.392170618547757,12.127061422564493,-0.9114844955818017,True,0.9114844955818017,aod=140uK
10,2.4040230527072532,-0.009030118857226254,-139.3449627531886,0.6550372468113734,,-0.11333049585008244,0.03735318189550993,-126.24586214132803,13.754137858671939,13.099100611860566,-0.9017561581523432,True,0.9017561581523432,aod=140uK
11,2.358905587988985,-0.0398712576047727,-126.94930558273681,13.050694417263166,,-0.11824824563617185,0.027392232822241413,-131.17196022509015,8.82803977490984,-4.222654642353326,-0.9369425730363583,True,0.9369425730363583,aod=140uK
12,2.260824541666257,-0.018460163893791084,-133.3699222675775,6.630077732422496,,-0.09736149913728138,-0.05691749857035069,-112.18216468254491,27.817835317455074,21.18775758503258,-0.8013011763038923,True,0.8013011763038923,aod=140uK
13,2.7630862141912558,-0.010995322530421063,-114.50629386422092,25.493706135779053,,-0.6099206811934412,-0.01569290814097738,-79.3308803519594,60.669119648040585,35.17541351226153,-0.5666491453711386,True,0.5666491453711386,aod=140uK
14,2.3508482451311417,-0.017542772914653663,-137.04705463291862,2.952945367081371,,-0.3290042506437395,-0.001429327651618542,-119.50505573467217,20.494944265327803,17.541998898246433,-0.8536075409619442,True,0.8536075409619442,aod=140uK
15,2.1431438881777134,-0.015595333232204087,-125.19132444718849,14.808675552811488,,0.3370603136523537,-0.03606857651387636,-108.19035573231601,31.80964426768398,17.00096871487249,-0.7727882552308287,True,0.7727882552308287,aod=140uK
16,2.4091261390471614,0.015329364854168347,-138.1048297452474,1.8951702547525888,,0.15994683955891534,0.026408626083422388,-129.28970391061344,10.710296089386544,8.815125834633955,-0.9234978850758104,True,0.9234978850758104,aod=140uK
17,2.290179310206249,0.057423847343703247,-111.19967964624661,28.800320353753374,,0.050956641547946054,0.07257971002350418,-97.36727667898657,42.6327233210134,13.832402967260029,-0.695480547707047,True,0.695480547707047,aod=140uK
18,2.4351341074347066,-0.015596201825436976,-137.80364781426124,2.1963521857387365,,-0.20299317675979267,0.028490537944652596,-125.33267929087133,14.667320709128647,12.47096852338991,-0.8952334235062239,True,0.8952334235062239,aod=140uK
19,2.2967342061060436,-0.0191899409776863,-134.89244340930225,5.1075565906977465,,-0.2512605815038996,-0.03995051245962017,-114.90815250258959,25.091847497410384,19.98429090671264,-0.8207725178756401,True,0.8207725178756401,aod=140uK
20,2.3646225151057805,-0.03178000862789209,-131.67213182495928,8.327868175040688,,-0.28129196073032386,-0.025757122951126206,-119.4134971211429,20.586502878857083,12.258634703816396,-0.8529535508653066,True,0.8529535508653066,aod=140uK
21,2.363234108307768,-0.0035622301630017176,-139.62236493769922,0.37763506230076227,,-0.08187144190749132,0.04034779450095143,-125.62442232703202,14.375577672967953,13.997942610667192,-0.8973173023359432,True,0.8973173023359432,aod=140uK
0,2.4598226690230907,-0.03102477481804917,-131.57689609483202,8.423103905167967,,-0.18332752624838283,0.024911481547434423,-128.3315890567043,11.668410943295678,3.2453070381277103,-0.916654207547888,True,0.916654207547888,aod=140uK
1,2.5258413683378835,0.004862008561386505,-136.60908506935223,3.390914930647753,,0.13315353016955447,0.0022990000518445667,-136.3777910111416,3.6222089888583953,0.231294058210642,-0.9741270786510114,True,0.9741270786510114,aod=140uK
2,2.354206885505273,-0.013233002366891705,-138.17215367111092,1.8278463288890627,,-0.2906219896936747,0.017231436165116364,-121.37427171927929,18.625728280720683,16.79788195183162,-0.866959083709138,True,0.866959083709138,aod=140uK
3,2.2588686515503764,0.0113486864828522,-134.95522813041637,5.044771869583609,,-0.32818571504283006,-0.02862375041672265,-113.06701000711186,26.932989992888118,21.888218123304508,-0.8076215000507991,True,0.8076215000507991,aod=140uK
4,2.390213067263938,-0.010958159132861082,-139.02066883675343,0.9793311632465548,,-0.1799380543873573,0.03330571166248553,-124.66578044303796,15.334219556962015,14.354888393715461,-0.8904698603074142,True,0.8904698603074142,aod=140uK
5,2.185651345236221,0.0021792697340972953,-130.87269194549194,9.12730805450805,,0.29724103076773445,-0.04701822882569721,-105.37692896788602,34.623071032113955,25.495762977605906,-0.7526923497706145,True,0.7526923497706145,aod=140uK
6,2.203974392276668,-0.0015329469116124022,-132.33796969519986,7.66203030480013,,0.1103569941090333,-0.06095693485499455,-107.83312114735881,32.166878852641176,24.504848547841043,-0.7702365796239916,True,0.7702365796239916,aod=140uK
7,2.3278931719396643,-0.005205539529959949,-138.72394941815446,1.2760505818455194,,-0.23396941309151661,0.03003951001261237,-122.02684860746595,17.973151392534028,16.697100810688507,-0.8716203471961855,True,0.8716203471961855,aod=140uK
8,2.4433653886587208,0.039715306617844004,-127.00937378959283,12.990626210407148,,0.44517139064079414,-0.026035145722809364,-99.38730910281149,40.61269089718849,27.622064686781343,-0.7099093507343679,True,0.7099093507343679,aod=140uK
9,2.3690875051517546,0.004715795456871994,-139.62693656714708,0.373063432852905,,0.059307873199179836,0.037818687321424266,-127.85118636191861,12.148813638081375,11.77575020522847,-0.9132227597279902,True,0.9132227597279902,aod=140uK
10,2.1561456870607465,-0.0064384419657351425,-128.0188970716669,11.981102928333078,,0.42644253965396167,-0.019444404901562715,-104.31266148495911,35.687338515040864,23.706235586707788,-0.7450904391782794,True,0.7450904391782794,aod=140uK
11,2.409686995029983,0.0024551514809968435,-139.93263086595158,0.06736913404839394,,0.10208150354956602,0.03042766603750474,-130.484937335554,9.51506266444598,9.447693530397585,-0.9320352666825287,True,0.9320352666825287,aod=140uK
12,2.4564770930019613,-0.0005389085136643727,-139.34677109813455,0.653228901865411,,0.09323250520224308,0.027722410328800087,-132.09085076532787,7.909149234672107,7.255920332806697,-0.9435060768951993,True,0.9435060768951993,aod=140uK
13,2.4615988698928675,-0.02144362832963536,-135.55087137362491,4.449128626375059,,-0.22752573290375402,0.02257589072180294,-125.72821046224453,14.271789537755451,9.822660911380392,-0.8980586461588896,True,0.8980586461588896,aod=140uK
14,2.385036467332484,-0.00155750138057566,-139.93482052866693,0.06517947133304722,,0.009577201795433733,0.0389801257259418,-127.83714684279342,12.162853157206555,12.097673685873508,-0.9131224774485246,True,0.9131224774485246,aod=140uK
15,2.4261159644960983,0.008903323151437862,-139.2270087899826,0.7729912100173946,,0.15964551851961445,0.018456970250240685,-132.16002426692285,7.839975733077144,7.066984523059749,-0.9440001733351633,True,0.9440001733351633,aod=140uK
16,2.429289771509499,0.013337654761218827,-138.40283681353964,1.5971631864603473,,0.1767549819105087,0.016865428083582264,-131.47984390023467,8.52015609976531,6.922992913304963,-0.9391417421445335,True,0.9391417421445335,aod=140uK
17,2.6093371998887203,-0.012184199796602124,-130.13087441323864,9.869125586761335,,0.16044990152312746,-0.010913389126701135,-133.88007645292126,6.119923547078716,-3.7492020396826193,-0.9562862603780091,True,0.9562862603780091,aod=140uK
18,2.199563686631054,0.05676335277888844,-106.26680809383268,33.73319190616729,,0.5364020841328269,-0.009519375173818968,-91.22759945178998,48.77240054820999,15.039208642042695,-0.6516257103699286,True,0.6516257103699286,aod=140uK
19,2.1917333885336383,-0.018096623637065604,-128.7857702945321,11.214229705467854,,0.27850755633107527,-0.04598651600533141,-108.09818857365285,31.901811426347127,20.687581720879272,-0.7721299183832347,True,0.7721299183832347,aod=140uK
20,2.4870477330065235,0.021998954985942898,-134.5906896610319,5.409310338968089,,0.1107887444847595,0.03922589840228372,-125.21406205058842,14.785937949411558,9.376627610443467,-0.8943861575042031,True,0.8943861575042031,aod=140uK
21,2.467299462308573,-0.0040863276547523746,-138.9431769904818,1.0568230095181936,,0.05075833483793957,0.031817408441924655,-131.38289004145722,8.617109958542754,7.560286949024559,-0.9384492145818375,True,0.9384492145818375,aod=140uK
0,2.5053281158438296,-0.006464532741511074,-196.45039528846294,3.549604711537025,,-0.09022947236690602,0.011874972597032424,-137.2175488763162,2.7824511236837863,-0.7671535878532385,-0.9801253491165444,True,0.9801253491165444,aod=200uK
1,2.3736550671491514,0.0031055365520852377,-199.72021420587174,0.27978579412823,,0.032247079234304754,-0.0032070847168936675,-139.70525645996298,0.29474354003698866,0.014957745908758622,-0.9978946889997358,True,0.9978946889997358,aod=200uK
2,2.3072096495846335,-0.00489520175177045,-197.30833274545284,2.691667254547123,,0.12078505708498298,0.006861927861454117,-136.67115084058923,3.3288491594107414,0.6371819048636183,-0.976222506004209,True,0.976222506004209,aod=200uK
3,2.3988904022583344,-0.008642239295257183,-199.40269953419332,0.5973004658066531,,0.052925819884632054,0.008798171652929888,-138.8095382321123,1.190461767887698,0.5931613020810449,-0.991496701657945,True,0.991496701657945,aod=200uK
4,2.219965953228831,-0.009686229206561228,-189.99984193291832,10.00015806708167,,-0.12999821858014854,0.031140266156839822,-128.8352449908101,11.16475500918988,1.1645969421082087,-0.920251749934358,True,0.920251749934358,aod=200uK
5,2.382874214478432,-0.00164915359741603,-199.89257963110384,0.10742036889614243,,0.04399541305603198,0.0010375956270665082,-139.5960403783608,0.40395962163915705,0.2965392527430146,-0.9971145741311489,True,0.9971145741311489,aod=200uK
6,2.2346488713188406,-0.004902522947113259,-191.97618116681167,8.023818833188313,,0.006053450354393188,0.033662770647734146,-130.93563070187724,9.064369298122744,1.0405504649344302,-0.935254505013409,True,0.935254505013409,aod=200uK
7,2.3453067966073946,0.01445783381370611,-197.45717117836912,2.5428288216308514,,0.05253277689829963,-0.012515259460326745,-138.18479104584796,1.8152089541520144,-0.727619867478837,-0.987034221756057,True,0.987034221756057,aod=200uK
8,2.4954007376118783,-0.014806014106460553,-195.60607011531525,4.393929884684739,,-0.09882863815811518,0.015561562886061253,-136.08092335492262,3.9190766450773635,-0.4748532396073757,-0.9720065953923045,True,0.9720065953923045,aod=200uK
9,2.4504522888671927,0.009395169569136646,-198.55210676541907,1.447893234580901,,-0.05207882617505173,0.0007692779473693868,-139.44160335458375,0.5583966454162222,-0.8894965891646789,-0.9960114525327413,True,0.9960114525327413,aod=200uK
10,2.4092592654925538,-0.016197811347053153,-197.87798411065208,2.1220158893478844,,0.031098433969621458,0.0182152380539561,-137.15047669162644,2.8495233083735525,0.7275074190256678,-0.9796462620830461,True,0.9796462620830461,aod=200uK
11,2.2284286662695982,0.005809471316692192,-191.31103017427154,8.688969825728444,,0.04323008701142938,0.03367308468903623,-130.5558367597257,9.444163240274277,0.755193414545833,-0.932541691140898,True,0.932541691140898,aod=200uK
12,2.2587477977097135,0.006110729439105566,-193.95557471417789,6.044425285822084,,0.14313425498821375,0.017032830998971092,-133.55278155727467,6.447218442725305,0.4027931569032209,-0.9539484396948192,True,0.9539484396948192,aod=200uK
13,2.4057017662524784,-0.0158251027850019,-197.98892638269552,2.011073617304453,,0.03673876992282962,0.017620195731300345,-137.2427728373065,2.757227162693481,0.7461535453890281,-0.9803055202664751,True,0.9803055202664751,aod=200uK
14,2.3631780453617557,0.003398215383748735,-199.51190810444194,0.48809189555804033,,0.04116057277882617,-0.004420884905367706,-139.49768616097495,0.5023138390250214,0.014221943466981081,-0.9964120440069641,True,0.9964120440069641,aod=200uK
15,2.3755638811414586,0.03304543746735857,-191.09785671445178,8.902143285548204,,0.18465652405608846,-0.0045256727900311895,-133.03264057324083,6.967359426759148,-1.9347838587890562,-0.9502331469517203,True,0.9502331469517203,aod=200uK
16,2.3890652732408113,-0.00968898794208526,-199.21476369584002,0.7852363041599486,,0.062293381631109986,0.009091496766310443,-138.547904172063,1.4520958279369873,0.6668595237770387,-0.9896278869433073,True,0.9896278869433073,aod=200uK
17,2.519515700077115,0.02539136831382562,-190.71649898935001,9.28350101064996,,0.04348446192654026,-0.025585182807871795,-134.38190763583827,5.618092364161711,-3.6654086464882476,-0.9598707688274163,True,0.9598707688274163,aod=200uK
18,2.3538312734449596,0.02295634040977217,-195.16616100719108,4.8338389928088885,,0.08831170807532039,-0.01538973375094448,-136.52086821772772,3.4791317822722645,-1.3547072105366236,-0.9751490586980552,True,0.9751490586980552,aod=200uK
19,2.269454404542735,-0.010418562479264851,-194.21412614914968,5.785873850850308,,0.06515686772984015,0.027302718072452437,-133.1764525135556,6.823547486444378,1.0376736355940697,-0.9512603750968258,True,0.9512603750968258,aod=200uK
20,2.4949590648620648,0.004398721251963615,-197.22775536533166,2.772244634668326,,-0.08361233077206597,0.005226275519860613,-138.35900320508554,1.6409967949144406,-1.1312478397538854,-0.9882785943220397,True,0.9882785943220397,aod=200uK
21,2.418145020185343,0.013054506286935734,-198.5417466198267,1.458253380173255,,-0.03627936997672368,-0.005371775311839309,-139.5004104404818,0.49958955951818157,-0.9586638206550733,-0.9964315031462987,True,0.9964315031462987,aod=200uK
0,2.4023495417976415,0.04065761367758853,-186.78657489806622,13.21342510193375,,0.17209279900997404,0.025789468240069936,-128.75569770409746,11.244302295902527,-1.9691228060312214,-0.9196835550292677,True,0.9196835550292677,aod=200uK
1,2.560591189659787,0.02157406445722705,-188.88436850643848,11.115631493561496,,0.06990309194346321,-0.026973599299642333,-133.18897816172588,6.811021838274099,-4.304609655287397,-0.9513498440123278,True,0.9513498440123278,aod=200uK
2,2.3424259168726387,0.011419731371566851,-197.99145205232668,2.0085479476732995,,0.0533045937842817,-0.010791734767236601,-138.48920787483652,1.5107921251634537,-0.49775582250984557,-0.9892086276774039,True,0.9892086276774039,aod=200uK
3,2.4412743757455777,0.012844157911690347,-198.18429578252517,1.8157042174748153,,-0.054095828911534895,-0.003378450319919217,-139.31148429004608,0.6885157099538909,-1.1271885075209243,-0.9950820306431865,True,0.9950820306431865,aod=200uK
4,2.430041061432469,0.004576091126902483,-199.56910222844257,0.43089777155741404,,-0.016857461500514058,0.002898364844357922,-139.87474551153002,0.12525448846996684,-0.3056432830874472,-0.9991053250823574,True,0.9991053250823574,aod=200uK
5,2.409141862589673,0.011744230695079618,-198.87320985782736,1.1267901421726236,,-0.026238137417887834,-0.005043058085919749,-139.6559878445602,0.3440121554397884,-0.7827779867328352,-0.9975427703182872,True,0.9975427703182872,aod=200uK
6,2.373559311761604,0.026834253919296388,-194.04065706164687,5.9593429383531085,,0.0990811754251721,-0.016614072685061123,-135.80018067734423,4.199819322655755,-1.7595236156973537,-0.9700012905524589,True,0.9700012905524589,aod=200uK
7,2.3483541550969984,0.036908381887813,-188.3346076022645,11.665392397735486,,0.16916115377958935,0.023932118342622984,-129.68991189745344,10.310088102546537,-1.3553042951889491,-0.926356513553239,True,0.926356513553239,aod=200uK
8,2.538291649318523,-0.029581423502753133,-187.49518768354855,12.504812316451439,,-0.16123978820654317,-0.022089749366763778,-130.88198412760497,9.118015872395004,-3.3867964440564338,-0.9348713151971785,True,0.9348713151971785,aod=200uK
9,2.417809436499599,0.030383865824927418,-192.52889878475926,7.471101215240726,,0.1025737386240339,-0.019045606396891984,-134.96524157786928,5.034758422130685,-2.43634279311004,-0.9640374398419237,True,0.9640374398419237,aod=200uK
10,2.4230496025873776,0.004238757231366132,-199.70121570134293,0.2987842986570536,,-0.010101601103344293,0.002295118777666703,-139.93702876308646,0.06297123691350677,-0.23581306174354683,-0.9995502054506178,True,0.9995502054506178,aod=200uK
11,2.4061861505502913,0.0052564209869194415,-199.76798764199336,0.23201235800662348,,-0.0020369932652992964,-0.0005065344587677076,-139.99710060659322,0.002899393406761627,-0.22911296459986186,-0.9999792900470945,True,0.9999792900470945,aod=200uK
12,2.5652477710079156,-0.011794486543270177,-191.0660452041174,8.933954795882592,,-0.16205808407677044,-0.010121675254210342,-133.91104817676398,6.088951823236007,-2.8450029726465837,-0.9565074869768857,True,0.9565074869768857,aod=200uK
13,2.3944132637986035,-0.008575613358597044,-199.4031078580332,0.5968921419667729,,0.056506095746594,0.00831002729460272,-138.79649575647477,1.203504243525203,0.6066121015584302,-0.9914035411176771,True,0.9914035411176771,aod=200uK
14,2.3178751996040305,0.020798552265842072,-194.58154182964506,5.4184581703549215,,0.14154408014984352,-0.007818521225548412,-135.47284541010865,4.527154589891345,-0.8913035804635768,-0.9676631815007761,True,0.9676631815007761,aod=200uK
15,2.29730504759475,-0.001572843184425564,-196.92217597631975,3.077824023680232,,0.12890119824046284,0.005263120219997779,-136.42092501294042,3.579074987059554,0.5012509633793221,-0.9744351786638603,True,0.9744351786638603,aod=200uK
16,2.4141359560399427,-0.010681930157943382,-199.02965368211983,0.9703463178801426,,0.04052020988684608,0.012386851458569974,-138.4382540272813,1.5617459727186909,0.5913996548385484,-0.9888446716234379,True,0.9888446716234379,aod=200uK
17,2.414763256466524,0.004896074539803443,-199.74473207105444,0.25526792894552736,,-0.006759816953035742,0.0008331355498125784,-139.98510599626354,0.014894003736449401,-0.24037392520907797,-0.9998936142590253,True,0.9998936142590253,aod=200uK
18,2.2513375189916105,-0.012067245876994606,-192.481407798938,7.5185922010619874,,-0.015818933935771096,0.03281988730811593,-131.33982301096512,8.660176989034866,1.141584787972879,-0.9381415929354652,True,0.9381415929354652,aod=200uK
19,2.464236510901589,-0.0029231516635025902,-198.72959760128157,1.2704023987184159,,-0.025759153508890204,0.011074974386952199,-138.8840325511045,1.1159674488954703,-0.15443494982294545,-0.992028803936461,True,0.992028803936461,aod=200uK
20,2.343426622402617,0.011409415702865116,-198.02655380501298,1.9734461949869972,,0.05160700285872835,-0.010779861206283183,-138.52753742535765,1.4724625746423197,-0.5009836203446777,-0.9894824101811263,True,0.9894824101811263,aod=200uK
21,2.560736606517309,-0.002018780836574841,-192.55864392315104,7.4413560768489235,,-0.14484510440549275,-0.007983487788266512,-135.26434741292772,4.735652587072249,-2.7057034897766745,-0.9661739100923411,True,0.9661739100923411,aod=200uK
0,2.3277409318640654,-0.0017292355200840667,-198.45619186724227,1.543808132757694,,0.09780762414615236,-0.00047854704880265653,-138.05504679130794,1.9449532086920347,0.40114507593434057,-0.9861074770807712,True,0.9861074770807712,aod=200uK
1,2.398156991146187,-0.0075804667812870066,-199.53973489705774,0.4602651029422454,,0.051607802500234994,0.007665994359122473,-138.9865890709067,1.0134109290932867,0.5531458261510412,-0.9927613505064765,True,0.9927613505064765,aod=200uK
2,2.4344770359984733,0.03399083569120789,-190.41870247473375,9.581297525266226,,0.16623210441379432,-0.012783316042268447,-133.15432757208836,6.845672427911607,-2.735625097354619,-0.9511023398006314,True,0.9511023398006314,aod=200uK
3,2.2680641433401414,0.006746872543240042,-194.61387701690265,5.386122983097314,,0.1518544567591036,0.011324443670232399,-134.33686384634612,5.663136153653854,0.2770131705565402,-0.959549027473901,True,0.959549027473901,aod=200uK
4,2.5497301855624595,-0.008463007631446567,-192.9826984547999,7.0173015452000795,,-0.1555096656500019,-0.0013271370294457613,-135.12575432948506,4.874245670514909,-2.1430558746851713,-0.9651839594963221,True,0.9651839594963221,aod=200uK
5,2.4199284898017583,-0.01626856638495347,-197.7686604267261,2.231339573273897,,0.01855154534249467,0.0187576070195439,-137.11750431256007,2.88249568743991,0.651156114166013,-0.9794107450897149,True,0.9794107450897149,aod=200uK
6,2.453483767444367,-0.00500386162120081,-198.9657672960329,1.0342327039670545,,-0.00812086485134863,0.011691542565450177,-138.8940092894819,1.1059907105180828,0.07175800655102846,-0.9921000663534423,True,0.9921000663534423,aod=200uK
7,2.379293375649339,-0.014447349658584891,-198.20652560565037,1.7934743943495974,,0.06517782895893473,0.014887138090477094,-137.36242200902072,2.6375779909792496,0.8441035966296524,-0.9811601572072911,True,0.9811601572072911,aod=200uK
8,2.219354050332016,-0.01137832175953606,-189.653469145639,10.346530854360958,,-0.15581109716557934,0.028797997271086898,-128.4929884263627,11.507011573637289,1.1604807192763293,-0.917807060188305,True,0.917807060188305,aod=200uK
9,2.296852431365865,-0.008766525689986425,-196.3009082218373,3.699091778162687,,0.11324559916069024,0.015668508986250024,-135.4390793306636,4.560920669336381,0.8618288911736941,-0.9674219952190258,True,0.9674219952190258,aod=200uK
10,2.2707882435319,0.0079329530661691,-194.67747527812176,5.322524721878218,,0.15448410323926523,0.00948448596937733,-134.48365411475976,5.516345885240214,0.19382116336199587,-0.9605975293911413,True,0.9605975293911413,aod=200uK
11,2.2790417577687685,-0.002224296857342039,-195.73060034359142,4.269399656408562,,0.13321897976743874,0.012863698805220059,-135.094014762063,4.905985237936966,0.6365855815284045,-0.9649572483004503,True,0.9649572483004503,aod=200uK
12,2.4653048405554836,-0.003324541015178711,-198.66936251563,1.3306374843699744,,-0.026415551658476186,0.01140345449074535,-138.8180206169717,1.1819793830282952,-0.14865810134167926,-0.9915572901212265,True,0.9915572901212265,aod=200uK
13,2.4390432025802147,0.004113649525075089,-199.41981725801492,0.5801827419850474,,-0.022281067628242945,0.0041874693414359265,-139.7583454900064,0.24165450999357116,-0.33852823199147625,-0.9982738963571888,True,0.9982738963571888,aod=200uK
14,2.4159012453546533,0.011090069816037369,-198.94314397314835,1.0568560268516278,,-0.030030548073140727,-0.003712253383254313,-139.7055147377698,0.29448526223017446,-0.7623707646214535,-0.997896533841213,True,0.997896533841213,aod=200uK
15,2.481501162137876,-0.026182565670826174,-192.58940939745258,7.410590602547401,,-0.16936477457305532,0.010605094993907823,-133.35513027894092,6.64486972105906,-0.765720881488341,-0.9525366448495781,True,0.9525366448495781,aod=200uK
16,2.419190252499635,-0.004609198021900384,-199.722622943027,0.2773770569729746,,0.026578862484638935,0.007590372539530506,-139.3951037902006,0.6048962097993786,0.32751915282640404,-0.9956793127871473,True,0.9956793127871473,aod=200uK
17,2.3516196878697313,-0.010485551313738094,-198.43847464319967,1.5615253568003171,,0.09053126010526198,0.009253445712111492,-137.64921331923435,2.3507866807656215,0.7892613239653045,-0.9832086665659598,True,0.9832086665659598,aod=200uK
18,2.3862081992532893,-0.016886535289556418,-197.6653454400183,2.3346545599816757,,0.048279780863751336,0.018441335752044506,-136.80594510204153,3.194054897958453,0.8594003379767773,-0.9771853221574396,True,0.9771853221574396,aod=200uK
19,2.455943297433262,0.016868883836593036,-196.81326752261623,3.1867324773837455,,-0.06672492080252777,-0.008423243550536889,-138.52521164127143,1.4747883587285486,-1.711944118655197,-0.9894657974376532,True,0.9894657974376532,aod=200uK
20,2.2719630741971018,-0.009090542592145014,-194.6061770852027,5.393822914797281,,0.08467363232368404,0.024800945903925658,-133.62511538009196,6.374884619908033,0.9810617051107519,-0.9544651098577998,True,0.9544651098577998,aod=200uK
21,2.362081941965834,0.0036258433298696053,-199.47523976032576,0.5247602396742216,,0.041478940324560995,-0.004667571901360424,-139.47439902283313,0.5256009771668624,0.0008407374926407427,-0.996245707305951,True,0.996245707305951,aod=200uK
0,2.4355970697011,0.013018999210896363,-198.27540308637458,1.724596913625402,,-0.050021768857943655,-0.003914452359819524,-139.36666208476817,0.6333379152318094,-1.0912589983935925,-0.9954761577483442,True,0.9954761577483442,aod=200uK
1,2.4235867795763197,0.019278102837310133,-196.86715450614386,3.1328454938561237,,-0.03686165298761315,-0.012462139464765543,-138.48108231855977,1.5189176814401968,-1.6139278124159269,-0.9891505879897129,True,0.9891505879897129,aod=200uK
2,2.5229099252715717,0.01240830976838868,-194.40349232272803,5.596507677271949,,-0.10581124917582671,-0.010010944359919326,-136.92755898143955,3.0724410185604283,-2.5240666587115204,-0.9780539927245684,True,0.9780539927245684,aod=200uK
3,2.3374943871984497,-0.01843885587171777,-196.14426357200296,3.855736427997018,,0.050918007026405976,0.02337581316690828,-135.1034035883089,4.896596411691061,1.0408599836940429,-0.9650243113450638,True,0.9650243113450638,aod=200uK
4,2.4548010478705953,0.018977241128037916,-196.24602651649212,3.753973483507844,,-0.060482472002143725,-0.011644708596962192,-138.16998146408554,1.8300185359144368,-1.9239549475934077,-0.9869284390291826,True,0.9869284390291826,aod=200uK
5,2.2409875153018795,0.005185492288971777,-192.53148987973083,7.468510120269151,,0.09763711179028621,0.02777935558554522,-131.89590337513417,8.104096624865802,0.6355865045966508,-0.9421135955366728,True,0.9421135955366728,aod=200uK
6,2.3700445503217513,-0.020120237955834338,-196.5024418050297,3.4975581949702983,,0.029329693937988916,0.023106437487394375,-135.55693988619453,4.443060113805448,0.9455019188351496,-0.968263856329961,True,0.968263856329961,aod=200uK
7,2.296735805805344,0.0219135476937289,-193.07022485563897,6.929775144361003,,0.17538921381173936,0.0038313564503361557,-133.72992600691518,6.2700739930848135,-0.6597011512761902,-0.9552137571922513,True,0.9552137571922513,aod=200uK
8,2.4600505050942547,0.01368304460356527,-197.4526720941525,2.54732790584749,,-0.0699139945491262,-0.003937448001186988,-138.8798477499727,1.120152250027289,-1.4271756558202011,-0.9919989124998051,True,0.9919989124998051,aod=200uK
9,2.355168915874256,-0.003066392201066862,-199.33842845438812,0.661571545611852,,0.07300120708790382,0.00018797451711740747,-138.91390027523644,1.0860997247635342,0.42452817915168206,-0.9922421448231176,True,0.9922421448231176,aod=200uK
10,2.270531998157377,0.0011739901328691354,-195.1505356794901,4.849464320509861,,0.14010078807422444,0.013318881615193687,-134.6243909952949,5.375609004705065,0.5261446841952038,-0.9616027928235352,True,0.9616027928235352,aod=200uK
11,2.3716151881480334,0.0021107740181390555,-199.72910013329545,0.2708998667045296,,0.03798495244740451,-0.0027633437045830613,-139.6441527766245,0.35584722337546865,0.08494735667093907,-0.9974582341187467,True,0.9974582341187467,aod=200uK
12,2.455433988631987,-0.019855474917372017,-195.953153664621,4.046846335378965,,-0.06251746336493738,0.02076190564333432,-135.75764352412807,4.2423564758719055,0.19551014049294113,-0.9696974537437721,True,0.9696974537437721,aod=200uK
13,2.3379107864128574,-0.028103249035477035,-192.56433507144936,7.43566492855062,,-0.12133679618017727,0.025672938120123442,-131.7529309903313,8.24706900966869,0.811404081118071,-0.9410923642166522,True,0.9410923642166522,aod=200uK
14,2.309368097836554,-0.002909836720171481,-197.54645536536424,2.453544634635726,,0.11898506549669062,0.0037265534184271172,-137.02293360987676,2.9770663901232304,0.5235217554875043,-0.9787352400705484,True,0.9787352400705484,aod=200uK
15,2.364518390978418,-0.009810567685718283,-198.8632187678174,1.1367812321825885,,0.08129225938272272,0.008116974790236996,-138.1282076588995,1.8717923411004667,0.7350111089178781,-0.9866300547064253,True,0.9866300547064253,aod=200uK
16,2.3512169609621365,-0.00047676956147319133,-199.30400470592338,0.6959952940765871,,0.06775238163825409,-0.0022605685781441945,-139.0233640724336,0.9766359275663818,0.28064063348979473,-0.9930240290888116,True,0.9930240290888116,aod=200uK
17,2.3151404021874304,0.005632769864918491,-197.6532306754436,2.346769324556364,,0.10186381633172653,-0.005458684924620545,-137.65545958281385,2.344540417186116,-0.002228907370247658,-0.9832532827343848,True,0.9832532827343848,aod=200uK
18,2.10792645714692,0.005759114332139612,-176.29859019880482,23.701409801195165,,0.06880229478026893,-0.05203582357011978,-117.39377346627323,22.60622653372674,-1.0951832674684243,-0.8385269533305233,True,0.8385269533305233,aod=200uK
19,2.68075793580635,-0.004982119251795997,-178.04534497910277,21.954655020897203,,0.23540796465607347,0.0236335770554878,-124.64742002773257,15.352579972267417,-6.602075048629786,-0.8903387144838042,True,0.8903387144838042,aod=200uK
20,2.4889665685329656,0.006499501030360071,-197.36287269201546,2.637127307984527,,-0.0813082788865563,0.0035980267242684597,-138.55079488422044,1.4492051157795371,-1.1879221922049898,-0.989648534887289,True,0.989648534887289,aod=200uK
21,2.398343958951364,-0.042504279216733845,-185.55997216618664,14.440027833813334,,-0.19117514581720366,-0.02495692496890456,-127.74236420078559,12.257635799214395,-2.1823920345989394,-0.9124454585770401,True,0.9124454585770401,aod=200uK
0,2.423062944344987,0.00997518661645287,-199.04935536298112,0.9506446370188703,,-0.032240252995888154,-0.001968865579441527,-139.75656950801562,0.2434304919843706,-0.7072141450344996,-0.9982612107715402,True,0.9982612107715402,aod=200uK
1,2.5285112964090084,0.002970899477683901,-195.16139540461364,4.838604595386321,,-0.12134297301531174,0.0005110613873269106,-137.0183493147027,2.9816506852972697,-1.8569539100890513,-0.9787024951050195,True,0.9787024951050195,aod=200uK
2,2.248241979479914,0.00785918642834943,-192.88865807260092,7.111341927399067,,0.12578167853710487,0.023368501843929267,-132.4364620322415,7.563537967758458,0.45219604035939154,-0.9459747288017253,True,0.9459747288017253,aod=200uK
3,2.390052352535142,-0.005333989961665236,-199.74369060506405,0.2563093949359269,,0.051993482691968705,0.004758145277421877,-139.2671946501725,0.7328053498274513,0.4764959548915244,-0.9947656760726611,True,0.9947656760726611,aod=200uK
4,2.3264877202403556,-0.018352534920297807,-195.7351500125227,4.264849987477277,,0.04720253635939414,0.024701782346209213,-134.66819831947188,5.331801680528087,1.0669516930508103,-0.9619157022819422,True,0.9619157022819422,aod=200uK
5,2.4221971358383834,0.03967763579745877,-187.27348426514538,12.726515734854589,,0.20228898241763504,0.016824109799044817,-129.61293277833772,10.387067221662264,-2.3394485131923255,-0.9258066627024124,True,0.9258066627024124,aod=200uK
6,2.488715601988309,0.008352442312656841,-197.1558036111399,2.84419638886007,,-0.08514804073455225,0.0015732930107547358,-138.50506234973923,1.4949376502607443,-1.349258738599326,-0.989321873926709,True,0.989321873926709,aod=200uK
7,2.4364209426831005,-0.009403381525738613,-198.90605028696,1.0939497130399793,,0.016386141618100383,0.01340335485917131,-138.50925093103174,1.4907490689682439,0.3967993559282645,-0.9893517923645125,True,0.9893517923645125,aod=200uK
8,2.4680430486393274,-0.0012510419525965206,-198.63918718862143,1.36081281137853,,-0.034480598710801676,0.010147698138475896,-138.9340003125681,1.0659996874318964,-0.29481312394663367,-0.9923857165183436,True,0.9923857165183436,aod=200uK
9,2.3052939231832505,-0.0010267004393219813,-197.3878117541919,2.612188245808098,,0.12176333171563525,0.0024294054123915818,-136.95280910599945,3.0471908940005408,0.43500264819244283,-0.9782343507571389,True,0.9782343507571389,aod=200uK
10,2.3349603957338685,0.025091647738443437,-193.73578135615642,6.264218643843557,,0.1469157907512717,-0.009119966873515612,-134.98920198478535,5.010798015214616,-1.2534206286289409,-0.9642085856056098,True,0.9642085856056098,aod=200uK
11,2.46848265194771,-0.019358873728626193,-195.6389884309377,4.361011569062263,,-0.08093629856519993,0.019414838572814275,-135.65385697429105,4.346143025708929,-0.014868543353333638,-0.9689561212449362,True,0.9689561212449362,aod=200uK
12,2.2814175958549536,0.016899501533176493,-193.65040834521943,6.349591654780534,,0.16890875902711536,0.0064395132877601785,-133.95285910155462,6.047140898445366,-0.302450756335168,-0.9568061364396759,True,0.9568061364396759,aod=200uK
13,2.557914204898643,0.01325069373829221,-191.44112895919767,8.558871040802318,,-0.0709162523620278,-0.022092663047531793,-135.07410645389754,4.925893546102422,-3.6329774946998965,-0.9648150460992684,True,0.9648150460992684,aod=200uK
14,2.3098246400192077,-0.01565636783357437,-195.67884431507096,4.3211556849290025,,0.06739325751257404,0.02360873936100278,-134.61930908688097,5.380690913118998,1.0595352281899952,-0.9615664934777215,True,0.9615664934777215,aod=200uK
15,2.3891079330405267,-0.015165638987579591,-198.12710577296968,1.8728942270302964,,0.054902354676344904,0.01612727293709795,-137.3060641945948,2.6939358054051783,0.8210415783748818,-0.980757601389963,True,0.980757601389963,aod=200uK
16,2.2969470457484844,0.031127308829434968,-189.1768186713539,10.823181328646072,,0.13668297816633676,0.02833294458499208,-129.81437952916207,10.18562047083792,-0.6375608578081525,-0.9272455680654434,True,0.9272455680654434,aod=200uK
17,2.458276162505246,0.007906224247238492,-198.51050220523285,1.4894977947671102,,-0.05394421699770653,0.002553468436194797,-139.35393323370522,0.6460667662947452,-0.8434310284723648,-0.995385237383609,True,0.995385237383609,aod=200uK
18,2.284840806895998,0.0005915620571488604,-196.1593802179731,3.840619782026859,,0.1384732149104085,0.007306716880045516,-135.70563588954965,4.294364110450337,0.45374432842347756,-0.9693259706396404,True,0.9693259706396404,aod=200uK
19,2.3875115377117058,-0.0059170501328259404,-199.67460566416523,0.3253943358347422,,0.055736895297651565,0.005036081878520778,-139.16329896161258,0.8367010383873903,0.5113067025526481,-0.9940235640115186,True,0.9940235640115186,aod=200uK
20,2.256272249283632,-0.016384357275453895,-191.90835607653958,8.091643923460413,,-0.07070914497425973,0.03210868728537017,-130.7411178249129,9.258882175087084,1.1672382516266704,-0.9338651273208065,True,0.9338651273208065,aod=200uK
21,2.3536369304438223,0.01838038277941272,-196.67273077630807,3.3272692236919057,,0.0525343118501285,-0.014620394525337081,-137.72819712423214,2.271802875767842,-1.055466347924064,-0.9837728366016583,True,0.9837728366016583,aod=200uK
0,2.3309693455501708,-0.017566578034006502,-196.14606944964882,3.853930550351147,,0.05882394349994875,0.022905960692151714,-135.10052185617792,4.89947814382206,1.0455475934709133,-0.9650037275441281,True,0.9650037275441281,aod=200uK
1,2.5307223486005817,-0.007955968491009283,-194.56261376093923,5.437386239060757,,-0.13475878575898914,0.006234525561852094,-136.02368279296027,3.9763172070396995,-1.4610690320210575,-0.9715977342354307,True,0.9715977342354307,aod=200uK
2,2.332982745824545,-0.01766466025729432,-196.19795233285993,3.8020476671400356,,0.0584135568325339,0.022781209962567626,-135.15586662340303,4.84413337659694,1.0420857094569036,-0.9653990473100219,True,0.9653990473100219,aod=200uK
3,2.319061290920355,-0.017260711867467384,-195.71367148672127,4.286328513278713,,0.05594520020310672,0.024292896707265837,-134.64457816377288,5.355421836227098,1.0690933229483854,-0.9617469868840921,True,0.9617469868840921,aod=200uK
4,2.324357861496768,0.005536380654735974,-198.0900675123906,1.9099324876093957,,0.08698375737418594,-0.006497164334673109,-138.1235231530828,1.87647684691717,-0.03345564069222591,-0.9865965939505916,True,0.9865965939505916,aod=200uK
5,2.3313550292569194,-0.013716098151442868,-197.1241924786458,2.875807521354171,,0.09060893582420475,0.016433323837405138,-136.1723435179676,3.827656482032397,0.9518489606782262,-0.9726595965569115,True,0.9726595965569115,aod=200uK
6,2.5173511425826773,0.001861651654649822,-195.98846671297164,4.011533287028346,,-0.10870335908784436,0.004287063101846801,-137.45687640436194,2.543123595638044,-1.4684096913903018,-0.9818348314597283,True,0.9818348314597283,aod=200uK
7,2.5748942897380616,-0.015632336079811186,-189.30568502390165,10.694314976098322,,-0.1501008851133105,-0.01830180586308404,-132.78948330482487,7.210516695175094,-3.4837982809232275,-0.9484963093201779,True,0.9484963093201779,aod=200uK
8,2.4219627398035994,0.01376080618364316,-198.3456568241028,1.6543431758971652,,-0.040497985392499984,-0.005771462680930759,-139.39870606695473,0.6012939330452556,-1.0530492428519096,-0.995705043335391,True,0.995705043335391,aod=200uK
9,2.4915968629104,-0.007828573079946088,-197.07353719923148,2.9264628007684848,,-0.06726419353227876,0.014065285916394063,-137.4964397166859,2.503560283314091,-0.4229025174543937,-0.9821174265477565,True,0.9821174265477565,aod=200uK
10,2.2878653648807323,0.009894802295789453,-195.57678657654625,4.423213423453728,,0.14705016484755315,0.0004688402186986394,-135.64437683573215,4.35562316426783,-0.06759025918589777,-0.9688884059695155,True,0.9688884059695155,aod=200uK
11,2.39828067317445,-0.005720069269804945,-199.73763049798285,0.2623695020171312,,0.04680603297466056,0.005972619505119276,-139.26749361061943,0.7325063893805477,0.4701368873634165,-0.9947678115044246,True,0.9947678115044246,aod=200uK
12,2.3910542698919484,-0.00020547713549159862,-199.97627986349866,0.023720136501306305,,0.031891773601636614,0.0009695168717341007,-139.78460343988584,0.2153965601141234,0.1916764236128171,-0.9984614531420419,True,0.9984614531420419,aod=200uK
13,2.4336690877765927,-0.006662620487625569,-199.31424003677122,0.6857599632287401,,0.01741805733257932,0.010889747444207405,-138.99016286748335,1.0098371325166409,0.3240771692879008,-0.9927868776248812,True,0.9927868776248812,aod=200uK
14,2.2670344699496465,0.012198373793369497,-193.7107334253121,6.289266574687863,,0.16011730772803384,0.012233534053715,-133.6568543395297,6.3431456604702765,0.05387908578241306,-0.9546918167109266,True,0.9546918167109266,aod=200uK
15,2.4042436516219547,-0.030238550236508885,-192.68670406640476,7.313295933595206,,-0.1491562023002065,0.019597763516773156,-132.452889665651,7.547110334348958,0.23381440075375245,-0.9460920690403646,True,0.9460920690403646,aod=200uK
16,2.44402614531664,-0.016183615072572623,-197.3411275827656,2.6588724172343716,,-0.014253265315504067,0.019477327388596855,-136.92639507012603,3.0736049298739565,0.4147325126395851,-0.9780456790723289,True,0.9780456790723289,aod=200uK
17,2.4449496813036657,0.02770529252297104,-193.2756250553762,6.724374944623788,,0.036784854733095645,-0.021876085857632975,-135.89861961627827,4.1013803837216996,-2.6229945609020886,-0.9707044258305593,True,0.9707044258305593,aod=200uK
18,2.462137743833199,-0.015276236371664899,-197.00980253288216,2.990197467117808,,-0.03893237002093058,0.018892692176601566,-136.83754290926674,3.1624570907332408,0.17225962361543248,-0.9774110207804768,True,0.9774110207804768,aod=200uK
19,2.3285448594884137,-0.014984061072605309,-196.71912159352223,3.2808784064777328,,0.08234219280757397,0.01903805594581995,-135.7231558349267,4.276844165073282,0.9959657585955488,-0.9694511131066195,True,0.9694511131066195,aod=200uK
20,2.3343695462386544,0.007679255716270352,-198.27399809917327,1.7260019008267136,,0.06810713222230023,-0.00845445682826693,-138.48313338808074,1.5168666119192356,-0.2091352889074781,-0.9891652384862911,True,0.9891652384862911,aod=200uK
21,2.2512174975724126,0.010777638934719776,-192.7067720846185,7.293227915381479,,0.13556869227676346,0.022074348287601554,-132.39621546630272,7.603784533697253,0.3105566183157737,-0.9456872533307339,True,0.9456872533307339,aod=200uK
0,2.3667459397089075,0.019691018531720898,-196.57817771568142,3.4218222843185604,,0.03665943597413478,-0.015459831248437805,-137.8151395860274,2.184860413972558,-1.2369618703460021,-0.9843938541859103,True,0.9843938541859103,aod=200uK
1,2.2884541775188163,0.01686068132643352,-194.12498275491868,5.875017245081305,,0.16472930710045147,0.002283666511980117,-134.5164572257583,5.48354277424167,-0.39147447083963605,-0.9608318373268452,True,0.9608318373268452,aod=200uK
2,2.355625190382386,0.012272838921332723,-198.22159849487016,1.7784015051298057,,0.03235611454610053,-0.010923031012230872,-138.83242591658052,1.1675740834194603,-0.6108274217103453,-0.9916601851184325,True,0.9916601851184325,aod=200uK
3,2.3760729265797957,0.01458196062597081,-198.13332283703267,1.8666771629673053,,0.004934268719178952,-0.011103852856245546,-139.00958953081116,0.9904104691888145,-0.8762666937784909,-0.9929256395057942,True,0.9929256395057942,aod=200uK
4,2.4789693335864182,0.01975959056504094,-195.06546364879412,4.93453635120586,,-0.06620722676832139,-0.014451777577398853,-137.43701915872228,2.5629808412777013,-2.371555509928159,-0.9816929939908735,True,0.9816929939908735,aod=200uK
5,2.359137662452441,0.031807635130061955,-191.42654803245662,8.573451967543365,,0.1847075379437763,-0.002881400614460612,-133.12631548001892,6.873684519981052,-1.6997674475623132,-0.9509022534287067,True,0.9509022534287067,aod=200uK
6,2.3162067664324635,0.01705794142880871,-195.63324069506612,4.366759304933859,,0.12163422501978842,-0.009212895728232945,-136.3278938252501,3.672106174749866,-0.6946531301839927,-0.9737706701803581,True,0.9737706701803581,aod=200uK
7,2.361887774272085,0.02507987869113211,-194.5487710978744,5.451228902125561,,0.0966117361733204,-0.01584316044527541,-136.09763750685343,3.902362493146545,-1.5488664089790163,-0.9721259821918103,True,0.9721259821918103,aod=200uK
8,2.396124485836106,-0.007077851871598717,-199.59522277372727,0.40477722627271373,,0.052116364536006675,0.006976706328416619,-139.0565095288137,0.9434904711862642,0.5387132449135503,-0.9932607823486695,True,0.9932607823486695,aod=200uK
9,2.356446878684602,-0.009058370766087254,-198.79067921530338,1.2093207846965803,,0.08663786846823844,0.007096982656402993,-138.07050188896707,1.9294981110329026,0.7201773263363224,-0.9862178706354793,True,0.9862178706354793,aod=200uK
10,2.488781793358712,0.007272766102912947,-197.28724337836053,2.7127566216394587,,-0.0828940087434198,0.0027844666636603153,-138.5395586605322,1.4604413394677682,-1.2523152821716905,-0.9895682761466588,True,0.9895682761466588,aod=200uK
11,2.1576760580337684,-0.023632009010542798,-179.09332751254118,20.906672487458803,,-0.02820501019760487,-0.048727669831869096,-120.86027278505537,19.1397272149446,-1.766945272514203,-0.8632876627503957,True,0.8632876627503957,aod=200uK
12,2.3531876277810584,0.022955488703318122,-195.14904109339278,4.850958906607199,,0.08957825742540579,-0.015298002254511778,-136.49781175510898,3.5021882448909856,-1.3487706617162143,-0.9749843696793501,True,0.9749843696793501,aod=200uK
13,2.4318929163813077,0.0014883095337412306,-199.68529787900522,0.31470212099476946,,-0.00567972577207609,0.005121724816268444,-139.78374388352978,0.21625611647019122,-0.09844600452457825,-0.9984553134537844,True,0.9984553134537844,aod=200uK
14,2.375371884007783,-0.0068664095582238755,-199.44601949543775,0.5539805045622106,,0.06784373593003272,0.005001937320889617,-138.86172443037717,1.138275569622807,0.5842950650605966,-0.99186946021698,True,0.99186946021698,aod=200uK
15,2.3857363572894945,-0.003921056079885153,-199.81767820641127,0.1823217935886994,,0.050506957860323796,0.003109859434008818,-139.4018930184303,0.5981069815696947,0.4157851879809952,-0.9957278072745022,True,0.9957278072745022,aod=200uK
16,2.2987790600681737,0.022596492085220944,-192.94750922953864,7.052490770461349,,0.17652943900729787,0.0038193487671929665,-133.65221379033213,6.347786209667862,-0.7047045607934871,-0.9546586699309438,True,0.9546586699309438,aod=200uK
17,2.3178275744269476,0.002471393112579658,-197.9878236281369,2.0121763718630636,,0.10172504943030183,-0.0034084758820119325,-137.8064499764642,2.193550023535773,0.1813736516727096,-0.9843317855461731,True,0.9843317855461731,aod=200uK
18,2.451228296143035,0.002245694619641574,-199.19431541349516,0.8056845865048009,,-0.02618083018095858,0.006618577455021954,-139.50975577422275,0.49024422577722276,-0.31544036072757814,-0.9964982555301627,True,0.9964982555301627,aod=200uK
19,2.305127642356801,0.011863027232794837,-196.26236014088417,3.7376398591158067,,0.12412367904217475,-0.006169984540342306,-136.5795993837167,3.4204006162832883,-0.31723924283251814,-0.9755685670265479,True,0.9755685670265479,aod=200uK
20,2.436648363200773,0.0007667611603378914,-199.60322404752017,0.3967759524798049,,-0.006933404653157141,0.006135640291059915,-139.68928397794954,0.31071602205044013,-0.08605993042936477,-0.9977805998424969,True,0.9977805998424969,aod=200uK
21,2.387428894760743,-0.0018264502805035393,-199.92716522459506,0.07283477540491755,,0.041227619892385554,0.0016685280930861719,-139.63051403570861,0.3694859642913592,0.2966511888864417,-0.997360814540776,True,0.997360814540776,aod=200uK
0,2.429535846161797,0.02333542891809661,-195.39303874053377,4.6069612594662015,,-0.014919851030710638,-0.017661575059543647,-137.46138829669724,2.5386117033027396,-2.0683495561634615,-0.9818670592621233,True,0.9818670592621233,aod=200uK
1,2.3087433062874743,-0.002022023261561433,-197.54864269391368,2.4513573060863116,,0.1189917702204525,0.002781784895838386,-137.07175834079686,2.9282416592031213,0.47688435311680993,-0.9790839881485491,True,0.9790839881485491,aod=200uK
2,2.1815327555165234,-0.009414588723284404,-185.8203780316086,14.179621968391373,,-0.2791651504711573,0.0021062722354295454,-124.89783476719747,15.102165232802507,0.9225432644111329,-0.8921273911942678,True,0.8921273911942678,aod=200uK
3,2.377775473582658,0.0007933283192234405,-199.85069297394801,0.14930702605197435,,0.03804428743781599,-0.00123258465801259,-139.69212008440965,0.3078799155903267,0.15857288953835233,-0.9978008577457834,True,0.9978008577457834,aod=200uK
4,2.46321990842051,-0.008241720196917789,-198.29263605593738,1.7073639440626023,,-0.01976379276990287,0.014572528778110562,-138.2228661261322,1.7771338738677738,0.0697699298051716,-0.9873061866152302,True,0.9873061866152302,aod=200uK
5,2.327948354458975,0.018217245661116335,-195.8363409537198,4.163659046280168,,0.10378155769311916,-0.011831640382348905,-136.6953400812277,3.3046599187722805,-0.8589991275078879,-0.9763952862944837,True,0.9763952862944837,aod=200uK
6,2.226040019168628,-0.0030532077324800285,-191.27538741239985,8.724612587600129,,-0.019474984962495688,0.03481548720021263,-130.2346786941113,9.765321305888692,1.0407087182885641,-0.9302477049579378,True,0.9302477049579378,aod=200uK
7,2.2863971147318005,-0.0062796290604927325,-195.94906834203448,4.050931657965505,,0.12093902295742495,0.015356715653125162,-135.15518729797725,4.84481270202272,0.7938810440572155,-0.965394194985552,True,0.965394194985552,aod=200uK
8,2.452333697151286,-0.0017771643762913361,-199.17605963066833,0.8239403693316438,,-0.014008555714565316,0.009415576589334595,-139.25131296521513,0.7486870347848358,-0.07525333454680805,-0.9946522354658226,True,0.9946522354658226,aod=200uK
9,2.296816941189521,-0.007319754980391679,-196.4848105048097,3.515189495190275,,0.11928669584298146,0.01338259971214825,-135.68813185553987,4.3118681444600995,0.7966786492698248,-0.969200941825285,True,0.969200941825285,aod=200uK
10,2.3136311121459108,-0.014767442445178428,-196.0891368227575,3.9108631772424896,,0.07930653566813095,0.02139301548355304,-135.06158665593492,4.938413344065048,1.027550166822559,-0.964725618970964,True,0.964725618970964,aod=200uK
11,2.273386840298301,-0.03450398820499104,-185.8549331911294,14.145066808870581,,-0.24760985648618722,-0.014982285901261168,-126.21051237754631,13.789487622453663,-0.3555791864169177,-0.9015036598396167,True,0.9015036598396167,aod=200uK
12,2.3600288094373094,-0.011602972462001952,-198.45767694692498,1.5423230530750092,,0.08427382700194126,0.010673226360405444,-137.64434554957538,2.3556544504246135,0.8133313973496045,-0.9831738967826813,True,0.9831738967826813,aod=200uK
13,2.25845089221165,0.01251818513852937,-192.97773848174464,7.022261518255333,,0.15067535447903188,0.01806905707961218,-132.8229476826151,7.177052317384858,0.15479079912952487,-0.9487353405901081,True,0.9487353405901081,aod=200uK
14,2.354978598856707,0.014195725508167077,-197.7979745413185,2.202025458681476,,0.03524827898731048,-0.012224202009397894,-138.5517797797787,1.4482202202212617,-0.753805238460214,-0.9896555698555625,True,0.9896555698555625,aod=200uK
15,2.3833853514696073,0.0007996201533519498,-199.91424367059346,0.08575632940652553,,0.03352386087983809,-0.0006091947349032137,-139.76734609794806,0.2326539020519093,0.14689757264538378,-0.9983381864139149,True,0.9983381864139149,aod=200uK
16,2.583298283920363,-0.00027254408478604613,-190.41888037175215,9.58111962824781,,-0.11474646358700315,-0.020004113963431627,-134.13427609643207,5.865723903567899,-3.715395724679911,-0.9581019721173721,True,0.9581019721173721,aod=200uK
17,2.413202346264422,0.020922345021855374,-196.45043387907566,3.5495661209243066,,-0.018995902353899793,-0.014982037659372605,-138.13221947188907,1.8677805281108963,-1.68178559281341,-0.9866587105134936,True,0.9866587105134936,aod=200uK
18,2.603696640731728,-0.002835389010269769,-188.17164486393088,11.828355136069096,,-0.061618181592578064,-0.028465702877499832,-132.74930547814304,7.250694521856929,-4.577660614212165,-0.9482093248438791,True,0.9482093248438791,aod=200uK
19,2.402351487547978,-0.009019614895008986,-199.34817281802233,0.6518271819776352,,0.05051176804919256,0.009521912839280331,-138.75444268102538,1.2455573189745957,0.5937301369969604,-0.9911031620073243,True,0.9911031620073243,aod=200uK
20,2.4106772198479445,-0.0348141980887272,-190.27964343562047,9.720356564379507,,-0.21274973563889799,0.005983048545707055,-130.75522444244015,9.244775557559828,-0.4755810068196794,-0.9339658888745727,True,0.9339658888745727,aod=200uK
21,2.322958975405099,0.009944494366075737,-197.4827708462861,2.517229153713899,,0.08745954472366547,-0.009014246617407313,-137.79468183531188,2.20531816468811,-0.3119109890257893,-0.9842477273950849,True,0.9842477273950849,aod=200uK
0,2.3308178535243953,0.01730663276451257,-196.21244610234416,3.787553897655828,,0.09252454611876779,-0.01235188965734318,-137.0404505531798,2.9595494468201857,-0.8280044508356423,-0.9788603610941415,True,0.9788603610941415,aod=200uK
1,2.5114919536801366,0.030059288618651578,-189.1788947629805,10.82110523701949,,0.13623035606312356,-0.02045546935183044,-132.91069323212997,7.0893067678699975,-3.731798469149493,-0.9493620945152142,True,0.9493620945152142,aod=200uK
2,2.501703083017149,-0.04475202994819892,-180.9935069507928,19.00649304920716,,0.0524411937875531,-0.03959476321113901,-126.90852913381141,13.09147086618857,-5.915022183018592,-0.9064894938129388,True,0.9064894938129388,aod=200uK
3,2.3940750948278207,0.01046249703337008,-199.11486087846927,0.8851391215307133,,-0.010335699119054608,-0.005735439664621247,-139.71523797956917,0.28476202043081367,-0.6003771010998996,-0.9979659855683514,True,0.9979659855683514,aod=200uK
4,2.482244926019723,0.0008530968502597239,-198.0273739949614,1.9726260050385775,,-0.058623996181859955,0.00888327181448754,-138.66808890861094,1.3319110913890497,-0.6407149136495278,-0.990486349347221,True,0.990486349347221,aod=200uK
5,2.4033788882623943,-0.03617180162685406,-189.5393800860433,10.460619913956672,,-0.22298084616971958,0.0018014254015896946,-130.16465775033672,9.835342249663256,-0.6252776642934147,-0.9297475553595481,True,0.9297475553595481,aod=200uK
6,2.3382862811864573,0.016908634395588432,-196.60515206857173,3.3948479314282376,,0.07503569438567545,-0.013199176637091067,-137.46064302974568,2.5393569702542904,-0.8554909611739474,-0.9818617359267551,True,0.9818617359267551,aod=200uK
7,2.3814369391191827,-0.006320392696114434,-199.58005874209118,0.4199412579087849,,0.06161913897282658,0.004885710036579704,-139.03473360013604,0.9652663998639524,0.5453251419551675,-0.9931052400009718,True,0.9931052400009718,aod=200uK
8,2.526212654877552,0.0031404607870681514,-195.32019766716925,4.6798023328307155,,-0.11907672765820354,0.0009772671478435967,-137.12192089566798,2.8780791043319836,-1.8017232284987315,-0.9794422921119144,True,0.9794422921119144,aod=200uK
9,2.254021247742248,-0.011236700023025724,-192.8599465594119,7.1400534405880824,,0.0071441106988298425,0.032123463042899245,-131.74204167696186,8.25795832303813,1.1179048824500473,-0.9410145834068705,True,0.9410145834068705,aod=200uK
10,2.5267260538486007,0.002078756971683079,-195.3274168995072,4.672583100492779,,-0.11972743639002245,0.0018390923131824193,-137.07139236046947,2.928607639530504,-1.743975460962275,-0.9790813740033535,True,0.9790813740033535,aod=200uK
11,2.423642056925651,-0.02485700396807891,-194.898454038407,5.101545961592961,,-0.07697631851217625,0.023249575155619543,-134.47298894942568,5.527011050574288,0.42546508898132734,-0.9605213496387551,True,0.9605213496387551,aod=200uK
12,2.4767718692030036,-0.0011229300287144966,-198.2750804310086,1.7249195689913621,,-0.04658337499981937,0.010316630082657154,-138.70618391640699,1.2938160835929966,-0.4311034853983656,-0.9907584565457643,True,0.9907584565457643,aod=200uK
13,2.4511249307419725,-0.007690268870743162,-198.76502808738442,1.2349719126155672,,-0.0024177099918869247,0.01339572395165757,-138.56460016388377,1.435399836116197,0.20042792350062982,-0.9897471440277414,True,0.9897471440277414,aod=200uK
14,2.4568917572377917,-0.006329429379992425,-198.73626960404627,1.2637303959537185,,-0.010960395776158498,0.012879080032514563,-138.64972096173202,1.3502790382679655,0.08654864231424694,-0.9903551497266574,True,0.9903551497266574,aod=200uK
15,2.5385894107269733,0.010703871112409426,-193.549904218177,6.450095781822979,,-0.11063811205008098,-0.01208161245378904,-136.35186074808894,3.648139251911048,-2.801956529911931,-0.9739418624863496,True,0.9739418624863496,aod=200uK
16,2.448800014178561,0.004669880285046576,-199.13104202453653,0.8689579754634583,,-0.03311963827414065,0.004682168750149308,-139.60059787913076,0.39940212086920596,-0.46955585459425236,-0.9971471277080771,True,0.9971471277080771,aod=200uK
17,2.2326481129720035,-0.02578480649801439,-186.66766129819527,13.3323387018047,,-0.26596246590827827,-0.0025255275126226887,-126.20294751724484,13.797052482755134,0.46471378095043364,-0.9014496251231776,True,0.9014496251231776,aod=200uK
18,2.379232747392602,0.009675451708854478,-199.12581182009956,0.8741881799004191,,0.005611173671397771,-0.006927304245182407,-139.6100231430245,0.3899768569754775,-0.4842113229249415,-0.9972144510216038,True,0.9972144510216038,aod=200uK
19,2.1030271342951417,0.014177870467384592,-174.21420527261574,25.785794727384225,,0.1843641906110929,-0.046694988983191174,-115.79047291652064,24.20952708347934,-1.5762676439048862,-0.8270748065465761,True,0.8270748065465761,aod=200uK
20,2.311329361352826,-0.015792393985390334,-195.72237684300234,4.2776231569976275,,0.0671395142852174,0.02350983552390647,-134.66349191144317,5.336508088556814,1.0588849315591862,-0.961882085081737,True,0.961882085081737,aod=200uK
21,2.4207446202555514,-0.014822798636383286,-198.11823333495133,1.8817666650486415,,0.024668056723778083,0.017294945444256585,-137.48493218656367,2.515067813436315,0.6333011483876732,-0.9820352299040264,True,0.9820352299040264,aod=200uK
0,2.4535915379889115,-0.008037787332662602,-278.31118154709884,1.6888184529010886,,0.06550356016339935,0.006522191646268732,-138.78511607063228,1.2148839293676796,-0.4739345235334088,-0.9913222576473737,True,0.9913222576473737,aod=280uK
1,2.533543307044023,-0.008962737649620505,-272.1565964803889,7.8434035196110745,,-0.06442330204192735,0.02416600802453012,-134.48609363087883,5.51390636912114,-2.3294971504899338,-0.9606149545062775,True,0.9606149545062775,aod=280uK
2,2.2376762145867044,0.022651773432980908,-265.32485167737593,14.675148322624016,,0.2291647139900686,-0.001651543173205821,-129.63804463656706,10.361955363432932,-4.313192959191085,-0.9259860331183362,True,0.9259860331183362,aod=280uK
3,2.373545350511023,0.0008226881116870207,-279.70843759389425,0.2915624061057119,,-0.022249740791431712,-0.0035960374753870165,-139.79542306870937,0.20457693129060628,-0.08698547481510557,-0.9985387362050671,True,0.9985387362050671,aod=280uK
4,2.390312494357905,0.009310666411384628,-279.2687591944331,0.7312408055668996,,-0.04668173543684021,0.002705370820326538,-139.49647336421967,0.5035266357802964,-0.22771416978660317,-0.9964033811729979,True,0.9964033811729979,aod=280uK
5,2.3076225577345393,0.012776660259941942,-275.2259778529985,4.77402214700145,,-0.04546596229335805,-0.019122228378385828,-136.65530700133925,3.3446929986607175,-1.4293291483407327,-0.9761093357238521,True,0.9761093357238521,aod=280uK
6,2.2518261546076315,0.018864742560516817,-268.31647731546116,11.683522684538772,,0.1703288467002367,-0.01738390491515681,-131.7744892263775,8.225510773622455,-3.4580119109163165,-0.9412463516169824,True,0.9412463516169824,aod=280uK
7,2.4925195005088483,0.029148872100037523,-269.7292554579028,10.270744542097168,,-0.16203954520548222,-0.014700817868761477,-133.00376593173897,6.996234068261007,-3.2745104738361612,-0.9500268995124214,True,0.9500268995124214,aod=280uK
8,2.284082038008703,0.025230199952392646,-269.4690238464641,10.53097615353585,,0.09265699424815557,-0.02648998233603203,-132.64645561420502,7.353544385794948,-3.177431767740901,-0.9474746829586075,True,0.9474746829586075,aod=280uK
9,2.427248949543694,-0.008433996174942815,-279.1278954486469,0.8721045513530464,,0.05556074460547509,0.0005725709548285693,-139.3673756242409,0.6326243757590739,-0.23948017559397247,-0.9954812544588637,True,0.9954812544588637,aod=280uK
10,2.3909538855528867,-0.014202678336835722,-278.354324719296,1.6456752807039197,,0.0653407876551773,-0.006337056073657462,-138.80847286149577,1.191527138504219,-0.45414814219970057,-0.991489091867827,True,0.991489091867827,aod=280uK
11,2.276281162851031,0.010504889846493348,-272.9258715361724,7.0741284638275745,,0.04205014995810421,-0.024040067244804522,-135.0197679684331,4.980232031566897,-2.0938964322606775,-0.9644269140602364,True,0.9644269140602364,aod=280uK
12,2.350350473221692,-0.0008106441573696014,-278.98812980662217,1.0118701933777945,,-0.02512004292514815,-0.008567118455982608,-139.28438071687071,0.7156192831292691,-0.2962509102485254,-0.9948884336919338,True,0.9948884336919338,aod=280uK
13,2.368398677429732,-0.005693345628789555,-279.33269722557867,0.6673027744212645,,0.004670187988408872,-0.007693908526578363,-139.5224173699149,0.4775826300850867,-0.18972014433617773,-0.9965886954993922,True,0.9965886954993922,aod=280uK
14,2.429461588222198,-0.020372816599243972,-276.3278734984234,3.6721265015765416,,0.1104475327927462,0.004938086379899793,-137.33205099527282,2.6679490047271677,-1.004177496849374,-0.9809432213948059,True,0.9809432213948059,aod=280uK
15,2.54078137353094,0.02772045501133479,-265.86682612353525,14.133173876464705,,-0.1188019286485917,-0.02902202336274883,-130.41080814748733,9.589191852512636,-4.543982023952069,-0.9315057724820526,True,0.9315057724820526,aod=280uK
16,2.4671514667038505,0.01416096653985685,-276.5586118056975,3.441388194302419,,-0.06484134154146061,0.013768435570075874,-137.62752937170038,2.3724706282996104,-1.0689175660028085,-0.9830537812264314,True,0.9830537812264314,aod=280uK
17,2.3724542263492463,-0.007069432032508051,-279.2903323232034,0.7096676767965603,,0.01375098179957265,-0.007676186863257876,-139.49038379749743,0.5096162025025509,-0.20005147429400938,-0.996359884267839,True,0.996359884267839,aod=280uK
18,2.5456030742269546,-0.0019290967940199834,-271.43043517852186,8.569564821478071,,-0.11874188366063548,0.019707130794398352,-134.04148283926747,5.958517160732499,-2.611047660745573,-0.957439163137625,True,0.957439163137625,aod=280uK
19,2.325391127273548,-0.011854328800799539,-276.60891884719075,3.3910811528091878,,0.05776574417315394,-0.014795164008381064,-137.56960566955405,2.4303943304459166,-0.9606868223632712,-0.9826400404968149,True,0.9826400404968149,aod=280uK
20,2.426344091631911,0.027430660947892076,-273.7024023501556,6.29759764984435,,-0.142977137297296,-0.004980252527350671,-135.68221139582403,4.317788604175959,-1.9798090456683914,-0.9691586528273146,True,0.9691586528273146,aod=280uK
21,2.4155267398429356,0.01062839323593838,-278.998548327152,1.001451672848002,,-0.0378757522021394,0.00703872733691683,-139.31090016232542,0.6890998376745671,-0.3123518351734349,-0.9950778583023245,True,0.9950778583023245,aod=280uK
0,2.3023337640430768,0.033054761004125244,-267.39224160318264,12.607758396817308,,0.1310654144643077,-0.02573475858565265,-131.23683742592254,8.763162574077437,-3.8445958227398713,-0.9374059816137326,True,0.9374059816137326,aod=280uK
1,2.4132757270244056,0.01976556086253272,-276.80544954458173,3.194550455418214,,-0.0998217628224822,0.004668406942319429,-137.80242412647434,2.1975758735256368,-0.996974581892577,-0.9843030294748168,True,0.9843030294748168,aod=280uK
2,2.433235577370783,0.04289589259246113,-264.84196085540543,15.158039144594516,,0.07814604885023257,-0.033761461238568026,-129.64638997223824,10.35361002776173,-4.804429116832786,-0.9260456426588448,True,0.9260456426588448,aod=280uK
3,2.482304937186794,0.02611534357991875,-271.79154331726573,8.208456682734209,,-0.16533704941805516,-0.003913651956253949,-134.39629155538418,5.603708444615804,-2.6047482381184053,-0.9599735111098872,True,0.9599735111098872,aod=280uK
4,2.445269048194024,-0.014506972459373118,-277.4808919973411,2.519108002658867,,0.08900958948530135,0.005152255594827283,-138.17663763343361,1.8233623665663568,-0.6957456360925104,-0.9869759830959546,True,0.9869759830959546,aod=280uK
5,2.2550026148806337,0.020371553118194566,-268.21313798832864,11.786862011671294,,0.1680512047337489,-0.01813720455628086,-131.7118139142809,8.288186085719078,-3.4986759259522175,-0.9407986708162923,True,0.9407986708162923,aod=280uK
6,2.356361480540674,0.001907462780466109,-279.1929691457978,0.8070308542021343,,-0.03558299582541888,-0.006216413782733726,-139.4323986452911,0.5676013547088671,-0.23942949949326717,-0.9959457046092224,True,0.9959457046092224,aod=280uK
7,2.407541335583554,-0.019799523996258468,-276.84353546144933,3.1564645385505954,,0.10623555405981029,-0.0007054235468747225,-137.70647121609719,2.2935287839027967,-0.8629357546477987,-0.9836176515435514,True,0.9836176515435514,aod=280uK
8,2.3065984443401195,0.009398288781183968,-275.7478747194422,4.252125280557738,,-0.03885126064539005,-0.018304517608063994,-137.01369243574672,2.9863075642532517,-1.2658177163044868,-0.9786692316839053,True,0.9786692316839053,aod=280uK
9,2.4040788185594693,-0.01312405032160666,-278.6165731905617,1.383426809438216,,0.06495247793070852,-0.004230470177302313,-138.99668021086592,1.0033197891340544,-0.3801070203041616,-0.9928334300776139,True,0.9928334300776139,aod=280uK
10,2.5550725937514778,0.032120022637804065,-262.08751984150035,17.9124801584996,,0.04293423033452253,-0.03833866217435479,-127.87577058126077,12.124229418739214,-5.788250739760389,-0.9133983612947199,True,0.9133983612947199,aod=280uK
11,2.319171634536005,-0.0015114016563105884,-277.32179657759633,2.67820342240365,,-0.010828069379586067,-0.015310237189790573,-138.10256839121368,1.8974316087862986,-0.7807718136173518,-0.9864469170800979,True,0.9864469170800979,aod=280uK
12,2.4621049626377887,-0.009979194298691351,-277.6306555515473,2.3693444484526287,,0.07287095975859484,0.008820884207112897,-138.2961641602742,1.7038358397257665,-0.6655086087268622,-0.9878297440019588,True,0.9878297440019588,aod=280uK
13,2.448523038942706,0.029300038427191217,-272.17702838192906,7.822971618070902,,-0.15348244674745404,-0.008757459383896202,-134.65060127834175,5.349398721658224,-2.473572896412678,-0.9617900091310126,True,0.9617900091310126,aod=280uK
14,2.410364848022325,-0.009383834583027979,-279.2522712779067,0.7477287220932972,,0.048731293145280415,-0.0027104771031907465,-139.45638571885894,0.5436142811410343,-0.20411444095226294,-0.9961170408489927,True,0.9961170408489927,aod=280uK
15,2.3098336351451776,-0.0015214369625408085,-276.67530273391793,3.3246972660820355,,0.0002694459734263097,-0.01717053062584022,-137.6436012357008,2.3563987642991697,-0.9682985017828656,-0.983168580255006,True,0.983168580255006,aod=280uK
16,2.5345611117766094,0.03874636239790965,-260.6910212416961,19.308978758303837,,0.14950518074321947,-0.03276650205123551,-126.92090652501693,13.079093474983047,-6.229885283320789,-0.906577903750121,True,0.906577903750121,aod=280uK
17,2.3669990891885115,0.007958448528818213,-279.0486177792301,0.9513822207698482,,-0.055513941497056685,-0.0020172737165615327,-139.33853008589398,0.6614699141059914,-0.28991230666385687,-0.9952752148992429,True,0.9952752148992429,aod=280uK
18,2.4675690613831964,0.010459718963633858,-277.2640769979547,2.7359230020452694,,-0.03412647350559801,0.014398086631365806,-138.10511850255492,1.8948814974450707,-0.8410415046001987,-0.9864651321611067,True,0.9864651321611067,aod=280uK
19,2.4587700418841014,0.005932237136099386,-278.3093392170036,1.6906607829963993,,0.000889032796293392,0.012148543262990186,-138.8202593508395,1.1797406491604723,-0.5109201338359272,-0.9915732810774252,True,0.9915732810774252,aod=280uK
20,2.36432370751725,0.006279354360440173,-279.16465435140765,0.8353456485922965,,-0.04997055154929146,-0.003008369524399284,-139.41783949467302,0.5821605053269732,-0.2531851432653234,-0.995841710676236,True,0.995841710676236,aod=280uK
21,2.4266802583014657,0.034128101530673347,-270.39995132126023,9.60004867873975,,-0.11726414357726264,-0.02176424756611799,-133.4295363689603,6.570463631039677,-3.029585047700074,-0.9530681169211451,True,0.9530681169211451,aod=280uK
0,2.318017307976754,0.0033335575699460023,-277.17509535421635,2.8249046457836102,,-0.03382181536483729,-0.01483152488487879,-138.00808773320213,1.9919122667978528,-0.8329923789857576,-0.9857720552371582,True,0.9857720552371582,aod=280uK
1,2.5512627569924904,0.01191689326038914,-269.65960044879586,10.340399551204122,,-0.18763122601347942,0.0026903045970315905,-132.92315367153068,7.076846328469281,-3.2635532227348403,-0.9494510976537909,True,0.9494510976537909,aod=280uK
2,2.440332160891851,-0.027956793983700746,-273.08859541041204,6.911404589587918,,0.10099866592162077,0.019235510022746975,-134.97173871630503,5.028261283694945,-1.8831433058929727,-0.9640838479736076,True,0.9640838479736076,aod=280uK
3,2.3625532104929645,-0.019771679018561354,-276.30254577657047,3.697454223429478,,0.10531470290118804,-0.007321034259611282,-137.32127439220503,2.6787256077949637,-1.0187286156345146,-0.9808662456586074,True,0.9808662456586074,aod=280uK
4,2.372436249263457,-0.03730810049923692,-268.5647514067238,11.435248593276167,,0.055979841564548306,0.031128889105842546,-131.61575502777617,8.384244972223804,-3.051003621052363,-0.9401125359126871,True,0.9401125359126871,aod=280uK
5,2.3853951294170597,0.040400508367365424,-266.8675082014574,13.132491798542548,,0.04951406926244092,-0.032645195687164376,-130.98183007992066,9.018169920079334,-4.114321878463214,-0.9355845005708618,True,0.9355845005708618,aod=280uK
6,2.2813898926767533,-0.007496403351904198,-273.8544103129332,6.14558968706672,,0.10007497852248037,-0.017176794264182182,-135.6083044647705,4.391695535229484,-1.7538941518372353,-0.9686307461769322,True,0.9686307461769322,aod=280uK
7,2.3933460310917263,0.017310338953630957,-277.5869750060142,2.4130249939857658,,-0.0889117134631664,0.0026631918428644697,-138.33563649216805,1.6643635078319179,-0.7486614861538478,-0.988111689229772,True,0.988111689229772,aod=280uK
8,2.254698497099096,-0.03861429367757655,-259.57775870276345,20.422241297236482,,-0.2340407623319062,0.023057763809155092,-124.98342929340181,15.016570706598163,-5.405670590638318,-0.892738780667156,True,0.892738780667156,aod=280uK
9,2.3441227096660238,0.007038623014929157,-278.32966385851523,1.6703361414847213,,-0.05936831112547391,-0.007510864913513259,-138.83004128717434,1.169958712825644,-0.5003774286590773,-0.9916431520512454,True,0.9916431520512454,aod=280uK
10,2.4924642105969457,0.04248158823216829,-262.1003922940325,17.89960770596748,,0.13413346636437934,-0.032667547270399895,-127.8385729078658,12.16142709213418,-5.738180613833301,-0.913132663627613,True,0.913132663627613,aod=280uK
11,2.277076080251784,-0.03767805283727921,-262.53996804981387,17.460031950186096,,-0.11779290794501057,0.035454706237957025,-127.14372503292309,12.856274967076892,-4.603756983109203,-0.9081694645208793,True,0.9081694645208793,aod=280uK
12,2.4970201685342013,0.023367959621826466,-271.8112952200003,8.188704779999656,,-0.1670212756142437,-0.00020210654784818126,-134.40841342849686,5.5915865715031225,-2.5971182084965334,-0.9600600959178348,True,0.9600600959178348,aod=280uK
13,2.3288936246985195,-0.0024958460649353947,-277.88943961529,2.1105603847099776,,-0.012641998776816694,-0.013533372329983964,-138.50348348687592,1.4965165131240696,-0.614043871585908,-0.9893105963348281,True,0.9893105963348281,aod=280uK
14,2.3240281197635366,-0.009127862850511375,-276.98287372341804,3.0171262765819282,,0.036353212847972514,-0.01535922537519289,-137.84448505370958,2.1555149462904155,-0.8616113302915127,-0.9846034646693542,True,0.9846034646693542,aod=280uK
15,2.442889845810994,-0.014430058878935703,-277.5842421752052,2.41575782479474,,0.08839179601379783,0.004475723244382632,-138.25085866469655,1.749141335303437,-0.6666164894913034,-0.9875061333192612,True,0.9875061333192612,aod=280uK
16,2.4270378847393133,0.0012690873666013163,-279.688224850445,0.3117751495549432,,0.015155034133606768,0.004652602315473613,-139.78001956181174,0.21998043818825008,-0.0917947113666931,-0.9984287111557982,True,0.9984287111557982,aod=280uK
17,2.3922318968700096,0.010776755206501783,-279.04708736796573,0.9529126320342151,,-0.05271594012984203,0.0033433888886332786,-139.3433899108873,0.6566100891126687,-0.2963025429215463,-0.9953099279349095,True,0.9953099279349095,aod=280uK
18,2.4252436766687677,0.008280062735505992,-279.19147679525764,0.8085232047423219,,-0.019571632205811568,0.007744877971080318,-139.44226091003327,0.5577390899667155,-0.2507841147756063,-0.9960161493573806,True,0.9960161493573806,aod=280uK
19,2.392932972778766,0.02788217141351636,-273.7661341266421,6.233865873357854,,-0.12901857717491408,-0.01076236045614905,-135.7105249806485,4.289475019351491,-1.9443908540063635,-0.9693608927189179,True,0.9693608927189179,aod=280uK
20,2.4518914567817283,-0.0024289186597379617,-278.85345184890497,1.14654815109499,,0.04243248591935016,0.007501043511075834,-139.18250056827196,0.8174994317280206,-0.32904871936696944,-0.9941607183447998,True,0.9941607183447998,aod=280uK
21,2.3044835813764046,-0.026094206887119647,-270.85039663254713,9.149603367452837,,0.17140672145630445,0.009987344222795388,-133.3203836192318,6.679616380768195,-2.469986986684642,-0.9522884544230843,True,0.9522884544230843,aod=280uK
0,2.4288924870405766,0.003911915594578647,-279.5364029817008,0.46359701829917516,,0.004539130152907161,0.00631510703452889,-139.67704315010687,0.32295684989310114,-0.140640168406074,-0.9976931653579064,True,0.9976931653579064,aod=280uK
1,2.4226773473102567,0.01892264967381913,-276.9278794608173,3.0721205391826656,,-0.09289421356988331,0.00669574826346809,-137.8876784667991,2.112321533200886,-0.9597990059817797,-0.9849119890485651,True,0.9849119890485651,aod=280uK
2,2.2911578660826484,-0.010088632592678259,-274.3819251656836,5.618074834316358,,0.09738438384652529,-0.01619553650496046,-135.97716502791528,4.0228349720847065,-1.595239862231652,-0.9712654644851092,True,0.9712654644851092,aod=280uK
3,2.20143735517308,-0.012064425696647018,-263.16331185288834,16.836688147111598,,0.07712351914785759,0.03725588423182706,-127.69514267709312,12.304857322906857,-4.531830824204739,-0.9121081619792367,True,0.9121081619792367,aod=280uK
4,2.302083429977742,0.013072654913766983,-274.73929224599704,5.260707754002938,,-0.03391623747132002,-0.020782227933573354,-136.31297189182536,3.687028108174621,-1.573679645828317,-0.9736640849416098,True,0.9736640849416098,aod=280uK
5,2.1925004130168917,0.013569730355825014,-261.45715511625406,18.542844883745886,,0.1396232674393537,0.03431468311867387,-126.6576789057203,13.342321094279672,-5.200523789466214,-0.9046977064694309,True,0.9046977064694309,aod=280uK
6,2.5414216095177946,0.012305571147935717,-270.72633179445626,9.273668205543713,,-0.17261821685217993,0.007003652854769612,-133.64392291151768,6.356077088482304,-2.9175911170614093,-0.9545994493679836,True,0.9545994493679836,aod=280uK
7,2.432543081291631,-0.01122607981844854,-278.5598455071272,1.4401544928727574,,0.07105539206331615,0.0013504905035749669,-138.95650802742182,1.0434919725781624,-0.3966625202945951,-0.9925464859101559,True,0.9925464859101559,aod=280uK
8,2.409687846019033,0.03424940831454858,-270.5863168505237,9.413683149476258,,-0.10461721736358523,-0.02301509987489417,-133.54557413498335,6.454425865016621,-2.9592572844596368,-0.9538969581070241,True,0.9538969581070241,aod=280uK
9,2.415310935940221,-0.013081780392766126,-278.5363485205814,1.4636514794185653,,0.07090444451453992,-0.002166970659441828,-138.93790520172234,1.062094798277629,-0.4015566811409364,-0.9924136085837312,True,0.9924136085837312,aod=280uK
10,2.364333296654318,0.0038741922283524388,-279.3601161342934,0.6398838657065617,,-0.040133679333501586,-0.003846085354806145,-139.55269922633414,0.4473007736658271,-0.19258309204073465,-0.9968049944738155,True,0.9968049944738155,aod=280uK
11,2.3634580853624634,0.0004052737493761467,-279.4529604071635,0.5470395928364601,,-0.026158583114907912,-0.0055434091896803366,-139.6145041223455,0.3854958776544883,-0.16154371518197186,-0.9972464580167536,True,0.9972464580167536,aod=280uK
12,2.3962838665130857,0.00993570046572005,-279.2053532563375,0.7946467436624751,,-0.04575046813901058,0.003862044857561059,-139.45331210481905,0.5466878951809284,-0.24795884848154673,-0.9960950864629934,True,0.9960950864629934,aod=280uK
13,2.3122694600495097,-0.024568374237192044,-272.04476553049466,7.9552344695052986,,0.16848195229334006,0.00365160226995534,-134.2059659593343,5.794034040665694,-2.1612004288396047,-0.9586140425666736,True,0.9586140425666736,aod=280uK
14,2.5213754876033994,0.006638761962921604,-273.6854623997933,6.314537600206644,,-0.08857709675425789,0.01864136498650881,-135.62696063086153,4.373039369138439,-1.941498231068205,-0.968764004506154,True,0.968764004506154,aod=280uK
15,2.522840336278232,-0.02779057904175433,-267.7218402653129,12.278159734687039,,-0.14218558248309102,0.024104786593640834,-131.28134068477362,8.71865931522634,-3.5595004194606994,-0.9377238620340975,True,0.9377238620340975,aod=280uK
16,2.4090286797937064,-0.012751348693937998,-278.66711075208235,1.3328892479175942,,0.06557778421194238,-0.00335985627719704,-139.03290453811738,0.9670954618825964,-0.3657937860349978,-0.9930921752722671,True,0.9930921752722671,aod=280uK
17,2.4243451578455995,-0.01210881338434023,-278.5857678228122,1.4142321771877595,,0.07090645489261097,-0.00039917211536214686,-138.97410434257256,1.02589565742743,-0.3883365197603295,-0.9926721738755183,True,0.9926721738755183,aod=280uK
18,2.3464393075090912,0.008065106329220752,-278.30901200295847,1.690987997041471,,-0.06313676264723499,-0.006801920078130685,-138.81722837117402,1.1827716288259467,-0.5082163682155242,-0.9915516312226718,True,0.9915516312226718,aod=280uK
19,2.327142306768491,-0.016954705640984405,-275.53934334822327,4.4606566517766755,,0.10231449771992258,-0.011687101514727169,-136.78340207235124,3.2165979276487446,-1.244058724127931,-0.9770243005167947,True,0.9770243005167947,aod=280uK
20,2.298827882580334,-0.010026812246842256,-275.04028297112126,4.9597170288786785,,0.08107545802374334,-0.01663279345339031,-136.45081896791052,3.5491810320894444,-1.410535996789234,-0.9746487069136468,True,0.9746487069136468,aod=280uK
21,2.629093517344717,-0.030174017519535922,-252.05517642090228,27.944823579097683,,0.22032553651238326,-0.0343773717475612,-120.96921004079151,19.030789959208473,-8.914033619889208,-0.8640657860056538,True,0.8640657860056538,aod=280uK
0,2.2718568440503315,-0.007833794145107946,-272.87196578054574,7.128034219454215,,0.12733081209832892,-0.015108560992348358,-134.89825334497164,5.101746655028352,-2.0262875644258633,-0.9635589524640832,True,0.9635589524640832,aod=280uK
1,2.4794408070602842,0.004958269351668665,-277.2336891445152,2.766310855484724,,-0.0030368355526427518,0.015544029169073029,-138.06700893119435,1.9329910688056287,-0.8333197866790955,-0.9861929209371026,True,0.9861929209371026,aod=280uK
2,2.384622086801126,0.01063636726258569,-278.99907400113295,1.0009259988670278,,-0.05689978481690075,0.0019518071850659193,-139.30888818771496,0.6911118122850199,-0.3098141865820079,-0.995063487055107,True,0.995063487055107,aod=280uK
3,2.51888750203362,-0.0002924135119929754,-274.2764684288681,5.723531571131882,,-0.03988044451733812,0.021453395308259363,-135.996561648625,4.003438351374981,-1.7200932197569008,-0.971404011775893,True,0.971404011775893,aod=280uK
4,2.4759893478164083,0.03912782099136037,-265.4114138436976,14.588586156302359,,-0.003921905395399553,-0.03523897250238632,-130.07197786666916,9.928022133330833,-4.660564022971527,-0.929085556190494,True,0.929085556190494,aod=280uK
5,2.3220453762461806,0.026396735986498533,-271.9559856970092,8.04401430299074,,-0.032336801353651655,-0.025927134743643058,-134.41363918206218,5.586360817937799,-2.457653485052941,-0.9600974227290157,True,0.9600974227290157,aod=280uK
6,2.3609179918346883,-0.014337624085553302,-277.73287219610364,2.2671278038963374,,0.0605294299092232,-0.010530803523173168,-138.36624958312086,1.633750416879117,-0.6333773870172206,-0.9883303541651491,True,0.9883303541651491,aod=280uK
7,2.364710496079847,0.011178317016256793,-278.49231459391365,1.5076854060863347,,-0.07038634257726444,-0.002174812923449836,-138.95249750600053,1.0475024939994386,-0.46018291208689605,-0.9925178393285754,True,0.9925178393285754,aod=280uK
8,2.314622585617579,0.004505152543311121,-276.87164173239444,3.1283582676055297,,-0.035101853561081184,-0.01562921102546153,-137.7958723495554,2.2041276504445904,-0.9242306171609395,-0.9842562310682529,True,0.9842562310682529,aod=280uK
9,2.5037472252512325,-0.01832313965006898,-272.9478756087677,7.052124391232283,,0.017113504511233908,0.0249667649548776,-134.95811409746636,5.041885902533621,-2.0102384886986617,-0.963986529267617,True,0.963986529267617,aod=280uK
10,2.5243801155271557,0.037261349918397496,-262.6454840082965,17.35451599170348,,0.06338346004288446,-0.037007855752722925,-128.23438213460895,11.765617865391025,-5.588898126312455,-0.915959872390064,True,0.915959872390064,aod=280uK
11,2.275946077126183,0.0001708327607647022,-273.77441273451973,6.225587265480247,,0.067671444221573,-0.020878690035227458,-135.58237787207128,4.417622127928703,-1.8079651375515438,-0.9684455562290807,True,0.9684455562290807,aod=280uK
12,2.277563603817918,-0.0016949673951027315,-273.9112096362106,6.088790363789387,,0.07250272778110883,-0.020183884771142427,-135.6728760911481,4.3271239088518545,-1.761666454937533,-0.9690919720796296,True,0.9690919720796296,aod=280uK
13,2.464851898334317,-0.002071612399449373,-278.2504473878744,1.7495526121256066,,0.041671586168045116,0.010539749291457587,-138.75740645088433,1.2425935491156368,-0.5069590630099698,-0.9911243317920312,True,0.9911243317920312,aod=280uK
14,2.3915476715466384,0.012643364226968856,-278.69314903811426,1.306850961885713,,-0.06301546955474246,0.003383981428482158,-139.0985946356422,0.9014053643577681,-0.40544559752794496,-0.9935613902545873,True,0.9935613902545873,aod=280uK
15,2.4261460515321813,0.01172120050044165,-278.6224290425938,1.3775709574061503,,-0.04004901729216987,0.008817724462563053,-139.05088223065377,0.9491177693462111,-0.4284531880599392,-0.9932205873618127,True,0.9932205873618127,aod=280uK
16,2.3491287645949637,-0.0072127633139008876,-278.5275306299153,1.472469370084656,,0.009811814566728076,-0.011360941334982718,-138.94871930243744,1.0512806975625446,-0.42118867252211145,-0.9924908521602676,True,0.9924908521602676,aod=280uK
17,2.3458277796623066,0.00726527605217665,-278.38017540398494,1.6198245960150088,,-0.06011257502760285,-0.0070459051286009215,-138.86604200409548,1.1339579959045032,-0.48586660011050575,-0.9919003000292536,True,0.9919003000292536,aod=280uK
18,2.504471244941257,-0.039337401921478644,-263.20280043047035,16.797199569529617,,-0.24154897345428492,0.007735389591546779,-128.08198821975054,11.918011780249424,-4.879187789280193,-0.9148713444267899,True,0.9148713444267899,aod=280uK
19,2.417559619355606,-0.0064335770676139685,-279.5430764354612,0.45692356453872474,,0.040222030311311927,-0.0005646903952629867,-139.66692884162407,0.33307115837591156,-0.12385240616281316,-0.9976209202973149,True,0.9976209202973149,aod=280uK
20,2.390270221298599,-0.011868057201625625,-278.8355355009653,1.164464499034664,,0.05013954782676987,-0.006420071499011681,-139.1572990100857,0.8427009899142952,-0.3217635091203687,-0.9939807072148978,True,0.9939807072148978,aod=280uK
21,2.4421769678568657,0.0011324360633412146,-279.2629707592013,0.7370292407986474,,0.023666211139313883,0.0071297220697001925,-139.47920554071175,0.5207944592882434,-0.21623478151040398,-0.9962800395765126,True,0.9962800395765126,aod=280uK
0,2.30032693586913,0.007476972323718174,-275.51836529347804,4.481634706521925,,-0.02251975026240494,-0.019535122619169183,-136.84622857865838,3.1537714213415864,-1.3278632851803387,-0.9774730612761315,True,0.9774730612761315,aod=280uK
1,2.270008240137657,-0.014935812012419104,-271.3889912443294,8.611008755670555,,0.17436956340588444,-0.004123093519400665,-133.78113780743794,6.218862192562032,-2.392146563108524,-0.955579555767414,True,0.955579555767414,aod=280uK
2,2.4475492184379317,-0.013384594546901213,-277.64478621203074,2.3552137879691912,,0.08502225135934026,0.0053923203931038315,-138.29678120854336,1.7032187914566201,-0.6519949965125712,-0.9878341514895955,True,0.9878341514895955,aod=280uK
3,2.405203490237983,0.02267395110312415,-275.87995309332115,4.120046906678789,,-0.11831173245971549,0.0002815116182177592,-137.16530927357155,2.8346907264284384,-1.2853561802503504,-0.9797522090969397,True,0.9797522090969397,aod=280uK
4,2.269874679719919,0.0010396660540141747,-273.1494250815879,6.850574918412065,,0.08315883067483186,-0.02078789901567883,-135.13880051046587,4.86119948953412,-1.9893754288779448,-0.9652771465033277,True,0.9652771465033277,aod=280uK
5,2.481396349779639,-0.0039048827596062097,-277.1808513905206,2.819148609479313,,0.042095556742877085,0.014321086008709223,-137.9988152219511,2.0011847780488794,-0.8179638314304337,-0.9857058230139366,True,0.9857058230139366,aod=280uK
6,2.329773292760649,0.007558413920982395,-277.5331127177691,2.4668872822308807,,-0.05847933611115518,-0.011369246637591712,-138.2691399335299,1.730860066470069,-0.7360272157608118,-0.9876367138109281,True,0.9876367138109281,aod=280uK
7,2.483771822686952,0.021684364063581266,-273.3856742523255,6.614325747674481,,-0.14555756701923578,0.005694602317490623,-135.4735343601501,4.526465639849893,-2.0878601078245875,-0.9676681025725008,True,0.9676681025725008,aod=280uK
8,2.5173941719645385,-0.025732720110442937,-269.12621549612516,10.873784503874802,,-0.09441631663708944,0.027241741024004316,-132.25715044998233,7.742849550017631,-3.130934953857172,-0.9446939317855884,True,0.9446939317855884,aod=280uK
9,2.3187501016066836,-0.02738228922279296,-271.3197323520673,8.680267647932617,,0.1665441354799844,0.009884844679386063,-133.6590568786177,6.340943121382298,-2.3393245265503184,-0.9547075491329836,True,0.9547075491329836,aod=280uK
10,2.4126429296273604,-0.01579102609846731,-277.9416541924243,2.0583458075756216,,0.08463892382285228,-0.0021256945701685235,-138.5062270718695,1.4937729281304784,-0.5645728794451431,-0.9893301933704965,True,0.9893301933704965,aod=280uK
11,2.1912912743663284,0.018154939909616464,-260.1012909101353,19.898709089864674,,0.10188408234349394,0.03907969688557772,-125.6865656673532,14.31343433264678,-5.585274757217893,-0.8977611833382373,True,0.8977611833382373,aod=280uK
12,2.3484046525475333,0.03627333032266817,-268.3970209934197,11.602979006580277,,0.03733533910377997,-0.031086183982359062,-131.99168350467679,8.00831649532319,-3.5946625112570882,-0.94279773931912,True,0.94279773931912,aod=280uK
13,2.324949667141169,0.01606890980839432,-275.6415245798232,4.358475420176751,,-0.0745657824739857,-0.015453847030478793,-136.9585696111425,3.0414303888574694,-1.3170450313192814,-0.9782754972224467,True,0.9782754972224467,aod=280uK
14,2.434397206282156,0.0003996381725548236,-279.5151223687599,0.48487763124009287,,0.02318694353024091,0.005410123608871679,-139.65613960036669,0.3438603996332822,-0.14101723160681073,-0.9975438542883337,True,0.9975438542883337,aod=280uK
15,2.3621325668659843,0.0029712681484048513,-279.3434453677655,0.6565546322344207,,-0.037551931315175695,-0.004638533796643745,-139.53989499355032,0.4601050064496543,-0.19644962578476632,-0.9967135356682167,True,0.9967135356682167,aod=280uK
16,2.5051000406935415,-0.01957055585946173,-272.45632654529123,7.543673454708707,,0.006904963318891991,0.0259535356240945,-134.60666173752833,5.393338262471641,-2.150335192237067,-0.9614761552680597,True,0.9614761552680597,aod=280uK
17,2.3416049218493886,0.032427443728535545,-270.20413824050377,9.795861759496201,,-0.013980105609391653,-0.0290244209009911,-133.2270734965269,6.7729265034730775,-3.022935256023124,-0.9516219535466208,True,0.9516219535466208,aod=280uK
18,2.3836010578013114,-0.007909872701665646,-279.389952800168,0.6100471998319802,,0.023899977439523268,-0.006365570984744821,-139.55935445580104,0.44064554419894475,-0.1694016556330355,-0.9968525318271504,True,0.9968525318271504,aod=280uK
19,2.5916229128384893,-0.003100045464954315,-265.29758844645045,14.702411553549528,,-0.21646152171361738,-0.010105211548693174,-129.92051942605332,10.079480573946661,-4.622930979602867,-0.9280037101860953,True,0.9280037101860953,aod=280uK
20,2.4624342560717,0.0004667857874712593,-278.4081524891773,1.591847510822605,,0.030187838303385398,0.010836039421109622,-138.87525348605823,1.1247465139417516,-0.4671009968808534,-0.9919660963289875,True,0.9919660963289875,aod=280uK
21,2.393882638606729,0.011297087014771322,-278.9646647406716,1.0353352593283385,,-0.054380429285519595,0.003706448584085487,-139.28662354309935,0.7133764569006341,-0.32195880242770436,-0.9949044538792812,True,0.9949044538792812,aod=280uK
0,2.4754021296365187,-0.01834030508597242,-274.99538693884006,5.004613061159893,,0.07947142743593986,0.01704406806147826,-136.3923012877424,3.60769871225757,-1.3969143489023232,-0.9742307234838745,True,0.9742307234838745,aod=280uK
1,2.3417574183229193,-0.0056109497739109055,-278.3641032920588,1.635896707941152,,0.0008540692282869009,-0.012071125143599957,-138.8352579443806,1.1647420556193853,-0.4711546523217667,-0.991680413888433,True,0.991680413888433,aod=280uK
2,2.3952999864786135,-0.025267758393283418,-274.8881222170746,5.111877782925346,,0.13307373211762033,0.004325641763626449,-136.2747208583811,3.7252791416188784,-1.3865986413064677,-0.9733908632741509,True,0.9733908632741509,aod=280uK
3,2.442815862066724,0.02723165027483181,-273.3241793223079,6.675820677692075,,-0.14891351315658286,-0.003662936970472419,-135.42964798370645,4.570352016293522,-2.1054686613985534,-0.9673546284550463,True,0.9673546284550463,aod=280uK
4,2.4448463799776947,0.015481361746288343,-277.2628863802134,2.7371136197865606,,-0.06635949165245263,0.011109293949620121,-138.11576939706734,1.8842306029326525,-0.8528830168539081,-0.9865412099790525,True,0.9865412099790525,aod=280uK
5,2.40473779175547,0.02029897357255852,-276.69755178268093,3.3024482173190237,,-0.1044048317931037,0.0027752533953588373,-137.72649942719016,2.273500572809822,-1.0289476445092016,-0.9837607101942155,True,0.9837607101942155,aod=280uK
6,2.3696692812384716,0.007203836308328806,-279.20914265355714,0.7908573464428252,,-0.050825380858325137,-0.0016611143517802675,-139.45056085024572,0.5494391497542677,-0.24141819668855755,-0.9960754346446123,True,0.9960754346446123,aod=280uK
7,2.3336122050208257,-0.022294412846062817,-274.23024258571814,5.769757414281837,,0.14132159729099322,-0.0044983893721818,-135.8121875604021,4.187812439597894,-1.5819449746839425,-0.9700870540028722,True,0.9700870540028722,aod=280uK
8,2.4960955696667133,0.021148797459190648,-272.67292239142273,7.327077608577208,,-0.15492069506208245,0.004837767674763033,-134.9888808042084,5.0111191957915695,-2.315958412785639,-0.9642062914586317,True,0.9642062914586317,aod=280uK
9,2.2221280290909613,-0.0007669785647750356,-267.3469897585742,12.653010241425797,,0.21119756829499112,0.0056545245651491854,-130.91182630026364,9.088173699736323,-3.564836541689473,-0.9350844735733119,True,0.9350844735733119,aod=280uK
10,2.4765948885122837,-0.02294623171304797,-273.40198258389694,6.598017416103015,,0.06552011625997739,0.022053147597022874,-135.23761787947745,4.762382120522533,-1.835635295580482,-0.9659829848534105,True,0.9659829848534105,aod=280uK
11,2.489260839732545,-0.020515049273836565,-273.39574291467005,6.604257085329921,,0.047598753294841076,0.023153446986065272,-135.25274678768275,4.747253212317232,-1.8570038730126903,-0.9660910484834483,True,0.9660910484834483,aod=280uK
12,2.3998127511690917,-0.03336941661756391,-271.1002758731656,8.899724126834386,,0.10359209893528874,0.02327793543812186,-133.49129844997103,6.508701550028949,-2.391022576805438,-0.9535092746426503,True,0.9535092746426503,aod=280uK
13,2.511984402245139,-0.04234683508598744,-260.5840931000779,19.41590689992204,,-0.25527717425797913,-0.01097653571745148,-126.32252501832043,13.677474981679541,-5.738431918242498,-0.9023037501308604,True,0.9023037501308604,aod=280uK
14,2.282020914511298,0.011274762221990727,-273.34739180536945,6.652608194630482,,0.022464313521689237,-0.023924471513745285,-135.32210855281846,4.677891447181504,-1.9747167474489788,-0.9665864896629892,True,0.9665864896629892,aod=280uK
15,2.4192422756899052,-0.005823940442064105,-279.5774807195721,0.42251928042782727,,0.038821109861612565,-4.5362339185062934e-05,-139.69205911561818,0.3079408843817989,-0.11457839604602837,-0.9978004222544157,True,0.9978004222544157,aod=280uK
16,2.414339955659747,-0.043838258819610364,-264.55610262008867,15.443897379911304,,-0.15607659834284052,0.02811535816631665,-128.7871580776049,11.21284192239508,-4.231055457516224,-0.9199082719828923,True,0.9199082719828923,aod=280uK
17,2.4355174708934064,0.0009688398367201722,-279.47691297621014,0.5230870237898393,,0.021328590277528474,0.005886213036239319,-139.63006454409904,0.3699354559009232,-0.1531515678889161,-0.997357603886422,True,0.997357603886422,aod=280uK
18,2.377019693702055,0.010084275449000974,-278.97127576828103,1.028724231718945,,-0.05902100179818313,0.00041199922354388005,-139.28792950547802,0.7120704945219457,-0.31665373719699913,-0.9949137821819861,True,0.9949137821819861,aod=280uK
19,2.321714913592784,-0.006711969080434546,-277.14401221341706,2.85598778658288,,0.020238638617937583,-0.015623956590410725,-137.96522816782112,2.0347718321788584,-0.8212159544040213,-0.9854659154844367,True,0.9854659154844367,aod=280uK
20,2.2798566793616586,0.002823199963582613,-274.09318512786524,5.90681487213473,,0.04432427612918624,-0.021743775398748017,-135.81996781439372,4.180032185606247,-1.7267826865284834,-0.9701426272456697,True,0.9701426272456697,aod=280uK
21,2.2464831750671976,-0.01867867496546695,-267.7344582413064,12.265541758693542,,0.17702840216552215,0.018284949222221705,-131.0621465343958,8.937853465604185,-3.327688293089358,-0.9361581895313986,True,0.9361581895313986,aod=280uK
0,2.323779307655956,-0.042801689687806725,-262.99142373072027,17.0085762692797,,-0.14582807397235303,0.032027202945222044,-127.51892179444826,12.481078205551722,-4.527498063727977,-0.9108494413889162,True,0.9108494413889162,aod=280uK
1,2.3526432813252702,0.02129546819186727,-275.45951664427196,4.540483355728004,,-0.10332504323203494,-0.011081299903428222,-136.85178832476998,3.148211675230006,-1.3922716804979987,-0.9775127737483571,True,0.9775127737483571,aod=280uK
2,2.4876868181059426,0.022638029611910134,-272.7761748230722,7.22382517692775,,-0.1553941277738615,0.003277450392053108,-135.0610718080923,4.938928191907685,-2.2848969850200653,-0.9647219414863737,True,0.9647219414863737,aod=280uK
3,2.5356942377598837,0.04448849740092264,-256.7490965298206,23.250903470179363,,0.2831390030856023,-0.00590142852959134,-124.24773831895934,15.752261681040647,-7.498641789138718,-0.8874838451354239,True,0.8874838451354239,aod=280uK
4,2.5245792174659885,-0.03248942099916056,-265.2859048941419,14.714095105858048,,-0.2081609938628382,0.015119868688992257,-129.5844843583506,10.415515641649382,-4.298579464208667,-0.9256034597025045,True,0.9256034597025045,aod=280uK
5,2.4379979215837806,-0.047005891513373345,-261.75026946803223,18.249730531967725,,-0.25201364618779837,0.009374595900405035,-126.89134107692742,13.108658923072554,-5.141071608895171,-0.9063667219780531,True,0.9063667219780531,aod=280uK
6,2.2466006187901897,-0.017779626897741704,-268.0106791061272,11.989320893872748,,0.18299782402327985,0.015982832607614805,-131.2733940489446,8.726605951055381,-3.2627149428173654,-0.9376671003496044,True,0.9376671003496044,aod=280uK
7,2.4473702790139553,-0.02733892145110666,-273.1098617819365,6.890138218063438,,0.09452966000902382,0.019981627408184554,-134.99300612635628,5.006993873643696,-1.8831443444197427,-0.9642357580454022,True,0.9642357580454022,aod=280uK
8,2.3970674282860016,0.011057270507432812,-279.0193020684147,0.9806979315852908,,-0.051103961966506725,0.004215915595060132,-139.3247712838775,0.6752287161224583,-0.3054692154628326,-0.9951769377419825,True,0.9951769377419825,aod=280uK
9,2.3532988774114956,0.007043415666914783,-278.71270020665054,1.2872997933494335,,-0.05770100679503061,-0.00525190733250917,-139.1001929475297,0.899807052470272,-0.3874927408791614,-0.9935728067680695,True,0.9935728067680695,aod=280uK
10,2.471382243776984,0.0051621984552529,-277.7102802552682,2.2897197447317863,,0.0012974428055902328,0.014148315309009027,-138.39977322331126,1.6002267766887088,-0.6894929680430777,-0.9885698087379378,True,0.9885698087379378,aod=280uK
11,2.3478561595566383,0.018439966688199833,-276.1722218571076,3.8277781428923165,,-0.09653842848247292,-0.009789788170896416,-137.3406455212654,2.6593544787345693,-1.1684236641577475,-0.9810046108661816,True,0.9810046108661816,aod=280uK
12,2.555049063211264,0.012596721771579902,-269.06793731709,10.932062682909914,,-0.1936883037505182,-0.0007903901436779577,-132.5280186006821,7.471981399317876,-3.460081283592038,-0.9466287042905865,True,0.9466287042905865,aod=280uK
13,2.2712716390368253,0.0005896398676148031,-273.299638143502,6.700361856497944,,0.080504223232333,-0.02073480173709203,-135.2444226648323,4.755577335167654,-1.9447845213302897,-0.9660315904630882,True,0.9660315904630882,aod=280uK
14,2.4916300167656646,0.011509312439495687,-275.5275459733281,4.472454026671894,,-0.0680031585466749,0.016391271346803387,-136.9099346479137,3.0900653520862673,-1.3823886745856269,-0.9779281046279552,True,0.9779281046279552,aod=280uK
15,2.2515050079768812,0.019137419216117574,-268.1959149163196,11.804085083680352,,0.17317870537127353,-0.016994272949935708,-131.68975607313828,8.31024392686168,-3.493841156818671,-0.9406411148081308,True,0.9406411148081308,aod=280uK
16,2.410984066271905,0.0023166987820611787,-279.9077519552698,0.0922480447301152,,-0.0003903490938972973,0.0028080620660993066,-139.9369468563308,0.06305314366918717,-0.029194901060928036,-0.999549620402363,True,0.999549620402363,aod=280uK
17,2.4552051681832636,-0.032255591771957776,-270.44052656400254,9.559473435997395,,0.026738141785877093,0.029143712137582423,-133.0654276971169,6.934572302883094,-2.624901133114301,-0.9504673406936922,True,0.9504673406936922,aod=280uK
18,2.471984913637875,0.019172823903607954,-274.95018953534344,5.049810464656495,,-0.11397163466313472,0.010208491013076302,-136.53520748500728,3.464792514992696,-1.5850179496637997,-0.9752514820357665,True,0.9752514820357665,aod=280uK
19,2.3762677425156733,-0.018014988782895286,-277.1758279851071,2.824172014892857,,0.0896108931790904,-0.007182875423710161,-137.95472913480688,2.045270865193108,-0.7789011496997487,-0.9853909223914777,True,0.9853909223914777,aod=280uK
20,2.5525825122081494,0.0020909487567663705,-270.60107513677514,9.398924863224815,,-0.15452202655101582,0.014559877016076056,-133.50598726691564,6.494012733084347,-2.9049121301404677,-0.9536141947636833,True,0.9536141947636833,aod=280uK
21,2.503168841422969,-0.020091086650840192,-272.45327413840505,7.546725861594924,,0.010249733980769742,0.025941299956213946,-134.60000155951803,5.399998440481951,-2.1467274211129723,-0.961428582567986,True,0.961428582567986,aod=280uK
0,2.5265286994527734,-0.007898479170656668,-273.0280935044097,6.971906495590272,,-0.03991671023194457,0.023946550444905033,-135.09131554064945,4.908684459350542,-2.0632220362397296,-0.9649379681474961,True,0.9649379681474961,aod=280uK
1,2.3151106001014674,0.023471764492925377,-272.66427627650853,7.335723723491448,,-0.035972798998702926,-0.024609747053538952,-134.89503173946977,5.104968260530215,-2.2307554629612323,-0.9635359409962128,True,0.9635359409962128,aod=280uK
2,2.318027574689151,-0.007571354828428611,-276.8064247944183,3.193575205581661,,0.030662551766588185,-0.01615278598843258,-137.72249779321646,2.2775022067835287,-0.9160729987981325,-0.9837321270944034,True,0.9837321270944034,aod=280uK
3,2.5002435815525503,0.003337278399328811,-275.83018504432,4.1698149556799935,,-0.019325157484892216,0.018840531747002086,-137.0865950280707,2.9134049719292947,-1.2564099837506986,-0.9791899644862193,True,0.9791899644862193,aod=280uK
4,2.333039572266047,-0.023838191566178484,-273.62999822495266,6.370001775047309,,0.1514946858384584,-0.0013899817796753646,-135.36798024403777,4.6320197559622125,-1.737982019085097,-0.9669141446002699,True,0.9669141446002699,aod=280uK
5,2.3488431296574857,0.0021499629411249016,-278.8945078052038,1.1054921947961807,,-0.03873000757757959,-0.007682625319418813,-139.22178270198535,0.7782172980146344,-0.32727489678154636,-0.9944413050141812,True,0.9944413050141812,aod=280uK
6,2.559879265931422,-0.0003851513755105204,-269.7348229724125,10.265177027587507,,-0.16950024613623335,0.012944953060443666,-132.90571326741278,7.094286732587189,-3.1708902950003184,-0.949326523338663,True,0.949326523338663,aod=280uK
7,2.3798955650302447,0.009630173273749926,-279.0934809219758,0.9065190780241429,,-0.05513116528209977,0.0008977864306152786,-139.37323660308093,0.6267633969190505,-0.2797556811050924,-0.9955231185934353,True,0.9955231185934353,aod=280uK
8,2.357473540337382,-0.022421005669734213,-275.24333731893216,4.756662681067804,,0.1278406252011193,-0.004347946198863729,-136.5455957498005,3.4544042501994916,-1.3022584308683127,-0.9753256839271465,True,0.9753256839271465,aod=280uK
9,2.3369662029632994,0.005691359261700804,-278.120410273106,1.8795897268939203,,-0.05375171590121573,-0.00955756383100719,-138.68018371174634,1.3198162882536348,-0.5597734386402856,-0.9905727407981884,True,0.9905727407981884,aod=280uK
10,2.480948453066186,-0.021064738143509832,-273.785757339408,6.214242660591958,,0.06430057438491237,0.02132602601325187,-135.52189942545243,4.478100574547557,-1.736142086044401,-0.9680135673246603,True,0.9680135673246603,aod=280uK
11,2.3488996406109437,0.01761241679693603,-276.45457815747994,3.5454218425199917,,-0.09520337401668874,-0.008822418318942248,-137.53621008504635,2.463789914953636,-1.0816319275663555,-0.982401500607474,True,0.982401500607474,aod=280uK
12,2.4833585843900843,-0.00045291457451983926,-277.17013317450596,2.8298668254939816,,0.024715188219650033,0.015301466131925446,-138.0038065409472,1.9961934590527575,-0.8336733664412243,-0.9857414752924804,True,0.9857414752924804,aod=280uK
13,2.324496357098348,0.002153650715510738,-277.64048813703477,2.35951186296519,,-0.03382424719365157,-0.013381057767371323,-138.33511558414395,1.6648844158560374,-0.6946274471091524,-0.9881079684581712,True,0.9881079684581712,aod=280uK
14,2.410980226708297,-0.01227252080259607,-278.7469051861359,1.2530948138640727,,0.06407543358620682,-0.00300370463799904,-139.0906165822174,0.9093834177825958,-0.3437113960814768,-0.9935044041586958,True,0.9935044041586958,aod=280uK
15,2.2874094788633696,0.02217134538606046,-270.9330528004653,9.066947199534662,,0.04857694380221437,-0.02706172254398525,-133.66501729851115,6.3349827014888405,-2.731964498045821,-0.954750123560794,True,0.954750123560794,aod=280uK
16,2.4260831515406207,0.0027690257526601317,-279.66054143585416,0.3394585641458181,,0.008081844455320654,0.0052925963507186825,-139.76276016658133,0.23723983341864552,-0.1022187307271726,-0.9983054297612954,True,0.9983054297612954,aod=280uK
17,2.2522338408091755,-0.0322917693874105,-262.8744437534206,17.125556246579315,,-0.06397721753801948,0.03839651547927775,-127.3821106169475,12.617889383052484,-4.507666863526831,-0.9098722186924822,True,0.9098722186924822,aod=280uK
18,2.4553278860634706,-0.024221888140799383,-274.0613523712813,5.938647628718667,,0.09668402995644008,0.0173583709457086,-135.69274050059428,4.307259499405703,-1.6313881293129633,-0.9692338607185307,True,0.9692338607185307,aod=280uK
19,2.4291409307922844,0.00193985843242128,-279.6227448490367,0.3772551509632658,,0.013556305310210862,0.005337149219987381,-139.7347497908112,0.2652502091887642,-0.11200494177450165,-0.9981053556486517,True,0.9981053556486517,aod=280uK
20,2.5659510546987243,0.0221641252099128,-265.0312073254771,14.968792674522843,,-0.12910054775502036,-0.029134173905061227,-129.84807939144827,10.151920608551722,-4.816872065971122,-0.9274862813674877,True,0.9274862813674877,aod=280uK
21,2.4267775787340518,0.02902092491149047,-272.9754883380918,7.024511661908174,,-0.14485274060000516,-0.008571053590530701,-135.18616719727171,4.813832802728249,-2.210678859179925,-0.9656154799805124,True,0.9656154799805124,aod=280uK
0,2.440149405667024,-0.0004726230451757314,-379.1043149964711,0.8956850035288773,,-0.003121176874020725,-0.007997584099840997,-139.48680104137122,0.5131989586287458,-0.38248604490013155,-0.9963342931526518,True,0.9963342931526518,aod=380uK
1,2.3333918719812154,-0.020418291908477437,-374.21268957321814,5.787310426781816,,-0.1336737439263125,-0.0022781985082038214,-136.350888663378,3.6491113366219876,-2.1381990901598282,-0.9739349190241287,True,0.9739349190241287,aod=380uK
2,2.3416502586002896,-0.02413305996580662,-373.45961599957184,6.540384000428157,,-0.1334636629207728,-0.008049353051417569,-135.8857086827078,4.114291317292204,-2.426092683135953,-0.9706122048764843,True,0.9706122048764843,aod=380uK
3,2.310815870011155,0.018126132349396366,-372.98371628632856,7.016283713671428,,-0.05123406261772369,0.021632326147014196,-135.72399936712648,4.276000632873496,-2.740283080797932,-0.9694571383366178,True,0.9694571383366178,aod=380uK
4,2.383971191736581,0.0005045926325044767,-379.8553507995415,0.14464920045846544,,0.0035624202494376183,0.0034566262244199535,-139.90190857087697,0.09809142912299942,-0.04655777133546602,-0.9992993469348357,True,0.9992993469348357,aod=380uK
5,2.208223565978661,-0.030060709462078943,-352.89767272067763,27.102327279322363,,0.29135028742778135,0.006246743496892386,-123.35891557212383,16.64108442787614,-10.461242851446222,-0.8811351112294561,True,0.8811351112294561,aod=380uK
6,2.3003483019515625,0.005026505445064176,-374.32457231639546,5.675427683604527,,-0.07693576665926864,0.01699028204740161,-136.4873313600056,3.5126686399943705,-2.1627590436101563,-0.9749095097143259,True,0.9749095097143259,aod=380uK
7,2.4282247093910145,0.03744697019478404,-368.3503901132399,11.64960988676006,,0.009985596972529211,0.029330387976109828,-133.10394853115963,6.896051468840355,-4.753558417919706,-0.9507424895082832,True,0.9507424895082832,aod=380uK
8,2.4390801522389753,0.0640289698634322,-346.3864062255129,33.61359377448702,,0.15007282581756015,-0.04435751204254015,-119.7424539051277,20.257546094872268,-13.356047679614758,-0.8553032421794838,True,0.8553032421794838,aod=380uK
9,2.3602292733847445,0.009235057135482075,-378.441219181661,1.558780818338975,,0.036938857092988185,0.009189478949211592,-139.04624968718366,0.9537503128163266,-0.6050305055226486,-0.9931874977655977,True,0.9931874977655977,aod=380uK
10,2.379386457269118,0.00530765894285682,-379.5390062074473,0.4609937925526966,,0.026173298621459926,0.004239243585088606,-139.71631572446026,0.2836842755397145,-0.17730951701298214,-0.9979736837461449,True,0.9979736837461449,aod=380uK
11,2.377620220570932,0.020070865417404514,-376.50236619549145,3.4976338045085313,,0.07578557314078906,0.010749359918559132,-137.90661284798458,2.0933871520153877,-1.4042466524931434,-0.9850472346284616,True,0.9850472346284616,aod=380uK
12,2.4086743899847405,-0.01718940687889975,-377.59665928236456,2.4033407176354347,,-0.0801283939611263,-0.0048989862193746505,-138.5010361420638,1.4989638579361646,-0.9043768596992702,-0.9892931153004559,True,0.9892931153004559,aod=380uK
13,2.457682277505199,-0.018060037751666078,-375.5503791527919,4.4496208472081,,-0.03747829251363831,-0.017327810100672126,-137.31323794037104,2.686762059628945,-1.7628587875791548,-0.9808088424312218,True,0.9808088424312218,aod=380uK
14,2.4199996892683395,-0.0019218293314681126,-379.74847620692,0.2515237930799852,,-0.012553596829230016,-0.003715672557424833,-139.85742387259583,0.1425761274041395,-0.10894766567584568,-0.9989815990899704,True,0.9989815990899704,aod=380uK
15,2.5482216667548725,-0.008629718580710141,-367.401123275464,12.598876724535957,,0.1931692728747437,0.0006588601168020849,-132.56842785411968,7.431572145880311,-5.167304578655647,-0.9469173418151406,True,0.9469173418151406,aod=380uK
16,2.3674636295878027,-0.008196497158379118,-378.8757696037795,1.1242303962204994,,-0.043874966789567225,0.006453764373867386,-139.27391066088873,0.7260893391112558,-0.39814105710924363,-0.9948136475777768,True,0.9948136475777768,aod=380uK
17,2.4511342235519624,0.019146977934489707,-375.6210309098014,4.378969090198561,,0.1123794147349554,-0.0010284780570938136,-137.4320212798681,2.5679787201318587,-1.8109903700667025,-0.981657294856201,True,0.981657294856201,aod=380uK
18,2.4351628948501443,-0.002491880353707099,-379.2645374581347,0.7354625418652155,,-0.014031875042017994,-0.006936531812102454,-139.57517308965978,0.4248269103401812,-0.31063563152503426,-0.9969655220689987,True,0.9969655220689987,aod=380uK
19,2.4246903310161554,0.010299138782675478,-378.8139250905165,1.1860749094834822,,0.05078431662353939,-0.004399548134360812,-139.31876302450252,0.6812369754974497,-0.5048379339860326,-0.9951340216035897,True,0.9951340216035897,aod=380uK
20,2.4605284407182033,0.00243490147124562,-377.9240027863015,2.0759972136984772,,0.024558294678561136,-0.011615390209386027,-138.79837552505668,1.2016244749432885,-0.8743727387551887,-0.9914169680361193,True,0.9914169680361193,aod=380uK
21,2.223781010312187,-0.02255565362184837,-359.07864124904887,20.921358750951093,,0.15083388635186787,-0.03244637678026256,-127.00877861998383,12.991221380016142,-7.930137370934949,-0.9072055615713133,True,0.9072055615713133,aod=380uK
0,2.348018865404987,0.0023764545679848008,-378.4576742116526,1.542325788347376,,0.001468884085512561,0.010992388710278654,-139.033812999335,0.9661870006649937,-0.5761387876823821,-0.9930986642809644,True,0.9930986642809644,aod=380uK
1,2.355696194853391,-0.011221348310950443,-377.90542292857805,2.0945770714219445,,-0.06762583782918867,0.007105300412497002,-138.66418747813515,1.335812521864839,-0.7587645495571056,-0.9904584819866797,True,0.9904584819866797,aod=380uK
2,2.401232561041637,-0.02003338635356108,-376.79150378072063,3.208496219279309,,-0.09209682928311202,-0.005923515469741387,-137.99536197041616,2.0046380295838113,-1.2038581896954978,-0.9856811569315442,True,0.9856811569315442,aod=380uK
3,2.38074796440282,0.021020451895190813,-376.2627510090715,3.7372489909284576,,0.07919590003649364,0.010941377680844811,-137.76616004251798,2.233839957481987,-1.5034090334464707,-0.9840440003037001,True,0.9840440003037001,aod=380uK
4,2.4867542125823494,0.013034630261682546,-374.48643889014505,5.513561109854942,,0.11936283022962119,-0.006534061076556246,-136.77465897827145,3.2253410217285348,-2.2882200881264074,-0.9769618498447962,True,0.9769618498447962,aod=380uK
5,2.451522849211144,0.011116372712506276,-377.5413900010076,2.4586099989923724,,0.06738409877320163,-0.007902903966215865,-138.57514480135706,1.4248551986429152,-1.033754800349457,-0.9898224628668363,True,0.9898224628668363,aod=380uK
6,2.453093939548955,0.0013139499058311894,-378.4243570574994,1.57564294250061,,0.012469225526405772,-0.010475685843788352,-139.09111205333056,0.9088879466694095,-0.6667549958312005,-0.9935079432380757,True,0.9935079432380757,aod=380uK
7,2.4202405389635215,-0.014947877022455338,-377.9867981570353,2.013201842964664,,-0.0683384317776668,-0.00604998653311598,-138.75546164945845,1.2445383505415373,-0.7686634924231264,-0.9911104403532748,True,0.9911104403532748,aod=380uK
8,2.3499567777530634,0.00879213952060707,-377.9943358283794,2.005664171620547,,0.027850769628641196,0.011588691078575913,-138.76806743174802,1.231932568251953,-0.7737316033685941,-0.9912004816553432,True,0.9912004816553432,aod=380uK
9,2.3812474648117066,0.022561292531168866,-375.73657323286295,4.2634267671370445,,0.08003010822571059,0.012472770303437975,-137.45266296530417,2.5473370346958113,-1.7160897324412332,-0.9818047354664585,True,0.9818047354664585,aod=380uK
10,2.3495855345601475,-0.009428987292989984,-377.8809618332104,2.1190381667896006,,-0.061066975261110996,0.00858326989525679,-138.65047233524226,1.3495276647577215,-0.7695105020318791,-0.990360516680302,True,0.990360516680302,aod=380uK
11,2.433279176731537,0.010489298028927542,-378.50625229998604,1.4937477000139352,,0.05401895717087234,-0.00574878365152123,-139.14026417349805,0.8597358265019122,-0.634011873512023,-0.9938590298107006,True,0.9938590298107006,aod=380uK
12,2.4850750140683404,-0.004615639763566081,-375.83256664160155,4.167433358398452,,0.031322786802976295,-0.016779631384725907,-137.54914668443095,2.4508533155690317,-1.7165800428294204,-0.9824939048887926,True,0.9824939048887926,aod=380uK
13,2.4051157731458592,-0.009149280873761637,-379.3164296197146,0.6835703802853635,,-0.0458484390836289,-0.0007049930120998664,-139.56671993505884,0.4332800649411366,-0.25029031534422697,-0.9969051423932775,True,0.9969051423932775,aod=380uK
14,2.4786585642779744,-0.014394848526988982,-374.9242986545111,5.075701345488838,,0.003185152751766495,-0.019457202047780092,-136.97213062392018,3.027869376079799,-2.047831969409039,-0.97837236159943,True,0.97837236159943,aod=380uK
15,2.340585475599572,0.0013053428051143243,-378.03155759237416,1.9684424076258102,,-0.010416142925741606,0.012307622572276043,-138.76713629360395,1.2328637063960104,-0.7355787012297998,-0.9911938306685999,True,0.9911938306685999,aod=380uK
16,2.3578252123240455,0.01653517752257189,-376.8285321036123,3.1714678963876852,,0.053302929189920176,0.012931732780706017,-138.083483160258,1.916516839741992,-1.2549510566456932,-0.986310594001843,True,0.986310594001843,aod=380uK
17,2.295387262088742,-0.019886254273500662,-370.81170163678456,9.188298363215432,,-0.15420324969187854,-0.011160340890961337,-134.22426082486652,5.775739175133464,-3.4125591880819686,-0.9587447201776181,True,0.9587447201776181,aod=380uK
18,2.3313885626052016,-0.003042913529976724,-377.3213882158601,2.678611784139876,,-0.0433745010398765,0.012753986665444375,-138.31562910095352,1.6843708990464672,-0.9942408850934092,-0.9879687792925252,True,0.9879687792925252,aod=380uK
19,2.3367187345985325,0.01977183919623987,-374.65877726090133,5.341222739098629,,0.01609463628665612,0.019952022773208268,-136.76537498491462,3.234625015085361,-2.1065977240132683,-0.9768955356065331,True,0.9768955356065331,aod=380uK
20,2.4610994752636657,-0.01599578694992956,-375.8880519532361,4.111948046763884,,-0.03237370639698028,-0.016812902473762447,-137.52654200995912,2.4734579900408753,-1.6384900567230087,-0.9823324429282795,True,0.9823324429282795,aod=380uK
21,2.4016719140928022,-0.0031830310439600663,-379.91747132732826,0.08252867267171066,,-0.016547675334280455,0.0001648917541268001,-139.9437845750404,0.05621542495957748,-0.026313247712133184,-0.9995984612502887,True,0.9995984612502887,aod=380uK
0,2.3710428350959933,-0.02204047529296622,-375.65216729732134,4.3478327026786285,,-0.11304731317687712,-0.0042760970859676535,-137.26410364993234,2.7358963500676508,-1.6119363526109776,-0.9804578832138025,True,0.9804578832138025,aod=380uK
1,2.422415123710565,0.007476208464786947,-379.2744275859172,0.7255724140828002,,0.034967687480463444,-0.004469399102100424,-139.5904666285119,0.4095333714880826,-0.3160390425947176,-0.997074761632228,True,0.997074761632228,aod=380uK
2,2.297141395340504,0.02566799974807484,-368.9055313624152,11.094468637584757,,-0.14543231142230675,0.01765492404110375,-133.24873498225665,6.751265017743334,-4.3432036198414234,-0.9517766784446905,True,0.9517766784446905,aod=380uK
3,2.383137462935172,-0.040478227715112496,-366.7466818907134,13.253318109286619,,0.061338197274061444,-0.030376205315530185,-131.85781889076637,8.142181109233608,-5.111137000053011,-0.9418415635054742,True,0.9418415635054742,aod=380uK
4,2.4352777309474165,-0.0157681236478825,-377.3224966950977,2.6775033049022716,,-0.06263632314748743,-0.01022006838664888,-138.3649997984765,1.6350002015234837,-1.0425031033787882,-0.9883214271319751,True,0.9883214271319751,aod=380uK
5,2.34496326189569,0.013243469639780662,-376.92023318462446,3.0797668153754882,,0.0331385935166799,0.014376262155188977,-138.1237070750911,1.8762929249088773,-1.203473890466611,-0.9865979076792223,True,0.9865979076792223,aod=380uK
6,2.3441506108470564,-0.0071465931043704495,-377.86401219823847,2.135987801761495,,-0.05195541059787745,0.010039575981627037,-138.6433677817869,1.3566322182130588,-0.7793555835484364,-0.9903097698699067,True,0.9903097698699067,aod=380uK
7,2.457816746752162,0.009868074959336441,-377.3703539915137,2.6296460084862994,,0.06490420346800549,-0.009123416952250819,-138.47573059527116,1.5242694047288285,-1.1053766037574708,-0.9891123613947941,True,0.9891123613947941,aod=380uK
8,2.399270684176341,-0.02482843585127606,-375.0727639662167,4.927236033783252,,-0.0990324070333841,-0.011596546708863826,-136.9334368094071,3.0665631905928725,-1.8606728431903803,-0.9780959772100509,True,0.9780959772100509,aod=380uK
9,2.5269955500548824,0.03449591072085237,-361.63990271047777,18.36009728952222,,-0.0961753720374087,0.03335515441328208,-129.22865364669082,10.77134635330916,-7.588750936213059,-0.9230618117620775,True,0.9230618117620775,aod=380uK
10,2.3869100965872727,0.018057000250596783,-377.2989100308598,2.70108996914016,,0.07785478653900368,0.006860710205211626,-138.38946020973097,1.6105397902690133,-1.090550178871147,-0.9884961443552214,True,0.9884961443552214,aod=380uK
11,2.4867099308215512,-0.008652362474838693,-375.25024270350934,4.749757296490616,,0.025623056406644147,-0.018291157077373013,-137.19177563071295,2.8082243692870286,-1.9415329272035875,-0.9799412545050926,True,0.9799412545050926,aod=380uK
12,2.3661183744159837,0.00935063616949729,-378.664382459298,1.3356175407019784,,0.04028518207084672,0.007774532414212962,-139.18535092380327,0.8146490761967041,-0.5209684645052741,-0.9941810780271664,True,0.9941810780271664,aod=380uK
13,2.464239466919016,-0.00632689593312099,-377.39585038439833,2.6041496156016515,,-0.009656121495974019,-0.01377575955315692,-138.46419444201206,1.5358055579879077,-1.068344057613744,-0.9890299603000864,True,0.9890299603000864,aod=380uK
14,2.323676860041083,0.004709601257400736,-376.60234214053986,3.397657859460094,,-0.021737609845717626,0.015852859696031053,-137.8947797647663,2.105220235233677,-1.2924376242264168,-0.9849627126054737,True,0.9849627126054737,aod=380uK
15,2.471989840683022,-0.02995053414227505,-369.96408969159097,10.035910308408983,,0.07105899895981514,-0.025060104463525013,-133.95166667385038,6.048333326149598,-3.987576982259385,-0.9567976190989315,True,0.9567976190989315,aod=380uK
16,2.3227011727979145,-0.011767871010328652,-375.5903019358817,4.409698064118279,,-0.1059602670312647,0.007936965244876203,-137.2187156983126,2.7812843016873736,-1.6284137624309059,-0.9801336835593759,True,0.9801336835593759,aod=380uK
17,2.4386594208725465,0.02543252581722337,-374.00153724574454,5.99846275425545,,0.12017236873567907,0.00878513971858005,-136.46020127691634,3.539798723083645,-2.458664031171805,-0.9747157234065454,True,0.9747157234065454,aod=380uK
18,2.3837270229019563,0.02430414462519786,-375.13195102540175,4.86804897459821,,0.08101464806141066,0.014014561765715866,-137.09414308770425,2.9058569122957216,-1.9621920623024882,-0.9792438791978877,True,0.9792438791978877,aod=380uK
19,2.245624246169572,0.03250680461569358,-358.5509385637706,21.449061436229353,,-0.1134589648761081,-0.03642361657369949,-126.78813697395245,13.211863026047524,-8.23719841018183,-0.9056295498139463,True,0.9056295498139463,aod=380uK
20,2.319404600885014,-0.03460990918781237,-366.83706024470325,13.16293975529673,,-0.02346855701109471,-0.03179417050151031,-131.80809032292223,8.191909677077739,-4.97103007821899,-0.9414863594494447,True,0.9414863594494447,aod=380uK
21,2.3769420935771843,-0.029848963050572625,-372.58400172411916,7.415998275880822,,-0.09981811996267997,-0.01802648661515204,-135.37958534014854,4.620414659851453,-2.79558361602937,-0.9669970381439182,True,0.9669970381439182,aod=380uK
0,2.352113193278837,0.009220630540702842,-378.0494815161568,1.9505184838431704,,0.031119485866524178,0.011176156015843203,-138.80374962846042,1.1962503715395545,-0.7542681123036159,-0.9914553544890031,True,0.9914553544890031,aod=380uK
1,2.398435283068839,-0.030198947988608706,-372.70973646782346,7.290263532176495,,-0.07994512258776504,-0.02005250149324585,-135.48502272357138,4.514977276428595,-2.7752862557479006,-0.9677501623112243,True,0.9677501623112243,aod=380uK
2,2.434649656121784,0.00040022494987955286,-379.3327433070026,0.6672566929973432,,-0.0003588763913803373,-0.006875274652203156,-139.62217646901462,0.3778235309853476,-0.2894331620119956,-0.9973012604929617,True,0.9973012604929617,aod=380uK
3,2.344770127410996,0.014783449789405496,-376.5635017963458,3.4364982036541485,,0.03479179472163054,0.015179360003657143,-137.91106631024243,2.088933689757538,-1.3475645138966104,-0.9850790450731605,True,0.9850790450731605,aod=380uK
4,2.452294603899991,-0.01893252631843194,-375.61992647552063,4.38007352447933,,-0.04571953809639586,-0.016692279174068052,-137.34615210774186,2.653847892258124,-1.7262256322212057,-0.9810439436267276,True,0.9810439436267276,aod=380uK
5,2.505336388285098,0.03521394625096574,-363.97862447765,16.021375522349985,,-0.033415024054182695,0.033901110907807494,-130.5862222629757,9.413777737024294,-6.60759778532569,-0.9327587304498265,True,0.9327587304498265,aod=380uK
6,2.35128129508922,-0.031086236126388465,-370.9610179229674,9.03898207703257,,-0.09982134971449871,-0.021284200756400393,-134.35592146884576,5.644078531154219,-3.3949035458783516,-0.9596851533488985,True,0.9596851533488985,aod=380uK
7,2.3867409502139814,0.004900208429723816,-379.71049427544045,0.2895057245595062,,0.024228173988971573,0.0026390676237808526,-139.82431869003304,0.17568130996694714,-0.11382441459255904,-0.9987451335002361,True,0.9987451335002361,aod=380uK
8,2.443186530610464,-0.04835339697752202,-360.27923790358204,19.72076209641795,,0.24552769353715384,0.003180331370446417,-128.1158968671671,11.88410313283288,-7.83665896358507,-0.9151135490511937,True,0.9151135490511937,aod=380uK
9,2.441014661390743,-0.018645994031248964,-376.2884528525515,3.7115471474485098,,-0.06110518327743095,-0.01370439916375006,-137.73728294768054,2.2627170523194367,-1.4488300951290731,-0.9838377353405755,True,0.9838377353405755,aod=380uK
10,2.3790658272166954,0.021073424043350827,-376.2074214925294,3.792578507470578,,0.07781357156010449,0.011380639893005315,-137.73178849745725,2.268211502542721,-1.5243670049278566,-0.983798489267552,True,0.983798489267552,aod=380uK
11,2.3233618323218272,0.008543928987362798,-376.1696546910161,3.8303453089838664,,-0.012045073045536961,0.01706770486106088,-137.6420811596938,2.3579188403061826,-1.4724264686776836,-0.9831577225692415,True,0.9831577225692415,aod=380uK
12,2.4331860835578616,0.01156153395923,-378.32071150618805,1.679288493811942,,0.060220468047879845,-0.005366764431984916,-139.02998348478837,0.9700165152115998,-0.7092719786003421,-0.9930713106056315,True,0.9930713106056315,aod=380uK
13,2.325803353625906,-0.013677202236092256,-375.4607470366987,4.539252963301276,,-0.11231476524228914,0.006215273329229519,-137.13464799764665,2.865352002353316,-1.6739009609479607,-0.9795331999831906,True,0.9795331999831906,aod=380uK
14,2.459609784483836,-0.031450750000071755,-370.12663418324985,9.873365816750136,,0.05089823064799092,-0.026101855247824275,-134.02580982920767,5.974190170792306,-3.89917564595783,-0.9573272130657693,True,0.9573272130657693,aod=380uK
15,2.4316644152442692,-0.0014209178789833965,-379.42761741443076,0.5723825855692034,,-0.009670211271777153,-0.006203146844117315,-139.6733330049771,0.3266669950228712,-0.2457155905463322,-0.9976666643212652,True,0.9976666643212652,aod=380uK
16,2.486379282397086,0.004589300269033831,-375.7116774533383,4.288322546661667,,0.07315223192019592,-0.013298149800951408,-137.49631602936913,2.50368397063085,-1.7846385760308174,-0.9821165430669225,True,0.9821165430669225,aod=380uK
17,2.36183758524566,-0.01948278119463381,-376.15854205594314,3.841457944056826,,-0.10938473711108054,-0.00028347688898041945,-137.5732544056508,2.4267455943491854,-1.4147123497076406,-0.9826661028975058,True,0.9826661028975058,aod=380uK
18,2.445084972742356,-0.007512981003841308,-378.4220322921153,1.5779677078846444,,-0.031328238543568865,-0.009603355350984806,-139.062295660593,0.9377043394069664,-0.640263368477678,-0.9933021118613788,True,0.9933021118613788,aod=380uK
19,2.3666256714925025,0.011948923981441558,-378.2409736559418,1.7590263440581828,,0.049621201815807627,0.008393576355494141,-138.93418069020518,1.065819309794798,-0.6932070342633849,-0.9923870049300372,True,0.9923870049300372,aod=380uK
20,2.3410518230460937,-0.02473188827414541,-373.18696756456006,6.813032435439921,,-0.13344564703737974,-0.009279046236360576,-135.71635946827683,4.283640531723144,-2.5293919037167774,-0.969402567630549,True,0.969402567630549,aod=380uK
21,2.3408958210204287,0.016384300856154707,-375.9199631299846,4.080036870015377,,0.02911141725369738,0.016978509643200215,-137.5227866771856,2.4772133228143813,-1.6028235472009955,-0.9823056191227544,True,0.9823056191227544,aod=380uK
0,2.4259328471565733,0.028148083468941803,-373.2942951972656,6.705704802734323,,0.1081332698759575,0.014136293608883434,-136.03145808109406,3.968541918905928,-2.737162883828395,-0.9716532720078148,True,0.9716532720078148,aod=380uK
1,2.415934576952433,-0.026182624871355732,-374.38001090040143,5.61998909959856,,-0.0809697694995544,-0.016344444700260703,-136.53028815452956,3.4697118454704245,-2.150277254128135,-0.9752163439609255,True,0.9752163439609255,aod=380uK
2,2.439584603057888,0.022701943957680343,-375.01192218825116,4.988077811748822,,0.11745741645267521,0.004247983919682675,-137.06208781927822,2.937912180721754,-2.0501656310270673,-0.9790149129948447,True,0.9790149129948447,aod=380uK
3,2.475619522595227,0.0021241843237837467,-376.8024104939672,3.197589506032766,,0.04194837592085791,-0.013716761989795738,-138.13676206299,1.863237937009994,-1.3343515690227723,-0.9866911575927858,True,0.9866911575927858,aod=380uK
4,2.427326073017475,0.007255790254605101,-379.16488435599183,0.8351156440081318,,0.034319450605600536,-0.005382602692775863,-139.52773058598927,0.47226941401069444,-0.3628462299974373,-0.9966266470427807,True,0.9966266470427807,aod=380uK
5,2.400630937261103,-0.017293554882597387,-377.6095078404027,2.390492159597253,,-0.08322872042135288,-0.0033396378100713654,-138.50112577647522,1.4988742235247585,-0.8916179360724941,-0.9892937555462518,True,0.9892937555462518,aod=380uK
6,2.3749457017315336,0.008542503443811807,-379.0684146894602,0.9315853105397695,,0.039752982190350464,0.005513398749449142,-139.43418210591886,0.5658178940811183,-0.36576741645865113,-0.9959584436137063,True,0.9959584436137063,aod=380uK
7,2.4785580670089775,0.0407428025799479,-363.3218807914332,16.678119208566727,,-0.10050394384411758,0.031181585322974447,-130.17809952207546,9.821900477924508,-6.85621873064222,-0.9298435680148249,True,0.9298435680148249,aod=380uK
8,2.422445970309831,0.004235809388972443,-379.5769853152095,0.42301468479046894,,0.01783181591362327,-0.004574815395649132,-139.76770259809442,0.23229740190556353,-0.19071728288490541,-0.9983407328435316,True,0.9983407328435316,aod=380uK
9,2.433370652056959,-0.023207180869269782,-375.07773581031495,4.92226418968503,,-0.06720679617509254,-0.016194213689685537,-136.98313366541592,3.0168663345840683,-1.9053978551009618,-0.978450954752971,True,0.978450954752971,aod=380uK
10,2.3630756339332906,-0.02035867452855969,-375.93113633784,4.0688636621599805,,-0.11217804940478845,-0.0014662496121552284,-137.43237286985138,2.5676271301485865,-1.5012365320113938,-0.9816598062132244,True,0.9816598062132244,aod=380uK
11,2.344125483993663,-0.018675403180514895,-375.4831403887315,4.516859611268461,,-0.118530771987572,0.0010763907169372073,-137.14628640823523,2.853713591764747,-1.663146019503714,-0.9796163314873947,True,0.9796163314873947,aod=380uK
12,2.371515243239524,0.02275732522465422,-375.41055164016933,4.5894483598306435,,0.06943098110968718,0.014870217271602607,-137.2501158518952,2.7498841481047647,-1.8395642117258788,-0.9803579703706803,True,0.9803579703706803,aod=380uK
13,2.396761285849494,0.002390248721169363,-379.9485134656913,0.0514865343086786,,0.011216666592589467,0.0006711108983593931,-139.97066826462805,0.029331735371938804,-0.022154798936739793,-0.9997904876044862,True,0.9997904876044862,aod=380uK
14,2.456982212297433,0.014389664476054513,-376.5466502721362,3.4533497278637384,,0.09170802136311601,-0.006166000813039993,-137.98637033445488,2.0136296655451154,-1.4397200623186228,-0.985616930960392,True,0.985616930960392,aod=380uK
15,2.376695116355434,-0.02686971130759342,-373.9282032810356,6.071796718964359,,-0.11212200921994142,-0.012495046469353897,-136.20425298364455,3.7957470163554348,-2.2760497026089244,-0.9728875213117469,True,0.9728875213117469,aod=380uK
16,2.4210980292598565,0.02527132318378244,-374.6486691823652,5.35133081763474,,0.10973138722465285,0.009524187134912586,-136.83363622274155,3.1663637772584172,-2.184967040376323,-0.9773831158767256,True,0.9773831158767256,aod=380uK
17,2.3678817535593466,0.005235010934495141,-379.20867205281235,0.7913279471876178,,0.024203410510750062,0.006819513957744392,-139.50853454452954,0.491465455470443,-0.2998624917171747,-0.9964895324609254,True,0.9964895324609254,aod=380uK
18,2.2662923154383665,0.00490000255853619,-370.0110568778282,9.988943122171792,,-0.17265077141357119,0.005409445815159712,-133.79988429196294,6.200115708037049,-3.7888274141347433,-0.9557134592283067,True,0.9557134592283067,aod=380uK
19,2.30744208836674,0.00559089882849263,-375.02351704567445,4.976482954325538,,-0.05623170029806444,0.01744468057690679,-136.92249323867722,3.0775067613227587,-1.8989761930027795,-0.9780178088476946,True,0.9780178088476946,aod=380uK
20,2.4248630952513395,-0.01291056116017884,-378.32475276692554,1.6752472330744144,,-0.059608942833213274,-0.0061725326411834645,-138.97058021551908,1.0294197844808866,-0.6458274485935277,-0.9926470015394222,True,0.9926470015394222,aod=380uK
21,2.3770742114485546,0.03289605042356581,-371.05930383979944,8.940696160200543,,0.01491607243814709,0.025728300781056312,-134.6639485854461,5.336051414553875,-3.6046447456466693,-0.9618853470389009,True,0.9618853470389009,aod=380uK
0,2.4711292876273308,0.012947584247973553,-375.8615900573814,4.1384099426185745,,0.09786525224944298,-0.007662885544109512,-137.58528889132563,2.414711108674348,-1.7236988339442267,-0.982752063509469,True,0.982752063509469,aod=380uK
1,2.4198028587702276,-0.00024326946309805118,-379.78186970606424,0.21813029393575478,,-0.004494530617892356,-0.003790639016097676,-139.88102539075183,0.11897460924815349,-0.09915568468760129,-0.9991501813625132,True,0.9991501813625132,aod=380uK
2,2.3902837027888593,0.004243944122749158,-379.8036380041823,0.19636199581768318,,0.02087710580964588,0.001903174310268313,-139.8819280956074,0.118071904392578,-0.07829009142510517,-0.9991566292543387,True,0.9991566292543387,aod=380uK
3,2.4536642172425736,-0.0003029029738510813,-378.4037618299523,1.5962381700476356,,0.004901856641302224,-0.010724502199638242,-139.07583682712612,0.9241631728738497,-0.6720749971737858,-0.9933988344794725,True,0.9933988344794725,aod=380uK
4,2.3930062011503503,-0.014272442671885217,-378.34476673715716,1.6552332628428315,,-0.07172873575023589,5.39232897798513e-05,-138.95154205911865,1.0484579408813364,-0.6067753219614951,-0.9925110147079904,True,0.9925110147079904,aod=380uK
5,2.4071525613222966,-0.03629466462948452,-369.44315399590556,10.556846004094389,,0.004002293446965225,-0.028468498948689323,-133.51921862661558,6.480781373384386,-4.076064630710003,-0.9537087044758258,True,0.9537087044758258,aod=380uK
6,2.3805593922809734,0.017289190247437063,-377.40116607411295,2.598833925887007,,0.07257690698670005,0.007759516161397279,-138.44549499568635,1.5545050043136235,-1.0443289215733835,-0.9888963928263312,True,0.9888963928263312,aod=380uK
7,2.382205755358529,0.0432956721191694,-364.8423239412137,15.1576760587863,,-0.1579293141708676,0.022456286525229262,-130.95971220993133,9.040287790068657,-6.117388268717643,-0.9354265157852238,True,0.9354265157852238,aod=380uK
8,2.3743402067719592,-0.008520192033946583,-379.05442505960235,0.9455749403976387,,-0.043893119211020584,0.005244297619534595,-139.3866658711615,0.6133341288384616,-0.33224081155917706,-0.9956190419368681,True,0.9956190419368681,aod=380uK
9,2.4617786396942116,0.007106388933502336,-377.48333372053116,2.51666627946882,,0.05201519314153611,-0.010640919045079742,-138.54270703845282,1.4572929615471633,-1.0593733179216567,-0.9895907645603774,True,0.9895907645603774,aod=380uK
10,2.4105123065841383,-0.0028627810406615804,-379.8731496073975,0.12685039260244738,,-0.016205930934223976,-0.0016732411523251703,-139.92391383695664,0.07608616304334036,-0.05076422955910703,-0.9994565274068333,True,0.9994565274068333,aod=380uK
11,2.4185659641664534,0.04687417766340942,-362.24781040421584,17.752189595784156,,-0.19808681762328292,0.01851220729475856,-129.46073627004,10.539263729959968,-7.212925865824188,-0.9247195447860003,True,0.9247195447860003,aod=380uK
12,2.4082884376444817,-0.011479812650460943,-378.9085707189274,1.0914292810725437,,-0.05670827273252741,-0.001897232497022505,-139.31499647094435,0.68500352905563,-0.4064257520169138,-0.9951071176496027,True,0.9951071176496027,aod=380uK
13,2.3571247666508213,0.004848891601592446,-378.7928550601082,1.2071449398917835,,0.01828834508470902,0.009243617428603924,-139.24869572858177,0.7513042714182133,-0.45584066847357024,-0.9946335409184414,True,0.9946335409184414,aod=380uK
14,2.3937804440417385,0.014662326752880858,-378.2602819601221,1.7397180398778984,,0.06838103367547613,0.00312870867710361,-138.96858345185228,1.0314165481477024,-0.708301491730196,-0.9926327389418022,True,0.9926327389418022,aod=380uK
15,2.406365887026624,-0.003694595823018616,-379.86840492790446,0.13159507209549723,,-0.019670136886498414,-0.0007658818638996423,-139.91619329127906,0.08380670872092624,-0.047788363374570986,-0.9994013806519934,True,0.9994013806519934,aod=380uK
16,2.504603738253146,-0.009297611811913381,-373.2825300589436,6.717469941056341,,0.07498027574161872,-0.018796672771877267,-136.03091297647097,3.969087023529015,-2.748382917527325,-0.9716493784033642,True,0.9716493784033642,aod=380uK
17,2.2855074856656237,-0.012286171368337305,-371.58505983911135,8.414940160888596,,-0.1618045916006857,-0.00189203952638626,-134.7174085242194,5.282591475780589,-3.1323486851080062,-0.9622672037444243,True,0.9622672037444243,aod=380uK
18,2.477078146167749,0.010114267328784692,-375.8982532761411,4.101746723858869,,0.08896443445858641,-0.009890711313182206,-137.60855895279042,2.3914410472095495,-1.7103056766493199,-0.9829182782342175,True,0.9829182782342175,aod=380uK
19,2.456723151074668,-0.02434214345389779,-373.48202689710587,6.51797310289408,,-0.020875869671055113,-0.021979053433286547,-136.04991637876094,3.950083621239034,-2.5678894816550466,-0.9717851169911498,True,0.9717851169911498,aod=380uK
20,2.399678848298542,-0.016464629502771326,-377.8333237693243,2.166676230675648,,-0.08019124182665661,-0.002544541356419472,-138.63906473046873,1.3609352695312529,-0.8057409611443953,-0.9902790337890625,True,0.9902790337890625,aod=380uK
21,2.219931235347302,-0.020911263270071534,-358.92290430139707,21.077095698602907,,0.14927747928559942,-0.032814808535446244,-126.90905584582511,13.090944154174865,-7.986151544428041,-0.9064932560416081,True,0.9064932560416081,aod=380uK
0,2.36560434631158,0.03262506178771908,-370.83664796185684,9.163352038143124,,-0.006131983140661677,0.02616850961896796,-134.51916865159953,5.480831348400449,-3.6825206897426748,-0.9608512046542825,True,0.9608512046542825,aod=380uK
1,2.2799028566181803,0.011389891580280408,-371.03923901195895,8.960760988041038,,-0.13910583825879952,0.014234658985973717,-134.4779452640128,5.522054735987197,-3.438706252053841,-0.9605567518858057,True,0.9605567518858057,aod=380uK
2,2.461837403024153,0.03351443677724304,-368.905714449995,11.094285550004965,,0.07217203448300721,0.026188894846164795,-133.4569446370747,6.543055362925264,-4.551230187079701,-0.9532638902648195,True,0.9532638902648195,aod=380uK
3,2.3483803585667937,0.018108974709677778,-375.902526893174,4.097473106825966,,0.041229878272881736,0.01633069649132528,-137.5212136181108,2.478786381889176,-1.6186867249367891,-0.9822943829865058,True,0.9822943829865058,aod=380uK
4,2.367205631090753,0.0016819089040308907,-379.38076888013745,0.6192311198625059,,0.007968744710930011,0.006910125741595513,-139.60537485084993,0.39462514915006275,-0.22460597071244315,-0.9971812489346424,True,0.9971812489346424,aod=380uK
5,2.3158684390980344,0.00962438779529104,-375.35021686494844,4.64978313505154,,-0.02748815272009761,0.018394649199001693,-137.14119014173056,2.858809858269407,-1.7909732767821331,-0.9795799295837899,True,0.9795799295837899,aod=380uK
6,2.436425705291986,-0.020799076074035496,-375.8065333473705,4.193466652629511,,-0.06634956102282868,-0.01444677375921021,-137.43434037371196,2.56565962628803,-1.6278070263414812,-0.9816738598122283,True,0.9816738598122283,aod=380uK
7,2.516351891327802,0.009080126277795078,-371.8988427820268,8.101157217973167,,0.15161972068321367,-0.003998592204753855,-135.24813684751402,4.751863152485962,-3.3492940654872054,-0.966058120339386,True,0.966058120339386,aod=380uK
8,2.345609510474118,-0.004432324662258792,-378.20409559652666,1.7959044034732987,,-0.034919784930472715,0.010557112140870552,-138.8600263300669,1.1399736699331022,-0.6559307335401966,-0.9918573309290493,True,0.9918573309290493,aod=380uK
9,2.4580166225103692,-0.03415473286823284,-368.8123259365698,11.187674063430174,,0.08315525769656369,-0.025897225020809468,-133.23249134543298,6.767508654566991,-4.420165408863182,-0.9516606524673786,True,0.9516606524673786,aod=380uK
10,2.4025885611198623,0.0003422202756198194,-379.9953438523786,0.004656147621350006,,0.0004077268465380997,-0.0003301097318785178,-139.99909504229382,0.0009049577061541223,-0.003751189915195884,-0.9999935360163846,True,0.9999935360163846,aod=380uK
11,2.498499148901381,-0.008561023689308698,-374.0657212130637,5.934278786936271,,0.057071916156022806,-0.018852271081103694,-136.49476888780922,3.5052311121907733,-2.429047674745498,-0.974962634912923,True,0.974962634912923,aod=380uK
12,2.426834392380463,0.013903208077655166,-378.05549674919945,1.9445032508005216,,0.07148667343215172,-0.0033560824352920123,-138.86858230036663,1.1314176996333452,-0.8130855511671764,-0.9919184450026189,True,0.9919184450026189,aod=380uK
13,2.499747687886461,0.027040072174508253,-368.6722476224354,11.32775237756455,,0.1182156110918888,0.021893291560260875,-133.3395996565463,6.660400343453675,-4.667352034110874,-0.9524257118324737,True,0.9524257118324737,aod=380uK
14,2.3401476164165964,0.016106863602232117,-375.9428496114147,4.057150388585232,,0.027809386563249067,0.016987536776762752,-137.5354774118863,2.4645225881136805,-1.5926278004715506,-0.9823962672277594,True,0.9823962672277594,aod=380uK
15,2.3619308528157563,0.021476311196683105,-375.509874067937,4.490125932062983,,0.05860364884698505,0.015813139968102092,-137.30072759776326,2.699272402236711,-1.790853529826272,-0.9807194828411664,True,0.9807194828411664,aod=380uK
16,2.39711523584535,0.028262122905530967,-373.6114489060401,6.388551093959856,,0.08374031883288273,0.0172337027110993,-136.19921685903023,3.8007831409697515,-2.587767952990105,-0.9728515489930732,True,0.9728515489930732,aod=380uK
17,2.4477910743609925,-0.01916578872521136,-375.7982285863351,4.201771413664866,,-0.05236186100257527,-0.015789932803306123,-137.44762341216392,2.5523765878360427,-1.649394825828823,-0.9817687386583139,True,0.9817687386583139,aod=380uK
18,2.4339907638377976,-0.011631961509106132,-378.2776943212904,1.7223056787095261,,-0.05163465423345756,-0.007923695124425072,-138.95391485963643,1.0460851403635458,-0.6762205383459803,-0.9925279632831175,True,0.9925279632831175,aod=380uK
19,2.447703920923251,-0.0029587301283753495,-378.668705016079,1.3312949839209471,,-0.011245556664785009,-0.009683771789886652,-139.2246420403533,0.7753579596466882,-0.555937024274259,-0.9944617288596665,True,0.9944617288596665,aod=380uK
20,2.482109018704959,-0.010969561838883927,-375.3136028739962,4.686397126003736,,0.011936543766515605,-0.018555923968431306,-137.21888884354456,2.781111156455424,-1.9052859695483115,-0.9801349203110327,True,0.9801349203110327,aod=380uK
21,2.3517948050218074,0.018416732597057797,-376.0012298190995,3.998770180900474,,0.04639124613023711,0.01572644722667859,-137.58378700478,2.416212995219977,-1.582557185680497,-0.9827413357484287,True,0.9827413357484287,aod=380uK
0,2.4915488439883897,0.003942976118936297,-375.25095878454994,4.749041215450059,,0.08000910766883954,-0.013575851732040045,-137.22369164164164,2.776308358358335,-1.9727328570917246,-0.9801692260117262,True,0.9801692260117262,aod=380uK
1,2.402086107323514,0.010222473094984584,-379.16238374643575,0.8376162535642283,,0.04886376709526833,-0.00017395575003439199,-139.51222638523868,0.4877736147612933,-0.34984263880293504,-0.9965159027517051,True,0.9965159027517051,aod=380uK
2,2.4164019955236995,0.04025224994526685,-366.90099197065183,13.099008029348118,,-0.05319902012524588,0.029990574602119378,-132.2336443924849,7.766355607515064,-5.332652421833054,-0.9445260313748924,True,0.9445260313748924,aod=380uK
3,2.26558119682748,0.0104377329776682,-369.22909581389445,10.770904186105506,,-0.17809846778565358,0.006314800256047922,-133.34138839630546,6.658611603694516,-4.11229258241099,-0.9524384885450392,True,0.9524384885450392,aod=380uK
4,2.4040537300141094,0.014644143673049602,-378.2768935488065,1.7231064511934155,,0.07026396056740376,0.0009944526200597787,-138.98589165124864,1.0141083487513418,-0.7089981024420736,-0.9927563689374904,True,0.9927563689374904,aod=380uK
5,2.4700364783546176,-0.005699813667118889,-377.02680939608075,2.9731906039192113,,0.0004608511226588311,-0.01480026648329048,-138.24923255356092,1.750767446439063,-1.2224231574801483,-0.987494518239721,True,0.987494518239721,aod=380uK
6,2.349811886924757,-0.018468113253436613,-375.8781444617267,4.121855538273238,,-0.11306481400013509,0.001381617758787113,-137.3941942888636,2.605805711136391,-1.5160498271368463,-0.9813871020633115,True,0.9813871020633115,aod=380uK
7,2.4484882782729227,-0.00214414784910356,-378.6601800002469,1.3398199997530646,,-0.00713936093179881,-0.009799792252494497,-139.22201465786333,0.777985342136653,-0.5618346576164116,-0.9944429618418811,True,0.9944429618418811,aod=380uK
8,2.3744398823286654,-0.007218316753886755,-379.22101821182576,0.7789817881741895,,-0.03661214904548272,0.005414810700303559,-139.49174836458533,0.5082516354146495,-0.2707301527595401,-0.9963696311756096,True,0.9963696311756096,aod=380uK
9,2.3015450552718333,-0.0014677127594713286,-374.639043570101,5.360956429898944,,-0.0940866343422416,0.01390068931671798,-136.65660713633062,3.3433928636693566,-2.0175635662295868,-0.9761186224023617,True,0.9761186224023617,aod=380uK
10,2.3416195948392238,0.004852230812598171,-377.924289254414,2.075710745585952,,0.005649981370940725,0.012665426747663903,-138.71138135906267,1.288618640937298,-0.787092104648654,-0.9907955811361622,True,0.9907955811361622,aod=380uK
11,2.2397020133761703,0.008183082570890414,-365.4634057901947,14.53659420980524,,-0.1888492436923465,-0.015519814023379283,-130.96684485656846,9.03315514343152,-5.503439066373722,-0.9354774632612034,True,0.9354774632612034,aod=380uK
12,2.38826904742007,0.014670173336796065,-378.20352320411826,1.796476795881712,,0.06710350774468754,0.004353189587343824,-138.93052817912647,1.0694718208735108,-0.7270049750082012,-0.9923609155651892,True,0.9923609155651892,aod=380uK
13,2.3134805184496448,0.014519303399684024,-374.18181487133285,5.81818512866714,,-0.034060390598351545,0.020379590133016687,-136.44343184097542,3.5565681590245672,-2.261616969642573,-0.9745959417212531,True,0.9745959417212531,aod=380uK
14,2.4884221910455473,0.0077982801233693515,-375.19790690688734,4.802093093112655,,0.09406197286246253,-0.011223016650870792,-137.1952189818571,2.8047810181428847,-1.9973120749697693,-0.9799658498704079,True,0.9799658498704079,aod=380uK
15,2.369271843083295,0.005184997513829495,-379.26126987741014,0.7387301225898131,,0.0243257181925352,0.006501134357181797,-139.54121758118916,0.4587824188108317,-0.27994770377898137,-0.9967229827227798,True,0.9967229827227798,aod=380uK
16,2.3588311855962347,0.009606531961830197,-378.3226033265121,1.6773966734878805,,0.03737105890225477,0.009624772876967936,-138.97423780916694,1.0257621908330354,-0.651634482654845,-0.9926731272083354,True,0.9926731272083354,aod=380uK
17,2.4260587159000186,0.010454323485768958,-378.7496660408148,1.250333959185157,,0.051916780300622384,-0.004591105935309672,-139.2813001950755,0.7186998049244838,-0.5316341542606731,-0.9948664299648251,True,0.9948664299648251,aod=380uK
18,2.424254051081021,0.010610192541941458,-378.77378780305486,1.2262121969451012,,0.0524410234192012,-0.004243613612911616,-139.29469098853426,0.7053090114657262,-0.520903185479375,-0.9949620784895306,True,0.9949620784895306,aod=380uK
19,2.3550560962238984,-0.0008972190228255594,-378.8737601494504,1.1262398505495812,,-0.009329863160703016,0.009349415188872015,-139.28356589446568,0.7164341055342978,-0.4098057450152834,-0.9948826135318979,True,0.9948826135318979,aod=380uK
20,2.4953581319622367,-0.0012604193592315486,-374.97224835519154,5.027751644808449,,0.0660189738987738,-0.01605728763704125,-137.05058835613312,2.949411643866851,-2.0783400009415978,-0.9789327739723797,True,0.9789327739723797,aod=380uK
21,2.293443783758619,0.014563334871860026,-372.05312188188935,7.946878118110593,,-0.09949513170922153,0.018925479152965625,-135.12705861067107,4.872941389328905,-3.0739367287816877,-0.9651932757905078,True,0.9651932757905078,aod=380uK
0,2.3550158600938342,-0.021272599122093318,-375.2614308052164,4.738569194783614,,-0.12048446480271825,-0.0025055530513415636,-137.01183002357644,2.9881699764235274,-1.7503992183600865,-0.978655928739832,True,0.978655928739832,aod=380uK
1,2.3986765960570557,0.02682065581930143,-374.24969545197706,5.750304548022908,,0.09063498713311559,0.01479549363571884,-136.58018185925505,3.4198181407449155,-2.3304864072779923,-0.9755727275661077,True,0.9755727275661077,aod=380uK
2,2.3545187012755533,0.003655115001574249,-378.74651784662444,1.2534821533755254,,0.01170376556028781,0.009723259142125629,-139.21636670305713,0.7836332969428406,-0.46984885643268487,-0.9944026193075511,True,0.9944026193075511,aod=380uK
3,2.347506540423538,-0.005471691044050278,-378.2339249786823,1.7660750213176946,,-0.039200876702828624,0.01006396916266961,-138.8765276896719,1.123472310328075,-0.6426027109896196,-0.9919751977833708,True,0.9919751977833708,aod=380uK
4,2.5016363630545095,0.0037566112767435235,-374.1951827103821,5.804817289617887,,0.10110165629259615,-0.012873621515013678,-136.60019482132915,3.399805178670816,-2.4050121109470712,-0.9757156772952085,True,0.9757156772952085,aod=380uK
5,2.3169508777189334,0.046021576979296146,-359.26215186621465,20.73784813378533,,-0.2200293511204497,-0.019430992655973166,-127.42189410454993,12.57810589545004,-8.15974223833529,-0.9101563864610711,True,0.9101563864610711,aod=380uK
6,2.272781362967039,0.021962865797694704,-367.2645949346803,12.735405065319673,,-0.1939160037892717,0.006379944634763971,-132.19060176626638,7.809398233733605,-4.9260068315860694,-0.94421858404476,True,0.94421858404476,aod=380uK
7,2.2955223370347486,0.019804730220776515,-370.85299505624556,9.147004943754398,,-0.11217543112517248,0.019484456061382993,-134.41539690657777,5.584603093422216,-3.562401850332182,-0.960109977904127,True,0.960109977904127,aod=380uK
8,2.3001557283584906,0.03659041912861422,-363.80475623549864,16.195243764501345,,-0.22320445890494856,0.0010429416099190512,-130.16292407658312,9.837075923416855,-6.358167841084491,-0.9297351719755939,True,0.9297351719755939,aod=380uK
9,2.4566110066459834,-0.02357807893985118,-373.7816860345258,6.218313965474132,,-0.025020043269747213,-0.02134106680200316,-136.23193411405816,3.768065885941817,-2.4502480795323156,-0.9730852436718441,True,0.9730852436718441,aod=380uK
10,2.3439866647481837,0.0007820823593081439,-378.2571916544806,1.742808345519371,,-0.009394665486905266,0.011606109038972995,-138.90535429559895,1.0946457044010316,-0.6481626411183394,-0.9921811021114212,True,0.9921811021114212,aod=380uK
11,2.2797523475546404,0.03478495040380513,-362.38565173563103,17.614348264368918,,-0.2219900356226934,-0.011375919500191085,-129.2401700903997,10.759829909600299,-6.854518354768618,-0.9231440720742836,True,0.9231440720742836,aod=380uK
12,2.4954023973626387,0.01813583994138677,-372.3515410772369,7.648458922763048,,0.14844179153896972,0.0025720321390817783,-135.51178985783037,4.488210142169625,-3.160248780593423,-0.9679413561273598,True,0.9679413561273598,aod=380uK
13,2.34349414229058,0.041408933458978905,-364.5268437485212,15.473156251478787,,-0.19637015881853048,0.014282987205164684,-130.70012463385385,9.299875366146138,-6.173280885332649,-0.9335723188132419,True,0.9335723188132419,aod=380uK
14,2.4740348595645343,-0.021832590604530376,-373.15937935585725,6.840620644142695,,0.010504225726752284,-0.022622511545580596,-135.88708475969136,4.112915240308615,-2.72770540383408,-0.9706220339977956,True,0.9706220339977956,aod=380uK
15,2.4357252209476226,0.009934298407508072,-378.503300842035,1.4966991579649767,,0.05162960025340547,-0.0062902421012583,-139.13958773016788,0.8604122698321114,-0.6362868881328653,-0.9938541980726278,True,0.9938541980726278,aod=380uK
16,2.3110244390958603,-0.016081450846100086,-373.5631277253424,6.4368722746575955,,-0.14172013688195967,0.000830669137686655,-135.94599564333853,4.054004356661448,-2.382867917996147,-0.9710428260238468,True,0.9710428260238468,aod=380uK
17,2.377340894950548,0.010311936184128581,-378.8651699156456,1.1348300843543977,,0.04746228179718018,0.005296119078485329,-139.31580954113434,0.684190458865625,-0.4506396254887727,-0.995112925293817,True,0.995112925293817,aod=380uK
18,2.4099534709858976,0.0059596535076445875,-379.66112965270145,0.3388703472985231,,0.027132329090037138,-0.0021553871180429542,-139.81237295541618,0.18762704458378893,-0.15124330271473418,-0.9986598068244015,True,0.9986598068244015,aod=380uK
19,2.4236877335849227,-0.007936619576123818,-379.18516319014407,0.8148368098558927,,-0.039893119453602334,-0.004613283119576547,-139.5047568344904,0.49524316550958675,-0.319593644346306,-0.9964625488177886,True,0.9964625488177886,aod=380uK
20,2.3214876614546065,-0.012303344035529585,-375.3832358487656,4.616764151234387,,-0.11067554526095821,0.007319923433807557,-137.08856916838687,2.9114308316131132,-1.7053333196212737,-0.9792040654884777,True,0.9792040654884777,aod=380uK
21,2.3057609058003137,0.02854206029514727,-368.5901784016742,11.40982159832572,,-0.14148831902708395,0.019003688540784238,-133.07816556790988,6.921834432090096,-4.487987166235625,-0.9505583254850707,True,0.9505583254850707,aod=380uK
0,2.4204179122708296,-0.02971669340305041,-492.63758175073053,7.362418249269536,,0.09514505200357376,0.016120663009028733,-136.0835040900244,3.916495909975584,-3.4459223392939515,-0.9720250292144601,True,0.9720250292144601,aod=500uK
1,2.320203010856317,-0.0137920465951458,-493.8496582108684,6.150341789131635,,0.11108292028958235,-0.010645272143847303,-136.5929480259662,3.407051974033792,-2.743289815097843,-0.9756639144711872,True,0.9756639144711872,aod=500uK
2,2.3340614393894055,0.0030326118931013543,-496.7603673460133,3.239632653986755,,-0.003798204632028776,-0.014932310553309357,-138.21494685661733,1.7850531433826442,-1.4545795106041108,-0.9872496204044097,True,0.9872496204044097,aod=500uK
3,2.46150529209888,-0.003228109594267526,-497.160875648363,2.8391243516370506,,0.016072624026575798,0.01315041373088564,-138.56501309783,1.4349869021699877,-1.4041374494670629,-0.9897500935559287,True,0.9897500935559287,aod=500uK
4,2.3650119182770917,0.033360716266864925,-490.2114599142081,9.788540085791993,,-0.04299683547065032,-0.024379964736468387,-134.87180491569876,5.128195084301207,-4.660345001490787,-0.9633700351121343,True,0.9633700351121343,aod=500uK
5,2.398454525698843,0.0383628828871342,-488.2357158528415,11.764284147158556,,-0.05274894273957233,-0.02632746971667719,-133.89218679976833,6.107813200231665,-5.656470946926891,-0.9563727628554881,True,0.9563727628554881,aod=500uK
6,2.4495288912471005,0.005674061278596828,-497.95386074208517,2.0461392579148927,,-0.01737825979161866,0.010913924003186436,-138.98623288672087,1.0137671132791033,-1.0323721446357896,-0.9927588063337207,True,0.9927588063337207,aod=500uK
7,2.3688316014964172,-0.013766328468463542,-497.77617307129066,2.2238269287093844,,0.06179524112694219,-0.007709840238043516,-138.74601043424428,1.2539895657556956,-0.9698373629536887,-0.9910429316731736,True,0.9910429316731736,aod=500uK
8,2.420663633555748,0.023696360476709147,-495.2002914082684,4.799708591731668,,-0.10993423432295825,-0.0005452022263689605,-137.54729963986927,2.4527003601307116,-2.3470082316009564,-0.982480711713352,True,0.982480711713352,aod=500uK
9,2.393410613012578,0.01187402307718682,-498.8414105963501,1.1585894036499869,,-0.05377290660350024,8.731217462780724e-05,-139.40974302454896,0.5902569754510119,-0.5683324281989749,-0.9957838787467785,True,0.9957838787467785,aod=500uK
10,2.4174503249639474,0.003021402272436903,-499.70463615955504,0.2953638404450439,,-0.00440229358706836,0.003995374452454461,-139.86845272875118,0.13154727124879478,-0.1638165691962491,-0.9990603766339372,True,0.9990603766339372,aod=500uK
11,2.3737574953206693,-0.04189515511847231,-485.4688329121492,14.531167087850877,,0.02492840528006226,0.030849868090971396,-132.2664425046607,7.733557495339294,-6.7976095925115825,-0.9447603036047193,True,0.9447603036047193,aod=500uK
12,2.445826730151682,0.016448877473016855,-496.3057323152306,3.694267684769434,,-0.08040455071934846,0.00826238328829278,-138.13825320015738,1.8617467998425896,-1.8325208849268444,-0.986701808572553,True,0.986701808572553,aod=500uK
13,2.4010233955177984,0.01235060014093874,-498.78009165386044,1.219908346139642,,-0.053753487637165955,0.0017395356906736244,-139.38604429610828,0.6139557038916919,-0.6059526422479502,-0.9956146021150594,True,0.9956146021150594,aod=500uK
14,2.3642817009038675,-0.0001516844844287652,-499.06869725225016,0.9313027477498872,,-0.009698511308479913,-0.008015796988581644,-139.46722435350716,0.5327756464928043,-0.39852710125708285,-0.9961944596679085,True,0.9961944596679085,aod=500uK
15,2.4582849903084507,0.014252522252123171,-495.9009550138226,4.0990449861774465,,-0.07610901721463927,0.010526765634529669,-137.93449974420122,2.0655002557987685,-2.033544730378678,-0.9852464267442945,True,0.9852464267442945,aod=500uK
16,2.2975800182904935,0.0034990594957497122,-492.29758829730514,7.702411702694947,,0.0841379446346605,-0.01863886872936809,-135.7828292781375,4.2171707218624634,-3.485240980832484,-0.9698773519866967,True,0.9698773519866967,aod=500uK
17,2.5057342316023172,-0.007830905726058717,-491.40927446684003,8.590725533160066,,-0.07378329953752559,0.02029071697128799,-135.60029813211207,4.399701867887893,-4.191023665272172,-0.968573558086515,True,0.968573558086515,aod=500uK
18,2.415924690503534,0.006184190583347337,-499.50911513210764,0.49088486789242863,,-0.019402358317276436,0.004359045544112981,-139.77115404557748,0.22884595442249286,-0.2620389134699358,-0.9983653860398394,True,0.9983653860398394,aod=500uK
19,2.3326383672223114,-0.0046825377221580275,-496.520949589034,3.479050410966084,,0.03491201015657325,-0.014543256493355293,-138.06046546382998,1.9395345361699918,-1.5395158747960918,-0.9861461818845001,True,0.9861461818845001,aod=500uK
20,2.4146097661158143,0.0007184381173416737,-499.8399743335764,0.16002566642370433,,0.004510740645389493,0.002839608268215245,-139.93139232622516,0.06860767377482156,-0.09141799264888278,-0.9995099451873227,True,0.9995099451873227,aod=500uK
21,2.4706292101481537,0.0069797073680617425,-495.97973000471467,4.020269995285396,,-0.0451208494005818,0.01418773828028953,-137.97537911120256,2.024620888797432,-1.9956491064879638,-0.9855384222228755,True,0.9855384222228755,aod=500uK
0,2.4054705286884763,0.012795885139552843,-498.66950136679543,1.3304986332046185,,-0.05472260664963628,0.002639568532691759,-139.33313275482507,0.6668672451749169,-0.6636313880297016,-0.9952366625344649,True,0.9952366625344649,aod=500uK
1,2.4002395244747206,-0.010987922346373514,-499.03499704848616,0.9650029515139352,,0.049607700042705205,-0.002184723059130226,-139.45938915806772,0.5406108419322577,-0.42439210958167745,-0.9961384939861981,True,0.9961384939861981,aod=500uK
2,2.367219173644372,-0.017090073605537208,-496.88126602095946,3.1187339790406243,,0.08264709182645921,-0.006614839503694845,-138.26008601261736,1.7399139873826124,-1.378819991658012,-0.9875720429472671,True,0.9875720429472671,aod=500uK
3,2.4163001278415894,0.0001543710130980494,-499.80575401461107,0.1942459853889822,,0.007634836531215149,0.003050056194832194,-139.91372521953164,0.08627478046833742,-0.10797120492064476,-0.9993837515680833,True,0.9993837515680833,aod=500uK
4,2.4139994870025165,-0.01678719636495421,-497.6045051060412,2.3954948939588667,,0.0785311634182507,0.0021692168814588858,-138.7066067032295,1.2933932967704542,-1.1021015971884123,-0.9907614764516396,True,0.9907614764516396,aod=500uK
5,2.3895892326024857,0.007231307267346865,-499.50289185800034,0.4971081419997506,,-0.034878854488652515,-0.0009620776450365655,-139.7439886899285,0.25601131007147304,-0.24109683192827755,-0.9981713477852038,True,0.9981713477852038,aod=500uK
6,2.3737597240536834,0.005541608895234182,-499.25181345879145,0.7481865412086353,,-0.03283680024223063,-0.00486318883840145,-139.59059745861168,0.40940254138830773,-0.3387839998203275,-0.9970756961329407,True,0.9970756961329407,aod=500uK
7,2.5060487233314275,-0.011478928110226851,-490.7984018462362,9.201598153763904,,-0.07369601722868932,0.021273545709476174,-135.27641524704364,4.723584752956337,-4.4780134008075665,-0.9662601089074547,True,0.9662601089074547,aod=500uK
8,2.4085660769945445,-0.013884765484439425,-498.40556598012404,1.5944340198760432,,0.06534142631064832,-3.7178362125078895e-05,-139.1294069219195,0.8705930780804789,-0.7238409417955644,-0.9937814780137109,True,0.9937814780137109,aod=500uK
9,2.325712231825721,-0.0018997662223484211,-495.9558985139895,4.044101486010582,,0.03154166609453868,-0.015965627208994613,-137.7593726082622,2.24062739173779,-1.8034740942727923,-0.9839955186304443,True,0.9839955186304443,aod=500uK
10,2.4632065827886502,-0.024822303799153237,-492.16553916997464,7.83446083002543,,0.03539333122398128,0.021896226336700617,-135.91207835763592,4.087921642364062,-3.7465391876613676,-0.9708005596973995,True,0.9708005596973995,aod=500uK
11,2.5194662307233613,0.006776445457423983,-489.3149152881615,10.68508471183858,,-0.15601550506216935,0.008378225433818092,-134.54769588638857,5.452304113611413,-5.232780598227167,-0.9610549706170614,True,0.9610549706170614,aod=500uK
12,2.369552183167142,1.5931928905329226e-05,-499.3232195451456,0.6767804548544741,,-0.010326963018649382,-0.006801445120374063,-139.60846101933245,0.3915389806675293,-0.28524147418694484,-0.9972032929952319,True,0.9972032929952319,aod=500uK
13,2.305847749892152,-0.0025953780431274675,-493.5121737533151,6.4878262466850005,,0.0809147797016573,-0.016749170086147208,-136.42504249542174,3.5749575045782347,-2.9128687421067654,-0.9744645892530126,True,0.9744645892530126,aod=500uK
14,2.41046312622713,0.008525632900111664,-499.33909116215324,0.66090883784681,,-0.03238375371797451,0.0036114781247751707,-139.68141423023079,0.31858576976920244,-0.3423230680776076,-0.9977243873587914,True,0.9977243873587914,aod=500uK
15,2.2690233107137163,0.03177504563229565,-479.5542813265725,20.445718673427596,,0.2287732508388677,0.009485978479983675,-128.97461993326115,11.025380066738826,-9.42033860668877,-0.9212472852375798,True,0.9212472852375798,aod=500uK
16,2.3517667970144087,-0.005751098669582164,-498.0390371379889,1.960962862011175,,0.021751853110749234,-0.011266230415086098,-138.88879274262547,1.1112072573745202,-0.8497556046366547,-0.9920628053044677,True,0.9920628053044677,aod=500uK
17,2.3184195252010182,0.008774218562349233,-494.5464080878268,5.453591912173252,,0.009021753879726285,-0.01921263786239312,-137.03314493095007,2.966855069049891,-2.4867368431233605,-0.9788081780782151,True,0.9788081780782151,aod=500uK
18,2.4184791711124056,0.015444111383669513,-497.8442485985559,2.1557514014441432,,-0.06675035049936028,0.004671885134370951,-138.91714596824391,1.0828540317560709,-1.0728973696880724,-0.9922653283445995,True,0.9922653283445995,aod=500uK
19,2.384085286447961,0.006843267296688831,-499.4407233805599,0.5592766194401637,,-0.03529814309029309,-0.0022589389043466447,-139.70459487155765,0.2954051284423316,-0.2638714909978322,-0.9978899633682691,True,0.9978899633682691,aod=500uK
20,2.3405134358202537,0.01359369899714361,-495.94472854844116,4.055271451558889,,-0.04299226019297638,-0.015007446482292082,-137.8223629528364,2.177637047163586,-1.877634404395303,-0.9844454496631172,True,0.9844454496631172,aod=500uK
21,2.4110477067321607,-0.010054780504768131,-499.1028242846728,0.897175715327265,,0.04894219051246239,0.00018182399502690151,-139.51064057617438,0.489359423825589,-0.40781629150167603,-0.996504575544103,True,0.996504575544103,aod=500uK
0,2.3934453054017477,-0.0031476064845979484,-499.88943081286965,0.11056918713044248,,0.010994877328442969,-0.0025041926420073597,-139.925155081819,0.07484491818097398,-0.0357242689494685,-0.9994653934415645,True,0.9994653934415645,aod=500uK
1,2.4427423479564747,0.0192587456055502,-495.7028132317808,4.297186768219258,,-0.09615220882796016,0.006098706247904849,-137.82438449162777,2.1756155083722177,-2.12157125984704,-0.9844598892259128,True,0.9844598892259128,aod=500uK
2,2.4502020010508896,-0.004521038856773612,-497.998951721642,2.0010482783580565,,0.029232976946034907,0.010228278252803811,-138.98916369127605,1.0108363087239218,-0.9902119696341346,-0.9927797406519719,True,0.9927797406519719,aod=500uK
3,2.33903432606957,-0.017275025616732907,-494.907024579455,5.092975420545055,,0.10546160111931546,-0.008448284413652588,-137.17297001468603,2.8270299853139553,-2.2659454352311,-0.9798069286763289,True,0.9798069286763289,aod=500uK
4,2.3913120364270655,-0.016596317543103135,-497.7434475139235,2.2565524860765414,,0.07616685835983156,-0.002923018805903068,-138.75008880379343,1.2499111962065343,-1.006641289870007,-0.991072062884239,True,0.991072062884239,aod=500uK
5,2.5159891986748897,0.000599801175635976,-490.26512384958386,9.73487615041621,,-0.12704442179454156,0.014622805685386868,-135.02823439603142,4.971765603968558,-4.76311054644765,-0.9644873885430817,True,0.9644873885430817,aod=500uK
6,2.367993532980713,0.02522681768248961,-494.165892968194,5.834107031806066,,-0.08425053509606473,-0.01418766457719734,-136.9468253966241,3.053174603375897,-2.780932428430168,-0.9781916099758864,True,0.9781916099758864,aod=500uK
7,2.3436314227206005,0.025402856624793815,-492.526680209737,7.473319790263078,,-0.04119014423169878,-0.021244868977758978,-136.04605792073406,3.9539420792659206,-3.5193777109971576,-0.971757556576672,True,0.971757556576672,aod=500uK
8,2.430095410356688,0.001684204938210034,-499.316115943494,0.6838840565060302,,0.005075153423785227,0.00633750904245755,-139.6737236683073,0.3262763316926742,-0.35760772481335595,-0.9976694547736238,True,0.9976694547736238,aod=500uK
9,2.4080917830208564,0.014199035309313995,-498.34079669891673,1.6592033010833565,,-0.06119159951568059,0.0029714628143439866,-139.16562511322132,0.8343748867786674,-0.8248284143046891,-0.9940401793801523,True,0.9940401793801523,aod=500uK
10,2.307999239584094,-0.027020643857956578,-488.0195139996143,11.9804860003858,,0.1576614946756274,0.013837800544298059,-133.47641436087093,6.5235856391290525,-5.456900361256749,-0.9534029597205068,True,0.9534029597205068,aod=500uK
11,2.3970407633364386,-0.02656106030871012,-494.35502695507444,5.644973044925637,,0.11513956926232449,0.006753005875896896,-136.94995135895743,3.0500486410425376,-2.5949244038830996,-0.9782139382782676,True,0.9782139382782676,aod=500uK
12,2.372964220040967,-0.02182110076635247,-495.6606512523105,4.339348747689566,,0.10755563147903043,-0.0023282009313243123,-137.6103545494887,2.3896454505112734,-1.9497032971782924,-0.9829311039249194,True,0.9829311039249194,aod=500uK
13,2.3754507200054724,-0.032289389065365416,-491.2269969131382,8.773003086861898,,0.12615570663863626,0.013770591711985818,-135.266590845121,4.733409154878988,-4.03959393198291,-0.9661899346080072,True,0.9661899346080072,aod=500uK
14,2.4277104245628887,-0.011897453745696401,-498.3080536945896,1.691946305410445,,0.060164092633108554,0.004394303278081538,-139.1072305169744,0.8927694830255769,-0.7991768223848682,-0.9936230751212459,True,0.9936230751212459,aod=500uK
15,2.378973697683732,-0.043896847731087686,-484.27626923990533,15.723730760094712,,-0.01670452452500717,0.03219699766321528,-131.65761393720675,8.342386062793242,-7.38134469730147,-0.9404115281229054,True,0.9404115281229054,aod=500uK
16,2.443820790668992,-0.008011817154091452,-498.0861612204267,1.9138387795733813,,0.044566577660079924,0.008479958065330114,-139.01959526885216,0.9804047311478135,-0.933434048425568,-0.9929971090632299,True,0.9929971090632299,aod=500uK
17,2.4612663798359664,0.016822095129526926,-495.00375205892584,4.996247941074226,,-0.09603751869394482,0.009044675110677662,-137.47227513835008,2.5277248616498844,-2.468523079424342,-0.9819448224167865,True,0.9819448224167865,aod=500uK
18,2.4562616434777387,0.00596342582689067,-497.4087609672162,2.591239032783873,,-0.023317681926220916,0.012156730673353988,-138.70766132440224,1.292338675597739,-1.298900357186134,-0.9907690094600161,True,0.9907690094600161,aod=500uK
19,2.2951482694656096,0.011941926801949849,-490.89317688941276,9.106823110587333,,0.08421039134131181,-0.020934574147606484,-135.05425666026096,4.945743339739014,-4.161079770848319,-0.964673261859007,True,0.964673261859007,aod=500uK
20,2.362942494642203,-0.023350371428203284,-494.6400325694324,5.359967430567706,,0.12031033546822033,-0.0014826663978319817,-137.0528317783469,2.9471682216530692,-2.412799208914637,-0.9789487984167637,True,0.9789487984167637,aod=500uK
21,2.5163911109120845,-0.012914187649528248,-488.86815760234214,11.131842397657952,,-0.11611682440215353,0.019338331724175158,-134.28016262266573,5.719837377334246,-5.412005020323705,-0.9591440187333268,True,0.9591440187333268,aod=500uK
0,2.3846860009289377,-0.002384776557305476,-499.78325615679177,0.21674384320831666,,0.004027445062064715,-0.004109961212881474,-139.8616759661249,0.1383240338750821,-0.07841980933323457,-0.9990119711866066,True,0.9990119711866066,aod=500uK
1,2.3939938129612703,0.0008868305259301046,-499.96736215183427,0.032637848165793154,,-0.006064830512577771,-0.0013574021176134532,-139.97775026930097,0.02224973069901374,-0.010388117466779414,-0.9998410733521499,True,0.9998410733521499,aod=500uK
2,2.3814588829318275,0.003270451965817459,-499.66344636841416,0.33655363158592405,,-0.02138832213679037,-0.0034674852859097934,-139.8103640258492,0.18963597415078023,-0.1469176574351438,-0.9986454573274944,True,0.9986454573274944,aod=500uK
3,2.472025301389742,-0.003460286921456345,-496.1289829249025,3.871017075097529,,0.0036468406499948545,0.01566595789813737,-138.03576067433266,1.9642393256673096,-1.9067777494302192,-0.9859697191023764,True,0.9859697191023764,aod=500uK
4,2.3532900257660674,-0.006013568181023741,-498.1196572345179,1.8803427654821618,,0.022333967446736953,-0.010990165060034375,-138.93265448396073,1.0673455160392507,-0.8129972494429113,-0.9923761034568624,True,0.9923761034568624,aod=500uK
5,2.341064569485504,-0.012814411677399808,-496.1566430738417,3.8433569261584037,,0.07399423289050572,-0.011365040966373476,-137.8522251564215,2.147774843578492,-1.6955820825799117,-0.9846587511172965,True,0.9846587511172965,aod=500uK
6,2.384060538316161,0.018472603514359053,-497.0871233986166,2.912876601383485,,-0.08212408794738049,-0.0041404229782741435,-138.49024126031821,1.509758739681754,-1.403117861701731,-0.9892160090022731,True,0.9892160090022731,aod=500uK
7,2.408692061099102,-0.032062316540959125,-491.7286603597174,8.27133964028263,,0.10021780129396822,0.017236722253857018,-135.58605528065496,4.413944719345022,-3.857394920937609,-0.9684718234332499,True,0.9684718234332499,aod=500uK
8,2.419988796741215,0.0073605364292372065,-499.2751974051514,0.7248025948486546,,-0.023847137267571802,0.00535434507069949,-139.65459218107006,0.34540781892991673,-0.3793947759187379,-0.9975328012933578,True,0.9975328012933578,aod=500uK
9,2.4555700394156013,-0.010563862430305595,-496.85731768868686,3.1426823113131825,,0.04620960378707686,0.012154733296360288,-138.38313126754002,1.616868732459942,-1.5258135788532405,-0.9884509376252861,True,0.9884509376252861,aod=500uK
10,2.3624901934906464,-0.010533299334292381,-498.0864708539382,1.9135291460618755,,0.04425072084189732,-0.00927641360549506,-138.91228676822092,1.0877132317790683,-0.8258159142828071,-0.9922306197730066,True,0.9922306197730066,aod=500uK
11,2.3539762506694566,-0.013470511182374256,-497.00476564255086,2.995234357449178,,0.06670620094401565,-0.009844516553329897,-138.31820809839195,1.6817919016080243,-1.313442455841154,-0.9879872007027998,True,0.9879872007027998,aod=500uK
12,2.3940002718035847,-0.019203004724857805,-497.02645446712734,2.973545532872704,,0.08932756147629996,-0.001066714968145334,-138.36824310229986,1.6317568977001344,-1.3417886351725694,-0.9883445935878562,True,0.9883445935878562,aod=500uK
13,2.3155860083659157,-0.02875403168551407,-488.2134738600765,11.786526139923588,,0.1523504987783505,0.014762434749519155,-133.5902120121543,6.409787987845671,-5.376738152077917,-0.9542158000868166,True,0.9542158000868166,aod=500uK
14,2.395393995611808,-0.024933249400265152,-495.01587537971307,4.984124620286976,,0.11212996001083675,0.004388693996480678,-137.29778269530595,2.702217304694036,-2.28190731559294,-0.980698447823614,True,0.980698447823614,aod=500uK
15,2.3145618636208196,-0.006090796723624004,-494.39932179243687,5.600678207563195,,0.07670728564641936,-0.015424241196419795,-136.9001653845049,3.0998346154950833,-2.5008435920681125,-0.9778583241750352,True,0.9778583241750352,aod=500uK
16,2.5462054050084046,0.006675923557989353,-484.26964551177497,15.730354488225082,,-0.19090420082309056,-0.009849287753359115,-131.96517386724815,8.034826132751832,-7.69552835547325,-0.9426083847660583,True,0.9426083847660583,aod=500uK
17,2.4208782769023007,-0.005190549585736691,-499.46633835475825,0.5336616452418312,,0.0318164483455448,0.0028891320820795966,-139.72638269113935,0.27361730886061836,-0.2600443363812129,-0.9980455906509956,True,0.9980455906509956,aod=500uK
18,2.439698080135684,-0.014573674491471946,-497.15255337864045,2.8474466213596115,,0.0672871182936401,0.008432994335376741,-138.5085881724519,1.4914118275480612,-1.3560347938115502,-0.9893470583746568,True,0.9893470583746568,aod=500uK
19,2.4085171698772587,0.01738817237943481,-497.530511480942,2.4694885190580687,,-0.0773896451535623,0.002061528277268407,-138.74633223413915,1.2536677658608366,-1.2158207531972318,-0.9910452302438512,True,0.9910452302438512,aod=500uK
20,2.433199250429351,-0.004716739115250502,-499.0176705280958,0.9823294719043055,,0.032729674489492794,0.005877187636821893,-139.50498854818215,0.495011451817819,-0.4873180200864865,-0.996464203915587,True,0.996464203915587,aod=500uK
21,2.419773993768211,-0.029980866949119313,-492.530431833055,7.469568166945063,,0.09511610544814576,0.016346244346212405,-136.02607984434854,3.9739201556514296,-3.495648011293633,-0.9716148560310612,True,0.9716148560310612,aod=500uK
0,2.4091934103009223,0.009472114952146945,-499.2211735540574,0.7788264459427003,,-0.03736262744132223,0.003440716823055195,-139.6201362246966,0.37986377530338145,-0.39896267063931884,-0.9972866873192615,True,0.9972866873192615,aod=500uK
1,2.4419667105099174,-0.004403829419557464,-498.5600670956818,1.439932904318255,,0.03129032684151609,0.008104657091672362,-139.2748912773397,0.7251087226602778,-0.7148241816579772,-0.994820651980998,True,0.994820651980998,aod=500uK
2,2.399294016758671,0.009077406749695063,-499.3410655006213,0.6589344993787493,,-0.03911802686580015,0.0013548551413468577,-139.67268145552,0.3273185444799635,-0.3316159548987857,-0.9976620103965717,True,0.9976620103965717,aod=500uK
3,2.440925687057973,0.00394794899349466,-498.6533776753605,1.346622324639557,,-0.00556872177521942,0.00903445589366548,-139.34130417059862,0.6586958294013529,-0.6879264952382043,-0.9952950297899903,True,0.9952950297899903,aod=500uK
4,2.3686886227948545,-0.024003678738831937,-494.6792667945717,5.320733205428391,,0.12007676980273663,-0.00028711442279067854,-137.08098716670392,2.919012833296071,-2.4017203721323206,-0.9791499083335995,True,0.9791499083335995,aod=500uK
5,2.4731266486385883,0.022738227591263004,-491.97649444465515,8.023505555344917,,-0.14212408565134776,0.0013803607428845392,-135.91350918993433,4.086490810065644,-3.9370147452792734,-0.9708107799281025,True,0.9708107799281025,aod=500uK
6,2.376817392343109,0.020183664197958178,-496.3515949408027,3.6484050591973367,,-0.08554067036362202,-0.007186426964084081,-138.09851601350368,1.9014839864962838,-1.746921072701053,-0.9864179715250265,True,0.9864179715250265,aod=500uK
7,2.3038643967139127,-0.00015943241570313548,-493.2937285452257,6.706271454774394,,0.07622218330056311,-0.017698276599290068,-136.31320695907436,3.686793040925609,-3.0194784138487853,-0.9736657639933886,True,0.9736657639933886,aod=500uK
8,2.4230823395425123,-0.006046536633399528,-499.31872999270166,0.6812700072983866,,0.03603617881096333,0.0032754137072863675,-139.64888456496547,0.35111543503450376,-0.3301545722638829,-0.9974920326068965,True,0.9974920326068965,aod=500uK
9,2.349120605384816,0.020192161421817914,-494.8537830291653,5.146216970834765,,-0.06132771181927522,-0.015656994141389394,-137.27352757787082,2.7264724221291643,-2.4197445487056015,-0.9805251969847917,True,0.9805251969847917,aod=500uK
10,2.4630990507421164,0.009959536812466148,-496.30712294309865,3.692877056901403,,-0.05355213482343131,0.012606371694241312,-138.14446896493612,1.8555310350638472,-1.8373460218375555,-0.9867462068924011,True,0.9867462068924011,aod=500uK
11,2.455779786463543,-0.011634134686731247,-496.650450161525,3.3495498384750877,,0.04888413180650843,0.012453125269734003,-138.2725944609935,1.7274055390064853,-1.6221442994686024,-0.9876613890070965,True,0.9876613890070965,aod=500uK
12,2.3699002906319144,0.006877897689088185,-498.96051252266494,1.0394874773351162,,-0.03868980231769614,-0.005684004476881828,-139.43593424719054,0.5640657528094363,-0.4754217245256798,-0.9959709589085041,True,0.9959709589085041,aod=500uK
13,2.454237584633911,0.00813333168590246,-497.3269406969954,2.673059303004703,,-0.03414369845202774,0.011704679086157641,-138.6667889647131,1.3332110352868851,-1.3398482677178178,-0.9904770640336651,True,0.9904770640336651,aod=500uK
14,2.378379931985769,-0.006869644133886755,-499.2814759177237,0.7185240822763638,,0.02332057014866759,-0.006255759245356194,-139.57602346718312,0.4239765328168487,-0.294547549459515,-0.9969715961941654,True,0.9969715961941654,aod=500uK
15,2.384080757220298,-0.003325279706578842,-499.7265297207415,0.27347027925855966,,0.008022699526980403,-0.004453087034218602,-139.8283457439828,0.17165425601717085,-0.10181602324138879,-0.9987738981713059,True,0.9987738981713059,aod=500uK
16,2.37458250192299,0.017785987231276928,-496.9999402420908,3.0000597579092805,,-0.07807786272108307,-0.006387878002554677,-138.4324755189416,1.5675244810583833,-1.4325352768508974,-0.9888033965638687,True,0.9888033965638687,aod=500uK
17,2.5224575192076677,-0.013469550299868087,-487.7144097320542,12.285590267945889,,-0.14120405967754143,0.016944964394539234,-133.68563577193544,6.314364228064545,-5.971226039881344,-0.9548973983709675,True,0.9548973983709675,aod=500uK
18,2.377376071147933,0.028392968929518588,-493.18305263661347,6.8169473633865945,,-0.09094702907905713,-0.015298635704758068,-136.44771260698235,3.552287393017628,-3.2646599703689665,-0.9746265186213027,True,0.9746265186213027,aod=500uK
19,2.4940330151574406,0.011874217852912995,-492.4552829597112,7.544717040288834,,-0.11816670847969425,0.011227253803294516,-136.1653605769763,3.834639423023687,-3.710077617265147,-0.9726097184069736,True,0.9726097184069736,aod=500uK
20,2.3462267933803203,-0.023069761983673606,-493.6384532262912,6.361546773708904,,0.13105866004426925,-0.001994200593574007,-136.49861223913783,3.501387760862146,-2.8601590128467578,-0.9749900874224132,True,0.9749900874224132,aod=500uK
21,2.3422646785112344,-0.0044443886617181235,-497.4129788181836,2.587021181816451,,0.022006417578904633,-0.01300908703252877,-138.5483691292395,1.4516308707604764,-1.1353903110559742,-0.9896312080659966,True,0.9896312080659966,aod=500uK
0,2.484044040335582,-0.012301807738834263,-493.65709381899103,6.342906181009012,,-0.0004260027140049482,0.02019380375252886,-136.74073385571197,3.2592661442880186,-3.083640036720994,-0.9767195275407998,True,0.9767195275407998,aod=500uK
1,2.457385403853198,-0.0038219640753816083,-497.4833863041886,2.5166136958114143,,0.02204431984165161,0.012111413382863109,-138.72825715365488,1.2717428463450973,-1.2448708494663168,-0.9909161225261064,True,0.9909161225261064,aod=500uK
2,2.4065136268255274,-0.01479037590785735,-498.2206223443304,1.7793776556696308,,0.06907302682576928,-0.0002970963860304357,-139.026792550346,0.9732074496539838,-0.806170206015647,-0.9930485182167572,True,0.9930485182167572,aod=500uK
3,2.3557945647366276,0.0024312279572390135,-498.5272821553167,1.4727178446833917,,-0.019332551807537953,-0.009657448473420035,-139.17814904851318,0.8218509514868101,-0.6508668931965816,-0.9941296360608085,True,0.9941296360608085,aod=500uK
4,2.4177704698644775,-0.0219050256968507,-495.93435772155374,4.065642278446339,,0.09548976699113955,0.0063888335422674115,-137.82104927944607,2.178950720553911,-1.8866915578924277,-0.9844360662817577,True,0.9844360662817577,aod=500uK
5,2.451615581283468,-0.029120301289147922,-491.28005906388694,8.719940936113115,,0.042918511364872854,0.02291658215287509,-135.42635694992683,4.57364305007315,-4.146297886039965,-0.967331121070906,True,0.967331121070906,aod=500uK
6,2.356058185988883,0.001533560591041878,-498.57265488047835,1.427345119521711,,-0.015594658146787503,-0.00968981127496632,-139.19983675711856,0.8001632428814254,-0.6271818766402858,-0.9942845482651327,True,0.9942845482651327,aod=500uK
7,2.5008914582747566,0.024792212302447048,-487.70648504666514,12.293514953334936,,-0.16321790308095752,-0.010777438869675948,-133.72727180434177,6.272728195658217,-6.02078675767672,-0.9551947986024413,True,0.9551947986024413,aod=500uK
8,2.3934722701159252,0.014821367366095623,-498.21315325645145,1.7868467435485929,,-0.06694711307585055,-0.0003565272790449952,-139.08523095965458,0.9147690403454085,-0.8720777032031843,-0.9934659354261042,True,0.9934659354261042,aod=500uK
9,2.4053921628297816,4.171631520662553e-05,-499.9787465540048,0.021253445995274452,,0.003114027593647015,0.0007610081155939835,-139.99338783816464,0.0066121618353547915,-0.01464128415991966,-0.9999527702726047,True,0.9999527702726047,aod=500uK
10,2.3682276328904472,0.01821241055134436,-496.6120794093647,3.3879205906353462,,-0.07688791470584334,-0.008477020216589554,-138.22166035303545,1.7783396469645334,-1.6095809436708128,-0.9872975739502533,True,0.9872975739502533,aod=500uK
11,2.293948158508799,-0.025710790798195507,-486.5677036343506,13.432296365649444,,0.15551259545966867,0.017489460184448396,-132.69491846025699,7.305081539743003,-6.1272148259064405,-0.9478208461446929,True,0.9478208461446929,aod=500uK
12,2.376310125415003,0.007823747076172274,-499.1009718797841,0.8990281202159798,,-0.04148900759895857,-0.004015439795134099,-139.51948548169116,0.48051451830881475,-0.418513601907165,-0.9965677534406513,True,0.9965677534406513,aod=500uK
13,2.426465646161696,-0.0177593319224813,-496.96782567695936,3.0321743230407106,,0.08089189884221082,0.0059377525481095665,-138.3861571436203,1.6138428563796785,-1.418331466661032,-0.9884725510258594,True,0.9884725510258594,aod=500uK
14,2.4328181708417045,0.013119286809531802,-497.83821012840934,2.1617898715907335,,-0.05444628743668133,0.0076813284175117945,-138.92338636234516,1.0766136376548117,-1.0851762339359219,-0.99230990258818,True,0.99230990258818,aod=500uK
15,2.477961747341853,0.0075849576599220595,-495.1197529939322,4.880247006067856,,-0.060523709526064805,0.014665068497096565,-137.53384814896467,2.466151851035308,-2.4140951550325482,-0.9823846296354621,True,0.9823846296354621,aod=500uK
16,2.334458147074067,0.00948792400860432,-496.1522510139243,3.8477489860757816,,-0.025408441195307475,-0.015642225449929097,-137.91243055558317,2.087569444416814,-1.760179541658968,-0.985088789682737,True,0.985088789682737,aod=500uK
17,2.3513643398073794,-0.017433807098922307,-495.8458066926047,4.154193307395363,,0.09430966483313791,-0.007942890892812316,-137.68825477874458,2.3117452212554124,-1.8424480861399506,-0.9834875341338899,True,0.9834875341338899,aod=500uK
18,2.490382249088172,0.004340013522452463,-493.91739771224036,6.082602287759734,,-0.06835121604636109,0.016344059783037712,-136.9126450553326,3.0873549446673794,-2.9952473430923545,-0.9779474646809473,True,0.9779474646809473,aod=500uK
19,2.4491161558948775,0.013348049725217801,-496.8167995203819,3.183200479618165,,-0.0626411088055639,0.009979116096714537,-138.40377732270716,1.596222677292824,-1.586977802325341,-0.9885984094479084,True,0.9885984094479084,aod=500uK
20,2.430934131505374,-0.03542482663657337,-489.27160323542313,10.728396764576953,,0.039221918483822144,0.02586207716899826,-134.33998124179232,5.660018758207656,-5.068378006369297,-0.9595712945842311,True,0.9595712945842311,aod=500uK
21,2.4637028804795573,-0.009027350652980439,-496.3929778596932,3.607022140306906,,0.03336921206743412,0.01423417622382259,-138.1530651969272,1.8469348030727837,-1.7600873372341224,-0.9868076085494801,True,0.9868076085494801,aod=500uK
0,2.426999217012707,-0.024569129538135726,-494.6432050371627,5.356794962837365,,0.09410792570038548,0.011451040800361426,-137.1521503294985,2.847849670501462,-2.5089452923359032,-0.9796582166392752,True,0.9796582166392752,aod=500uK
1,2.4967383002597194,-0.010130271839402953,-492.3899575711348,7.610042428865251,,-0.04037387997810054,0.02113150032427587,-136.0980397698855,3.9019602301144647,-3.7080821987507857,-0.9721288554991824,True,0.9721288554991824,aod=500uK
2,2.442805964545717,0.011868137037556521,-497.53747861664516,2.462521383354925,,-0.04994275500942121,0.009477151824168834,-138.77288827299094,1.2271117270090415,-1.2354096563458834,-0.9912349162356497,True,0.9912349162356497,aod=500uK
3,2.3794400280635175,0.0050446284811475105,-499.48790470273383,0.512095297266264,,-0.029395712772420004,-0.0035941646507799078,-139.72011729589414,0.2798827041058345,-0.23221259316042958,-0.9980008378278155,True,0.9980008378278155,aod=500uK
4,2.5174859405702987,-0.03269744013712657,-481.472869377066,18.52713062293406,,-0.21661461835674115,0.006259322752885183,-130.4108683560868,9.589131643913165,-8.937998979020893,-0.9315062025434774,True,0.9315062025434774,aod=500uK
5,2.3492475283376084,0.0021997950755344403,-498.0831935178366,1.9168064821634685,,-0.015290657536236462,-0.011286141461015439,-138.93413382572626,1.0658661742737081,-0.8509403078897605,-0.9923866701837593,True,0.9923866701837593,aod=500uK
6,2.434349984082612,0.016504860469008235,-496.9615738735901,3.038426126409929,,-0.07529531108894072,0.006841142191118548,-138.47109685508096,1.528903144919012,-1.5095229814909168,-0.9890792632505785,True,0.9890792632505785,aod=500uK
7,2.3046520219356843,0.012289499478426237,-492.1955296453225,7.8044703546775525,,0.048393193927622286,-0.0216712727850408,-135.76820184669918,4.231798153300799,-3.572672201376754,-0.9697728703335657,True,0.9697728703335657,aod=500uK
8,2.3848216114632104,-0.0031547789056407963,-499.7521844111482,0.24781558885186591,,0.007514246811321526,-0.004262870471119419,-139.84321225548686,0.15678774451311167,-0.09102784433875424,-0.9988800875391921,True,0.9988800875391921,aod=500uK
9,2.4695368941260507,0.005268796256998139,-496.25826607892395,3.741733921076094,,-0.033787655084541846,0.014366524770752898,-138.11707328754213,1.8829267124578526,-1.8588072086182412,-0.9865505234824439,True,0.9865505234824439,aod=500uK
10,2.3376062723897206,0.0028456468166790845,-497.09947935521706,2.9005206447830374,,-0.00762142409744989,-0.014099610193910563,-138.39923302211636,1.6007669778836155,-1.2997536668994218,-0.9885659501579742,True,0.9885659501579742,aod=500uK
11,2.53718385529475,-0.005610110384022193,-486.1879000674315,13.812099932568596,,-0.1835038017759055,0.00668247831449579,-132.92204596349825,7.077954036501728,-6.734145896066868,-0.9494431854535591,True,0.9494431854535591,aod=500uK
12,2.3266898806984524,-0.007568347469286526,-495.6315156665682,4.368484333431895,,0.061000584914532294,-0.014461853497233026,-137.5693655960228,2.4306344039771806,-1.937849929454714,-0.9826383256858773,True,0.9826383256858773,aod=500uK
13,2.3406555647064216,0.03202010203201906,-489.2393827493024,10.76061725069765,,0.012794807671518436,-0.026602048874004122,-134.31052668114722,5.689473318852752,-5.0711439318448965,-0.9593609048653374,True,0.9593609048653374,aod=500uK
14,2.3711382455010934,-0.011712368524334382,-498.2954541245124,1.7045458754876868,,0.049207568101827054,-0.007711352695740446,-139.03032653139556,0.9696734686044101,-0.7348724068832768,-0.9930737609385399,True,0.9930737609385399,aod=500uK
15,2.4447256224402323,-0.02595216000500727,-493.1578121084161,6.842187891583921,,0.07071923484074841,0.017968686982387613,-136.40021756246423,3.599782437535734,-3.2424054540481873,-0.9742872683033161,True,0.9742872683033161,aod=500uK
16,2.4243300028376593,0.01768811870990434,-497.0671735146389,2.9328264853611636,,-0.07986179510523399,0.004778514526080438,-138.5189974898157,1.481002510184285,-1.4518239751768787,-0.9894214106415408,True,0.9894214106415408,aod=500uK
17,2.3934888672608805,-0.003027811947147382,-499.89575922255494,0.10424077744515267,,0.010490188328038023,-0.0024663465042041913,-139.92887613343024,0.07112386656974069,-0.033116910875411985,-0.9994919723816447,True,0.9994919723816447,aod=500uK
18,2.38575160895733,0.015743148486929148,-497.8708190119587,2.129180988041361,,-0.07180622662752935,-0.002509356094994934,-138.89898003498857,1.1010199650114154,-1.0281610230299456,-0.9921355716784899,True,0.9921355716784899,aod=500uK
19,2.3058730751424035,0.00400104993488608,-493.4415031136257,6.558496886374393,,0.05594381551824023,-0.019219915793838496,-136.40885513491824,3.5911448650817333,-2.9673520212926605,-0.9743489652494162,True,0.9743489652494162,aod=500uK
20,2.3366355439389475,-0.0087826822894336,-496.459034595655,3.5409654043450742,,0.053536167835251385,-0.013213284144784756,-138.0195737719058,1.9804262280941753,-1.5605391762508987,-0.9858540983707559,True,0.9858540983707559,aod=500uK
21,2.4157797846522686,0.028744577491185596,-493.2143862942607,6.78561370573938,,-0.12125182388135229,-0.008018683658098331,-136.51095626387885,3.4890437361211117,-3.2965699696182686,-0.9750782590277064,True,0.9750782590277064,aod=500uK
0,2.322436246820868,0.004102803184119977,-495.4898532161215,4.51014678387855,,0.012481975329895126,-0.017478724967271656,-137.52640309501066,2.4735969049893227,-2.0365498788892276,-0.9823314506786477,True,0.9823314506786477,aod=500uK
1,2.4083198997719744,-0.004087002533382273,-499.8159336716545,0.18406632834558415,,0.022023472659440557,0.000346814452832953,-139.8998632518745,0.10013674812545802,-0.08392958022012612,-0.9992847375133895,True,0.9992847375133895,aod=500uK
2,2.4302646004916424,0.01084672202129976,-498.3910165925527,1.6089834074473706,,-0.04103772612866471,0.007495838540153799,-139.2068770747916,0.7931229252083628,-0.8158604822390078,-0.9943348362485117,True,0.9943348362485117,aod=500uK
3,2.439685298063344,-0.02406681566480202,-494.2215142332866,5.77848576671346,,0.08108416688282696,0.014626223660444408,-136.95184498737305,3.048155012626926,-2.730330754086534,-0.978227464195522,True,0.978227464195522,aod=500uK
4,2.4021666312131797,-0.011934095609617957,-498.85826839340484,1.1417316065952314,,0.05468470179483517,-0.0017303015399424994,-139.36573424533617,0.6342657546638103,-0.5074658519314211,-0.9954695303238299,True,0.9954695303238299,aod=500uK
5,2.4098174470074856,-0.021838014051758788,-496.1180176423518,3.881982357648282,,0.0978333230888986,0.004330234467334288,-137.9059975719086,2.0940024280913763,-1.7879799295569054,-0.9850428397993473,True,0.9850428397993473,aod=500uK
6,2.3844608011346335,0.00882502206378363,-499.2011781801693,0.7988218198307817,,-0.04341833996897772,-0.0019875719750059853,-139.58336071783353,0.4166392821664564,-0.38218253766432536,-0.9970240051273824,True,0.9970240051273824,aod=500uK
7,2.2913182579854765,0.009389080560937181,-490.7408334194226,9.259166580577508,,0.09855800951701812,-0.01959568991911879,-134.95813902078248,5.041860979217491,-4.2173056013600165,-0.9639867072913036,True,0.9639867072913036,aod=500uK
8,2.2859917882542535,0.02039472992619699,-487.2700578078052,12.729942192194855,,0.14518484786123226,-0.018155978766452325,-133.11958845126665,6.880411548733333,-5.849530643461522,-0.9508542032233334,True,0.9508542032233334,aod=500uK
9,2.3306509275754683,-0.019798369330605515,-493.36622522305424,6.633774776945799,,0.13056361804229696,-0.005232703148402092,-136.33739193936958,3.6626080606303875,-2.971166716315412,-0.9738385138526401,True,0.9738385138526401,aod=500uK
10,2.391563422157974,-0.02705243352546648,-494.09887752003107,5.901122479969015,,0.11878993675874806,0.006497911811722599,-136.8057591651086,3.194240834891368,-2.706881645077647,-0.9771839940364903,True,0.9771839940364903,aod=500uK
11,2.3495065603195564,0.005610971831506411,-497.8893308686492,2.1106691313508588,,-0.029012595371352177,-0.011107558241208952,-138.84184671487873,1.1581532851212448,-0.952515846229614,-0.9917274765348483,True,0.9917274765348483,aod=500uK
12,2.4734071106487048,0.004901220501145992,-495.88701311987154,4.112986880128541,,-0.03748835169263987,0.014951967210357794,-137.92603657157346,2.073963428426506,-2.0390234517020356,-0.9851859755112392,True,0.9851859755112392,aod=500uK
13,2.305911120211543,-0.015519912838411698,-491.649495604803,8.350504395197069,,0.1463469598284996,-0.006011619826524477,-135.3981856851936,4.6018143148063695,-3.7486900803906993,-0.967129897751383,True,0.967129897751383,aod=500uK
14,2.3594365863611344,-0.009218912813976871,-498.1202004089121,1.8797995910879188,,0.037642542698907724,-0.009878993829279,-138.93045225765138,1.0695477423485897,-0.8102518487393291,-0.9923603732689387,True,0.9923603732689387,aod=500uK
15,2.4411604488067273,0.01867399003660904,-495.97680514746844,4.023194852531646,,-0.09166226366614713,0.006392432035297229,-137.96533819820436,2.0346618017956235,-1.9885330507360228,-0.9854667014157455,True,0.9854667014157455,aod=500uK
16,2.466070231460275,0.004974749125036291,-496.6234569726776,3.376543027322456,,-0.027643062021826575,0.013878928055545603,-138.30424916488062,1.6957508351193538,-1.6807921922031022,-0.9878874940348618,True,0.9878874940348618,aod=500uK
17,2.4655810910236617,-0.03696627845378125,-485.9463039893128,14.053696010687244,,-0.08349602516959952,0.0272137559246159,-132.66214429623517,7.337855703764801,-6.715840306922442,-0.9475867449731086,True,0.9475867449731086,aod=500uK
18,2.3457984325931003,0.01080915303434479,-496.92467188725794,3.075328112742141,,-0.04302307173580133,-0.012660209566977288,-138.34087078580438,1.6591292141955862,-1.4161988985465548,-0.98814907704146,True,0.98814907704146,aod=500uK
19,2.389664308041207,0.021353305929157174,-496.2777120025402,3.7222879974598313,,-0.09291551208035324,-0.004598385587749128,-138.07620287760616,1.9237971223938113,-1.7984908750660202,-0.9862585919829013,True,0.9862585919829013,aod=500uK
20,2.329138538124629,-0.009446592480006259,-495.6320317267524,4.367968273247657,,0.06845093144127518,-0.013597771557032593,-137.56708220227156,2.4329177977284067,-1.9350504755192504,-0.9826220157305113,True,0.9826220157305113,aod=500uK
21,2.561144114877045,-0.016039130494703267,-479.3296986021849,20.670301397815162,,-0.2013670038480359,-0.017864226779154124,-129.39629181599713,10.603708184002837,-10.066593213812324,-0.9242592272571226,True,0.9242592272571226,aod=500uK
0,2.4017310592699705,-0.004480614652100967,-499.83735576900875,0.1626442309913299,,0.020636439342091938,-0.0011157461640486392,-139.9029698484261,0.09703015157386911,-0.0656140794174608,-0.999306927488758,True,0.999306927488758,aod=500uK
1,2.2738323718873743,-0.0038556751846594004,-488.3868505996765,11.61314940032355,,0.17526732761159577,-0.005229756341131706,-133.63701180251292,6.3629881974870495,-5.250161202836501,-0.954550084303664,True,0.954550084303664,aod=500uK
2,2.4895791950482424,-0.011482158567869705,-493.1185510387262,6.881448961273845,,-0.016749287942011727,0.020851475177275224,-136.46765029700197,3.532349702998,-3.3490992582758454,-0.9747689306928714,True,0.9747689306928714,aod=500uK
3,2.3976541841742995,0.010986554513873934,-499.0312592993448,0.9687407006552353,,-0.0484237771682216,0.0010694023482691157,-139.5120533217964,0.4879466782035718,-0.4807940224516635,-0.9965146665842602,True,0.9965146665842602,aod=500uK
4,2.3886421461329554,0.028777067100100022,-493.2870875808507,6.71291241914934,,-0.10216052224982501,-0.01306342008881527,-136.51748554751475,3.4825144524852116,-3.2303979666641287,-0.9751248967679628,True,0.9751248967679628,aod=500uK
5,2.373992683931439,-0.007465208096167866,-499.060726392884,0.9392736071160653,,0.02581471306990885,-0.007175854530944187,-139.45220537930382,0.5477946206961644,-0.3914789864199009,-0.9960871812807417,True,0.9960871812807417,aod=500uK
6,2.468909187260096,0.004086669857466544,-496.40969837745257,3.5903016225475133,,-0.026476340794476458,0.014425108562142722,-138.1935948905965,1.8064051094034905,-1.783896513144023,-0.9870971063614037,True,0.9870971063614037,aod=500uK
7,2.4174017612295984,0.01629148792406235,-497.6575435116763,2.3424564883237555,,-0.07142523495413688,0.004196384554954499,-138.8196421423749,1.1803578576250797,-1.1620986306986756,-0.9915688724455352,True,0.9915688724455352,aod=500uK
8,2.3153625640655453,-0.02469800550807909,-489.9189470933333,10.081052906666727,,0.16097489403555387,0.006258668625734585,-134.4856824382684,5.514317561731567,-4.566735344935161,-0.9606120174162031,True,0.9606120174162031,aod=500uK
9,2.2875959592443933,-0.038080166911875296,-479.2650612601925,20.734938739807582,,-0.056771241699555594,0.0361079883909852,-128.9218908471577,11.078109152842284,-9.656829586965298,-0.9208706489082694,True,0.9208706489082694,aod=500uK
10,2.42740609479512,0.004997129635027115,-499.252035275449,0.7479647245510832,,-0.010782170185644353,0.006441079025784409,-139.64463698084805,0.35536301915191837,-0.39260170539916484,-0.9974616927203435,True,0.9974616927203435,aod=500uK
11,2.3729125837335565,0.011053408168983604,-498.4877915918384,1.5122084081616574,,-0.05452355638618521,-0.004917188100657091,-139.20000033741024,0.7999996625897413,-0.712208745571916,-0.9942857166957876,True,0.9942857166957876,aod=500uK
12,2.398569685392181,0.030094456750965757,-492.75995461897986,7.240045381020215,,-0.1090158149481835,-0.01292328318314702,-136.2552676724684,3.744732327531595,-3.495313053488619,-0.9732519119462029,True,0.9732519119462029,aod=500uK
13,2.3736879533950104,0.004987000076597879,-499.29573079571634,0.7042692042837586,,-0.030603702426441833,-0.0049557142821472335,-139.61227121680082,0.3877287831991581,-0.3165404210846005,-0.9972305086914346,True,0.9972305086914346,aod=500uK
14,2.3701879357304674,0.005607503454929622,-499.0998561242722,0.9001438757278424,,-0.03363309372790387,-0.005728222467687835,-139.5065624869705,0.4934375130294781,-0.40670636269836424,-0.9964754463355038,True,0.9964754463355038,aod=500uK
15,2.2972079126714755,6.13894767453881e-05,-492.3404818207874,7.659518179212722,,0.09587044008766502,-0.017104481156871566,-135.7942852207488,4.205714779251166,-3.453803399961556,-0.9699591801482059,True,0.9699591801482059,aod=500uK
16,2.4505699887699905,0.00010633752063661644,-498.13523563816915,1.8647643618309242,,0.009630548803946473,0.010669653875357949,-139.07116050669234,0.9288394933076384,-0.9359248685232858,-0.9933654321906598,True,0.9933654321906598,aod=500uK
17,2.379937094110905,-0.006194310804361483,-499.3993747161247,0.6006252838753467,,0.020294470936156748,-0.005850234610654527,-139.6422380661684,0.35776193383156685,-0.24286335004377996,-0.9974445576154888,True,0.9974445576154888,aod=500uK
18,2.2767627500309464,-0.013634684917163317,-487.54174015419505,12.458259845805017,,0.18204789209339126,0.005022262444357837,-133.18103244720592,6.818967552794066,-5.639292293010951,-0.9512930889086139,True,0.9512930889086139,aod=500uK
19,2.3987898001885934,0.01655800018833064,-497.80766772285995,2.1923322771400984,,-0.07409242207277628,0.0003266647281786536,-138.8807567852124,1.1192432147875586,-1.0730890623525398,-0.9920054056086602,True,0.9920054056086602,aod=500uK
20,2.40654751018993,0.00806350839097519,-499.4490150766033,0.5509849233967722,,-0.03163498899484186,0.0027626363298806924,-139.73444830092382,0.2655516990761608,-0.28543322432061147,-0.998103202149456,True,0.998103202149456,aod=500uK
21,2.445532839165545,-0.0005762242640646283,-498.48510821776716,1.5148917822329335,,0.01455614044223093,0.009416135163256376,-139.24803045693244,0.7519695430675408,-0.7629222391653928,-0.994628788978089,True,0.994628788978089,aod=500uK
0,2.401393882811721,0.0009971396771227944,-649.9902081151682,0.009791884831676395,,-0.0030990885715140573,-0.00023373815114841902,-139.99759884921326,0.0024011507867277115,-0.007390734044948684,-0.999982848922952,True,0.999982848922952,aod=650uK
1,2.3905928227303153,0.01136552622144076,-648.8835415125385,1.1164584874614736,,-0.01739645954688916,-0.007433307738648951,-139.49649719352269,0.503502806477304,-0.6129556809841695,-0.996403551382305,True,0.996403551382305,aod=650uK
2,2.3938717153717533,-0.004876116047876102,-649.7743034074432,0.2256965925567875,,0.022267586803960446,0.0014319565834644927,-139.88222615793063,0.11777384206934001,-0.1079227504874475,-0.9991587582709333,True,0.9991587582709333,aod=650uK
3,2.452391874767128,-0.02895907467286492,-640.6957971436066,9.304202856393355,,-0.11085638845590602,0.015070646170738475,-135.69348987059556,4.306510129404424,-4.997692726988931,-0.969239213361397,True,0.969239213361397,aod=650uK
4,2.420587973916123,0.001907849004211738,-649.5685025290398,0.4314974709601424,,-0.026336213272507923,0.002330314218562072,-139.81479929044662,0.18520070955336865,-0.24629676140677373,-0.9986771377889045,True,0.9986771377889045,aod=650uK
5,2.4154887053573777,-0.013905042277997149,-648.2268775218979,1.7731224781019763,,0.015042748605853376,0.009970099992923732,-139.15925234426112,0.8407476557388693,-0.932374822363107,-0.9939946596018652,True,0.9939946596018652,aod=650uK
6,2.3589439692152867,-0.01223979777324035,-647.2038454688983,2.796154531101675,,0.07848842370225079,0.003491476612903444,-138.64814452007695,1.3518554799230142,-1.4442990511786609,-0.9903438894291213,True,0.9903438894291213,aod=650uK
7,2.412189903551237,-0.006298411909745473,-649.5418411711875,0.4581588288125046,,0.0062761632403602425,0.00512008977259243,-139.78241920999002,0.217580790009959,-0.24057803880254558,-0.9984458514999288,True,0.9984458514999288,aod=650uK
8,2.3985603512282236,-0.002497354310580301,-649.9481847425247,0.05181525747515999,,0.010399658950154218,0.000980632677614566,-139.9701939019024,0.029806098097580006,-0.022009159377579985,-0.999787099299303,True,0.999787099299303,aod=650uK
9,2.414173376023947,-0.01080551856928293,-648.8760649035504,1.1239350964495243,,0.013229393407027373,0.007896327038992014,-139.4658623829072,0.5341376170927876,-0.5897974793567367,-0.9961847313064801,True,0.9961847313064801,aod=650uK
10,2.4577165459872683,0.010812186779174898,-645.9098118579997,4.090188142000318,,-0.09352699030167082,-0.0026869035504746685,-138.1644780789279,1.8355219210720748,-2.2546662209282426,-0.9868891291351994,True,0.9868891291351994,aod=650uK
11,2.3496806177790313,-0.003528260911849491,-647.5003509581788,2.4996490418210424,,0.07397480244946164,-0.0032131841673620205,-138.80262527844613,1.1973747215538355,-1.302274320267207,-0.9914473234174725,True,0.9914473234174725,aod=650uK
12,2.3923076159763736,0.002872456828610915,-649.8778623921401,0.12213760785985209,,0.0008313354176151083,-0.002644164228871125,-139.94397875568535,0.0560212443146192,-0.0661163635452329,-0.9995998482548956,True,0.9995998482548956,aod=650uK
13,2.4533580638482975,-0.02462870027619561,-642.4538443702144,7.546155629785515,,-0.0877402020211227,0.015518642638276238,-136.50937192631372,3.49062807368625,-4.055527556099265,-0.9750669423308125,True,0.9750669423308125,aod=650uK
14,2.4623491263729806,0.011297614672155594,-645.298591231018,4.7014087689819775,,-0.09916249594110275,-0.003806553926499947,-137.88724971226847,2.1127502877314943,-2.5886584812504827,-0.9849089265162037,True,0.9849089265162037,aod=650uK
15,2.479177752002755,-0.00041189504854268524,-644.0722495747412,5.927750425258706,,-0.11412527398641101,0.0022608042153023744,-137.32024006537526,2.6797599346247245,-3.2479904906339816,-0.9808588576098234,True,0.9808588576098234,aod=650uK
16,2.56591883777683,-0.030711928863322836,-616.8366817264954,33.163318273504565,,0.24957658804024418,-0.01877188230513233,-125.00542202417465,14.994577975825322,-18.168740297679246,-0.8928958716012477,True,0.8928958716012477,aod=650uK
17,2.3333753162620376,0.005204564075104321,-645.5817142266228,4.418285773377129,,0.09080089731133383,-0.007100776924633553,-137.9207069183575,2.079293081642495,-2.3389926917346333,-0.9851479065596964,True,0.9851479065596964,aod=650uK
18,2.3582303928425823,-0.004807832410014187,-648.1604778418957,1.839522158104245,,0.06431912503661691,-0.0023568663043414696,-139.11196822140477,0.8880317785952054,-0.9514903795090396,-0.9936569158671771,True,0.9936569158671771,aod=650uK
19,2.3928423984511906,-0.0359443476090422,-639.6251659101711,10.374834089828878,,-0.05906959279847288,0.022854485340598363,-135.1134546085745,4.8865453914254875,-5.488288698403391,-0.9650961043469608,True,0.9650961043469608,aod=650uK
20,2.3995425504692443,0.0330415417061044,-641.2741224628121,8.72587753718788,,0.036492214027749416,-0.021503337377080732,-136.0322316710477,3.967768328952293,-4.758109208235588,-0.9716587976503408,True,0.9716587976503408,aod=650uK
21,2.3934836404001554,-0.009627409155328363,-649.2188815374619,0.7811184625380052,,0.03510326004908137,0.004097220802401846,-139.61400933733714,0.3859906626628489,-0.39512779987515634,-0.9972429238381225,True,0.9972429238381225,aod=650uK
0,2.3745588785336134,0.014214156155598616,-647.7708099627953,2.229190037204683,,0.0034297639346553056,-0.011292399048571874,-138.97841354558764,1.0215864544123257,-1.2076035827923572,-0.9927029538970548,True,0.9927029538970548,aod=650uK
1,2.3864487296925234,-0.01294865591931676,-648.4855577675074,1.5144422324925422,,0.04930089858999441,0.005509101226865824,-139.26115023474577,0.7388497652542033,-0.7755924672383389,-0.9947225016767557,True,0.9947225016767557,aod=650uK
2,2.3943102865088868,-0.01233223529829925,-648.7537369755449,1.2462630244549702,,0.03957803261116194,0.005998581770630808,-139.39237340103418,0.607626598965813,-0.6386364254891571,-0.995659810007387,True,0.995659810007387,aod=650uK
3,2.413641315936857,0.004153897569977116,-649.6853964175845,0.3146035824154708,,-0.025343360479327184,0.00015569874407861647,-139.86849226961507,0.13150773038490252,-0.1830958520305683,-0.9990606590686792,True,0.9990606590686792,aod=650uK
4,2.3796602181938376,-0.0033714811956807654,-649.5163858451838,0.4836141548161431,,0.03325083623965218,-0.0014298099316796585,-139.75769586320817,0.2423041367918023,-0.24131001802434082,-0.9982692561657729,True,0.9982692561657729,aod=650uK
5,2.3920848360259224,-0.005960339179365028,-649.6565701480372,0.3434298519627654,,0.027216656350296194,0.0017414418480404714,-139.82432889510818,0.175671104891785,-0.1677587470709804,-0.9987452063936301,True,0.9987452063936301,aod=650uK
6,2.3467945481728667,-0.016046174437098992,-645.2593259931646,4.740674006835409,,0.09220830216214038,0.00828960934844362,-137.72242944477253,2.277570555227457,-2.4631034516079513,-0.9837316388912325,True,0.9837316388912325,aod=650uK
7,2.371984670581617,0.011684152805791432,-648.1639509145492,1.836049085450726,,0.00916043716755406,-0.010178527541205695,-139.15480236000562,0.845197639994355,-0.990851445456371,-0.9939628740000404,True,0.9939628740000404,aod=650uK
8,2.4397797003405803,0.009381957111716686,-647.7954562175277,2.2045437824722436,,-0.06924764345300458,-0.0006601451467408661,-139.01910901980327,0.9808909801967235,-1.22365280227552,-0.9929936358557376,True,0.9929936358557376,aod=650uK
9,2.474593404771895,-0.00409826428804681,-644.603063560783,5.396936439216942,,-0.10383002321017838,0.005675101030086263,-137.55474530098252,2.4452546990174553,-2.951681740199487,-0.9825338950070182,True,0.9825338950070182,aod=650uK
10,2.5754724789185417,-0.03507059795205491,-611.5768736565283,38.42312634347163,,0.2976921688726166,0.006360002228588593,-122.67436360820281,17.32563639179717,-21.09748995167446,-0.8762454543443059,True,0.8762454543443059,aod=650uK
11,2.387867344597021,0.0003582743793580093,-649.8591967856694,0.14080321433057547,,0.013052853140487776,-0.002141039242647841,-139.92851711207757,0.07148288792239618,-0.06932032640817928,-0.9994894079434115,True,0.9994894079434115,aod=650uK
12,2.376311096210432,0.035365163948260746,-639.4712133391229,10.52878666087709,,0.10067033209043931,-0.018550477496279402,-135.19196381493694,4.808036185063034,-5.720750475814057,-0.9656568843924069,True,0.9656568843924069,aod=650uK
13,2.441989054920364,0.004995614988893689,-648.1283536152938,1.871646384706116,,-0.06183288382787445,0.0025592680647285823,-139.1677975066736,0.8322024933263974,-1.0394438913797186,-0.99405569647624,True,0.99405569647624,aod=650uK
14,2.375857956319538,0.008597076825009818,-648.8560149282237,1.143985071776296,,0.007289018517767232,-0.008044131905910225,-139.47195869561,0.5280413043899653,-0.6159437673863306,-0.9962282763972146,True,0.9962282763972146,aod=650uK
15,2.407572844449608,-0.008827918749144778,-649.3226738420407,0.6773261579592731,,0.017588842380387215,0.005747333802629047,-139.67273054286025,0.32726945713973576,-0.3500567008195373,-0.9976623610204305,True,0.9976623610204305,aod=650uK
16,2.4238650858641178,0.010789268734912085,-648.5289642070952,1.4710357929047262,,-0.0539147435653082,-0.0026683098032730724,-139.34978784872445,0.6502121512755187,-0.8208236416292074,-0.9953556274908891,True,0.9953556274908891,aod=650uK
17,2.4364718918715167,0.01569746885586978,-646.7685620421436,3.2314379578563766,,-0.074692433124586,-0.006239590567712969,-138.55233151707935,1.4476684829206168,-1.7837694749357595,-0.9896595108362813,True,0.9896595108362813,aod=650uK
18,2.4532619649497986,0.024643068339688476,-642.4578762529429,7.542123747057029,,-0.06677600852939826,-0.017669924606174815,-136.59545147405976,3.4045485259402337,-4.137575221116795,-0.975681796243284,True,0.975681796243284,aod=650uK
19,2.4564377147080143,0.01979006590617435,-643.8519241257185,6.148075874281436,,-0.08754319590184556,-0.012310605953632741,-137.22989819444834,2.7701018055516493,-3.3779740687297863,-0.9802135585317739,True,0.9802135585317739,aod=650uK
20,2.3407831461732025,0.0014023801429986227,-646.6626591781444,3.337340821855553,,0.08002630665961848,-0.005886375877940596,-138.41923501917609,1.5807649808238917,-1.7565758410316614,-0.9887088215655436,True,0.9887088215655436,aod=650uK
21,2.5112770575235497,-0.027782570987460144,-632.1772699008229,17.822730099177043,,-0.15701542413416142,-0.019903986509826232,-131.8806003206369,8.119399679363104,-9.70333041981394,-0.9420042880045493,True,0.9420042880045493,aod=650uK
0,2.4002646454728915,0.011676323723594758,-648.9102738342006,1.0897261657994013,,-0.029632822841680107,-0.006190270347868894,-139.5142390633894,0.4857609366105912,-0.6039652291888101,-0.9965302790242101,True,0.9965302790242101,aod=650uK
1,2.3860477259459154,0.008149934108815714,-649.2842900142138,0.7157099857861464,,-0.005573830872138474,-0.006317831174994377,-139.67462785700152,0.32537214299846257,-0.39033784278768385,-0.9976759132642967,True,0.9976759132642967,aod=650uK
2,2.3669783084495086,0.03504615226507877,-639.1487168860097,10.85128311399034,,0.1167626683538493,-0.016604377517962402,-135.03538336024687,4.964616639753124,-5.886666474237216,-0.9645384525731919,True,0.9645384525731919,aod=650uK
3,2.3479810852143297,-0.03285565986996158,-638.807524549363,11.192475450636843,,-0.012290455874531016,0.025713110620515647,-134.68480127005515,5.315198729944831,-5.877276720692011,-0.9620342947861084,True,0.9620342947861084,aod=650uK
4,2.3831410130642903,0.0165542100745742,-647.5398770009062,2.4601229990937363,,-0.010608471881964699,-0.011717024193357467,-138.8797131958609,1.1202868041391003,-1.3398361949546358,-0.9919979513990064,True,0.9919979513990064,aod=650uK
5,2.3821794043490523,0.012886968348702867,-648.3711468052957,1.6288531947042828,,-0.007854942470863865,-0.009554938131025347,-139.2576969453883,0.74230305461169,-0.8865501400925928,-0.9946978353242022,True,0.9946978353242022,aod=650uK
6,2.4307249540995977,0.008067200905425547,-648.5839651598218,1.416034840178148,,-0.055311349929360154,-0.00016266643062046266,-139.3754148430468,0.6245851569531933,-0.7914496832249546,-0.9955386774503343,True,0.9955386774503343,aod=650uK
7,2.3686409530610937,-0.0143525601951007,-647.4203694668483,2.5796305331515654,,0.07047231183890346,0.005453621166584542,-138.75013053070728,1.249869469292703,-1.3297610638588624,-0.9910723609336235,True,0.9910723609336235,aod=650uK
8,2.3805717321217745,-0.01780654140680632,-647.1074577896154,2.8925422103845593,,0.05962235266647134,0.009158859705001588,-138.60432523341893,1.3956747665810376,-1.4968674438035217,-0.9900308945244212,True,0.9900308945244212,aod=650uK
9,2.380797797804094,-0.009134146627807876,-648.9830993738561,1.0169006261438145,,0.047685358200787877,0.002174818353903501,-139.49785810958448,0.5021418904154963,-0.5147587357283181,-0.9964132722113179,True,0.9964132722113179,aod=650uK
10,2.362807166602657,-0.005512170991207262,-648.4448027894292,1.5551972105706986,,0.059864708505669696,-0.0017173922186078945,-139.24530196905783,0.7546980309421374,-0.8004991796285613,-0.9946092997789847,True,0.9946092997789847,aod=650uK
11,2.382434737579787,-0.006622684364236417,-649.3565096790917,0.6434903209081909,,0.03939886856293287,0.0007770147600724992,-139.67802695620782,0.3219730437921506,-0.3215172771160404,-0.9977001925443418,True,0.9977001925443418,aod=650uK
12,2.42563838298017,0.013350690363419638,-647.9514803493639,2.048519650636031,,-0.060613652929903034,-0.0045111224268632975,-139.08786873062562,0.9121312693743635,-1.1363883812616677,-0.9934847766473259,True,0.9934847766473259,aod=650uK
13,2.3850546689310628,-0.0051221746951032815,-649.5782194066852,0.421780593314733,,0.0323378072047462,0.00025895493997562353,-139.7857290111231,0.21427098887687682,-0.20750960443785618,-0.9984694929365937,True,0.9984694929365937,aod=650uK
14,2.4041770712732267,0.006743998554167897,-649.6199228337372,0.38007716626280663,,-0.02270434421747774,-0.0026827041896101507,-139.83707927442066,0.1629207255793073,-0.2171564406834993,-0.9988362805315764,True,0.9988362805315764,aod=650uK
15,2.3883693317269894,0.001492702030516311,-649.8537404354221,0.1462595645778856,,0.009149033609265476,-0.0026127342316686155,-139.92832040885008,0.07167959114989951,-0.0745799734279861,-0.9994880029203579,True,0.9994880029203579,aod=650uK
16,2.3685477892365876,-0.0168934764854503,-646.7802730930846,3.219726906915335,,0.07200684340463438,0.00789358256776708,-138.4454531094976,1.5545468905023683,-1.6651800164129666,-0.9888960936392688,True,0.9888960936392688,aod=650uK
17,2.299948910157911,-0.014704602820212827,-638.8346313787962,11.165368621203724,,0.08912950123768618,0.021515809487036068,-134.68454940480115,5.315450595198834,-5.8499180260048895,-0.9620324957485797,True,0.9620324957485797,aod=650uK
18,2.389157706506362,-0.0018277142561656664,-649.8616720846621,0.138327915337852,,0.018213286167781135,-0.0008627299853193163,-139.92621560979558,0.0737843902044068,-0.0645435251334452,-0.9994729686413971,True,0.9994729686413971,aod=650uK
19,2.4793909099453524,0.004588176814724775,-643.8735485857145,6.126451414285424,,-0.11642017659490454,-0.0015313728858585294,-137.2362091801753,2.763790819824659,-3.362660594460765,-0.9802586370012525,True,0.9802586370012525,aod=650uK
20,2.4196839020519993,-0.015019065554486876,-647.8292795860419,2.1707204139580254,,0.009253356037819524,0.011222691331412063,-138.9758506632597,1.0241493367402634,-1.1465710772177622,-0.9926846475947124,True,0.9926846475947124,aod=650uK
21,2.3133282994604776,-0.005219380902539867,-642.6873883448184,7.312611655181598,,0.12564985912624474,0.00594001412308081,-136.52564258680704,3.4743574131929287,-3.83825424198867,-0.9751831613343362,True,0.9751831613343362,aod=650uK
0,2.415662873601904,0.03166532318849386,-641.7531169537946,8.24688304620533,,0.0037045420099954974,-0.021624789412367715,-136.25968271354685,3.7403172864531267,-4.506565759752203,-0.9732834479539062,True,0.9732834479539062,aod=650uK
1,2.323408663150686,-0.013600261893004867,-642.9744981555215,7.025501844478417,,0.10947773072103793,0.010764802152897423,-136.64363580785218,3.3563641921477982,-3.6691376523306185,-0.9760259700560872,True,0.9760259700560872,aod=650uK
2,2.462111497294468,0.03733582635403812,-635.2054883086427,14.794511691357243,,0.0805343381925058,-0.025915579365547843,-133.31178859836078,6.688211401639191,-8.106300289718051,-0.9522270614168629,True,0.9522270614168629,aod=650uK
3,2.3958746756533276,-0.000664103411864073,-649.9803135453254,0.019686454674491562,,0.0076442413996642275,-0.000352772753078451,-139.98705346453886,0.012946535461114902,-0.00673991921337666,-0.9999075247467063,True,0.9999075247467063,aod=650uK
4,2.323989183766383,0.017041896557572316,-642.215041241267,7.784958758732837,,0.12289920477771349,-0.008420073258694009,-136.37772192694618,3.6222780730537862,-4.162680685679051,-0.974126585192473,True,0.974126585192473,aod=650uK
5,2.416366838239836,0.0007194029537664215,-649.7415226815002,0.25847731849974015,,-0.01807370851259048,0.002314594600098244,-139.89038167479325,0.10961832520674344,-0.14885899329299673,-0.999217011962809,True,0.999217011962809,aod=650uK
6,2.4294834642727534,-0.032844105872976544,-640.5532901652801,9.446709834719806,,-0.0870819313718379,0.01893218905158898,-135.5927441807841,4.407255819215856,-5.039454015503949,-0.9685196012913153,True,0.9685196012913153,aod=650uK
7,2.4797233487070507,-0.0072493962968429495,-643.5719971551102,6.428002844889677,,-0.11438882033997325,0.0057958432380598975,-137.0805255456137,2.9194744543862536,-3.508528390503423,-0.9791466110400981,True,0.9791466110400981,aod=650uK
8,2.4197955490628207,0.0187685917433709,-646.8125539620106,3.1874460379892686,,-0.05775932278984309,-0.009702371391317396,-138.5668986517617,1.433101348238269,-1.7543446897509993,-0.989763561798298,True,0.989763561798298,aod=650uK
9,2.4898525829525906,-0.025153259570728476,-637.3212133383121,12.678786661687901,,-0.17014785301724045,-0.0003665625635564054,-134.20080985323685,5.799190146763137,-6.879596514924765,-0.9585772132374062,True,0.9585772132374062,aod=650uK
10,2.4245844631513047,-0.039667456568751085,-636.8501392772963,13.149860722703643,,-0.1463045245580656,0.015050908390556126,-133.87896750847236,6.121032491527618,-7.028828231176025,-0.9562783393462313,True,0.9562783393462313,aod=650uK
11,2.438499523129032,-0.019845773215977542,-645.4460584683278,4.553941531672111,,-0.03215294165112019,0.015451194470441906,-137.88059281897714,2.119407181022856,-2.4345343506492547,-0.9848613772784082,True,0.9848613772784082,aod=650uK
12,2.445130807490847,-0.016293527477561798,-645.946780331423,4.053219668576946,,-0.04002361218775539,0.013915408508371299,-138.12508445638505,1.8749155436149108,-2.1783041249620356,-0.9866077461170364,True,0.9866077461170364,aod=650uK
13,2.3547016611995537,0.004733594525475287,-647.8751719501139,2.1248280498860863,,0.04863803002774166,-0.008052239418662625,-138.99873721633836,1.0012627836616175,-1.1235652662244686,-0.9928481229738456,True,0.9928481229738456,aod=650uK
14,2.365853797487727,-0.002728571283379073,-648.8341607289688,1.165839271031229,,0.04850304791783656,-0.0032640475585686505,-139.43447605338005,0.5655239466199207,-0.6003153244113085,-0.9959605432384291,True,0.9959605432384291,aod=650uK
15,2.4628880858911324,0.018242902374578502,-643.5950717929552,6.40492820704471,,-0.0943814229143448,-0.011599566309052976,-137.1143788857674,2.8856211142325963,-3.519307092812114,-0.9793884206126243,True,0.9793884206126243,aod=650uK
16,2.4116620375788287,-0.036626944390540275,-639.148751586693,10.851248413306939,,-0.09196120003213797,0.020511367358317652,-134.91830089476767,5.0816991052323175,-5.769549308074621,-0.9637021492483406,True,0.9637021492483406,aod=650uK
17,2.342719453520636,0.016208335027156205,-644.7918479212505,5.208152078749447,,0.07346642357791669,-0.012826323510218157,-137.58548348407766,2.4145165159223216,-2.7936355628271254,-0.9827534534576977,True,0.9827534534576977,aod=650uK
18,2.4144794367925684,-0.01750992422368343,-647.3504714317083,2.649528568291597,,0.01678964611136772,0.01224280381254838,-138.74439786608318,1.2556021339167978,-1.393926434374799,-0.9910314133291658,True,0.9910314133291658,aod=650uK
19,2.4087744596317324,0.025136805156882075,-644.8768021176899,5.123197882310024,,-0.031189947715317985,-0.01629433616666557,-137.67912635748255,2.320873642517437,-2.8023242397925867,-0.9834223311248754,True,0.9834223311248754,aod=650uK
20,2.3531699124726764,0.010263410189847274,-647.0787548309243,2.9212451690756747,,0.0453214902228186,-0.010850035768309254,-138.63959461587953,1.3604053841204393,-1.5608397849552353,-0.990282818684854,True,0.990282818684854,aod=650uK
21,2.473506400397161,-0.007098186024490886,-644.4862725671629,5.513727432837054,,-0.10086943178815337,0.007410625937430461,-137.49530930355698,2.5046906964429847,-3.0090367363940693,-0.9821093521682643,True,0.9821093521682643,aod=650uK
0,2.429551036222903,-0.010532667248756039,-648.2845621395414,1.715437860458491,,-0.00946404093989187,0.0098666797903675,-139.20360699772635,0.7963930022736256,-0.9190448581848655,-0.9943114785551884,True,0.9943114785551884,aod=650uK
1,2.4508969498458937,0.0018384163004721938,-647.5175235528433,2.4824764471566843,,-0.06767852234342316,0.004730903406212656,-138.88735702935125,1.1126429706487377,-1.3698334765079463,-0.9920525502096519,True,0.9920525502096519,aod=650uK
2,2.4387709851271957,0.00010250508057345338,-648.573952257639,1.4260477423609519,,-0.04480187296793653,0.00532209260594405,-139.36365668941608,0.6363433105838995,-0.7897044317770524,-0.9954546906386864,True,0.9954546906386864,aod=650uK
3,2.3756772829540376,-0.008397228823628368,-648.874850993273,1.1251490067269503,,0.051580260569338794,0.0011564871062686782,-139.44617320146935,0.5538267985306158,-0.5713222081963344,-0.9960440942962099,True,0.9960440942962099,aod=650uK
4,2.4000807857812925,-0.017547953649338737,-647.5388806936526,2.4611193063473698,,0.036946173863759015,0.010616619931044284,-138.82022465922154,1.1797753407784448,-1.281343965568925,-0.991573033280154,True,0.991573033280154,aod=650uK
5,2.385057116571171,0.0025059348894618002,-649.7377934121951,0.2622065878048496,,0.009945013235603997,-0.0036263748805096577,-139.87466625394788,0.1253337460521084,-0.13687284175274123,-0.9991047589567706,True,0.9991047589567706,aod=650uK
6,2.443506029162299,0.004679028238031873,-648.0299957820095,1.9700042179904382,,-0.06316112519477433,0.002817080364689451,-139.12295374042236,0.8770462595776154,-1.0929579584128228,-0.9937353838601599,True,0.9937353838601599,aod=650uK
7,2.3984885971586976,-0.015146152892338213,-648.1643206142978,1.8356793857021185,,0.038212480573256345,0.008567426270832916,-139.114994416613,0.8850055833869696,-0.950673802315149,-0.993678531547236,True,0.993678531547236,aod=650uK
8,2.42730760067186,-0.007808136269133228,-648.804939529877,1.1950604701229741,,-0.010103959228285693,0.008150435232128607,-139.44818607410872,0.551813925891257,-0.6432465442317171,-0.9960584719579196,True,0.9960584719579196,aod=650uK
9,2.4584361938411785,-0.0286993307994924,-640.1821876253373,9.817812374662696,,-0.12421037023247022,0.013299529312887854,-135.4658751608544,4.534124839145561,-5.283687535517135,-0.9676133940061031,True,0.9676133940061031,aod=650uK
10,2.443699194480716,-0.016776763665643492,-645.9394770231416,4.060522976858234,,-0.03750257378490358,0.014118734404473709,-138.11941669995144,1.880583300048548,-2.1799396768096866,-0.9865672621425103,True,0.9865672621425103,aod=650uK
11,2.461557258696743,0.0051837251237488195,-646.1966066470962,3.8033933529037136,,-0.0910343683828224,0.0017198276338942226,-138.2914739178638,1.7085260821361743,-2.094867270767539,-0.9877962422704559,True,0.9877962422704559,aod=650uK
12,2.4100382467356276,0.009116922835895292,-649.2399957527584,0.7600042472415318,,-0.03504497921454296,-0.0031821672928854646,-139.66808185707575,0.33191814292422656,-0.4280861043173052,-0.9976291561219698,True,0.9976291561219698,aod=650uK
13,2.3828150800942924,0.01630576526240404,-647.5945932080276,2.4054067919723443,,-0.01015149569985723,-0.011594735195470341,-138.90443793995203,1.0955620600479334,-1.3098447319244109,-0.9921745567139433,True,0.9921745567139433,aod=650uK
14,2.305462149486269,0.011308026080902929,-640.5456066217884,9.454393378211558,,0.1482743542327703,0.0009291975050506793,-135.56760224927822,4.432397750721766,-5.021995627489791,-0.9683400160662731,True,0.9683400160662731,aod=650uK
15,2.3080687548789816,0.010385934908262638,-641.1612464946583,8.838753505341638,,0.14340828010174636,-0.00039123769853866865,-135.854713210081,4.145286789918978,-4.69346671542266,-0.9703908086434359,True,0.9703908086434359,aod=650uK
16,2.417836465254714,-0.02977174449395655,-642.613802658835,7.3861973411649915,,-0.03710627329423864,0.0199673219877066,-136.53211992414603,3.4678800758539374,-3.918317265311054,-0.9752294280296148,True,0.9752294280296148,aod=650uK
17,2.4549128031539587,0.018843421823944773,-644.3047489234584,5.695251076541566,,-0.08885612380997555,-0.01095320165987855,-137.4354492901409,2.5645507098590934,-3.1307003666824724,-0.9816817806438636,True,0.9816817806438636,aod=650uK
18,2.313652142398238,0.013073143818843098,-641.5917875918823,8.408212408117683,,0.13766416857463867,-0.0036855604909908123,-136.06821398126814,3.93178601873183,-4.4764263893858525,-0.9719158141519155,True,0.9719158141519155,aod=650uK
19,2.4709465628136016,0.011844007447136555,-644.1162806020907,5.883719397909272,,-0.10765308140848377,-0.0061116691895747935,-137.350922811269,2.649077188731002,-3.23464220917827,-0.9810780200804928,True,0.9810780200804928,aod=650uK
20,2.350904473079821,-0.01822546123017224,-645.0601511817365,4.939848818263489,,0.08674918853097645,0.01026575358677443,-137.62686545724898,2.373134542751001,-2.5667142755124885,-0.98304903898035,True,0.98304903898035,aod=650uK
21,2.3798017320286777,-0.011946208574071901,-648.472065244055,1.5279347559449128,,0.054821467546833,0.004089217595470836,-139.25296616291743,0.7470338370825487,-0.7809009188623641,-0.994664044020839,True,0.994664044020839,aod=650uK
0,2.483529611967512,-0.01276453522244397,-642.1054079606988,7.894592039301113,,-0.1277407369929574,0.00612225437962803,-136.4022163545959,3.5977836454040704,-4.2968083938970425,-0.9743015453899709,True,0.9743015453899709,aod=650uK
1,2.448283540626422,0.009066014784876297,-647.1328873513901,2.867112648609839,,-0.07927691399141813,-0.0004392693131625001,-138.7188190205401,1.281180979459877,-1.5859316691499616,-0.9908487072895723,True,0.9908487072895723,aod=650uK
2,2.408598552493119,-0.026235225113127723,-644.4287069050213,5.571293094978634,,0.0023879681245529407,0.018146113392781032,-137.3670761892228,2.6329238107771866,-2.938369284201447,-0.9811934013515915,True,0.9811934013515915,aod=650uK
3,2.3776361504568198,-0.0242249567382285,-644.8348616938133,5.1651383061866225,,0.05065710568946165,0.015605681598092043,-137.52964043422955,2.4703595657704365,-2.6947787404161865,-0.9823545745302111,True,0.9823545745302111,aod=650uK
4,2.530903006552211,-0.045733189713004885,-617.212536787792,32.78746321220787,,0.19493367308817947,-0.030277013309191702,-125.1126929107286,14.88730708927138,-17.90015612293649,-0.8936620922194901,True,0.8936620922194901,aod=650uK
5,2.448331647396997,-0.024202657893062276,-643.1036944220721,6.896305577927862,,-0.07255623591124248,0.0163021560884738,-136.80325918513591,3.1967408148640604,-3.699564763063802,-0.9771661370366853,True,0.9771661370366853,aod=650uK
6,2.349678972616275,0.0036501913138953465,-647.4931987593727,2.506801240627171,,0.05969077272990487,-0.007561533356081235,-138.81612522363773,1.1838747763622475,-1.3229264642649234,-0.9915437515974125,True,0.9915437515974125,aod=650uK
7,2.4313111887255405,0.027338767614677423,-643.0960165951759,6.903983404823998,,-0.04213531697385766,-0.018580900888390074,-136.8779425467176,3.12205745328238,-3.7819259515416177,-0.9776995896194116,True,0.9776995896194116,aod=650uK
8,2.4991962964135848,-0.037674691470181404,-629.3779024930265,20.622097506973446,,-0.1492802530900984,-0.0248343891004094,-130.58592550421534,9.41407449578463,-11.208023011188818,-0.9327566107443955,True,0.9327566107443955,aod=650uK
9,2.412966092791808,0.027437542172290455,-643.8235140925195,6.176485907480376,,-0.02486361066012504,-0.018286210092305077,-137.2010571365107,2.798942863489251,-3.3775430439911243,-0.9800075509750767,True,0.9800075509750767,aod=650uK
10,2.3699435114404808,0.01548229309731964,-647.226847657743,2.773152342257022,,0.011799334953179834,-0.01248021874479679,-138.72665826562553,1.2733417343744569,-1.499810607882565,-0.9909047018973253,True,0.9909047018973253,aod=650uK
11,2.342993811575653,0.026633890274754716,-641.2516346124784,8.748365387521584,,0.1118659661687248,-0.013674682880044848,-135.9690383708767,4.0309616291232775,-4.717403758398308,-0.9712074169348337,True,0.9712074169348337,aod=650uK
12,2.4799428599968794,0.02743194317813845,-637.9446606881269,12.055339311873004,,-0.024622960181664266,-0.025798569694592963,-134.55655352265293,5.443446477347048,-6.611892834525957,-0.9611182394475211,True,0.9611182394475211,aod=650uK
13,2.409341890569797,0.011575891170502409,-648.8461318104745,1.1538681895254377,,-0.03967607690692499,-0.004864657484650026,-139.48923908109253,0.5107609189074351,-0.6431072706180024,-0.9963517077220897,True,0.9963517077220897,aod=650uK
14,2.3858810523350265,-0.028523232702192584,-643.3082800738441,6.69171992615587,,0.019559861798441554,0.01970029031426549,-136.81989385311843,3.1801061468815552,-3.5116137792743154,-0.9772849560937031,True,0.9772849560937031,aod=650uK
15,2.34274852367036,-0.01037479649271159,-646.0344099180122,3.965590081987738,,0.09503474449212193,0.0029184379557322,-138.0967028906162,1.9032971093837834,-2.062292972603955,-0.9864050206472587,True,0.9864050206472587,aod=650uK
16,2.4476452513835,-0.030684277387999198,-640.3226913337182,9.677308666281638,,-0.11130561218834299,0.015720251567995665,-135.51357705145986,4.486422948540126,-5.190885717741512,-0.9679541217961419,True,0.9679541217961419,aod=650uK
17,2.257959601855644,0.009241532457461498,-630.4370389794351,19.562961020564792,,0.029728244586744196,0.03363834576734655,-130.77561126842278,9.224388731577212,-10.338572288987578,-0.9341115090601627,True,0.9341115090601627,aod=650uK
18,2.3248905708175127,-0.011964553101132636,-643.5204184590003,6.479581540999556,,0.11155146568060122,0.008467466701783588,-136.90466934428855,3.095330655711423,-3.3842508852881323,-0.977890495316347,True,0.977890495316347,aod=650uK
19,2.381563326998255,0.009905861657376053,-648.8930122159516,1.1069877840484148,,-0.003053813743102473,-0.007941017620284832,-139.49409201952793,0.5059079804720519,-0.6010798035763629,-0.9963863715680568,True,0.9963863715680568,aod=650uK
20,2.2939702905961155,-0.04989116252842401,-619.5165845041379,30.48341549586204,,-0.20011335954067508,-0.027854453433988954,-125.84289488678813,14.157105113211848,-16.326310382650192,-0.8988778206199154,True,0.8988778206199154,aod=650uK
21,2.3951887351841736,0.03408008544384703,-640.6951964198422,9.304803580157765,,0.053502562677655546,-0.021370597671875647,-135.76555067078021,4.234449329219762,-5.070354250938003,-0.969753933362716,True,0.969753933362716,aod=650uK
0,2.4563947425788455,-0.002607125094824873,-646.9323893241861,3.0676106758137833,,-0.06880958803415474,0.007252084791654582,-138.614532844256,1.3854671557440004,-1.6821435200697827,-0.9901038060304,True,0.9901038060304,aod=650uK
1,2.4611371349791384,-0.0058027075473746055,-646.1909388036711,3.8090611963288983,,-0.0743846560104117,0.008675201718817192,-138.27130269458067,1.7286973054193189,-2.0803638909095796,-0.9876521621041477,True,0.9876521621041477,aod=650uK
2,2.344053092701668,-0.000688030765671469,-647.0304897071461,2.969510292853779,,0.07757791506429396,-0.004837094162764775,-138.58738101520564,1.41261898479435,-1.556891308059429,-0.989909864394326,True,0.989909864394326,aod=650uK
3,2.3925370039376346,-0.009531397948776504,-649.2210168869034,0.7789831130965539,,0.03590930622023363,0.0039047431028132492,-139.61463285092321,0.38536714907674935,-0.3936159640198045,-0.9972473775065946,True,0.9972473775065946,aod=650uK
4,2.362847622433926,0.01257058136847508,-647.4275361751843,2.572463824815636,,0.02505783697877904,-0.011520950991574607,-138.81077366553998,1.189226334460001,-1.3832374903556355,-0.9915055261824286,True,0.9915055261824286,aod=650uK
5,2.3456675925956136,-0.01442134303853389,-645.5403822490301,4.459617750969757,,0.09383030092719401,0.006650954008392677,-137.85715691187474,2.1428430881252414,-2.3167746628445163,-0.9846939779419626,True,0.9846939779419626,aod=650uK
6,2.3633892199334827,-0.032402741312503806,-640.336810495905,9.663189504095,,-0.0017068889065333798,0.023959298511595613,-135.41136810698754,4.588631893012428,-5.0745576110825725,-0.9672240579070541,True,0.9672240579070541,aod=650uK
7,2.4100395582174077,0.010539106466884489,-649.0165466162434,0.983453383756534,,-0.03831071381947814,-0.004082975222705814,-139.56687128936198,0.43312871063797964,-0.5503246731185543,-0.996906223495443,True,0.996906223495443,aod=650uK
8,2.4237958875961003,0.003986915803465563,-649.3354349468335,0.6645650531663786,,-0.03609201904805562,0.001641613990641767,-139.71226895828323,0.2877310417167532,-0.3768340114496254,-0.9979447782734517,True,0.9979447782734517,aod=650uK
9,2.389141740326807,-0.016635493923072106,-647.6762209188541,2.3237790811457772,,0.05001591670424598,0.008745431608280388,-138.87796753282066,1.1220324671793234,-1.2017466139664539,-0.9919854823772906,True,0.9919854823772906,aod=650uK
10,2.3228991261797742,0.007101276869231028,-643.9760597221301,6.023940277869853,,0.11286958950710088,-0.005568543782131288,-137.17047154321804,2.829528456781942,-3.194411821087911,-0.9797890824515576,True,0.9797890824515576,aod=650uK
11,2.4107314097725943,0.009795010977910629,-649.1238312401445,0.8761687598555283,,-0.037395464564558174,-0.003510602856265164,-139.6157524044795,0.38424759552047283,-0.49192116433505545,-0.9972553743177109,True,0.9972553743177109,aod=650uK
12,2.4599732049362544,0.023798102653316673,-642.0667007454942,7.933299254505693,,-0.0718890363731364,-0.017782306704694873,-136.41960319925272,3.58039680074727,-4.352902453758422,-0.9744257371375195,True,0.9744257371375195,aod=650uK
13,2.417973927301055,-0.0027502992591927925,-649.632814938987,0.3671850610129267,,-0.009866975941453804,0.004262144840288193,-139.8348981639914,0.16510183600857345,-0.20208322500435325,-0.9988207011713673,True,0.9988207011713673,aod=650uK
14,2.36918504684009,-0.021466167983896806,-645.4159767774429,4.584023222557087,,0.06660447891035724,0.01273583914851917,-137.79916164738694,2.2008383526130384,-2.3831848699440488,-0.984279726052764,True,0.984279726052764,aod=650uK
15,2.3086456563651345,0.004183369889728705,-641.9826896074196,8.017310392580313,,0.13652878787884937,0.0015102455091572677,-136.22050085752923,3.7794991424707596,-4.237811250109554,-0.9730035775537803,True,0.9730035775537803,aod=650uK
16,2.3913808117517106,-0.021574714362004095,-646.2092317590193,3.790768240980576,,0.04350820921753813,0.01336181622996509,-138.1863880475161,1.813611952483897,-1.9771562884966787,-0.9870456289108293,True,0.9870456289108293,aod=650uK
17,2.404020019589187,-0.026672452424985244,-644.2986836679717,5.701316332028245,,0.007356802392150249,0.018337818828558842,-137.30127221071106,2.69872778928893,-3.002588542739315,-0.9807233729336505,True,0.9807233729336505,aod=650uK
18,2.443206152237542,0.016699038487550506,-646.0008518813598,3.999148118640136,,-0.08158302078665049,-0.007425613294153485,-138.2044973012939,1.7955026987060534,-2.2036454199340825,-0.9871749807235282,True,0.9871749807235282,aod=650uK
19,2.3377178206317946,0.0020933877391650668,-646.2915671963417,3.7084328036582086,,0.08493478715219487,-0.005981409416487602,-138.246239505759,1.7537604942409828,-1.9546723094172258,-0.9874731393268501,True,0.9874731393268501,aod=650uK
20,2.319812725616622,0.021657183843124567,-640.173515034228,9.82648496577191,,0.14585255112464987,-0.005907264693738449,-135.4367689480159,4.5632310519840935,-5.263253913787816,-0.9674054924858279,True,0.9674054924858279,aod=650uK
21,2.368204980941602,0.0037868415450840734,-648.9260548374224,1.073945162577543,,0.028455946296245295,-0.006547326339942422,-139.491855289193,0.5081447108069534,-0.5658004517705894,-0.9963703949228074,True,0.9963703949228074,aod=650uK
0,2.4528721383091328,0.004307438541651751,-647.2023616000961,2.7976383999038807,,-0.07608336771175672,0.0030375980877097716,-138.74720840240352,1.2527915975964583,-1.5448468023074224,-0.9910514885885967,True,0.9910514885885967,aod=650uK
1,2.3069159429335717,0.016435928554836714,-639.6642630142825,10.335736985717473,,0.15497196986009346,0.00011659712870101371,-135.17268874365263,4.827311256347342,-5.50842572937013,-0.9655192053118047,True,0.9655192053118047,aod=650uK
2,2.4748406156167326,-0.005348546743490392,-644.4738661992864,5.526133800713602,,-0.10394582201241626,0.006265123016612021,-137.4935943332426,2.5064056667573564,-3.0197281339562454,-0.9820971023803046,True,0.9820971023803046,aod=650uK
3,2.4117008245073515,0.013094589168258747,-648.4995472803548,1.5004527196451023,,-0.04497102238665366,-0.005641355129361669,-139.33258458199143,0.6674154180085571,-0.8330373016365453,-0.9952327470142246,True,0.9952327470142246,aod=650uK
4,2.3686135259813863,-0.0006946311199486953,-649.0612886937383,0.938711306261626,,0.03929202903849085,-0.004165434910117772,-139.54589280818635,0.45410719181362036,-0.4846041144480057,-0.9967563772013313,True,0.9967563772013313,aod=650uK
5,2.4623751263803975,-0.004464054433139627,-646.1563797922921,3.8436202077078514,,-0.07823041189309088,0.007870676434042562,-138.25866120500285,1.7413387949971275,-2.102281412710724,-0.9875618657500205,True,0.9875618657500205,aod=650uK
6,2.4016692010520213,-0.002749750801588165,-649.9369222442178,0.06307775578212385,,0.007927770275085858,0.0016176810127330064,-139.96622979234482,0.03377020765515901,-0.029307548126964844,-0.9997587842310346,True,0.9997587842310346,aod=650uK
7,2.3619589175343108,-0.010510491941655573,-647.7442382297685,2.255761770231504,,0.07220679875407343,0.0019772284420032232,-138.90635084564977,1.0936491543501972,-1.1621126158813067,-0.99218822032607,True,0.99218822032607,aod=650uK
8,2.41196981003958,-0.016203743706506787,-647.7654475232403,2.2345524767596556,,0.020920313724140435,0.011032972743487513,-138.937618147815,1.0623818521849961,-1.1721706245746595,-0.9924115581986785,True,0.9924115581986785,aod=650uK
9,2.4299268393280498,-0.015946297704462466,-647.1176696924604,2.882330307539619,,-0.00836654521065463,0.012913083324142932,-138.65296405787856,1.3470359421214047,-1.5352943654182147,-0.9903783146991328,True,0.9903783146991328,aod=650uK
10,2.4919269561945567,0.01387492630694038,-640.4854598009516,9.514540199048366,,-0.1081612621784767,-0.015505743478418266,-135.70580182489093,4.294198175109057,-5.22034202393931,-0.9693271558920782,True,0.9693271558920782,aod=650uK
11,2.3305446748291265,-0.029779476289098383,-638.3470491052832,11.652950894716696,,0.006473006841790176,0.026315983585956427,-134.4564273038585,5.543572696141467,-6.109378198575229,-0.9604030521704181,True,0.9604030521704181,aod=650uK
12,2.433332530121921,-0.006511243609547146,-648.6068713095838,1.3931286904161433,,-0.021624003588586887,0.008227753750507917,-139.36333377423597,0.6366662257640039,-0.7564624646521394,-0.9954523841016857,True,0.9954523841016857,aod=650uK
13,2.372568630075789,0.012214279609237738,-648.0934076961051,1.9065923038948271,,0.00775662121956731,-0.010399369545686257,-139.12333815212128,0.8766618478787038,-1.0299304560161233,-0.9937381296580092,True,0.9937381296580092,aod=650uK
14,2.44502954120488,-0.008205967094506607,-647.5390536690899,2.4609463309100232,,-0.039334051199941766,0.010056596441200782,-138.8755788339432,1.1244211660567767,-1.3365251648532468,-0.9919684202424516,True,0.9919684202424516,aod=650uK
15,2.3771368175106424,0.015711990321801584,-647.5307110824085,2.469288917591455,,-0.0009565243473600552,-0.011883508051122853,-138.87114034922385,1.128859650776132,-1.340429266815323,-0.9919367167801705,True,0.9919367167801705,aod=650uK
16,2.478704340780021,0.0007164068869859338,-644.1398413478057,5.860158652194192,,-0.11384497793297196,0.0016355701937017702,-137.35253519173392,2.6474648082660597,-3.212693843928133,-0.9810895370838139,True,0.9810895370838139,aod=650uK
17,2.390182581448265,0.012957776416667576,-648.5665158289177,1.4334841710823072,,-0.01908540800297579,-0.008470079563252863,-139.35211957559017,0.6478804244097986,-0.7856037466725087,-0.9953722826827871,True,0.9953722826827871,aod=650uK
18,2.4503185194132193,0.017498904539828646,-645.1525538362328,4.847446163767189,,-0.08745583940189214,-0.008837222452135399,-137.8200701264905,2.179929873509499,-2.6675162902576894,-0.984429072332075,True,0.984429072332075,aod=650uK
19,2.407454251754793,0.022466241887940677,-645.9131997493081,4.0868002506918195,,-0.0382756066215968,-0.013923523573253459,-138.151211590071,1.8487884099289653,-2.2380118407628538,-0.9867943685005074,True,0.9867943685005074,aod=650uK
20,2.369106705948985,-0.02359596670525104,-644.6443329003247,5.355667099675286,,0.06028156558231201,0.015106028720490909,-137.43487618348428,2.5651238165156913,-2.7905432831595944,-0.9816776870248879,True,0.9816776870248879,aod=650uK
21,2.4285267068933925,-0.027236001230913492,-643.2988657534237,6.70113424657628,,-0.04180259620726426,0.018643404638862153,-136.86504469339334,3.134955306606631,-3.5661789399696486,-0.977607462095667,True,0.977607462095667,aod=650uK
0,2.42792932198565,-0.011028229018606601,-648.287583063105,1.7124169368949584,,-0.006313634864614024,0.009936150348345779,-139.20277781841537,0.7972221815846137,-0.9151947553103448,-0.9943055558458241,True,0.9943055558458241,aod=650uK
1,2.2412167318894594,0.0032551163806519823,-626.4077890389219,23.59221096107806,,-0.11351189504897004,0.03266450517566011,-128.86143795911073,11.138562040889255,-12.453648920188805,-0.9204388425650767,True,0.9204388425650767,aod=650uK
2,2.5044296837139615,-0.007037286636993832,-639.3296032763388,10.670396723661042,,-0.14999859890419504,-0.006257230477317966,-135.15974367482895,4.840256325171035,-5.830140398490008,-0.9654267405344926,True,0.9654267405344926,aod=650uK
3,2.4296013189100627,-0.0005730885101654786,-649.16577253962,0.8342274603800066,,-0.030279030135307538,0.004780352772092921,-139.62995467020176,0.3700453297982213,-0.4641821305817853,-0.9973568190728699,True,0.9973568190728699,aod=650uK
4,2.3418115087430786,0.009245140817212798,-646.1093264991921,3.8906735008078726,,0.07040248672700815,-0.010060076878624728,-138.18096398210298,1.81903601789701,-2.071637482910863,-0.9870068855864499,True,0.9870068855864499,aod=650uK
5,2.4555564893764568,0.0013656792018245806,-647.0605211900814,2.9394788099185583,,-0.07442130552826089,0.004906077834038523,-138.679324651345,1.3206753486549638,-1.6188034612635944,-0.9905666046524645,True,0.9905666046524645,aod=650uK
6,2.291180829949034,-0.0017544780458123932,-638.8265235025758,11.17347649742412,,0.13070216600419926,0.015171092228218283,-134.70945924664468,5.290540753355287,-5.882935744068834,-0.9622104231903194,True,0.9622104231903194,aod=650uK
7,2.384892729779745,0.006466420726999857,-649.4490937926848,0.5509062073151277,,-0.00030472918112425145,-0.005619214141566954,-139.74761562327694,0.2523843767230437,-0.2985218305920841,-0.9981972544519783,True,0.9981972544519783,aod=650uK
8,2.4354602090018584,0.01033863207999008,-647.9526701433784,2.0473298566215403,,-0.0660945524486535,-0.0015450973116387565,-139.09021745284815,0.909782547151839,-1.137547309469701,-0.9935015532346297,True,0.9935015532346297,aod=650uK
9,2.468588430985782,0.018173922906875858,-642.9078975605382,7.092102439461723,,-0.09651282499988145,-0.012775511575555218,-136.80316321716748,3.196836782832495,-3.895265656629228,-0.9771654515511965,True,0.9771654515511965,aod=650uK
10,2.3783511414612204,0.04485134423431264,-633.4771605337094,16.52283946629061,,0.19080206364840538,-0.0060610050613030255,-132.45445998802512,7.545540011974861,-8.977299454315748,-0.946103285628751,True,0.946103285628751,aod=650uK
11,2.4880487879666733,0.012423923418396404,-641.4454942638203,8.554505736179724,,-0.11435828793108427,-0.012305800649926112,-136.1400921737755,3.8599078262244726,-4.6945979099552515,-0.9724292298126823,True,0.9724292298126823,aod=650uK
12,2.34184692274032,-0.0017980705806031846,-646.7705136207069,3.229486379293028,,0.08335859966286206,-0.003934640977365268,-138.46215188260288,1.537848117397086,-1.6916382618959422,-0.9890153705900208,True,0.9890153705900208,aod=650uK
13,2.4985603495772155,-0.014604284917642438,-639.1352841266897,10.864715873310246,,-0.15651411545365196,-0.0017157385956241876,-135.05443668507138,4.945563314928595,-5.919152558381651,-0.96467454775051,True,0.96467454775051,aod=650uK
14,2.448851587689685,-0.004735617185266305,-647.5583472656698,2.4416527343301184,,-0.05123572386459132,0.008447286878862571,-138.89376780257015,1.1062321974298113,-1.3354205369003074,-0.9920983414469299,True,0.9920983414469299,aod=650uK
15,2.4116888082945938,0.009411022379117354,-649.1623936186797,0.8376063813202288,,-0.03752694749111986,-0.0031380301981790283,-139.6335395962102,0.3664604037897802,-0.4711459775304486,-0.9973824256872158,True,0.9973824256872158,aod=650uK
16,2.3955258996051287,0.012539059428989417,-648.7243570117702,1.275642988229763,,-0.025356705733826725,-0.007431509163203175,-139.42714742917647,0.5728525708234995,-0.7027904174062636,-0.9959081959226893,True,0.9959081959226893,aod=650uK
17,2.330442062697103,0.002832324698859786,-645.3573029448182,4.642697055181679,,0.09850416436276908,-0.005260168287520237,-137.80815354899332,2.191846451006667,-2.4508506041750118,-0.984343953921381,True,0.984343953921381,aod=650uK
18,2.290692325904098,-0.009729321141345086,-637.995115953356,12.00488404664393,,0.09887752064745761,0.021568154282816228,-134.29647948017396,5.703520519826019,-6.301363526817911,-0.9592605677155285,True,0.9592605677155285,aod=650uK
19,2.408613389458591,0.014107204466222096,-648.3389491349831,1.6610508650168476,,-0.04295426917921973,-0.00675708912739055,-139.25819054861094,0.7418094513890342,-0.9192414136278134,-0.9947013610615069,True,0.9947013610615069,aod=650uK
20,2.4513892127708217,0.0091991088013684,-646.820553302485,3.1794466975149582,,-0.08350387190827314,-0.0006866685807254795,-138.57720921091405,1.422790789085928,-1.7566559084290303,-0.9898372086493862,True,0.9898372086493862,aod=650uK
21,2.38121843416067,0.013658621107873883,-648.1740432722344,1.8259567277655124,,-0.0070300045146206355,-0.010145064700431857,-139.16729245943966,0.8327075405603095,-0.993249187205203,-0.9940520889959978,True,0.9940520889959978,aod=650uK
0,2.3961519838492658,-0.004094687032432499,-849.8476067977007,0.15239320229925843,,-0.003239184619470413,-0.00266710117199982,-139.94100032692353,0.058999673076449724,-0.0933935292228087,-0.9995785737637396,True,0.9995785737637396,aod=850uK
1,2.435847654036272,-0.052655136601895414,-826.2461153994402,23.753884600559783,,0.02894241164146324,0.03415420804653695,-130.50552188608583,9.49447811391415,-14.259406486645634,-0.9321822991863274,True,0.9321822991863274,aod=850uK
2,2.418075261371046,-0.0019606135070167887,-849.5636352539474,0.43636474605263503,,0.027561567609417862,0.00024926244157267473,-139.8442099592476,0.155790040752376,-0.280574705300259,-0.9988872139946259,True,0.9988872139946259,aod=850uK
3,2.3194560132070126,0.012856858102660348,-840.66047649539,9.339523504610037,,-0.08983241210166694,-0.01662668445115506,-136.14957314282518,3.8504268571748033,-5.489096647435234,-0.97249695102018,True,0.97249695102018,aod=850uK
4,2.4188588968788842,0.015365922687338327,-847.6713283665836,2.3286716334163935,,-0.005253828122138894,0.010922317604384786,-139.0408815482354,0.9591184517645834,-1.3695531816518098,-0.9931491539159673,True,0.9931491539159673,aod=850uK
5,2.435526300556416,0.025651305129489568,-843.1751219497901,6.824878050209853,,-0.054989578999913906,0.016491285770483737,-137.20921356060623,2.790786439393754,-4.034091610816098,-0.9800658111471875,True,0.9800658111471875,aod=850uK
6,2.423831304685989,-0.01043340504422289,-848.4249711989318,1.5750288010681797,,0.049091899832041035,-0.0035969163439440975,-139.40450884955126,0.5954911504487227,-0.9795376506194571,-0.9957464917825091,True,0.9957464917825091,aod=850uK
7,2.375680975197881,-0.02018617134718266,-846.0090891341569,3.990910865843124,,0.018873539124394042,-0.013841088055145393,-138.39600358601652,1.6039964139834615,-2.386914451859662,-0.988542882757261,True,0.988542882757261,aod=850uK
8,2.405598444875304,-0.0026815303705437755,-849.903607001563,0.09639299843695016,,0.009448254765123117,-0.0011671898139298672,-139.9708533267499,0.02914667325006784,-0.06724632518688232,-0.9997918094767853,True,0.9997918094767853,aod=850uK
9,2.3399564104974715,-0.029100800893121663,-838.7660910069279,11.23390899307209,,0.10280762414380704,-0.01728774367264491,-135.4660349697936,4.533965030206362,-6.699943962865729,-0.9676145354985259,True,0.9676145354985259,aod=850uK
10,2.3576145387977863,0.00010103899359962162,-847.7717850199087,2.2282149800911717,,-0.06037757933841426,-0.004995046603442856,-139.05691264859823,0.943087351401737,-1.2851276286894349,-0.9932636617757019,True,0.9932636617757019,aod=850uK
11,2.4691043750125505,-0.0008904280516748675,-844.0838448251101,5.916155174889847,,0.07169808314101173,0.012727934781853127,-137.6576822474424,2.3423177525575785,-3.5738374223322693,-0.983269158910303,True,0.983269158910303,aod=850uK
12,2.378924988480843,-0.006384382591184243,-849.1228194280063,0.8771805719936142,,-0.02408102200610613,-0.00556532187925878,-139.63388831409753,0.3661116859024473,-0.5110688860911669,-0.9973849165292682,True,0.9973849165292682,aod=850uK
13,2.355031506829215,0.018870921847219307,-844.646237099241,5.353762900758941,,-0.10493911617995905,-0.00024089978617799612,-137.7650787634017,2.2349212365982765,-3.1188416641606644,-0.9840362768814409,True,0.9840362768814409,aod=850uK
14,2.5571381167762564,-0.01698488075944917,-817.5760286131231,32.42397138687691,,-0.25054054605487147,-0.009735531642166659,-126.97429529574822,13.02570470425176,-19.398266682625145,-0.9069592521124874,True,0.9069592521124874,aod=850uK
15,2.4061413155378,-0.028409766191553117,-843.5023577886606,6.497642211339347,,0.09508377869503112,-0.009585769929155446,-137.42849489220285,2.5715051077971367,-3.9261371035422097,-0.9816321063728776,True,0.9816321063728776,aod=850uK
16,2.3876542591650867,-0.018883490241932345,-846.9607493214562,3.039250678543782,,0.022801775179394825,-0.011750922046117648,-138.79006629430285,1.2099337056971198,-1.8293169728466623,-0.9913576163878777,True,0.9913576163878777,aod=850uK
17,2.3706258203219703,0.013676102127045486,-847.434264856628,2.565735143371918,,-0.06924878231692323,0.0037648939601274242,-138.90927196164398,1.0907280383559896,-1.4750071050159284,-0.9922090854403144,True,0.9922090854403144,aod=850uK
18,2.4250963775725953,-0.013534323107937996,-847.7541573432014,2.245842656798485,,0.05807248567083218,-0.004641995875305104,-139.1396685456538,0.8603314543461917,-1.3855112024522935,-0.9938547753260987,True,0.9938547753260987,aod=850uK
19,2.371498779159603,-0.01777479294229823,-846.4666474841895,3.5333525158104333,,0.00382352207673502,-0.0133509573306016,-138.5723753229751,1.4276246770248782,-2.1057278387855556,-0.9898026808783937,True,0.9898026808783937,aod=850uK
20,2.3726500048517645,0.005047300170122121,-848.8679498270748,1.132050172925229,,-0.0491242774635863,0.00048776038010865127,-139.50536367178148,0.4946363282184977,-0.6374138447067312,-0.9964668833698679,True,0.9964668833698679,aod=850uK
21,2.440920091359768,0.019813362477093564,-844.7855011373065,5.2144988626935005,,-0.013795893761702337,0.016148915055709593,-137.87675085059166,2.123249149408329,-3.091249713285171,-0.9848339346470834,True,0.9848339346470834,aod=850uK
0,2.431991443224175,-0.016889019339361207,-846.4502004395263,3.549799560473672,,0.07810208676797095,-0.0040906777036932036,-138.6240969409363,1.375903059063674,-2.173896501409998,-0.990172121006688,True,0.990172121006688,aod=850uK
1,2.366572876449627,-0.009887423958686732,-847.8321483950923,2.1678516049076046,,-0.02958411783636196,-0.009460885859667999,-139.10570464337445,0.8942953566255278,-1.273556248282077,-0.9936121760241033,True,0.9936121760241033,aod=850uK
2,2.4193984143916403,0.01202907137802537,-848.3763210012349,1.623678998764971,,0.006105170967434122,0.009072716755807966,-139.3344861681822,0.6655138318177688,-0.9581651669472022,-0.9952463297727302,True,0.9952463297727302,aod=850uK
3,2.472023293466948,-0.013051696018576486,-842.2208301276413,7.779169872358638,,0.09983881483502427,0.011442755028469403,-136.92942350745386,3.0705764925461243,-4.7085933798125135,-0.9780673107675277,True,0.9780673107675277,aod=850uK
4,2.379537970740466,0.00774226738988802,-849.0011057992209,0.9988942007790803,,-0.0428594688831715,0.0028292320170960478,-139.56079447996143,0.43920552003854557,-0.5596886807405347,-0.9968628177140104,True,0.9968628177140104,aod=850uK
5,2.40285825476601,-0.01823661142536635,-847.3317814207966,2.668218579203379,,0.038882131823885696,-0.009599429823037834,-138.95461335908288,1.0453866409170978,-1.6228319382862815,-0.9925329525648778,True,0.9925329525648778,aod=850uK
6,2.405503907937823,0.010586247463082609,-849.0666805100044,0.9333194899955849,,-0.008427279872884351,0.006896032976539338,-139.60539227218933,0.39460772781063,-0.5387117621849549,-0.9971813733727812,True,0.9971813733727812,aod=850uK
7,2.3709298666421126,-0.016187499908404204,-846.8568781339324,3.143121866067581,,-0.003844370423894133,-0.012607305121099232,-138.72662776796577,1.2733722320342076,-1.8697496340333735,-0.9909044840568986,True,0.9909044840568986,aod=850uK
8,2.360739184159997,0.030444140492749506,-840.6801708123896,9.319829187610306,,-0.13648799387844426,-0.0032091657056221843,-136.15863527186033,3.8413647281396464,-5.47846445947066,-0.9725616805132883,True,0.9725616805132883,aod=850uK
9,2.417274229332764,0.00639698853104803,-849.3024453431938,0.6975546568061907,,0.01563406572744028,0.005359742281971383,-139.7204163936366,0.27958360636335333,-0.4179710504428373,-0.9980029742402617,True,0.9980029742402617,aod=850uK
10,2.3951311777195956,0.0334210769866837,-841.0432743531511,8.956725646848875,,-0.12898019152493134,0.00634555290193693,-136.31642858166762,3.6835714183323622,-5.273154228516512,-0.9736887755833402,True,0.9736887755833402,aod=850uK
11,2.366052730307867,-0.014910546639819227,-846.7931371108768,3.2068628891231485,,-0.012396470992755029,-0.012628301466014619,-138.69398666845112,1.306013331548848,-1.9008495575743003,-0.9906713333460797,True,0.9906713333460797,aod=850uK
12,2.3896720841709134,0.010394539600247006,-849.0039916148181,0.9960083851818073,,-0.03176721930913938,0.005335564215781166,-139.56620511169882,0.43379488830116864,-0.5622134968806386,-0.996901465083563,True,0.996901465083563,aod=850uK
13,2.429920601685538,-0.04006393505214476,-836.0601556249997,13.939844375000272,,0.1520805525169826,0.010532610368838546,-134.46160033143877,5.538399668561206,-8.401444706439065,-0.96044000236742,True,0.96044000236742,aod=850uK
14,2.337571038185558,-0.0017102665992704145,-845.1503306982019,4.8496693017981025,,-0.06676667930991119,-0.01176051485169835,-137.985719590363,2.014280409636965,-2.8353888921611374,-0.9856122827883074,True,0.9856122827883074,aod=850uK
15,2.3184738451794864,0.016352047774905107,-839.6487305026171,10.351269497382868,,-0.09219756627344156,-0.017800546326580742,-135.73957424360572,4.260425756394265,-6.0908437409886025,-0.9695683874543267,True,0.9695683874543267,aod=850uK
16,2.381851816111816,-0.02628569623942712,-844.0688099845253,5.931190015474724,,0.06084885469240794,-0.014213005142884764,-137.63015828294172,2.369841717058246,-3.5613482984164775,-0.9830725591638697,True,0.9830725591638697,aod=850uK
17,2.412400535354536,-0.006136194570594685,-849.5081166814978,0.4918833185022017,,0.024038040790405998,-0.0026913990876327857,-139.8239646976508,0.17603530234917547,-0.3158480161530262,-0.9987426049832202,True,0.9987426049832202,aod=850uK
18,2.397108632608589,0.010409471035116418,-849.1235820119103,0.8764179880895886,,-0.020369323634728712,0.006063813090215298,-139.62127845223893,0.37872154776105504,-0.4976964403285336,-0.997294846087421,True,0.997294846087421,aod=850uK
19,2.4293596895383107,-0.017433181547179682,-846.5011653066556,3.498834693344423,,0.07583989617755643,-0.004813026293844549,-138.64331056594796,1.3566894340520324,-2.1421452592923904,-0.9903093611853426,True,0.9903093611853426,aod=850uK
20,2.4193791605821446,0.0010578569960540784,-849.5247961777376,0.47520382226238245,,0.025933559894876203,0.0022038183845714877,-139.8236839948086,0.17631600519139035,-0.2988878170709921,-0.9987405999629186,True,0.9987405999629186,aod=850uK
21,2.4195513028990963,0.023181462479524146,-845.2304508582489,4.769549141751088,,-0.04315736206099908,0.014075349619340234,-138.03612005217204,1.9638799478279478,-2.80566919392314,-0.9859722860869432,True,0.9859722860869432,aod=850uK
0,2.401236486064984,-0.0056884212755703885,-849.7394812973373,0.26051870266266347,,0.006352327011728367,-0.0032881037593820587,-139.9053353582525,0.09466464174748455,-0.16585406091517893,-0.999323823987518,True,0.999323823987518,aod=850uK
1,2.3572999650579156,-0.01373218025230146,-846.2315609194671,3.768439080532788,,-0.021261023837099942,-0.013471129800307822,-138.45717414595327,1.5428258540466921,-2.2256132264860957,-0.9889798153282379,True,0.9889798153282379,aod=850uK
2,2.4095546378516017,-0.01611536454507475,-847.8109628454309,2.1890371545690823,,0.04111997839400859,-0.007932380473775097,-139.15166873738545,0.8483312626145291,-1.3407058919545531,-0.9939404909813248,True,0.9939404909813248,aod=850uK
3,2.433130790737008,0.00435821227305326,-848.4861431339217,1.513856866078244,,0.03895915859481545,0.005941514813046364,-139.40773872046498,0.5922612795350043,-0.9215955865432399,-0.9957695622890357,True,0.9957695622890357,aod=850uK
4,2.309325405584348,0.005431512207550493,-839.6147608368033,10.385239163196701,,-0.051718131437074766,-0.021576767608821962,-135.7330320117194,4.266967988280595,-6.1182711749161065,-0.9695216572265671,True,0.9695216572265671,aod=850uK
5,2.406615741704343,-0.013269870705768962,-848.5382653689318,1.4617346310681631,,0.028539734868072496,-0.007034628603297417,-139.43798162140433,0.5620183785956362,-0.899716252472527,-0.9959855830100312,True,0.9959855830100312,aod=850uK
6,2.3755042495584013,-0.01307028813587376,-847.8897852772913,2.110214722708763,,-0.011815005650751744,-0.010180415302042802,-139.1431078962404,0.8568921037595942,-1.2533226189491689,-0.9938793421160029,True,0.9938793421160029,aod=850uK
7,2.4481869842477115,-0.013956527220340709,-845.5644727617308,4.435527238269114,,0.0919101373839473,0.0010901062186301584,-138.2732430906015,1.7267569093984667,-2.708770328870647,-0.9876660220757252,True,0.9876660220757252,aod=850uK
8,2.413528928057653,0.003007743391570878,-849.7004243718926,0.29957562810739935,,0.015157797167918248,0.0029101310466258597,-139.88532538986007,0.11467461013991545,-0.18490101796748387,-0.9991808956418577,True,0.9991808956418577,aod=850uK
9,2.4376670685186173,0.0001930551739497843,-848.2395476146919,1.7604523853080243,,0.0514967092907597,0.004154289835476501,-139.3206832454587,0.6793167545412844,-1.08113563076674,-0.9951477374675622,True,0.9951477374675622,aod=850uK
10,2.378087559568865,-0.04350572638829192,-834.2762676110957,15.723732388904244,,0.17571122063739442,0.0036500128831237206,-133.71866239369444,6.281337606305545,-9.442394782598699,-0.9551333028121033,True,0.9551333028121033,aod=850uK
11,2.4185938038432275,9.524859611007972e-05,-849.5706837139169,0.4293162860831365,,0.02594208771038969,0.0015387752822504125,-139.84348663330357,0.15651336669642002,-0.27280291938671647,-0.9988820473807398,True,0.9988820473807398,aod=850uK
12,2.3939572431890523,0.010192951739368036,-849.124271131038,0.8757288689620346,,-0.02473184900848108,0.0056573118264531055,-139.61914473386526,0.38085526613472487,-0.49487360282730974,-0.9972796052418949,True,0.9972796052418949,aod=850uK
13,2.4670579063139675,0.029034306653773614,-837.696353128117,12.303646871882885,,-0.11520994307498685,0.01698982567822479,-135.00413142751796,4.995868572482015,-7.30777829940087,-0.9643152244822714,True,0.9643152244822714,aod=850uK
14,2.3842083540460957,0.02155049505055438,-845.9784898939374,4.021510106062524,,-0.07543465595575592,0.008090902623897745,-138.31768574834416,1.6823142516558258,-2.339195854406699,-0.9879834696310298,True,0.9879834696310298,aod=850uK
15,2.3702337436767067,-0.04884200985299638,-829.8341081216269,20.16589187837315,,0.1702644062941995,0.01678951155638208,-131.9411380678007,8.058861932199283,-12.107029946173865,-0.9424367004842908,True,0.9424367004842908,aod=850uK
16,2.430587731255644,-0.010397798998582203,-847.9747908869009,2.025209113099112,,0.05953541843001471,-0.002460714257292124,-139.22848039922698,0.7715196007730024,-1.2536895123261098,-0.9944891457087642,True,0.9944891457087642,aod=850uK
17,2.4514065662307445,0.0016635992513482438,-846.7023905845921,3.2976094154078575,,0.061495494707593024,0.008100455042109324,-138.704168585485,1.2958314145149832,-2.0017780008928745,-0.990744061324893,True,0.990744061324893,aod=850uK
18,2.4834703736714423,0.003085927699708197,-841.3152721386645,8.684727861335496,,0.040504454370355894,0.01980546066247774,-136.52974592795675,3.470254072043231,-5.214473789292264,-0.9752124709139769,True,0.9752124709139769,aod=850uK
19,2.399472599532338,-0.022153697798758337,-846.0770812460987,3.9229187539012,,0.05195006248588871,-0.011175743662614708,-138.45083028312797,1.5491697168720175,-2.373749037029182,-0.9889345020223427,True,0.9889345020223427,aod=850uK
20,2.4052240072056708,0.013014019438148894,-848.6124748246996,1.3875251753003561,,-0.014683311499992411,0.008218464527872142,-139.41607368487348,0.5839263151264946,-0.8035988601738615,-0.9958290977490964,True,0.9958290977490964,aod=850uK
21,2.4552145301333415,0.019025237590317854,-843.3294542779682,6.670545722031746,,-0.013206603011677611,0.01826979137475674,-137.29657509053527,2.7034249094646956,-3.96712081256705,-0.9806898220752521,True,0.9806898220752521,aod=850uK
0,2.3962241965142885,0.036212211958167095,-839.5016329762705,10.498367023729498,,-0.1444127800710325,0.0036096873163092755,-135.69442220045852,4.305577799541458,-6.192789224188041,-0.9692458728604182,True,0.9692458728604182,aod=850uK
1,2.347376612893471,-0.012651968637471032,-845.288560800391,4.711439199609007,,-0.026843225212600096,-0.014949991431091283,-138.06636662151269,1.9336333784872908,-2.7778058211217163,-0.9861883330108051,True,0.9861883330108051,aod=850uK
2,2.42553753193204,-0.006245757050270896,-848.8786985479073,1.1213014520925773,,0.04447131572938163,-0.0013194849993524457,-139.58214289470683,0.4178571052931428,-0.7034443467994345,-0.9970153063907633,True,0.9970153063907633,aod=850uK
3,2.2689150939092126,-0.004274683222793589,-828.7801745265377,21.219825473462258,,0.178291713720715,-0.016784506904202853,-131.3950278765334,8.604972123466599,-12.61485334999566,-0.93853591340381,True,0.93853591340381,aod=850uK
4,2.383688426731363,-0.03068596665919241,-842.1437458834932,7.856254116506712,,0.09445068746899588,-0.01286691644041661,-136.8639122539402,3.136087746059773,-4.720166370446939,-0.9775993732424302,True,0.9775993732424302,aod=850uK
5,2.3783433049992126,0.0012208104171691568,-849.405833877387,0.5941661226130213,,-0.03556392576532859,-0.0009107337014329083,-139.73490415708142,0.26509584291856303,-0.32907027969445823,-0.9981064582648674,True,0.9981064582648674,aod=850uK
6,2.44267390822823,-0.008508430574904344,-847.1628787131922,2.8371212868078066,,0.07303495106961529,0.0009281411105096602,-138.9062975020865,1.0937024979134806,-1.7434187888943258,-0.992187839300618,True,0.992187839300618,aod=850uK
7,2.420229928142862,0.008019909020421198,-848.9778510173185,1.0221489826815018,,0.01656742634507539,0.006673315572074046,-139.58794032816036,0.41205967183962516,-0.6100893108418767,-0.997056716629717,True,0.997056716629717,aod=850uK
8,2.4299944516037035,-0.023736999140829353,-844.3801682099586,5.619831790041374,,0.10007748795992498,-0.004608110109020201,-137.7965900235449,2.203409976455089,-3.4164218135862847,-0.984261357311035,True,0.984261357311035,aod=850uK
9,2.3883497785568237,0.038129830180294935,-838.2114005129924,11.788599487007527,,-0.15473230798060483,-0.0013659178733226988,-135.17254511488312,4.827454885116848,-6.961144601890679,-0.9655181793920226,True,0.9655181793920226,aod=850uK
10,2.351465496798391,0.023931712907699607,-842.5021973761985,7.497802623801414,,-0.12234419679935661,-0.0031276287471701542,-136.89341953425898,3.1065804657409863,-4.391222158060428,-0.9778101395304215,True,0.9778101395304215,aod=850uK
11,2.355432607888268,-0.024277617610641698,-842.8261447790608,7.1738552209392195,,0.04394099662885681,-0.017700233593290145,-137.1016078913812,2.898392108618781,-4.2754631123204385,-0.9792971992241516,True,0.9792971992241516,aod=850uK
12,2.335801534282711,-0.023124910089390223,-840.623028856338,9.376971143661978,,0.05494100957543674,-0.01996669201017535,-136.1976102874891,3.8023897125108546,-5.574581431151123,-0.9728400734820654,True,0.9728400734820654,aod=850uK
13,2.4988426505886294,-0.009883394827402756,-837.172532807581,12.827467192419011,,0.036550457393605074,0.024629044371205704,-134.87888488108396,5.121115118916014,-7.706352073502997,-0.963420606293457,True,0.963420606293457,aod=850uK
14,2.3290335961850137,-0.0006758107676326326,-843.764944539476,6.235055460523917,,-0.06658611402937722,-0.014480349573571898,-137.42018694847425,2.579813051525729,-3.6552424089981876,-0.9815727639176733,True,0.9815727639176733,aod=850uK
15,2.383581989119664,-0.016731039316524032,-847.4280164852456,2.5719835147543795,,0.009416604300890691,-0.011246441555991674,-138.97096219245967,1.0290378075402986,-1.5429457072140809,-0.9926497299461408,True,0.9926497299461408,aod=850uK
16,2.4420411271948836,-0.04528849980769024,-831.4150243707683,18.584975629231693,,0.10891040531132483,0.02501122873283511,-132.5949561590851,7.405043840914886,-11.179931788316807,-0.9471068297077508,True,0.9471068297077508,aod=850uK
17,2.390102131495713,-0.020776424012534798,-846.4283362295008,3.5716637704990952,,0.034379436236715785,-0.012138633450664953,-138.58079362263592,1.4192063773640584,-2.152457393135037,-0.9898628115902567,True,0.9898628115902567,aod=850uK
18,2.3778410761340765,-0.007543679414252185,-848.9356110038711,1.064388996128849,,-0.02329384812803936,-0.006426115488545987,-139.5590109223865,0.4409890776134695,-0.6233999185153796,-0.9968500780170466,True,0.9968500780170466,aod=850uK
19,2.392314110874882,-0.027992184625733173,-843.6640777439055,6.3359222560943955,,0.07974491414941022,-0.012381653209605667,-137.47999703695015,2.520002963049819,-3.815919293044577,-0.9819999788353584,True,0.9819999788353584,aod=850uK
20,2.3580467155654405,0.004860469138165779,-847.6282001473384,2.3717998526615522,,-0.06862866325671621,-0.002455185422726955,-138.99174975478158,1.0082502452184043,-1.363549607443148,-0.9927982125341542,True,0.9927982125341542,aod=850uK
21,2.451741917126367,-0.026023328862802918,-841.2691393397885,8.730860660211452,,0.12663637373835626,0.005009842730438251,-136.5573095699258,3.4426904300741863,-5.288170230137266,-0.9754093540708987,True,0.9754093540708987,aod=850uK
0,2.4712290887322785,-0.010417560655358179,-842.8551663927724,7.144833607227565,,0.09482705515725695,0.011138869779577,-137.18108114294787,2.818918857052111,-4.325914750175455,-0.9798648653067706,True,0.9798648653067706,aod=850uK
1,2.457320304195334,0.03152501783207383,-837.9863717685241,12.01362823147585,,-0.12276514940575708,0.01515996396760677,-135.11409997027906,4.88590002972092,-7.12772820175493,-0.965100714073422,True,0.965100714073422,aod=850uK
2,2.4289984425987488,-0.014539833336594473,-847.266685395512,2.7333146044879872,,0.06679536299121429,-0.004224018290501598,-138.9477676577005,1.0522323422994877,-1.6810822621884993,-0.9924840546978608,True,0.9924840546978608,aod=850uK
3,2.3596394674258896,-0.03638541981315358,-837.3982654637081,12.601734536291934,,0.14563920608557052,-0.009892806289513605,-134.9458027106344,5.054197289365564,-7.54753724692637,-0.963898590790246,True,0.963898590790246,aod=850uK
4,2.427934045650938,0.007997521091847874,-848.5203067944535,1.4796932055464111,,0.025781869109316808,0.007545527055061172,-139.4090561665441,0.5909438334558689,-0.8887493720905423,-0.9957789726181724,True,0.9957789726181724,aod=850uK
5,2.2628704078863517,-0.01710594681898269,-824.6263555085944,25.373644491405564,,0.2263370162365715,0.0041033714946270925,-129.76949902470332,10.230500975296657,-15.143143516108907,-0.9269249930335953,True,0.9269249930335953,aod=850uK
6,2.4310367374940633,-0.005506065930936642,-848.5622666246677,1.4377333753322956,,0.05154067341178094,-0.00011886735420941713,-139.45758160714453,0.5424183928554409,-0.8953149824768546,-0.9961255829081754,True,0.9961255829081754,aod=850uK
7,2.419040494502338,0.004549858323861166,-849.3844371398144,0.6155628601855155,,0.020875169723867805,0.004356539388766089,-139.75920203445887,0.24079796554112337,-0.3747648946443921,-0.9982800145318491,True,0.9982800145318491,aod=850uK
8,2.3719283303351197,0.007707639166543748,-848.5471323853743,1.4528676146256005,,-0.05451726429077495,0.0016953044813219837,-139.37041615343816,0.629583846561807,-0.8232837680637937,-0.9955029725245585,True,0.9955029725245585,aod=850uK
9,2.301329442459876,-0.027193965335783346,-832.0843669083253,17.91563309167475,,0.17727117774947873,-0.010922538504213744,-132.76401254956846,7.23598745043151,-10.679645641243239,-0.9483143753540606,True,0.9483143753540606,aod=850uK
10,2.3889077088234325,-0.023064938044701846,-845.5953134518472,4.40468654815268,,0.045510609351612656,-0.012898733952534464,-138.24722753875764,1.7527724612423232,-2.6519140869103563,-0.987480196705412,True,0.987480196705412,aod=850uK
11,2.424115079985585,-0.005157948383624443,-849.0654775471718,0.9345224528281304,,0.0407214925403265,-0.0009253800889659055,-139.65438371032718,0.3456162896727896,-0.5889061631553407,-0.997531312216623,True,0.997531312216623,aod=850uK
12,2.400658171601865,0.0103548038497624,-849.1424984452767,0.8575015547232122,,-0.014959076751912458,0.00634721225609738,-139.632244215816,0.3677557841839765,-0.4897457705392357,-0.9973731729701144,True,0.9973731729701144,aod=850uK
13,2.4309492892714055,0.031120041805654742,-841.0709725260072,8.929027473992818,,-0.0996149890713044,0.014314407799928089,-136.34725841162086,3.6527415883791097,-5.276285885613708,-0.973908988654435,True,0.973908988654435,aod=850uK
14,2.3611094051542856,0.005196651881142527,-847.9079306978748,2.0920693021251817,,-0.06543884323153625,-0.0015824033519223038,-139.10681522980005,0.89318477019993,-1.1988845319252515,-0.9936201087842862,True,0.9936201087842862,aod=850uK
15,2.346902517380096,0.010556513694581913,-845.6152597830741,4.384740216925934,,-0.09196722247832449,-0.003850662599868946,-138.16211155525448,1.8378884447454922,-2.546851772180442,-0.986872225394675,True,0.986872225394675,aod=850uK
16,2.4567843349858585,-0.009608870871321772,-845.2671028766407,4.732897123359201,,0.09003075002602917,0.0050243333363416635,-138.15008106483359,1.8499189351663836,-2.882978188192818,-0.9867862933202401,True,0.9867862933202401,aod=850uK
17,2.317784360662173,0.007865453119845498,-841.1525288154181,8.84747118458181,,-0.0774264094407977,-0.017426821846315648,-136.35189244487904,3.6481075551209274,-5.1993636294608825,-0.9739420888919934,True,0.9739420888919934,aod=850uK
18,2.3820280860447722,0.01064418947757822,-848.6934504217568,1.3065495782432321,,-0.04430613970796154,0.004554153772901009,-139.43328337946332,0.5667166205366482,-0.739832957706584,-0.995952024139024,True,0.995952024139024,aod=850uK
19,2.3885584105911946,0.006555597164818983,-849.4939606580077,0.5060393419922385,,-0.026951427258646358,0.0031775923097500753,-139.7708021399411,0.22919786005886467,-0.27684148193337393,-0.9983628724281509,True,0.9983628724281509,aod=850uK
20,2.396818418037914,-0.033067797829185834,-841.247877415772,8.75212258422796,,0.118256969801349,-0.00901577782384302,-136.5188805974746,3.481119402525379,-5.271003181702582,-0.975134861410533,True,0.975134861410533,aod=850uK
21,2.3561635187480676,-0.013070123377469241,-846.2515864818408,3.7484135181591713,,-0.02443321821201824,-0.013304922195439235,-138.463117386453,1.536882613546977,-2.2115309046121943,-0.989022267046093,True,0.989022267046093,aod=850uK
0,2.4520055192735266,0.019027247750169184,-843.7543425066335,6.245657493366483,,-0.011245229218885808,0.01771102856213359,-137.46706836500277,2.5329316349971975,-3.7127258583692857,-0.9819076311785915,True,0.9819076311785915,aod=850uK
1,2.3904914900009313,-0.040392821096148876,-836.8474453302864,13.152554669713549,,0.1615456239890912,-0.0009774591088762396,-134.75486990029188,5.245130099708086,-7.907424570005463,-0.9625347850020851,True,0.9625347850020851,aod=850uK
2,2.4397498747888338,0.013201198083531122,-846.647185413219,3.3528145867809847,,0.019727701427688673,0.01262625512948166,-138.64624676102636,1.3537532389736269,-1.9990613478073576,-0.9903303340073313,True,0.9903303340073313,aod=850uK
3,2.393975577121383,0.004664183585146909,-849.7810569678329,0.21894303216699834,,-0.01606555826804019,0.0025363908147473624,-139.89579925675343,0.10420074324653164,-0.11474228892046671,-0.9992557089768105,True,0.9992557089768105,aod=850uK
4,2.3995564313241786,-0.020255447242266158,-846.7205980552471,3.2794019447528377,,0.04294757373141034,-0.010703121600627651,-138.70764125466485,1.2923587453351215,-1.9870431994177162,-0.9907688661047491,True,0.9907688661047491,aod=850uK
5,2.3932509151327923,0.0062012526519027306,-849.6360813753683,0.3639186246315831,,-0.01918840818314054,0.003378727719324445,-139.83346830590185,0.16653169409811838,-0.1973869305334647,-0.9988104878992992,True,0.9988104878992992,aod=850uK
6,2.426675228903102,-0.009698679520455201,-848.3649796554788,1.6350203445211622,,0.05210780017424998,-0.002832618505063259,-139.38158911908377,0.6184108809162161,-1.016609463604946,-0.995582779422027,True,0.995582779422027,aod=850uK
7,2.3847353675222203,-0.0021982857519203414,-849.6720585689905,0.3279414310094943,,-0.02219076679382188,-0.002357483408461298,-139.85489296771263,0.14510703228735772,-0.18283439872213655,-0.9989635211979474,True,0.9989635211979474,aod=850uK
8,2.520146055535276,0.013099130876019627,-830.8897854136435,19.110214586356474,,-0.1617729449789013,0.017526506815805636,-132.29293496758507,7.707065032414909,-11.403149553941565,-0.9449495354827506,True,0.9449495354827506,aod=850uK
9,2.3483793042157544,0.02785326577686432,-840.4966596861589,9.503340313841118,,-0.1319911369786426,-0.007068499688343774,-136.08214579968055,3.9178542003194323,-5.585486113521685,-0.9720153271405755,True,0.9720153271405755,aod=850uK
10,2.4374972873918748,-0.005284769963199521,-848.0324421615661,1.9675578384338523,,0.060273360039623296,0.0011639227304197641,-139.24805845350625,0.751941546493735,-1.2156162919401172,-0.9946289889536162,True,0.9946289889536162,aod=850uK
11,2.413249296599042,0.01390479054374958,-848.2367435745049,1.7632564254950365,,-0.006741297988698975,0.009504551568469771,-139.2686970127618,0.7313029872381819,-1.0319534382568545,-0.994776407234013,True,0.994776407234013,aod=850uK
12,2.4308621117432923,-0.010691960599078317,-847.9042975845091,2.0957024154908757,,0.06056217553919686,-0.0025276488653198244,-139.20072180225966,0.799278197740301,-1.2964242177505747,-0.9942908700161407,True,0.9942908700161407,aod=850uK
13,2.3593623875429124,0.009487232003616572,-847.2322448386985,2.7677551613013933,,-0.0759190387493657,-0.0002373676512230026,-138.8255704529538,1.1744295470461736,-1.59332561425522,-0.9916112175210987,True,0.9916112175210987,aod=850uK
14,2.3421762663224115,0.003281591335550533,-845.7717494507414,4.228250549258569,,-0.0789992627200311,-0.007885181106022572,-138.23233042284022,1.7676695771597677,-2.4605809720988017,-0.987373788734573,True,0.987373788734573,aod=850uK
15,2.4638584879610437,-0.021706213972422967,-841.1851050079271,8.814894992072912,,0.11819224518870025,0.009014280158490966,-136.52216349599672,3.477836504003268,-5.337058488069644,-0.9751583106856909,True,0.9751583106856909,aod=850uK
16,2.4687990540770266,0.023705527641084054,-839.650748561721,10.349251438278957,,-0.0690402718564998,0.020088525360707165,-135.80308264792177,4.196917352078205,-6.152334086200752,-0.9700220189137271,True,0.9700220189137271,aod=850uK
17,2.3259987721209434,-0.0003341605255214264,-843.2255184760717,6.774481523928268,,-0.06505156958833569,-0.015565665966307355,-137.20061638122868,2.799383618771301,-3.9750979051569666,-0.9800044027230621,True,0.9800044027230621,aod=850uK
18,2.436163695344524,-0.013348234720804472,-846.9533597071861,3.0466402928139034,,0.07458055100203326,-0.0022849624845812455,-138.82515606860983,1.17484393139014,-1.8717963614237632,-0.9916082576329276,True,0.9916082576329276,aod=850uK
19,2.3666515130354284,0.020824969562499962,-845.1538575190505,4.846142480949456,,-0.09730040107680725,0.0035822997928780147,-137.9742741564312,2.0257258435687833,-2.8204166373806725,-0.9855305296887944,True,0.9855305296887944,aod=850uK
20,2.3419902924029303,0.019358483133184508,-842.8360284408465,7.163971559153521,,-0.11512384617990602,-0.0059931623207812295,-137.02808508987596,2.9719149101240094,-4.192056649029512,-0.9787720363562571,True,0.9787720363562571,aod=850uK
21,2.37836832380589,-0.005017834780052319,-849.2178510506222,0.78214894937773,,-0.027065114213630344,-0.004755823810726967,-139.6694760755317,0.3305239244682868,-0.45162502490944323,-0.9976391148252265,True,0.9976391148252265,aod=850uK
0,2.3499396915307895,-0.004698207843896986,-846.7170957649588,3.2829042350411766,,-0.05540697950291064,-0.009631907383249656,-138.63198386380702,1.3680161361929526,-1.9148880988482242,-0.9902284561700503,True,0.9902284561700503,aod=850uK
1,2.3541936970697956,0.002761050073959569,-847.3373408679788,2.662659132021146,,-0.06893598143790723,-0.0044319685589329205,-138.87434984176105,1.1256501582389205,-1.5370089737822257,-0.9919596417268649,True,0.9919596417268649,aod=850uK
2,2.353618774750083,-0.004812954220739478,-847.147513438691,2.852486561308989,,-0.05300584466986151,-0.008789231199060566,-138.80906809832626,1.1909319016737132,-1.6615546596352755,-0.9914933435594735,True,0.9914933435594735,aod=850uK
3,2.425844740213813,0.003833590200603014,-849.0534347912981,0.9465652087018838,,0.030990253540333083,0.004625690367716325,-139.6326807254667,0.36731927453326796,-0.5792459341686158,-0.997376290896191,True,0.997376290896191,aod=850uK
4,2.3385503940505936,0.008868223022210953,-844.6949646029788,5.305035397021233,,-0.09310277495398923,-0.007506115816776954,-137.78786080825293,2.212139191747059,-3.092896205274174,-0.9841990057732353,True,0.9841990057732353,aod=850uK
5,2.323077369782337,0.02879245248884201,-836.0576323213841,13.942367678615936,,-0.09478423553669096,-0.02203457068171517,-134.2938747606792,5.706125239320797,-8.236242439295138,-0.95924196257628,True,0.95924196257628,aod=850uK
6,2.371860679464736,-0.027140129922964974,-843.1301127757816,6.869887224218363,,0.0637016740387406,-0.015533408945734715,-137.2439698732335,2.7560301267664706,-4.113857097451893,-0.9803140705230966,True,0.9803140705230966,aod=850uK
7,2.4548275308342404,-0.0023270710656589136,-846.2317622568361,3.768237743163828,,0.07284884565506385,0.00702225453302736,-138.5245698861511,1.475430113848872,-2.292807629314956,-0.989461213472508,True,0.989461213472508,aod=850uK
8,2.357399747017437,-0.003237200988385996,-847.6655005107338,2.3344994892661894,,-0.05384168499164547,-0.006978378317841157,-139.01908313386224,0.9809168661377514,-1.3535826231284378,-0.9929934509561589,True,0.9929934509561589,aod=850uK
9,2.469887407319113,0.008922285433579839,-843.3197183288964,6.680281671103527,,0.0336776502860502,0.01748708366803463,-137.32413317685754,2.6758668231424316,-4.004414847961097,-0.9808866655489826,True,0.9808866655489826,aod=850uK
10,2.3762010600483827,-0.028500895715299925,-842.8046510754835,7.195348924516441,,0.07511839972565418,-0.01471755711142772,-137.11933899276352,2.880661007236468,-4.314687917279974,-0.9794238499483109,True,0.9794238499483109,aod=850uK
11,2.370824529456909,-0.003639665856622152,-848.8376876782946,1.1623123217053355,,-0.038809317977778215,-0.004827884872861474,-139.50597115433388,0.4940288456660892,-0.6682834760392463,-0.9964712225309565,True,0.9964712225309565,aod=850uK
12,2.4924061123746406,-0.004008139861567457,-839.3332559327706,10.666744067229358,,0.04510666545720086,0.02192230586534135,-135.74339091339007,4.256609086609906,-6.410134980619452,-0.9695956493813578,True,0.9695956493813578,aod=850uK
13,2.406322277076372,-0.025318376647533582,-844.8270559170109,5.172944082989081,,0.07714733279803318,-0.010188806927890768,-137.95818409719593,2.0418159028040557,-3.131128180185025,-0.9854156006942567,True,0.9854156006942567,aod=850uK
14,2.356256894482938,-0.00795861730174009,-847.1208080217359,2.8791919782640507,,-0.04269038282431501,-0.010141827973702828,-138.80564682212633,1.194353177873632,-1.6848388003904187,-0.9914689058723312,True,0.9914689058723312,aod=850uK
15,2.354465925098382,0.006763716987946774,-847.0634195924728,2.936580407527177,,-0.07641273116911736,-0.002575276061967245,-138.7577617376778,1.2422382623221713,-1.6943421452050058,-0.9911268695548416,True,0.9911268695548416,aod=850uK
16,2.3983199055568885,0.0053068254929592475,-849.7714086820816,0.22859131791830226,,-0.01023900824999476,0.0032360785710505648,-139.89485950691258,0.10514049308738777,-0.12345082483091448,-0.9992489964779472,True,0.9992489964779472,aod=850uK
17,2.4024771595601084,0.009577759249769276,-849.2592065285402,0.7407934714598017,,-0.010740848741997244,0.006061515916793852,-139.68274711079022,0.31725288920976835,-0.4235405822500334,-0.9977339079342159,True,0.9977339079342159,aod=850uK
18,2.4435201039826424,0.0027571174490130146,-847.5903885110165,2.409611488983505,,0.05283976034621721,0.006838770638316604,-139.05627268658702,0.9437273134129418,-1.4658841755705632,-0.993259090618479,True,0.993259090618479,aod=850uK
19,2.4519392454735707,-0.020780590983226842,-843.2050180577914,6.794981942208565,,0.11332980088832363,0.0028527178082839383,-137.33236509644533,2.6676349035546396,-4.127347038653926,-0.9809454649746097,True,0.9809454649746097,aod=850uK
20,2.3868649063796825,0.003406589759668702,-849.6930148638214,0.3069851361785439,,-0.025456532454874548,0.0012226093319317743,-139.8555643160243,0.14443568397568315,-0.16254945220286074,-0.9989683165430309,True,0.9989683165430309,aod=850uK
21,2.396802864625233,-0.015286561584131206,-848.1196442691376,1.8803557308624572,,0.020204428330849174,-0.009050759770615832,-139.26181667316249,0.7381833268374849,-1.1421724040249723,-0.9947272619511608,True,0.9947272619511608,aod=850uK
0,2.4352511521253026,-0.013213588124971639,-847.0627254350438,2.937274564956183,,0.07290575365910011,-0.0024658311013449788,-138.86841283316366,1.1315871668363084,-1.8056873981198747,-0.9919172345225978,True,0.9919172345225978,aod=850uK
1,2.331255827034033,-0.015624658308735235,-842.2002278376455,7.799772162354467,,0.003650512691115696,-0.019953414252405374,-136.81517986177207,3.184820138227899,-4.614952024126567,-0.9772512847269436,True,0.9772512847269436,aod=850uK
2,2.4092271740053475,-0.042119825022003746,-835.7150724333355,14.284927566664454,,0.16299891780663586,0.006668543586468492,-134.31425344700673,5.685746552993249,-8.599181013671204,-0.9593875246214768,True,0.9593875246214768,aod=850uK
3,2.4261555069622065,-0.043873521242794866,-833.766338420938,16.233661579061874,,0.1481377606803634,0.01598826285384534,-133.53946273391392,6.460537266086052,-9.773124312975822,-0.9538533052422424,True,0.9538533052422424,aod=850uK
4,2.367651631271297,0.00456290389194338,-848.5350728248135,1.4649271751864397,,-0.05557040276356154,-0.0005839883035479077,-139.36705153225427,0.6329484677457056,-0.8319787074407341,-0.9954789395161021,True,0.9954789395161021,aod=850uK
5,2.4403944981294723,0.02174536909658746,-844.196722952225,5.8032770477750475,,-0.0265057951659479,0.016676577321602996,-137.63361059779348,2.3663894022065124,-3.436887645568535,-0.9830972185556678,True,0.9830972185556678,aod=850uK
6,2.327932732482825,0.018853744119279557,-840.7334876768048,9.266512323195213,,-0.10920008635960134,-0.013259874525006139,-136.17674714710685,3.8232528528931358,-5.443259470302077,-0.9726910510507634,True,0.9726910510507634,aod=850uK
7,2.464794573050113,-0.031169602412070205,-837.0371623315845,12.962837668415533,,0.12141294387400312,0.016438494972566223,-134.85729022288567,5.142709777114323,-7.820127891301211,-0.9632663587348977,True,0.9632663587348977,aod=850uK
8,2.4189653784958196,-0.0066855632734132055,-849.1961980117605,0.8038019882394555,,0.035006489144763904,-0.0023553294637424244,-139.70522659332644,0.2947734066735459,-0.5090285815659096,-0.9978944756666175,True,0.9978944756666175,aod=850uK
9,2.356317721723536,-0.0048617290106203635,-847.4447184244043,2.5552815755957132,,-0.05098649965491363,-0.008202503628864358,-138.93153281045875,1.0684671895412197,-1.4868143860544936,-0.992368091503277,True,0.992368091503277,aod=850uK
10,2.351304655294485,-0.0059787608992632815,-846.7746264081374,3.2253735918626023,,-0.051137881931268295,-0.010053009260670907,-138.65838305691094,1.3416169430890548,-1.8837566487735473,-0.9904170218350782,True,0.9904170218350782,aod=850uK
11,2.3941411540998447,-0.018149397621968356,-847.3246622954308,2.675337704569183,,0.027115408603877605,-0.010653656599564892,-138.94254734223702,1.0574526577629544,-1.6178850468062285,-0.9924467667302647,True,0.9924467667302647,aod=850uK
12,2.360723311041529,0.007136102359040636,-847.6793656486351,2.3206343513649057,,-0.06947443228188055,-0.0008045763912981545,-139.011028208929,0.9889717910709916,-1.3316625602939138,-0.9929359157780644,True,0.9929359157780644,aod=850uK
13,2.3825895940705615,0.010725431915637244,-848.7042361865052,1.2957638134947034,,-0.04358573590319513,0.004665534780678811,-139.43799070821652,0.5620092917834617,-0.7337545217112417,-0.9959856479158324,True,0.9959856479158324,aod=850uK
14,2.463016853315164,-0.01339775901286237,-843.6480072465118,6.351992753488082,,0.10159434965256635,0.007073678355471337,-137.50474127809616,2.4952587219038236,-3.856734031584258,-0.9821767234149726,True,0.9821767234149726,aod=850uK
15,2.438928841783902,-0.0013882770182224696,-848.1046756877324,1.8953243122675223,,0.055653973358069916,0.0034918265195351375,-139.2704341377808,0.7295658622191772,-1.1657584500483449,-0.9947888152698631,True,0.9947888152698631,aod=850uK
16,2.3842293348528245,-0.018466890833780402,-846.9655595734257,3.0344404265742364,,0.01741931530409732,-0.011996124040324959,-138.78778254687688,1.2122174531231067,-1.82222297345113,-0.9913413039062635,True,0.9913413039062635,aod=850uK
17,2.3859284487656214,-0.006109512570764091,-849.4558076438602,0.5441923561397315,,-0.015247036920190377,-0.0047079058952717275,-139.7753101945448,0.22468980545516448,-0.319502550684567,-0.9983950728181774,True,0.9983950728181774,aod=850uK
18,2.3597335669789725,0.017630447018781133,-845.5045209607409,4.495479039259072,,-0.09585167948527769,0.0014741506212428439,-138.1159329062885,1.8840670937114792,-2.6114119455475926,-0.9865423779020609,True,0.9865423779020609,aod=850uK
19,2.48249006470871,-0.022279498973359735,-837.6241555885867,12.375844411413201,,0.09308709114543538,0.019865622670660527,-135.0846034193533,4.915396580646684,-7.460447830766517,-0.9648900244239522,True,0.9648900244239522,aod=850uK
20,2.4755342683172454,-0.007850552572260402,-842.451452418202,7.548547581797904,,0.08648124518042333,0.013538831160178913,-137.01353216793314,2.9864678320668365,-4.562079749731068,-0.9786680869138084,True,0.9786680869138084,aod=850uK
21,2.4813982657722216,0.03130792466539145,-833.9773821876566,16.022617812343267,,-0.16447238030165778,0.011543909582788645,-133.5096823590594,6.490317640940581,-9.532300171402687,-0.9536405882789959,True,0.9536405882789959,aod=850uK
0,2.4052967377511782,-0.006758057032412988,-849.6001346732176,0.3998653267823682,,0.013964221923596743,-0.00362591959559329,-139.85504098094412,0.14495901905586472,-0.25490630772650347,-0.9989645784353153,True,0.9989645784353153,aod=850uK
1,2.4248443040963936,-0.005705587723384731,-848.9736292183172,1.026370781682749,,0.04261308979523331,-0.0011270110974146738,-139.61891460870953,0.3810853912904551,-0.6452853903922939,-0.9972779614907825,True,0.9972779614907825,aod=850uK
2,2.457912086033949,-0.0389504236497033,-833.7195887595072,16.28041124049274,,0.11140072532929969,0.0222640368494847,-133.52271654441486,6.477283455585122,-9.803127784907618,-0.9537336896029635,True,0.9537336896029635,aod=850uK
3,2.3538659858170017,0.00011694709731130222,-847.3608588674144,2.639141132585487,,-0.06400835512689496,-0.005884798905509934,-138.8876884849393,1.1123115150606795,-1.5268296175248075,-0.9920549177495666,True,0.9920549177495666,aod=850uK
4,2.3563117835250487,-0.017003669979968227,-845.3221796810693,4.677820318930651,,-0.0053087975530760586,-0.015415013988191837,-138.09505393010406,1.904946069895918,-2.7728742490347336,-0.9863932423578863,True,0.9863932423578863,aod=850uK
5,2.378754972630651,0.020336768150727692,-846.1341233361181,3.86587666388182,,-0.07832583892044453,0.006821601899221116,-138.37882223543005,1.621177764569935,-2.244698899311885,-0.9884201588245005,True,0.9884201588245005,aod=850uK
6,2.3811225706011445,-0.024922981240626925,-844.5930293764945,5.406970623505465,,0.051079055500864695,-0.014276169228111295,-137.83841841715264,2.1615815828473255,-3.2453890406581403,-0.9845601315510906,True,0.9845601315510906,aod=850uK
7,2.488079645965376,0.005372386668514413,-840.1892336151587,9.810766384841246,,0.01878014190193028,0.02197477806035174,-136.0684077862642,3.931592213735772,-5.879174171105475,-0.9719171984733159,True,0.9719171984733159,aod=850uK
8,2.339749101604657,-0.01710284222438433,-843.1658807778925,6.834119222107425,,0.00292661549468588,-0.01866906045755931,-137.21261737398996,2.787382626010029,-4.0467365960973956,-0.9800901240999284,True,0.9800901240999284,aod=850uK
9,2.451906742280722,-0.002803011467864793,-846.597790758696,3.4022092413040195,,0.07172460919696641,0.005913943344468364,-138.67215257188104,1.3278474281189345,-2.0743618131850847,-0.9905153755134362,True,0.9905153755134362,aod=850uK
10,2.416826277667695,-0.015544201928940812,-847.7173214920447,2.282678507955336,,0.050533327091008266,-0.006697086497019146,-139.1201785911069,0.8798214088930837,-1.4028570990622522,-0.9937155613650493,True,0.9937155613650493,aod=850uK
11,2.430044873710926,-0.014895595736742618,-847.1063573987248,2.8936426012752596,,0.06937535427855562,-0.004102934866689231,-138.88445111383135,1.1155488861686433,-1.7780937151066165,-0.992031793670224,True,0.992031793670224,aod=850uK
12,2.355500552118504,-0.015476521608841338,-845.63002825227,4.3699717477299895,,-0.013382922162579285,-0.014786715802347108,-138.21585081492253,1.784149185077456,-2.5858225626525337,-0.9872560772494468,True,0.9872560772494468,aod=850uK
13,2.4111351606835463,0.013239491514947027,-848.4450864108268,1.5549135891732278,,-0.00741390493591913,0.008920237777560869,-139.3527950430507,0.6472049569492978,-0.90770863222393,-0.9953771074503621,True,0.9953771074503621,aod=850uK
14,2.3576472919205007,0.011871205765083822,-846.6489675081774,3.35103249182258,,-0.08338465657201073,5.803278669682109e-06,-138.5850058268459,1.414994173154083,-1.936038318668497,-0.9898928987631851,True,0.9898928987631851,aod=850uK
15,2.4095164356122623,0.009802731075753558,-849.1195197886708,0.8804802113291429,,-0.001162532881975558,0.006782758528366554,-139.63202551126327,0.36797448873671507,-0.5125057225924278,-0.9973716107947378,True,0.9973716107947378,aod=850uK
16,2.41171320018406,-0.004617650728029829,-849.6592131793367,0.340786820663238,,0.02101544633189951,-0.0018724337179413196,-139.8816710707962,0.11832892920377847,-0.22245789145945954,-0.9991547933628302,True,0.9991547933628302,aod=850uK
17,2.3829051663855405,-0.01015228624274805,-848.8133900944408,1.1866099055591668,,-0.011596306678055978,-0.007531534330155851,-139.51913437307203,0.480865626927932,-0.7057442786312347,-0.9965652455219434,True,0.9965652455219434,aod=850uK
18,2.349297548911814,-0.0012880179912479752,-846.800197701543,3.1998022984570325,,-0.06442729514202798,-0.007860575559778423,-138.6596921216899,1.3403078783100817,-1.8594944201469505,-0.9904263722977851,True,0.9904263722977851,aod=850uK
19,2.3493607859982553,0.005981819386383201,-846.5353995813742,3.46460041862574,,-0.0800060251542086,-0.004403828207602088,-138.54182292082186,1.458177079178112,-2.0064233394476285,-0.989584449434442,True,0.989584449434442,aod=850uK
20,2.4459479939891597,0.024603995469851616,-842.5439068914094,7.456093108590546,,-0.049640363001631514,0.017810741678527905,-136.96149896418265,3.0385010358173346,-4.417592072773211,-0.9782964211727333,True,0.9782964211727333,aod=850uK
21,2.4200131500008615,0.006501442416836173,-849.1649129732696,0.8350870267304161,,0.01908742492281262,0.005688166785699668,-139.666901564574,0.333098435425968,-0.5019885913044481,-0.997620725461243,True,0.997620725461243,aod=850uK
