time_us,aod_center_um,aod_depth_uK,slm_depth_uK
0.0,2.4,279.99999999999994,140.0
0.049999999999999996,2.399999815108513,279.99999999999994,140.0
0.09999999999999999,2.3999992605130736,279.99999999999994,140.0
0.15,2.399998336332214,279.99999999999994,140.0
0.19999999999999998,2.399997042684469,279.99999999999994,140.0
0.25,2.399995379688369,279.99999999999994,140.0
0.3,2.399993347462449,279.99999999999994,140.0
0.35,2.39999094612524,279.99999999999994,140.0
0.39999999999999997,2.399988175795276,279.99999999999994,140.0
0.44999999999999996,2.3999850365910897,279.99999999999994,140.0
0.5,2.3999815286312143,279.99999999999994,140.0
0.55,2.3999776520341816,279.99999999999994,140.0
0.6,2.3999734069185252,279.99999999999994,140.0
0.6499999999999999,2.3999687934027776,279.99999999999994,140.0
0.7,2.399963811605472,279.99999999999994,140.0
0.75,2.399958461645141,279.99999999999994,140.0
0.7999999999999999,2.3999527436403176,279.99999999999994,140.0
0.8499999999999999,2.3999466577095343,279.99999999999994,140.0
0.8999999999999999,2.3999402039713242,279.99999999999994,140.0
0.95,2.39993338254422,279.99999999999994,140.0
1.0,2.3999261935467557,279.99999999999994,140.0
1.0499999999999998,2.3999186370974623,279.99999999999994,140.0
1.1,2.3999107133148736,279.99999999999994,140.0
1.15,2.3999024223175227,279.99999999999994,140.0
1.2,2.3998937642239415,279.99999999999994,140.0
1.25,2.3998847391526636,279.99999999999994,140.0
1.2999999999999998,2.3998753472222223,279.99999999999994,140.0
1.35,2.3998655885511493,279.99999999999994,140.0
1.4,2.399855463257978,279.99999999999994,140.0
1.45,2.399844971461241,279.99999999999994,140.0
1.5,2.399834113279472,279.99999999999994,140.0
1.55,2.3998228888312028,279.99999999999994,140.0
1.5999999999999999,2.3998112982349666,279.99999999999994,140.0
1.65,2.3997993416092966,279.99999999999994,140.0
1.6999999999999997,2.3997870190727255,279.99999999999994,140.0
1.75,2.3997743307437855,279.99999999999994,140.0
1.7999999999999998,2.3997612767410104,279.99999999999994,140.0
1.8499999999999999,2.3997478571829323,279.99999999999994,140.0
1.9,2.3997340721880844,279.99999999999994,140.0
1.95,2.3997199218749996,279.99999999999994,140.0
2.0,2.3997054063622114,279.99999999999994,140.0
2.05,2.399690525768251,279.99999999999994,140.0
2.0999999999999996,2.3996752802116523,279.99999999999994,140.0
2.15,2.399659669810948,279.99999999999994,140.0
2.2,2.399643694684671,279.99999999999994,140.0
2.25,2.399627354951354,279.99999999999994,140.0
2.3,2.3996106507295303,279.99999999999994,140.0
2.35,2.3995935821377317,279.99999999999994,140.0
2.4,2.399576149294492,279.99999999999994,140.0
2.4499999999999997,2.399558352318344,279.99999999999994,140.0
2.5,2.3995401913278207,279.99999999999994,140.0
2.55,2.399521666441454,279.99999999999994,140.0
2.5999999999999996,2.3995027777777778,279.99999999999994,140.0
2.65,2.399483525455324,279.99999999999994,140.0
2.7,2.399463909592626,279.99999999999994,140.0
2.75,2.399443930308217,279.99999999999994,140.0
2.8,2.3994235877206287,279.99999999999994,140.0
2.8499999999999996,2.3994028819483955,279.99999999999994,140.0
2.9,2.399381813110049,279.99999999999994,140.0
2.9499999999999997,2.399360381324122,279.99999999999994,140.0
3.0,2.3993385867091486,279.99999999999994,140.0
3.05,2.3993164293836604,279.99999999999994,140.0
3.1,2.399293909466191,279.99999999999994,140.0
3.15,2.399271027075273,279.99999999999994,140.0
3.1999999999999997,2.399247782329439,279.99999999999994,140.0
3.25,2.399224175347222,279.99999999999994,140.0
3.3,2.3992002062471554,279.99999999999994,140.0
3.3499999999999996,2.3991758751477708,279.99999999999994,140.0
3.3999999999999995,2.399151182167602,279.99999999999994,140.0
3.45,2.399126127425182,279.99999999999994,140.0
3.5,2.399100711039043,279.99999999999994,140.0
3.55,2.3990749331277184,279.99999999999994,140.0
3.5999999999999996,2.3990487938097402,279.99999999999994,140.0
3.65,2.3990222932036427,279.99999999999994,140.0
3.6999999999999997,2.398995431427957,279.99999999999994,140.0
3.7499999999999996,2.398968208601217,279.99999999999994,140.0
3.8,2.3989406248419565,279.99999999999994,140.0
3.8499999999999996,2.398912680268706,279.99999999999994,140.0
3.9,2.3988843749999997,279.99999999999994,140.0
3.9499999999999993,2.3988557091543705,279.99999999999994,140.0
4.0,2.3988266828503515,279.99999999999994,140.0
4.05,2.3987972962064745,279.99999999999994,140.0
4.1,2.3987675493412737,279.99999999999994,140.0
4.15,2.3987374423732803,279.99999999999994,140.0
4.199999999999999,2.3987069754210286,279.99999999999994,140.0
4.25,2.3986761486030503,279.99999999999994,140.0
4.3,2.3986449620378796,279.99999999999994,140.0
4.35,2.3986134158440486,279.99999999999994,140.0
4.4,2.39858151014009,279.99999999999994,140.0
4.45,2.3985492450445363,279.99999999999994,140.0
4.5,2.3985166206759216,279.99999999999994,140.0
4.55,2.398483637152778,279.99999999999994,140.0
4.6,2.3984502945936375,279.99999999999994,140.0
4.6499999999999995,2.3984165931170347,279.99999999999994,140.0
4.7,2.398382532841501,279.99999999999994,140.0
4.749999999999999,2.39834811388557,279.99999999999994,140.0
4.8,2.398313336367774,279.99999999999994,140.0
4.8500000000000005,2.3982782004066467,279.99999999999994,140.0
4.8999999999999995,2.3982427061207203,279.99999999999994,140.0
4.95,2.3982068536285275,279.99999999999994,140.0
5.0,2.3981706430486014,279.99999999999994,140.0
5.05,2.3981340744994752,279.99999999999994,140.0
5.1,2.3980971480996818,279.99999999999994,140.0
5.1499999999999995,2.398059863967753,279.99999999999994,140.0
5.199999999999999,2.398022222222222,279.99999999999994,140.0
5.25,2.3979842229816226,279.99999999999994,140.0
5.3,2.397945866364487,279.99999999999994,140.0
5.35,2.397907152489348,279.99999999999994,140.0
5.4,2.3978680814747384,279.99999999999994,140.0
5.449999999999999,2.397828653439191,279.99999999999994,140.0
5.5,2.3977888685012387,279.99999999999994,140.0
5.549999999999999,2.397748726779415,279.99999999999994,140.0
5.6,2.397708228392252,279.99999999999994,140.0
5.65,2.3976673734582827,279.99999999999994,140.0
5.699999999999999,2.39762616209604,279.99999999999994,140.0
5.75,2.397584594424057,279.99999999999994,140.0
5.8,2.3975426705608656,279.99999999999994,140.0
5.85,2.397500390625,279.99999999999994,140.0
5.8999999999999995,2.397457754734992,279.99999999999994,140.0
5.95,2.397414763009375,279.99999999999994,140.0
6.0,2.3973714155666817,279.99999999999994,140.0
6.05,2.397327712525445,279.99999999999994,140.0
6.1,2.3972836540041977,279.99999999999994,140.0
6.1499999999999995,2.3972392401214724,279.99999999999994,140.0
6.2,2.397194470995802,279.99999999999994,140.0
6.249999999999999,2.3971493467457203,279.99999999999994,140.0
6.3,2.3971038674897587,279.99999999999994,140.0
6.35,2.397058033346451,279.99999999999994,140.0
6.3999999999999995,2.3970118444343296,279.99999999999994,140.0
6.45,2.3969653008719276,279.99999999999994,140.0
6.5,2.3969184027777777,279.99999999999994,140.0
6.55,2.396871150270413,279.99999999999994,140.0
6.6,2.396823543468366,279.99999999999994,140.0
6.6499999999999995,2.3967755824901698,279.99999999999994,140.0
6.699999999999999,2.396727267454357,279.99999999999994,140.0
6.75,2.3966785984794607,279.99999999999994,140.0
6.799999999999999,2.3966295756840132,279.99999999999994,140.0
6.85,2.3965801991865483,279.99999999999994,140.0
6.9,2.3965304691055986,279.99999999999994,140.0
6.949999999999999,2.396480385559696,279.99999999999994,140.0
7.0,2.3964299486673744,279.99999999999994,140.0
7.05,2.396379158547167,279.99999999999994,140.0
7.1,2.3963280153176045,279.99999999999994,140.0
7.1499999999999995,2.396276519097222,279.99999999999994,140.0
7.199999999999999,2.3962246700045515,279.99999999999994,140.0
7.25,2.396172468158126,279.99999999999994,140.0
7.3,2.3961199136764777,279.99999999999994,140.0
7.35,2.3960670066781407,279.99999999999994,140.0
7.3999999999999995,2.3960137472816467,279.99999999999994,140.0
7.45,2.395960135605529,279.99999999999994,140.0
7.499999999999999,2.3959061717683205,279.99999999999994,140.0
7.55,2.3958518558885538,279.99999999999994,140.0
7.6,2.3957971880847615,279.99999999999994,140.0
7.6499999999999995,2.395742168475478,279.99999999999994,140.0
7.699999999999999,2.395686797179234,279.99999999999994,140.0
7.75,2.395631074314564,279.99999999999994,140.0
7.8,2.395575,279.99999999999994,140.0
7.85,2.3955185743540746,279.99999999999994,140.0
7.899999999999999,2.395461797495322,279.99999999999994,140.0
7.95,2.3954046695422733,279.99999999999994,140.0
8.0,2.395347190613463,279.99999999999994,140.0
8.049999999999999,2.3952893608274226,279.99999999999994,140.0
8.1,2.395231180302685,279.99999999999994,140.0
8.15,2.3951726491577845,279.99999999999994,140.0
8.2,2.3951137675112526,279.99999999999994,140.0
8.249999999999998,2.3950545354816226,279.99999999999994,140.0
8.3,2.3949949531874273,279.99999999999994,140.0
8.35,2.3949350207471993,279.99999999999994,140.0
8.399999999999999,2.394874738279472,279.99999999999994,140.0
8.450000000000001,2.3948141059027774,279.99999999999994,140.0
8.5,2.3947531237356494,279.99999999999994,140.0
8.549999999999999,2.39469179189662,279.99999999999994,140.0
8.6,2.3946301105042225,279.99999999999994,140.0
8.65,2.39456807967699,279.99999999999994,140.0
8.7,2.394505699533455,279.99999999999994,140.0
8.75,2.3944429701921495,279.99999999999994,140.0
8.8,2.3943798917716075,279.99999999999994,140.0
8.85,2.394316464390362,279.99999999999994,140.0
8.9,2.3942526881669446,279.99999999999994,140.0
8.95,2.394188563219889,279.99999999999994,140.0
9.0,2.394124089667729,279.99999999999994,140.0
9.049999999999999,2.394059267628995,279.99999999999994,140.0
9.1,2.393994097222222,279.99999999999994,140.0
9.149999999999999,2.393928578565942,279.99999999999994,140.0
9.2,2.393862711778688,279.99999999999994,140.0
9.25,2.3937964969789927,279.99999999999994,140.0
9.299999999999999,2.393729934285389,279.99999999999994,140.0
9.35,2.39366302381641,279.99999999999994,140.0
9.4,2.393595765690588,279.99999999999994,140.0
9.45,2.3935281600264564,279.99999999999994,140.0
9.499999999999998,2.3934602069425477,279.99999999999994,140.0
9.55,2.393391906557395,279.99999999999994,140.0
9.6,2.3933232589895312,279.99999999999994,140.0
9.649999999999999,2.3932542643574886,279.99999999999994,140.0
9.700000000000001,2.3931849227798003,279.99999999999994,140.0
9.75,2.3931152343749997,279.99999999999994,140.0
9.799999999999999,2.393045199261619,279.99999999999994,140.0
9.85,2.3929748175581915,279.99999999999994,140.0
9.9,2.39290408938325,279.99999999999994,140.0
9.95,2.3928330148553267,279.99999999999994,140.0
10.0,2.3927615940929545,279.99999999999994,140.0
10.05,2.3926898272146673,279.99999999999994,140.0
10.1,2.3926177143389973,279.99999999999994,140.0
10.149999999999999,2.3925452555844777,279.99999999999994,140.0
10.2,2.3924724510696405,279.99999999999994,140.0
10.25,2.3923993009130187,279.99999999999994,140.0
10.299999999999999,2.392325805233146,279.99999999999994,140.0
10.35,2.392251964148555,279.99999999999994,140.0
10.399999999999999,2.392177777777778,279.99999999999994,140.0
10.45,2.3921032462393477,279.99999999999994,140.0
10.5,2.392028369651798,279.99999999999994,140.0
10.549999999999999,2.3919531481336604,279.99999999999994,140.0
10.6,2.3918775818034694,279.99999999999994,140.0
10.65,2.3918016707797567,279.99999999999994,140.0
10.7,2.391725415181055,279.99999999999994,140.0
10.749999999999998,2.3916488151258974,279.99999999999994,140.0
10.8,2.3915718707328173,279.99999999999994,140.0
10.85,2.391494582120347,279.99999999999994,140.0
10.899999999999999,2.3914169494070197,279.99999999999994,140.0
10.950000000000001,2.3913389727113676,279.99999999999994,140.0
11.0,2.391260652151924,279.99999999999994,140.0
11.049999999999999,2.3911819878472222,279.99999999999994,140.0
11.099999999999998,2.391102979915794,279.99999999999994,140.0
11.15,2.3910236284761734,279.99999999999994,140.0
11.2,2.390943933646892,279.99999999999994,140.0
11.249999999999998,2.390863895546484,279.99999999999994,140.0
11.3,2.390783514293481,279.99999999999994,140.0
11.35,2.390702790006417,279.99999999999994,140.0
11.399999999999999,2.3906217228038233,279.99999999999994,140.0
11.45,2.3905403128042346,279.99999999999994,140.0
11.5,2.390458560126182,279.99999999999994,140.0
11.549999999999999,2.3903764648881998,279.99999999999994,140.0
11.6,2.39029402720882,279.99999999999994,140.0
11.65,2.390211247206576,279.99999999999994,140.0
11.7,2.390128125,279.99999999999994,140.0
11.75,2.390044660707625,279.99999999999994,140.0
11.799999999999999,2.3899608544479842,279.99999999999994,140.0
11.85,2.389876706339611,279.99999999999994,140.0
11.9,2.3897922165010366,279.99999999999994,140.0
11.95,2.389707385050795,279.99999999999994,140.0
12.0,2.389622212107419,279.99999999999994,140.0
12.05,2.3895366977894414,279.99999999999994,140.0
12.1,2.3894508422153944,279.99999999999994,140.0
12.149999999999999,2.3893646455038122,279.99999999999994,140.0
12.2,2.389278107773226,279.99999999999994,140.0
12.25,2.38919122914217,279.99999999999994,140.0
12.299999999999999,2.3891040097291762,279.99999999999994,140.0
12.349999999999998,2.3890164496527775,279.99999999999994,140.0
12.4,2.3889285490315078,279.99999999999994,140.0
12.45,2.3888403079838985,279.99999999999994,140.0
12.499999999999998,2.3887517266284832,279.99999999999994,140.0
12.55,2.388662805083795,279.99999999999994,140.0
12.6,2.388573543468366,279.99999999999994,140.0
12.649999999999999,2.3884839419007293,279.99999999999994,140.0
12.7,2.388394000499418,279.99999999999994,140.0
12.75,2.3883037193829653,279.99999999999994,140.0
12.799999999999999,2.3882130986699033,279.99999999999994,140.0
12.85,2.388122138478765,279.99999999999994,140.0
12.9,2.3880308389280835,279.99999999999994,140.0
12.95,2.3879392001363917,279.99999999999994,140.0
13.0,2.387847222222222,279.99999999999994,140.0
13.049999999999999,2.387754905304108,279.99999999999994,140.0
13.1,2.3876622495005813,279.99999999999994,140.0
13.149999999999999,2.3875692549301757,279.99999999999994,140.0
13.2,2.3874759217114243,279.99999999999994,140.0
13.25,2.38738224996286,279.99999999999994,140.0
13.299999999999999,2.387288239803014,279.99999999999994,140.0
13.35,2.387193891350421,279.99999999999994,140.0
13.399999999999999,2.3870992047236133,279.99999999999994,140.0
13.45,2.3870041800411226,279.99999999999994,140.0
13.5,2.386908817421484,279.99999999999994,140.0
13.549999999999999,2.3868131169832285,279.99999999999994,140.0
13.599999999999998,2.3867170788448893,279.99999999999994,140.0
13.65,2.386620703125,279.99999999999994,140.0
13.7,2.386523989942093,279.99999999999994,140.0
13.749999999999998,2.3864269394147004,279.99999999999994,140.0
13.8,2.386329551661356,279.99999999999994,140.0
13.85,2.386231826800593,279.99999999999994,140.0
13.899999999999999,2.386133764950943,279.99999999999994,140.0
13.95,2.38603536623094,279.99999999999994,140.0
14.0,2.385936630759116,279.99999999999994,140.0
14.049999999999999,2.385837558654004,279.99999999999994,140.0
14.1,2.3857381500341375,279.99999999999994,140.0
14.15,2.3856384050180486,279.99999999999994,140.0
14.2,2.3855383237242704,279.99999999999994,140.0
14.249999999999998,2.385437906271336,279.99999999999994,140.0
14.299999999999999,2.385337152777778,279.99999999999994,140.0
14.35,2.385236063362129,279.99999999999994,140.0
14.399999999999999,2.385134638142922,279.99999999999994,140.0
14.45,2.3850328772386904,279.99999999999994,140.0
14.5,2.3849307807679665,279.99999999999994,140.0
14.549999999999999,2.384828348849283,279.99999999999994,140.0
14.6,2.3847255816011734,279.99999999999994,140.0
14.649999999999999,2.3846224791421697,279.99999999999994,140.0
14.7,2.3845190415908055,279.99999999999994,140.0
14.75,2.384415269065613,279.99999999999994,140.0
14.799999999999999,2.3843111616851265,279.99999999999994,140.0
14.85,2.3842067195678767,279.99999999999994,140.0
14.9,2.3841019428323977,279.99999999999994,140.0
14.95,2.383996831597222,279.99999999999994,140.0
14.999999999999998,2.383891385980883,279.99999999999994,140.0
15.05,2.3837856061019127,279.99999999999994,140.0
15.1,2.3836794920788447,279.99999999999994,140.0
15.149999999999999,2.3835730440302116,279.99999999999994,140.0
15.2,2.383466262074546,279.99999999999994,140.0
15.25,2.3833591463303807,279.99999999999994,140.0
15.299999999999999,2.383251696916249,279.99999999999994,140.0
15.35,2.383143913950684,279.99999999999994,140.0
15.399999999999999,2.3830357975522176,279.99999999999994,140.0
15.45,2.382927347839383,279.99999999999994,140.0
15.5,2.382818564930713,279.99999999999994,140.0
15.549999999999999,2.382709448944741,279.99999999999994,140.0
15.6,2.3826,279.99999999999994,140.0
15.65,2.3824902182150214,279.99999999999994,140.0
15.7,2.3823801037083396,279.99999999999994,140.0
15.75,2.3822696565984867,279.99999999999994,140.0
15.799999999999997,2.382158877003995,279.99999999999994,140.0
15.85,2.382047765043399,279.99999999999994,140.0
15.9,2.3819363208352295,279.99999999999994,140.0
15.949999999999998,2.3818245444980213,279.99999999999994,140.0
16.0,2.381712436150306,279.99999999999994,140.0
16.05,2.3815999959106167,279.99999999999994,140.0
16.099999999999998,2.3814872238974862,279.99999999999994,140.0
16.15,2.381374120229448,279.99999999999994,140.0
16.2,2.381260685025034,279.99999999999994,140.0
16.25,2.3811469184027776,279.99999999999994,140.0
16.3,2.3810328204812117,279.99999999999994,140.0
16.349999999999998,2.3809183913788687,279.99999999999994,140.0
16.4,2.380803631214282,279.99999999999994,140.0
16.45,2.380688540105984,279.99999999999994,140.0
16.499999999999996,2.380573118172508,279.99999999999994,140.0
16.55,2.3804573655323864,279.99999999999994,140.0
16.6,2.380341282304152,279.99999999999994,140.0
16.65,2.380224868606338,279.99999999999994,140.0
16.7,2.3801081245574776,279.99999999999994,140.0
16.75,2.379991050276103,279.99999999999994,140.0
16.799999999999997,2.3798736458807466,279.99999999999994,140.0
16.849999999999998,2.379755911489942,279.99999999999994,140.0
16.900000000000002,2.3796378472222224,279.99999999999994,140.0
16.95,2.37951945319612,279.99999999999994,140.0
17.0,2.3794007295301673,279.99999999999994,140.0
17.049999999999997,2.3792816763428983,279.99999999999994,140.0
17.099999999999998,2.3791622937528447,279.99999999999994,140.0
17.15,2.37904258187854,279.99999999999994,140.0
17.2,2.3789225408385173,279.99999999999994,140.0
17.25,2.3788021707513085,279.99999999999994,140.0
17.3,2.3786814717354474,279.99999999999994,140.0
17.349999999999998,2.3785604439094663,279.99999999999994,140.0
17.4,2.378439087391898,279.99999999999994,140.0
17.45,2.3783174023012754,279.99999999999994,140.0
17.5,2.378195388756132,279.99999999999994,140.0
17.55,2.378073046875,279.99999999999994,140.0
17.6,2.377950376776412,279.99999999999994,140.0
17.65,2.3778273785789015,279.99999999999994,140.0
17.7,2.377704052401001,279.99999999999994,140.0
17.749999999999996,2.3775803983612436,279.99999999999994,140.0
17.8,2.3774564165781618,279.99999999999994,140.0
17.85,2.377332107170289,279.99999999999994,140.0
17.9,2.3772074702561574,279.99999999999994,140.0
17.95,2.3770825059543,279.99999999999994,140.0
18.0,2.37695721438325,279.99999999999994,140.0
18.049999999999997,2.37683159566154,279.99999999999994,140.0
18.099999999999998,2.376705649907702,279.99999999999994,140.0
18.150000000000002,2.376579377240271,279.99999999999994,140.0
18.2,2.3764527777777777,279.99999999999994,140.0
18.25,2.376325851638756,279.99999999999994,140.0
18.299999999999997,2.376198598941739,279.99999999999994,140.0
18.349999999999998,2.3760710198052584,279.99999999999994,140.0
18.4,2.375943114347848,279.99999999999994,140.0
18.45,2.3758148826880405,279.99999999999994,140.0
18.5,2.3756863249443683,279.99999999999994,140.0
18.55,2.375557441235365,279.99999999999994,140.0
18.599999999999998,2.375428231679563,279.99999999999994,140.0
18.65,2.375298696395495,279.99999999999994,140.0
18.7,2.375168835501694,279.99999999999994,140.0
18.75,2.3750386491166933,279.99999999999994,140.0
18.8,2.3749081373590246,279.99999999999994,140.0
18.85,2.374777300347222,279.99999999999994,140.0
18.9,2.3746461381998176,279.99999999999994,140.0
18.95,2.3745146510353448,279.99999999999994,140.0
18.999999999999996,2.374382838972336,279.99999999999994,140.0
19.049999999999997,2.3742507021293235,279.99999999999994,140.0
19.1,2.3741182406248416,279.99999999999994,140.0
19.15,2.373985454577422,279.99999999999994,140.0
19.2,2.3738523441055985,279.99999999999994,140.0
19.25,2.373718909327903,279.99999999999994,140.0
19.299999999999997,2.3735851503628687,279.99999999999994,140.0
19.349999999999998,2.3734510673290283,279.99999999999994,140.0
19.400000000000002,2.3733166603449143,279.99999999999994,140.0
19.45,2.373181929529061,279.99999999999994,140.0
19.5,2.373046875,279.99999999999994,140.0
19.549999999999997,2.372911496876264,279.99999999999994,140.0
19.599999999999998,2.372775795276387,279.99999999999994,140.0
19.65,2.3726397703189006,279.99999999999994,140.0
19.7,2.3725034221223384,279.99999999999994,140.0
19.75,2.372366750805233,279.99999999999994,140.0
19.8,2.3722297564861172,279.99999999999994,140.0
19.849999999999998,2.372092439283524,279.99999999999994,140.0
19.9,2.3719547993159864,279.99999999999994,140.0
19.95,2.3718168367020365,279.99999999999994,140.0
20.0,2.3716785515602083,279.99999999999994,140.0
20.05,2.371539944009034,279.99999999999994,140.0
20.1,2.371401014167046,279.99999999999994,140.0
20.15,2.371261762152778,279.99999999999994,140.0
20.2,2.371122188084762,279.99999999999994,140.0
20.249999999999996,2.3709822920815316,279.99999999999994,140.0
20.299999999999997,2.370842074261619,279.99999999999994,140.0
20.35,2.370701534743558,279.99999999999994,140.0
20.4,2.3705606736458806,279.99999999999994,140.0
20.45,2.3704194910871204,279.99999999999994,140.0
20.5,2.370277987185809,279.99999999999994,140.0
20.549999999999997,2.3701361620604797,279.99999999999994,140.0
20.599999999999998,2.3699940158296666,279.99999999999994,140.0
20.650000000000002,2.3698515486119014,279.99999999999994,140.0
20.7,2.3697087605257168,279.99999999999994,140.0
20.75,2.3695656516896464,279.99999999999994,140.0
20.799999999999997,2.369422222222222,279.99999999999994,140.0
20.849999999999998,2.3692784722419775,279.99999999999994,140.0
20.9,2.3691344018674454,279.99999999999994,140.0
20.95,2.3689900112171585,279.99999999999994,140.0
21.0,2.3688453004096495,279.99999999999994,140.0
21.05,2.368700269563451,279.99999999999994,140.0
21.099999999999998,2.3685549187970967,279.99999999999994,140.0
21.15,2.3684092482291192,279.99999999999994,140.0
21.2,2.368263257978051,279.99999999999994,140.0
21.249999999999996,2.3681169481624247,279.99999999999994,140.0
21.3,2.367970318900774,279.99999999999994,140.0
21.35,2.3678233703116307,279.99999999999994,140.0
21.4,2.3676761025135287,279.99999999999994,140.0
21.45,2.3675285156249997,279.99999999999994,140.0
21.499999999999996,2.3673806097645778,279.99999999999994,140.0
21.549999999999997,2.3672323850507953,279.99999999999994,140.0
21.6,2.367083841602185,279.99999999999994,140.0
21.65,2.366934979537279,279.99999999999994,140.0
21.7,2.3667857989746115,279.99999999999994,140.0
21.75,2.366636300032715,279.99999999999994,140.0
21.799999999999997,2.3664864828301213,279.99999999999994,140.0
21.849999999999998,2.366336347485365,279.99999999999994,140.0
21.900000000000002,2.3661858941169776,279.99999999999994,140.0
21.95,2.3660351228434924,279.99999999999994,140.0
22.0,2.365884033783442,279.99999999999994,140.0
22.05,2.3657326270553596,279.99999999999994,140.0
22.099999999999998,2.3655809027777774,279.99999999999994,140.0
22.15,2.3654288610692293,279.99999999999994,140.0
22.199999999999996,2.3652765020482476,279.99999999999994,140.0
22.25,2.365123825833365,279.99999999999994,140.0
22.3,2.3649708325431145,279.99999999999994,140.0
22.349999999999998,2.3648175222960286,279.99999999999994,140.0
22.4,2.3646638952106405,279.99999999999994,140.0
22.45,2.3645099514054833,279.99999999999994,140.0
22.499999999999996,2.3643556909990897,279.99999999999994,140.0
22.55,2.364201114109992,279.99999999999994,140.0
22.6,2.3640462208567237,279.99999999999994,140.0
22.65,2.363891011357817,279.99999999999994,140.0
22.7,2.3637354857318056,279.99999999999994,140.0
22.749999999999996,2.363579644097222,279.99999999999994,140.0
22.799999999999997,2.3634234865725987,279.99999999999994,140.0
22.85,2.363267013276469,279.99999999999994,140.0
22.9,2.3631102243273654,279.99999999999994,140.0
22.95,2.362953119843821,279.99999999999994,140.0
23.0,2.3627956999443684,279.99999999999994,140.0
23.049999999999997,2.3626379647475404,279.99999999999994,140.0
23.099999999999998,2.3624799143718707,279.99999999999994,140.0
23.15,2.362321548935891,279.99999999999994,140.0
23.2,2.362162868558135,279.99999999999994,140.0
23.25,2.3620038733571347,279.99999999999994,140.0
23.3,2.361844563451424,279.99999999999994,140.0
23.349999999999998,2.361684938959534,279.99999999999994,140.0
23.4,2.361525,279.99999999999994,140.0
23.449999999999996,2.361364746691353,279.99999999999994,140.0
23.5,2.3612041791521268,279.99999999999994,140.0
23.55,2.3610432975008533,279.99999999999994,140.0
23.599999999999998,2.360882101856066,279.99999999999994,140.0
23.65,2.3607205923362984,279.99999999999994,140.0
23.7,2.360558769060082,279.99999999999994,140.0
23.749999999999996,2.36039663214595,279.99999999999994,140.0
23.8,2.360234181712436,279.99999999999994,140.0
23.85,2.360071417878072,279.99999999999994,140.0
23.9,2.359908340761392,279.99999999999994,140.0
23.95,2.3597449504809274,279.99999999999994,140.0
24.0,2.359581247155212,279.99999999999994,140.0
24.049999999999997,2.359417230902778,279.99999999999994,140.0
24.1,2.3592529018421584,279.99999999999994,140.0
24.15,2.3590882600918865,279.99999999999994,140.0
24.2,2.358923305770495,279.99999999999994,140.0
24.25,2.3587580389965166,279.99999999999994,140.0
24.299999999999997,2.3585924598884844,279.99999999999994,140.0
24.349999999999998,2.358426568564931,279.99999999999994,140.0
24.4,2.3582603651443885,279.99999999999994,140.0
24.45,2.3580938497453916,279.99999999999994,140.0
24.5,2.357927022486471,279.99999999999994,140.0
24.55,2.3577598834861617,279.99999999999994,140.0
24.599999999999998,2.3575924328629947,279.99999999999994,140.0
24.65,2.357424670735504,279.99999999999994,140.0
24.699999999999996,2.3572565972222224,279.99999999999994,140.0
24.75,2.3570882124416817,279.99999999999994,140.0
24.8,2.356919516512416,279.99999999999994,140.0
24.849999999999998,2.356750509552957,279.99999999999994,140.0
24.9,2.3565811916818387,279.99999999999994,140.0
24.95,2.3564115630175935,279.99999999999994,140.0
24.999999999999996,2.356241623678754,279.99999999999994,140.0
25.05,2.356071373783853,279.99999999999994,140.0
25.1,2.3559008134514237,279.99999999999994,140.0
25.15,2.3557299427999987,279.99999999999994,140.0
25.2,2.3555587619481106,279.99999999999994,140.0
25.25,2.355387271014293,279.99999999999994,140.0
25.299999999999997,2.355215470117079,279.99999999999994,140.0
25.349999999999998,2.3550433593749998,279.99999999999994,140.0
25.4,2.35487093890659,279.99999999999994,140.0
25.45,2.354698208830381,279.99999999999994,140.0
25.5,2.3545251692649067,279.99999999999994,140.0
25.549999999999997,2.354351820328699,279.99999999999994,140.0
25.599999999999998,2.354178162140292,279.99999999999994,140.0
25.65,2.354004194818218,279.99999999999994,140.0
25.7,2.353829918481009,279.99999999999994,140.0
25.75,2.3536553332471994,279.99999999999994,140.0
25.8,2.353480439235321,279.99999999999994,140.0
25.849999999999998,2.3533052365639064,279.99999999999994,140.0
25.9,2.353129725351489,279.99999999999994,140.0
25.949999999999996,2.352953905716602,279.99999999999994,140.0
26.0,2.352777777777778,279.99999999999994,140.0
26.05,2.352601341653549,279.99999999999994,140.0
26.099999999999998,2.352424597462449,279.99999999999994,140.0
26.15,2.3522475453230096,279.99999999999994,140.0
26.2,2.352070185353765,279.99999999999994,140.0
26.249999999999996,2.3518925176732473,279.99999999999994,140.0
26.299999999999997,2.35171454239999,279.99999999999994,140.0
26.35,2.3515362596525247,279.99999999999994,140.0
26.4,2.3513576695493854,279.99999999999994,140.0
26.45,2.3511787722091047,279.99999999999994,140.0
26.5,2.3509995677502147,279.99999999999994,140.0
26.549999999999997,2.350820056291249,279.99999999999994,140.0
26.599999999999998,2.3506402379507407,279.99999999999994,140.0
26.65,2.3504601128472222,279.99999999999994,140.0
26.7,2.3502796810992264,279.99999999999994,140.0
26.75,2.350098942825286,279.99999999999994,140.0
26.799999999999997,2.3499178981439335,279.99999999999994,140.0
26.849999999999998,2.3497365471737024,279.99999999999994,140.0
26.9,2.3495548900331262,279.99999999999994,140.0
26.95,2.3493729268407364,279.99999999999994,140.0
27.0,2.3491906577150656,279.99999999999994,140.0
27.05,2.349008082774648,279.99999999999994,140.0
27.099999999999998,2.3488252021380163,279.99999999999994,140.0
27.15,2.3486420159237023,279.99999999999994,140.0
27.199999999999996,2.34845852425024,279.99999999999994,140.0
27.25,2.3482747272361615,279.99999999999994,140.0
27.3,2.3480906249999998,279.99999999999994,140.0
27.349999999999998,2.347906217660288,279.99999999999994,140.0
27.4,2.3477215053355582,279.99999999999994,140.0
27.45,2.3475364881443443,279.99999999999994,140.0
27.499999999999996,2.3473511662051787,279.99999999999994,140.0
27.549999999999997,2.347165539636594,279.99999999999994,140.0
27.6,2.346979608557123,279.99999999999994,140.0
27.65,2.3467933730852995,279.99999999999994,140.0
27.7,2.346606833339655,279.99999999999994,140.0
27.75,2.3464199894387234,279.99999999999994,140.0
27.799999999999997,2.3462328415010365,279.99999999999994,140.0
27.849999999999998,2.3460453896451283,279.99999999999994,140.0
27.9,2.3458576339895307,279.99999999999994,140.0
27.95,2.345669574652778,279.99999999999994,140.0
28.0,2.345481211753401,279.99999999999994,140.0
28.049999999999997,2.3452925454099343,279.99999999999994,140.0
28.099999999999998,2.345103575740909,279.99999999999994,140.0
28.15,2.34491430286486,279.99999999999994,140.0
28.2,2.3447247269003184,279.99999999999994,140.0
28.25,2.344534847965818,279.99999999999994,140.0
28.3,2.3443446661798917,279.99999999999994,140.0
28.349999999999998,2.344154181661072,279.99999999999994,140.0
28.4,2.3439633945278917,279.99999999999994,140.0
28.45,2.3437723048988834,279.99999999999994,140.0
28.499999999999996,2.3435809128925804,279.99999999999994,140.0
28.55,2.343389218627516,279.99999999999994,140.0
28.599999999999998,2.3431972222222224,279.99999999999994,140.0
28.65,2.3430049237952324,279.99999999999994,140.0
28.7,2.3428123234650786,279.99999999999994,140.0
28.749999999999996,2.3426194213502947,279.99999999999994,140.0
28.799999999999997,2.342426217569413,279.99999999999994,140.0
28.85,2.342232712240966,279.99999999999994,140.0
28.9,2.3420389054834874,279.99999999999994,140.0
28.95,2.341844797415509,279.99999999999994,140.0
29.0,2.3416503881555655,279.99999999999994,140.0
29.049999999999997,2.3414556778221876,279.99999999999994,140.0
29.099999999999998,2.3412606665339095,279.99999999999994,140.0
29.15,2.3410653544092637,279.99999999999994,140.0
29.2,2.3408697415667827,279.99999999999994,140.0
29.25,2.340673828125,279.99999999999994,140.0
29.299999999999997,2.340477614202448,279.99999999999994,140.0
29.349999999999998,2.340281099917659,279.99999999999994,140.0
29.4,2.3400842853891666,279.99999999999994,140.0
29.45,2.339887170735504,279.99999999999994,140.0
29.5,2.3396897560752037,279.99999999999994,140.0
29.55,2.339492041526798,279.99999999999994,140.0
29.599999999999998,2.3392940272088203,279.99999999999994,140.0
29.65,2.3390957132398027,279.99999999999994,140.0
29.7,2.338897099738279,279.99999999999994,140.0
29.749999999999996,2.338698186822782,279.99999999999994,140.0
29.8,2.3384989746118445,279.99999999999994,140.0
29.849999999999998,2.338299463223999,279.99999999999994,140.0
29.9,2.3380996527777773,279.99999999999994,140.0
29.95,2.3378995433917145,279.99999999999994,140.0
29.999999999999996,2.337699135184342,279.99999999999994,140.0
30.049999999999997,2.3374984282741935,279.99999999999994,140.0
30.1,2.337297422779801,279.99999999999994,140.0
30.15,2.337096118819697,279.99999999999994,140.0
30.2,2.3368945165124155,279.99999999999994,140.0
30.25,2.336692615976489,279.99999999999994,140.0
30.299999999999997,2.3364904173304506,279.99999999999994,140.0
30.349999999999998,2.336287920692832,279.99999999999994,140.0
30.4,2.3360851261821676,279.99999999999994,140.0
30.45,2.335882033916989,279.99999999999994,140.0
30.5,2.3356786440158293,279.99999999999994,140.0
30.549999999999997,2.335474956597222,279.99999999999994,140.0
30.599999999999998,2.3352709717796993,279.99999999999994,140.0
30.65,2.3350666896817946,279.99999999999994,140.0
30.7,2.33486211042204,279.99999999999994,140.0
30.749999999999996,2.3346572341189686,279.99999999999994,140.0
30.799999999999997,2.3344520608911137,279.99999999999994,140.0
30.849999999999998,2.3342465908570085,279.99999999999994,140.0
30.9,2.3340408241351844,279.99999999999994,140.0
30.95,2.3338347608441747,279.99999999999994,140.0
31.0,2.3336284011025135,279.99999999999994,140.0
31.049999999999997,2.333421745028732,279.99999999999994,140.0
31.099999999999998,2.3332147927413645,279.99999999999994,140.0
31.15,2.3330075443589426,279.99999999999994,140.0
31.2,2.3327999999999998,279.99999999999994,140.0
31.25,2.332592159783069,279.99999999999994,140.0
31.3,2.3323840238266826,279.99999999999994,140.0
31.349999999999998,2.332175592249374,279.99999999999994,140.0
31.4,2.331966865169676,279.99999999999994,140.0
31.45,2.3317578427061205,279.99999999999994,140.0
31.5,2.331548524977242,279.99999999999994,140.0
31.55,2.3313389121015713,279.99999999999994,140.0
31.599999999999994,2.331129004197643,279.99999999999994,140.0
31.65,2.330918801383989,279.99999999999994,140.0
31.7,2.330708303779143,279.99999999999994,140.0
31.75,2.330497511501637,279.99999999999994,140.0
31.8,2.3302864246700046,279.99999999999994,140.0
31.85,2.3300750434027773,279.99999999999994,140.0
31.899999999999995,2.32986336781849,279.99999999999994,140.0
31.949999999999996,2.3296513980356734,279.99999999999994,140.0
32.0,2.329439134172862,279.99999999999994,140.0
32.05,2.3292265763485878,279.99999999999994,140.0
32.1,2.3290137246813836,279.99999999999994,140.0
32.15,2.328800579289783,279.99999999999994,140.0
32.199999999999996,2.328587140292318,279.99999999999994,140.0
32.25,2.3283734078075216,279.99999999999994,140.0
32.3,2.328159381953927,279.99999999999994,140.0
32.35,2.327945062850067,279.99999999999994,140.0
32.4,2.327730450614474,279.99999999999994,140.0
32.449999999999996,2.3275155453656815,279.99999999999994,140.0
32.5,2.3273003472222222,279.99999999999994,140.0
32.55,2.3270848563026285,279.99999999999994,140.0
32.6,2.326869072725434,279.99999999999994,140.0
32.65,2.3266529966091705,279.99999999999994,140.0
32.699999999999996,2.3264366280723716,279.99999999999994,140.0
32.75,2.3262199672335697,279.99999999999994,140.0
32.8,2.3260030142112984,279.99999999999994,140.0
32.85,2.3257857691240895,279.99999999999994,140.0
32.9,2.3255682320904767,279.99999999999994,140.0
32.95,2.3253504032289927,279.99999999999994,140.0
32.99999999999999,2.32513228265817,279.99999999999994,140.0
33.05,2.324913870496542,279.99999999999994,140.0
33.1,2.3246951668626408,279.99999999999994,140.0
33.15,2.3244761718749998,279.99999999999994,140.0
33.2,2.3242568856521517,279.99999999999994,140.0
33.25,2.32403730831263,279.99999999999994,140.0
33.3,2.323817439974966,279.99999999999994,140.0
33.349999999999994,2.3235972807576935,279.99999999999994,140.0
33.4,2.3233768307793454,279.99999999999994,140.0
33.45,2.3231560901584545,279.99999999999994,140.0
33.5,2.3229350590135533,279.99999999999994,140.0
33.55,2.3227137374631757,279.99999999999994,140.0
33.599999999999994,2.3224921256258537,279.99999999999994,140.0
33.65,2.3222702236201194,279.99999999999994,140.0
33.699999999999996,2.322048031564507,279.99999999999994,140.0
33.75,2.321825549577549,279.99999999999994,140.0
33.800000000000004,2.3216027777777777,279.99999999999994,140.0
33.849999999999994,2.3213797162837264,279.99999999999994,140.0
33.9,2.3211563652139278,279.99999999999994,140.0
33.949999999999996,2.320932724686915,279.99999999999994,140.0
34.0,2.320708794821221,279.99999999999994,140.0
34.050000000000004,2.3204845757353776,279.99999999999994,140.0
34.099999999999994,2.3202600675479186,279.99999999999994,140.0
34.15,2.320035270377377,279.99999999999994,140.0
34.199999999999996,2.319810184342285,279.99999999999994,140.0
34.25,2.3195848095611753,279.99999999999994,140.0
34.3,2.3193591461525815,279.99999999999994,140.0
34.35,2.3191331942350364,279.99999999999994,140.0
34.4,2.318906953927072,279.99999999999994,140.0
34.449999999999996,2.318680425347222,279.99999999999994,140.0
34.5,2.318453608614019,279.99999999999994,140.0
34.55,2.3182265038459957,279.99999999999994,140.0
34.6,2.317999111161685,279.99999999999994,140.0
34.65,2.31777143067962,279.99999999999994,140.0
34.699999999999996,2.317543462518333,279.99999999999994,140.0
34.75,2.317315206796357,279.99999999999994,140.0
34.8,2.317086663632226,279.99999999999994,140.0
34.85,2.316857833144471,279.99999999999994,140.0
34.9,2.3166287154516256,279.99999999999994,140.0
34.949999999999996,2.316399310672223,279.99999999999994,140.0
35.0,2.3161696189247967,279.99999999999994,140.0
35.05,2.3159396403278776,279.99999999999994,140.0
35.1,2.315709375,279.99999999999994,140.0
35.15,2.3154788230596965,279.99999999999994,140.0
35.2,2.315247984625499,279.99999999999994,140.0
35.24999999999999,2.3150168598159424,279.99999999999994,140.0
35.3,2.314785448749557,279.99999999999994,140.0
35.35,2.314553751544878,279.99999999999994,140.0
35.4,2.3143217683204367,279.99999999999994,140.0
35.45,2.314089499194767,279.99999999999994,140.0
35.49999999999999,2.3138569442864005,279.99999999999994,140.0
35.55,2.3136241037138707,279.99999999999994,140.0
35.6,2.3133909775957116,279.99999999999994,140.0
35.65,2.3131575660504535,279.99999999999994,140.0
35.7,2.3129238691966316,279.99999999999994,140.0
35.75,2.3126898871527777,279.99999999999994,140.0
35.8,2.312455620037425,279.99999999999994,140.0
35.849999999999994,2.3122210679691055,279.99999999999994,140.0
35.9,2.311986231066353,279.99999999999994,140.0
35.95,2.3117511094477003,279.99999999999994,140.0
36.0,2.311515703231679,279.99999999999994,140.0
36.05,2.311280012536824,279.99999999999994,140.0
36.099999999999994,2.311044037481667,279.99999999999994,140.0
36.15,2.3108077781847403,279.99999999999994,140.0
36.199999999999996,2.3105712347645775,279.99999999999994,140.0
36.25,2.310334407339712,279.99999999999994,140.0
36.300000000000004,2.3100972960286756,279.99999999999994,140.0
36.349999999999994,2.309859900950001,279.99999999999994,140.0
36.4,2.3096222222222225,279.99999999999994,140.0
36.449999999999996,2.309384259963871,279.99999999999994,140.0
36.5,2.309146014293481,279.99999999999994,140.0
36.550000000000004,2.308907485329584,279.99999999999994,140.0
36.599999999999994,2.3086686731907147,279.99999999999994,140.0
36.65,2.3084295779954043,279.99999999999994,140.0
36.699999999999996,2.3081901998621857,279.99999999999994,140.0
36.75,2.3079505389095925,279.99999999999994,140.0
36.8,2.307710595256157,279.99999999999994,140.0
36.85,2.307470369020413,279.99999999999994,140.0
36.9,2.3072298603208923,279.99999999999994,140.0
36.949999999999996,2.3069890692761272,279.99999999999994,140.0
37.0,2.3067479960046526,279.99999999999994,140.0
37.05,2.306506640625,279.99999999999994,140.0
37.1,2.306265003255702,279.99999999999994,140.0
37.14999999999999,2.306023084015292,279.99999999999994,140.0
37.199999999999996,2.305780883022303,279.99999999999994,140.0
37.25,2.305538400395267,279.99999999999994,140.0
37.3,2.305295636252718,279.99999999999994,140.0
37.35,2.305052590713188,279.99999999999994,140.0
37.4,2.3048092638952107,279.99999999999994,140.0
37.449999999999996,2.3045656559173175,279.99999999999994,140.0
37.5,2.3043217668980427,279.99999999999994,140.0
37.55,2.3040775969559184,279.99999999999994,140.0
37.6,2.3038331462094774,279.99999999999994,140.0
37.65,2.303588414777253,279.99999999999994,140.0
37.7,2.3033434027777777,279.99999999999994,140.0
37.74999999999999,2.3030981103295844,279.99999999999994,140.0
37.8,2.302852537551206,279.99999999999994,140.0
37.85,2.3026066845611752,279.99999999999994,140.0
37.9,2.3023605514780257,279.99999999999994,140.0
37.95,2.3021141384202886,279.99999999999994,140.0
37.99999999999999,2.301867445506499,279.99999999999994,140.0
38.05,2.3016204728551877,279.99999999999994,140.0
38.099999999999994,2.3013732205848885,279.99999999999994,140.0
38.15,2.301125688814134,279.99999999999994,140.0
38.2,2.300877877661457,279.99999999999994,140.0
38.25,2.3006297872453914,279.99999999999994,140.0
38.3,2.3003814176844686,279.99999999999994,140.0
38.349999999999994,2.3001327690972224,279.99999999999994,140.0
38.4,2.2998838416021843,279.99999999999994,140.0
38.45,2.299634635317889,279.99999999999994,140.0
38.5,2.2993851503628684,279.99999999999994,140.0
38.55,2.299135386855655,279.99999999999994,140.0
38.599999999999994,2.298885344914783,279.99999999999994,140.0
38.65,2.298635024658783,279.99999999999994,140.0
38.699999999999996,2.2983844262061903,279.99999999999994,140.0
38.75,2.298133549675536,279.99999999999994,140.0
38.800000000000004,2.2978823951853538,279.99999999999994,140.0
38.849999999999994,2.2976309628541762,279.99999999999994,140.0
38.9,2.297379252800536,279.99999999999994,140.0
38.949999999999996,2.297127265142966,279.99999999999994,140.0
39.0,2.296875,279.99999999999994,140.0
39.05,2.29662245749017,279.99999999999994,140.0
39.099999999999994,2.296369637732008,279.99999999999994,140.0
39.15,2.2961165408440487,279.99999999999994,140.0
39.199999999999996,2.2958631669448235,279.99999999999994,140.0
39.25,2.295609516152866,279.99999999999994,140.0
39.3,2.295355588586709,279.99999999999994,140.0
39.35,2.295101384364885,279.99999999999994,140.0
39.4,2.294846903605927,279.99999999999994,140.0
39.449999999999996,2.294592146428368,279.99999999999994,140.0
39.5,2.294337112950741,279.99999999999994,140.0
39.55,2.294081803291578,279.99999999999994,140.0
39.6,2.2938262175694124,279.99999999999994,140.0
39.65,2.2935703559027774,279.99999999999994,140.0
39.699999999999996,2.2933142184102056,279.99999999999994,140.0
39.75,2.29305780521023,279.99999999999994,140.0
39.8,2.2928011164213826,279.99999999999994,140.0
39.85,2.2925441521621974,279.99999999999994,140.0
39.9,2.2922869125512064,279.99999999999994,140.0
39.949999999999996,2.292029397706943,279.99999999999994,140.0
40.0,2.291771607747939,279.99999999999994,140.0
40.05,2.2915135427927287,279.99999999999994,140.0
40.1,2.291255202959844,279.99999999999994,140.0
40.15,2.2909965883678183,279.99999999999994,140.0
40.2,2.2907376991351844,279.99999999999994,140.0
40.24999999999999,2.2904785353804744,279.99999999999994,140.0
40.3,2.2902190972222223,279.99999999999994,140.0
40.35,2.2899593847789594,279.99999999999994,140.0
40.4,2.289699398169221,279.99999999999994,140.0
40.45,2.289439137511537,279.99999999999994,140.0
40.49999999999999,2.289178602924442,279.99999999999994,140.0
40.55,2.288917794526469,279.99999999999994,140.0
40.599999999999994,2.28865671243615,279.99999999999994,140.0
40.65,2.2883953567720186,279.99999999999994,140.0
40.7,2.288133727652607,279.99999999999994,140.0
40.75,2.2878718251964485,279.99999999999994,140.0
40.8,2.2876096495220755,279.99999999999994,140.0
40.849999999999994,2.2873472007480213,279.99999999999994,140.0
40.9,2.2870844789928184,279.99999999999994,140.0
40.949999999999996,2.286821484375,279.99999999999994,140.0
41.0,2.286558217013099,279.99999999999994,140.0
41.05,2.2862946770256474,279.99999999999994,140.0
41.099999999999994,2.286030864531179,279.99999999999994,140.0
41.15,2.2857667796482257,279.99999999999994,140.0
41.199999999999996,2.2855024224953215,279.99999999999994,140.0
41.25,2.285237793190999,279.99999999999994,140.0
41.300000000000004,2.28497289185379,279.99999999999994,140.0
41.349999999999994,2.2847077186022293,279.99999999999994,140.0
41.4,2.284442273554847,279.99999999999994,140.0
41.449999999999996,2.284176556830179,279.99999999999994,140.0
41.5,2.2839105685467556,279.99999999999994,140.0
41.55,2.283644308823111,279.99999999999994,140.0
41.599999999999994,2.2833777777777775,279.99999999999994,140.0
41.65,2.283110975529288,279.99999999999994,140.0
41.699999999999996,2.2828439021961766,279.99999999999994,140.0
41.75,2.2825765578969746,279.99999999999994,140.0
41.8,2.2823089427502152,279.99999999999994,140.0
41.85,2.282041056874431,279.99999999999994,140.0
41.9,2.2817729003881553,279.99999999999994,140.0
41.949999999999996,2.2815044734099215,279.99999999999994,140.0
42.0,2.281235776058261,279.99999999999994,140.0
42.05,2.280966808451708,279.99999999999994,140.0
42.1,2.280697570708795,279.99999999999994,140.0
42.15,2.280428062948054,279.99999999999994,140.0
42.199999999999996,2.2801582852880187,279.99999999999994,140.0
42.25,2.279888237847222,279.99999999999994,140.0
42.3,2.279617920744197,279.99999999999994,140.0
42.35,2.2793473340974746,279.99999999999994,140.0
42.4,2.2790764780255905,279.99999999999994,140.0
42.449999999999996,2.2788053526470753,279.99999999999994,140.0
42.49999999999999,2.278533958080463,279.99999999999994,140.0
42.55,2.278262294444286,279.99999999999994,140.0
42.6,2.277990361857078,279.99999999999994,140.0
42.65,2.27771816043737,279.99999999999994,140.0
42.7,2.277445690303697,279.99999999999994,140.0
42.74999999999999,2.27717295157459,279.99999999999994,140.0
42.8,2.2768999443685836,279.99999999999994,140.0
42.85,2.2766266688042087,279.99999999999994,140.0
42.9,2.276353125,279.99999999999994,140.0
42.95,2.276079313074489,279.99999999999994,140.0
42.99999999999999,2.2758052331462095,279.99999999999994,140.0
43.05,2.2755308853336933,279.99999999999994,140.0
43.099999999999994,2.2752562697554746,279.99999999999994,140.0
43.15,2.2749813865300847,279.99999999999994,140.0
43.2,2.2747062357760583,279.99999999999994,140.0
43.25,2.2744308176119263,279.99999999999994,140.0
43.3,2.274155132156223,279.99999999999994,140.0
43.349999999999994,2.273879179527481,279.99999999999994,140.0
43.4,2.2736029598442316,279.99999999999994,140.0
43.449999999999996,2.2733264732250102,279.99999999999994,140.0
43.5,2.2730497197883475,279.99999999999994,140.0
43.55,2.2727726996527777,279.99999999999994,140.0
43.599999999999994,2.272495412936833,279.99999999999994,140.0
43.65,2.272217859759046,279.99999999999994,140.0
43.699999999999996,2.2719400402379506,279.99999999999994,140.0
43.75,2.2716619544920786,279.99999999999994,140.0
43.800000000000004,2.2713836026399634,279.99999999999994,140.0
43.849999999999994,2.2711049848001377,279.99999999999994,140.0
43.9,2.2708261010911346,279.99999999999994,140.0
43.949999999999996,2.270546951631486,279.99999999999994,140.0
44.0,2.2702675365397256,279.99999999999994,140.0
44.05,2.2699878559343865,279.99999999999994,140.0
44.1,2.269707909934001,279.99999999999994,140.0
44.15,2.269427698657102,279.99999999999994,140.0
44.199999999999996,2.269147222222222,279.99999999999994,140.0
44.25,2.268866480747895,279.99999999999994,140.0
44.3,2.2685854743526526,279.99999999999994,140.0
44.35,2.2683042031550285,279.99999999999994,140.0
44.39999999999999,2.268022667273555,279.99999999999994,140.0
44.449999999999996,2.267740866826765,279.99999999999994,140.0
44.5,2.267458801933192,279.99999999999994,140.0
44.55,2.267176472711368,279.99999999999994,140.0
44.6,2.266893879279826,279.99999999999994,140.0
44.65,2.2666110217570994,279.99999999999994,140.0
44.699999999999996,2.2663279002617207,279.99999999999994,140.0
44.75,2.2660445149122226,279.99999999999994,140.0
44.8,2.265760865827138,279.99999999999994,140.0
44.85,2.265476953125,279.99999999999994,140.0
44.9,2.265192776924341,279.99999999999994,140.0
44.949999999999996,2.264908337343695,279.99999999999994,140.0
44.99999999999999,2.264623634501593,279.99999999999994,140.0
45.05,2.264338668516569,279.99999999999994,140.0
45.1,2.264053439507156,279.99999999999994,140.0
45.15,2.2637679475918864,279.99999999999994,140.0
45.2,2.263482192889293,279.99999999999994,140.0
45.24999999999999,2.2631961755179093,279.99999999999994,140.0
45.3,2.2629098955962674,279.99999999999994,140.0
45.349999999999994,2.2626233532429008,279.99999999999994,140.0
45.4,2.2623365485763416,279.99999999999994,140.0
45.45,2.2620494817151227,279.99999999999994,140.0
45.49999999999999,2.2617621527777776,279.99999999999994,140.0
45.55,2.261474561882839,279.99999999999994,140.0
45.599999999999994,2.2611867091488396,279.99999999999994,140.0
45.65,2.2608985946943116,279.99999999999994,140.0
45.7,2.2606102186377885,279.99999999999994,140.0
45.75,2.2603215810978035,279.99999999999994,140.0
45.8,2.260032682192889,279.99999999999994,140.0
45.849999999999994,2.2597435220415782,279.99999999999994,140.0
45.9,2.2594541007624036,279.99999999999994,140.0
45.949999999999996,2.2591644184738975,279.99999999999994,140.0
46.0,2.2588744752945935,279.99999999999994,140.0
46.050000000000004,2.2585842713430244,279.99999999999994,140.0
46.099999999999994,2.258293806737723,279.99999999999994,140.0
46.15,2.258003081597222,279.99999999999994,140.0
46.199999999999996,2.2577120960400547,279.99999999999994,140.0
46.25,2.257420850184753,279.99999999999994,140.0
46.3,2.2571293441498503,279.99999999999994,140.0
46.349999999999994,2.2568375780538803,279.99999999999994,140.0
46.4,2.2565455520153743,279.99999999999994,140.0
46.449999999999996,2.256253266152866,279.99999999999994,140.0
46.5,2.2559607205848886,279.99999999999994,140.0
46.55,2.255667915429974,279.99999999999994,140.0
46.6,2.2553748508066556,279.99999999999994,140.0
46.65,2.255081526833466,279.99999999999994,140.0
46.699999999999996,2.2547879436289384,279.99999999999994,140.0
46.75,2.254494101311605,279.99999999999994,140.0
46.8,2.2542,279.99999999999994,140.0
46.85,2.253905639812655,279.99999999999994,140.0
46.89999999999999,2.253611020868103,279.99999999999994,140.0
46.949999999999996,2.253316143284877,279.99999999999994,140.0
47.0,2.25302100718151,279.99999999999994,140.0
47.05,2.2527256126765347,279.99999999999994,140.0
47.1,2.252429959888484,279.99999999999994,140.0
47.15,2.252134048935891,279.99999999999994,140.0
47.199999999999996,2.251837879937288,279.99999999999994,140.0
47.25,2.251541453011208,279.99999999999994,140.0
47.3,2.2512447682761847,279.99999999999994,140.0
47.35,2.2509478258507496,279.99999999999994,140.0
47.4,2.2506506258534364,279.99999999999994,140.0
47.449999999999996,2.2503531684027775,279.99999999999994,140.0
47.49999999999999,2.250055453617306,279.99999999999994,140.0
47.55,2.249757481615555,279.99999999999994,140.0
47.6,2.2494592525160573,279.99999999999994,140.0
47.65,2.249160766437345,279.99999999999994,140.0
47.7,2.2488620234979515,279.99999999999994,140.0
47.74999999999999,2.24856302381641,279.99999999999994,140.0
47.8,2.2482637675112525,279.99999999999994,140.0
47.849999999999994,2.2479642547010124,279.99999999999994,140.0
47.9,2.247664485504223,279.99999999999994,140.0
47.95,2.247364460039416,279.99999999999994,140.0
48.0,2.2470641784251253,279.99999999999994,140.0
48.05,2.2467636407798826,279.99999999999994,140.0
48.099999999999994,2.246462847222222,279.99999999999994,140.0
48.15,2.2461617978706756,279.99999999999994,140.0
48.2,2.245860492843777,279.99999999999994,140.0
48.25,2.245558932260058,279.99999999999994,140.0
48.3,2.245257116238052,279.99999999999994,140.0
48.349999999999994,2.244955044896291,279.99999999999994,140.0
48.4,2.2446527183533096,279.99999999999994,140.0
48.449999999999996,2.2443501367276397,279.99999999999994,140.0
48.5,2.244047300137814,279.99999999999994,140.0
48.550000000000004,2.243744208702365,279.99999999999994,140.0
48.599999999999994,2.2434408625398268,279.99999999999994,140.0
48.65,2.243137261768731,279.99999999999994,140.0
48.699999999999996,2.242833406507611,279.99999999999994,140.0
48.75,2.242529296875,279.99999999999994,140.0
48.8,2.24222493298943,279.99999999999994,140.0
48.849999999999994,2.241920314969434,279.99999999999994,140.0
48.9,2.2416154429335458,279.99999999999994,140.0
48.949999999999996,2.241310317000297,279.99999999999994,140.0
49.0,2.2410049372882215,279.99999999999994,140.0
49.05,2.240699303915851,279.99999999999994,140.0
49.1,2.2403934170017195,279.99999999999994,140.0
49.15,2.240087276664359,279.99999999999994,140.0
49.199999999999996,2.239780883022303,279.99999999999994,140.0
49.25,2.2394742361940843,279.99999999999994,140.0
49.3,2.239167336298235,279.99999999999994,140.0
49.35,2.2388601834532884,279.99999999999994,140.0
49.39999999999999,2.2385527777777776,279.99999999999994,140.0
49.449999999999996,2.238245119390235,279.99999999999994,140.0
49.5,2.2379372084091944,279.99999999999994,140.0
49.55,2.237629044953187,279.99999999999994,140.0
49.6,2.2373206291407475,279.99999999999994,140.0
49.65,2.237011961090407,279.99999999999994,140.0
49.699999999999996,2.2367030409207,279.99999999999994,140.0
49.74999999999999,2.236393868750158,279.99999999999994,140.0
49.8,2.236084444697315,279.99999999999994,140.0
49.85,2.2357747688807024,279.99999999999994,140.0
49.9,2.235464841418854,279.99999999999994,140.0
49.949999999999996,2.2351546624303023,279.99999999999994,140.0
49.99999999999999,2.234844232033581,279.99999999999994,140.0
50.05,2.234533550347222,279.99999999999994,140.0
50.1,2.234222617489759,279.99999999999994,140.0
50.15,2.2339114335797237,279.99999999999994,140.0
50.2,2.233599998735649,279.99999999999994,140.0
50.24999999999999,2.2332883130760695,279.99999999999994,140.0
50.3,2.2329763767195163,279.99999999999994,140.0
50.349999999999994,2.232664189784523,279.99999999999994,140.0
50.4,2.232351752389622,279.99999999999994,140.0
50.45,2.2320390646533466,279.99999999999994,140.0
50.5,2.2317261266942294,279.99999999999994,140.0
50.55,2.2314129386308035,279.99999999999994,140.0
50.599999999999994,2.231099500581601,279.99999999999994,140.0
50.65,2.2307858126651556,279.99999999999994,140.0
50.699999999999996,2.2304718749999997,279.99999999999994,140.0
50.75,2.2301576877046667,279.99999999999994,140.0
50.8,2.2298432508976886,279.99999999999994,140.0
50.849999999999994,2.2295285646975986,279.99999999999994,140.0
50.9,2.2292136292229303,279.99999999999994,140.0
50.949999999999996,2.228898444592215,279.99999999999994,140.0
51.0,2.2285830109239875,279.99999999999994,140.0
51.050000000000004,2.2282673283367784,279.99999999999994,140.0
51.099999999999994,2.2279513969491225,279.99999999999994,140.0
51.15,2.2276352168795515,279.99999999999994,140.0
51.199999999999996,2.227318788246599,279.99999999999994,140.0
51.25,2.2270021111687974,279.99999999999994,140.0
51.3,2.226685185764679,279.99999999999994,140.0
51.349999999999994,2.226368012152778,279.99999999999994,140.0
51.4,2.226050590451626,279.99999999999994,140.0
51.449999999999996,2.2257329207797567,279.99999999999994,140.0
51.5,2.2254150032557023,279.99999999999994,140.0
51.55,2.2250968379979956,279.99999999999994,140.0
51.6,2.2247784251251708,279.99999999999994,140.0
51.65,2.224459764755759,279.99999999999994,140.0
51.699999999999996,2.224140857008294,279.99999999999994,140.0
51.75,2.2238217020013087,279.99999999999994,140.0
51.8,2.2235022998533354,279.99999999999994,140.0
51.85,2.223182650682907,279.99999999999994,140.0
51.89999999999999,2.222862754608557,279.99999999999994,140.0
51.949999999999996,2.2225426117488176,279.99999999999994,140.0
52.0,2.222222222222222,279.99999999999994,140.0
52.05,2.221901586147303,279.99999999999994,140.0
52.1,2.2215807036425934,279.99999999999994,140.0
52.15,2.2212595748266257,279.99999999999994,140.0
52.199999999999996,2.2209381998179336,279.99999999999994,140.0
52.24999999999999,2.220616578735049,279.99999999999994,140.0
52.3,2.2202947116965053,279.99999999999994,140.0
52.35,2.2199725988208354,279.99999999999994,140.0
52.4,2.2196502402265716,279.99999999999994,140.0
52.45,2.219327636032247,279.99999999999994,140.0
52.49999999999999,2.219004786356395,279.99999999999994,140.0
52.55,2.2186816913175478,279.99999999999994,140.0
52.599999999999994,2.218358351034239,279.99999999999994,140.0
52.65,2.2180347656249997,279.99999999999994,140.0
52.7,2.217710935208365,279.99999999999994,140.0
52.74999999999999,2.217386859902866,279.99999999999994,140.0
52.8,2.2170625398270367,279.99999999999994,140.0
52.849999999999994,2.2167379750994094,279.99999999999994,140.0
52.9,2.2164131658385173,279.99999999999994,140.0
52.95,2.2160881121628924,279.99999999999994,140.0
53.0,2.215762814191068,279.99999999999994,140.0
53.05,2.215437272041578,279.99999999999994,140.0
53.099999999999994,2.2151114858329537,279.99999999999994,140.0
53.15,2.214785455683729,279.99999999999994,140.0
53.199999999999996,2.2144591817124364,279.99999999999994,140.0
53.25,2.214132664037608,279.99999999999994,140.0
53.3,2.2138059027777777,279.99999999999994,140.0
53.349999999999994,2.213478898051478,279.99999999999994,140.0
53.4,2.2131516499772417,279.99999999999994,140.0
53.449999999999996,2.2128241586736017,279.99999999999994,140.0
53.5,2.2124964242590908,279.99999999999994,140.0
53.55,2.2121684468522416,279.99999999999994,140.0
53.599999999999994,2.2118402265715873,279.99999999999994,140.0
53.65,2.211511763535661,279.99999999999994,140.0
53.699999999999996,2.211183057862995,279.99999999999994,140.0
53.75,2.210854109672122,279.99999999999994,140.0
53.8,2.2105249190815757,279.99999999999994,140.0
53.849999999999994,2.2101954862098885,279.99999999999994,140.0
53.9,2.2098658111755927,279.99999999999994,140.0
53.949999999999996,2.2095358940972223,279.99999999999994,140.0
54.0,2.2092057350933088,279.99999999999994,140.0
54.05,2.208875334282386,279.99999999999994,140.0
54.1,2.2085446917829867,279.99999999999994,140.0
54.14999999999999,2.2082138077136437,279.99999999999994,140.0
54.199999999999996,2.207882682192889,279.99999999999994,140.0
54.25,2.2075513153392565,279.99999999999994,140.0
54.3,2.207219707271279,279.99999999999994,140.0
54.35,2.2068878581074887,279.99999999999994,140.0
54.39999999999999,2.2065557679664187,279.99999999999994,140.0
54.449999999999996,2.206223436966602,279.99999999999994,140.0
54.5,2.2058908652265714,279.99999999999994,140.0
54.55,2.2055580528648595,279.99999999999994,140.0
54.6,2.2052249999999995,279.99999999999994,140.0
54.65,2.2048917067505247,279.99999999999994,140.0
54.699999999999996,2.204558173234967,279.99999999999994,140.0
54.74999999999999,2.2042243995718596,279.99999999999994,140.0
54.8,2.2038903858797347,279.99999999999994,140.0
54.85,2.2035561322771264,279.99999999999994,140.0
54.9,2.203221638882567,279.99999999999994,140.0
54.95,2.2028869058145895,279.99999999999994,140.0
54.99999999999999,2.2025519331917263,279.99999999999994,140.0
55.05,2.20221672113251,279.99999999999994,140.0
55.099999999999994,2.201881269755474,279.99999999999994,140.0
55.15,2.201545579179152,279.99999999999994,140.0
55.2,2.2012096495220757,279.99999999999994,140.0
55.24999999999999,2.2008734809027777,279.99999999999994,140.0
55.3,2.2005370734397913,279.99999999999994,140.0
55.349999999999994,2.2002004272516498,279.99999999999994,140.0
55.4,2.1998635424568858,279.99999999999994,140.0
55.45,2.1995264191740316,279.99999999999994,140.0
55.5,2.1991890575216204,279.99999999999994,140.0
55.55,2.198851457618185,279.99999999999994,140.0
55.599999999999994,2.1985136195822585,279.99999999999994,140.0
55.65,2.1981755435323738,279.99999999999994,140.0
55.699999999999996,2.197837229587063,279.99999999999994,140.0
55.75,2.1974986778648593,279.99999999999994,140.0
55.8,2.197159888484297,279.99999999999994,140.0
55.849999999999994,2.1968208615639067,279.99999999999994,140.0
55.9,2.1964815972222222,279.99999999999994,140.0
55.949999999999996,2.1961420955777764,279.99999999999994,140.0
56.0,2.1958023567491023,279.99999999999994,140.0
56.05,2.195462380854732,279.99999999999994,140.0
56.099999999999994,2.1951221680132,279.99999999999994,140.0
56.15,2.194781718343037,279.99999999999994,140.0
56.199999999999996,2.1944410319627776,279.99999999999994,140.0
56.25,2.1941001089909533,279.99999999999994,140.0
56.3,2.1937589495460985,279.99999999999994,140.0
56.349999999999994,2.193417553746744,279.99999999999994,140.0
56.4,2.193075921711425,279.99999999999994,140.0
56.449999999999996,2.192734053558672,279.99999999999994,140.0
56.5,2.1923919494070194,279.99999999999994,140.0
56.55,2.1920496093749997,279.99999999999994,140.0
56.6,2.191707033581146,279.99999999999994,140.0
56.64999999999999,2.1913642221439904,279.99999999999994,140.0
56.699999999999996,2.1910211751820663,279.99999999999994,140.0
56.75,2.1906778928139063,279.99999999999994,140.0
56.8,2.1903343751580437,279.99999999999994,140.0
56.85,2.189990622333011,279.99999999999994,140.0
56.9,2.1896466344573406,279.99999999999994,140.0
56.949999999999996,2.189302411649566,279.99999999999994,140.0
56.99999999999999,2.1889579540282202,279.99999999999994,140.0
57.05,2.188613261711836,279.99999999999994,140.0
57.1,2.188268334818945,279.99999999999994,140.0
57.15,2.1879231734680813,279.99999999999994,140.0
57.199999999999996,2.1875777777777774,279.99999999999994,140.0
57.24999999999999,2.187232147866567,279.99999999999994,140.0
57.3,2.1868862838529814,279.99999999999994,140.0
57.35,2.1865401858555544,279.99999999999994,140.0
57.4,2.1861938539928185,279.99999999999994,140.0
57.45,2.185847288383307,279.99999999999994,140.0
57.49999999999999,2.1855004891455523,279.99999999999994,140.0
57.55,2.185153456398087,279.99999999999994,140.0
57.599999999999994,2.1848061902594447,279.99999999999994,140.0
57.65,2.1844586908481576,279.99999999999994,140.0
57.7,2.1841109582827594,279.99999999999994,140.0
57.74999999999999,2.183762992681782,279.99999999999994,140.0
57.8,2.1834147941637587,279.99999999999994,140.0
57.849999999999994,2.183066362847222,279.99999999999994,140.0
57.9,2.182717698850705,279.99999999999994,140.0
57.949999999999996,2.182368802292741,279.99999999999994,140.0
58.0,2.182019673291862,279.99999999999994,140.0
58.05,2.181670311966602,279.99999999999994,140.0
58.099999999999994,2.181320718435493,279.99999999999994,140.0
58.15,2.1809708928170672,279.99999999999994,140.0
58.199999999999996,2.180620835229859,279.99999999999994,140.0
58.25,2.1802705457924,279.99999999999994,140.0
58.3,2.1799200246232235,279.99999999999994,140.0
58.349999999999994,2.1795692718408626,279.99999999999994,140.0
58.4,2.1792182875638497,279.99999999999994,140.0
58.449999999999996,2.1788670719107177,279.99999999999994,140.0
58.5,2.1785156249999997,279.99999999999994,140.0
58.55,2.1781639469502285,279.99999999999994,140.0
58.599999999999994,2.1778120378799373,279.99999999999994,140.0
58.65,2.1774598979076583,279.99999999999994,140.0
58.699999999999996,2.1771075271519242,279.99999999999994,140.0
58.75,2.1767549257312684,279.99999999999994,140.0
58.8,2.176402093764224,279.99999999999994,140.0
58.85,2.176049031369323,279.99999999999994,140.0
58.9,2.175695738665099,279.99999999999994,140.0
58.949999999999996,2.175342215770084,279.99999999999994,140.0
59.0,2.1749884628028116,279.99999999999994,140.0
59.05,2.174634479881815,279.99999999999994,140.0
59.1,2.1742802671256256,279.99999999999994,140.0
59.14999999999999,2.1739258246527777,279.99999999999994,140.0
59.199999999999996,2.1735711525818036,279.99999999999994,140.0
59.25,2.1732162510312354,279.99999999999994,140.0
59.3,2.1728611201196073,279.99999999999994,140.0
59.35,2.1725057599654516,279.99999999999994,140.0
59.4,2.1721501706873005,279.99999999999994,140.0
59.449999999999996,2.1717943524036882,279.99999999999994,140.0
59.49999999999999,2.171438305233146,279.99999999999994,140.0
59.55,2.1710820292942077,279.99999999999994,140.0
59.6,2.1707255247054063,279.99999999999994,140.0
59.65,2.170368791585274,279.99999999999994,140.0
59.699999999999996,2.170011830052344,279.99999999999994,140.0
59.74999999999999,2.1696546402251493,279.99999999999994,140.0
59.8,2.169297222222222,279.99999999999994,140.0
59.85,2.1689395761620958,279.99999999999994,140.0
59.9,2.1685817021633036,279.99999999999994,140.0
59.95,2.168223600344377,279.99999999999994,140.0
59.99999999999999,2.1678652708238504,279.99999999999994,140.0
60.05,2.1675067137202557,279.99999999999994,140.0
60.099999999999994,2.1671479291521263,279.99999999999994,140.0
60.15,2.166788917237995,279.99999999999994,140.0
60.2,2.1664296780963936,279.99999999999994,140.0
60.24999999999999,2.166070211845857,279.99999999999994,140.0
60.3,2.1657105186049157,279.99999999999994,140.0
60.349999999999994,2.1653505984921044,279.99999999999994,140.0
60.4,2.1649904516259544,279.99999999999994,140.0
60.449999999999996,2.1646300781249996,279.99999999999994,140.0
60.5,2.1642694781077734,279.99999999999994,140.0
60.55,2.163908651692807,279.99999999999994,140.0
60.599999999999994,2.1635475989986346,279.99999999999994,140.0
60.65,2.1631863201437884,279.99999999999994,140.0
60.699999999999996,2.162824815246801,279.99999999999994,140.0
60.75,2.1624630844262063,279.99999999999994,140.0
60.8,2.1621011278005358,279.99999999999994,140.0
60.849999999999994,2.1617389454883233,279.99999999999994,140.0
60.9,2.1613765376081018,279.99999999999994,140.0
60.949999999999996,2.161013904278404,279.99999999999994,140.0
61.0,2.1606510456177617,279.99999999999994,140.0
61.04999999999999,2.160287961744709,279.99999999999994,140.0
61.099999999999994,2.159924652777778,279.99999999999994,140.0
61.15,2.1595611188355015,279.99999999999994,140.0
61.199999999999996,2.1591973600364134,279.99999999999994,140.0
61.25,2.1588333764990453,279.99999999999994,140.0
61.3,2.158469168341931,279.99999999999994,140.0
61.35,2.1581047356836027,279.99999999999994,140.0
61.4,2.1577400786425933,279.99999999999994,140.0
61.45,2.1573751973374358,279.99999999999994,140.0
61.49999999999999,2.1570100918866637,279.99999999999994,140.0
61.54999999999999,2.156644762408809,279.99999999999994,140.0
61.599999999999994,2.1562792090224043,279.99999999999994,140.0
61.64999999999999,2.155913431845983,279.99999999999994,140.0
61.699999999999996,2.155547430998078,279.99999999999994,140.0
61.75,2.1551812065972222,279.99999999999994,140.0
61.8,2.154814758761948,279.99999999999994,140.0
61.85,2.1544480876107883,279.99999999999994,140.0
61.9,2.1540811932622765,279.99999999999994,140.0
61.95,2.1537140758349453,279.99999999999994,140.0
62.0,2.153346735447327,279.99999999999994,140.0
62.050000000000004,2.1529791722179548,279.99999999999994,140.0
62.099999999999994,2.1526113862653617,279.99999999999994,140.0
62.14999999999999,2.1522433777080807,279.99999999999994,140.0
62.199999999999996,2.151875146664644,279.99999999999994,140.0
62.24999999999999,2.1515066932535842,279.99999999999994,140.0
62.3,2.151138017593435,279.99999999999994,140.0
62.349999999999994,2.15076911980273,279.99999999999994,140.0
62.4,2.1504,279.99999999999994,140.0
62.45,2.150030658303779,279.99999999999994,140.0
62.5,2.1496610948326,279.99999999999994,140.0
62.550000000000004,2.1492913097049953,279.99999999999994,140.0
62.6,2.148921303039498,279.99999999999994,140.0
62.64999999999999,2.1485510749546415,279.99999999999994,140.0
62.699999999999996,2.148180625568958,279.99999999999994,140.0
62.74999999999999,2.1478099550009797,279.99999999999994,140.0
62.8,2.147439063369241,279.99999999999994,140.0
62.849999999999994,2.1470679507922736,279.99999999999994,140.0
62.9,2.146696617388611,279.99999999999994,140.0
62.949999999999996,2.146325063276785,279.99999999999994,140.0
63.0,2.14595328857533,279.99999999999994,140.0
63.050000000000004,2.1455812934027776,279.99999999999994,140.0
63.1,2.145209077877661,279.99999999999994,140.0
63.150000000000006,2.1448366421185137,279.99999999999994,140.0
63.19999999999999,2.144463986243868,279.99999999999994,140.0
63.24999999999999,2.144091110372256,279.99999999999994,140.0
63.3,2.143718014622212,279.99999999999994,140.0
63.349999999999994,2.143344699112268,279.99999999999994,140.0
63.4,2.1429711639609565,279.99999999999994,140.0
63.449999999999996,2.1425974092868114,279.99999999999994,140.0
63.5,2.142223435208365,279.99999999999994,140.0
63.55,2.1418492418441497,279.99999999999994,140.0
63.6,2.141474829312699,279.99999999999994,140.0
63.650000000000006,2.1411001977325457,279.99999999999994,140.0
63.7,2.140725347222222,279.99999999999994,140.0
63.74999999999999,2.1403502779002617,279.99999999999994,140.0
63.79999999999999,2.139974989885197,279.99999999999994,140.0
63.849999999999994,2.139599483295561,279.99999999999994,140.0
63.89999999999999,2.1392237582498863,279.99999999999994,140.0
63.949999999999996,2.1388478148667054,279.99999999999994,140.0
64.0,2.1384716532645522,279.99999999999994,140.0
64.05,2.138095273561959,279.99999999999994,140.0
64.1,2.1377186758774593,279.99999999999994,140.0
64.15,2.1373418603295846,279.99999999999994,140.0
64.2,2.1369648270368686,279.99999999999994,140.0
64.25,2.1365875761178437,279.99999999999994,140.0
64.3,2.1362101076910434,279.99999999999994,140.0
64.35,2.135832421875,279.99999999999994,140.0
64.39999999999999,2.1354545187882463,279.99999999999994,140.0
64.44999999999999,2.135076398549316,279.99999999999994,140.0
64.5,2.134698061276741,279.99999999999994,140.0
64.55,2.1343195070890544,279.99999999999994,140.0
64.6,2.1339407361047895,279.99999999999994,140.0
64.65,2.133561748442478,279.99999999999994,140.0
64.7,2.133182544220654,279.99999999999994,140.0
64.75,2.13280312355785,279.99999999999994,140.0
64.8,2.132423486572599,279.99999999999994,140.0
64.85,2.132043633383433,279.99999999999994,140.0
64.89999999999999,2.131663564108886,279.99999999999994,140.0
64.94999999999999,2.1312832788674894,279.99999999999994,140.0
65.0,2.130902777777778,279.99999999999994,140.0
65.05,2.130522060958283,279.99999999999994,140.0
65.1,2.1301411285275376,279.99999999999994,140.0
65.14999999999999,2.1297599806040752,279.99999999999994,140.0
65.2,2.1293786173064277,279.99999999999994,140.0
65.25,2.128997038753129,279.99999999999994,140.0
65.3,2.128615245062712,279.99999999999994,140.0
65.35000000000001,2.1282332363537084,279.99999999999994,140.0
65.39999999999999,2.1278510127446517,279.99999999999994,140.0
65.44999999999999,2.1274685743540753,279.99999999999994,140.0
65.5,2.1270859213005107,279.99999999999994,140.0
65.55,2.1267030537024922,279.99999999999994,140.0
65.6,2.126319971678552,279.99999999999994,140.0
65.64999999999999,2.125936675347222,279.99999999999994,140.0
65.7,2.125553164827037,279.99999999999994,140.0
65.75,2.125169440236528,279.99999999999994,140.0
65.8,2.12478550169423,279.99999999999994,140.0
65.85,2.1244013493186733,279.99999999999994,140.0
65.9,2.124016983228392,279.99999999999994,140.0
65.94999999999999,2.1236324035419196,279.99999999999994,140.0
65.99999999999999,2.123247610377788,279.99999999999994,140.0
66.05,2.12286260385453,279.99999999999994,140.0
66.1,2.122477384090679,279.99999999999994,140.0
66.14999999999999,2.1220919512047676,279.99999999999994,140.0
66.2,2.121706305315329,279.99999999999994,140.0
66.25,2.1213204465408957,279.99999999999994,140.0
66.3,2.1209343749999996,279.99999999999994,140.0
66.35,2.1205480908111753,279.99999999999994,140.0
66.4,2.120161594092955,279.99999999999994,140.0
66.45,2.119774884963871,279.99999999999994,140.0
66.5,2.119387963542457,279.99999999999994,140.0
66.55,2.119000829947245,279.99999999999994,140.0
66.6,2.1186134842967683,279.99999999999994,140.0
66.64999999999999,2.1182259267095596,279.99999999999994,140.0
66.69999999999999,2.1178381573041523,279.99999999999994,140.0
66.75,2.1174501761990783,279.99999999999994,140.0
66.8,2.1170619835128712,279.99999999999994,140.0
66.85,2.1166735793640634,279.99999999999994,140.0
66.9,2.116284963871188,279.99999999999994,140.0
66.95,2.1158961371527774,279.99999999999994,140.0
67.0,2.1155070993273655,279.99999999999994,140.0
67.05,2.115117850513484,279.99999999999994,140.0
67.1,2.114728390829667,279.99999999999994,140.0
67.14999999999999,2.1143387203944455,279.99999999999994,140.0
67.19999999999999,2.1139488393263544,279.99999999999994,140.0
67.25,2.113558747743925,279.99999999999994,140.0
67.3,2.1131684457656905,279.99999999999994,140.0
67.35,2.112777933510184,279.99999999999994,140.0
67.39999999999999,2.112387211095939,279.99999999999994,140.0
67.45,2.1119962786414868,279.99999999999994,140.0
67.5,2.1116051362653616,279.99999999999994,140.0
67.55,2.111213784086096,279.99999999999994,140.0
67.60000000000001,2.110822222222222,279.99999999999994,140.0
67.64999999999999,2.1104304507922733,279.99999999999994,140.0
67.69999999999999,2.1100384699147825,279.99999999999994,140.0
67.75,2.1096462797082824,279.99999999999994,140.0
67.8,2.1092538802913063,279.99999999999994,140.0
67.85,2.108861271782386,279.99999999999994,140.0
67.89999999999999,2.108468454300056,279.99999999999994,140.0
67.95,2.108075427962847,279.99999999999994,140.0
68.0,2.1076821928892935,279.99999999999994,140.0
68.05,2.1072887491979277,279.99999999999994,140.0
68.10000000000001,2.106895097007283,279.99999999999994,140.0
68.15,2.106501236435891,279.99999999999994,140.0
68.19999999999999,2.106107167602286,279.99999999999994,140.0
68.24999999999999,2.1057128906249996,279.99999999999994,140.0
68.3,2.105318405622566,279.99999999999994,140.0
68.35,2.1049237127135174,279.99999999999994,140.0
68.39999999999999,2.104528812016386,279.99999999999994,140.0
68.45,2.1041337036497056,279.99999999999994,140.0
68.5,2.103738387732008,279.99999999999994,140.0
68.55,2.1033428643818275,279.99999999999994,140.0
68.6,2.1029471337176955,279.99999999999994,140.0
68.65,2.102551195858146,279.99999999999994,140.0
68.7,2.1021550509217115,279.99999999999994,140.0
68.74999999999999,2.101758699026924,279.99999999999994,140.0
68.8,2.1013621402923177,279.99999999999994,140.0
68.85,2.1009653748364245,279.99999999999994,140.0
68.89999999999999,2.100568402777778,279.99999999999994,140.0
68.94999999999999,2.1001712242349098,279.99999999999994,140.0
69.0,2.099773839326354,279.99999999999994,140.0
69.05,2.099376248170643,279.99999999999994,140.0
69.1,2.0989784508863094,279.99999999999994,140.0
69.15,2.0985804475918863,279.99999999999994,140.0
69.2,2.098182238405907,279.99999999999994,140.0
69.25,2.0977838234469033,279.99999999999994,140.0
69.3,2.0973852028334092,279.99999999999994,140.0
69.35,2.0969863766839567,279.99999999999994,140.0
69.39999999999999,2.096587345117079,279.99999999999994,140.0
69.44999999999999,2.0961881082513085,279.99999999999994,140.0
69.5,2.095788666205179,279.99999999999994,140.0
69.55,2.095389019097222,279.99999999999994,140.0
69.6,2.0949891670459717,279.99999999999994,140.0
69.65,2.09458911016996,279.99999999999994,140.0
69.7,2.0941888485877205,279.99999999999994,140.0
69.75,2.0937883824177854,279.99999999999994,140.0
69.8,2.093387711778688,279.99999999999994,140.0
69.85,2.092986836788961,279.99999999999994,140.0
69.89999999999999,2.0925857575671367,279.99999999999994,140.0
69.94999999999999,2.0921844742317495,279.99999999999994,140.0
70.0,2.09178298690133,279.99999999999994,140.0
70.05,2.0913812956944127,279.99999999999994,140.0
70.1,2.0909794007295304,279.99999999999994,140.0
70.14999999999999,2.0905773021252148,279.99999999999994,140.0
70.2,2.090175,279.99999999999994,140.0
70.25,2.089772494472418,279.99999999999994,140.0
70.3,2.0893697856610025,279.99999999999994,140.0
70.35000000000001,2.088966873684285,279.99999999999994,140.0
70.4,2.0885637586607997,279.99999999999994,140.0
70.44999999999999,2.0881604407090792,279.99999999999994,140.0
70.49999999999999,2.0877569199476556,279.99999999999994,140.0
70.55,2.0873531964950627,279.99999999999994,140.0
70.6,2.0869492704698325,279.99999999999994,140.0
70.64999999999999,2.086545141990498,279.99999999999994,140.0
70.7,2.0861408111755932,279.99999999999994,140.0
70.75,2.0857362781436493,279.99999999999994,140.0
70.8,2.0853315430132,279.99999999999994,140.0
70.85,2.0849266059027776,279.99999999999994,140.0
70.9,2.084521466930916,279.99999999999994,140.0
70.95,2.084116126216147,279.99999999999994,140.0
70.99999999999999,2.083710583877004,279.99999999999994,140.0
71.05,2.0833048400320195,279.99999999999994,140.0
71.1,2.082898894799727,279.99999999999994,140.0
71.14999999999999,2.082492748298659,279.99999999999994,140.0
71.2,2.082086400647347,279.99999999999994,140.0
71.25,2.081679851964326,279.99999999999994,140.0
71.3,2.0812731023681286,279.99999999999994,140.0
71.35,2.0808661519772857,279.99999999999994,140.0
71.4,2.080459000910332,279.99999999999994,140.0
71.45,2.0800516492858,279.99999999999994,140.0
71.5,2.0796440972222223,279.99999999999994,140.0
71.55,2.0792363448381317,279.99999999999994,140.0
71.6,2.0788283922520607,279.99999999999994,140.0
71.64999999999999,2.0784202395825426,279.99999999999994,140.0
71.69999999999999,2.0780118869481106,279.99999999999994,140.0
71.75,2.0776033344672973,279.99999999999994,140.0
71.8,2.0771945822586355,279.99999999999994,140.0
71.85,2.076785630440658,279.99999999999994,140.0
71.9,2.076376479131897,279.99999999999994,140.0
71.95,2.0759671284508863,279.99999999999994,140.0
72.0,2.0755575785161584,279.99999999999994,140.0
72.05,2.075147829446246,279.99999999999994,140.0
72.1,2.0747378813596824,279.99999999999994,140.0
72.14999999999999,2.0743277343749997,279.99999999999994,140.0
72.19999999999999,2.073917388610732,279.99999999999994,140.0
72.25,2.073506844185411,279.99999999999994,140.0
72.3,2.073096101217569,279.99999999999994,140.0
72.35,2.0726851598257414,279.99999999999994,140.0
72.39999999999999,2.0722740201284577,279.99999999999994,140.0
72.45,2.0718626822442534,279.99999999999994,140.0
72.5,2.0714511462916603,279.99999999999994,140.0
72.55,2.071039412389211,279.99999999999994,140.0
72.60000000000001,2.070627480655439,279.99999999999994,140.0
72.64999999999999,2.0702153512088772,279.99999999999994,140.0
72.69999999999999,2.069803024168057,279.99999999999994,140.0
72.75,2.069390499651514,279.99999999999994,140.0
72.8,2.0689777777777776,279.99999999999994,140.0
72.85,2.068564858665383,279.99999999999994,140.0
72.89999999999999,2.068151742432863,279.99999999999994,140.0
72.95,2.0677384291987497,279.99999999999994,140.0
73.0,2.0673249190815755,279.99999999999994,140.0
73.05,2.0669112121998743,279.99999999999994,140.0
73.10000000000001,2.066497308672179,279.99999999999994,140.0
73.15,2.0660832086170218,279.99999999999994,140.0
73.19999999999999,2.065668912152936,279.99999999999994,140.0
73.24999999999999,2.0652544193984537,279.99999999999994,140.0
73.3,2.0648397304721087,279.99999999999994,140.0
73.35,2.0644248454924328,279.99999999999994,140.0
73.39999999999999,2.0640097645779596,279.99999999999994,140.0
73.45,2.0635944878472223,279.99999999999994,140.0
73.5,2.0631790154187524,279.99999999999994,140.0
73.55,2.0627633474110842,279.99999999999994,140.0
73.6,2.0623474839427502,279.99999999999994,140.0
73.65,2.0619314251322827,279.99999999999994,140.0
73.7,2.0615151710982147,279.99999999999994,140.0
73.74999999999999,2.061098721959079,279.99999999999994,140.0
73.8,2.060682077833409,279.99999999999994,140.0
73.85,2.060265238839737,279.99999999999994,140.0
73.89999999999999,2.0598482050965967,279.99999999999994,140.0
73.94999999999999,2.059430976722519,279.99999999999994,140.0
74.0,2.059013553836039,279.99999999999994,140.0
74.05,2.058595936555688,279.99999999999994,140.0
74.1,2.058178125,279.99999999999994,140.0
74.15,2.057760119287507,279.99999999999994,140.0
74.2,2.057341919536742,279.99999999999994,140.0
74.25,2.056923525866238,279.99999999999994,140.0
74.29999999999998,2.056504938394528,279.99999999999994,140.0
74.35,2.056086157240144,279.99999999999994,140.0
74.39999999999999,2.05566718252162,279.99999999999994,140.0
74.44999999999999,2.0552480143574887,279.99999999999994,140.0
74.5,2.0548286528662825,279.99999999999994,140.0
74.55,2.0544090981665337,279.99999999999994,140.0
74.6,2.053989350376776,279.99999999999994,140.0
74.64999999999999,2.053569409615543,279.99999999999994,140.0
74.7,2.053149276001365,279.99999999999994,140.0
74.75,2.0527289496527774,279.99999999999994,140.0
74.8,2.052308430688312,279.99999999999994,140.0
74.85000000000001,2.0518877192265017,279.99999999999994,140.0
74.89999999999999,2.0514668153858797,279.99999999999994,140.0
74.94999999999999,2.0510457192849785,279.99999999999994,140.0
75.0,2.0506244310423307,279.99999999999994,140.0
75.05,2.0502029507764687,279.99999999999994,140.0
75.1,2.049781278605927,279.99999999999994,140.0
75.14999999999999,2.049359414649238,279.99999999999994,140.0
75.2,2.048937359024933,279.99999999999994,140.0
75.25,2.0485151118515463,279.99999999999994,140.0
75.3,2.04809267324761,279.99999999999994,140.0
75.35000000000001,2.047670043331658,279.99999999999994,140.0
75.4,2.047247222222222,279.99999999999994,140.0
75.44999999999999,2.0468242100378355,279.99999999999994,140.0
75.49999999999999,2.0464010068970313,279.99999999999994,140.0
75.55,2.0459776129183416,279.99999999999994,140.0
75.6,2.0455540282203,279.99999999999994,140.0
75.64999999999999,2.0451302529214392,279.99999999999994,140.0
75.7,2.044706287140292,279.99999999999994,140.0
75.75,2.0442821309953914,279.99999999999994,140.0
75.8,2.0438577846052697,279.99999999999994,140.0
75.85,2.0434332480884603,279.99999999999994,140.0
75.9,2.0430085215634954,279.99999999999994,140.0
75.95,2.042583605148909,279.99999999999994,140.0
75.99999999999999,2.0421584989632326,279.99999999999994,140.0
76.05,2.0417332031249997,279.99999999999994,140.0
76.1,2.0413077177527437,279.99999999999994,140.0
76.14999999999999,2.0408820429649963,279.99999999999994,140.0
76.19999999999999,2.0404561788802913,279.99999999999994,140.0
76.25,2.0400301256171613,279.99999999999994,140.0
76.3,2.0396038832941383,279.99999999999994,140.0
76.35,2.0391774520297563,279.99999999999994,140.0
76.4,2.0387508319425476,279.99999999999994,140.0
76.45,2.0383240231510453,279.99999999999994,140.0
76.5,2.0378970257737823,279.99999999999994,140.0
76.55,2.037469839929291,279.99999999999994,140.0
76.6,2.037042465736105,279.99999999999994,140.0
76.64999999999999,2.036614903312756,279.99999999999994,140.0
76.69999999999999,2.0361871527777775,279.99999999999994,140.0
76.75,2.035759214249703,279.99999999999994,140.0
76.8,2.035331087847064,279.99999999999994,140.0
76.85,2.0349027736883945,279.99999999999994,140.0
76.9,2.034474271892227,279.99999999999994,140.0
76.95,2.0340455825770936,279.99999999999994,140.0
77.0,2.0336167058615287,279.99999999999994,140.0
77.05,2.033187641864063,279.99999999999994,140.0
77.1,2.032758390703232,279.99999999999994,140.0
77.14999999999999,2.0323289524975663,279.99999999999994,140.0
77.19999999999999,2.0318993273655996,279.99999999999994,140.0
77.25,2.031469515425865,279.99999999999994,140.0
77.3,2.031039516796895,279.99999999999994,140.0
77.35,2.0306093315972222,279.99999999999994,140.0
77.39999999999999,2.03017895994538,279.99999999999994,140.0
77.45,2.029748401959901,279.99999999999994,140.0
77.5,2.0293176577593184,279.99999999999994,140.0
77.55,2.0288867274621643,279.99999999999994,140.0
77.60000000000001,2.0284556111869723,279.99999999999994,140.0
77.64999999999999,2.0280243090522747,279.99999999999994,140.0
77.69999999999999,2.0275928211766043,279.99999999999994,140.0
77.74999999999999,2.0271611476784948,279.99999999999994,140.0
77.8,2.0267292886764783,279.99999999999994,140.0
77.85,2.026297244289087,279.99999999999994,140.0
77.89999999999999,2.0258650146348556,279.99999999999994,140.0
77.95,2.0254325998323157,279.99999999999994,140.0
78.0,2.025,279.99999999999994,140.0
78.05,2.0245672152564422,279.99999999999994,140.0
78.1,2.024134245720174,279.99999999999994,140.0
78.15,2.0237010915097287,279.99999999999994,140.0
78.19999999999999,2.0232677527436405,279.99999999999994,140.0
78.24999999999999,2.0228342295404405,279.99999999999994,140.0
78.3,2.022400522018662,279.99999999999994,140.0
78.35,2.0219666302968378,279.99999999999994,140.0
78.39999999999999,2.0215325544935014,279.99999999999994,140.0
78.45,2.0210982947271847,279.99999999999994,140.0
78.5,2.020663851116421,279.99999999999994,140.0
78.55,2.0202292237797437,279.99999999999994,140.0
78.6,2.0197944128356844,279.99999999999994,140.0
78.65,2.019359418402778,279.99999999999994,140.0
78.7,2.0189242405995547,279.99999999999994,140.0
78.74999999999999,2.0184888795445493,279.99999999999994,140.0
78.8,2.018053335356294,279.99999999999994,140.0
78.85,2.0176176081533215,279.99999999999994,140.0
78.89999999999999,2.017181698054165,279.99999999999994,140.0
78.94999999999999,2.0167456051773565,279.99999999999994,140.0
79.0,2.0163093296414303,279.99999999999994,140.0
79.05,2.015872871564918,279.99999999999994,140.0
79.1,2.0154362310663534,279.99999999999994,140.0
79.15,2.014999408264268,279.99999999999994,140.0
79.2,2.014562403277196,279.99999999999994,140.0
79.25,2.01412521622367,279.99999999999994,140.0
79.3,2.013687847222222,279.99999999999994,140.0
79.35,2.013250296391386,279.99999999999994,140.0
79.39999999999999,2.012812563849694,279.99999999999994,140.0
79.44999999999999,2.0123746497156794,279.99999999999994,140.0
79.5,2.011936554107874,279.99999999999994,140.0
79.55,2.0114982771448124,279.99999999999994,140.0
79.6,2.011059818945026,279.99999999999994,140.0
79.64999999999999,2.0106211796270483,279.99999999999994,140.0
79.7,2.010182359309412,279.99999999999994,140.0
79.75,2.0097433581106494,279.99999999999994,140.0
79.8,2.009304176149294,279.99999999999994,140.0
79.85000000000001,2.008864813543879,279.99999999999994,140.0
79.89999999999999,2.0084252704129373,279.99999999999994,140.0
79.94999999999999,2.0079855468749996,279.99999999999994,140.0
80.0,2.0075456430486014,279.99999999999994,140.0
80.05,2.0071055590522744,279.99999999999994,140.0
80.1,2.006665295004552,279.99999999999994,140.0
80.14999999999999,2.0062248510239655,279.99999999999994,140.0
80.2,2.0057842272290496,279.99999999999994,140.0
80.25,2.0053434237383363,279.99999999999994,140.0
80.3,2.0049024406703584,279.99999999999994,140.0
80.35000000000001,2.004461278143649,279.99999999999994,140.0
80.4,2.0040199362767406,279.99999999999994,140.0
80.44999999999999,2.003578415188167,279.99999999999994,140.0
80.49999999999999,2.00313671499646,279.99999999999994,140.0
80.55,2.002694835820152,279.99999999999994,140.0
80.6,2.0022527777777777,279.99999999999994,140.0
80.64999999999999,2.0018105409878686,279.99999999999994,140.0
80.7,2.0013681255689573,279.99999999999994,140.0
80.75,2.0009255316395778,279.99999999999994,140.0
80.8,2.000482759318262,279.99999999999994,140.0
80.85,2.0000398087235434,279.99999999999994,140.0
80.9,1.9995966799739542,279.99999999999994,140.0
80.95,1.9991533731880278,279.99999999999994,140.0
80.99999999999999,1.9987098884842969,279.99999999999994,140.0
81.05,1.9982662259812942,279.99999999999994,140.0
81.1,1.9978223857975521,279.99999999999994,140.0
81.14999999999999,1.9973783680516046,279.99999999999994,140.0
81.19999999999999,1.9969341728619836,279.99999999999994,140.0
81.25,1.9964898003472222,279.99999999999994,140.0
81.3,1.9960452506258537,279.99999999999994,140.0
81.35,1.99560052381641,279.99999999999994,140.0
81.4,1.9951556200374247,279.99999999999994,140.0
81.45,1.9947105394074305,279.99999999999994,140.0
81.5,1.9942652820449602,279.99999999999994,140.0
81.54999999999998,1.993819848068547,279.99999999999994,140.0
81.6,1.9933742375967227,279.99999999999994,140.0
81.64999999999999,1.9929284507480212,279.99999999999994,140.0
81.69999999999999,1.9924824876409748,279.99999999999994,140.0
81.75,1.9920363483941166,279.99999999999994,140.0
81.8,1.9915900331259795,279.99999999999994,140.0
81.85,1.9911435419550962,279.99999999999994,140.0
81.89999999999999,1.990696875,279.99999999999994,140.0
81.95,1.990250032379223,279.99999999999994,140.0
82.0,1.9898030142112983,279.99999999999994,140.0
82.05,1.989355820614759,279.99999999999994,140.0
82.1,1.9889084517081372,279.99999999999994,140.0
82.14999999999999,1.9884609076099669,279.99999999999994,140.0
82.19999999999999,1.98801318843878,279.99999999999994,140.0
82.25,1.98756529431311,279.99999999999994,140.0
82.3,1.987117225351489,279.99999999999994,140.0
82.35,1.986668981672451,279.99999999999994,140.0
82.39999999999999,1.986220563394528,279.99999999999994,140.0
82.45,1.9857719706362524,279.99999999999994,140.0
82.5,1.985323203516158,279.99999999999994,140.0
82.55,1.9848742621527775,279.99999999999994,140.0
82.60000000000001,1.9844251466646434,279.99999999999994,140.0
82.64999999999999,1.9839758571702892,279.99999999999994,140.0
82.69999999999999,1.9835263937882464,279.99999999999994,140.0
82.74999999999999,1.9830767566370493,279.99999999999994,140.0
82.8,1.9826269458352297,279.99999999999994,140.0
82.85,1.9821769615013212,279.99999999999994,140.0
82.89999999999999,1.9817268037538562,279.99999999999994,140.0
82.95,1.9812764727113676,279.99999999999994,140.0
83.0,1.9808259684923886,279.99999999999994,140.0
83.05,1.9803752912154517,279.99999999999994,140.0
83.1,1.9799244409990897,279.99999999999994,140.0
83.15,1.9794734179618354,279.99999999999994,140.0
83.19999999999999,1.979022222222222,279.99999999999994,140.0
83.24999999999999,1.9785708538987825,279.99999999999994,140.0
83.3,1.978119313110049,279.99999999999994,140.0
83.35,1.9776675999745545,279.99999999999994,140.0
83.39999999999999,1.9772157146108331,279.99999999999994,140.0
83.44999999999999,1.9767636571374159,279.99999999999994,140.0
83.5,1.9763114276728364,279.99999999999994,140.0
83.55,1.9758590263356282,279.99999999999994,140.0
83.6,1.975406453244323,279.99999999999994,140.0
83.65,1.974953708517454,279.99999999999994,140.0
83.7,1.9745007922735547,279.99999999999994,140.0
83.75,1.974047704631157,279.99999999999994,140.0
83.8,1.9735944457087948,279.99999999999994,140.0
83.85,1.9731410156249998,279.99999999999994,140.0
83.89999999999999,1.9726874144983058,279.99999999999994,140.0
83.94999999999999,1.972233642447245,279.99999999999994,140.0
84.0,1.9717796995903503,279.99999999999994,140.0
84.05,1.9713255860461547,279.99999999999994,140.0
84.1,1.9708713019331914,279.99999999999994,140.0
84.15,1.9704168473699935,279.99999999999994,140.0
84.2,1.9699622224750921,279.99999999999994,140.0
84.25,1.969507427367022,279.99999999999994,140.0
84.3,1.9690524621643146,279.99999999999994,140.0
84.35,1.9685973269855042,279.99999999999994,140.0
84.39999999999999,1.9681420219491226,279.99999999999994,140.0
84.44999999999999,1.9676865471737026,279.99999999999994,140.0
84.5,1.9672309027777775,279.99999999999994,140.0
84.55,1.9667750888798803,279.99999999999994,140.0
84.6,1.9663191055985434,279.99999999999994,140.0
84.64999999999999,1.9658629530522995,279.99999999999994,140.0
84.7,1.9654066313596823,279.99999999999994,140.0
84.75,1.9649501406392242,279.99999999999994,140.0
84.8,1.964493481009457,279.99999999999994,140.0
84.85000000000001,1.9640366525889155,279.99999999999994,140.0
84.89999999999999,1.9635796554961311,279.99999999999994,140.0
84.94999999999999,1.9631224898496367,279.99999999999994,140.0
84.99999999999999,1.9626651557679664,279.99999999999994,140.0
85.05,1.9622076533696517,279.99999999999994,140.0
85.1,1.9617499827732259,279.99999999999994,140.0
85.14999999999999,1.961292144097222,279.99999999999994,140.0
85.2,1.960834137460173,279.99999999999994,140.0
85.25,1.960375962980611,279.99999999999994,140.0
85.3,1.9599176207770697,279.99999999999994,140.0
85.35,1.9594591109680812,279.99999999999994,140.0
85.4,1.9590004336721791,279.99999999999994,140.0
85.44999999999999,1.958541589007896,279.99999999999994,140.0
85.49999999999999,1.9580825770937642,279.99999999999994,140.0
85.55,1.9576233980483169,279.99999999999994,140.0
85.6,1.9571640519900873,279.99999999999994,140.0
85.64999999999999,1.956704539037608,279.99999999999994,140.0
85.7,1.956244859309412,279.99999999999994,140.0
85.75,1.9557850129240315,279.99999999999994,140.0
85.8,1.9553249999999998,279.99999999999994,140.0
85.85,1.9548648206558499,279.99999999999994,140.0
85.9,1.9544044750101146,279.99999999999994,140.0
85.95,1.953943963181327,279.99999999999994,140.0
85.99999999999999,1.953483285288019,279.99999999999994,140.0
86.05,1.9530224414487243,279.99999999999994,140.0
86.1,1.9525614317819755,279.99999999999994,140.0
86.14999999999999,1.9521002564063052,279.99999999999994,140.0
86.19999999999999,1.951638915440247,279.99999999999994,140.0
86.25,1.9511774090023324,279.99999999999994,140.0
86.3,1.950715737211096,279.99999999999994,140.0
86.35,1.9502539001850694,279.99999999999994,140.0
86.4,1.9497918980427853,279.99999999999994,140.0
86.45,1.9493297309027777,279.99999999999994,140.0
86.5,1.9488673988835783,279.99999999999994,140.0
86.54999999999998,1.9484049021037209,279.99999999999994,140.0
86.6,1.9479422406817377,279.99999999999994,140.0
86.64999999999999,1.9474794147361618,279.99999999999994,140.0
86.69999999999999,1.9470164243855257,279.99999999999994,140.0
86.75,1.9465532697483627,279.99999999999994,140.0
86.8,1.946089950943205,279.99999999999994,140.0
86.85,1.9456264680885864,279.99999999999994,140.0
86.89999999999999,1.9451628213030394,279.99999999999994,140.0
86.95,1.9446990107050968,279.99999999999994,140.0
87.0,1.944235036413291,279.99999999999994,140.0
87.05,1.943770898546155,279.99999999999994,140.0
87.1,1.9433065972222223,279.99999999999994,140.0
87.14999999999999,1.942842132560025,279.99999999999994,140.0
87.19999999999999,1.9423775046780964,279.99999999999994,140.0
87.25,1.9419127136949688,279.99999999999994,140.0
87.3,1.9414477597291762,279.99999999999994,140.0
87.35,1.94098264289925,279.99999999999994,140.0
87.39999999999999,1.940517363323724,279.99999999999994,140.0
87.45,1.9400519211211311,279.99999999999994,140.0
87.5,1.9395863164100033,279.99999999999994,140.0
87.55,1.9391205493088746,279.99999999999994,140.0
87.60000000000001,1.9386546199362769,279.99999999999994,140.0
87.65,1.938188528410743,279.99999999999994,140.0
87.69999999999999,1.9377222748508067,279.99999999999994,140.0
87.74999999999999,1.9372558593749998,279.99999999999994,140.0
87.8,1.9367892821018557,279.99999999999994,140.0
87.85,1.9363225431499076,279.99999999999994,140.0
87.89999999999999,1.9358556426376876,279.99999999999994,140.0
87.95,1.935388580683729,279.99999999999994,140.0
88.0,1.9349213574065645,279.99999999999994,140.0
88.05,1.9344539729247268,279.99999999999994,140.0
88.1,1.9339864273567486,279.99999999999994,140.0
88.15,1.9335187208211642,279.99999999999994,140.0
88.2,1.9330508534365045,279.99999999999994,140.0
88.24999999999999,1.932582825321303,279.99999999999994,140.0
88.3,1.932114636594093,279.99999999999994,140.0
88.35,1.9316462873734066,279.99999999999994,140.0
88.39999999999999,1.9311777777777779,279.99999999999994,140.0
88.44999999999999,1.9307091079257386,279.99999999999994,140.0
88.5,1.9302402779358216,279.99999999999994,140.0
88.55,1.9297712879265603,279.99999999999994,140.0
88.6,1.9293021380164872,279.99999999999994,140.0
88.65,1.9288328283241352,279.99999999999994,140.0
88.7,1.9283633589680373,279.99999999999994,140.0
88.75,1.927893730066726,279.99999999999994,140.0
88.79999999999998,1.9274239417387347,279.99999999999994,140.0
88.85,1.9269539941025957,279.99999999999994,140.0
88.89999999999999,1.926483887276842,279.99999999999994,140.0
88.94999999999999,1.926013621380007,279.99999999999994,140.0
89.0,1.9255431965306224,279.99999999999994,140.0
89.05,1.9250726128472224,279.99999999999994,140.0
89.1,1.9246018704483387,279.99999999999994,140.0
89.14999999999999,1.9241309694525044,279.99999999999994,140.0
89.2,1.9236599099782532,279.99999999999994,140.0
89.25,1.9231886921441173,279.99999999999994,140.0
89.3,1.9227173160686286,279.99999999999994,140.0
89.35,1.922245781870322,279.99999999999994,140.0
89.39999999999999,1.9217740896677287,279.99999999999994,140.0
89.44999999999999,1.9213022395793824,279.99999999999994,140.0
89.5,1.9208302317238155,279.99999999999994,140.0
89.55,1.9203580662195607,279.99999999999994,140.0
89.6,1.9198857431851513,279.99999999999994,140.0
89.64999999999999,1.9194132627391198,279.99999999999994,140.0
89.7,1.9189406249999998,279.99999999999994,140.0
89.75,1.9184678300863236,279.99999999999994,140.0
89.8,1.9179948781166232,279.99999999999994,140.0
89.85000000000001,1.917521769209433,279.99999999999994,140.0
89.89999999999999,1.9170485034832851,279.99999999999994,140.0
89.94999999999999,1.9165750810567128,279.99999999999994,140.0
89.99999999999999,1.9161015020482477,279.99999999999994,140.0
90.05,1.9156277665764239,279.99999999999994,140.0
90.1,1.9151538747597734,279.99999999999994,140.0
90.14999999999999,1.91467982671683,279.99999999999994,140.0
90.2,1.9142056225661255,279.99999999999994,140.0
90.25,1.9137312624261933,279.99999999999994,140.0
90.3,1.9132567464155665,279.99999999999994,140.0
90.35,1.912782074652778,279.99999999999994,140.0
90.4,1.9123072472563596,279.99999999999994,140.0
90.44999999999999,1.911832264344845,279.99999999999994,140.0
90.49999999999999,1.9113571260367672,279.99999999999994,140.0
90.55,1.9108818324506587,279.99999999999994,140.0
90.6,1.9104063837050524,279.99999999999994,140.0
90.64999999999999,1.909930779918481,279.99999999999994,140.0
90.69999999999999,1.9094550212094774,279.99999999999994,140.0
90.75,1.908979107696575,279.99999999999994,140.0
90.8,1.9085030394983058,279.99999999999994,140.0
90.85,1.9080268167332033,279.99999999999994,140.0
90.9,1.9075504395197995,279.99999999999994,140.0
90.95,1.9070739079766283,279.99999999999994,140.0
90.99999999999999,1.9065972222222223,279.99999999999994,140.0
91.05,1.9061203823751136,279.99999999999994,140.0
91.1,1.9056433885538362,279.99999999999994,140.0
91.14999999999999,1.9051662408769217,279.99999999999994,140.0
91.19999999999999,1.904688939462904,279.99999999999994,140.0
91.25,1.9042114844303153,279.99999999999994,140.0
91.3,1.9037338758976887,279.99999999999994,140.0
91.35,1.9032561139835569,279.99999999999994,140.0
91.4,1.902778198806453,279.99999999999994,140.0
91.45,1.9023001304849099,279.99999999999994,140.0
91.5,1.9018219091374602,279.99999999999994,140.0
91.54999999999998,1.9013435348826366,279.99999999999994,140.0
91.6,1.9008650078389724,279.99999999999994,140.0
91.64999999999999,1.9003863281249997,279.99999999999994,140.0
91.69999999999999,1.8999074958592526,279.99999999999994,140.0
91.75,1.8994285111602625,279.99999999999994,140.0
91.8,1.8989493741465637,279.99999999999994,140.0
91.85,1.8984700849366878,279.99999999999994,140.0
91.89999999999999,1.897990643649168,279.99999999999994,140.0
91.95,1.8975110504025374,279.99999999999994,140.0
92.0,1.8970313053153287,279.99999999999994,140.0
92.05,1.8965514085060753,279.99999999999994,140.0
92.10000000000001,1.8960713600933092,279.99999999999994,140.0
92.14999999999999,1.8955911601955637,279.99999999999994,140.0
92.19999999999999,1.8951108089313706,279.99999999999994,140.0
92.24999999999999,1.8946303064192647,279.99999999999994,140.0
92.3,1.8941496527777777,279.99999999999994,140.0
92.35,1.8936688481254422,279.99999999999994,140.0
92.39999999999999,1.8931878925807917,279.99999999999994,140.0
92.45,1.8927067862623588,279.99999999999994,140.0
92.5,1.8922255292886763,279.99999999999994,140.0
92.55,1.8917441217782773,279.99999999999994,140.0
92.6,1.891262563849694,279.99999999999994,140.0
92.65,1.8907808556214596,279.99999999999994,140.0
92.69999999999999,1.8902989972121071,279.99999999999994,140.0
92.74999999999999,1.8898169887401697,279.99999999999994,140.0
92.8,1.8893348303241795,279.99999999999994,140.0
92.85,1.8888525220826695,279.99999999999994,140.0
92.89999999999999,1.8883700641341727,279.99999999999994,140.0
92.95,1.8878874565972221,279.99999999999994,140.0
93.0,1.8874046995903504,279.99999999999994,140.0
93.05,1.8869217932320905,279.99999999999994,140.0
93.1,1.8864387376409748,279.99999999999994,140.0
93.15,1.8859555329355369,279.99999999999994,140.0
93.2,1.8854721792343094,279.99999999999994,140.0
93.24999999999999,1.884988676655825,279.99999999999994,140.0
93.3,1.8845050253186162,279.99999999999994,140.0
93.35,1.8840212253412165,279.99999999999994,140.0
93.39999999999999,1.8835372768421583,279.99999999999994,140.0
93.44999999999999,1.883053179939975,279.99999999999994,140.0
93.5,1.8825689347531989,279.99999999999994,140.0
93.55,1.8820845414003629,279.99999999999994,140.0
93.6,1.8816,279.99999999999994,140.0
93.65,1.8811153106706429,279.99999999999994,140.0
93.7,1.8806304735308248,279.99999999999994,140.0
93.75,1.880145488699078,279.99999999999994,140.0
93.79999999999998,1.8796603562939362,279.99999999999994,140.0
93.85,1.8791750764339312,279.99999999999994,140.0
93.89999999999999,1.8786896492375966,279.99999999999994,140.0
93.94999999999999,1.8782040748234652,279.99999999999994,140.0
94.0,1.8777183533100692,279.99999999999994,140.0
94.05,1.8772324848159423,279.99999999999994,140.0
94.1,1.8767464694596168,279.99999999999994,140.0
94.14999999999999,1.8762603073596256,279.99999999999994,140.0
94.2,1.8757739986345017,279.99999999999994,140.0
94.25,1.8752875434027778,279.99999999999994,140.0
94.3,1.8748009417829867,279.99999999999994,140.0
94.35,1.8743141938936616,279.99999999999994,140.0
94.39999999999999,1.8738272998533352,279.99999999999994,140.0
94.44999999999999,1.8733402597805402,279.99999999999994,140.0
94.5,1.8728530737938098,279.99999999999994,140.0
94.55,1.8723657420116764,279.99999999999994,140.0
94.6,1.8718782645526728,279.99999999999994,140.0
94.64999999999999,1.8713906415353323,279.99999999999994,140.0
94.7,1.8709028730781874,279.99999999999994,140.0
94.75,1.8704149592997714,279.99999999999994,140.0
94.8,1.869926900318616,279.99999999999994,140.0
94.85000000000001,1.8694386962532554,279.99999999999994,140.0
94.89999999999999,1.868950347222222,279.99999999999994,140.0
94.94999999999999,1.8684618533440487,279.99999999999994,140.0
94.99999999999999,1.8679732147372679,279.99999999999994,140.0
95.05,1.8674844315204127,279.99999999999994,140.0
95.1,1.8669955038120165,279.99999999999994,140.0
95.14999999999999,1.8665064317306113,279.99999999999994,140.0
95.2,1.86601721539473,279.99999999999994,140.0
95.25,1.8655278549229062,279.99999999999994,140.0
95.3,1.865038350433672,279.99999999999994,140.0
95.35,1.8645487020455607,279.99999999999994,140.0
95.4,1.864058909877105,279.99999999999994,140.0
95.44999999999999,1.8635689740468382,279.99999999999994,140.0
95.49999999999999,1.863078894673292,279.99999999999994,140.0
95.55,1.8625886718750002,279.99999999999994,140.0
95.6,1.8620983057704952,279.99999999999994,140.0
95.64999999999999,1.86160779647831,279.99999999999994,140.0
95.69999999999999,1.8611171441169778,279.99999999999994,140.0
95.75,1.8606263488050305,279.99999999999994,140.0
95.8,1.8601354106610022,279.99999999999994,140.0
95.85,1.859644329803425,279.99999999999994,140.0
95.9,1.8591531063508318,279.99999999999994,140.0
95.95,1.8586617404217556,279.99999999999994,140.0
96.0,1.8581702321347289,279.99999999999994,140.0
96.05,1.8576785816082855,279.99999999999994,140.0
96.1,1.8571867889609566,279.99999999999994,140.0
96.14999999999999,1.856694854311277,279.99999999999994,140.0
96.19999999999999,1.8562027777777779,279.99999999999994,140.0
96.25,1.8557105594789927,279.99999999999994,140.0
96.3,1.8552181995334547,279.99999999999994,140.0
96.35,1.8547256980596962,279.99999999999994,140.0
96.4,1.85423305517625,279.99999999999994,140.0
96.45,1.8537402710016497,279.99999999999994,140.0
96.5,1.8532473456544278,279.99999999999994,140.0
96.55,1.8527542792531166,279.99999999999994,140.0
96.6,1.8522610719162496,279.99999999999994,140.0
96.64999999999999,1.851767723762359,279.99999999999994,140.0
96.69999999999999,1.8512742349099782,279.99999999999994,140.0
96.75,1.8507806054776397,279.99999999999994,140.0
96.8,1.8502868355838769,279.99999999999994,140.0
96.85,1.8497929253472223,279.99999999999994,140.0
96.89999999999999,1.8492988748862085,279.99999999999994,140.0
96.95,1.8488046843193686,279.99999999999994,140.0
97.0,1.8483103537652352,279.99999999999994,140.0
97.05,1.847815883342342,279.99999999999994,140.0
97.10000000000001,1.8473212731692206,279.99999999999994,140.0
97.14999999999999,1.8468265233644048,279.99999999999994,140.0
97.19999999999999,1.8463316340464266,279.99999999999994,140.0
97.24999999999999,1.84583660533382,279.99999999999994,140.0
97.3,1.845341437345117,279.99999999999994,140.0
97.35,1.8448461301988504,279.99999999999994,140.0
97.39999999999999,1.844350684013554,279.99999999999994,140.0
97.45,1.8438550989077591,279.99999999999994,140.0
97.5,1.843359375,279.99999999999994,140.0
97.55,1.8428635124088086,279.99999999999994,140.0
97.6,1.8423675112527182,279.99999999999994,140.0
97.65,1.8418713716502615,279.99999999999994,140.0
97.69999999999999,1.8413750937199718,279.99999999999994,140.0
97.74999999999999,1.8408786775803812,279.99999999999994,140.0
97.8,1.8403821233500226,279.99999999999994,140.0
97.85,1.8398854311474293,279.99999999999994,140.0
97.89999999999999,1.8393886010911342,279.99999999999994,140.0
97.94999999999999,1.8388916332996703,279.99999999999994,140.0
98.0,1.8383945278915692,279.99999999999994,140.0
98.05,1.837897284985365,279.99999999999994,140.0
98.1,1.8373999046995901,279.99999999999994,140.0
98.15,1.8369023871527776,279.99999999999994,140.0
98.2,1.83640473246346,279.99999999999994,140.0
98.24999999999999,1.8359069407501702,279.99999999999994,140.0
98.3,1.8354090121314417,279.99999999999994,140.0
98.35,1.8349109467258065,279.99999999999994,140.0
98.39999999999999,1.8344127446517977,279.99999999999994,140.0
98.44999999999999,1.8339144060279484,279.99999999999994,140.0
98.5,1.8334159309727913,279.99999999999994,140.0
98.55,1.8329173196048587,279.99999999999994,140.0
98.6,1.8324185720426844,279.99999999999994,140.0
98.65,1.8319196884048008,279.99999999999994,140.0
98.7,1.8314206688097403,279.99999999999994,140.0
98.75,1.8309215133760368,279.99999999999994,140.0
98.79999999999998,1.8304222222222222,279.99999999999994,140.0
98.85,1.8299227954668298,279.99999999999994,140.0
98.89999999999999,1.8294232332283922,279.99999999999994,140.0
98.94999999999999,1.8289235356254425,279.99999999999994,140.0
99.0,1.8284237027765131,279.99999999999994,140.0
99.05,1.8279237348001378,279.99999999999994,140.0
99.1,1.8274236318148487,279.99999999999994,140.0
99.14999999999999,1.8269233939391785,279.99999999999994,140.0
99.2,1.8264230212916603,279.99999999999994,140.0
99.25,1.825922513990827,279.99999999999994,140.0
99.3,1.8254218721552116,279.99999999999994,140.0
99.35,1.8249210959033468,279.99999999999994,140.0
99.39999999999999,1.8244201853537654,279.99999999999994,140.0
99.44999999999999,1.823919140625,279.99999999999994,140.0
99.49999999999999,1.8234179618355841,279.99999999999994,140.0
99.55,1.8229166491040498,279.99999999999994,140.0
99.6,1.8224152025489302,279.99999999999994,140.0
99.64999999999999,1.8219136222887586,279.99999999999994,140.0
99.7,1.8214119084420677,279.99999999999994,140.0
99.75,1.8209100611273896,279.99999999999994,140.0
99.8,1.8204080804632579,279.99999999999994,140.0
99.85,1.8199059665682051,279.99999999999994,140.0
99.89999999999999,1.8194037195607646,279.99999999999994,140.0
99.94999999999999,1.8189013395594689,279.99999999999994,140.0
99.99999999999999,1.8183988266828504,279.99999999999994,140.0
100.05,1.8178961810494425,279.99999999999994,140.0
100.1,1.817393402777778,279.99999999999994,140.0
100.14999999999999,1.816890491986389,279.99999999999994,140.0
100.2,1.8163874487938094,279.99999999999994,140.0
100.25,1.815884273318572,279.99999999999994,140.0
100.3,1.8153809656792088,279.99999999999994,140.0
100.35,1.8148775259942536,279.99999999999994,140.0
100.4,1.8143739543822381,279.99999999999994,140.0
100.45,1.8138702509616964,279.99999999999994,140.0
100.49999999999999,1.8133664158511609,279.99999999999994,140.0
100.55,1.812862449169164,279.99999999999994,140.0
100.6,1.8123583510342385,279.99999999999994,140.0
100.64999999999999,1.8118541215649182,279.99999999999994,140.0
100.69999999999999,1.811349760879735,279.99999999999994,140.0
100.75,1.810845269097222,279.99999999999994,140.0
100.8,1.8103406463359122,279.99999999999994,140.0
100.85,1.8098358927143388,279.99999999999994,140.0
100.9,1.809331008351034,279.99999999999994,140.0
100.95,1.808825993364531,279.99999999999994,140.0
101.0,1.8083208478733626,279.99999999999994,140.0
101.04999999999998,1.8078155719960616,279.99999999999994,140.0
101.1,1.8073101658511608,279.99999999999994,140.0
101.14999999999999,1.8068046295571931,279.99999999999994,140.0
101.19999999999999,1.8062989632326911,279.99999999999994,140.0
101.25,1.8057931669961877,279.99999999999994,140.0
101.3,1.8052872409662164,279.99999999999994,140.0
101.35,1.8047811852613098,279.99999999999994,140.0
101.39999999999999,1.8042749999999999,279.99999999999994,140.0
101.45,1.8037686853008204,279.99999999999994,140.0
101.5,1.8032622412823038,279.99999999999994,140.0
101.55,1.8027556680629833,279.99999999999994,140.0
101.6,1.8022489657613918,279.99999999999994,140.0
101.64999999999999,1.8017421344960616,279.99999999999994,140.0
101.69999999999999,1.8012351743855257,279.99999999999994,140.0
101.75,1.8007280855483172,279.99999999999994,140.0
101.8,1.8002208681029686,279.99999999999994,140.0
101.85,1.799713522168013,279.99999999999994,140.0
101.89999999999999,1.7992060478619836,279.99999999999994,140.0
101.95,1.7986984453034125,279.99999999999994,140.0
102.0,1.798190714610833,279.99999999999994,140.0
102.05,1.797682855902778,279.99999999999994,140.0
102.10000000000001,1.7971748692977796,279.99999999999994,140.0
102.14999999999999,1.796666754914372,279.99999999999994,140.0
102.19999999999999,1.7961585128710866,279.99999999999994,140.0
102.24999999999999,1.7956501432864576,279.99999999999994,140.0
102.3,1.7951416462790166,279.99999999999994,140.0
102.35,1.7946330219672975,279.99999999999994,140.0
102.39999999999999,1.7941242704698326,279.99999999999994,140.0
102.45,1.7936153919051547,279.99999999999994,140.0
102.5,1.7931063863917966,279.99999999999994,140.0
102.55,1.792597254048292,279.99999999999994,140.0
102.6,1.7920879949931723,279.99999999999994,140.0
102.65,1.7915786093449717,279.99999999999994,140.0
102.69999999999999,1.791069097222222,279.99999999999994,140.0
102.74999999999999,1.7905594587434568,279.99999999999994,140.0
102.8,1.7900496940272086,279.99999999999994,140.0
102.85,1.7895398031920107,279.99999999999994,140.0
102.89999999999999,1.789029786356395,279.99999999999994,140.0
102.94999999999999,1.788519643638895,279.99999999999994,140.0
103.0,1.7880093751580437,279.99999999999994,140.0
103.05,1.7874989810323736,279.99999999999994,140.0
103.1,1.7869884613804174,279.99999999999994,140.0
103.15,1.786477816320709,279.99999999999994,140.0
103.2,1.7859670459717798,279.99999999999994,140.0
103.24999999999999,1.785456150452163,279.99999999999994,140.0
103.3,1.7849451298803922,279.99999999999994,140.0
103.35,1.784433984375,279.99999999999994,140.0
103.39999999999999,1.7839227140545189,279.99999999999994,140.0
103.44999999999999,1.7834113190374816,279.99999999999994,140.0
103.5,1.7828997994424216,279.99999999999994,140.0
103.55,1.782388155387871,279.99999999999994,140.0
103.6,1.7818763869923633,279.99999999999994,140.0
103.65,1.781364494374431,279.99999999999994,140.0
103.7,1.780852477652607,279.99999999999994,140.0
103.75,1.7803403369454243,279.99999999999994,140.0
103.79999999999998,1.7798280723714155,279.99999999999994,140.0
103.85,1.7793156840491136,279.99999999999994,140.0
103.89999999999999,1.7788031720970516,279.99999999999994,140.0
103.94999999999999,1.7782905366337622,279.99999999999994,140.0
104.0,1.7777777777777775,279.99999999999994,140.0
104.05,1.777264895647632,279.99999999999994,140.0
104.1,1.776751890361857,279.99999999999994,140.0
104.14999999999999,1.7762387620389861,279.99999999999994,140.0
104.2,1.7757255107975525,279.99999999999994,140.0
104.25,1.7752121367560878,279.99999999999994,140.0
104.3,1.774698640033126,279.99999999999994,140.0
104.35,1.7741850207471994,279.99999999999994,140.0
104.39999999999999,1.7736712790168412,279.99999999999994,140.0
104.44999999999999,1.7731574149605838,279.99999999999994,140.0
104.49999999999999,1.7726434286969606,279.99999999999994,140.0
104.55,1.7721293203445037,279.99999999999994,140.0
104.6,1.7716150900217469,279.99999999999994,140.0
104.64999999999999,1.7711007378472223,279.99999999999994,140.0
104.7,1.770586263939463,279.99999999999994,140.0
104.75,1.7700716684170017,279.99999999999994,140.0
104.8,1.7695569513983713,279.99999999999994,140.0
104.85,1.7690421130021052,279.99999999999994,140.0
104.9,1.768527153346735,279.99999999999994,140.0
104.94999999999999,1.7680120725507953,279.99999999999994,140.0
104.99999999999999,1.7674968707328174,279.99999999999994,140.0
105.05,1.7669815480113351,279.99999999999994,140.0
105.1,1.7664661045048806,279.99999999999994,140.0
105.14999999999999,1.765950540331987,279.99999999999994,140.0
105.19999999999999,1.765434855611187,279.99999999999994,140.0
105.25,1.7649190504610137,279.99999999999994,140.0
105.3,1.7644031249999996,279.99999999999994,140.0
105.35,1.7638870793466783,279.99999999999994,140.0
105.4,1.763370913619582,279.99999999999994,140.0
105.45,1.7628546279372437,279.99999999999994,140.0
105.49999999999999,1.7623382224181967,279.99999999999994,140.0
105.55,1.7618216971809728,279.99999999999994,140.0
105.6,1.7613050523441056,279.99999999999994,140.0
105.64999999999999,1.7607882880261276,279.99999999999994,140.0
105.69999999999999,1.7602714043455725,279.99999999999994,140.0
105.75,1.7597544014209716,279.99999999999994,140.0
105.8,1.7592372793708593,279.99999999999994,140.0
105.85,1.7587200383137676,279.99999999999994,140.0
105.9,1.7582026783682292,279.99999999999994,140.0
105.95,1.7576851996527776,279.99999999999994,140.0
106.0,1.7571676022859455,279.99999999999994,140.0
106.04999999999998,1.7566498863862656,279.99999999999994,140.0
106.1,1.7561320520722705,279.99999999999994,140.0
106.14999999999999,1.7556140994624931,279.99999999999994,140.0
106.19999999999999,1.7550960286754669,279.99999999999994,140.0
106.25,1.7545778398297236,279.99999999999994,140.0
106.3,1.7540595330437971,279.99999999999994,140.0
106.35,1.7535411084362198,279.99999999999994,140.0
106.39999999999999,1.7530225661255248,279.99999999999994,140.0
106.45,1.7525039062302443,279.99999999999994,140.0
106.5,1.7519851288689121,279.99999999999994,140.0
106.55,1.7514662341600602,279.99999999999994,140.0
106.6,1.7509472222222222,279.99999999999994,140.0
106.64999999999999,1.7504280931739302,279.99999999999994,140.0
106.69999999999999,1.7499088471337176,279.99999999999994,140.0
106.74999999999999,1.749389484220117,279.99999999999994,140.0
106.8,1.7488700045516612,279.99999999999994,140.0
106.85,1.7483504082468835,279.99999999999994,140.0
106.89999999999999,1.747830695424316,279.99999999999994,140.0
106.95,1.7473108662024919,279.99999999999994,140.0
107.0,1.7467909206999443,279.99999999999994,140.0
107.05,1.7462708590352056,279.99999999999994,140.0
107.1,1.7457506813268093,279.99999999999994,140.0
107.14999999999999,1.7452303876932875,279.99999999999994,140.0
107.19999999999999,1.7447099782531736,279.99999999999994,140.0
107.24999999999999,1.744189453125,279.99999999999994,140.0
107.3,1.7436688124273,279.99999999999994,140.0
107.35,1.7431480562786057,279.99999999999994,140.0
107.39999999999999,1.742627184797451,279.99999999999994,140.0
107.45,1.742106198102368,279.99999999999994,140.0
107.5,1.74158509631189,279.99999999999994,140.0
107.55,1.7410638795445492,279.99999999999994,140.0
107.6,1.7405425479188792,279.99999999999994,140.0
107.65,1.7400211015534124,279.99999999999994,140.0
107.69999999999999,1.7394995405666818,279.99999999999994,140.0
107.74999999999999,1.73897786507722,279.99999999999994,140.0
107.8,1.7384560752035605,279.99999999999994,140.0
107.85,1.7379341710642353,279.99999999999994,140.0
107.89999999999999,1.737412152777778,279.99999999999994,140.0
107.94999999999999,1.7368900204627207,279.99999999999994,140.0
108.0,1.736367774237597,279.99999999999994,140.0
108.05,1.7358454142209387,279.99999999999994,140.0
108.1,1.73532294053128,279.99999999999994,140.0
108.15,1.7348003532871528,279.99999999999994,140.0
108.2,1.7342776526070902,279.99999999999994,140.0
108.24999999999999,1.7337548386096253,279.99999999999994,140.0
108.29999999999998,1.7332319114132908,279.99999999999994,140.0
108.35,1.7327088711366194,279.99999999999994,140.0
108.39999999999999,1.732185717898144,279.99999999999994,140.0
108.44999999999999,1.7316624518163972,279.99999999999994,140.0
108.5,1.731139073009912,279.99999999999994,140.0
108.55,1.7306155815972222,279.99999999999994,140.0
108.6,1.7300919776968593,279.99999999999994,140.0
108.64999999999999,1.7295682614273566,279.99999999999994,140.0
108.7,1.7290444329072472,279.99999999999994,140.0
108.75,1.7285204922550637,279.99999999999994,140.0
108.79999999999998,1.7279964395893392,279.99999999999994,140.0
108.85,1.7274722750286058,279.99999999999994,140.0
108.89999999999999,1.7269479986913974,279.99999999999994,140.0
108.94999999999999,1.7264236106962463,279.99999999999994,140.0
109.0,1.725899111161685,279.99999999999994,140.0
109.05,1.725374500206247,279.99999999999994,140.0
109.1,1.724849777948465,279.99999999999994,140.0
109.14999999999999,1.724324944506872,279.99999999999994,140.0
109.2,1.7238000000000002,279.99999999999994,140.0
109.25,1.7232749445463829,279.99999999999994,140.0
109.3,1.7227497782645524,279.99999999999994,140.0
109.35000000000001,1.7222245012730426,279.99999999999994,140.0
109.39999999999999,1.7216991136903859,279.99999999999994,140.0
109.44999999999999,1.721173615635115,279.99999999999994,140.0
109.49999999999999,1.7206480072257626,279.99999999999994,140.0
109.55,1.7201222885808616,279.99999999999994,140.0
109.6,1.719596459818945,279.99999999999994,140.0
109.64999999999999,1.719070521058546,279.99999999999994,140.0
109.7,1.7185444724181966,279.99999999999994,140.0
109.75,1.71801831401643,279.99999999999994,140.0
109.8,1.71749204597178,279.99999999999994,140.0
109.85,1.7169656684027774,279.99999999999994,140.0
109.9,1.7164391814279572,279.99999999999994,140.0
109.94999999999999,1.7159125851658512,279.99999999999994,140.0
109.99999999999999,1.715385879734992,279.99999999999994,140.0
110.05,1.714859065253913,279.99999999999994,140.0
110.1,1.7143321418411472,279.99999999999994,140.0
110.14999999999999,1.7138051096152265,279.99999999999994,140.0
110.19999999999999,1.7132779686946846,279.99999999999994,140.0
110.25,1.712750719198054,279.99999999999994,140.0
110.3,1.7122233612438675,279.99999999999994,140.0
110.35,1.7116958949506587,279.99999999999994,140.0
110.4,1.7111683204369597,279.99999999999994,140.0
110.45,1.710640637821303,279.99999999999994,140.0
110.49999999999999,1.7101128472222222,279.99999999999994,140.0
110.55,1.7095849487582497,279.99999999999994,140.0
110.6,1.7090569425479192,279.99999999999994,140.0
110.64999999999999,1.7085288287097622,279.99999999999994,140.0
110.69999999999999,1.7080006073623124,279.99999999999994,140.0
110.75,1.7074722786241021,279.99999999999994,140.0
110.8,1.7069438426136652,279.99999999999994,140.0
110.85,1.7064152994495334,279.99999999999994,140.0
110.9,1.7058866492502405,279.99999999999994,140.0
110.95,1.7053578921343182,279.99999999999994,140.0
111.0,1.7048290282203005,279.99999999999994,140.0
111.04999999999998,1.7043000576267195,279.99999999999994,140.0
111.1,1.7037709804721084,279.99999999999994,140.0
111.14999999999999,1.703241796875,279.99999999999994,140.0
111.19999999999999,1.702712506953927,279.99999999999994,140.0
111.25,1.7021831108274226,279.99999999999994,140.0
111.3,1.701653608614019,279.99999999999994,140.0
111.35,1.7011240004322494,279.99999999999994,140.0
111.39999999999999,1.7005942864006474,279.99999999999994,140.0
111.45,1.7000644666377445,279.99999999999994,140.0
111.5,1.6995345412620741,279.99999999999994,140.0
111.55,1.6990045103921696,279.99999999999994,140.0
111.6,1.6984743741465638,279.99999999999994,140.0
111.64999999999999,1.6979441326437883,279.99999999999994,140.0
111.69999999999999,1.697413786002377,279.99999999999994,140.0
111.74999999999999,1.6968833343408622,279.99999999999994,140.0
111.8,1.6963527777777776,279.99999999999994,140.0
111.85,1.6958221164316556,279.99999999999994,140.0
111.89999999999999,1.6952913504210285,279.99999999999994,140.0
111.95,1.69476047986443,279.99999999999994,140.0
112.0,1.6942295048803924,279.99999999999994,140.0
112.05,1.6936984255874488,279.99999999999994,140.0
112.1,1.693167242104132,279.99999999999994,140.0
112.14999999999999,1.6926359545489746,279.99999999999994,140.0
112.19999999999999,1.6921045630405096,279.99999999999994,140.0
112.24999999999999,1.6915730676972704,279.99999999999994,140.0
112.3,1.6910414686377886,279.99999999999994,140.0
112.35,1.6905097659805985,279.99999999999994,140.0
112.39999999999999,1.6899779598442322,279.99999999999994,140.0
112.44999999999999,1.689446050347222,279.99999999999994,140.0
112.5,1.6889140376081022,279.99999999999994,140.0
112.55,1.688381921745404,279.99999999999994,140.0
112.6,1.6878497028776613,279.99999999999994,140.0
112.65,1.687317381123407,279.99999999999994,140.0
112.69999999999999,1.6867849566011732,279.99999999999994,140.0
112.74999999999999,1.6862524294294936,279.99999999999994,140.0
112.8,1.6857197997269002,279.99999999999994,140.0
112.85,1.6851870676119267,279.99999999999994,140.0
112.89999999999999,1.6846542332031051,279.99999999999994,140.0
112.94999999999999,1.6841212966189691,279.99999999999994,140.0
113.0,1.683588257978051,279.99999999999994,140.0
113.05,1.6830551173988837,279.99999999999994,140.0
113.1,1.6825218749999997,279.99999999999994,140.0
113.15,1.6819885308999332,279.99999999999994,140.0
113.2,1.6814550852172154,279.99999999999994,140.0
113.25,1.6809215380703801,279.99999999999994,140.0
113.29999999999998,1.6803878895779596,279.99999999999994,140.0
113.35,1.6798541398584876,279.99999999999994,140.0
113.39999999999999,1.679320289030496,279.99999999999994,140.0
113.44999999999999,1.6787863372125182,279.99999999999994,140.0
113.5,1.6782522845230872,279.99999999999994,140.0
113.55,1.6777181310807352,279.99999999999994,140.0
113.6,1.677183877003995,279.99999999999994,140.0
113.64999999999999,1.6766495224114004,279.99999999999994,140.0
113.7,1.6761150674214838,279.99999999999994,140.0
113.75,1.675580512152778,279.99999999999994,140.0
113.8,1.6750458567238151,279.99999999999994,140.0
113.85,1.674511101253129,279.99999999999994,140.0
113.89999999999999,1.6739762458592526,279.99999999999994,140.0
113.94999999999999,1.6734412906607181,279.99999999999994,140.0
113.99999999999999,1.6729062357760582,279.99999999999994,140.0
114.05,1.6723710813238066,279.99999999999994,140.0
114.1,1.6718358274224951,279.99999999999994,140.0
114.14999999999999,1.6713004741906579,279.99999999999994,140.0
114.2,1.6707650217468266,279.99999999999994,140.0
114.25,1.6702294702095344,279.99999999999994,140.0
114.3,1.6696938196973141,279.99999999999994,140.0
114.35,1.6691580703286995,279.99999999999994,140.0
114.39999999999999,1.6686222222222222,279.99999999999994,140.0
114.44999999999999,1.6680862754964156,279.99999999999994,140.0
114.49999999999999,1.6675502302698124,279.99999999999994,140.0
114.55,1.6670140866609453,279.99999999999994,140.0
114.6,1.666477844788348,279.99999999999994,140.0
114.64999999999999,1.665941504770552,279.99999999999994,140.0
114.7,1.665405066726091,279.99999999999994,140.0
114.75,1.664868530773498,279.99999999999994,140.0
114.8,1.6643318970313052,279.99999999999994,140.0
114.85,1.6637951656180459,279.99999999999994,140.0
114.9,1.6632583366522529,279.99999999999994,140.0
114.94999999999999,1.6627214102524592,279.99999999999994,140.0
114.99999999999999,1.6621843865371972,279.99999999999994,140.0
115.05,1.6616472656249999,279.99999999999994,140.0
115.1,1.6611100476344003,279.99999999999994,140.0
115.14999999999999,1.6605727326839312,279.99999999999994,140.0
115.19999999999999,1.6600353208921257,279.99999999999994,140.0
115.25,1.659497812377516,279.99999999999994,140.0
115.3,1.6589602072586354,279.99999999999994,140.0
115.35,1.6584225056540167,279.99999999999994,140.0
115.4,1.6578847076821928,279.99999999999994,140.0
115.45,1.6573468134616962,279.99999999999994,140.0
115.49999999999999,1.6568088231110607,279.99999999999994,140.0
115.54999999999998,1.6562707367488179,279.99999999999994,140.0
115.6,1.6557325544935013,279.99999999999994,140.0
115.64999999999999,1.6551942764636438,279.99999999999994,140.0
115.69999999999999,1.6546559027777779,279.99999999999994,140.0
115.75,1.6541174335544364,279.99999999999994,140.0
115.8,1.6535788689121527,279.99999999999994,140.0
115.85,1.6530402089694596,279.99999999999994,140.0
115.89999999999999,1.6525014538448892,279.99999999999994,140.0
115.95,1.6519626036569752,279.99999999999994,140.0
116.0,1.65142365852425,279.99999999999994,140.0
116.04999999999998,1.650884618565247,279.99999999999994,140.0
116.1,1.6503454838984983,279.99999999999994,140.0
116.14999999999999,1.6498062546425367,279.99999999999994,140.0
116.19999999999999,1.6492669309158954,279.99999999999994,140.0
116.25,1.6487275128371075,279.99999999999994,140.0
116.3,1.6481880005247054,279.99999999999994,140.0
116.35,1.6476483940972224,279.99999999999994,140.0
116.39999999999999,1.6471086936731907,279.99999999999994,140.0
116.45,1.6465688993711438,279.99999999999994,140.0
116.5,1.6460290113096139,279.99999999999994,140.0
116.55,1.6454890296071347,279.99999999999994,140.0
116.6,1.6449489543822384,279.99999999999994,140.0
116.64999999999999,1.6444087857534582,279.99999999999994,140.0
116.69999999999999,1.6438685238393262,279.99999999999994,140.0
116.74999999999999,1.6433281687583763,279.99999999999994,140.0
116.8,1.6427877206291408,279.99999999999994,140.0
116.85,1.6422471795701525,279.99999999999994,140.0
116.89999999999999,1.6417065456999442,279.99999999999994,140.0
116.95,1.641165819137049,279.99999999999994,140.0
117.0,1.6406249999999998,279.99999999999994,140.0
117.05,1.6400840884073296,279.99999999999994,140.0
117.1,1.6395430844775702,279.99999999999994,140.0
117.14999999999999,1.639001988329256,279.99999999999994,140.0
117.19999999999999,1.6384608000809182,279.99999999999994,140.0
117.24999999999999,1.637919519851091,279.99999999999994,140.0
117.3,1.6373781477583067,279.99999999999994,140.0
117.35,1.6368366839210984,279.99999999999994,140.0
117.39999999999999,1.6362951284579983,279.99999999999994,140.0
117.44999999999999,1.6357534814875399,279.99999999999994,140.0
117.5,1.6352117431282556,279.99999999999994,140.0
117.55,1.6346699134986786,279.99999999999994,140.0
117.6,1.6341279927173418,279.99999999999994,140.0
117.65,1.6335859809027777,279.99999999999994,140.0
117.7,1.6330438781735195,279.99999999999994,140.0
117.74999999999999,1.6325016846480997,279.99999999999994,140.0
117.8,1.6319594004450513,279.99999999999994,140.0
117.85,1.6314170256829075,279.99999999999994,140.0
117.89999999999999,1.6308745604802,279.99999999999994,140.0
117.94999999999999,1.6303320049554633,279.99999999999994,140.0
118.0,1.6297893592272288,279.99999999999994,140.0
118.05,1.6292466234140304,279.99999999999994,140.0
118.1,1.6287037976344003,279.99999999999994,140.0
118.15,1.6281608820068714,279.99999999999994,140.0
118.2,1.627617876649977,279.99999999999994,140.0
118.25,1.6270747816822497,279.99999999999994,140.0
118.29999999999998,1.6265315972222223,279.99999999999994,140.0
118.35,1.6259883233884274,279.99999999999994,140.0
118.39999999999999,1.6254449602993981,279.99999999999994,140.0
118.44999999999999,1.624901508073667,279.99999999999994,140.0
118.5,1.6243579668297679,279.99999999999994,140.0
118.55,1.6238143366862325,279.99999999999994,140.0
118.6,1.6232706177615943,279.99999999999994,140.0
118.64999999999999,1.6227268101743857,279.99999999999994,140.0
118.7,1.6221829140431396,279.99999999999994,140.0
118.75,1.6216389294863895,279.99999999999994,140.0
118.8,1.6210948566226673,279.99999999999994,140.0
118.85,1.6205506955705065,279.99999999999994,140.0
118.89999999999999,1.6200064464484396,279.99999999999994,140.0
118.94999999999999,1.6194621093750003,279.99999999999994,140.0
118.99999999999999,1.61891768446872,279.99999999999994,140.0
119.05,1.6183731718481325,279.99999999999994,140.0
119.1,1.6178285716317706,279.99999999999994,140.0
119.14999999999999,1.6172838839381671,279.99999999999994,140.0
119.2,1.6167391088858545,279.99999999999994,140.0
119.25,1.6161942465933659,279.99999999999994,140.0
119.3,1.6156492971792342,279.99999999999994,140.0
119.35,1.615104260761992,279.99999999999994,140.0
119.39999999999999,1.614559137460173,279.99999999999994,140.0
119.44999999999999,1.6140139273923089,279.99999999999994,140.0
119.49999999999999,1.6134686306769332,279.99999999999994,140.0
119.55,1.6129232474325788,279.99999999999994,140.0
119.6,1.6123777777777777,279.99999999999994,140.0
119.64999999999999,1.6118322218310637,279.99999999999994,140.0
119.7,1.6112865797109692,279.99999999999994,140.0
119.75,1.6107408515360273,279.99999999999994,140.0
119.8,1.610195037424771,279.99999999999994,140.0
119.85,1.6096491374957327,279.99999999999994,140.0
119.9,1.6091031518674455,279.99999999999994,140.0
119.94999999999999,1.6085570806584422,279.99999999999994,140.0
119.99999999999999,1.6080109239872553,279.99999999999994,140.0
120.05,1.6074646819724183,279.99999999999994,140.0
120.1,1.6069183547324637,279.99999999999994,140.0
120.14999999999999,1.6063719423859242,279.99999999999994,140.0
120.19999999999999,1.6058254450513323,279.99999999999994,140.0
120.25,1.6052788628472223,279.99999999999994,140.0
120.3,1.6047321958921255,279.99999999999994,140.0
120.35,1.6041854443045753,279.99999999999994,140.0
120.4,1.6036386082031049,279.99999999999994,140.0
120.45,1.603091687706247,279.99999999999994,140.0
120.49999999999999,1.6025446829325345,279.99999999999994,140.0
120.54999999999998,1.6019975940004993,279.99999999999994,140.0
120.6,1.6014504210286757,279.99999999999994,140.0
120.64999999999999,1.600903164135595,279.99999999999994,140.0
120.69999999999999,1.6003558234397917,279.99999999999994,140.0
120.75,1.5998083990597973,279.99999999999994,140.0
120.8,1.5992608911141455,279.99999999999994,140.0
120.85,1.5987132997213684,279.99999999999994,140.0
120.89999999999999,1.5981656249999998,279.99999999999994,140.0
120.95,1.5976178670685721,279.99999999999994,140.0
121.0,1.5970700260456179,279.99999999999994,140.0
121.04999999999998,1.59652210204967,279.99999999999994,140.0
121.1,1.5959740951992618,279.99999999999994,140.0
121.14999999999999,1.5954260056129255,279.99999999999994,140.0
121.19999999999999,1.5948778334091944,279.99999999999994,140.0
121.24999999999999,1.594329578706601,279.99999999999994,140.0
121.3,1.593781241623679,279.99999999999994,140.0
121.35,1.5932328222789598,279.99999999999994,140.0
121.39999999999999,1.5926843207909775,279.99999999999994,140.0
121.45,1.5921357372782645,279.99999999999994,140.0
121.5,1.5915870718593534,279.99999999999994,140.0
121.55,1.5910383246527777,279.99999999999994,140.0
121.6,1.5904894957770699,279.99999999999994,140.0
121.64999999999999,1.5899405853507622,279.99999999999994,140.0
121.69999999999999,1.5893915934923883,279.99999999999994,140.0
121.74999999999999,1.588842520320481,279.99999999999994,140.0
121.8,1.5882933659535727,279.99999999999994,140.0
121.85,1.5877441305101967,279.99999999999994,140.0
121.89999999999999,1.5871948141088856,279.99999999999994,140.0
121.95,1.5866454168681723,279.99999999999994,140.0
122.0,1.5860959389065898,279.99999999999994,140.0
122.05,1.5855463803426704,279.99999999999994,140.0
122.09999999999998,1.5849967412949477,279.99999999999994,140.0
122.14999999999999,1.584447021881954,279.99999999999994,140.0
122.19999999999999,1.583897222222222,279.99999999999994,140.0
122.24999999999999,1.5833473424342854,279.99999999999994,140.0
122.3,1.5827973826366764,279.99999999999994,140.0
122.35,1.5822473429479278,279.99999999999994,140.0
122.39999999999999,1.5816972234865725,279.99999999999994,140.0
122.44999999999999,1.5811470243711436,279.99999999999994,140.0
122.5,1.5805967457201737,279.99999999999994,140.0
122.55,1.5800463876521964,279.99999999999994,140.0
122.6,1.579495950285743,279.99999999999994,140.0
122.65,1.5789454337393478,279.99999999999994,140.0
122.7,1.578394838131543,279.99999999999994,140.0
122.75,1.5778441635808615,279.99999999999994,140.0
122.8,1.577293410205836,279.99999999999994,140.0
122.85000000000001,1.5767425781249997,279.99999999999994,140.0
122.9,1.5761916674568854,279.99999999999994,140.0
122.95,1.5756406783200259,279.99999999999994,140.0
122.99999999999999,1.5750896108329544,279.99999999999994,140.0
123.04999999999998,1.5745384651142025,279.99999999999994,140.0
123.09999999999998,1.5739872412823042,279.99999999999994,140.0
123.14999999999999,1.5734359394557917,279.99999999999994,140.0
123.19999999999999,1.5728845597531989,279.99999999999994,140.0
123.24999999999999,1.5723331022930576,279.99999999999994,140.0
123.29999999999998,1.5717815671939008,279.99999999999994,140.0
123.35,1.5712299545742616,279.99999999999994,140.0
123.39999999999999,1.5706782645526727,279.99999999999994,140.0
123.44999999999999,1.5701264972476672,279.99999999999994,140.0
123.5,1.5695746527777779,279.99999999999994,140.0
123.55,1.5690227312615372,279.99999999999994,140.0
123.6,1.5684707328174783,279.99999999999994,140.0
123.64999999999999,1.5679186575641342,279.99999999999994,140.0
123.7,1.5673665056200374,279.99999999999994,140.0
123.75,1.566814277103721,279.99999999999994,140.0
123.8,1.5662619721337177,279.99999999999994,140.0
123.85000000000001,1.56570959082856,279.99999999999994,140.0
123.9,1.5651571333067817,279.99999999999994,140.0
123.95,1.564604599686915,279.99999999999994,140.0
124.0,1.5640519900874932,279.99999999999994,140.0
124.05000000000001,1.563499304627048,279.99999999999994,140.0
124.10000000000001,1.5629465434241134,279.99999999999994,140.0
124.14999999999998,1.562393706597222,279.99999999999994,140.0
124.19999999999999,1.5618407942649069,279.99999999999994,140.0
124.24999999999999,1.5612878065457,279.99999999999994,140.0
124.29999999999998,1.560734743558135,279.99999999999994,140.0
124.34999999999998,1.5601816054207445,279.99999999999994,140.0
124.39999999999999,1.5596283922520608,279.99999999999994,140.0
124.44999999999999,1.559075104170618,279.99999999999994,140.0
124.49999999999999,1.5585217412949477,279.99999999999994,140.0
124.55,1.5579683037435834,279.99999999999994,140.0
124.6,1.557414791635058,279.99999999999994,140.0
124.64999999999999,1.556861205087904,279.99999999999994,140.0
124.69999999999999,1.5563075442206544,279.99999999999994,140.0
124.75,1.5557538091518421,279.99999999999994,140.0
124.8,1.5551999999999997,279.99999999999994,140.0
124.85,1.5546461168836607,279.99999999999994,140.0
124.9,1.5540921599213573,279.99999999999994,140.0
124.95,1.5535381292316224,279.99999999999994,140.0
125.0,1.5529840249329891,279.99999999999994,140.0
125.05,1.5524298471439903,279.99999999999994,140.0
125.10000000000001,1.5518755959831587,279.99999999999994,140.0
125.15,1.551321271569027,279.99999999999994,140.0
125.2,1.5507668740201281,279.99999999999994,140.0
125.24999999999999,1.5502124034549953,279.99999999999994,140.0
125.29999999999998,1.5496578599921609,279.99999999999994,140.0
125.34999999999998,1.5491032437501582,279.99999999999994,140.0
125.39999999999999,1.5485485548475195,279.99999999999994,140.0
125.44999999999999,1.5479937934027777,279.99999999999994,140.0
125.49999999999999,1.5474389595344664,279.99999999999994,140.0
125.54999999999998,1.5468840533611177,279.99999999999994,140.0
125.6,1.5463290750012644,279.99999999999994,140.0
125.64999999999999,1.54577402457344,279.99999999999994,140.0
125.69999999999999,1.5452189021961769,279.99999999999994,140.0
125.75,1.5446637079880077,279.99999999999994,140.0
125.8,1.5441084420674656,279.99999999999994,140.0
125.85,1.5435531045530837,279.99999999999994,140.0
125.89999999999999,1.5429976955633946,279.99999999999994,140.0
125.95,1.5424422152169308,279.99999999999994,140.0
126.0,1.5418866636322257,279.99999999999994,140.0
126.05,1.5413310409278116,279.99999999999994,140.0
126.10000000000001,1.540775347222222,279.99999999999994,140.0
126.15,1.5402195826339895,279.99999999999994,140.0
126.2,1.5396637472816463,279.99999999999994,140.0
126.25,1.5391078412837267,279.99999999999994,140.0
126.30000000000001,1.538551864758762,279.99999999999994,140.0
126.34999999999998,1.5379958178252857,279.99999999999994,140.0
126.39999999999998,1.5374397006018308,279.99999999999994,140.0
126.44999999999999,1.53688351320693,279.99999999999994,140.0
126.49999999999999,1.5363272557591159,279.99999999999994,140.0
126.54999999999998,1.535770928376922,279.99999999999994,140.0
126.6,1.5352145311788805,279.99999999999994,140.0
126.64999999999999,1.5346580642835244,279.99999999999994,140.0
126.69999999999999,1.5341015278093866,279.99999999999994,140.0
126.74999999999999,1.533544921875,279.99999999999994,140.0
126.8,1.5329882465988973,279.99999999999994,140.0
126.85,1.532431502099612,279.99999999999994,140.0
126.89999999999999,1.5318746884956758,279.99999999999994,140.0
126.95,1.5313178059056225,279.99999999999994,140.0
127.0,1.5307608544479845,279.99999999999994,140.0
127.05,1.5302038342412947,279.99999999999994,140.0
127.1,1.5296467454040863,279.99999999999994,140.0
127.15,1.5290895880548918,279.99999999999994,140.0
127.2,1.528532362312244,279.99999999999994,140.0
127.25,1.5279750682946758,279.99999999999994,140.0
127.30000000000001,1.52741770612072,279.99999999999994,140.0
127.35000000000001,1.5268602759089096,279.99999999999994,140.0
127.4,1.5263027777777778,279.99999999999994,140.0
127.44999999999997,1.5257452118458568,279.99999999999994,140.0
127.49999999999999,1.5251875782316797,279.99999999999994,140.0
127.54999999999998,1.5246298770537794,279.99999999999994,140.0
127.59999999999998,1.5240721084306883,279.99999999999994,140.0
127.64999999999999,1.52351427248094,279.99999999999994,140.0
127.69999999999999,1.5229563693230665,279.99999999999994,140.0
127.74999999999999,1.5223983990756018,279.99999999999994,140.0
127.79999999999998,1.521840361857078,279.99999999999994,140.0
127.85,1.5212822577860279,279.99999999999994,140.0
127.89999999999999,1.5207240869809837,279.99999999999994,140.0
127.94999999999999,1.5201658495604802,279.99999999999994,140.0
128.0,1.5196075456430487,279.99999999999994,140.0
128.04999999999998,1.5190491753472222,279.99999999999994,140.0
128.1,1.5184907387915338,279.99999999999994,140.0
128.15,1.5179322360945164,279.99999999999994,140.0
128.2,1.5173736673747027,279.99999999999994,140.0
128.25,1.516815032750626,279.99999999999994,140.0
128.3,1.516256332340818,279.99999999999994,140.0
128.35,1.5156975662638126,279.99999999999994,140.0
128.4,1.5151387346381429,279.99999999999994,140.0
128.45000000000002,1.5145798375823407,279.99999999999994,140.0
128.5,1.5140208752149393,279.99999999999994,140.0
128.55,1.5134618476544721,279.99999999999994,140.0
128.6,1.5129027550194714,279.99999999999994,140.0
128.64999999999998,1.5123435974284694,279.99999999999994,140.0
128.7,1.511784375,279.99999999999994,140.0
128.74999999999997,1.5112250878525957,279.99999999999994,140.0
128.79999999999998,1.5106657361047895,279.99999999999994,140.0
128.85,1.510106319875114,279.99999999999994,140.0
128.89999999999998,1.5095468392821019,279.99999999999994,140.0
128.95,1.5089872944442864,279.99999999999994,140.0
129.0,1.5084276854802001,279.99999999999994,140.0
129.04999999999998,1.5078680125083765,279.99999999999994,140.0
129.1,1.5073082756473475,279.99999999999994,140.0
129.15,1.5067484750156466,279.99999999999994,140.0
129.2,1.5061886107318063,279.99999999999994,140.0
129.25,1.505628682914359,279.99999999999994,140.0
129.3,1.505068691681839,279.99999999999994,140.0
129.35,1.5045086371527778,279.99999999999994,140.0
129.4,1.5039485194457085,279.99999999999994,140.0
129.45,1.5033883386791647,279.99999999999994,140.0
129.5,1.5028280949716784,279.99999999999994,140.0
129.55,1.5022677884417825,279.99999999999994,140.0
129.6,1.5017074192080109,279.99999999999994,140.0
129.65,1.501146987388895,279.99999999999994,140.0
129.7,1.5005864931029687,279.99999999999994,140.0
129.74999999999997,1.5000259364687645,279.99999999999994,140.0
129.79999999999998,1.4994653176048147,279.99999999999994,140.0
129.85,1.498904636629653,279.99999999999994,140.0
129.89999999999998,1.4983438936618116,279.99999999999994,140.0
129.95,1.4977830888198236,279.99999999999994,140.0
130.0,1.497222222222222,279.99999999999994,140.0
130.04999999999998,1.4966612939875397,279.99999999999994,140.0
130.1,1.4961003042343095,279.99999999999994,140.0
130.15,1.4955392530810636,279.99999999999994,140.0
130.2,1.4949781406463358,279.99999999999994,140.0
130.25,1.4944169670486582,279.99999999999994,140.0
130.29999999999998,1.4938557324065644,279.99999999999994,140.0
130.35,1.4932944368385868,279.99999999999994,140.0
130.4,1.492733080463258,279.99999999999994,140.0
130.45,1.492171663399111,279.99999999999994,140.0
130.5,1.4916101857646786,279.99999999999994,140.0
130.55,1.491048647678494,279.99999999999994,140.0
130.6,1.4904870492590905,279.99999999999994,140.0
130.65,1.4899253906249996,279.99999999999994,140.0
130.70000000000002,1.4893636718947556,279.99999999999994,140.0
130.75,1.48880189318689,279.99999999999994,140.0
130.79999999999998,1.4882400546199364,279.99999999999994,140.0
130.85,1.4876781563124273,279.99999999999994,140.0
130.89999999999998,1.487116198382896,279.99999999999994,140.0
130.95,1.486554180949875,279.99999999999994,140.0
131.0,1.485992104131897,279.99999999999994,140.0
131.04999999999998,1.4854299680474956,279.99999999999994,140.0
131.1,1.4848677728152024,279.99999999999994,140.0
131.14999999999998,1.4843055185535516,279.99999999999994,140.0
131.2,1.4837432053810753,279.99999999999994,140.0
131.25,1.4831808334163064,279.99999999999994,140.0
131.29999999999998,1.4826184027777778,279.99999999999994,140.0
131.35,1.4820559135840228,279.99999999999994,140.0
131.4,1.481493365953573,279.99999999999994,140.0
131.45,1.4809307600049624,279.99999999999994,140.0
131.5,1.4803680958567236,279.99999999999994,140.0
131.55,1.4798053736273895,279.99999999999994,140.0
131.6,1.479242593435493,279.99999999999994,140.0
131.65,1.478679755399566,279.99999999999994,140.0
131.7,1.4781168596381429,279.99999999999994,140.0
131.75,1.4775539062697556,279.99999999999994,140.0
131.8,1.4769908954129365,279.99999999999994,140.0
131.85,1.4764278271862197,279.99999999999994,140.0
131.89999999999998,1.4758647017081377,279.99999999999994,140.0
131.95,1.4753015190972227,279.99999999999994,140.0
131.99999999999997,1.4747382794720074,279.99999999999994,140.0
132.04999999999998,1.4741749829510256,279.99999999999994,140.0
132.1,1.4736116296528095,279.99999999999994,140.0
132.14999999999998,1.4730482196958923,279.99999999999994,140.0
132.2,1.4724847531988063,279.99999999999994,140.0
132.25,1.4719212302800855,279.99999999999994,140.0
132.29999999999998,1.4713576510582613,279.99999999999994,140.0
132.35,1.4707940156518675,279.99999999999994,140.0
132.4,1.4702303241794366,279.99999999999994,140.0
132.45,1.4696665767595019,279.99999999999994,140.0
132.5,1.4691027735105953,279.99999999999994,140.0
132.54999999999998,1.4685389145512504,279.99999999999994,140.0
132.6,1.4679750000000003,279.99999999999994,140.0
132.65,1.4674110299753769,279.99999999999994,140.0
132.7,1.4668470045959137,279.99999999999994,140.0
132.75,1.4662829239801436,279.99999999999994,140.0
132.8,1.4657187882465985,279.99999999999994,140.0
132.85,1.465154597513813,279.99999999999994,140.0
132.9,1.4645903519003185,279.99999999999994,140.0
132.95000000000002,1.4640260515246484,279.99999999999994,140.0
133.0,1.4634616965053355,279.99999999999994,140.0
133.04999999999998,1.4628972869609127,279.99999999999994,140.0
133.1,1.4623328230099126,279.99999999999994,140.0
133.14999999999998,1.4617683047708683,279.99999999999994,140.0
133.2,1.4612037323623124,279.99999999999994,140.0
133.25,1.460639105902778,279.99999999999994,140.0
133.29999999999998,1.4600744255107976,279.99999999999994,140.0
133.35,1.4595096913049044,279.99999999999994,140.0
133.39999999999998,1.4589449034036315,279.99999999999994,140.0
133.45,1.4583800619255107,279.99999999999994,140.0
133.5,1.457815166989076,279.99999999999994,140.0
133.54999999999998,1.4572502187128598,279.99999999999994,140.0
133.6,1.4566852172153948,279.99999999999994,140.0
133.65,1.456120162615214,279.99999999999994,140.0
133.7,1.4555550550308505,279.99999999999994,140.0
133.75,1.4549898945808362,279.99999999999994,140.0
133.8,1.454424681383705,279.99999999999994,140.0
133.85,1.4538594155579894,279.99999999999994,140.0
133.9,1.453294097222222,279.99999999999994,140.0
133.95000000000002,1.452728726494936,279.99999999999994,140.0
134.0,1.4521633034946644,279.99999999999994,140.0
134.05,1.4515978283399393,279.99999999999994,140.0
134.1,1.4510323011492943,279.99999999999994,140.0
134.14999999999998,1.4504667220412624,279.99999999999994,140.0
134.2,1.449901091134375,279.99999999999994,140.0
134.24999999999997,1.4493354085471668,279.99999999999994,140.0
134.29999999999998,1.448769674398169,279.99999999999994,140.0
134.35,1.4482038888059157,279.99999999999994,140.0
134.39999999999998,1.4476380518889396,279.99999999999994,140.0
134.45,1.4470721637657729,279.99999999999994,140.0
134.5,1.446506224554949,279.99999999999994,140.0
134.54999999999998,1.445940234375,279.99999999999994,140.0
134.6,1.4453741933444595,279.99999999999994,140.0
134.65,1.4448081015818603,279.99999999999994,140.0
134.7,1.4442419592057352,279.99999999999994,140.0
134.75,1.4436757663346165,279.99999999999994,140.0
134.79999999999998,1.4431095230870377,279.99999999999994,140.0
134.85,1.4425432295815315,279.99999999999994,140.0
134.9,1.4419768859366309,279.99999999999994,140.0
134.95,1.441410492270868,279.99999999999994,140.0
135.0,1.4408440487027763,279.99999999999994,140.0
135.05,1.4402775553508886,279.99999999999994,140.0
135.1,1.439711012333738,279.99999999999994,140.0
135.15,1.4391444197698566,279.99999999999994,140.0
135.20000000000002,1.4385777777777777,279.99999999999994,140.0
135.24999999999997,1.438011086476034,279.99999999999994,140.0
135.29999999999998,1.4374443459831587,279.99999999999994,140.0
135.35,1.4368775564176846,279.99999999999994,140.0
135.39999999999998,1.4363107178981438,279.99999999999994,140.0
135.45,1.43574383054307,279.99999999999994,140.0
135.5,1.435176894470996,279.99999999999994,140.0
135.54999999999998,1.4346099098004539,279.99999999999994,140.0
135.6,1.434042876649977,279.99999999999994,140.0
135.64999999999998,1.4334757951380988,279.99999999999994,140.0
135.7,1.4329086653833512,279.99999999999994,140.0
135.75,1.432341487504267,279.99999999999994,140.0
135.79999999999998,1.4317742616193798,279.99999999999994,140.0
135.85,1.431206987847222,279.99999999999994,140.0
135.9,1.4306396663063268,279.99999999999994,140.0
135.95,1.4300722971152264,279.99999999999994,140.0
136.0,1.4295048803924542,279.99999999999994,140.0
136.05,1.4289374162565427,279.99999999999994,140.0
136.1,1.4283699048260254,279.99999999999994,140.0
136.15,1.427802346219434,279.99999999999994,140.0
136.20000000000002,1.4272347405553025,279.99999999999994,140.0
136.25,1.4266670879521632,279.99999999999994,140.0
136.3,1.426099388528549,279.99999999999994,140.0
136.35,1.425531642402993,279.99999999999994,140.0
136.39999999999998,1.4249638496940271,279.99999999999994,140.0
136.45,1.4243960105201856,279.99999999999994,140.0
136.49999999999997,1.4238281250000004,279.99999999999994,140.0
136.54999999999998,1.4232601932520041,279.99999999999994,140.0
136.6,1.4226922153947303,279.99999999999994,140.0
136.64999999999998,1.4221241915467115,279.99999999999994,140.0
136.7,1.4215561218264803,279.99999999999994,140.0
136.75,1.4209880063525704,279.99999999999994,140.0
136.79999999999998,1.420419845243514,279.99999999999994,140.0
136.85,1.4198516386178437,279.99999999999994,140.0
136.9,1.419283386594093,279.99999999999994,140.0
136.95,1.418715089290794,279.99999999999994,140.0
137.0,1.4181467468264808,279.99999999999994,140.0
137.05,1.4175783593196847,279.99999999999994,140.0
137.1,1.4170099268889393,279.99999999999994,140.0
137.15,1.4164414496527775,279.99999999999994,140.0
137.2,1.4158729277297322,279.99999999999994,140.0
137.25,1.4153043612383365,279.99999999999994,140.0
137.3,1.414735750297122,279.99999999999994,140.0
137.35,1.4141670950246232,279.99999999999994,140.0
137.4,1.4135983955393714,279.99999999999994,140.0
137.45000000000002,1.4130296519599008,279.99999999999994,140.0
137.49999999999997,1.4124608644047438,279.99999999999994,140.0
137.54999999999998,1.4118920329924327,279.99999999999994,140.0
137.6,1.411323157841501,279.99999999999994,140.0
137.64999999999998,1.4107542390704813,279.99999999999994,140.0
137.7,1.4101852767979062,279.99999999999994,140.0
137.75,1.409616271142309,279.99999999999994,140.0
137.79999999999998,1.4090472222222223,279.99999999999994,140.0
137.85,1.408478130156179,279.99999999999994,140.0
137.89999999999998,1.4079089950627115,279.99999999999994,140.0
137.95,1.4073398170603537,279.99999999999994,140.0
138.0,1.4067705962676378,279.99999999999994,140.0
138.04999999999998,1.4062013328030962,279.99999999999994,140.0
138.1,1.405632026785263,279.99999999999994,140.0
138.15,1.4050626783326694,279.99999999999994,140.0
138.2,1.4044932875638494,279.99999999999994,140.0
138.25,1.403923854597336,279.99999999999994,140.0
138.3,1.4033543795516612,279.99999999999994,140.0
138.35,1.4027848625453585,279.99999999999994,140.0
138.4,1.40221530369696,279.99999999999994,140.0
138.45000000000002,1.4016457031249998,279.99999999999994,140.0
138.5,1.4010760609480097,279.99999999999994,140.0
138.55,1.400506377284523,279.99999999999994,140.0
138.6,1.3999366522530727,279.99999999999994,140.0
138.64999999999998,1.3993668859721908,279.99999999999994,140.0
138.7,1.398797078560411,279.99999999999994,140.0
138.74999999999997,1.3982272301362653,279.99999999999994,140.0
138.79999999999998,1.3976573408182877,279.99999999999994,140.0
138.85,1.3970874107250102,279.99999999999994,140.0
138.89999999999998,1.3965174399749658,279.99999999999994,140.0
138.95,1.3959474286866878,279.99999999999994,140.0
139.0,1.3953773769787086,279.99999999999994,140.0
139.04999999999998,1.3948072849695605,279.99999999999994,140.0
139.1,1.394237152777778,279.99999999999994,140.0
139.15,1.3936669805218924,279.99999999999994,140.0
139.2,1.393096768320437,279.99999999999994,140.0
139.25,1.3925265162919447,279.99999999999994,140.0
139.3,1.3919562245549486,279.99999999999994,140.0
139.35,1.3913858932279812,279.99999999999994,140.0
139.4,1.3908155224295755,279.99999999999994,140.0
139.45,1.3902451122782644,279.99999999999994,140.0
139.5,1.3896746628925807,279.99999999999994,140.0
139.55,1.3891041743910573,279.99999999999994,140.0
139.6,1.3885336468922267,279.99999999999994,140.0
139.65,1.3879630805146224,279.99999999999994,140.0
139.7,1.3873924753767763,279.99999999999994,140.0
139.74999999999997,1.386821831597222,279.99999999999994,140.0
139.79999999999998,1.3862511492944927,279.99999999999994,140.0
139.85,1.38568042858712,279.99999999999994,140.0
139.89999999999998,1.3851096695936376,279.99999999999994,140.0
139.95,1.3845388724325787,279.99999999999994,140.0
140.0,1.383968037222475,279.99999999999994,140.0
140.04999999999998,1.3833971640818605,279.99999999999994,140.0
140.1,1.3828262531292674,279.99999999999994,140.0
140.14999999999998,1.3822553044832286,279.99999999999994,140.0
140.2,1.3816843182622771,279.99999999999994,140.0
140.25,1.381113294584945,279.99999999999994,140.0
140.29999999999998,1.3805422335697666,279.99999999999994,140.0
140.35,1.379971135335274,279.99999999999994,140.0
140.4,1.3794,279.99999999999994,140.0
140.45,1.378828827682477,279.99999999999994,140.0
140.5,1.3782576185012387,279.99999999999994,140.0
140.55,1.377686372574818,279.99999999999994,140.0
140.6,1.3771150900217468,279.99999999999994,140.0
140.65,1.3765437709605586,279.99999999999994,140.0
140.70000000000002,1.3759724155097859,279.99999999999994,140.0
140.75,1.375401023787962,279.99999999999994,140.0
140.8,1.3748295959136194,279.99999999999994,140.0
140.85,1.3742581320052913,279.99999999999994,140.0
140.89999999999998,1.3736866321815102,279.99999999999994,140.0
140.95,1.373115096560809,279.99999999999994,140.0
140.99999999999997,1.3725435252617204,279.99999999999994,140.0
141.04999999999998,1.3719719184027777,279.99999999999994,140.0
141.1,1.3714002761025137,279.99999999999994,140.0
141.14999999999998,1.370828598479461,279.99999999999994,140.0
141.2,1.3702568856521518,279.99999999999994,140.0
141.25,1.3696851377391204,279.99999999999994,140.0
141.29999999999998,1.3691133548588983,279.99999999999994,140.0
141.35,1.3685415371300194,279.99999999999994,140.0
141.4,1.367969684671016,279.99999999999994,140.0
141.45,1.3673977976004212,279.99999999999994,140.0
141.5,1.3668258760367673,279.99999999999994,140.0
141.55,1.3662539200985877,279.99999999999994,140.0
141.6,1.3656819299044154,279.99999999999994,140.0
141.65,1.3651099055727822,279.99999999999994,140.0
141.7,1.3645378472222223,279.99999999999994,140.0
141.75,1.3639657549712678,279.99999999999994,140.0
141.8,1.3633936289384516,279.99999999999994,140.0
141.85,1.3628214692423062,279.99999999999994,140.0
141.9,1.3622492760013651,279.99999999999994,140.0
141.95,1.3616770493341617,279.99999999999994,140.0
141.99999999999997,1.3611047893592276,279.99999999999994,140.0
142.04999999999998,1.360532496195096,279.99999999999994,140.0
142.1,1.3599601699603,279.99999999999994,140.0
142.14999999999998,1.3593878107733717,279.99999999999994,140.0
142.2,1.3588154187528447,279.99999999999994,140.0
142.25,1.358242994017252,279.99999999999994,140.0
142.29999999999998,1.357670536685126,279.99999999999994,140.0
142.35,1.3570980468749998,279.99999999999994,140.0
142.4,1.3565255247054062,279.99999999999994,140.0
142.45,1.355952970294878,279.99999999999994,140.0
142.5,1.355380383761948,279.99999999999994,140.0
142.54999999999998,1.3548077652251493,279.99999999999994,140.0
142.6,1.354235114803014,279.99999999999994,140.0
142.65,1.353662432614076,279.99999999999994,140.0
142.7,1.3530897187768676,279.99999999999994,140.0
142.75,1.3525169734099214,279.99999999999994,140.0
142.8,1.3519441966317705,279.99999999999994,140.0
142.85,1.3513713885609477,279.99999999999994,140.0
142.9,1.3507985493159864,279.99999999999994,140.0
142.95000000000002,1.3502256790154183,279.99999999999994,140.0
143.0,1.3496527777777776,279.99999999999994,140.0
143.04999999999998,1.3490798457215964,279.99999999999994,140.0
143.1,1.3485068829654079,279.99999999999994,140.0
143.14999999999998,1.3479338896277435,279.99999999999994,140.0
143.2,1.3473608658271383,279.99999999999994,140.0
143.24999999999997,1.3467878116821232,279.99999999999994,140.0
143.29999999999998,1.3462147273112322,279.99999999999994,140.0
143.35,1.3456416128329982,279.99999999999994,140.0
143.39999999999998,1.3450684683659535,279.99999999999994,140.0
143.45,1.3444952940286312,279.99999999999994,140.0
143.5,1.3439220899395639,279.99999999999994,140.0
143.54999999999998,1.3433488562172848,279.99999999999994,140.0
143.6,1.3427755929803267,279.99999999999994,140.0
143.65,1.3422023003472223,279.99999999999994,140.0
143.7,1.3416289784365045,279.99999999999994,140.0
143.75,1.3410556273667058,279.99999999999994,140.0
143.8,1.3404822472563596,279.99999999999994,140.0
143.85,1.3399088382239985,279.99999999999994,140.0
143.9,1.3393354003881555,279.99999999999994,140.0
143.95,1.338761933867363,279.99999999999994,140.0
144.0,1.3381884387801544,279.99999999999994,140.0
144.05,1.3376149152450625,279.99999999999994,140.0
144.1,1.3370413633806197,279.99999999999994,140.0
144.14999999999998,1.3364677833053595,279.99999999999994,140.0
144.2,1.3358941751378144,279.99999999999994,140.0
144.24999999999997,1.335320538996517,279.99999999999994,140.0
144.29999999999998,1.3347468750000002,279.99999999999994,140.0
144.35,1.3341731832667967,279.99999999999994,140.0
144.39999999999998,1.3335994639154405,279.99999999999994,140.0
144.45,1.333025717064463,279.99999999999994,140.0
144.5,1.3324519428323978,279.99999999999994,140.0
144.54999999999998,1.3318781413377776,279.99999999999994,140.0
144.6,1.3313043126991353,279.99999999999994,140.0
144.65,1.3307304570350038,279.99999999999994,140.0
144.7,1.3301565744639154,279.99999999999994,140.0
144.75,1.3295826651044038,279.99999999999994,140.0
144.79999999999998,1.329008729075001,279.99999999999994,140.0
144.85,1.3284347664942409,279.99999999999994,140.0
144.9,1.3278607774806555,279.99999999999994,140.0
144.95,1.3272867621527777,279.99999999999994,140.0
145.0,1.3267127206291407,279.99999999999994,140.0
145.05,1.3261386530282773,279.99999999999994,140.0
145.1,1.3255645594687195,279.99999999999994,140.0
145.15,1.324990440069002,279.99999999999994,140.0
145.20000000000002,1.324416294947656,279.99999999999994,140.0
145.25,1.3238421242232146,279.99999999999994,140.0
145.29999999999998,1.3232679280142114,279.99999999999994,140.0
145.35,1.3226937064391784,279.99999999999994,140.0
145.39999999999998,1.3221194596166492,279.99999999999994,140.0
145.45,1.3215451876651558,279.99999999999994,140.0
145.5,1.320970890703232,279.99999999999994,140.0
145.54999999999998,1.3203965688494097,279.99999999999994,140.0
145.6,1.3198222222222222,279.99999999999994,140.0
145.64999999999998,1.3192478509402028,279.99999999999994,140.0
145.7,1.318673455121883,279.99999999999994,140.0
145.75,1.3180990348857977,279.99999999999994,140.0
145.79999999999998,1.3175245903504778,279.99999999999994,140.0
145.85,1.3169501216344572,279.99999999999994,140.0
145.9,1.3163756288562685,279.99999999999994,140.0
145.95,1.3158011121344448,279.99999999999994,140.0
146.0,1.3152265715875184,279.99999999999994,140.0
146.05,1.3146520073340222,279.99999999999994,140.0
146.1,1.3140774194924896,279.99999999999994,140.0
146.15,1.3135028081814533,279.99999999999994,140.0
146.20000000000002,1.3129281735194456,279.99999999999994,140.0
146.25,1.312353515625,279.99999999999994,140.0
146.3,1.3117788346166488,279.99999999999994,140.0
146.35,1.3112041306129254,279.99999999999994,140.0
146.39999999999998,1.3106294037323625,279.99999999999994,140.0
146.45,1.3100546540934925,279.99999999999994,140.0
146.49999999999997,1.3094798818148485,279.99999999999994,140.0
146.54999999999998,1.3089050870149637,279.99999999999994,140.0
146.6,1.3083302698123707,279.99999999999994,140.0
146.64999999999998,1.3077554303256018,279.99999999999994,140.0
146.7,1.3071805686731908,279.99999999999994,140.0
146.75,1.3066056849736698,279.99999999999994,140.0
146.79999999999998,1.3060307793455723,279.99999999999994,140.0
146.85,1.3054558519074304,279.99999999999994,140.0
146.9,1.304880902777778,279.99999999999994,140.0
146.95,1.3043059320751464,279.99999999999994,140.0
147.0,1.30373093991807,279.99999999999994,140.0
147.04999999999998,1.3031559264250807,279.99999999999994,140.0
147.1,1.302580891714712,279.99999999999994,140.0
147.15,1.3020058359054962,279.99999999999994,140.0
147.2,1.3014307591159662,279.99999999999994,140.0
147.25,1.3008556614646551,279.99999999999994,140.0
147.3,1.300280543070095,279.99999999999994,140.0
147.35,1.2997054040508202,279.99999999999994,140.0
147.4,1.2991302445253627,279.99999999999994,140.0
147.45000000000002,1.298555064612255,279.99999999999994,140.0
147.49999999999997,1.297979864430031,279.99999999999994,140.0
147.54999999999998,1.2974046440972224,279.99999999999994,140.0
147.6,1.2968294037323624,279.99999999999994,140.0
147.64999999999998,1.296254143453984,279.99999999999994,140.0
147.7,1.2956788633806202,279.99999999999994,140.0
147.75,1.2951035636308035,279.99999999999994,140.0
147.79999999999998,1.2945282443230668,279.99999999999994,140.0
147.85,1.2939529055759431,279.99999999999994,140.0
147.89999999999998,1.2933775475079654,279.99999999999994,140.0
147.95,1.2928021702376662,279.99999999999994,140.0
148.0,1.2922267738835786,279.99999999999994,140.0
148.04999999999998,1.2916513585642353,279.99999999999994,140.0
148.1,1.291075924398169,279.99999999999994,140.0
148.15,1.2905004715039132,279.99999999999994,140.0
148.2,1.2899249999999998,279.99999999999994,140.0
148.25,1.2893495100049626,279.99999999999994,140.0
148.3,1.2887740016373332,279.99999999999994,140.0
148.35,1.2881984750156463,279.99999999999994,140.0
148.4,1.287622930258433,279.99999999999994,140.0
148.45000000000002,1.2870473674842269,279.99999999999994,140.0
148.5,1.2864717868115612,279.99999999999994,140.0
148.55,1.285896188358968,279.99999999999994,140.0
148.59999999999997,1.2853205722449808,279.99999999999994,140.0
148.64999999999998,1.2847449385881315,279.99999999999994,140.0
148.7,1.284169287506954,279.99999999999994,140.0
148.74999999999997,1.2835936191199808,279.99999999999994,140.0
148.79999999999998,1.283017933545744,279.99999999999994,140.0
148.85,1.2824422309027779,279.99999999999994,140.0
148.89999999999998,1.2818665113096142,279.99999999999994,140.0
148.95,1.281290774884786,279.99999999999994,140.0
149.0,1.2807150217468266,279.99999999999994,140.0
149.04999999999998,1.2801392520142685,279.99999999999994,140.0
149.1,1.279563465805644,279.99999999999994,140.0
149.15,1.2789876632394872,279.99999999999994,140.0
149.2,1.2784118444343298,279.99999999999994,140.0
149.25,1.277836009508705,279.99999999999994,140.0
149.29999999999998,1.2772601585811463,279.99999999999994,140.0
149.35,1.276684291770185,279.99999999999994,140.0
149.4,1.276108409194356,279.99999999999994,140.0
149.45,1.2755325109721907,279.99999999999994,140.0
149.5,1.2749565972222217,279.99999999999994,140.0
149.55,1.2743806680629837,279.99999999999994,140.0
149.6,1.2738047236130075,279.99999999999994,140.0
149.65,1.2732287639908269,279.99999999999994,140.0
149.70000000000002,1.2726527893149748,279.99999999999994,140.0
149.74999999999997,1.2720767997039837,279.99999999999994,140.0
149.79999999999998,1.271500795276387,279.99999999999994,140.0
149.85,1.270924776150717,279.99999999999994,140.0
149.89999999999998,1.2703487424455064,279.99999999999994,140.0
149.95,1.2697726942792886,279.99999999999994,140.0
150.0,1.2691966317705967,279.99999999999994,140.0
150.04999999999998,1.2686205550379626,279.99999999999994,140.0
150.1,1.2680444641999191,279.99999999999994,140.0
150.14999999999998,1.2674683593750002,279.99999999999994,140.0
150.2,1.2668922406817378,279.99999999999994,140.0
150.25,1.2663161082386651,279.99999999999994,140.0
150.29999999999998,1.265739962164315,279.99999999999994,140.0
150.35,1.2651638025772203,279.99999999999994,140.0
150.4,1.2645876295959135,279.99999999999994,140.0
150.45,1.264011443338928,279.99999999999994,140.0
150.5,1.2634352439247964,279.99999999999994,140.0
150.55,1.2628590314720516,279.99999999999994,140.0
150.6,1.2622828060992262,279.99999999999994,140.0
150.65,1.2617065679248531,279.99999999999994,140.0
150.70000000000002,1.2611303170674657,279.99999999999994,140.0
150.75,1.2605540536455961,279.99999999999994,140.0
150.8,1.2599777777777779,279.99999999999994,140.0
150.85,1.2594014895825432,279.99999999999994,140.0
150.89999999999998,1.2588251891784252,279.99999999999994,140.0
150.95,1.2582488766839568,279.99999999999994,140.0
150.99999999999997,1.2576725522176706,279.99999999999994,140.0
151.04999999999998,1.2570962158980998,279.99999999999994,140.0
151.1,1.256519867843777,279.99999999999994,140.0
151.14999999999998,1.255943508173235,279.99999999999994,140.0
151.2,1.255367137005007,279.99999999999994,140.0
151.25,1.2547907544576253,279.99999999999994,140.0
151.29999999999998,1.2542143606496232,279.99999999999994,140.0
151.35,1.2536379556995334,279.99999999999994,140.0
151.4,1.2530615397258886,279.99999999999994,140.0
151.45,1.2524851128472223,279.99999999999994,140.0
151.5,1.2519086751820663,279.99999999999994,140.0
151.55,1.2513322268489542,279.99999999999994,140.0
151.6,1.2507557679664187,279.99999999999994,140.0
151.65,1.2501792986529927,279.99999999999994,140.0
151.7,1.2496028190272088,279.99999999999994,140.0
151.75,1.2490263292075998,279.99999999999994,140.0
151.8,1.248449829312699,279.99999999999994,140.0
151.85,1.247873319461039,279.99999999999994,140.0
151.9,1.2472967997711524,279.99999999999994,140.0
151.95,1.2467202703615727,279.99999999999994,140.0
151.99999999999997,1.2461437313508321,279.99999999999994,140.0
152.04999999999998,1.2455671828574635,279.99999999999994,140.0
152.1,1.2449906250000002,279.99999999999994,140.0
152.14999999999998,1.2444140578969747,279.99999999999994,140.0
152.2,1.2438374816669195,279.99999999999994,140.0
152.25,1.243260896428368,279.99999999999994,140.0
152.29999999999998,1.2426843022998535,279.99999999999994,140.0
152.35,1.2421076993999078,279.99999999999994,140.0
152.39999999999998,1.2415310878470642,279.99999999999994,140.0
152.45,1.2409544677598556,279.99999999999994,140.0
152.5,1.240377839256815,279.99999999999994,140.0
152.54999999999998,1.2398012024564748,279.99999999999994,140.0
152.6,1.239224557477368,279.99999999999994,140.0
152.65,1.2386479044380279,279.99999999999994,140.0
152.7,1.238071243456987,279.99999999999994,140.0
152.75,1.237494574652778,279.99999999999994,140.0
152.8,1.2369178981439335,279.99999999999994,140.0
152.85,1.2363412140489871,279.99999999999994,140.0
152.9,1.2357645224864715,279.99999999999994,140.0
152.95000000000002,1.2351878235749187,279.99999999999994,140.0
153.0,1.2346111174328627,279.99999999999994,140.0
153.04999999999998,1.2340344041788363,279.99999999999994,140.0
153.1,1.2334576839313711,279.99999999999994,140.0
153.14999999999998,1.2328809568090011,279.99999999999994,140.0
153.2,1.2323042229302585,279.99999999999994,140.0
153.24999999999997,1.2317274824136766,279.99999999999994,140.0
153.29999999999998,1.2311507353777875,279.99999999999994,140.0
153.35,1.2305739819411254,279.99999999999994,140.0
153.39999999999998,1.2299972222222224,279.99999999999994,140.0
153.45,1.2294204563396105,279.99999999999994,140.0
153.5,1.228843684411824,279.99999999999994,140.0
153.54999999999998,1.2282669065573948,279.99999999999994,140.0
153.6,1.2276901228948565,279.99999999999994,140.0
153.65,1.2271133335427415,279.99999999999994,140.0
153.7,1.2265365386195823,279.99999999999994,140.0
153.75,1.225959738243912,279.99999999999994,140.0
153.8,1.225382932534264,279.99999999999994,140.0
153.85,1.2248061216091701,279.99999999999994,140.0
153.9,1.224229305587164,279.99999999999994,140.0
153.95,1.2236524845867784,279.99999999999994,140.0
154.0,1.2230756587265463,279.99999999999994,140.0
154.05,1.2224988281249998,279.99999999999994,140.0
154.1,1.2219219929006726,279.99999999999994,140.0
154.15,1.221345153172097,279.99999999999994,140.0
154.2,1.220768309057806,279.99999999999994,140.0
154.24999999999997,1.2201914606763327,279.99999999999994,140.0
154.29999999999998,1.2196146081462094,279.99999999999994,140.0
154.35,1.2190377515859694,279.99999999999994,140.0
154.39999999999998,1.2184608911141455,279.99999999999994,140.0
154.45,1.2178840268492708,279.99999999999994,140.0
154.5,1.2173071589098772,279.99999999999994,140.0
154.54999999999998,1.2167302874144983,279.99999999999994,140.0
154.6,1.2161534124816673,279.99999999999994,140.0
154.64999999999998,1.2155765342299159,279.99999999999994,140.0
154.7,1.214999652777778,279.99999999999994,140.0
154.75,1.2144227682437856,279.99999999999994,140.0
154.79999999999998,1.2138458807464725,279.99999999999994,140.0
154.85,1.2132689904043708,279.99999999999994,140.0
154.9,1.2126920973360136,279.99999999999994,140.0
154.95,1.2121152016599341,279.99999999999994,140.0
155.0,1.211538303494664,279.99999999999994,140.0
155.05,1.2109614029587379,279.99999999999994,140.0
155.1,1.2103845001706872,279.99999999999994,140.0
155.15,1.2098075952490455,279.99999999999994,140.0
155.20000000000002,1.2092306883123451,279.99999999999994,140.0
155.25,1.2086537794791192,279.99999999999994,140.0
155.29999999999998,1.2080768688679009,279.99999999999994,140.0
155.35,1.2074999565972224,279.99999999999994,140.0
155.39999999999998,1.2069230427856168,279.99999999999994,140.0
155.45,1.2063461275516172,279.99999999999994,140.0
155.49999999999997,1.205769211013756,279.99999999999994,140.0
155.54999999999998,1.2051922932905665,279.99999999999994,140.0
155.6,1.2046153745005816,279.99999999999994,140.0
155.64999999999998,1.204038454762334,279.99999999999994,140.0
155.7,1.203461534194356,279.99999999999994,140.0
155.75,1.2028846129151811,279.99999999999994,140.0
155.79999999999998,1.202307691043342,279.99999999999994,140.0
155.85,1.2017307686973713,279.99999999999994,140.0
155.9,1.2011538459958024,279.99999999999994,140.0
155.95,1.2005769230571675,279.99999999999994,140.0
156.0,1.2,279.99999999999994,140.0
156.05,1.1994230769428322,279.99999999999994,140.0
156.1,1.1988461540041977,279.99999999999994,140.0
156.15,1.1982692313026286,279.99999999999994,140.0
156.2,1.1976923089566582,279.99999999999994,140.0
156.25,1.1971153870848186,279.99999999999994,140.0
156.3,1.1965384658056442,279.99999999999994,140.0
156.35,1.1959615452376664,279.99999999999994,140.0
156.39999999999998,1.1953846254994183,279.99999999999994,140.0
156.45,1.1948077067094334,279.99999999999994,140.0
156.49999999999997,1.194230788986244,279.99999999999994,140.0
156.54999999999998,1.193653872448383,279.99999999999994,140.0
156.6,1.1930769572143833,279.99999999999994,140.0
156.64999999999998,1.1925000434027775,279.99999999999994,140.0
156.7,1.1919231311320995,279.99999999999994,140.0
156.75,1.1913462205208805,279.99999999999994,140.0
156.79999999999998,1.190769311687655,279.99999999999994,140.0
156.85,1.190192404750955,279.99999999999994,140.0
156.9,1.189615499829313,279.99999999999994,140.0
156.95,1.189038597041262,279.99999999999994,140.0
157.0,1.1884616965053356,279.99999999999994,140.0
157.04999999999998,1.187884798340066,279.99999999999994,140.0
157.1,1.1873079026639861,279.99999999999994,140.0
157.15,1.1867310095956292,279.99999999999994,140.0
157.2,1.1861541192535272,279.99999999999994,140.0
157.25,1.185577231756214,279.99999999999994,140.0
157.3,1.1850003472222224,279.99999999999994,140.0
157.35,1.184423465770084,279.99999999999994,140.0
157.4,1.183846587518333,279.99999999999994,140.0
157.45000000000002,1.1832697125855016,279.99999999999994,140.0
157.49999999999997,1.182692841090123,279.99999999999994,140.0
157.54999999999998,1.1821159731507294,279.99999999999994,140.0
157.6,1.1815391088858544,279.99999999999994,140.0
157.64999999999998,1.1809622484140303,279.99999999999994,140.0
157.7,1.1803853918537905,279.99999999999994,140.0
157.74999999999997,1.1798085393236677,279.99999999999994,140.0
157.79999999999998,1.1792316909421938,279.99999999999994,140.0
157.85,1.178654846827903,279.99999999999994,140.0
157.89999999999998,1.1780780070993273,279.99999999999994,140.0
157.95,1.177501171875,279.99999999999994,140.0
158.0,1.1769243412734538,279.99999999999994,140.0
158.04999999999998,1.1763475154132215,279.99999999999994,140.0
158.1,1.1757706944128359,279.99999999999994,140.0
158.15,1.1751938783908296,279.99999999999994,140.0
158.2,1.1746170674657366,279.99999999999994,140.0
158.25,1.1740402617560879,279.99999999999994,140.0
158.3,1.1734634613804178,279.99999999999994,140.0
158.35,1.1728866664572588,279.99999999999994,140.0
158.4,1.1723098771051437,279.99999999999994,140.0
158.45,1.1717330934426051,279.99999999999994,140.0
158.5,1.1711563155881761,279.99999999999994,140.0
158.55,1.1705795436603894,279.99999999999994,140.0
158.6,1.1700027777777775,279.99999999999994,140.0
158.64999999999998,1.1694260180588747,279.99999999999994,140.0
158.7,1.1688492646222124,279.99999999999994,140.0
158.74999999999997,1.1682725175863236,279.99999999999994,140.0
158.79999999999998,1.1676957770697416,279.99999999999994,140.0
158.85,1.1671190431909992,279.99999999999994,140.0
158.89999999999998,1.1665423160686295,279.99999999999994,140.0
158.95,1.165965595821164,279.99999999999994,140.0
159.0,1.1653888825671368,279.99999999999994,140.0
159.04999999999998,1.1648121764250812,279.99999999999994,140.0
159.1,1.1642354775135286,279.99999999999994,140.0
159.15,1.1636587859510126,279.99999999999994,140.0
159.2,1.1630821018560664,279.99999999999994,140.0
159.25,1.1625054253472227,279.99999999999994,140.0
159.29999999999998,1.1619287565430132,279.99999999999994,140.0
159.35,1.1613520955619723,279.99999999999994,140.0
159.4,1.160775442522632,279.99999999999994,140.0
159.45,1.1601987975435255,279.99999999999994,140.0
159.5,1.1596221607431851,279.99999999999994,140.0
159.55,1.1590455322401447,279.99999999999994,140.0
159.6,1.1584689121529352,279.99999999999994,140.0
159.65,1.1578923006000919,279.99999999999994,140.0
159.70000000000002,1.1573156977001464,279.99999999999994,140.0
159.74999999999997,1.1567391035716317,279.99999999999994,140.0
159.79999999999998,1.1561625183330806,279.99999999999994,140.0
159.85,1.1555859421030255,279.99999999999994,140.0
159.89999999999998,1.1550093750000001,279.99999999999994,140.0
159.95,1.1544328171425366,279.99999999999994,140.0
160.0,1.1538562686491682,279.99999999999994,140.0
160.04999999999998,1.1532797296384276,279.99999999999994,140.0
160.1,1.1527032002288475,279.99999999999994,140.0
160.14999999999998,1.1521266805389612,279.99999999999994,140.0
160.2,1.151550170687301,279.99999999999994,140.0
160.25,1.1509736707924,279.99999999999994,140.0
160.29999999999998,1.150397180972791,279.99999999999994,140.0
160.35,1.1498207013470076,279.99999999999994,140.0
160.4,1.1492442320335816,279.99999999999994,140.0
160.45,1.148667773151046,279.99999999999994,140.0
160.5,1.1480913248179339,279.99999999999994,140.0
160.55,1.1475148871527776,279.99999999999994,140.0
160.6,1.1469384602741106,279.99999999999994,140.0
160.65,1.1463620443004663,279.99999999999994,140.0
160.70000000000002,1.1457856393503765,279.99999999999994,140.0
160.75,1.1452092455423746,279.99999999999994,140.0
160.8,1.144632862994993,279.99999999999994,140.0
160.84999999999997,1.144056491826765,279.99999999999994,140.0
160.89999999999998,1.1434801321562231,279.99999999999994,140.0
160.95,1.1429037841019007,279.99999999999994,140.0
160.99999999999997,1.1423274477823298,279.99999999999994,140.0
161.04999999999998,1.1417511233160436,279.99999999999994,140.0
161.1,1.141174810821575,279.99999999999994,140.0
161.14999999999998,1.1405985104174572,279.99999999999994,140.0
161.2,1.1400222222222225,279.99999999999994,140.0
161.25,1.139445946354404,279.99999999999994,140.0
161.29999999999998,1.1388696829325344,279.99999999999994,140.0
161.35,1.1382934320751472,279.99999999999994,140.0
161.4,1.1377171939007737,279.99999999999994,140.0
161.45,1.1371409685279485,279.99999999999994,140.0
161.5,1.1365647560752032,279.99999999999994,140.0
161.54999999999998,1.135988556661072,279.99999999999994,140.0
161.6,1.1354123704040862,279.99999999999994,140.0
161.65,1.1348361974227794,279.99999999999994,140.0
161.7,1.1342600378356849,279.99999999999994,140.0
161.75,1.1336838917613348,279.99999999999994,140.0
161.8,1.1331077593182624,279.99999999999994,140.0
161.85,1.1325316406249994,279.99999999999994,140.0
161.9,1.1319555358000808,279.99999999999994,140.0
161.95,1.1313794449620378,279.99999999999994,140.0
161.99999999999997,1.1308033682294039,279.99999999999994,140.0
162.04999999999998,1.1302273057207115,279.99999999999994,140.0
162.1,1.129651257554494,279.99999999999994,140.0
162.14999999999998,1.1290752238492834,279.99999999999994,140.0
162.2,1.128499204723613,279.99999999999994,140.0
162.25,1.1279232002960162,279.99999999999994,140.0
162.29999999999998,1.1273472106850253,279.99999999999994,140.0
162.35,1.126771236009173,279.99999999999994,140.0
162.39999999999998,1.1261952763869922,279.99999999999994,140.0
162.45,1.1256193319370162,279.99999999999994,140.0
162.5,1.1250434027777776,279.99999999999994,140.0
162.54999999999998,1.1244674890278092,279.99999999999994,140.0
162.6,1.123891590805644,279.99999999999994,140.0
162.65,1.1233157082298149,279.99999999999994,140.0
162.7,1.122739841418854,279.99999999999994,140.0
162.75,1.122163990491295,279.99999999999994,140.0
162.8,1.1215881555656702,279.99999999999994,140.0
162.85,1.121012336760513,279.99999999999994,140.0
162.9,1.1204365341943556,279.99999999999994,140.0
162.95000000000002,1.1198607479857319,279.99999999999994,140.0
163.0,1.1192849782531733,279.99999999999994,140.0
163.05,1.1187092251152135,279.99999999999994,140.0
163.09999999999997,1.1181334886903862,279.99999999999994,140.0
163.14999999999998,1.1175577690972225,279.99999999999994,140.0
163.2,1.1169820664542562,279.99999999999994,140.0
163.24999999999997,1.1164063808800198,279.99999999999994,140.0
163.29999999999998,1.115830712493046,279.99999999999994,140.0
163.35,1.1152550614118686,279.99999999999994,140.0
163.39999999999998,1.1146794277550194,279.99999999999994,140.0
163.45,1.114103811641032,279.99999999999994,140.0
163.5,1.1135282131884383,279.99999999999994,140.0
163.54999999999998,1.1129526325157724,279.99999999999994,140.0
163.6,1.1123770697415667,279.99999999999994,140.0
163.65,1.1118015249843536,279.99999999999994,140.0
163.7,1.111225998362666,279.99999999999994,140.0
163.75,1.1106504899950373,279.99999999999994,140.0
163.79999999999998,1.1100750000000001,279.99999999999994,140.0
163.85,1.1094995284960867,279.99999999999994,140.0
163.9,1.1089240756018306,279.99999999999994,140.0
163.95,1.1083486414357648,279.99999999999994,140.0
164.0,1.1077732261164215,279.99999999999994,140.0
164.05,1.107197829762333,279.99999999999994,140.0
164.1,1.1066224524920347,279.99999999999994,140.0
164.15,1.1060470944240568,279.99999999999994,140.0
164.2,1.1054717556769336,279.99999999999994,140.0
164.24999999999997,1.1048964363691969,279.99999999999994,140.0
164.29999999999998,1.1043211366193804,279.99999999999994,140.0
164.35,1.1037458565460165,279.99999999999994,140.0
164.39999999999998,1.1031705962676375,279.99999999999994,140.0
164.45,1.1025953559027777,279.99999999999994,140.0
164.5,1.1020201355699688,279.99999999999994,140.0
164.54999999999998,1.1014449353877442,279.99999999999994,140.0
164.6,1.1008697554746367,279.99999999999994,140.0
164.64999999999998,1.1002945959491794,279.99999999999994,140.0
164.7,1.0997194569299042,279.99999999999994,140.0
164.75,1.0991443385353448,279.99999999999994,140.0
164.79999999999998,1.0985692408840337,279.99999999999994,140.0
164.85,1.097994164094504,279.99999999999994,140.0
164.9,1.0974191082852875,279.99999999999994,140.0
164.95,1.096844073574919,279.99999999999994,140.0
165.0,1.0962690600819298,279.99999999999994,140.0
165.05,1.0956940679248537,279.99999999999994,140.0
165.1,1.095119097222222,279.99999999999994,140.0
165.15,1.0945441480925695,279.99999999999994,140.0
165.20000000000002,1.0939692206544274,279.99999999999994,140.0
165.25,1.09339431502633,279.99999999999994,140.0
165.29999999999998,1.0928194313268094,279.99999999999994,140.0
165.35,1.0922445696743983,279.99999999999994,140.0
165.39999999999998,1.0916697301876293,279.99999999999994,140.0
165.45,1.0910949129850362,279.99999999999994,140.0
165.49999999999997,1.0905201181851514,279.99999999999994,140.0
165.54999999999998,1.0899453459065074,279.99999999999994,140.0
165.6,1.0893705962676377,279.99999999999994,140.0
165.64999999999998,1.0887958693870743,279.99999999999994,140.0
165.7,1.0882211653833511,279.99999999999994,140.0
165.75,1.087646484375,279.99999999999994,140.0
165.79999999999998,1.0870718264805546,279.99999999999994,140.0
165.85,1.0864971918185466,279.99999999999994,140.0
165.9,1.0859225805075103,279.99999999999994,140.0
165.95,1.0853479926659775,279.99999999999994,140.0
166.0,1.084773428412482,279.99999999999994,140.0
166.05,1.0841988878655555,279.99999999999994,140.0
166.1,1.0836243711437314,279.99999999999994,140.0
166.15,1.0830498783655427,279.99999999999994,140.0
166.2,1.0824754096495224,279.99999999999994,140.0
166.25,1.0819009651142024,279.99999999999994,140.0
166.3,1.0813265448781169,279.99999999999994,140.0
166.35,1.0807521490597976,279.99999999999994,140.0
166.39999999999998,1.0801777777777777,279.99999999999994,140.0
166.45,1.0796034311505902,279.99999999999994,140.0
166.49999999999997,1.0790291092967683,279.99999999999994,140.0
166.54999999999998,1.078454812334844,279.99999999999994,140.0
166.6,1.0778805403833513,279.99999999999994,140.0
166.64999999999998,1.0773062935608215,279.99999999999994,140.0
166.7,1.0767320719857885,279.99999999999994,140.0
166.75,1.0761578757767853,279.99999999999994,140.0
166.79999999999998,1.075583705052344,279.99999999999994,140.0
166.85,1.075009559930998,279.99999999999994,140.0
166.89999999999998,1.0744354405312804,279.99999999999994,140.0
166.95,1.0738613469717224,279.99999999999994,140.0
167.0,1.0732872793708592,279.99999999999994,140.0
167.04999999999998,1.0727132378472224,279.99999999999994,140.0
167.1,1.0721392225193445,279.99999999999994,140.0
167.15,1.071565233505759,279.99999999999994,140.0
167.2,1.0709912709249987,279.99999999999994,140.0
167.25,1.070417334895596,279.99999999999994,140.0
167.3,1.0698434255360847,279.99999999999994,140.0
167.35,1.069269542964996,279.99999999999994,140.0
167.4,1.0686956873008646,279.99999999999994,140.0
167.45000000000002,1.0681218586622228,279.99999999999994,140.0
167.5,1.0675480571676026,279.99999999999994,140.0
167.54999999999998,1.0669742829355375,279.99999999999994,140.0
167.6,1.06640053608456,279.99999999999994,140.0
167.64999999999998,1.0658268167332035,279.99999999999994,140.0
167.7,1.0652531250000001,279.99999999999994,140.0
167.74999999999997,1.0646794610034835,279.99999999999994,140.0
167.79999999999998,1.0641058248621855,279.99999999999994,140.0
167.85,1.0635322166946406,279.99999999999994,140.0
167.89999999999998,1.06295863661938,279.99999999999994,140.0
167.95,1.0623850847549372,279.99999999999994,140.0
168.0,1.0618115612198449,279.99999999999994,140.0
168.04999999999998,1.0612380661326368,279.99999999999994,140.0
168.1,1.0606645996118444,279.99999999999994,140.0
168.15,1.0600911617760014,279.99999999999994,140.0
168.2,1.0595177527436404,279.99999999999994,140.0
168.25,1.0589443726332943,279.99999999999994,140.0
168.3,1.0583710215634958,279.99999999999994,140.0
168.35,1.0577976996527778,279.99999999999994,140.0
168.4,1.0572244070196732,279.99999999999994,140.0
168.45,1.056651143782715,279.99999999999994,140.0
168.5,1.056077910060436,279.99999999999994,140.0
168.55,1.0555047059713691,279.99999999999994,140.0
168.6,1.054931531634046,279.99999999999994,140.0
168.64999999999998,1.0543583871670017,279.99999999999994,140.0
168.7,1.0537852726887675,279.99999999999994,140.0
168.74999999999997,1.0532121883178767,279.99999999999994,140.0
168.79999999999998,1.0526391341728623,279.99999999999994,140.0
168.85,1.0520661103722564,279.99999999999994,140.0
168.89999999999998,1.0514931170345923,279.99999999999994,140.0
168.95,1.050920154278404,279.99999999999994,140.0
169.0,1.050347222222222,279.99999999999994,140.0
169.04999999999998,1.0497743209845811,279.99999999999994,140.0
169.1,1.049201450684014,279.99999999999994,140.0
169.15,1.048628611439052,279.99999999999994,140.0
169.2,1.0480558033682297,279.99999999999994,140.0
169.25,1.0474830265900787,279.99999999999994,140.0
169.29999999999998,1.0469102812231323,279.99999999999994,140.0
169.35,1.0463375673859239,279.99999999999994,140.0
169.4,1.045764885196986,279.99999999999994,140.0
169.45,1.045192234774851,279.99999999999994,140.0
169.5,1.0446196162380523,279.99999999999994,140.0
169.55,1.0440470297051219,279.99999999999994,140.0
169.6,1.0434744752945933,279.99999999999994,140.0
169.65,1.0429019531249997,279.99999999999994,140.0
169.70000000000002,1.0423294633148734,279.99999999999994,140.0
169.74999999999997,1.0417570059827481,279.99999999999994,140.0
169.79999999999998,1.0411845812471552,279.99999999999994,140.0
169.85,1.040612189226629,279.99999999999994,140.0
169.89999999999998,1.0400398300397005,279.99999999999994,140.0
169.95,1.0394675038049046,279.99999999999994,140.0
169.99999999999997,1.0388952106407727,279.99999999999994,140.0
170.04999999999998,1.0383229506658385,279.99999999999994,140.0
170.1,1.0377507239986345,279.99999999999994,140.0
170.14999999999998,1.0371785307576944,279.99999999999994,140.0
170.2,1.0366063710615483,279.99999999999994,140.0
170.25,1.0360342450287325,279.99999999999994,140.0
170.29999999999998,1.035462152777778,279.99999999999994,140.0
170.35,1.034890094427218,279.99999999999994,140.0
170.4,1.0343180700955852,279.99999999999994,140.0
170.45,1.0337460799014129,279.99999999999994,140.0
170.5,1.0331741239632326,279.99999999999994,140.0
170.55,1.032602202399579,279.99999999999994,140.0
170.6,1.0320303153289838,279.99999999999994,140.0
170.65,1.03145846286998,279.99999999999994,140.0
170.7,1.0308866451411014,279.99999999999994,140.0
170.75,1.0303148622608793,279.99999999999994,140.0
170.8,1.029743114347848,279.99999999999994,140.0
170.85,1.029171401520539,279.99999999999994,140.0
170.89999999999998,1.0285997238974867,279.99999999999994,140.0
170.95,1.0280280815972225,279.99999999999994,140.0
170.99999999999997,1.0274564747382795,279.99999999999994,140.0
171.04999999999998,1.0268849034391914,279.99999999999994,140.0
171.1,1.0263133678184904,279.99999999999994,140.0
171.14999999999998,1.0257418679947086,279.99999999999994,140.0
171.2,1.0251704040863807,279.99999999999994,140.0
171.25,1.0245989762120382,279.99999999999994,140.0
171.29999999999998,1.024027584490214,279.99999999999994,140.0
171.35,1.0234562290394416,279.99999999999994,140.0
171.4,1.0228849099782535,279.99999999999994,140.0
171.45,1.022313627425182,279.99999999999994,140.0
171.5,1.021742381498761,279.99999999999994,140.0
171.54999999999998,1.0211711723175225,279.99999999999994,140.0
171.6,1.0205999999999997,279.99999999999994,140.0
171.65,1.0200288646647258,279.99999999999994,140.0
171.7,1.0194577664302333,279.99999999999994,140.0
171.75,1.0188867054150543,279.99999999999994,140.0
171.8,1.0183156817377228,279.99999999999994,140.0
171.85,1.0177446955167713,279.99999999999994,140.0
171.9,1.0171737468707325,279.99999999999994,140.0
171.95000000000002,1.0166028359181392,279.99999999999994,140.0
171.99999999999997,1.0160319627775252,279.99999999999994,140.0
172.04999999999998,1.0154611275674215,279.99999999999994,140.0
172.1,1.0148903304063626,279.99999999999994,140.0
172.14999999999998,1.01431957141288,279.99999999999994,140.0
172.2,1.0137488507055081,279.99999999999994,140.0
172.24999999999997,1.013178168402778,279.99999999999994,140.0
172.29999999999998,1.0126075246232238,279.99999999999994,140.0
172.35,1.012036919485378,279.99999999999994,140.0
172.39999999999998,1.0114663531077732,279.99999999999994,140.0
172.45,1.0108958256089426,279.99999999999994,140.0
172.5,1.010325337107419,279.99999999999994,140.0
172.54999999999998,1.0097548877217353,279.99999999999994,140.0
172.6,1.0091844775704244,279.99999999999994,140.0
172.65,1.0086141067720185,279.99999999999994,140.0
172.7,1.0080437754450513,279.99999999999994,140.0
172.75,1.007473483708055,279.99999999999994,140.0
172.8,1.006903231679563,279.99999999999994,140.0
172.85,1.0063330194781073,279.99999999999994,140.0
172.9,1.0057628472222222,279.99999999999994,140.0
172.95,1.0051927150304392,279.99999999999994,140.0
173.0,1.0046226230212913,279.99999999999994,140.0
173.05,1.0040525713133124,279.99999999999994,140.0
173.09999999999997,1.0034825600250343,279.99999999999994,140.0
173.14999999999998,1.00291258927499,279.99999999999994,140.0
173.2,1.0023426591817126,279.99999999999994,140.0
173.24999999999997,1.0017727698637349,279.99999999999994,140.0
173.29999999999998,1.0012029214395894,279.99999999999994,140.0
173.35,1.0006331140278095,279.99999999999994,140.0
173.39999999999998,1.0000633477469276,279.99999999999994,140.0
173.45,0.9994936227154767,279.99999999999994,140.0
173.5,0.9989239390519898,279.99999999999994,140.0
173.54999999999998,0.9983542968749997,279.99999999999994,140.0
173.6,0.9977846963030391,279.99999999999994,140.0
173.65,0.9972151374546411,279.99999999999994,140.0
173.7,0.9966456204483382,279.99999999999994,140.0
173.75,0.9960761454026643,279.99999999999994,140.0
173.79999999999998,0.9955067124361504,279.99999999999994,140.0
173.85,0.9949373216673302,279.99999999999994,140.0
173.9,0.994367973214737,279.99999999999994,140.0
173.95,0.9937986671969032,279.99999999999994,140.0
174.0,0.9932294037323623,279.99999999999994,140.0
174.05,0.9926601829396459,279.99999999999994,140.0
174.1,0.9920910049372881,279.99999999999994,140.0
174.15,0.9915218698438212,279.99999999999994,140.0
174.2,0.9909527777777783,279.99999999999994,140.0
174.24999999999997,0.9903837288576915,279.99999999999994,140.0
174.29999999999998,0.9898147232020942,279.99999999999994,140.0
174.35,0.9892457609295191,279.99999999999994,140.0
174.39999999999998,0.9886768421584989,279.99999999999994,140.0
174.45,0.9881079670075666,279.99999999999994,140.0
174.5,0.9875391355952561,279.99999999999994,140.0
174.54999999999998,0.986970348040099,279.99999999999994,140.0
174.6,0.9864016044606279,279.99999999999994,140.0
174.64999999999998,0.9858329049753768,279.99999999999994,140.0
174.7,0.9852642497028776,279.99999999999994,140.0
174.75,0.9846956387616638,279.99999999999994,140.0
174.79999999999998,0.9841270722702676,279.99999999999994,140.0
174.85,0.9835585503472225,279.99999999999994,140.0
174.9,0.9829900731110605,279.99999999999994,140.0
174.95,0.9824216406803149,279.99999999999994,140.0
175.0,0.9818532531735193,279.99999999999994,140.0
175.05,0.9812849107092058,279.99999999999994,140.0
175.1,0.9807166134059069,279.99999999999994,140.0
175.15,0.9801483613821562,279.99999999999994,140.0
175.20000000000002,0.9795801547564861,279.99999999999994,140.0
175.25,0.9790119936474295,279.99999999999994,140.0
175.3,0.9784438781735195,279.99999999999994,140.0
175.34999999999997,0.9778758084532891,279.99999999999994,140.0
175.39999999999998,0.9773077846052699,279.99999999999994,140.0
175.45,0.9767398067479964,279.99999999999994,140.0
175.49999999999997,0.976171875,279.99999999999994,140.0
175.54999999999998,0.9756039894798143,279.99999999999994,140.0
175.6,0.9750361503059727,279.99999999999994,140.0
175.64999999999998,0.9744683575970071,279.99999999999994,140.0
175.7,0.9739006114714512,279.99999999999994,140.0
175.75,0.9733329120478367,279.99999999999994,140.0
175.79999999999998,0.9727652594446973,279.99999999999994,140.0
175.85,0.9721976537805654,279.99999999999994,140.0
175.9,0.9716300951739744,279.99999999999994,140.0
175.95,0.9710625837434567,279.99999999999994,140.0
176.0,0.9704951196075456,279.99999999999994,140.0
176.04999999999998,0.9699277028847735,279.99999999999994,140.0
176.1,0.9693603336936729,279.99999999999994,140.0
176.15,0.9687930121527777,279.99999999999994,140.0
176.2,0.9682257383806199,279.99999999999994,140.0
176.25,0.9676585124957332,279.99999999999994,140.0
176.3,0.967091334616649,279.99999999999994,140.0
176.35,0.9665242048619013,279.99999999999994,140.0
176.4,0.9659571233500227,279.99999999999994,140.0
176.45,0.9653900901995461,279.99999999999994,140.0
176.49999999999997,0.9648231055290042,279.99999999999994,140.0
176.54999999999998,0.9642561694569299,279.99999999999994,140.0
176.6,0.963689282101856,279.99999999999994,140.0
176.64999999999998,0.9631224435823156,279.99999999999994,140.0
176.7,0.9625556540168411,279.99999999999994,140.0
176.75,0.9619889135239659,279.99999999999994,140.0
176.79999999999998,0.9614222222222224,279.99999999999994,140.0
176.85,0.9608555802301433,279.99999999999994,140.0
176.89999999999998,0.9602889876662625,279.99999999999994,140.0
176.95,0.9597224446491109,279.99999999999994,140.0
177.0,0.9591559512972239,279.99999999999994,140.0
177.04999999999998,0.9585895077291321,279.99999999999994,140.0
177.1,0.958023114063369,279.99999999999994,140.0
177.15,0.9574567704184687,279.99999999999994,140.0
177.2,0.9568904769129623,279.99999999999994,140.0
177.25,0.9563242336653835,279.99999999999994,140.0
177.3,0.955758040794265,279.99999999999994,140.0
177.35,0.95519189841814,279.99999999999994,140.0
177.4,0.9546258066555405,279.99999999999994,140.0
177.45000000000002,0.9540597656250004,279.99999999999994,140.0
177.5,0.9534937754450512,279.99999999999994,140.0
177.54999999999998,0.9529278362342274,279.99999999999994,140.0
177.59999999999997,0.9523619481110606,279.99999999999994,140.0
177.64999999999998,0.9517961111940841,279.99999999999994,140.0
177.7,0.951230325601831,279.99999999999994,140.0
177.74999999999997,0.9506645914528336,279.99999999999994,140.0
177.79999999999998,0.9500989088656248,279.99999999999994,140.0
177.85,0.9495332779587378,279.99999999999994,140.0
177.89999999999998,0.9489676988507056,279.99999999999994,140.0
177.95,0.9484021716600604,279.99999999999994,140.0
178.0,0.9478366965053353,279.99999999999994,140.0
178.04999999999998,0.9472712735050638,279.99999999999994,140.0
178.1,0.9467059027777776,279.99999999999994,140.0
178.15,0.9461405844420105,279.99999999999994,140.0
178.2,0.945575318616295,279.99999999999994,140.0
178.25,0.945010105419164,279.99999999999994,140.0
178.29999999999998,0.94444494496915,279.99999999999994,140.0
178.35,0.9438798373847863,279.99999999999994,140.0
178.4,0.9433147827846051,279.99999999999994,140.0
178.45,0.9427497812871402,279.99999999999994,140.0
178.5,0.9421848330109239,279.99999999999994,140.0
178.55,0.9416199380744892,279.99999999999994,140.0
178.6,0.9410550965963684,279.99999999999994,140.0
178.64999999999998,0.9404903086950958,279.99999999999994,140.0
178.7,0.9399255744892027,279.99999999999994,140.0
178.74999999999997,0.9393608940972223,279.99999999999994,140.0
178.79999999999998,0.938796267637688,279.99999999999994,140.0
178.85,0.9382316952291322,279.99999999999994,140.0
178.89999999999998,0.9376671769900878,279.99999999999994,140.0
178.95,0.9371027130390873,279.99999999999994,140.0
179.0,0.9365383034946647,279.99999999999994,140.0
179.04999999999998,0.9359739484753518,279.99999999999994,140.0
179.1,0.9354096480996814,279.99999999999994,140.0
179.14999999999998,0.9348454024861871,279.99999999999994,140.0
179.2,0.934281211753401,279.99999999999994,140.0
179.25,0.933717076019857,279.99999999999994,140.0
179.29999999999998,0.9331529954040866,279.99999999999994,140.0
179.35,0.9325889700246234,279.99999999999994,140.0
179.4,0.9320250000000002,279.99999999999994,140.0
179.45,0.9314610854487498,279.99999999999994,140.0
179.5,0.9308972264894048,279.99999999999994,140.0
179.55,0.9303334232404982,279.99999999999994,140.0
179.6,0.9297696758205628,279.99999999999994,140.0
179.65,0.9292059843481322,279.99999999999994,140.0
179.70000000000002,0.9286423489417387,279.99999999999994,140.0
179.75,0.9280787697199148,279.99999999999994,140.0
179.79999999999998,0.9275152468011938,279.99999999999994,140.0
179.85,0.9269517803041083,279.99999999999994,140.0
179.89999999999998,0.9263883703471909,279.99999999999994,140.0
179.95,0.9258250170489748,279.99999999999994,140.0
179.99999999999997,0.9252617205279932,279.99999999999994,140.0
180.04999999999998,0.9246984809027778,279.99999999999994,140.0
180.1,0.9241352982918629,279.99999999999994,140.0
180.14999999999998,0.9235721728137808,279.99999999999994,140.0
180.2,0.9230091045870633,279.99999999999994,140.0
180.25,0.9224460937302446,279.99999999999994,140.0
180.29999999999998,0.9218831403618574,279.99999999999994,140.0
180.35,0.921320244600434,279.99999999999994,140.0
180.4,0.920757406564507,279.99999999999994,140.0
180.45,0.9201946263726101,279.99999999999994,140.0
180.5,0.9196319041432757,279.99999999999994,140.0
180.55,0.9190692399950374,279.99999999999994,140.0
180.6,0.9185066340464265,279.99999999999994,140.0
180.65,0.9179440864159774,279.99999999999994,140.0
180.7,0.9173815972222226,279.99999999999994,140.0
180.75,0.9168191665836932,279.99999999999994,140.0
180.8,0.916256794618925,279.99999999999994,140.0
180.85,0.9156944814464485,279.99999999999994,140.0
180.89999999999998,0.9151322271847977,279.99999999999994,140.0
180.95,0.9145700319525049,279.99999999999994,140.0
180.99999999999997,0.9140078958681028,279.99999999999994,140.0
181.04999999999998,0.9134458190501252,279.99999999999994,140.0
181.1,0.9128838016171045,279.99999999999994,140.0
181.14999999999998,0.912321843687573,279.99999999999994,140.0
181.2,0.911759945380064,279.99999999999994,140.0
181.25,0.9111981068131104,279.99999999999994,140.0
181.29999999999998,0.9106363281052452,279.99999999999994,140.0
181.35,0.9100746093750004,279.99999999999994,140.0
181.39999999999998,0.9095129507409097,279.99999999999994,140.0
181.45,0.9089513523215057,279.99999999999994,140.0
181.5,0.9083898142353206,279.99999999999994,140.0
181.54999999999998,0.9078283366008886,279.99999999999994,140.0
181.6,0.9072669195367421,279.99999999999994,140.0
181.65,0.9067055631614127,279.99999999999994,140.0
181.7,0.9061442675934357,279.99999999999994,140.0
181.75,0.9055830329513412,279.99999999999994,140.0
181.8,0.9050218593536636,279.99999999999994,140.0
181.85,0.9044607469189362,279.99999999999994,140.0
181.9,0.9038996957656906,279.99999999999994,140.0
181.95000000000002,0.9033387060124599,279.99999999999994,140.0
181.99999999999997,0.9027777777777781,279.99999999999994,140.0
182.04999999999998,0.9022169111801764,279.99999999999994,140.0
182.1,0.9016561063381885,279.99999999999994,140.0
182.14999999999998,0.9010953633703472,279.99999999999994,140.0
182.2,0.9005346823951854,279.99999999999994,140.0
182.24999999999997,0.8999740635312358,279.99999999999994,140.0
182.29999999999998,0.8994135068970315,279.99999999999994,140.0
182.35,0.8988530126111053,279.99999999999994,140.0
182.39999999999998,0.8982925807919894,279.99999999999994,140.0
182.45,0.8977322115582171,279.99999999999994,140.0
182.5,0.8971719050283213,279.99999999999994,140.0
182.54999999999998,0.8966116613208354,279.99999999999994,140.0
182.6,0.8960514805542911,279.99999999999994,140.0
182.65,0.8954913628472218,279.99999999999994,140.0
182.7,0.8949313083181606,279.99999999999994,140.0
182.75,0.8943713170856407,279.99999999999994,140.0
182.8,0.8938113892681939,279.99999999999994,140.0
182.85,0.8932515249843535,279.99999999999994,140.0
182.9,0.8926917243526524,279.99999999999994,140.0
182.95,0.8921319874916236,279.99999999999994,140.0
183.0,0.8915723145197997,279.99999999999994,140.0
183.05,0.8910127055557133,279.99999999999994,140.0
183.09999999999997,0.8904531607178984,279.99999999999994,140.0
183.14999999999998,0.8898936801248866,279.99999999999994,140.0
183.2,0.8893342638952109,279.99999999999994,140.0
183.24999999999997,0.8887749121474042,279.99999999999994,140.0
183.29999999999998,0.8882156250000002,279.99999999999994,140.0
183.35,0.8876564025715311,279.99999999999994,140.0
183.39999999999998,0.8870972449805294,279.99999999999994,140.0
183.45,0.8865381523455276,279.99999999999994,140.0
183.5,0.8859791247850604,279.99999999999994,140.0
183.54999999999998,0.885420162417659,279.99999999999994,140.0
183.6,0.8848612653618573,279.99999999999994,140.0
183.65,0.8843024337361867,279.99999999999994,140.0
183.7,0.8837436676591822,279.99999999999994,140.0
183.75,0.8831849672493741,279.99999999999994,140.0
183.79999999999998,0.8826263326252973,279.99999999999994,140.0
183.85,0.8820677639054832,279.99999999999994,140.0
183.9,0.881509261208466,279.99999999999994,140.0
183.95,0.8809508246527776,279.99999999999994,140.0
184.0,0.8803924543569509,279.99999999999994,140.0
184.05,0.8798341504395198,279.99999999999994,140.0
184.1,0.8792759130190155,279.99999999999994,140.0
184.15,0.8787177422139719,279.99999999999994,140.0
184.20000000000002,0.878159638142922,279.99999999999994,140.0
184.24999999999997,0.8776016009243987,279.99999999999994,140.0
184.29999999999998,0.8770436306769338,279.99999999999994,140.0
184.35,0.8764857275190605,279.99999999999994,140.0
184.39999999999998,0.8759278915693113,279.99999999999994,140.0
184.45,0.8753701229462204,279.99999999999994,140.0
184.49999999999997,0.8748124217683201,279.99999999999994,140.0
184.54999999999998,0.874254788154143,279.99999999999994,140.0
184.6,0.8736972222222218,279.99999999999994,140.0
184.64999999999998,0.8731397240910903,279.99999999999994,140.0
184.7,0.8725822938792795,279.99999999999994,140.0
184.75,0.8720249317053238,279.99999999999994,140.0
184.79999999999998,0.8714676376877561,279.99999999999994,140.0
184.85,0.8709104119451083,279.99999999999994,140.0
184.9,0.8703532545959135,279.99999999999994,140.0
184.95,0.8697961657587054,279.99999999999994,140.0
185.0,0.8692391455520153,279.99999999999994,140.0
185.05,0.8686821940943773,279.99999999999994,140.0
185.1,0.868125311504324,279.99999999999994,140.0
185.15,0.8675684979003883,279.99999999999994,140.0
185.2,0.867011753401102,279.99999999999994,140.0
185.25,0.8664550781249999,279.99999999999994,140.0
185.3,0.8658984721906131,279.99999999999994,140.0
185.34999999999997,0.8653419357164761,279.99999999999994,140.0
185.39999999999998,0.86478546882112,279.99999999999994,140.0
185.45,0.8642290716230784,279.99999999999994,140.0
185.49999999999997,0.863672744240884,279.99999999999994,140.0
185.54999999999998,0.8631164867930701,279.99999999999994,140.0
185.6,0.862560299398169,279.99999999999994,140.0
185.64999999999998,0.8620041821747142,279.99999999999994,140.0
185.7,0.861448135241238,279.99999999999994,140.0
185.75,0.8608921587162733,279.99999999999994,140.0
185.79999999999998,0.8603362527183531,279.99999999999994,140.0
185.85,0.8597804173660103,279.99999999999994,140.0
185.9,0.8592246527777777,279.99999999999994,140.0
185.95,0.8586689590721884,279.99999999999994,140.0
186.0,0.8581133363677743,279.99999999999994,140.0
186.04999999999998,0.8575577847830689,279.99999999999994,140.0
186.1,0.8570023044366054,279.99999999999994,140.0
186.15,0.8564468954469161,279.99999999999994,140.0
186.2,0.855891557932534,279.99999999999994,140.0
186.25,0.8553362920119927,279.99999999999994,140.0
186.3,0.8547810978038236,279.99999999999994,140.0
186.35,0.8542259754265603,279.99999999999994,140.0
186.4,0.8536709249987356,279.99999999999994,140.0
186.45,0.8531159466388821,279.99999999999994,140.0
186.49999999999997,0.852561040465534,279.99999999999994,140.0
186.54999999999998,0.8520062065972221,279.99999999999994,140.0
186.6,0.8514514451524806,279.99999999999994,140.0
186.64999999999998,0.8508967562498415,279.99999999999994,140.0
186.7,0.8503421400078389,279.99999999999994,140.0
186.74999999999997,0.8497875965450048,279.99999999999994,140.0
186.79999999999998,0.8492331259798713,279.99999999999994,140.0
186.85,0.8486787284309726,279.99999999999994,140.0
186.89999999999998,0.8481244040168409,279.99999999999994,140.0
186.95,0.8475701528560091,279.99999999999994,140.0
187.0,0.8470159750670108,279.99999999999994,140.0
187.04999999999998,0.8464618707683774,279.99999999999994,140.0
187.1,0.8459078400786427,279.99999999999994,140.0
187.15,0.8453538831163392,279.99999999999994,140.0
187.2,0.8447999999999997,279.99999999999994,140.0
187.25,0.8442461908481576,279.99999999999994,140.0
187.3,0.8436924557793456,279.99999999999994,140.0
187.35,0.8431387949120963,279.99999999999994,140.0
187.4,0.842585208364942,279.99999999999994,140.0
187.45,0.8420316962564163,279.99999999999994,140.0
187.5,0.8414782587050523,279.99999999999994,140.0
187.54999999999998,0.8409248958293826,279.99999999999994,140.0
187.59999999999997,0.8403716077479393,279.99999999999994,140.0
187.64999999999998,0.839818394579256,279.99999999999994,140.0
187.7,0.8392652564418653,279.99999999999994,140.0
187.74999999999997,0.8387121934543,279.99999999999994,140.0
187.79999999999998,0.8381592057350932,279.99999999999994,140.0
187.85,0.837606293402778,279.99999999999994,140.0
187.89999999999998,0.8370534565758866,279.99999999999994,140.0
187.95,0.8365006953729514,279.99999999999994,140.0
188.0,0.8359480099125068,279.99999999999994,140.0
188.04999999999998,0.8353954003130848,279.99999999999994,140.0
188.1,0.8348428666932182,279.99999999999994,140.0
188.15,0.8342904091714397,279.99999999999994,140.0
188.2,0.833738027866282,279.99999999999994,140.0
188.25,0.8331857228962792,279.99999999999994,140.0
188.29999999999998,0.8326334943799626,279.99999999999994,140.0
188.35,0.8320813424358664,279.99999999999994,140.0
188.4,0.8315292671825217,279.99999999999994,140.0
188.45,0.8309772687384633,279.99999999999994,140.0
188.5,0.8304253472222226,279.99999999999994,140.0
188.55,0.8298735027523326,279.99999999999994,140.0
188.6,0.8293217354473267,279.99999999999994,140.0
188.65,0.8287700454257382,279.99999999999994,140.0
188.7,0.8282184328060993,279.99999999999994,140.0
188.74999999999997,0.8276668977069425,279.99999999999994,140.0
188.79999999999998,0.827115440246801,279.99999999999994,140.0
188.85,0.8265640605442081,279.99999999999994,140.0
188.89999999999998,0.8260127587176957,279.99999999999994,140.0
188.95,0.8254615348857978,279.99999999999994,140.0
189.0,0.824910389167046,279.99999999999994,140.0
189.04999999999998,0.8243593216799737,279.99999999999994,140.0
189.1,0.8238083325431148,279.99999999999994,140.0
189.14999999999998,0.823257421875,279.99999999999994,140.0
189.2,0.8227065897941636,279.99999999999994,140.0
189.25,0.8221558364191386,279.99999999999994,140.0
189.29999999999998,0.821605161868457,279.99999999999994,140.0
189.35,0.8210545662606522,279.99999999999994,140.0
189.4,0.820504049714257,279.99999999999994,140.0
189.45,0.8199536123478045,279.99999999999994,140.0
189.5,0.8194032542798264,279.99999999999994,140.0
189.55,0.8188529756288558,279.99999999999994,140.0
189.6,0.8183027765134275,279.99999999999994,140.0
189.65,0.8177526570520719,279.99999999999994,140.0
189.70000000000002,0.8172026173633239,279.99999999999994,140.0
189.75,0.8166526575657146,279.99999999999994,140.0
189.79999999999998,0.8161027777777776,279.99999999999994,140.0
189.84999999999997,0.8155529781180464,279.99999999999994,140.0
189.89999999999998,0.8150032587050527,279.99999999999994,140.0
189.95,0.8144536196573294,279.99999999999994,140.0
189.99999999999997,0.8139040610934101,279.99999999999994,140.0
190.04999999999998,0.8133545831318277,279.99999999999994,140.0
190.1,0.8128051858911138,279.99999999999994,140.0
190.14999999999998,0.8122558694898031,279.99999999999994,140.0
190.2,0.8117066340464271,279.99999999999994,140.0
190.25,0.8111574796795188,279.99999999999994,140.0
190.29999999999998,0.8106084065076116,279.99999999999994,140.0
190.35,0.8100594146492377,279.99999999999994,140.0
190.4,0.8095105042229308,279.99999999999994,140.0
190.45,0.8089616753472221,279.99999999999994,140.0
190.5,0.8084129281406465,279.99999999999994,140.0
190.54999999999998,0.8078642627217355,279.99999999999994,140.0
190.6,0.8073156792090226,279.99999999999994,140.0
190.65,0.8067671777210396,279.99999999999994,140.0
190.7,0.806218758376321,279.99999999999994,140.0
190.75,0.8056704212933985,279.99999999999994,140.0
190.8,0.8051221665908058,279.99999999999994,140.0
190.85,0.8045739943870746,279.99999999999994,140.0
190.89999999999998,0.8040259048007384,279.99999999999994,140.0
190.95,0.8034778979503299,279.99999999999994,140.0
190.99999999999997,0.8029299739543821,279.99999999999994,140.0
191.04999999999998,0.8023821329314281,279.99999999999994,140.0
191.1,0.801834375,279.99999999999994,140.0
191.14999999999998,0.8012867002786312,279.99999999999994,140.0
191.2,0.800739108885855,279.99999999999994,140.0
191.25,0.8001916009402026,279.99999999999994,140.0
191.29999999999998,0.7996441765602083,279.99999999999994,140.0
191.35,0.7990968358644052,279.99999999999994,140.0
191.39999999999998,0.7985495789713247,279.99999999999994,140.0
191.45,0.798002405999501,279.99999999999994,140.0
191.5,0.7974553170674651,279.99999999999994,140.0
191.54999999999998,0.7969083122937526,279.99999999999994,140.0
191.6,0.7963613917968948,279.99999999999994,140.0
191.65,0.7958145556954239,279.99999999999994,140.0
191.7,0.7952678041078742,279.99999999999994,140.0
191.75,0.7947211371527776,279.99999999999994,140.0
191.8,0.7941745549486675,279.99999999999994,140.0
191.85,0.7936280576140757,279.99999999999994,140.0
191.9,0.7930816452675367,279.99999999999994,140.0
191.95000000000002,0.7925353180275814,279.99999999999994,140.0
192.0,0.7919890760127445,279.99999999999994,140.0
192.04999999999998,0.791442919341558,279.99999999999994,140.0
192.1,0.7908968481325547,279.99999999999994,140.0
192.14999999999998,0.7903508625042674,279.99999999999994,140.0
192.2,0.7898049625752287,279.99999999999994,140.0
192.24999999999997,0.7892591484639725,279.99999999999994,140.0
192.29999999999998,0.7887134202890309,279.99999999999994,140.0
192.35,0.7881677781689362,279.99999999999994,140.0
192.39999999999998,0.7876222222222227,279.99999999999994,140.0
192.45,0.7870767525674216,279.99999999999994,140.0
192.5,0.7865313693230664,279.99999999999994,140.0
192.54999999999998,0.7859860726076907,279.99999999999994,140.0
192.6,0.785440862539827,279.99999999999994,140.0
192.65,0.7848957392380072,279.99999999999994,140.0
192.7,0.7843507028207651,279.99999999999994,140.0
192.75,0.7838057534066343,279.99999999999994,140.0
192.8,0.7832608911141453,279.99999999999994,140.0
192.85,0.782716116061833,279.99999999999994,140.0
192.9,0.7821714283682295,279.99999999999994,140.0
192.95,0.7816268281518671,279.99999999999994,140.0
193.0,0.78108231553128,279.99999999999994,140.0
193.05,0.7805378906249997,279.99999999999994,140.0
193.1,0.7799935535515597,279.99999999999994,140.0
193.14999999999998,0.779449304429494,279.99999999999994,140.0
193.2,0.7789051433773333,279.99999999999994,140.0
193.24999999999997,0.7783610705136109,279.99999999999994,140.0
193.29999999999998,0.7778170859568609,279.99999999999994,140.0
193.35,0.7772731898256147,279.99999999999994,140.0
193.39999999999998,0.7767293822384062,279.99999999999994,140.0
193.45,0.7761856633137671,279.99999999999994,140.0
193.5,0.775642033170232,279.99999999999994,140.0
193.54999999999998,0.7750984919263327,279.99999999999994,140.0
193.6,0.7745550397006015,279.99999999999994,140.0
193.64999999999998,0.7740116766115726,279.99999999999994,140.0
193.7,0.7734684027777777,279.99999999999994,140.0
193.75,0.7729252183177501,279.99999999999994,140.0
193.79999999999998,0.7723821233500225,279.99999999999994,140.0
193.85,0.7718391179931284,279.99999999999994,140.0
193.9,0.7712962023655994,279.99999999999994,140.0
193.95,0.7707533765859695,279.99999999999994,140.0
194.0,0.7702106407727708,279.99999999999994,140.0
194.05,0.7696679950445372,279.99999999999994,140.0
194.1,0.7691254395198002,279.99999999999994,140.0
194.15,0.7685829743170925,279.99999999999994,140.0
194.20000000000002,0.7680405995549487,279.99999999999994,140.0
194.24999999999997,0.7674983153519004,279.99999999999994,140.0
194.29999999999998,0.7669561218264809,279.99999999999994,140.0
194.35,0.7664140190972225,279.99999999999994,140.0
194.39999999999998,0.765872007282658,279.99999999999994,140.0
194.45,0.7653300865013213,279.99999999999994,140.0
194.49999999999997,0.764788256871744,279.99999999999994,140.0
194.54999999999998,0.7642465185124604,279.99999999999994,140.0
194.6,0.7637048715420014,279.99999999999994,140.0
194.64999999999998,0.763163316078902,279.99999999999994,140.0
194.7,0.7626218522416931,279.99999999999994,140.0
194.75,0.7620804801489088,279.99999999999994,140.0
194.79999999999998,0.7615391999190816,279.99999999999994,140.0
194.85,0.7609980116707442,279.99999999999994,140.0
194.9,0.7604569155224293,279.99999999999994,140.0
194.95,0.759915911592671,279.99999999999994,140.0
195.0,0.7593749999999999,279.99999999999994,140.0
195.05,0.7588341808629507,279.99999999999994,140.0
195.1,0.7582934543000555,279.99999999999994,140.0
195.15,0.7577528204298478,279.99999999999994,140.0
195.2,0.7572122793708593,279.99999999999994,140.0
195.25,0.7566718312416236,279.99999999999994,140.0
195.3,0.7561314761606733,279.99999999999994,140.0
195.34999999999997,0.7555912142465421,279.99999999999994,140.0
195.39999999999998,0.7550510456177612,279.99999999999994,140.0
195.45,0.7545109703928654,279.99999999999994,140.0
195.49999999999997,0.7539709886903861,279.99999999999994,140.0
195.54999999999998,0.7534311006288561,279.99999999999994,140.0
195.6,0.7528913063268091,279.99999999999994,140.0
195.64999999999998,0.7523516059027778,279.99999999999994,140.0
195.7,0.7518119994752948,279.99999999999994,140.0
195.75,0.751272487162893,279.99999999999994,140.0
195.79999999999998,0.7507330690841048,279.99999999999994,140.0
195.85,0.7501937453574633,279.99999999999994,140.0
195.89999999999998,0.7496545161015025,279.99999999999994,140.0
195.95,0.7491153814347533,279.99999999999994,140.0
196.0,0.7485763414757498,279.99999999999994,140.0
196.04999999999998,0.7480373963430245,279.99999999999994,140.0
196.1,0.7474985461551104,279.99999999999994,140.0
196.15,0.7469597910305407,279.99999999999994,140.0
196.2,0.7464211310878468,279.99999999999994,140.0
196.25,0.7458825664455635,279.99999999999994,140.0
196.3,0.7453440972222222,279.99999999999994,140.0
196.35,0.7448057235363565,279.99999999999994,140.0
196.4,0.744267445506499,279.99999999999994,140.0
196.45000000000002,0.7437292632511823,279.99999999999994,140.0
196.49999999999997,0.7431911768889393,279.99999999999994,140.0
196.54999999999998,0.7426531865383036,279.99999999999994,140.0
196.6,0.7421152923178069,279.99999999999994,140.0
196.64999999999998,0.7415774943459829,279.99999999999994,140.0
196.7,0.7410397927413646,279.99999999999994,140.0
196.74999999999997,0.740502187622484,279.99999999999994,140.0
196.79999999999998,0.7399646791078742,279.99999999999994,140.0
196.85,0.7394272673160687,279.99999999999994,140.0
196.89999999999998,0.7388899523655995,279.99999999999994,140.0
196.95,0.7383527343750002,279.99999999999994,140.0
197.0,0.7378156134628029,279.99999999999994,140.0
197.04999999999998,0.7372785897475412,279.99999999999994,140.0
197.1,0.7367416633477469,279.99999999999994,140.0
197.15,0.7362048343819542,279.99999999999994,140.0
197.2,0.7356681029686948,279.99999999999994,140.0
197.25,0.7351314692265024,279.99999999999994,140.0
197.3,0.7345949332739088,279.99999999999994,140.0
197.35,0.7340584952294479,279.99999999999994,140.0
197.4,0.7335221552116525,279.99999999999994,140.0
197.45,0.7329859133390542,279.99999999999994,140.0
197.5,0.7324497697301878,279.99999999999994,140.0
197.55,0.7319137245035843,279.99999999999994,140.0
197.59999999999997,0.731377777777778,279.99999999999994,140.0
197.64999999999998,0.7308419296713008,279.99999999999994,140.0
197.7,0.730306180302686,279.99999999999994,140.0
197.74999999999997,0.7297705297904654,279.99999999999994,140.0
197.79999999999998,0.7292349782531737,279.99999999999994,140.0
197.85,0.728699525809342,279.99999999999994,140.0
197.89999999999998,0.7281641725775049,279.99999999999994,140.0
197.95,0.7276289186761935,279.99999999999994,140.0
198.0,0.7270937642239415,279.99999999999994,140.0
198.04999999999998,0.7265587093392825,279.99999999999994,140.0
198.1,0.7260237541407475,279.99999999999994,140.0
198.15,0.7254888987468706,279.99999999999994,140.0
198.2,0.7249541432761851,279.99999999999994,140.0
198.25,0.7244194878472222,279.99999999999994,140.0
198.29999999999998,0.7238849325785163,279.99999999999994,140.0
198.35,0.7233504775885996,279.99999999999994,140.0
198.4,0.7228161229960047,279.99999999999994,140.0
198.45,0.7222818689192648,279.99999999999994,140.0
198.5,0.7217477154769129,279.99999999999994,140.0
198.55,0.7212136627874813,279.99999999999994,140.0
198.6,0.7206797109695039,279.99999999999994,140.0
198.65,0.7201458601415123,279.99999999999994,140.0
198.7,0.7196121104220402,279.99999999999994,140.0
198.74999999999997,0.7190784619296203,279.99999999999994,140.0
198.79999999999998,0.7185449147827848,279.99999999999994,140.0
198.85,0.7180114691000672,279.99999999999994,140.0
198.89999999999998,0.7174781249999997,279.99999999999994,140.0
198.95,0.7169448826011164,279.99999999999994,140.0
198.99999999999997,0.7164117420219493,279.99999999999994,140.0
199.04999999999998,0.7158787033810312,279.99999999999994,140.0
199.1,0.7153457667968945,279.99999999999994,140.0
199.14999999999998,0.7148129323880733,279.99999999999994,140.0
199.2,0.7142802002730999,279.99999999999994,140.0
199.25,0.7137475705705063,279.99999999999994,140.0
199.29999999999998,0.7132150433988269,279.99999999999994,140.0
199.35,0.712682618876593,279.99999999999994,140.0
199.4,0.7121502971223388,279.99999999999994,140.0
199.45,0.7116180782545962,279.99999999999994,140.0
199.5,0.711085962391898,279.99999999999994,140.0
199.55,0.7105539496527773,279.99999999999994,140.0
199.6,0.7100220401557681,279.99999999999994,140.0
199.65,0.7094902340194008,279.99999999999994,140.0
199.7,0.7089585313622107,279.99999999999994,140.0
199.75,0.7084269323027294,279.99999999999994,140.0
199.79999999999998,0.7078954369594905,279.99999999999994,140.0
199.84999999999997,0.7073640454510258,279.99999999999994,140.0
199.89999999999998,0.7068327578958686,279.99999999999994,140.0
199.95,0.7063015744125509,279.99999999999994,140.0
199.99999999999997,0.7057704951196075,279.99999999999994,140.0
200.04999999999998,0.7052395201355703,279.99999999999994,140.0
200.1,0.7047086495789715,279.99999999999994,140.0
200.14999999999998,0.7041778835683443,279.99999999999994,140.0
200.2,0.7036472222222228,279.99999999999994,140.0
200.25,0.7031166656591378,279.99999999999994,140.0
200.29999999999998,0.7025862139976233,279.99999999999994,140.0
200.35,0.7020558673562121,279.99999999999994,140.0
200.4,0.7015256258534367,279.99999999999994,140.0
200.45,0.7009954896078299,279.99999999999994,140.0
200.5,0.7004654587379257,279.99999999999994,140.0
200.54999999999998,0.699935533362255,279.99999999999994,140.0
200.6,0.6994057135993526,279.99999999999994,140.0
200.65,0.6988759995677497,279.99999999999994,140.0
200.7,0.6983463913859806,279.99999999999994,140.0
200.75,0.6978168891725771,279.99999999999994,140.0
200.8,0.6972874930460724,279.99999999999994,140.0
200.85,0.696758203125,279.99999999999994,140.0
200.9,0.6962290195278914,279.99999999999994,140.0
200.95,0.6956999423732811,279.99999999999994,140.0
200.99999999999997,0.6951709717796997,279.99999999999994,140.0
201.04999999999998,0.6946421078656825,279.99999999999994,140.0
201.1,0.6941133507497605,279.99999999999994,140.0
201.14999999999998,0.6935847005504667,279.99999999999994,140.0
201.2,0.6930561573863351,279.99999999999994,140.0
201.24999999999997,0.692527721375898,279.99999999999994,140.0
201.29999999999998,0.6919993926376878,279.99999999999994,140.0
201.35,0.6914711712902384,279.99999999999994,140.0
201.39999999999998,0.6909430574520813,279.99999999999994,140.0
201.45,0.6904150512417505,279.99999999999994,140.0
201.5,0.6898871527777778,279.99999999999994,140.0
201.54999999999998,0.6893593621786973,279.99999999999994,140.0
201.6,0.68883167956304,279.99999999999994,140.0
201.65,0.6883041050493413,279.99999999999994,140.0
201.7,0.6877766387561315,279.99999999999994,140.0
201.75,0.6872492808019458,279.99999999999994,140.0
201.8,0.686722031305315,279.99999999999994,140.0
201.85,0.6861948903847737,279.99999999999994,140.0
201.9,0.6856678581588527,279.99999999999994,140.0
201.95,0.6851409347460867,279.99999999999994,140.0
202.0,0.6846141202650079,279.99999999999994,140.0
202.04999999999998,0.684087414834149,279.99999999999994,140.0
202.09999999999997,0.6835608185720425,279.99999999999994,140.0
202.14999999999998,0.6830343315972226,279.99999999999994,140.0
202.2,0.6825079540282208,279.99999999999994,140.0
202.24999999999997,0.6819816859835702,279.99999999999994,140.0
202.29999999999998,0.6814555275818038,279.99999999999994,140.0
202.35,0.6809294789414546,279.99999999999994,140.0
202.39999999999998,0.6804035401810551,279.99999999999994,140.0
202.45,0.6798777114191383,279.99999999999994,140.0
202.5,0.6793519927742376,279.99999999999994,140.0
202.54999999999998,0.6788263843648852,279.99999999999994,140.0
202.6,0.6783008863096137,279.99999999999994,140.0
202.65,0.677775498726957,279.99999999999994,140.0
202.7,0.6772502217354474,279.99999999999994,140.0
202.75,0.6767250554536168,279.99999999999994,140.0
202.79999999999998,0.6761999999999999,279.99999999999994,140.0
202.85,0.675675055493128,279.99999999999994,140.0
202.9,0.675150222051535,279.99999999999994,140.0
202.95,0.6746254997937529,279.99999999999994,140.0
203.0,0.6741008888383146,279.99999999999994,140.0
203.05,0.6735763893037537,279.99999999999994,140.0
203.1,0.6730520013086023,279.99999999999994,140.0
203.14999999999998,0.6725277249713942,279.99999999999994,140.0
203.2,0.6720035604106612,279.99999999999994,140.0
203.24999999999997,0.6714795077449364,279.99999999999994,140.0
203.29999999999998,0.6709555670927525,279.99999999999994,140.0
203.35,0.6704317385726438,279.99999999999994,140.0
203.39999999999998,0.6699080223031406,279.99999999999994,140.0
203.45,0.6693844184027774,279.99999999999994,140.0
203.5,0.6688609269900879,279.99999999999994,140.0
203.54999999999998,0.668337548183602,279.99999999999994,140.0
203.6,0.667814282101856,279.99999999999994,140.0
203.64999999999998,0.6672911288633804,279.99999999999994,140.0
203.7,0.6667680885867093,279.99999999999994,140.0
203.75,0.6662451613903747,279.99999999999994,140.0
203.79999999999998,0.665722347392909,279.99999999999994,140.0
203.85,0.6651996467128471,279.99999999999994,140.0
203.9,0.6646770594687202,279.99999999999994,140.0
203.95,0.6641545857790608,279.99999999999994,140.0
204.0,0.6636322257624032,279.99999999999994,140.0
204.05,0.6631099795372792,279.99999999999994,140.0
204.1,0.6625878472222225,279.99999999999994,140.0
204.15,0.6620658289357646,279.99999999999994,140.0
204.20000000000002,0.6615439247964393,279.99999999999994,140.0
204.24999999999997,0.6610221349227802,279.99999999999994,140.0
204.29999999999998,0.6605004594333184,279.99999999999994,140.0
204.34999999999997,0.6599788984465876,279.99999999999994,140.0
204.39999999999998,0.6594574520811209,279.99999999999994,140.0
204.45,0.6589361204554507,279.99999999999994,140.0
204.49999999999997,0.6584149036881103,279.99999999999994,140.0
204.54999999999998,0.657893801897632,279.99999999999994,140.0
204.6,0.6573728152025491,279.99999999999994,140.0
204.64999999999998,0.6568519437213939,279.99999999999994,140.0
204.7,0.6563311875726998,279.99999999999994,140.0
204.75,0.655810546875,279.99999999999994,140.0
204.79999999999998,0.655290021746826,279.99999999999994,140.0
204.85,0.6547696123067123,279.99999999999994,140.0
204.9,0.6542493186731908,279.99999999999994,140.0
204.95,0.6537291409647941,279.99999999999994,140.0
205.0,0.653209079300056,279.99999999999994,140.0
205.04999999999998,0.6526891337975081,279.99999999999994,140.0
205.1,0.6521693045756841,279.99999999999994,140.0
205.15,0.6516495917531168,279.99999999999994,140.0
205.2,0.6511299954483385,279.99999999999994,140.0
205.25,0.6506105157798828,279.99999999999994,140.0
205.3,0.6500911528662823,279.99999999999994,140.0
205.35,0.6495719068260698,279.99999999999994,140.0
205.39999999999998,0.6490527777777781,279.99999999999994,140.0
205.45,0.6485337658399394,279.99999999999994,140.0
205.49999999999997,0.6480148711310879,279.99999999999994,140.0
205.54999999999998,0.6474960937697554,279.99999999999994,140.0
205.6,0.6469774338744749,279.99999999999994,140.0
205.64999999999998,0.6464588915637802,279.99999999999994,140.0
205.7,0.6459404669562032,279.99999999999994,140.0
205.75,0.6454221601702764,279.99999999999994,140.0
205.79999999999998,0.6449039713245335,279.99999999999994,140.0
205.85,0.6443859005375069,279.99999999999994,140.0
205.89999999999998,0.6438679479277296,279.99999999999994,140.0
205.95,0.6433501136137346,279.99999999999994,140.0
206.0,0.6428323977140545,279.99999999999994,140.0
206.04999999999998,0.6423148003472224,279.99999999999994,140.0
206.1,0.6417973216317708,279.99999999999994,140.0
206.15,0.6412799616862324,279.99999999999994,140.0
206.2,0.640762720629141,279.99999999999994,140.0
206.25,0.640245598579028,279.99999999999994,140.0
206.3,0.6397285956544277,279.99999999999994,140.0
206.35,0.6392117119738719,279.99999999999994,140.0
206.4,0.6386949476558945,279.99999999999994,140.0
206.45000000000002,0.6381783028190273,279.99999999999994,140.0
206.49999999999997,0.6376617775818035,279.99999999999994,140.0
206.54999999999998,0.6371453720627566,279.99999999999994,140.0
206.6,0.6366290863804178,279.99999999999994,140.0
206.64999999999998,0.6361129206533218,279.99999999999994,140.0
206.7,0.635596875,279.99999999999994,140.0
206.74999999999997,0.6350809495389862,279.99999999999994,140.0
206.79999999999998,0.6345651443888132,279.99999999999994,140.0
206.85,0.6340494596680136,279.99999999999994,140.0
206.89999999999998,0.6335338954951196,279.99999999999994,140.0
206.95,0.6330184519886648,279.99999999999994,140.0
207.0,0.6325031292671827,279.99999999999994,140.0
207.04999999999998,0.6319879274492052,279.99999999999994,140.0
207.1,0.6314728466532648,279.99999999999994,140.0
207.15,0.630957886997895,279.99999999999994,140.0
207.2,0.6304430486016286,279.99999999999994,140.0
207.25,0.6299283315829989,279.99999999999994,140.0
207.3,0.629413736060537,279.99999999999994,140.0
207.35,0.6288992621527781,279.99999999999994,140.0
207.4,0.6283849099782532,279.99999999999994,140.0
207.45,0.6278706796554961,279.99999999999994,140.0
207.5,0.6273565713030397,279.99999999999994,140.0
207.55,0.6268425850394167,279.99999999999994,140.0
207.59999999999997,0.6263287209831588,279.99999999999994,140.0
207.64999999999998,0.6258149792528003,279.99999999999994,140.0
207.7,0.6253013599668741,279.99999999999994,140.0
207.74999999999997,0.6247878632439127,279.99999999999994,140.0
207.79999999999998,0.6242744892024481,279.99999999999994,140.0
207.85,0.6237612379610137,279.99999999999994,140.0
207.89999999999998,0.6232481096381435,279.99999999999994,140.0
207.95,0.6227351043523687,279.99999999999994,140.0
208.0,0.622222222222222,279.99999999999994,140.0
208.04999999999998,0.6217094633662384,279.99999999999994,140.0
208.1,0.6211968279029488,279.99999999999994,140.0
208.14999999999998,0.6206843159508864,279.99999999999994,140.0
208.2,0.6201719276285846,279.99999999999994,140.0
208.25,0.619659663054576,279.99999999999994,140.0
208.29999999999998,0.6191475223473931,279.99999999999994,140.0
208.35,0.6186355056255688,279.99999999999994,140.0
208.4,0.6181236130076366,279.99999999999994,140.0
208.45,0.6176118446121295,279.99999999999994,140.0
208.5,0.6171002005575786,279.99999999999994,140.0
208.55,0.6165886809625181,279.99999999999994,140.0
208.6,0.6160772859454808,279.99999999999994,140.0
208.65,0.6155660156249996,279.99999999999994,140.0
208.7,0.6150548701196076,279.99999999999994,140.0
208.74999999999997,0.6145438495478371,279.99999999999994,140.0
208.79999999999998,0.6140329540282203,279.99999999999994,140.0
208.85,0.6135221836792913,279.99999999999994,140.0
208.89999999999998,0.6130115386195826,279.99999999999994,140.0
208.95,0.6125010189676269,279.99999999999994,140.0
208.99999999999997,0.6119906248419562,279.99999999999994,140.0
209.04999999999998,0.6114803563611046,279.99999999999994,140.0
209.1,0.610970213643605,279.99999999999994,140.0
209.14999999999998,0.61046019680799,279.99999999999994,140.0
209.2,0.6099503059727915,279.99999999999994,140.0
209.25,0.609440541256543,279.99999999999994,140.0
209.29999999999998,0.6089309027777783,279.99999999999994,140.0
209.35,0.608421390655029,279.99999999999994,140.0
209.4,0.6079120050068276,279.99999999999994,140.0
209.45,0.6074027459517086,279.99999999999994,140.0
209.5,0.6068936136082032,279.99999999999994,140.0
209.55,0.6063846080948452,279.99999999999994,140.0
209.6,0.6058757295301669,279.99999999999994,140.0
209.65,0.605366978032702,279.99999999999994,140.0
209.7,0.604858353720983,279.99999999999994,140.0
209.75,0.6043498567135426,279.99999999999994,140.0
209.8,0.6038414871289128,279.99999999999994,140.0
209.84999999999997,0.6033332450856281,279.99999999999994,140.0
209.89999999999998,0.6028251307022204,279.99999999999994,140.0
209.95,0.6023171440972225,279.99999999999994,140.0
209.99999999999997,0.6018092853891672,279.99999999999994,140.0
210.04999999999998,0.6013015546965882,279.99999999999994,140.0
210.1,0.6007939521380166,279.99999999999994,140.0
210.14999999999998,0.6002864778319871,279.99999999999994,140.0
210.2,0.5997791318970315,279.99999999999994,140.0
210.25,0.599271914451683,279.99999999999994,140.0
210.29999999999998,0.5987648256144749,279.99999999999994,140.0
210.35,0.5982578655039386,279.99999999999994,140.0
210.39999999999998,0.597751034238608,279.99999999999994,140.0
210.45,0.5972443319370163,279.99999999999994,140.0
210.5,0.5967377587176959,279.99999999999994,140.0
210.54999999999998,0.5962313146991792,279.99999999999994,140.0
210.6,0.5957249999999995,279.99999999999994,140.0
210.65,0.5952188147386904,279.99999999999994,140.0
210.7,0.5947127590337833,279.99999999999994,140.0
210.75,0.5942068330038119,279.99999999999994,140.0
210.8,0.5937010367673088,279.99999999999994,140.0
210.85,0.5931953704428068,279.99999999999994,140.0
210.9,0.5926898341488388,279.99999999999994,140.0
210.95,0.5921844280039389,279.99999999999994,140.0
210.99999999999997,0.5916791521266379,279.99999999999994,140.0
211.04999999999998,0.591174006635469,279.99999999999994,140.0
211.1,0.5906689916489662,279.99999999999994,140.0
211.14999999999998,0.5901641072856612,279.99999999999994,140.0
211.2,0.5896593536640872,279.99999999999994,140.0
211.24999999999997,0.5891547309027781,279.99999999999994,140.0
211.29999999999998,0.5886502391202652,279.99999999999994,140.0
211.35,0.5881458784350818,279.99999999999994,140.0
211.39999999999998,0.5876416489657619,279.99999999999994,140.0
211.45,0.5871375508308356,279.99999999999994,140.0
211.5,0.5866335841488394,279.99999999999994,140.0
211.54999999999998,0.586129749038303,279.99999999999994,140.0
211.6,0.5856260456177617,279.99999999999994,140.0
211.65,0.5851224740057467,279.99999999999994,140.0
211.7,0.5846190343207914,279.99999999999994,140.0
211.75,0.5841157266814277,279.99999999999994,140.0
211.8,0.58361255120619,279.99999999999994,140.0
211.85,0.5831095080136107,279.99999999999994,140.0
211.9,0.5826065972222219,279.99999999999994,140.0
211.95,0.5821038189505576,279.99999999999994,140.0
212.0,0.5816011733171494,279.99999999999994,140.0
212.04999999999998,0.5810986604405314,279.99999999999994,140.0
212.09999999999997,0.5805962804392357,279.99999999999994,140.0
212.14999999999998,0.5800940334317951,279.99999999999994,140.0
212.2,0.5795919195367424,279.99999999999994,140.0
212.24999999999997,0.579089938872611,279.99999999999994,140.0
212.29999999999998,0.578588091557933,279.99999999999994,140.0
212.35,0.5780863777112415,279.99999999999994,140.0
212.39999999999998,0.5775847974510699,279.99999999999994,140.0
212.45,0.5770833508959504,279.99999999999994,140.0
212.5,0.576582038164416,279.99999999999994,140.0
212.54999999999998,0.5760808593750001,279.99999999999994,140.0
212.6,0.5755798146462344,279.99999999999994,140.0
212.65,0.5750789040966533,279.99999999999994,140.0
212.7,0.5745781278447883,279.99999999999994,140.0
212.75,0.5740774860091726,279.99999999999994,140.0
212.79999999999998,0.57357697870834,279.99999999999994,140.0
212.85,0.5730766060608212,279.99999999999994,140.0
212.9,0.5725763681851513,279.99999999999994,140.0
212.95,0.5720762651998619,279.99999999999994,140.0
213.0,0.5715762972234869,279.99999999999994,140.0
213.05,0.5710764643745574,279.99999999999994,140.0
213.1,0.570576766771608,279.99999999999994,140.0
213.14999999999998,0.5700772045331703,279.99999999999994,140.0
213.2,0.5695777777777781,279.99999999999994,140.0
213.24999999999997,0.5690784866239632,279.99999999999994,140.0
213.29999999999998,0.5685793311902597,279.99999999999994,140.0
213.35,0.5680803115951993,279.99999999999994,140.0
213.39999999999998,0.5675814279573158,279.99999999999994,140.0
213.45,0.5670826803951412,279.99999999999994,140.0
213.49999999999997,0.5665840690272088,279.99999999999994,140.0
213.54999999999998,0.5660855939720514,279.99999999999994,140.0
213.6,0.5655872553482021,279.99999999999994,140.0
213.64999999999998,0.5650890532741933,279.99999999999994,140.0
213.7,0.5645909878685582,279.99999999999994,140.0
213.75,0.5640930592498294,279.99999999999994,140.0
213.79999999999998,0.5635952675365394,279.99999999999994,140.0
213.85,0.563097612847222,279.99999999999994,140.0
213.9,0.5626000953004093,279.99999999999994,140.0
213.95,0.5621027150146347,279.99999999999994,140.0
214.0,0.5616054721084309,279.99999999999994,140.0
214.05,0.56110836670033,279.99999999999994,140.0
214.1,0.5606113989088655,279.99999999999994,140.0
214.15,0.5601145688525702,279.99999999999994,140.0
214.2,0.5596178766499775,279.99999999999994,140.0
214.25,0.5591213224196191,279.99999999999994,140.0
214.29999999999998,0.5586249062800283,279.99999999999994,140.0
214.34999999999997,0.5581286283497388,279.99999999999994,140.0
214.39999999999998,0.5576324887472819,279.99999999999994,140.0
214.45,0.5571364875911912,279.99999999999994,140.0
214.49999999999997,0.556640625,279.99999999999994,140.0
214.54999999999998,0.5561449010922407,279.99999999999994,140.0
214.6,0.5556493159864466,279.99999999999994,140.0
214.64999999999998,0.5551538698011494,279.99999999999994,140.0
214.7,0.5546585626548827,279.99999999999994,140.0
214.75,0.5541633946661796,279.99999999999994,140.0
214.79999999999998,0.5536683659535733,279.99999999999994,140.0
214.85,0.5531734766355952,279.99999999999994,140.0
214.9,0.5526787268307791,279.99999999999994,140.0
214.95,0.5521841166576581,279.99999999999994,140.0
215.0,0.5516896462347646,279.99999999999994,140.0
215.04999999999998,0.5511953156806314,279.99999999999994,140.0
215.1,0.5507011251137914,279.99999999999994,140.0
215.15,0.5502070746527778,279.99999999999994,140.0
215.2,0.5497131644161226,279.99999999999994,140.0
215.25,0.5492193945223598,279.99999999999994,140.0
215.3,0.5487257650900219,279.99999999999994,140.0
215.35,0.5482322762376414,279.99999999999994,140.0
215.39999999999998,0.5477389280837506,279.99999999999994,140.0
215.45,0.5472457207468834,279.99999999999994,140.0
215.49999999999997,0.5467526543455721,279.99999999999994,140.0
215.54999999999998,0.5462597289983497,279.99999999999994,140.0
215.6,0.5457669448237498,279.99999999999994,140.0
215.64999999999998,0.5452743019403038,279.99999999999994,140.0
215.7,0.5447818004665452,279.99999999999994,140.0
215.75,0.5442894405210074,279.99999999999994,140.0
215.79999999999998,0.5437972222222224,279.99999999999994,140.0
215.85,0.5433051456887231,279.99999999999994,140.0
215.89999999999998,0.5428132110390431,279.99999999999994,140.0
215.95,0.5423214183917149,279.99999999999994,140.0
216.0,0.5418297678652712,279.99999999999994,140.0
216.04999999999998,0.5413382595782444,279.99999999999994,140.0
216.1,0.5408468936491679,279.99999999999994,140.0
216.15,0.540355670196575,279.99999999999994,140.0
216.2,0.5398645893389977,279.99999999999994,140.0
216.25,0.539373651194969,279.99999999999994,140.0
216.3,0.5388828558830221,279.99999999999994,140.0
216.35,0.5383922035216897,279.99999999999994,140.0
216.4,0.5379016942295047,279.99999999999994,140.0
216.45000000000002,0.5374113281249999,279.99999999999994,140.0
216.49999999999997,0.536921105326708,279.99999999999994,140.0
216.54999999999998,0.536431025953162,279.99999999999994,140.0
216.59999999999997,0.5359410901228951,279.99999999999994,140.0
216.64999999999998,0.5354512979544396,279.99999999999994,140.0
216.7,0.534961649566328,279.99999999999994,140.0
216.74999999999997,0.534472145077094,279.99999999999994,140.0
216.79999999999998,0.53398278460527,279.99999999999994,140.0
216.85,0.5334935682693892,279.99999999999994,140.0
216.89999999999998,0.5330044961879834,279.99999999999994,140.0
216.95,0.5325155684795873,279.99999999999994,140.0
217.0,0.5320267852627315,279.99999999999994,140.0
217.04999999999998,0.5315381466559513,279.99999999999994,140.0
217.1,0.531049652777778,279.99999999999994,140.0
217.15,0.5305613037467444,279.99999999999994,140.0
217.2,0.5300730996813834,279.99999999999994,140.0
217.25,0.5295850407002292,279.99999999999994,140.0
217.29999999999998,0.5290971269218127,279.99999999999994,140.0
217.35,0.5286093584646678,279.99999999999994,140.0
217.4,0.528121735447327,279.99999999999994,140.0
217.45,0.527634257988324,279.99999999999994,140.0
217.5,0.5271469262061901,279.99999999999994,140.0
217.55,0.5266597402194599,279.99999999999994,140.0
217.59999999999997,0.5261727001466648,279.99999999999994,140.0
217.64999999999998,0.5256858061063383,279.99999999999994,140.0
217.7,0.5251990582170137,279.99999999999994,140.0
217.74999999999997,0.5247124565972227,279.99999999999994,140.0
217.79999999999998,0.5242260013654984,279.99999999999994,140.0
217.85,0.523739692640375,279.99999999999994,140.0
217.89999999999998,0.5232535305403839,279.99999999999994,140.0
217.95,0.522767515184058,279.99999999999994,140.0
218.0,0.522281646689931,279.99999999999994,140.0
218.04999999999998,0.521795925176535,279.99999999999994,140.0
218.1,0.5213103507624034,279.99999999999994,140.0
218.14999999999998,0.5208249235660685,279.99999999999994,140.0
218.2,0.5203396437060637,279.99999999999994,140.0
218.25,0.5198545113009218,279.99999999999994,140.0
218.29999999999998,0.5193695264691754,279.99999999999994,140.0
218.35,0.5188846893293566,279.99999999999994,140.0
218.4,0.5184000000000002,279.99999999999994,140.0
218.45,0.5179154585996373,279.99999999999994,140.0
218.5,0.5174310652468014,279.99999999999994,140.0
218.55,0.5169468200600243,279.99999999999994,140.0
218.6,0.5164627231578416,279.99999999999994,140.0
218.65,0.5159787746587831,279.99999999999994,140.0
218.70000000000002,0.5154949746813836,279.99999999999994,140.0
218.74999999999997,0.5150113233441753,279.99999999999994,140.0
218.79999999999998,0.5145278207656906,279.99999999999994,140.0
218.84999999999997,0.5140444670644627,279.99999999999994,140.0
218.89999999999998,0.5135612623590255,279.99999999999994,140.0
218.95,0.5130782067679094,279.99999999999994,140.0
218.99999999999997,0.5125953004096497,279.99999999999994,140.0
219.04999999999998,0.5121125434027779,279.99999999999994,140.0
219.1,0.5116299358658272,279.99999999999994,140.0
219.14999999999998,0.5111474779173305,279.99999999999994,140.0
219.2,0.5106651696758205,279.99999999999994,140.0
219.25,0.5101830112598305,279.99999999999994,140.0
219.29999999999998,0.5097010027878927,279.99999999999994,140.0
219.35,0.5092191443785404,279.99999999999994,140.0
219.4,0.5087374361503059,279.99999999999994,140.0
219.45,0.508255878221723,279.99999999999994,140.0
219.5,0.5077744707113231,279.99999999999994,140.0
219.54999999999998,0.5072932137376409,279.99999999999994,140.0
219.6,0.5068121074192081,279.99999999999994,140.0
219.65,0.5063311518745576,279.99999999999994,140.0
219.7,0.5058503472222219,279.99999999999994,140.0
219.75,0.5053696935807349,279.99999999999994,140.0
219.8,0.5048891910686286,279.99999999999994,140.0
219.84999999999997,0.5044088398044366,279.99999999999994,140.0
219.89999999999998,0.5039286399066908,279.99999999999994,140.0
219.95,0.5034485914939248,279.99999999999994,140.0
219.99999999999997,0.5029686946846712,279.99999999999994,140.0
220.04999999999998,0.5024889495974626,279.99999999999994,140.0
220.1,0.5020093563508323,279.99999999999994,140.0
220.14999999999998,0.5015299150633125,279.99999999999994,140.0
220.2,0.5010506258534368,279.99999999999994,140.0
220.25,0.5005714888397377,279.99999999999994,140.0
220.29999999999998,0.5000925041407477,279.99999999999994,140.0
220.35,0.49961367187499994,279.99999999999994,140.0
220.39999999999998,0.49913499216102775,279.99999999999994,140.0
220.45,0.49865646511736367,279.99999999999994,140.0
220.5,0.4981780908625398,279.99999999999994,140.0
220.54999999999998,0.4976998695150901,279.99999999999994,140.0
220.6,0.49722180119354625,279.99999999999994,140.0
220.65,0.49674388601644304,279.99999999999994,140.0
220.7,0.49626612410231147,279.99999999999994,140.0
220.75,0.49578851556968445,279.99999999999994,140.0
220.8,0.495311060537096,279.99999999999994,140.0
220.85,0.4948337591230782,279.99999999999994,140.0
220.9,0.4943566114461637,279.99999999999994,140.0
220.95,0.4938796176248865,279.99999999999994,140.0
220.99999999999997,0.49340277777777797,279.99999999999994,140.0
221.04999999999998,0.4929260920233714,279.99999999999994,140.0
221.1,0.49244956048020017,279.99999999999994,140.0
221.14999999999998,0.491973183266797,279.99999999999994,140.0
221.2,0.49149696050169506,279.99999999999994,140.0
221.24999999999997,0.49102089230342544,279.99999999999994,140.0
221.29999999999998,0.4905449787905227,279.99999999999994,140.0
221.35,0.4900692200815193,279.99999999999994,140.0
221.39999999999998,0.4895936162949486,279.99999999999994,140.0
221.45,0.48911816754934095,279.99999999999994,140.0
221.5,0.48864287396323247,279.99999999999994,140.0
221.54999999999998,0.48816773565515437,279.99999999999994,140.0
221.6,0.4876927527436407,279.99999999999994,140.0
221.65,0.4872179253472222,279.99999999999994,140.0
221.7,0.48674325358443316,279.99999999999994,140.0
221.75,0.4862687375738062,279.99999999999994,140.0
221.8,0.48579437743387505,279.99999999999994,140.0
221.85,0.48532017328317006,279.99999999999994,140.0
221.9,0.4848461252402269,279.99999999999994,140.0
221.95,0.48437223342357677,279.99999999999994,140.0
222.0,0.48389849795175216,279.99999999999994,140.0
222.05,0.48342491894328804,279.99999999999994,140.0
222.09999999999997,0.4829514965167149,279.99999999999994,140.0
222.14999999999998,0.4824782307905665,279.99999999999994,140.0
222.2,0.48200512188337685,279.99999999999994,140.0
222.24999999999997,0.48153216991367676,279.99999999999994,140.0
222.29999999999998,0.48105937499999984,279.99999999999994,140.0
222.35,0.4805867372608803,279.99999999999994,140.0
222.39999999999998,0.4801142568148485,279.99999999999994,140.0
222.45,0.4796419337804394,279.99999999999994,140.0
222.5,0.4791697682761846,279.99999999999994,140.0
222.54999999999998,0.47869776042061774,279.99999999999994,140.0
222.6,0.478225910332271,279.99999999999994,140.0
222.64999999999998,0.47775421812967783,279.99999999999994,140.0
222.7,0.4772826839313714,279.99999999999994,140.0
222.75,0.4768113078558828,279.99999999999994,140.0
222.79999999999998,0.4763400900217467,279.99999999999994,140.0
222.85,0.4758690305474953,279.99999999999994,140.0
222.9,0.4753981295516615,279.99999999999994,140.0
222.95,0.47492738715277716,279.99999999999994,140.0
223.0,0.47445680346937696,279.99999999999994,140.0
223.05,0.47398637861999315,279.99999999999994,140.0
223.1,0.4735161127231575,279.99999999999994,140.0
223.15,0.47304600589740375,279.99999999999994,140.0
223.2,0.4725760582612659,279.99999999999994,140.0
223.24999999999997,0.472106269933274,279.99999999999994,140.0
223.29999999999998,0.47163664103196323,279.99999999999994,140.0
223.35,0.47116717167586525,279.99999999999994,140.0
223.39999999999998,0.47069786198351315,279.99999999999994,140.0
223.45,0.47022871207344,279.99999999999994,140.0
223.49999999999997,0.4697597220641778,279.99999999999994,140.0
223.54999999999998,0.4692908920742622,279.99999999999994,140.0
223.6,0.4688222222222219,279.99999999999994,140.0
223.64999999999998,0.4683537126265928,279.99999999999994,140.0
223.7,0.46788536340590703,279.99999999999994,140.0
223.75,0.46741717467869676,279.99999999999994,140.0
223.79999999999998,0.4669491465634958,279.99999999999994,140.0
223.85,0.4664812791788359,279.99999999999994,140.0
223.9,0.4660135726432512,279.99999999999994,140.0
223.95,0.4655460270752727,279.99999999999994,140.0
224.0,0.46507864259343573,279.99999999999994,140.0
224.05,0.46461141931627065,279.99999999999994,140.0
224.1,0.46414435736231197,279.99999999999994,140.0
224.15,0.4636774568500921,279.99999999999994,140.0
224.2,0.46321071789814433,279.99999999999994,140.0
224.25,0.462744140625,279.99999999999994,140.0
224.29999999999998,0.46227772514919385,279.99999999999994,140.0
224.34999999999997,0.46181147158925745,279.99999999999994,140.0
224.39999999999998,0.4613453800637233,279.99999999999994,140.0
224.45,0.460879450691126,279.99999999999994,140.0
224.49999999999997,0.4604136835899962,279.99999999999994,140.0
224.54999999999998,0.4599480788788689,279.99999999999994,140.0
224.6,0.4594826366762755,279.99999999999994,140.0
224.64999999999998,0.45901735710075003,279.99999999999994,140.0
224.7,0.45855224027082353,279.99999999999994,140.0
224.75,0.45808728630503043,279.99999999999994,140.0
224.79999999999998,0.45762249532190385,279.99999999999994,140.0
224.85,0.4571578674399746,279.99999999999994,140.0
224.89999999999998,0.45669340277777754,279.99999999999994,140.0
224.95,0.45622910145384443,279.99999999999994,140.0
225.0,0.45576496358670926,279.99999999999994,140.0
225.04999999999998,0.45530098929490365,279.99999999999994,140.0
225.1,0.4548371786969605,279.99999999999994,140.0
225.15,0.45437353191141355,279.99999999999994,140.0
225.2,0.4539100490567944,279.99999999999994,140.0
225.25,0.45344673025163723,279.99999999999994,140.0
225.3,0.45298357561447467,279.99999999999994,140.0
225.35,0.45252058526383815,279.99999999999994,140.0
225.39999999999998,0.4520577593182624,279.99999999999994,140.0
225.45,0.4515950978962792,279.99999999999994,140.0
225.49999999999997,0.45113260111642167,279.99999999999994,140.0
225.54999999999998,0.45067026909722246,279.99999999999994,140.0
225.6,0.45020810195721467,279.99999999999994,140.0
225.64999999999998,0.4497460998149307,279.99999999999994,140.0
225.7,0.44928426278890377,279.99999999999994,140.0
225.74999999999997,0.4488225909976676,279.99999999999994,140.0
225.79999999999998,0.4483610845597533,279.99999999999994,140.0
225.85,0.44789974359369455,279.99999999999994,140.0
225.89999999999998,0.4474385682180249,279.99999999999994,140.0
225.95,0.4469775585512762,279.99999999999994,140.0
226.0,0.44651671471198146,279.99999999999994,140.0
226.04999999999998,0.4460560368186729,279.99999999999994,140.0
226.1,0.44559552498988547,279.99999999999994,140.0
226.15,0.44513517934415014,279.99999999999994,140.0
226.2,0.4446749999999998,279.99999999999994,140.0
226.25,0.44421498707596885,279.99999999999994,140.0
226.3,0.44375514069058875,279.99999999999994,140.0
226.35,0.4432954609623919,279.99999999999994,140.0
226.4,0.4428359480099122,279.99999999999994,140.0
226.45,0.44237660195168277,279.99999999999994,140.0
226.5,0.4419174229062358,279.99999999999994,140.0
226.54999999999998,0.4414584109921046,279.99999999999994,140.0
226.59999999999997,0.4409995663278204,279.99999999999994,140.0
226.64999999999998,0.44054088903191857,279.99999999999994,140.0
226.7,0.44008237922293014,279.99999999999994,140.0
226.74999999999997,0.4396240370193891,279.99999999999994,140.0
226.79999999999998,0.43916586253982676,279.99999999999994,140.0
226.85,0.43870785590277767,279.99999999999994,140.0
226.89999999999998,0.43825001722677415,279.99999999999994,140.0
226.95,0.4377923466303481,279.99999999999994,140.0
227.0,0.43733484423203345,279.99999999999994,140.0
227.04999999999998,0.43687751015036297,279.99999999999994,140.0
227.1,0.4364203445038692,279.99999999999994,140.0
227.15,0.435963347411084,279.99999999999994,140.0
227.2,0.43550651899054243,279.99999999999994,140.0
227.25,0.4350498593607761,279.99999999999994,140.0
227.29999999999998,0.4345933686403174,279.99999999999994,140.0
227.35,0.4341370469476997,279.99999999999994,140.0
227.4,0.433680894401456,279.99999999999994,140.0
227.45,0.43322491112012,279.99999999999994,140.0
227.5,0.43276909722222273,279.99999999999994,140.0
227.55,0.43231345282629685,279.99999999999994,140.0
227.6,0.4318579780508766,279.99999999999994,140.0
227.64999999999998,0.4314026730144963,279.99999999999994,140.0
227.7,0.4309475378356845,279.99999999999994,140.0
227.74999999999997,0.43049257263297874,279.99999999999994,140.0
227.79999999999998,0.43003777752490757,279.99999999999994,140.0
227.85,0.42958315263000685,279.99999999999994,140.0
227.89999999999998,0.4291286980668086,279.99999999999994,140.0
227.95,0.428674413953845,279.99999999999994,140.0
227.99999999999997,0.4282203004096498,279.99999999999994,140.0
228.04999999999998,0.4277663575527552,279.99999999999994,140.0
228.1,0.4273125855016949,279.99999999999994,140.0
228.14999999999998,0.42685898437499986,279.99999999999994,140.0
228.2,0.42640555429120586,279.99999999999994,140.0
228.25,0.42595229536884266,279.99999999999994,140.0
228.29999999999998,0.4254992077264451,279.99999999999994,140.0
228.35,0.4250462914825457,279.99999999999994,140.0
228.4,0.42459354675567773,279.99999999999994,140.0
228.45,0.4241409736643721,279.99999999999994,140.0
228.5,0.4236885723271633,279.99999999999994,140.0
228.55,0.4232363428625836,279.99999999999994,140.0
228.6,0.4227842853891661,279.99999999999994,140.0
228.65,0.4223324000254449,279.99999999999994,140.0
228.7,0.4218806868899506,279.99999999999994,140.0
228.74999999999997,0.42142914610121807,279.99999999999994,140.0
228.79999999999998,0.4209777777777779,279.99999999999994,140.0
228.84999999999997,0.4205265820381641,279.99999999999994,140.0
228.89999999999998,0.42007555900091054,279.99999999999994,140.0
228.95,0.41962470878454844,279.99999999999994,140.0
228.99999999999997,0.41917403150761096,279.99999999999994,140.0
229.04999999999998,0.4187235272886323,279.99999999999994,140.0
229.1,0.41827319624614395,279.99999999999994,140.0
229.14999999999998,0.4178230384986787,279.99999999999994,140.0
229.2,0.41737305416477033,279.99999999999994,140.0
229.25,0.4169232433629509,279.99999999999994,140.0
229.29999999999998,0.41647360621175333,279.99999999999994,140.0
229.35,0.4160241428297109,279.99999999999994,140.0
229.4,0.4155748533353564,279.99999999999994,140.0
229.45,0.4151257378472228,279.99999999999994,140.0
229.5,0.41467679648384165,279.99999999999994,140.0
229.54999999999998,0.41422802936374725,279.99999999999994,140.0
229.6,0.413779436605472,279.99999999999994,140.0
229.65,0.4133310183275491,279.99999999999994,140.0
229.7,0.4128827746485102,279.99999999999994,140.0
229.75,0.41243470568689006,279.99999999999994,140.0
229.8,0.41198681156122013,279.99999999999994,140.0
229.84999999999997,0.41153909239003317,279.99999999999994,140.0
229.89999999999998,0.4110915482918628,279.99999999999994,140.0
229.95,0.4106441793852411,279.99999999999994,140.0
229.99999999999997,0.4101969857887014,279.99999999999994,140.0
230.04999999999998,0.4097499676207776,279.99999999999994,140.0
230.1,0.40930312500000016,279.99999999999994,140.0
230.14999999999998,0.40885645804490345,279.99999999999994,140.0
230.2,0.40840996687402004,279.99999999999994,140.0
230.25,0.4079636516058834,279.99999999999994,140.0
230.29999999999998,0.4075175123590248,279.99999999999994,140.0
230.35,0.4070715492519785,279.99999999999994,140.0
230.39999999999998,0.4066257624032776,279.99999999999994,140.0
230.45,0.4061801519314531,279.99999999999994,140.0
230.5,0.40573471795503957,279.99999999999994,140.0
230.54999999999998,0.4052894605925695,279.99999999999994,140.0
230.6,0.40484437996257494,279.99999999999994,140.0
230.65,0.40439947618358996,279.99999999999994,140.0
230.7,0.40395474937414616,279.99999999999994,140.0
230.75,0.4035101996527778,279.99999999999994,140.0
230.8,0.40306582713801686,279.99999999999994,140.0
230.85,0.4026216319483956,279.99999999999994,140.0
230.9,0.40217761420244774,279.99999999999994,140.0
230.95000000000002,0.4017337740187053,279.99999999999994,140.0
230.99999999999997,0.40129011151570365,279.99999999999994,140.0
231.04999999999998,0.4008466268119728,279.99999999999994,140.0
231.09999999999997,0.4004033200260457,279.99999999999994,140.0
231.14999999999998,0.3999601912764562,279.99999999999994,140.0
231.2,0.3995172406817381,279.99999999999994,140.0
231.24999999999997,0.3990744683604219,279.99999999999994,140.0
231.29999999999998,0.39863187443104287,279.99999999999994,140.0
231.35,0.39818945901213165,279.99999999999994,140.0
231.39999999999998,0.3977472222222227,279.99999999999994,140.0
231.45,0.397305164179847,279.99999999999994,140.0
231.5,0.39686328500354023,279.99999999999994,140.0
231.54999999999998,0.3964215848118334,279.99999999999994,140.0
231.6,0.3959800637232591,279.99999999999994,140.0
231.65,0.39553872185635036,279.99999999999994,140.0
231.7,0.3950975593296414,279.99999999999994,140.0
231.75,0.3946565762616638,279.99999999999994,140.0
231.79999999999998,0.3942157727709499,279.99999999999994,140.0
231.85,0.3937751489760345,279.99999999999994,140.0
231.9,0.3933347049954486,279.99999999999994,140.0
231.95,0.39289444094772524,279.99999999999994,140.0
232.0,0.3924543569513978,279.99999999999994,140.0
232.05,0.3920144531249997,279.99999999999994,140.0
232.09999999999997,0.3915747295870634,279.99999999999994,140.0
232.14999999999998,0.3911351864561213,279.99999999999994,140.0
232.2,0.3906958238507064,279.99999999999994,140.0
232.24999999999997,0.3902566418893505,279.99999999999994,140.0
232.29999999999998,0.3898176406905888,279.99999999999994,140.0
232.35,0.3893788203729518,279.99999999999994,140.0
232.39999999999998,0.3889401810549744,279.99999999999994,140.0
232.45,0.3885017228551873,279.99999999999994,140.0
232.5,0.38806344589212605,279.99999999999994,140.0
232.54999999999998,0.3876253502843207,279.99999999999994,140.0
232.6,0.38718743615030604,279.99999999999994,140.0
232.64999999999998,0.3867497036086141,279.99999999999994,140.0
232.7,0.38631215277777814,279.99999999999994,140.0
232.75,0.3858747837763295,279.99999999999994,140.0
232.79999999999998,0.3854375967228034,279.99999999999994,140.0
232.85,0.3850005917357318,279.99999999999994,140.0
232.9,0.3845637689336468,279.99999999999994,140.0
232.95,0.38412712843508173,279.99999999999994,140.0
233.0,0.38369067035856935,279.99999999999994,140.0
233.05,0.3832543948226439,279.99999999999994,140.0
233.1,0.3828183019458348,279.99999999999994,140.0
233.15,0.38238239184667816,279.99999999999994,140.0
233.2,0.3819466646437064,279.99999999999994,140.0
233.24999999999997,0.3815111204554513,279.99999999999994,140.0
233.29999999999998,0.38107575940044486,279.99999999999994,140.0
233.34999999999997,0.3806405815972228,279.99999999999994,140.0
233.39999999999998,0.38020558716431513,279.99999999999994,140.0
233.45,0.37977077622025585,279.99999999999994,140.0
233.49999999999997,0.37933614888357814,279.99999999999994,140.0
233.54999999999998,0.3789017052728154,279.99999999999994,140.0
233.6,0.37846744550649886,279.99999999999994,140.0
233.64999999999998,0.3780333697031622,279.99999999999994,140.0
233.7,0.3775994779813381,279.99999999999994,140.0
233.75,0.37716577045956007,279.99999999999994,140.0
233.79999999999998,0.3767322472563595,279.99999999999994,140.0
233.85,0.3762989084902707,279.99999999999994,140.0
233.9,0.37586575427982627,279.99999999999994,140.0
233.95,0.375432784743558,279.99999999999994,140.0
234.0,0.375,279.99999999999994,140.0
234.04999999999998,0.374567400167684,279.99999999999994,140.0
234.1,0.37413498536514483,279.99999999999994,140.0
234.15,0.37370275571091255,279.99999999999994,140.0
234.2,0.3732707113235218,279.99999999999994,140.0
234.25,0.3728388523215059,279.99999999999994,140.0
234.29999999999998,0.37240717882339597,279.99999999999994,140.0
234.34999999999997,0.3719756909477254,279.99999999999994,140.0
234.39999999999998,0.37154438881302787,279.99999999999994,140.0
234.45,0.37111327253783577,279.99999999999994,140.0
234.49999999999997,0.37068234224068186,279.99999999999994,140.0
234.54999999999998,0.37025159804009894,279.99999999999994,140.0
234.6,0.36982104005461996,279.99999999999994,140.0
234.64999999999998,0.3693906684027779,279.99999999999994,140.0
234.7,0.36896048320310565,279.99999999999994,140.0
234.75,0.3685304845741352,279.99999999999994,140.0
234.79999999999998,0.36810067263440105,279.99999999999994,140.0
234.85,0.3676710475024338,279.99999999999994,140.0
234.89999999999998,0.3672416092967684,279.99999999999994,140.0
234.95,0.36681235813593704,279.99999999999994,140.0
235.0,0.3663832941384713,279.99999999999994,140.0
235.04999999999998,0.36595441742290624,279.99999999999994,140.0
235.1,0.3655257281077731,279.99999999999994,140.0
235.15,0.36509722631160596,279.99999999999994,140.0
235.2,0.36466891215293556,279.99999999999994,140.0
235.25,0.36424078575029695,279.99999999999994,140.0
235.3,0.36381284722222273,279.99999999999994,140.0
235.35,0.363385096687244,279.99999999999994,140.0
235.4,0.3629575342638954,279.99999999999994,140.0
235.45,0.36253016007070904,279.99999999999994,140.0
235.49999999999997,0.362102974226218,279.99999999999994,140.0
235.54999999999998,0.3616759768489539,279.99999999999994,140.0
235.6,0.36124916805745205,279.99999999999994,140.0
235.64999999999998,0.36082254797024316,279.99999999999994,140.0
235.7,0.36039611670586147,279.99999999999994,140.0
235.74999999999997,0.3599698743828389,279.99999999999994,140.0
235.79999999999998,0.35954382111970834,279.99999999999994,140.0
235.85,0.3591179570350032,279.99999999999994,140.0
235.89999999999998,0.35869228224725597,279.99999999999994,140.0
235.95,0.35826679687499974,279.99999999999994,140.0
236.0,0.3578415010367669,279.99999999999994,140.0
236.04999999999998,0.3574163948510909,279.99999999999994,140.0
236.1,0.3569914784365042,279.99999999999994,140.0
236.15,0.3565667519115399,279.99999999999994,140.0
236.2,0.35614221539472984,279.99999999999994,140.0
236.25,0.35571786900460833,279.99999999999994,140.0
236.3,0.35529371285970723,279.99999999999994,140.0
236.35,0.3548697470785605,279.99999999999994,140.0
236.4,0.3544459717796999,279.99999999999994,140.0
236.45,0.35402238708165823,279.99999999999994,140.0
236.5,0.3535989931029689,279.99999999999994,140.0
236.54999999999998,0.3531757899621639,279.99999999999994,140.0
236.59999999999997,0.35275277777777764,279.99999999999994,140.0
236.64999999999998,0.3523299566683419,279.99999999999994,140.0
236.7,0.35190732675238956,279.99999999999994,140.0
236.74999999999997,0.3514848881484539,279.99999999999994,140.0
236.79999999999998,0.35106264097506723,279.99999999999994,140.0
236.85,0.35064058535076226,279.99999999999994,140.0
236.89999999999998,0.3502187213940724,279.99999999999994,140.0
236.95,0.34979704922353105,279.99999999999994,140.0
237.0,0.34937556895766964,279.99999999999994,140.0
237.04999999999998,0.3489542807150215,279.99999999999994,140.0
237.1,0.3485331846141205,279.99999999999994,140.0
237.14999999999998,0.34811228077349854,279.99999999999994,140.0
237.2,0.3476915693116882,279.99999999999994,140.0
237.25,0.34727105034722205,279.99999999999994,140.0
237.29999999999998,0.3468507239986348,279.99999999999994,140.0
237.35,0.3464305903844577,279.99999999999994,140.0
237.4,0.34601064962322353,279.99999999999994,140.0
237.45,0.3455909018334665,279.99999999999994,140.0
237.5,0.34517134713371833,279.99999999999994,140.0
237.55,0.3447519856425107,279.99999999999994,140.0
237.6,0.34433281747837935,279.99999999999994,140.0
237.64999999999998,0.3439138427598558,279.99999999999994,140.0
237.7,0.3434950616054724,279.99999999999994,140.0
237.74999999999997,0.3430764741337616,279.99999999999994,140.0
237.79999999999998,0.34265808046325813,279.99999999999994,140.0
237.85,0.34223988071249356,279.99999999999994,140.0
237.89999999999998,0.3418218750000004,279.99999999999994,140.0
237.95,0.3414040634443119,279.99999999999994,140.0
237.99999999999997,0.3409864461639611,279.99999999999994,140.0
238.04999999999998,0.340569023277481,279.99999999999994,140.0
238.1,0.3401517949034033,279.99999999999994,140.0
238.14999999999998,0.339734761160263,279.99999999999994,140.0
238.2,0.3393179221665914,279.99999999999994,140.0
238.25,0.33890127804092146,279.99999999999994,140.0
238.29999999999998,0.3384848289017856,279.99999999999994,140.0
238.35,0.3380685748677174,279.99999999999994,140.0
238.4,0.3376525160572502,279.99999999999994,140.0
238.45,0.33723665258891555,279.99999999999994,140.0
238.5,0.3368209845812475,279.99999999999994,140.0
238.55,0.3364055121527779,279.99999999999994,140.0
238.6,0.33599023542204026,279.99999999999994,140.0
238.65,0.3355751545075665,279.99999999999994,140.0
238.7,0.3351602695278916,279.99999999999994,140.0
238.74999999999997,0.3347455806015465,279.99999999999994,140.0
238.79999999999998,0.33433108784706445,279.99999999999994,140.0
238.84999999999997,0.3339167913829783,279.99999999999994,140.0
238.89999999999998,0.33350269132782046,279.99999999999994,140.0
238.95,0.3330887878001247,279.99999999999994,140.0
238.99999999999997,0.33267508091842446,279.99999999999994,140.0
239.04999999999998,0.332261570801251,279.99999999999994,140.0
239.1,0.33184825756713726,279.99999999999994,140.0
239.14999999999998,0.33143514133461716,279.99999999999994,140.0
239.2,0.3310222222222221,279.99999999999994,140.0
239.25,0.3306095003484867,279.99999999999994,140.0
239.29999999999998,0.330196975831942,279.99999999999994,140.0
239.35,0.329784648791123,279.99999999999994,140.0
239.4,0.3293725193445602,279.99999999999994,140.0
239.45,0.3289605876107888,279.99999999999994,140.0
239.5,0.3285488537083392,279.99999999999994,140.0
239.54999999999998,0.3281373177557466,279.99999999999994,140.0
239.6,0.32772597987154206,279.99999999999994,140.0
239.65,0.3273148401742594,279.99999999999994,140.0
239.7,0.3269038987824306,279.99999999999994,140.0
239.75,0.32649315581458915,279.99999999999994,140.0
239.8,0.3260826113892681,279.99999999999994,140.0
239.85,0.3256722656249999,279.99999999999994,140.0
239.89999999999998,0.32526211864031784,279.99999999999994,140.0
239.95,0.32485217055375404,279.99999999999994,140.0
239.99999999999997,0.32444242148384167,279.99999999999994,140.0
240.04999999999998,0.32403287154911414,279.99999999999994,140.0
240.1,0.3236235208681028,279.99999999999994,140.0
240.14999999999998,0.32321436955934224,279.99999999999994,140.0
240.2,0.322805417741365,279.99999999999994,140.0
240.24999999999997,0.32239666553270246,279.99999999999994,140.0
240.29999999999998,0.32198811305188907,279.99999999999994,140.0
240.35,0.3215797604174572,279.99999999999994,140.0
240.39999999999998,0.3211716077479386,279.99999999999994,140.0
240.45,0.3207636551618682,279.99999999999994,140.0
240.5,0.32035590277777787,279.99999999999994,140.0
240.54999999999998,0.3199483507142002,279.99999999999994,140.0
240.6,0.3195409990896674,279.99999999999994,140.0
240.65,0.3191338480227139,279.99999999999994,140.0
240.7,0.31872689763187106,279.99999999999994,140.0
240.75,0.31832014803567343,279.99999999999994,140.0
240.8,0.31791359935265173,279.99999999999994,140.0
240.85,0.31750725170134136,279.99999999999994,140.0
240.9,0.3171011052002735,279.99999999999994,140.0
240.95,0.3166951599679802,279.99999999999994,140.0
240.99999999999997,0.3162894161229968,279.99999999999994,140.0
241.04999999999998,0.31588387378385324,279.99999999999994,140.0
241.09999999999997,0.3154785330690842,279.99999999999994,140.0
241.14999999999998,0.3150733940972226,279.99999999999994,140.0
241.2,0.3146684569868008,279.99999999999994,140.0
241.24999999999997,0.31426372185635126,279.99999999999994,140.0
241.29999999999998,0.3138591888244071,279.99999999999994,140.0
241.35,0.31345485800950207,279.99999999999994,140.0
241.39999999999998,0.31305072953016794,279.99999999999994,140.0
241.45,0.3126468035049375,279.99999999999994,140.0
241.5,0.3122430800523438,279.99999999999994,140.0
241.54999999999998,0.3118395592909204,279.99999999999994,140.0
241.6,0.31143624133919984,279.99999999999994,140.0
241.65,0.3110331263157146,279.99999999999994,140.0
241.7,0.31063021433899757,279.99999999999994,140.0
241.75,0.3102275055275819,279.99999999999994,140.0
241.79999999999998,0.30982499999999946,279.99999999999994,140.0
241.85,0.30942269787478477,279.99999999999994,140.0
241.9,0.3090205992704697,279.99999999999994,140.0
241.95,0.30861870430558686,279.99999999999994,140.0
242.0,0.30821701309867,279.99999999999994,140.0
242.05,0.3078155257682507,279.99999999999994,140.0
242.09999999999997,0.3074142424328629,279.99999999999994,140.0
242.14999999999998,0.3070131632110393,279.99999999999994,140.0
242.2,0.30661228822131176,279.99999999999994,140.0
242.24999999999997,0.3062116175822142,279.99999999999994,140.0
242.29999999999998,0.3058111514122798,279.99999999999994,140.0
242.35,0.3054108898300398,279.99999999999994,140.0
242.39999999999998,0.3050108329540287,279.99999999999994,140.0
242.45,0.304610980902778,279.99999999999994,140.0
242.49999999999997,0.3042113337948211,279.99999999999994,140.0
242.54999999999998,0.30381189174869144,279.99999999999994,140.0
242.6,0.30341265488292174,279.99999999999994,140.0
242.64999999999998,0.3030136233160435,279.99999999999994,140.0
242.7,0.3026147971665909,279.99999999999994,140.0
242.75,0.3022161765530963,279.99999999999994,140.0
242.79999999999998,0.3018177615940929,279.99999999999994,140.0
242.85,0.3014195524081132,279.99999999999994,140.0
242.9,0.30102154911369067,279.99999999999994,140.0
242.95,0.3006237518293574,279.99999999999994,140.0
243.0,0.3002261606736457,279.99999999999994,140.0
243.05,0.29982877576509,279.99999999999994,140.0
243.1,0.29943159722222223,279.99999999999994,140.0
243.15,0.2990346251635751,279.99999999999994,140.0
243.2,0.29863785970768264,279.99999999999994,140.0
243.24999999999997,0.29824130097307583,279.99999999999994,140.0
243.29999999999998,0.29784494907828846,279.99999999999994,140.0
243.34999999999997,0.2974488041418542,279.99999999999994,140.0
243.39999999999998,0.29705286628230365,279.99999999999994,140.0
243.45,0.2966571356181725,279.99999999999994,140.0
243.49999999999997,0.29626161226799164,279.99999999999994,140.0
243.54999999999998,0.29586629635029504,279.99999999999994,140.0
243.6,0.29547118798361377,279.99999999999994,140.0
243.64999999999998,0.2950762872864826,279.99999999999994,140.0
243.7,0.29468159437743335,279.99999999999994,140.0
243.75,0.29428710937499997,279.99999999999994,140.0
243.79999999999998,0.29389283239771413,279.99999999999994,140.0
243.85,0.2934987635641093,279.99999999999994,140.0
243.9,0.29310490299271724,279.99999999999994,140.0
243.95,0.292711250802072,279.99999999999994,140.0
244.0,0.29231780711070643,279.99999999999994,140.0
244.04999999999998,0.29192457203715266,279.99999999999994,140.0
244.1,0.2915315456999445,279.99999999999994,140.0
244.15,0.2911387282176137,279.99999999999994,140.0
244.19999999999996,0.29074611970869374,279.99999999999994,140.0
244.25,0.290353720291717,279.99999999999994,140.0
244.29999999999998,0.2899615300852172,279.99999999999994,140.0
244.35,0.2895695492077262,279.99999999999994,140.0
244.39999999999998,0.28917777777777776,279.99999999999994,140.0
244.45000000000002,0.28878621591390413,279.99999999999994,140.0
244.49999999999997,0.28839486373463785,279.99999999999994,140.0
244.55,0.2880037213585133,279.99999999999994,140.0
244.6,0.2876127889040611,279.99999999999994,140.0
244.65,0.28722206648981546,279.99999999999994,140.0
244.7,0.28683155423430956,279.99999999999994,140.0
244.75,0.2864412522560745,279.99999999999994,140.0
244.79999999999998,0.28605116067364544,279.99999999999994,140.0
244.85000000000002,0.2856612796055544,279.99999999999994,140.0
244.89999999999998,0.2852716091703327,279.99999999999994,140.0
244.94999999999996,0.2848821494865158,279.99999999999994,140.0
245.0,0.2844929006726337,279.99999999999994,140.0
245.04999999999995,0.28410386284722233,279.99999999999994,140.0
245.1,0.2837150361288125,279.99999999999994,140.0
245.14999999999998,0.2833264206359367,279.99999999999994,140.0
245.2,0.2829380164871286,279.99999999999994,140.0
245.24999999999997,0.28254982380092225,279.99999999999994,140.0
245.3,0.282161842695848,279.99999999999994,140.0
245.34999999999997,0.2817740732904401,279.99999999999994,140.0
245.4,0.28138651570323137,279.99999999999994,140.0
245.45,0.2809991700527544,279.99999999999994,140.0
245.5,0.28061203645754346,279.99999999999994,140.0
245.54999999999998,0.28022511503612896,279.99999999999994,140.0
245.6,0.27983840590704456,279.99999999999994,140.0
245.64999999999998,0.27945190918882457,279.99999999999994,140.0
245.70000000000002,0.2790656249999994,279.99999999999994,140.0
245.74999999999997,0.2786795534591047,279.99999999999994,140.0
245.8,0.2782936946846711,279.99999999999994,140.0
245.85,0.27790804879523234,279.99999999999994,140.0
245.9,0.2775226159093207,279.99999999999994,140.0
245.95,0.2771373961454704,279.99999999999994,140.0
245.99999999999997,0.276752389622213,279.99999999999994,140.0
246.04999999999998,0.2763675964580804,279.99999999999994,140.0
246.09999999999997,0.2759830167716081,279.99999999999994,140.0
246.15,0.275598650681327,279.99999999999994,140.0
246.19999999999996,0.2752144983057704,279.99999999999994,140.0
246.25,0.2748305597634713,279.99999999999994,140.0
246.29999999999998,0.2744468351729627,279.99999999999994,140.0
246.35,0.27406332465277794,279.99999999999994,140.0
246.39999999999998,0.27368002832144916,279.99999999999994,140.0
246.45,0.27329694629750767,279.99999999999994,140.0
246.49999999999997,0.2729140786994896,279.99999999999994,140.0
246.55,0.2725314256459249,279.99999999999994,140.0
246.59999999999997,0.2721489872553482,279.99999999999994,140.0
246.65,0.27176676364629176,279.99999999999994,140.0
246.7,0.27138475493728853,279.99999999999994,140.0
246.75,0.2710029612468709,279.99999999999994,140.0
246.79999999999998,0.27062138269357183,279.99999999999994,140.0
246.85000000000002,0.2702400193959247,279.99999999999994,140.0
246.89999999999998,0.2698588714724624,279.99999999999994,140.0
246.95000000000002,0.26947793904171663,279.99999999999994,140.0
247.0,0.26909722222222265,279.99999999999994,140.0
247.05,0.2687167211325105,279.99999999999994,140.0
247.1,0.2683364358911145,279.99999999999994,140.0
247.14999999999995,0.2679563666165673,279.99999999999994,140.0
247.2,0.2675765134274008,279.99999999999994,140.0
247.24999999999997,0.2671968764421496,279.99999999999994,140.0
247.29999999999998,0.2668174557793462,279.99999999999994,140.0
247.34999999999997,0.266438251557522,279.99999999999994,140.0
247.4,0.26605926389521073,279.99999999999994,140.0
247.44999999999996,0.2656804929109457,279.99999999999994,140.0
247.5,0.26530193872325947,279.99999999999994,140.0
247.54999999999998,0.26492360145068394,279.99999999999994,140.0
247.6,0.2645454812117536,279.99999999999994,140.0
247.64999999999998,0.26416757812499975,279.99999999999994,140.0
247.70000000000002,0.2637898923089564,279.99999999999994,140.0
247.74999999999997,0.26341242388215663,279.99999999999994,140.0
247.8,0.26303517296313145,279.99999999999994,140.0
247.84999999999997,0.2626581396704146,279.99999999999994,140.0
247.9,0.2622813241225408,279.99999999999994,140.0
247.95,0.2619047264380402,279.99999999999994,140.0
248.0,0.2615283467354473,279.99999999999994,140.0
248.04999999999998,0.26115218513329397,279.99999999999994,140.0
248.10000000000002,0.26077624175011316,279.99999999999994,140.0
248.14999999999998,0.2604005167044388,279.99999999999994,140.0
248.20000000000002,0.2600250101148033,279.99999999999994,140.0
248.25,0.2596497220997385,279.99999999999994,140.0
248.29999999999995,0.25927465277777784,279.99999999999994,140.0
248.35,0.25889980226745485,279.99999999999994,140.0
248.39999999999998,0.2585251706873013,279.99999999999994,140.0
248.45,0.2581507581558496,279.99999999999994,140.0
248.49999999999997,0.2577765647916353,279.99999999999994,140.0
248.54999999999998,0.2574025907131881,279.99999999999994,140.0
248.59999999999997,0.25702883603904264,279.99999999999994,140.0
248.65,0.25665530088773175,279.99999999999994,140.0
248.69999999999996,0.2562819853777883,279.99999999999994,140.0
248.75,0.2559088896277437,279.99999999999994,140.0
248.79999999999998,0.25553601375613244,279.99999999999994,140.0
248.85,0.2551633578814858,279.99999999999994,140.0
248.89999999999998,0.25479092212233884,279.99999999999994,140.0
248.95000000000002,0.2544187065972219,279.99999999999994,140.0
248.99999999999997,0.25404671142466934,279.99999999999994,140.0
249.05,0.25367493672321473,279.99999999999994,140.0
249.1,0.25330338261138935,279.99999999999994,140.0
249.15,0.2529320492077261,279.99999999999994,140.0
249.2,0.25256093663075896,279.99999999999994,140.0
249.25,0.2521900449990198,279.99999999999994,140.0
249.29999999999998,0.2518193744310427,279.99999999999994,140.0
249.34999999999997,0.25144892504535876,279.99999999999994,140.0
249.39999999999998,0.2510786969605016,279.99999999999994,140.0
249.44999999999996,0.2507086902950052,279.99999999999994,140.0
249.5,0.25033890516740026,279.99999999999994,140.0
249.54999999999995,0.24996934169622073,279.99999999999994,140.0
249.6,0.24959999999999968,279.99999999999994,140.0
249.64999999999998,0.24923088019726994,279.99999999999994,140.0
249.7,0.2488619824065644,279.99999999999994,140.0
249.74999999999997,0.24849330674641548,279.99999999999994,140.0
249.8,0.2481248533353561,279.99999999999994,140.0
249.84999999999997,0.2477566222919197,279.99999999999994,140.0
249.9,0.24738861373463814,279.99999999999994,140.0
249.95,0.24702082778204484,279.99999999999994,140.0
250.0,0.24665326455267225,279.99999999999994,140.0
250.04999999999998,0.2462859241650548,279.99999999999994,140.0
250.1,0.24591880673772337,279.99999999999994,140.0
250.14999999999998,0.24555191238921076,279.99999999999994,140.0
250.20000000000002,0.2451852412380516,279.99999999999994,140.0
250.24999999999997,0.2448187934027782,279.99999999999994,140.0
250.3,0.24445256900192192,279.99999999999994,140.0
250.35,0.24408656815401775,279.99999999999994,140.0
250.4,0.24372079097759547,279.99999999999994,140.0
250.45,0.24335523759119068,279.99999999999994,140.0
250.49999999999997,0.2429899081133362,279.99999999999994,140.0
250.54999999999998,0.24262480266256392,279.99999999999994,140.0
250.59999999999997,0.24225992135740632,279.99999999999994,140.0
250.65,0.24189526431639782,279.99999999999994,140.0
250.69999999999996,0.24153083165806918,279.99999999999994,140.0
250.75,0.24116662350095394,279.99999999999994,140.0
250.79999999999998,0.24080263996358703,279.99999999999994,140.0
250.85,0.24043888116449832,279.99999999999994,140.0
250.89999999999998,0.24007534722222218,279.99999999999994,140.0
250.95,0.23971203825529114,279.99999999999994,140.0
250.99999999999997,0.2393489543822385,279.99999999999994,140.0
251.05,0.23898609572159624,279.99999999999994,140.0
251.09999999999997,0.23862346239189877,279.99999999999994,140.0
251.15,0.23826105451167637,279.99999999999994,140.0
251.2,0.23789887219946468,279.99999999999994,140.0
251.25,0.23753691557379336,279.99999999999994,140.0
251.29999999999998,0.2371751847531991,279.99999999999994,140.0
251.35000000000002,0.23681367985621157,279.99999999999994,140.0
251.39999999999998,0.23645240100136639,279.99999999999994,140.0
251.45000000000002,0.23609134830719328,279.99999999999994,140.0
251.5,0.2357305218922267,279.99999999999994,140.0
251.54999999999995,0.23536992187500017,279.99999999999994,140.0
251.6,0.23500954837404553,279.99999999999994,140.0
251.64999999999998,0.23464940150789565,279.99999999999994,140.0
251.7,0.23428948139508454,279.99999999999994,140.0
251.74999999999997,0.23392978815414353,279.99999999999994,140.0
251.79999999999998,0.23357032190360555,279.99999999999994,140.0
251.84999999999997,0.2332110827620056,279.99999999999994,140.0
251.9,0.2328520708478729,279.99999999999994,140.0
251.94999999999996,0.23249328627974356,279.99999999999994,140.0
252.0,0.23213472917614889,279.99999999999994,140.0
252.04999999999998,0.23177639965562286,279.99999999999994,140.0
252.1,0.23141829783669576,279.99999999999994,140.0
252.14999999999998,0.23106042383790476,279.99999999999994,140.0
252.20000000000002,0.23070277777777795,279.99999999999994,140.0
252.24999999999997,0.2303453597748504,279.99999999999994,140.0
252.3,0.2299881699476561,279.99999999999994,140.0
252.35,0.2296312084147269,279.99999999999994,140.0
252.4,0.22927447529459355,279.99999999999994,140.0
252.45,0.2289179707057917,279.99999999999994,140.0
252.5,0.2285616947668542,279.99999999999994,140.0
252.54999999999998,0.22820564759631132,279.99999999999994,140.0
252.60000000000002,0.22784982931269918,279.99999999999994,140.0
252.64999999999998,0.22749424003454857,279.99999999999994,140.0
252.69999999999996,0.22713887988039244,279.99999999999994,140.0
252.75,0.22678374896876413,279.99999999999994,140.0
252.79999999999995,0.22642884741819672,279.99999999999994,140.0
252.85,0.2260741753472219,279.99999999999994,140.0
252.89999999999998,0.22571973287437483,279.99999999999994,140.0
252.95,0.22536552011818464,279.99999999999994,140.0
252.99999999999997,0.225011537197188,279.99999999999994,140.0
253.05,0.22465778422991567,279.99999999999994,140.0
253.09999999999997,0.22430426133490167,279.99999999999994,140.0
253.15,0.2239509686306768,279.99999999999994,140.0
253.2,0.22359790623577652,279.99999999999994,140.0
253.25,0.22324507426873177,279.99999999999994,140.0
253.29999999999998,0.2228924728480754,279.99999999999994,140.0
253.35,0.2225401020923419,279.99999999999994,140.0
253.39999999999998,0.22218796212006264,279.99999999999994,140.0
253.45000000000002,0.22183605304977155,279.99999999999994,140.0
253.49999999999997,0.22148437499999998,279.99999999999994,140.0
253.55,0.221132928089283,279.99999999999994,140.0
253.6,0.22078171243615027,279.99999999999994,140.0
253.65,0.22043072815913742,279.99999999999994,140.0
253.7,0.22007997537677682,279.99999999999994,140.0
253.75000000000003,0.21972945420759976,279.99999999999994,140.0
253.79999999999998,0.2193791647701408,279.99999999999994,140.0
253.84999999999997,0.21902910718293284,279.99999999999994,140.0
253.9,0.2186792815645072,279.99999999999994,140.0
253.94999999999996,0.21832968803339892,279.99999999999994,140.0
254.0,0.21798032670813716,279.99999999999994,140.0
254.04999999999995,0.21763119770725864,279.99999999999994,140.0
254.1,0.2172823011492941,279.99999999999994,140.0
254.14999999999998,0.21693363715277858,279.99999999999994,140.0
254.2,0.21658520583624127,279.99999999999994,140.0
254.24999999999997,0.21623700731821777,279.99999999999994,140.0
254.3,0.21588904171724096,279.99999999999994,140.0
254.34999999999997,0.21554130915184225,279.99999999999994,140.0
254.4,0.2151938097405555,279.99999999999994,140.0
254.45,0.21484654360191316,279.99999999999994,140.0
254.5,0.21449951085444816,279.99999999999994,140.0
254.54999999999998,0.2141527116166934,279.99999999999994,140.0
254.60000000000002,0.2138061460071812,279.99999999999994,140.0
254.64999999999998,0.21345981414444565,279.99999999999994,140.0
254.70000000000002,0.21311371614701854,279.99999999999994,140.0
254.74999999999997,0.21276785213343336,279.99999999999994,140.0
254.8,0.21242222222222293,279.99999999999994,140.0
254.85,0.2120768265319187,279.99999999999994,140.0
254.89999999999995,0.21173166518105457,279.99999999999994,140.0
254.95,0.21138673828816454,279.99999999999994,140.0
254.99999999999997,0.2110420459717794,279.99999999999994,140.0
255.04999999999998,0.21069758835043312,279.99999999999994,140.0
255.09999999999997,0.2103533655426597,279.99999999999994,140.0
255.15,0.21000937766698938,279.99999999999994,140.0
255.19999999999996,0.20966562484195617,279.99999999999994,140.0
255.25,0.20932210718609295,279.99999999999994,140.0
255.29999999999998,0.20897882481793317,279.99999999999994,140.0
255.35,0.2086357778560087,279.99999999999994,140.0
255.39999999999998,0.2082929664188535,279.99999999999994,140.0
255.45,0.20795039062500054,279.99999999999994,140.0
255.49999999999997,0.20760805059297952,279.99999999999994,140.0
255.55,0.207265946441327,279.99999999999994,140.0
255.59999999999997,0.20692407828857604,279.99999999999994,140.0
255.65,0.2065824462532552,279.99999999999994,140.0
255.7,0.20624105045390165,279.99999999999994,140.0
255.75,0.20589989100904624,279.99999999999994,140.0
255.79999999999998,0.20555896803722185,279.99999999999994,140.0
255.85000000000002,0.20521828165696246,279.99999999999994,140.0
255.89999999999998,0.2048778319867999,279.99999999999994,140.0
255.95000000000002,0.2045376191452677,279.99999999999994,140.0
256.0,0.20419764325089815,279.99999999999994,140.0
256.04999999999995,0.20385790442222315,279.99999999999994,140.0
256.09999999999997,0.20351840277777827,279.99999999999994,140.0
256.15,0.2031791384360943,279.99999999999994,140.0
256.2,0.20284011151570364,279.99999999999994,140.0
256.24999999999994,0.20250132213513972,279.99999999999994,140.0
256.3,0.20216277041293756,279.99999999999994,140.0
256.34999999999997,0.20182445646762642,279.99999999999994,140.0
256.4,0.20148638041774125,279.99999999999994,140.0
256.45,0.201148542381814,279.99999999999994,140.0
256.5,0.20081094247837966,279.99999999999994,140.0
256.54999999999995,0.2004735808259685,279.99999999999994,140.0
256.6,0.20013645754311396,279.99999999999994,140.0
256.65,0.19979957274834953,279.99999999999994,140.0
256.7,0.1994629265602075,279.99999999999994,140.0
256.75,0.19912651909722248,279.99999999999994,140.0
256.8,0.1987903504779247,279.99999999999994,140.0
256.84999999999997,0.1984544208208481,279.99999999999994,140.0
256.90000000000003,0.19811873024452564,279.99999999999994,140.0
256.95,0.19778327886749025,279.99999999999994,140.0
257.0,0.1974480668082732,279.99999999999994,140.0
257.05,0.1971130941854101,279.99999999999994,140.0
257.1,0.19677836111743385,279.99999999999994,140.0
257.15,0.19644386772287312,279.99999999999994,140.0
257.2,0.19610961412026506,279.99999999999994,140.0
257.25,0.19577560042813996,279.99999999999994,140.0
257.29999999999995,0.19544182676503288,279.99999999999994,140.0
257.34999999999997,0.19510829324947512,279.99999999999994,140.0
257.4,0.19477500000000064,279.99999999999994,140.0
257.45,0.19444194713514076,279.99999999999994,140.0
257.49999999999994,0.1941091347734284,279.99999999999994,140.0
257.55,0.19377656303339866,279.99999999999994,140.0
257.59999999999997,0.19344423203358116,279.99999999999994,140.0
257.65,0.19311214189251108,279.99999999999994,140.0
257.7,0.1927802927287212,279.99999999999994,140.0
257.75,0.1924486846607429,279.99999999999994,140.0
257.79999999999995,0.19211731780711022,279.99999999999994,140.0
257.85,0.19178619228635654,279.99999999999994,140.0
257.9,0.19145530821701318,279.99999999999994,140.0
257.95,0.19112466571761358,279.99999999999994,140.0
258.0,0.1907942649066907,279.99999999999994,140.0
258.05,0.19046410590277743,279.99999999999994,140.0
258.09999999999997,0.19013418882440725,279.99999999999994,140.0
258.15000000000003,0.18980451379011087,279.99999999999994,140.0
258.2,0.1894750809184245,279.99999999999994,140.0
258.24999999999994,0.1891458903278778,279.99999999999994,140.0
258.3,0.18881694213700528,279.99999999999994,140.0
258.34999999999997,0.18848823646433938,279.99999999999994,140.0
258.4,0.18815977342841297,279.99999999999994,140.0
258.45,0.18783155314775896,279.99999999999994,140.0
258.5,0.1875035757409087,279.99999999999994,140.0
258.54999999999995,0.18717584132639828,279.99999999999994,140.0
258.6,0.18684835002275849,279.99999999999994,140.0
258.65,0.1865211019485212,279.99999999999994,140.0
258.7,0.18619409722222302,279.99999999999994,140.0
258.75,0.18586733596239158,279.99999999999994,140.0
258.8,0.18554081828756297,279.99999999999994,140.0
258.84999999999997,0.1852145443162717,279.99999999999994,140.0
258.9,0.18488851416704594,279.99999999999994,140.0
258.95,0.18456272795842119,279.99999999999994,140.0
259.0,0.18423718580893042,279.99999999999994,140.0
259.04999999999995,0.18391188783710816,279.99999999999994,140.0
259.1,0.18358683416148194,279.99999999999994,140.0
259.15,0.18326202490059007,279.99999999999994,140.0
259.2,0.18293746017296275,279.99999999999994,140.0
259.25,0.18261314009713397,279.99999999999994,140.0
259.3,0.1822890647916351,279.99999999999994,140.0
259.34999999999997,0.18196523437500056,279.99999999999994,140.0
259.4,0.1816416489657607,279.99999999999994,140.0
259.45,0.18131830868245266,279.99999999999994,140.0
259.49999999999994,0.18099521364360507,279.99999999999994,140.0
259.55,0.18067236396775196,279.99999999999994,140.0
259.59999999999997,0.18034975977342835,279.99999999999994,140.0
259.65,0.18002740117916502,279.99999999999994,140.0
259.7,0.1797052883034949,279.99999999999994,140.0
259.75,0.17938342126494983,279.99999999999994,140.0
259.79999999999995,0.17906180018206647,279.99999999999994,140.0
259.85,0.17874042517337346,279.99999999999994,140.0
259.9,0.17841929635740586,279.99999999999994,140.0
259.95,0.17809841385269662,279.99999999999994,140.0
260.0,0.1777777777777775,279.99999999999994,140.0
260.05,0.17745738825118254,279.99999999999994,140.0
260.09999999999997,0.17713724539144254,279.99999999999994,140.0
260.15000000000003,0.17681734931709253,279.99999999999994,140.0
260.2,0.17649770014666488,279.99999999999994,140.0
260.25,0.17617829799869095,279.99999999999994,140.0
260.3,0.17585914299170574,279.99999999999994,140.0
260.35,0.17554023524424167,279.99999999999994,140.0
260.4,0.1752215748748295,279.99999999999994,140.0
260.45,0.17490316200200376,279.99999999999994,140.0
260.5,0.17458499674429787,279.99999999999994,140.0
260.54999999999995,0.1742670792202432,279.99999999999994,140.0
260.59999999999997,0.17394940954837476,279.99999999999994,140.0
260.65,0.1736319878472223,279.99999999999994,140.0
260.7,0.1733148142353208,279.99999999999994,140.0
260.74999999999994,0.1729978888312038,279.99999999999994,140.0
260.8,0.17268121175340045,279.99999999999994,140.0
260.84999999999997,0.17236478312044898,279.99999999999994,140.0
260.9,0.172048603050877,279.99999999999994,140.0
260.95,0.17173267166322165,279.99999999999994,140.0
261.0,0.17141698907601163,279.99999999999994,140.0
261.04999999999995,0.17110155540778463,279.99999999999994,140.0
261.1,0.1707863707770688,279.99999999999994,140.0
261.15,0.17047143530240128,279.99999999999994,140.0
261.2,0.1701567491023107,279.99999999999994,140.0
261.25,0.1698423122953338,279.99999999999994,140.0
261.3,0.16952812499999972,279.99999999999994,140.0
261.34999999999997,0.169214187334844,279.99999999999994,140.0
261.40000000000003,0.1689004994183991,279.99999999999994,140.0
261.45,0.1685870613691968,279.99999999999994,140.0
261.5,0.1682738733057711,279.99999999999994,140.0
261.55,0.16796093534665335,279.99999999999994,140.0
261.59999999999997,0.16764824761037805,279.99999999999994,140.0
261.65,0.16733581021547647,279.99999999999994,140.0
261.7,0.16702362328048379,279.99999999999994,140.0
261.75,0.16671168692393118,279.99999999999994,140.0
261.79999999999995,0.16640000126435056,279.99999999999994,140.0
261.85,0.16608856642027642,279.99999999999994,140.0
261.9,0.1657773825102417,279.99999999999994,140.0
261.95,0.16546644965277774,279.99999999999994,140.0
262.0,0.16515576796641848,279.99999999999994,140.0
262.05,0.1648453375696979,279.99999999999994,140.0
262.09999999999997,0.1645351585811463,279.99999999999994,140.0
262.15,0.16422523111929763,279.99999999999994,140.0
262.2,0.1639155553026853,279.99999999999994,140.0
262.25,0.16360613124984125,279.99999999999994,140.0
262.29999999999995,0.1632969590793005,279.99999999999994,140.0
262.35,0.16298803890959215,279.99999999999994,140.0
262.4,0.16267937085925296,279.99999999999994,140.0
262.45,0.16237095504681315,279.99999999999994,140.0
262.5,0.1620627915908061,279.99999999999994,140.0
262.55,0.16175488060976376,279.99999999999994,140.0
262.59999999999997,0.1614472222222217,279.99999999999994,140.0
262.65000000000003,0.16113981654671114,279.99999999999994,140.0
262.7,0.16083266370176563,279.99999999999994,140.0
262.74999999999994,0.1605257638059159,279.99999999999994,140.0
262.8,0.16021911697769706,279.99999999999994,140.0
262.84999999999997,0.15991272333564036,279.99999999999994,140.0
262.9,0.15960658299828037,279.99999999999994,140.0
262.95,0.1593006960841489,279.99999999999994,140.0
263.0,0.15899506271177835,279.99999999999994,140.0
263.04999999999995,0.15868968299970376,279.99999999999994,140.0
263.1,0.1583845570664538,279.99999999999994,140.0
263.15,0.15807968503056563,279.99999999999994,140.0
263.2,0.1577750670105706,279.99999999999994,140.0
263.25,0.15747070312500105,279.99999999999994,140.0
263.3,0.15716659349238835,279.99999999999994,140.0
263.34999999999997,0.1568627382312686,279.99999999999994,140.0
263.4,0.15655913746017303,279.99999999999994,140.0
263.45,0.15625579129763523,279.99999999999994,140.0
263.5,0.15595269986218643,279.99999999999994,140.0
263.54999999999995,0.15564986327236008,279.99999999999994,140.0
263.6,0.15534728164668968,279.99999999999994,140.0
263.65,0.1550449551037081,279.99999999999994,140.0
263.7,0.15474288376194778,279.99999999999994,140.0
263.75,0.15444106773994157,279.99999999999994,140.0
263.79999999999995,0.1541395071562235,279.99999999999994,140.0
263.84999999999997,0.15383820212932378,279.99999999999994,140.0
263.9,0.15353715277777855,279.99999999999994,140.0
263.95,0.15323635922011644,279.99999999999994,140.0
263.99999999999994,0.15293582157487576,279.99999999999994,140.0
264.05,0.15263553996058352,279.99999999999994,140.0
264.09999999999997,0.1523355144957769,279.99999999999994,140.0
264.15,0.15203574529898772,279.99999999999994,140.0
264.2,0.15173623248874682,279.99999999999994,140.0
264.25,0.15143697618358976,279.99999999999994,140.0
264.29999999999995,0.1511379765020484,279.99999999999994,140.0
264.35,0.15083923356265405,279.99999999999994,140.0
264.4,0.15054074748394228,279.99999999999994,140.0
264.45,0.15024251838444494,279.99999999999994,140.0
264.5,0.14994454638269444,279.99999999999994,140.0
264.55,0.1496468315972226,279.99999999999994,140.0
264.59999999999997,0.14934937414656294,279.99999999999994,140.0
264.65000000000003,0.14905217414924932,279.99999999999994,140.0
264.7,0.1487552317238153,279.99999999999994,140.0
264.75,0.14845854698879216,279.99999999999994,140.0
264.8,0.1481621200627117,279.99999999999994,140.0
264.85,0.14786595106410905,279.99999999999994,140.0
264.9,0.1475700401115166,279.99999999999994,140.0
264.95,0.14727438732346554,279.99999999999994,140.0
265.0,0.14697899281849,279.99999999999994,140.0
265.04999999999995,0.14668385671512282,279.99999999999994,140.0
265.09999999999997,0.14638897913189694,279.99999999999994,140.0
265.15,0.14609436018734473,279.99999999999994,140.0
265.2,0.1458000000000007,279.99999999999994,140.0
265.24999999999994,0.14550589868839514,279.99999999999994,140.0
265.3,0.14521205637106258,279.99999999999994,140.0
265.34999999999997,0.1449184731665337,279.99999999999994,140.0
265.4,0.14462514919334468,279.99999999999994,140.0
265.45,0.14433208457002636,279.99999999999994,140.0
265.5,0.1440392794151121,279.99999999999994,140.0
265.54999999999995,0.1437467338471343,279.99999999999994,140.0
265.6,0.1434544479846254,279.99999999999994,140.0
265.65,0.1431624219461199,279.99999999999994,140.0
265.7,0.1428706558501485,279.99999999999994,140.0
265.75,0.14257914981524636,279.99999999999994,140.0
265.8,0.14228790395994578,279.99999999999994,140.0
265.84999999999997,0.14199691840277706,279.99999999999994,140.0
265.90000000000003,0.14170619326227687,279.99999999999994,140.0
265.95,0.14141572865697594,279.99999999999994,140.0
266.0,0.14112552470540668,279.99999999999994,140.0
266.05,0.14083558152610198,279.99999999999994,140.0
266.09999999999997,0.14054589923759692,279.99999999999994,140.0
266.15,0.14025647795842175,279.99999999999994,140.0
266.2,0.13996731780711097,279.99999999999994,140.0
266.25,0.13967841890219643,279.99999999999994,140.0
266.29999999999995,0.13938978136221108,279.99999999999994,140.0
266.35,0.13910140530568887,279.99999999999994,140.0
266.4,0.13881329085116112,279.99999999999994,140.0
266.45,0.1385254381171613,279.99999999999994,140.0
266.5,0.13823784722222232,279.99999999999994,140.0
266.55,0.13795051828487653,279.99999999999994,140.0
266.59999999999997,0.1376634514236585,279.99999999999994,140.0
266.65,0.1373766467570995,279.99999999999994,140.0
266.7,0.13709010440373248,279.99999999999994,140.0
266.75,0.1368038244820898,279.99999999999994,140.0
266.79999999999995,0.13651780711070707,279.99999999999994,140.0
266.85,0.13623205240811292,279.99999999999994,140.0
266.9,0.13594656049284345,279.99999999999994,140.0
266.95,0.13566133148343054,279.99999999999994,140.0
267.0,0.13537636549840712,279.99999999999994,140.0
267.05,0.1350916626563061,279.99999999999994,140.0
267.09999999999997,0.1348072230756587,279.99999999999994,140.0
267.15,0.13452304687500014,279.99999999999994,140.0
267.2,0.13423913417286268,279.99999999999994,140.0
267.24999999999994,0.1339554850877777,279.99999999999994,140.0
267.3,0.13367209973827962,279.99999999999994,140.0
267.34999999999997,0.13338897824290044,279.99999999999994,140.0
267.4,0.13310612072017455,279.99999999999994,140.0
267.45,0.13282352728863228,279.99999999999994,140.0
267.5,0.13254119806680809,279.99999999999994,140.0
267.54999999999995,0.13225913317323545,279.99999999999994,140.0
267.6,0.13197733272644516,279.99999999999994,140.0
267.65,0.13169579684497118,279.99999999999994,140.0
267.7,0.13141452564734699,279.99999999999994,140.0
267.75,0.13113351925210548,279.99999999999994,140.0
267.8,0.1308527777777769,279.99999999999994,140.0
267.84999999999997,0.1305723013428979,279.99999999999994,140.0
267.90000000000003,0.13029209006599876,279.99999999999994,140.0
267.95,0.13001214406561398,279.99999999999994,140.0
268.0,0.1297324634602738,279.99999999999994,140.0
268.05,0.12945304836851435,279.99999999999994,140.0
268.1,0.1291738989088653,279.99999999999994,140.0
268.15,0.1288950151998618,279.99999999999994,140.0
268.2,0.12861639736003613,279.99999999999994,140.0
268.25,0.12833804550792127,279.99999999999994,140.0
268.29999999999995,0.1280599597620496,279.99999999999994,140.0
268.34999999999997,0.127782140240954,279.99999999999994,140.0
268.4,0.1275045870631663,279.99999999999994,140.0
268.45,0.12722730034722218,279.99999999999994,140.0
268.49999999999994,0.12695028021165236,279.99999999999994,140.0
268.55,0.12667352677498975,279.99999999999994,140.0
268.59999999999997,0.12639704015576783,279.99999999999994,140.0
268.65,0.12612082047252002,279.99999999999994,140.0
268.7,0.1258448678437766,279.99999999999994,140.0
268.75,0.1255691823880726,279.99999999999994,140.0
268.79999999999995,0.12529376422394145,279.99999999999994,140.0
268.85,0.12501861346991455,279.99999999999994,140.0
268.9,0.12474373024452526,279.99999999999994,140.0
268.95,0.12446911466630599,279.99999999999994,140.0
269.0,0.12419476685379074,279.99999999999994,140.0
269.05,0.12392068692551081,279.99999999999994,140.0
269.09999999999997,0.12364687499999967,279.99999999999994,140.0
269.15000000000003,0.12337333119579075,279.99999999999994,140.0
269.2,0.12310005563141589,279.99999999999994,140.0
269.25,0.12282704842541019,279.99999999999994,140.0
269.3,0.1225543096963033,279.99999999999994,140.0
269.35,0.12228183956262981,279.99999999999994,140.0
269.4,0.12200963814292257,279.99999999999994,140.0
269.45,0.121737705555714,279.99999999999994,140.0
269.5,0.12146604191953701,279.99999999999994,140.0
269.54999999999995,0.12119464735292453,279.99999999999994,140.0
269.59999999999997,0.1209235219744089,279.99999999999994,140.0
269.65,0.12065266590252416,279.99999999999994,140.0
269.7,0.1203820792558032,279.99999999999994,140.0
269.74999999999994,0.12011176215277784,279.99999999999994,140.0
269.8,0.11984171471198105,279.99999999999994,140.0
269.84999999999997,0.11957193705194627,279.99999999999994,140.0
269.9,0.11930242929120531,279.99999999999994,140.0
269.95,0.11903319154829219,279.99999999999994,140.0
270.0,0.11876422394173822,279.99999999999994,140.0
270.04999999999995,0.11849552659007843,279.99999999999994,140.0
270.1,0.11822709961184419,279.99999999999994,140.0
270.15,0.11795894312556889,279.99999999999994,140.0
270.2,0.11769105724978547,279.99999999999994,140.0
270.25,0.11742344210302579,279.99999999999994,140.0
270.3,0.1171560978038233,279.99999999999994,140.0
270.34999999999997,0.11688902447071144,279.99999999999994,140.0
270.40000000000003,0.11662222222222259,279.99999999999994,140.0
270.45,0.1163556911768886,279.99999999999994,140.0
270.49999999999994,0.11608943145324399,279.99999999999994,140.0
270.55,0.11582344316982063,279.99999999999994,140.0
270.59999999999997,0.11555772644515247,279.99999999999994,140.0
270.65,0.11529228139777085,279.99999999999994,140.0
270.7,0.11502710814620921,279.99999999999994,140.0
270.75,0.11476220680900102,279.99999999999994,140.0
270.79999999999995,0.11449757750467757,279.99999999999994,140.0
270.85,0.11423322035177391,279.99999999999994,140.0
270.9,0.11396913546882086,279.99999999999994,140.0
270.95,0.11370532297435289,279.99999999999994,140.0
271.0,0.11344178298690134,279.99999999999994,140.0
271.05,0.1131785156250002,279.99999999999994,140.0
271.09999999999997,0.11291552100718077,279.99999999999994,140.0
271.15,0.11265279925197812,279.99999999999994,140.0
271.2,0.11239035047792409,279.99999999999994,140.0
271.25,0.11212817480355158,279.99999999999994,140.0
271.29999999999995,0.11186627234739355,279.99999999999994,140.0
271.35,0.11160464322798126,279.99999999999994,140.0
271.4,0.11134328756384981,279.99999999999994,140.0
271.45,0.1110822054735305,279.99999999999994,140.0
271.5,0.11082139707555783,279.99999999999994,140.0
271.55,0.11056086248846259,279.99999999999994,140.0
271.59999999999997,0.11030060183077985,279.99999999999994,140.0
271.65,0.11004061522104092,279.99999999999994,140.0
271.7,0.10978090277777709,279.99999999999994,140.0
271.74999999999994,0.10952146461952558,279.99999999999994,140.0
271.8,0.10926230086481556,279.99999999999994,140.0
271.84999999999997,0.10900341163218207,279.99999999999994,140.0
271.9,0.10874479704015591,279.99999999999994,140.0
271.95,0.10848645720727106,279.99999999999994,140.0
272.0,0.10822839225206095,279.99999999999994,140.0
272.04999999999995,0.107970602293058,279.99999999999994,140.0
272.1,0.10771308744879347,279.99999999999994,140.0
272.15,0.10745584783780356,279.99999999999994,140.0
272.2,0.1071988835786179,279.99999999999994,140.0
272.25,0.10694219478977053,279.99999999999994,140.0
272.3,0.10668578158979382,279.99999999999994,140.0
272.34999999999997,0.10642964409722282,279.99999999999994,140.0
272.40000000000003,0.10617378243058724,279.99999999999994,140.0
272.45,0.10591819670842159,279.99999999999994,140.0
272.5,0.10566288704925934,279.99999999999994,140.0
272.55,0.10540785357163233,279.99999999999994,140.0
272.6,0.10515309639407242,279.99999999999994,140.0
272.65,0.10489861563511464,279.99999999999994,140.0
272.7,0.10464441141329085,279.99999999999994,140.0
272.75,0.10439048384713344,279.99999999999994,140.0
272.79999999999995,0.10413683305517586,279.99999999999994,140.0
272.84999999999997,0.10388345915595155,279.99999999999994,140.0
272.9,0.10363036226799131,279.99999999999994,140.0
272.95,0.10337754250982964,279.99999999999994,140.0
272.99999999999994,0.10312500000000106,279.99999999999994,140.0
273.05,0.10287273485703421,279.99999999999994,140.0
273.09999999999997,0.1026207471994642,279.99999999999994,140.0
273.15,0.10236903714582385,279.99999999999994,140.0
273.2,0.10211760481464668,279.99999999999994,140.0
273.25,0.10186645032446293,279.99999999999994,140.0
273.29999999999995,0.10161557379380977,279.99999999999994,140.0
273.35,0.10136497534121638,279.99999999999994,140.0
273.4,0.10111465508521675,279.99999999999994,140.0
273.45,0.1008646131443438,279.99999999999994,140.0
273.5,0.10061484963713205,279.99999999999994,140.0
273.55,0.10036536468211121,279.99999999999994,140.0
273.59999999999997,0.1001161583978158,279.99999999999994,140.0
273.65000000000003,0.09986723090277713,279.99999999999994,140.0
273.7,0.09961858231553081,279.99999999999994,140.0
273.75,0.09937021275460811,279.99999999999994,140.0
273.8,0.09912212233854303,279.99999999999994,140.0
273.84999999999997,0.0988743111858664,279.99999999999994,140.0
273.9,0.09862677941511161,279.99999999999994,140.0
273.95,0.09837952714481214,279.99999999999994,140.0
274.0,0.09813255449350144,279.99999999999994,140.0
274.04999999999995,0.09788586157971028,279.99999999999994,140.0
274.1,0.09763944852197425,279.99999999999994,140.0
274.15,0.09739331543882467,279.99999999999994,140.0
274.2,0.0971474624487934,279.99999999999994,140.0
274.24999999999994,0.09690188967041546,279.99999999999994,140.0
274.3,0.09665659722222218,279.99999999999994,140.0
274.34999999999997,0.09641158522274704,279.99999999999994,140.0
274.4,0.0961668537905224,279.99999999999994,140.0
274.45,0.09592240304408221,279.99999999999994,140.0
274.5,0.0956782331019573,279.99999999999994,140.0
274.54999999999995,0.09543434408268164,279.99999999999994,140.0
274.6,0.0951907361047887,279.99999999999994,140.0
274.65,0.09494740928681189,279.99999999999994,140.0
274.7,0.09470436374728149,279.99999999999994,140.0
274.75,0.094461599604732,279.99999999999994,140.0
274.8,0.09421911697769633,279.99999999999994,140.0
274.84999999999997,0.0939769159847069,279.99999999999994,140.0
274.90000000000003,0.09373499674429818,279.99999999999994,140.0
274.95,0.0934933593749994,279.99999999999994,140.0
274.99999999999994,0.0932520039953472,279.99999999999994,140.0
275.05,0.09301093072387231,279.99999999999994,140.0
275.09999999999997,0.09277013967910772,279.99999999999994,140.0
275.15,0.0925296309795863,279.99999999999994,140.0
275.2,0.09228940474384313,279.99999999999994,140.0
275.25,0.09204946109040683,279.99999999999994,140.0
275.29999999999995,0.09180980013781408,279.99999999999994,140.0
275.35,0.09157042200459617,279.99999999999994,140.0
275.4,0.09133132680928549,279.99999999999994,140.0
275.45,0.09109251467041606,279.99999999999994,140.0
275.5,0.09085398570651915,279.99999999999994,140.0
275.55,0.09061574003612928,279.99999999999994,140.0
275.59999999999997,0.09037777777777727,279.99999999999994,140.0
275.65,0.09014009904999813,279.99999999999994,140.0
275.7,0.08990270397132534,279.99999999999994,140.0
275.75,0.08966559266028752,279.99999999999994,140.0
275.79999999999995,0.08942876523542188,279.99999999999994,140.0
275.85,0.08919222181525867,279.99999999999994,140.0
275.9,0.08895596251833293,279.99999999999994,140.0
275.95,0.08871998746317651,279.99999999999994,140.0
276.0,0.08848429676832072,279.99999999999994,140.0
276.04999999999995,0.08824889055229956,279.99999999999994,140.0
276.09999999999997,0.08801376893364647,279.99999999999994,140.0
276.15,0.0877789320308949,279.99999999999994,140.0
276.2,0.08754437996257565,279.99999999999994,140.0
276.24999999999994,0.08731011284722213,279.99999999999994,140.0
276.3,0.08707613080336732,279.99999999999994,140.0
276.34999999999997,0.08684243394954619,279.99999999999994,140.0
276.4,0.08660902240428854,279.99999999999994,140.0
276.45,0.08637589628612882,279.99999999999994,140.0
276.5,0.08614305571359945,279.99999999999994,140.0
276.54999999999995,0.08591050080523335,279.99999999999994,140.0
276.6,0.08567823167956234,279.99999999999994,140.0
276.65,0.08544624845512257,279.99999999999994,140.0
276.7,0.08521455125044265,279.99999999999994,140.0
276.75,0.08498314018405768,279.99999999999994,140.0
276.8,0.0847520153745,279.99999999999994,140.0
276.84999999999997,0.08452117694030309,279.99999999999994,140.0
276.90000000000003,0.08429062499999986,279.99999999999994,140.0
276.95,0.08406035967212269,279.99999999999994,140.0
277.0,0.08383038107520342,279.99999999999994,140.0
277.05,0.08360068932777658,279.99999999999994,140.0
277.1,0.08337128454837402,279.99999999999994,140.0
277.15,0.08314216685552918,279.99999999999994,140.0
277.2,0.08291333636777498,279.99999999999994,140.0
277.25,0.08268479320364168,279.99999999999994,140.0
277.29999999999995,0.08245653748166805,279.99999999999994,140.0
277.34999999999997,0.08222856932038063,279.99999999999994,140.0
277.4,0.08200088883831498,279.99999999999994,140.0
277.45,0.08177349615400402,279.99999999999994,140.0
277.49999999999994,0.08154639138598067,279.99999999999994,140.0
277.55,0.08131957465277732,279.99999999999994,140.0
277.59999999999997,0.08109304607292796,279.99999999999994,140.0
277.65,0.08086680576496387,279.99999999999994,140.0
277.7,0.08064085384741854,279.99999999999994,140.0
277.75,0.08041519043882488,279.99999999999994,140.0
277.79999999999995,0.08018981565771525,279.99999999999994,140.0
277.85,0.07996472962262206,279.99999999999994,140.0
277.9,0.07973993245208141,279.99999999999994,140.0
277.95,0.0795154242646225,279.99999999999994,140.0
278.0,0.07929120517877983,279.99999999999994,140.0
278.05,0.07906727531308579,279.99999999999994,140.0
278.09999999999997,0.0788436347860717,279.99999999999994,140.0
278.15000000000003,0.07862028371627261,279.99999999999994,140.0
278.2,0.07839722222222249,279.99999999999994,140.0
278.25,0.07817445042245108,279.99999999999994,140.0
278.3,0.07795196843549289,279.99999999999994,140.0
278.34999999999997,0.07772977637988081,279.99999999999994,140.0
278.4,0.07750787437414619,279.99999999999994,140.0
278.45,0.0772862625368246,279.99999999999994,140.0
278.5,0.07706494098644576,279.99999999999994,140.0
278.54999999999995,0.07684390984154525,279.99999999999994,140.0
278.6,0.07662316922065439,279.99999999999994,140.0
278.65,0.07640271924230664,279.99999999999994,140.0
278.7,0.07618256002503436,279.99999999999994,140.0
278.75,0.07596269168737102,279.99999999999994,140.0
278.8,0.07574311434784846,279.99999999999994,140.0
278.84999999999997,0.07552382812500014,279.99999999999994,140.0
278.9,0.07530483313735896,279.99999999999994,140.0
278.95,0.07508612950345785,279.99999999999994,140.0
279.0,0.07486771734182919,279.99999999999994,140.0
279.04999999999995,0.0746495967710075,279.99999999999994,140.0
279.1,0.07443176790952358,279.99999999999994,140.0
279.15,0.07421423087591031,279.99999999999994,140.0
279.2,0.07399698578870222,279.99999999999994,140.0
279.25,0.07378003276643062,279.99999999999994,140.0
279.3,0.073563371927629,279.99999999999994,140.0
279.34999999999997,0.07334700339083024,279.99999999999994,140.0
279.4,0.07313092727456567,279.99999999999994,140.0
279.45,0.07291514369737193,279.99999999999994,140.0
279.49999999999994,0.07269965277777767,279.99999999999994,140.0
279.55,0.0724844546343185,279.99999999999994,140.0
279.59999999999997,0.07226954938552622,279.99999999999994,140.0
279.65,0.07205493714993273,279.99999999999994,140.0
279.7,0.07184061804607307,279.99999999999994,140.0
279.75,0.071626592192478,279.99999999999994,140.0
279.79999999999995,0.07141285970768205,279.99999999999994,140.0
279.85,0.0711994207102176,279.99999999999994,140.0
279.9,0.07098627531861705,279.99999999999994,140.0
279.95,0.0707734236514117,279.99999999999994,140.0
280.0,0.07056086582713766,279.99999999999994,140.0
280.05,0.07034860196432681,279.99999999999994,140.0
280.09999999999997,0.07013663218151044,279.99999999999994,140.0
280.15000000000003,0.06992495659722202,279.99999999999994,140.0
280.2,0.06971357532999604,279.99999999999994,140.0
280.25,0.06950248849836224,279.99999999999994,140.0
280.29999999999995,0.06929169622085674,279.99999999999994,140.0
280.35,0.0690811986160103,279.99999999999994,140.0
280.4,0.06887099580235745,279.99999999999994,140.0
280.45,0.06866108789842791,279.99999999999994,140.0
280.5,0.0684514750227578,279.99999999999994,140.0
280.54999999999995,0.06824215729387947,279.99999999999994,140.0
280.59999999999997,0.06803313483032376,279.99999999999994,140.0
280.65,0.06782440775062515,279.99999999999994,140.0
280.7,0.06761597617331655,279.99999999999994,140.0
280.74999999999994,0.06740784021693144,279.99999999999994,140.0
280.8,0.06720000000000007,279.99999999999994,140.0
280.84999999999997,0.06699245564105691,279.99999999999994,140.0
280.9,0.06678520725863493,279.99999999999994,140.0
280.95,0.06657825497126807,279.99999999999994,140.0
281.0,0.06637159889748609,279.99999999999994,140.0
281.04999999999995,0.06616523915582455,279.99999999999994,140.0
281.1,0.06595917586481637,279.99999999999994,140.0
281.15,0.06575340914299126,279.99999999999994,140.0
281.2,0.06554793910888587,279.99999999999994,140.0
281.25,0.06534276588103154,279.99999999999994,140.0
281.3,0.0651378895779601,279.99999999999994,140.0
281.34999999999997,0.06493331031820607,279.99999999999994,140.0
281.40000000000003,0.06472902822029969,279.99999999999994,140.0
281.45,0.06452504340277762,279.99999999999994,140.0
281.5,0.06432135598416959,279.99999999999994,140.0
281.55,0.06411796608301117,279.99999999999994,140.0
281.6,0.06391487381783208,279.99999999999994,140.0
281.65,0.06371207930716735,279.99999999999994,140.0
281.7,0.06350958266954941,279.99999999999994,140.0
281.75,0.06330738402351059,279.99999999999994,140.0
281.79999999999995,0.06310548348758385,279.99999999999994,140.0
281.84999999999997,0.0629038811803026,279.99999999999994,140.0
281.9,0.06270257722019981,279.99999999999994,140.0
281.95,0.06250157172580621,279.99999999999994,140.0
281.99999999999994,0.06230086481565741,279.99999999999994,140.0
282.05,0.06210045660828527,279.99999999999994,140.0
282.09999999999997,0.06190034722222162,279.99999999999994,140.0
282.15,0.061700536776001506,279.99999999999994,140.0
282.2,0.06150102538815573,279.99999999999994,140.0
282.25,0.06130181317721774,279.99999999999994,140.0
282.29999999999995,0.06110290026172097,279.99999999999994,140.0
282.35,0.06090428676019784,279.99999999999994,140.0
282.4,0.060705972791180146,279.99999999999994,140.0
282.45,0.06050795847320244,279.99999999999994,140.0
282.5,0.060310243924796045,279.99999999999994,140.0
282.55,0.060112829264495994,279.99999999999994,140.0
282.59999999999997,0.05991571461083253,279.99999999999994,140.0
282.65000000000003,0.059718900082341264,279.99999999999994,140.0
282.7,0.05952238579755296,279.99999999999994,140.0
282.74999999999994,0.05932617187500106,279.99999999999994,140.0
282.8,0.05913025843321744,279.99999999999994,140.0
282.84999999999997,0.058934645590736065,279.99999999999994,140.0
282.9,0.05873933346609092,279.99999999999994,140.0
282.95,0.05854432217781227,279.99999999999994,140.0
283.0,0.05834961184443461,279.99999999999994,140.0
283.04999999999995,0.05815520258449087,279.99999999999994,140.0
283.1,0.057961094516512365,279.99999999999994,140.0
283.15,0.05776728775903414,279.99999999999994,140.0
283.2,0.05757378243058753,279.99999999999994,140.0
283.25,0.05738057864970542,279.99999999999994,140.0
283.3,0.05718767653492129,279.99999999999994,140.0
283.34999999999997,0.05699507620476804,279.99999999999994,140.0
283.4,0.05680277777777806,279.99999999999994,140.0
283.45,0.05661078137248427,279.99999999999994,140.0
283.5,0.05641908710741958,279.99999999999994,140.0
283.54999999999995,0.056227695101116915,279.99999999999994,140.0
283.6,0.056036605472109174,279.99999999999994,140.0
283.65,0.0558458183389277,279.99999999999994,140.0
283.7,0.055655333820108586,279.99999999999994,140.0
283.75,0.0554651520341821,279.99999999999994,140.0
283.8,0.05527527309968114,279.99999999999994,140.0
283.84999999999997,0.05508569713514077,279.99999999999994,140.0
283.9,0.054896424259090706,279.99999999999994,140.0
283.95,0.05470745459006654,279.99999999999994,140.0
283.99999999999994,0.054518788246599566,279.99999999999994,140.0
284.05,0.05433042534722272,279.99999999999994,140.0
284.09999999999997,0.05414236601046944,279.99999999999994,140.0
284.15,0.053954610354871056,279.99999999999994,140.0
284.2,0.053767158498964206,279.99999999999994,140.0
284.25,0.05358001056127754,279.99999999999994,140.0
284.29999999999995,0.05339316666034506,279.99999999999994,140.0
284.35,0.05320662691470019,279.99999999999994,140.0
284.4,0.053020391442877464,279.99999999999994,140.0
284.45,0.05283446036340606,279.99999999999994,140.0
284.5,0.05264883379482157,279.99999999999994,140.0
284.55,0.0524635118556553,279.99999999999994,140.0
284.59999999999997,0.05227849466444123,279.99999999999994,140.0
284.65000000000003,0.05209378233971176,279.99999999999994,140.0
284.7,0.05190937499999979,279.99999999999994,140.0
284.75,0.051725272763838245,279.99999999999994,140.0
284.8,0.051541475749759515,279.99999999999994,140.0
284.85,0.051357984076297034,279.99999999999994,140.0
284.9,0.051174797861983194,279.99999999999994,140.0
284.95,0.050991917225351985,279.99999999999994,140.0
285.0,0.05080934228493365,279.99999999999994,140.0
285.04999999999995,0.050627073159263784,279.99999999999994,140.0
285.09999999999997,0.05044510996687421,279.99999999999994,140.0
285.15,0.050263452826297336,279.99999999999994,140.0
285.2,0.05008210185606607,279.99999999999994,140.0
285.24999999999994,0.04990105717471547,279.99999999999994,140.0
285.3,0.04972031890077417,279.99999999999994,140.0
285.34999999999997,0.04953988715277777,279.99999999999994,140.0
285.4,0.049359762049259175,279.99999999999994,140.0
285.45,0.04917994370875025,279.99999999999994,140.0
285.5,0.049000432249785494,279.99999999999994,140.0
285.54999999999995,0.04882122779089517,279.99999999999994,140.0
285.6,0.04864233045061432,279.99999999999994,140.0
285.65,0.04846374034747533,279.99999999999994,140.0
285.7,0.04828545760001006,279.99999999999994,140.0
285.75,0.04810748232675141,279.99999999999994,140.0
285.8,0.047929814646234976,279.99999999999994,140.0
285.84999999999997,0.04775245467698994,279.99999999999994,140.0
285.90000000000003,0.04757540253755081,279.99999999999994,140.0
285.95,0.04739865834645158,279.99999999999994,140.0
286.0,0.04722222222222143,279.99999999999994,140.0
286.05,0.04704609428339807,279.99999999999994,140.0
286.09999999999997,0.046870274648510166,279.99999999999994,140.0
286.15,0.04669476343609329,279.99999999999994,140.0
286.2,0.04651956076467982,279.99999999999994,140.0
286.25,0.04634466675280055,279.99999999999994,140.0
286.29999999999995,0.04617008151899053,279.99999999999994,140.0
286.34999999999997,0.045995805181782146,279.99999999999994,140.0
286.4,0.0458218378597083,279.99999999999994,140.0
286.45,0.04564817967129979,279.99999999999994,140.0
286.49999999999994,0.045474830735093265,279.99999999999994,140.0
286.55,0.0453017911696195,279.99999999999994,140.0
286.59999999999997,0.04512906109340928,279.99999999999994,140.0
286.65,0.0449566406249998,279.99999999999994,140.0
286.7,0.044784529882921295,279.99999999999994,140.0
286.75,0.04461272898570616,279.99999999999994,140.0
286.79999999999995,0.044441238051888904,279.99999999999994,140.0
286.85,0.04427005720000086,279.99999999999994,140.0
286.9,0.04409918654857598,279.99999999999994,140.0
286.95,0.043928626216146675,279.99999999999994,140.0
287.0,0.043758376321245865,279.99999999999994,140.0
287.05,0.04358843698240644,279.99999999999994,140.0
287.09999999999997,0.043418808318161334,279.99999999999994,140.0
287.15000000000003,0.04324949044704294,279.99999999999994,140.0
287.2,0.04308048348758362,279.99999999999994,140.0
287.24999999999994,0.04291178755831843,279.99999999999994,140.0
287.3,0.04274340277777764,279.99999999999994,140.0
287.34999999999997,0.04257532926449575,279.99999999999994,140.0
287.4,0.042407567137005664,279.99999999999994,140.0
287.45,0.04224011651383819,279.99999999999994,140.0
287.5,0.04207297751352836,279.99999999999994,140.0
287.54999999999995,0.04190615025460804,279.99999999999994,140.0
287.6,0.041739634855611205,279.99999999999994,140.0
287.65,0.04157343143506864,279.99999999999994,140.0
287.7,0.04140754011151593,279.99999999999994,140.0
287.75,0.04124196100348331,279.99999999999994,140.0
287.8,0.04107669422950532,279.99999999999994,140.0
287.84999999999997,0.040911739908113275,279.99999999999994,140.0
287.9,0.04074709815784114,279.99999999999994,140.0
287.95,0.040582769097222915,279.99999999999994,140.0
288.0,0.040418752844787235,279.99999999999994,140.0
288.04999999999995,0.040255049519072904,279.99999999999994,140.0
288.1,0.040091659238608024,279.99999999999994,140.0
288.15,0.039928582121927646,279.99999999999994,140.0
288.2,0.03976581828756363,279.99999999999994,140.0
288.25,0.03960336785404941,279.99999999999994,140.0
288.29999999999995,0.03944123093991844,279.99999999999994,140.0
288.34999999999997,0.03927940766370153,279.99999999999994,140.0
288.4,0.039117898143934224,279.99999999999994,140.0
288.45,0.0389567024991468,279.99999999999994,140.0
288.49999999999994,0.0387958208478743,279.99999999999994,140.0
288.55,0.03863525330864643,279.99999999999994,140.0
288.59999999999997,0.03847500000000039,279.99999999999994,140.0
288.65,0.03831506104046589,279.99999999999994,140.0
288.7,0.038155436548575845,279.99999999999994,140.0
288.75,0.03799612664286531,279.99999999999994,140.0
288.79999999999995,0.037837131441865596,279.99999999999994,140.0
288.85,0.03767845106410963,279.99999999999994,140.0
288.9,0.03752008562812978,279.99999999999994,140.0
288.95,0.037362035252459506,279.99999999999994,140.0
289.0,0.03720430005563173,279.99999999999994,140.0
289.05,0.03704688015617829,279.99999999999994,140.0
289.09999999999997,0.03688977567263479,279.99999999999994,140.0
289.15000000000003,0.036732986723531445,279.99999999999994,140.0
289.2,0.03657651342740173,279.99999999999994,140.0
289.25,0.036420355902778034,279.99999999999994,140.0
289.3,0.03626451426819379,279.99999999999994,140.0
289.35,0.03610898864218193,279.99999999999994,140.0
289.4,0.03595377914327695,279.99999999999994,140.0
289.45,0.03579888589000859,279.99999999999994,140.0
289.5,0.03564430900091082,279.99999999999994,140.0
289.54999999999995,0.0354900485945171,279.99999999999994,140.0
289.59999999999997,0.03533610478935873,279.99999999999994,140.0
289.65,0.03518247770397185,279.99999999999994,140.0
289.7,0.035029167456886154,279.99999999999994,140.0
289.74999999999994,0.03487617416663458,279.99999999999994,140.0
289.8,0.03472349795175269,279.99999999999994,140.0
289.84999999999997,0.03457113893077022,279.99999999999994,140.0
289.9,0.03441909722222327,279.99999999999994,140.0
289.95,0.0342673729446405,279.99999999999994,140.0
290.0,0.03411596621655804,279.99999999999994,140.0
290.04999999999995,0.03396487715650824,279.99999999999994,140.0
290.1,0.03381410588302191,279.99999999999994,140.0
290.15,0.0336636525146341,279.99999999999994,140.0
290.2,0.03351351716987771,279.99999999999994,140.0
290.25,0.033363699967285144,279.99999999999994,140.0
290.3,0.03321420102538823,279.99999999999994,140.0
290.34999999999997,0.03306502046272151,279.99999999999994,140.0
290.40000000000003,0.03291615839781521,279.99999999999994,140.0
290.45,0.03276761494920492,279.99999999999994,140.0
290.5,0.03261939023542144,279.99999999999994,140.0
290.55,0.03247148437499927,279.99999999999994,140.0
290.59999999999997,0.03232389748647186,279.99999999999994,140.0
290.65,0.03217662968836894,279.99999999999994,140.0
290.7,0.03202968109922608,279.99999999999994,140.0
290.75,0.031883051837575664,279.99999999999994,140.0
290.79999999999995,0.03173674202194956,279.99999999999994,140.0
290.85,0.031590751770880665,279.99999999999994,140.0
290.9,0.031445081202902965,279.99999999999994,140.0
290.95,0.03129973043654832,279.99999999999994,140.0
291.0,0.03115469959035124,279.99999999999994,140.0
291.05,0.031009988782840912,279.99999999999994,140.0
291.09999999999997,0.030865598132554514,279.99999999999994,140.0
291.15,0.030721527758022834,279.99999999999994,140.0
291.2,0.030577777777777725,279.99999999999994,140.0
291.25,0.030434348310353698,279.99999999999994,140.0
291.29999999999995,0.030291239474283138,279.99999999999994,140.0
291.35,0.030148451388098962,279.99999999999994,140.0
291.4,0.030005984170333018,279.99999999999994,140.0
291.45,0.029863837939519296,279.99999999999994,140.0
291.5,0.029722012814191776,279.99999999999994,140.0
291.55,0.029580508912880173,279.99999999999994,140.0
291.59999999999997,0.02943932635411954,279.99999999999994,140.0
291.65,0.029298465256441728,279.99999999999994,140.0
291.7,0.029157925738380715,279.99999999999994,140.0
291.74999999999994,0.029017707918467826,279.99999999999994,140.0
291.8,0.028877811915238104,279.99999999999994,140.0
291.84999999999997,0.0287382378472218,279.99999999999994,140.0
291.9,0.028598985832954504,279.99999999999994,140.0
291.95,0.02846005599096646,279.99999999999994,140.0
292.0,0.028321448439792184,279.99999999999994,140.0
292.04999999999995,0.028183163297962464,279.99999999999994,140.0
292.1,0.028045200684013415,279.99999999999994,140.0
292.15,0.02790756071647582,279.99999999999994,140.0
292.2,0.027770243513882062,279.99999999999994,140.0
292.25,0.027633249194767194,279.99999999999994,140.0
292.3,0.027496577877661466,279.99999999999994,140.0
292.34999999999997,0.02736022968109939,279.99999999999994,140.0
292.40000000000003,0.02722420472361282,279.99999999999994,140.0
292.45,0.027088503123735206,279.99999999999994,140.0
292.5,0.026953125,279.99999999999994,140.0
292.54999999999995,0.026818070470938513,279.99999999999994,140.0
292.6,0.02668333965508527,279.99999999999994,140.0
292.65,0.02654893267097158,279.99999999999994,140.0
292.7,0.026414849637130897,279.99999999999994,140.0
292.75,0.026281090672097204,279.99999999999994,140.0
292.79999999999995,0.026147655894401822,279.99999999999994,140.0
292.84999999999997,0.026014545422578195,279.99999999999994,140.0
292.9,0.025881759375158173,279.99999999999994,140.0
292.95,0.02574929787067628,279.99999999999994,140.0
292.99999999999994,0.025617161027663822,279.99999999999994,140.0
293.05,0.02548534896465533,279.99999999999994,140.0
293.09999999999997,0.025353861800181576,279.99999999999994,140.0
293.15,0.02522269965277761,279.99999999999994,140.0
293.2,0.025091862640975824,279.99999999999994,140.0
293.25,0.024961350883306997,279.99999999999994,140.0
293.29999999999995,0.024831164498305646,279.99999999999994,140.0
293.35,0.02470130360450522,279.99999999999994,140.0
293.4,0.02457176832043757,279.99999999999994,140.0
293.45,0.02444255876463561,279.99999999999994,140.0
293.5,0.024313675055631197,279.99999999999994,140.0
293.55,0.02418511731195938,279.99999999999994,140.0
293.59999999999997,0.024056885652152537,279.99999999999994,140.0
293.65000000000003,0.023928980194741458,279.99999999999994,140.0
293.7,0.023801401058261184,279.99999999999994,140.0
293.75,0.023674148361243572,279.99999999999994,140.0
293.8,0.023547222222222074,279.99999999999994,140.0
293.84999999999997,0.02342062275972907,279.99999999999994,140.0
293.9,0.023294350092297477,279.99999999999994,140.0
293.95,0.023168404338460215,279.99999999999994,140.0
294.0,0.023042785616750192,279.99999999999994,140.0
294.04999999999995,0.022917494045700336,279.99999999999994,140.0
294.09999999999997,0.02279252974384196,279.99999999999994,140.0
294.15,0.02266789282971171,279.99999999999994,140.0
294.2,0.02254358342183771,279.99999999999994,140.0
294.24999999999994,0.0224196016387566,279.99999999999994,140.0
294.3,0.022295947598999177,279.99999999999994,140.0
294.34999999999997,0.022172621421098347,279.99999999999994,140.0
294.4,0.022049623223587566,279.99999999999994,140.0
294.45,0.02192695312499975,279.99999999999994,140.0
294.5,0.02180461124386781,279.99999999999994,140.0
294.54999999999995,0.021682597698724135,279.99999999999994,140.0
294.6,0.021560912608101113,279.99999999999994,140.0
294.65,0.021439556090533784,279.99999999999994,140.0
294.7,0.02131852826455187,279.99999999999994,140.0
294.75,0.021197829248691492,279.99999999999994,140.0
294.8,0.02107745916148236,279.99999999999994,140.0
294.84999999999997,0.02095741812145952,279.99999999999994,140.0
294.90000000000003,0.020837706247155374,279.99999999999994,140.0
294.95,0.020718323657101755,279.99999999999994,140.0
294.99999999999994,0.020599270469832655,279.99999999999994,140.0
295.05,0.02048054680387992,279.99999999999994,140.0
295.09999999999997,0.02036215277777753,279.99999999999994,140.0
295.15,0.02024408851005841,279.99999999999994,140.0
295.2,0.02012635411925334,279.99999999999994,140.0
295.25,0.020008949723897905,279.99999999999994,140.0
295.29999999999995,0.019891875442522355,279.99999999999994,140.0
295.35,0.01977513139366227,279.99999999999994,140.0
295.4,0.019658717695847903,279.99999999999994,140.0
295.45,0.01954263446761324,279.99999999999994,140.0
295.5,0.01942688182749226,279.99999999999994,140.0
295.55,0.019311459894015746,279.99999999999994,140.0
295.59999999999997,0.019196368785717687,279.99999999999994,140.0
295.65,0.019081608621130997,279.99999999999994,140.0
295.7,0.01896717951878859,279.99999999999994,140.0
295.75,0.01885308159722285,279.99999999999994,140.0
295.79999999999995,0.01873931497496617,279.99999999999994,140.0
295.85,0.018625879770551457,279.99999999999994,140.0
295.9,0.01851277610251323,279.99999999999994,140.0
295.95,0.01840000408938334,279.99999999999994,140.0
296.0,0.018287563849694162,279.99999999999994,140.0
296.05,0.018175455501979167,279.99999999999994,140.0
296.09999999999997,0.018063679164770186,279.99999999999994,140.0
296.15,0.01795223495660121,279.99999999999994,140.0
296.2,0.01784112299600409,279.99999999999994,140.0
296.24999999999994,0.017730343401512805,279.99999999999994,140.0
296.3,0.017619896291660275,279.99999999999994,140.0
296.34999999999997,0.017509781784978348,279.99999999999994,140.0
296.4,0.017399999999999416,279.99999999999994,140.0
296.45,0.017290551055257987,279.99999999999994,140.0
296.5,0.017181435069286443,279.99999999999994,140.0
296.54999999999995,0.017072652160617176,279.99999999999994,140.0
296.6,0.016964202447781497,279.99999999999994,140.0
296.65,0.016856086049315523,279.99999999999994,140.0
296.7,0.016748303083751102,279.99999999999994,140.0
296.75,0.016640853669618493,279.99999999999994,140.0
296.8,0.016533737925453273,279.99999999999994,140.0
296.84999999999997,0.016426955969788357,279.99999999999994,140.0
296.90000000000003,0.01632050792115507,279.99999999999994,140.0
296.95,0.016214393898087386,279.99999999999994,140.0
297.0,0.016108614019117163,279.99999999999994,140.0
297.05,0.01600316840277838,279.99999999999994,140.0
297.1,0.015898057167602352,279.99999999999994,140.0
297.15,0.0157932804321236,279.99999999999994,140.0
297.19999999999993,0.015688838314873443,279.99999999999994,140.0
297.25,0.015584730934386925,279.99999999999994,140.0
297.29999999999995,0.0154809584091943,279.99999999999994,140.0
297.34999999999997,0.015377520857830082,279.99999999999994,140.0
297.4,0.01527441839882666,279.99999999999994,140.0
297.45,0.015171651150716945,279.99999999999994,140.0
297.49999999999994,0.015069219232033857,279.99999999999994,140.0
297.55,0.01496712276130925,279.99999999999994,140.0
297.59999999999997,0.014865361857077097,279.99999999999994,140.0
297.65,0.014763936637871388,279.99999999999994,140.0
297.7,0.014662847222222374,279.99999999999994,140.0
297.75,0.014562093728663506,279.99999999999994,140.0
297.79999999999995,0.01446167627573036,279.99999999999994,140.0
297.85,0.014361594981950531,279.99999999999994,140.0
297.9,0.014261849965862793,279.99999999999994,140.0
297.95,0.014162441345995801,279.99999999999994,140.0
298.0,0.01406336924088407,279.99999999999994,140.0
298.05,0.013964633769059986,279.99999999999994,140.0
298.09999999999997,0.013866235049056996,279.99999999999994,140.0
298.15000000000003,0.013768173199406951,279.99999999999994,140.0
298.2,0.013670448338643837,279.99999999999994,140.0
298.25,0.013573060585299501,279.99999999999994,140.0
298.3,0.013476010057907929,279.99999999999994,140.0
298.34999999999997,0.013379296874999369,279.99999999999994,140.0
298.4,0.013282921155110471,279.99999999999994,140.0
298.45,0.013186883016771489,279.99999999999994,140.0
298.5,0.013091182578516401,279.99999999999994,140.0
298.54999999999995,0.012995819958877596,279.99999999999994,140.0
298.59999999999997,0.012900795276387987,279.99999999999994,140.0
298.65,0.012806108649579429,279.99999999999994,140.0
298.7,0.012711760196985366,279.99999999999994,140.0
298.74999999999994,0.012617750037140317,279.99999999999994,140.0
298.8,0.012524078288576134,279.99999999999994,140.0
298.84999999999997,0.012430745069824134,279.99999999999994,140.0
298.9,0.012337750499419363,279.99999999999994,140.0
298.95,0.012245094695891544,279.99999999999994,140.0
299.0,0.012152777777776791,279.99999999999994,140.0
299.04999999999995,0.012060799863608017,279.99999999999994,140.0
299.1,0.011969161071917077,279.99999999999994,140.0
299.15,0.011877861521234222,279.99999999999994,140.0
299.2,0.011786901330096633,279.99999999999994,140.0
299.25,0.01169628061703456,279.99999999999994,140.0
299.3,0.011605999500581454,279.99999999999994,140.0
299.34999999999997,0.011516058099270232,279.99999999999994,140.0
299.40000000000003,0.01142645653163381,279.99999999999994,140.0
299.45,0.011337194916204572,279.99999999999994,140.0
299.49999999999994,0.01124827337151597,279.99999999999994,140.0
299.55,0.011159692016100918,279.99999999999994,140.0
299.59999999999997,0.011071450968492868,279.99999999999994,140.0
299.65,0.010983550347221538,279.99999999999994,140.0
299.7,0.010895990270823573,279.99999999999994,140.0
299.75,0.010808770857830297,279.99999999999994,140.0
299.79999999999995,0.010721892226774088,279.99999999999994,140.0
299.85,0.010635354496188397,279.99999999999994,140.0
299.9,0.010549157784605079,279.99999999999994,140.0
299.95,0.010463302210558644,279.99999999999994,140.0
300.0,0.010377787892581479,279.99999999999994,140.0
300.05,0.010292614949204902,279.99999999999994,140.0
300.09999999999997,0.010207783498963964,279.99999999999994,140.0
300.15,0.01012329366038891,279.99999999999994,140.0
300.2,0.01003914555201586,279.99999999999994,140.0
300.25,0.009955339292374533,279.99999999999994,140.0
300.29999999999995,0.009871874999999974,279.99999999999994,140.0
300.35,0.00978875279342457,279.99999999999994,140.0
300.4,0.009705972791180172,279.99999999999994,140.0
300.45,0.009623535111800762,279.99999999999994,140.0
300.5,0.009541439873817658,279.99999999999994,140.0
300.54999999999995,0.009459687195765376,279.99999999999994,140.0
300.59999999999997,0.009378277196177363,279.99999999999994,140.0
300.65,0.009297209993583877,279.99999999999994,140.0
300.7,0.009216485706519428,279.99999999999994,140.0
300.74999999999994,0.009136104453516402,279.99999999999994,140.0
300.8,0.009056066353107716,279.99999999999994,140.0
300.84999999999997,0.008976371523826819,279.99999999999994,140.0
300.9,0.008897020084206097,279.99999999999994,140.0
300.95,0.008818012152776866,279.99999999999994,140.0
301.0,0.008739347848075773,279.99999999999994,140.0
301.04999999999995,0.00866102728863254,279.99999999999994,140.0
301.1,0.008583050592981145,279.99999999999994,140.0
301.15,0.00850541787965291,279.99999999999994,140.0
301.2,0.00842812926718235,279.99999999999994,140.0
301.25,0.008351184874102911,279.99999999999994,140.0
301.3,0.008274584818944853,279.99999999999994,140.0
301.34999999999997,0.00819832922024375,279.99999999999994,140.0
301.40000000000003,0.008122418196529858,279.99999999999994,140.0
301.45,0.008046851866339287,279.99999999999994,140.0
301.5,0.007971630348202296,279.99999999999994,140.0
301.55,0.00789675376065233,279.99999999999994,140.0
301.6,0.007822222222222308,279.99999999999994,140.0
301.65,0.007748035851445678,279.99999999999994,140.0
301.7,0.007674194766853758,279.99999999999994,140.0
301.75,0.007600699086980533,279.99999999999994,140.0
301.79999999999995,0.007527548930359984,279.99999999999994,140.0
301.84999999999997,0.007454744415522362,279.99999999999994,140.0
301.9,0.007382285661002186,279.99999999999994,140.0
301.95,0.007310172785331836,279.99999999999994,140.0
301.99999999999994,0.007238405907044231,279.99999999999994,140.0
302.05,0.007166985144673354,279.99999999999994,140.0
302.09999999999997,0.007095910616750523,279.99999999999994,140.0
302.15,0.00702518244180812,279.99999999999994,140.0
302.2,0.006954800738380662,279.99999999999994,140.0
302.25,0.006884765625,279.99999999999994,140.0
302.29999999999995,0.0068150772201995835,279.99999999999994,140.0
302.35,0.006745735642511263,279.99999999999994,140.0
302.4,0.006676741010469556,279.99999999999994,140.0
302.45,0.006608093442605245,279.99999999999994,140.0
302.5,0.006539793057452315,279.99999999999994,140.0
302.55,0.006471839973543147,279.99999999999994,140.0
302.59999999999997,0.00640423430941226,279.99999999999994,140.0
302.65000000000003,0.00633697618359097,279.99999999999994,140.0
302.7,0.006270065714611127,279.99999999999994,140.0
302.74999999999994,0.006203503021006717,279.99999999999994,140.0
302.8,0.00613728822131172,279.99999999999994,140.0
302.84999999999997,0.006071421434056922,279.99999999999994,140.0
302.9,0.006005902777778438,279.99999999999994,140.0
302.95,0.005940732371003853,279.99999999999994,140.0
303.0,0.005875910332270883,279.99999999999994,140.0
303.04999999999995,0.005811436780109779,279.99999999999994,140.0
303.1,0.005747311833055057,279.99999999999994,140.0
303.15,0.0056835356096380345,279.99999999999994,140.0
303.2,0.005620108228392695,279.99999999999994,140.0
303.24999999999994,0.005557029807850355,279.99999999999994,140.0
303.3,0.0054943004665449985,279.99999999999994,140.0
303.34999999999997,0.005431920323010075,279.99999999999994,140.0
303.4,0.005369889495777436,279.99999999999994,140.0
303.45,0.00530820810338053,279.99999999999994,140.0
303.5,0.005246876264350674,279.99999999999994,140.0
303.54999999999995,0.00518589409722292,279.99999999999994,140.0
303.6,0.005125261720528051,279.99999999999994,140.0
303.65,0.005064979252801116,279.99999999999994,140.0
303.7,0.005005046812573432,279.99999999999994,140.0
303.75,0.004945464518376852,279.99999999999994,140.0
303.8,0.004886232488746955,279.99999999999994,140.0
303.84999999999997,0.004827350842215061,279.99999999999994,140.0
303.9,0.004768819697314619,279.99999999999994,140.0
303.95,0.004710639172578013,279.99999999999994,140.0
303.99999999999994,0.0046528093865365605,279.99999999999994,140.0
304.05,0.004595330457726376,279.99999999999994,140.0
304.09999999999997,0.00453820250467718,279.99999999999994,140.0
304.15,0.004481425645924553,279.99999999999994,140.0
304.2,0.004424999999999812,279.99999999999994,140.0
304.25,0.004368925685436409,279.99999999999994,140.0
304.29999999999995,0.00431320282076566,279.99999999999994,140.0
304.35,0.004257831524522082,279.99999999999994,140.0
304.4,0.004202811915238058,279.99999999999994,140.0
304.45,0.00414814411144544,279.99999999999994,140.0
304.5,0.004093828231679808,279.99999999999994,140.0
304.55,0.004039864394471415,279.99999999999994,140.0
304.59999999999997,0.003986252718354244,279.99999999999994,140.0
304.65,0.003932993321858546,279.99999999999994,140.0
304.7,0.0038800863235220365,279.99999999999994,140.0
304.75,0.0038275318418738986,279.99999999999994,140.0
304.79999999999995,0.0037753299954481176,279.99999999999994,140.0
304.85,0.003723480902777609,279.99999999999994,140.0
304.9,0.0036719846823947576,279.99999999999994,140.0
304.95,0.003620841452833012,279.99999999999994,140.0
305.0,0.003570051332625823,279.99999999999994,140.0
305.04999999999995,0.003519614440303442,279.99999999999994,140.0
305.09999999999997,0.003469530894400918,279.99999999999994,140.0
305.15,0.003419800813451168,279.99999999999994,140.0
305.2,0.0033704243159860424,279.99999999999994,140.0
305.24999999999994,0.0033214015205395237,279.99999999999994,140.0
305.3,0.0032727325456429314,279.99999999999994,140.0
305.34999999999997,0.003224417509830246,279.99999999999994,140.0
305.4,0.0031764565316349186,279.99999999999994,140.0
305.45,0.003128849729587202,279.99999999999994,140.0
305.5,0.0030815972222226757,279.99999999999994,140.0
305.54999999999995,0.0030346991280726598,279.99999999999994,140.0
305.6,0.0029881555656695365,279.99999999999994,140.0
305.65,0.0029419666535488885,279.99999999999994,140.0
305.7,0.0028961325102415,279.99999999999994,140.0
305.75,0.0028506532542797555,279.99999999999994,140.0
305.8,0.00280552900419817,279.99999999999994,140.0
305.84999999999997,0.0027607598785275296,279.99999999999994,140.0
305.90000000000003,0.0027163459958018167,279.99999999999994,140.0
305.95,0.002672287474555013,279.99999999999994,140.0
306.0,0.0026285844333179043,279.99999999999994,140.0
306.05,0.002585236990625539,279.99999999999994,140.0
306.09999999999997,0.0025422452650071038,279.99999999999994,140.0
306.15,0.002499609375000311,279.99999999999994,140.0
306.2,0.0024573294391343477,279.99999999999994,140.0
306.25,0.0024154055759431966,279.99999999999994,140.0
306.29999999999995,0.0023738379039603074,279.99999999999994,140.0
306.34999999999997,0.0023326265417180636,279.99999999999994,140.0
306.4,0.0022917716077483163,279.99999999999994,140.0
306.45,0.0022512732205845153,279.99999999999994,140.0
306.49999999999994,0.0022111314987611763,279.99999999999994,140.0
306.55,0.0021713465608090843,279.99999999999994,140.0
306.59999999999997,0.0021319185252611558,279.99999999999994,140.0
306.65,0.002092847510651374,279.99999999999994,140.0
306.7,0.002054133635512656,279.99999999999994,140.0
306.75,0.002015777018377385,279.99999999999994,140.0
306.79999999999995,0.001977777777777945,279.99999999999994,140.0
306.85,0.00194013603224672,279.99999999999994,140.0
306.9,0.0019028519003182252,279.99999999999994,140.0
306.95,0.0018659255005248456,279.99999999999994,140.0
307.0,0.0018293569513978978,279.99999999999994,140.0
307.05,0.0017931463714724314,279.99999999999994,140.0
307.09999999999997,0.0017572938792792313,279.99999999999994,140.0
307.15000000000003,0.0017217995933533458,279.99999999999994,140.0
307.2,0.0016866636322255602,279.99999999999994,140.0
307.24999999999994,0.0016518861144298568,279.99999999999994,140.0
307.3,0.00161746715849862,279.99999999999994,140.0
307.34999999999997,0.001583406882965299,279.99999999999994,140.0
307.4,0.0015497054063622782,279.99999999999994,140.0
307.45,0.0015163628472224743,279.99999999999994,140.0
307.5,0.0014833793240782711,279.99999999999994,140.0
307.54999999999995,0.0014507549554631182,279.99999999999994,140.0
307.6,0.0014184898599104655,279.99999999999994,140.0
307.65,0.0013865841559510983,279.99999999999994,140.0
307.7,0.0013550379621195317,279.99999999999994,140.0
307.75,0.0013238513969486831,279.99999999999994,140.0
307.8,0.001293024578971469,279.99999999999994,140.0
307.84999999999997,0.0012625576267197402,279.99999999999994,140.0
307.9,0.0012324506587258809,279.99999999999994,140.0
307.95,0.0012027037935249396,279.99999999999994,140.0
308.0,0.0011733171496493,279.99999999999994,140.0
308.04999999999995,0.0011442908456297475,279.99999999999994,140.0
308.1,0.0011156249999997314,279.99999999999994,140.0
308.15,0.0010873197312943007,279.99999999999994,140.0
308.2,0.00105937515804424,279.99999999999994,140.0
308.25,0.0010317913987819337,279.99999999999994,140.0
308.3,0.001004568572042963,279.99999999999994,140.0
308.34999999999997,0.0009777067963570472,279.99999999999994,140.0
308.4,0.000951206190258702,279.99999999999994,140.0
308.45,0.0009250668722808441,279.99999999999994,140.0
308.49999999999994,0.0008992889609569232,279.99999999999994,140.0
308.55,0.0008738725748177245,279.99999999999994,140.0
308.59999999999997,0.0008488178323972305,279.99999999999994,140.0
308.65,0.0008241248522288913,279.99999999999994,140.0
308.7,0.0007997937528440247,279.99999999999994,140.0
308.75,0.0007758246527776791,279.99999999999994,140.0
308.79999999999995,0.0007522176705606398,279.99999999999994,140.0
308.85,0.0007289729247263565,279.99999999999994,140.0
308.9,0.0007060905338093449,279.99999999999994,140.0
308.95,0.000683570616339324,279.99999999999994,140.0
309.0,0.0006614132908513425,279.99999999999994,140.0
309.05,0.0006396186758783173,279.99999999999994,140.0
309.09999999999997,0.0006181868899505005,279.99999999999994,140.0
309.15000000000003,0.0005971180516040064,279.99999999999994,140.0
309.2,0.0005764122793717519,279.99999999999994,140.0
309.25,0.0005560696917823903,279.99999999999994,140.0
309.29999999999995,0.000536090407373635,279.99999999999994,140.0
309.35,0.0005164745446757379,279.99999999999994,140.0
309.4,0.0004972222222221488,279.99999999999994,140.0
309.44999999999993,0.00047833355854525194,279.99999999999994,140.0
309.5,0.00045980867217902953,279.99999999999994,140.0
309.54999999999995,0.00044164768165533275,279.99999999999994,140.0
309.59999999999997,0.00042385070550761124,279.99999999999994,140.0
309.65,0.00040641786226878194,279.99999999999994,140.0
309.7,0.0003893492704696299,279.99999999999994,140.0
309.74999999999994,0.0003726450486462696,279.99999999999994,140.0
309.8,0.0003563053153284201,279.99999999999994,140.0
309.84999999999997,0.0003403301890521959,279.99999999999994,140.0
309.9,0.00032471978834838213,279.99999999999994,140.0
309.95,0.0003094742317493626,279.99999999999994,140.0
310.0,0.0002945936377885872,279.99999999999994,140.0
310.04999999999995,0.0002800781250000384,279.99999999999994,140.0
310.1,0.00026592781191503434,279.99999999999994,140.0
310.15,0.0002521428170680906,279.99999999999994,140.0
310.2,0.00023872325898999233,279.99999999999994,140.0
310.25,0.0002256692562141893,279.99999999999994,140.0
310.3,0.0002129809272741312,279.99999999999994,140.0
310.34999999999997,0.00020065839070273483,279.99999999999994,140.0
310.40000000000003,0.00018870176503344991,279.99999999999994,140.0
310.45,0.00017711116879652876,279.99999999999994,140.0
310.5,0.0001658867205280856,279.99999999999994,140.0
310.55,0.00015502853875943854,279.99999999999994,140.0
310.59999999999997,0.0001445367420224386,279.99999999999994,140.0
310.65,0.00013441144885106837,279.99999999999994,140.0
310.7,0.0001246527777782447,279.99999999999994,140.0
310.75,0.00011526084733688435,279.99999999999994,140.0
310.79999999999995,0.00010623577605830547,279.99999999999994,140.0
310.84999999999997,9.757768247755649e-05,279.99999999999994,140.0
310.9,8.92866851264884e-05,279.99999999999994,140.0
310.95,8.136290253695222e-05,279.99999999999994,140.0
310.99999999999994,7.380645324399636e-05,279.99999999999994,140.0
311.05,6.661745577947187e-05,279.99999999999994,140.0
311.09999999999997,5.9796028674696794e-05,279.99999999999994,140.0
311.15,5.334229046631833e-05,279.99999999999994,140.0
311.2,4.7256359682457114e-05,279.99999999999994,140.0
311.25,4.153835485922741e-05,279.99999999999994,140.0
311.29999999999995,3.6188394527947306e-05,279.99999999999994,140.0
311.35,3.1206597222599444e-05,279.99999999999994,140.0
311.4,2.659308147556771e-05,279.99999999999994,140.0
311.45,2.2347965819236038e-05,279.99999999999994,140.0
311.5,1.847136878545541e-05,279.99999999999994,140.0
311.55,1.4963408909807186e-05,279.99999999999994,140.0
311.59999999999997,1.1824204723609456e-05,279.99999999999994,140.0
311.65000000000003,9.053874759779033e-06,279.99999999999994,140.0
311.7,6.6525375506998325e-06,279.99999999999994,140.0
311.74999999999994,4.620311631420293e-06,279.99999999999994,140.0
311.8,2.9573155316597876e-06,279.99999999999994,140.0
311.84999999999997,1.6636677859338534e-06,279.99999999999994,140.0
311.9,7.394869266263981e-07,279.99999999999994,140.0
311.95,1.848914871871443e-07,279.99999999999994,140.0
312.0,0.0,279.99999999999994,140.0
312.04999999999995,0.0,279.90278621720677,140.0
312.1,0.0,279.8055893132715,140.0
312.15,0.0,279.70840928819445,140.0
312.2,0.0,279.6112461419753,140.0
312.25,0.0,279.5140998746142,140.0
312.3,0.0,279.41697048611104,140.0
312.34999999999997,0.0,279.319857976466,140.0
312.4,0.0,279.2227623456789,140.0
312.45,0.0,279.12568359375,140.0
312.5,0.0,279.0286217206789,140.0
312.54999999999995,0.0,278.931576726466,140.0
312.6,0.0,278.834548611111,140.0
312.65,0.0,278.7375373746142,140.0
312.7,0.0,278.64054301697524,140.0
312.75,0.0,278.54356553819446,140.0
312.79999999999995,0.0,278.44660493827166,140.0
312.84999999999997,0.0,278.3496612172067,140.0
312.9,0.0,278.252734375,140.0
312.95,0.0,278.1558244116512,140.0
312.99999999999994,0.0,278.05893132716056,140.0
313.05,0.0,277.9620551215277,140.0
313.09999999999997,0.0,277.8651957947531,140.0
313.15,0.0,277.76835334683636,140.0
313.2,0.0,277.6715277777778,140.0
313.25,0.0,277.57471908757714,140.0
313.29999999999995,0.0,277.47792727623454,140.0
313.35,0.0,277.38115234374993,140.0
313.4,0.0,277.28439429012343,140.0
313.45,0.0,277.1876531153549,140.0
313.5,0.0,277.09092881944446,140.0
313.55,0.0,276.99422140239193,140.0
313.59999999999997,0.0,276.8975308641975,140.0
313.65000000000003,0.0,276.8008572048611,140.0
313.7,0.0,276.70420042438275,140.0
313.75,0.0,276.60756052276224,140.0
313.8,0.0,276.51093749999995,140.0
313.85,0.0,276.41433135609554,140.0
313.9,0.0,276.3177420910494,140.0
313.95,0.0,276.22116970486115,140.0
314.0,0.0,276.12461419753083,140.0
314.04999999999995,0.0,276.0280755690586,140.0
314.09999999999997,0.0,275.9315538194444,140.0
314.15,0.0,275.83504894868827,140.0
314.2,0.0,275.7385609567901,140.0
314.24999999999994,0.0,275.64208984375,140.0
314.3,0.0,275.54563560956785,140.0
314.34999999999997,0.0,275.4491982542438,140.0
314.4,0.0,275.35277777777776,140.0
314.45,0.0,275.25637418016976,140.0
314.5,0.0,275.1599874614197,140.0
314.54999999999995,0.0,275.0636176215278,140.0
314.6,0.0,274.96726466049375,140.0
314.65,0.0,274.8709285783179,140.0
314.7,0.0,274.77460937499995,140.0
314.75,0.0,274.67830705054007,140.0
314.8,0.0,274.5820216049382,140.0
314.84999999999997,0.0,274.48575303819445,140.0
314.90000000000003,0.0,274.3895013503086,140.0
314.95,0.0,274.29326654128084,140.0
314.99999999999994,0.0,274.19704861111114,140.0
315.05,0.0,274.1008475597993,140.0
315.09999999999997,0.0,274.0046633873457,140.0
315.15,0.0,273.90849609374993,140.0
315.2,0.0,273.8123456790124,140.0
315.25,0.0,273.7162121431327,140.0
315.29999999999995,0.0,273.6200954861111,140.0
315.35,0.0,273.52399570794745,140.0
315.4,0.0,273.42791280864196,140.0
315.45,0.0,273.3318467881944,140.0
315.49999999999994,0.0,273.23579764660496,140.0
315.55,0.0,273.1397653838734,140.0
315.59999999999997,0.0,273.04374999999993,140.0
315.65,0.0,272.9477514949845,140.0
315.7,0.0,272.85176986882715,140.0
315.75,0.0,272.7558051215277,140.0
315.79999999999995,0.0,272.65985725308644,140.0
315.85,0.0,272.563926263503,140.0
315.9,0.0,272.46801215277776,140.0
315.95,0.0,272.37211492091046,140.0
316.0,0.0,272.27623456790127,140.0
316.05,0.0,272.1803710937499,140.0
316.09999999999997,0.0,272.0845244984568,140.0
316.15,0.0,271.9886947820216,140.0
316.2,0.0,271.8928819444444,140.0
316.24999999999994,0.0,271.79708598572535,140.0
316.3,0.0,271.70130690586416,140.0
316.34999999999997,0.0,271.60554470486113,140.0
316.4,0.0,271.50979938271604,140.0
316.45,0.0,271.41407093942905,140.0
316.5,0.0,271.31835937499994,140.0
316.54999999999995,0.0,271.222664689429,140.0
316.6,0.0,271.126986882716,140.0
316.65,0.0,271.03132595486113,140.0
316.7,0.0,270.93568190586416,140.0
316.75,0.0,270.8400547357253,140.0
316.8,0.0,270.7444444444444,140.0
316.84999999999997,0.0,270.6488510320216,140.0
316.9,0.0,270.55327449845674,140.0
316.95,0.0,270.45771484375,140.0
317.0,0.0,270.36217206790116,140.0
317.04999999999995,0.0,270.26664617091046,140.0
317.1,0.0,270.1711371527777,140.0
317.15,0.0,270.07564501350305,140.0
317.2,0.0,269.98016975308633,140.0
317.25,0.0,269.88471137152777,140.0
317.29999999999995,0.0,269.78926986882715,140.0
317.34999999999997,0.0,269.69384524498446,140.0
317.4,0.0,269.5984375,140.0
317.45,0.0,269.5030466338734,140.0
317.49999999999994,0.0,269.40767264660496,140.0
317.55,0.0,269.3123155381944,140.0
317.59999999999997,0.0,269.21697530864196,140.0
317.65,0.0,269.1216519579475,140.0
317.7,0.0,269.02634548611115,140.0
317.75,0.0,268.9310558931327,140.0
317.79999999999995,0.0,268.83578317901237,140.0
317.85,0.0,268.74052734374993,140.0
317.9,0.0,268.6452883873456,140.0
317.95,0.0,268.5500663097993,140.0
318.0,0.0,268.4548611111111,140.0
318.05,0.0,268.3596727912808,140.0
318.09999999999997,0.0,268.26450135030865,140.0
318.15000000000003,0.0,268.16934678819445,140.0
318.2,0.0,268.07420910493823,140.0
318.25,0.0,267.97908830054007,140.0
318.3,0.0,267.88398437499995,140.0
318.34999999999997,0.0,267.78889732831794,140.0
318.4,0.0,267.69382716049375,140.0
318.45,0.0,267.59877387152784,140.0
318.5,0.0,267.50373746141975,140.0
318.54999999999995,0.0,267.40871793016976,140.0
318.59999999999997,0.0,267.3137152777777,140.0
318.65,0.0,267.2187295042438,140.0
318.7,0.0,267.12376060956785,140.0
318.74999999999994,0.0,267.02880859375,140.0
318.8,0.0,266.9338734567901,140.0
318.84999999999997,0.0,266.83895519868827,140.0
318.9,0.0,266.74405381944445,140.0
318.95,0.0,266.6491693190587,140.0
319.0,0.0,266.5543016975308,140.0
319.04999999999995,0.0,266.4594509548611,140.0
319.1,0.0,266.3646170910493,140.0
319.15,0.0,266.26980010609566,140.0
319.2,0.0,266.1749999999999,140.0
319.25,0.0,266.0802167727623,140.0
319.3,0.0,265.98545042438263,140.0
319.34999999999997,0.0,265.8907009548611,140.0
319.40000000000003,0.0,265.79596836419745,140.0
319.45,0.0,265.701252652392,140.0
319.49999999999994,0.0,265.60655381944446,140.0
319.55,0.0,265.5118718653549,140.0
319.59999999999997,0.0,265.41720679012343,140.0
319.65,0.0,265.32255859374993,140.0
319.7,0.0,265.2279272762346,140.0
319.75,0.0,265.13331283757714,140.0
319.79999999999995,0.0,265.0387152777778,140.0
319.85,0.0,264.94413459683636,140.0
319.9,0.0,264.84957079475305,140.0
319.95,0.0,264.7550238715278,140.0
320.0,0.0,264.6604938271605,140.0
320.05,0.0,264.56598066165117,140.0
320.09999999999997,0.0,264.471484375,140.0
320.15,0.0,264.37700496720674,140.0
320.2,0.0,264.28254243827166,140.0
320.25,0.0,264.1880967881944,140.0
320.29999999999995,0.0,264.0936680169753,140.0
320.35,0.0,263.9992561246141,140.0
320.4,0.0,263.9048611111111,140.0
320.45,0.0,263.81048297646595,140.0
320.5,0.0,263.716121720679,140.0
320.55,0.0,263.6217773437499,140.0
320.59999999999997,0.0,263.527449845679,140.0
320.65,0.0,263.43313922646604,140.0
320.7,0.0,263.3388454861111,140.0
320.74999999999994,0.0,263.2445686246142,140.0
320.8,0.0,263.15030864197524,140.0
320.84999999999997,0.0,263.05606553819445,140.0
320.9,0.0,262.9618393132715,140.0
320.95,0.0,262.8676299672068,140.0
321.0,0.0,262.77343749999994,140.0
321.04999999999995,0.0,262.6792619116512,140.0
321.1,0.0,262.5851032021604,140.0
321.15,0.0,262.4909613715277,140.0
321.2,0.0,262.396836419753,140.0
321.25,0.0,262.30272834683643,140.0
321.3,0.0,262.2086371527777,140.0
321.34999999999997,0.0,262.1145628375771,140.0
321.40000000000003,0.0,262.0205054012345,140.0
321.45,0.0,261.92646484375,140.0
321.5,0.0,261.8324411651234,140.0
321.54999999999995,0.0,261.7384343653549,140.0
321.6,0.0,261.64444444444433,140.0
321.65,0.0,261.5504714023919,140.0
321.69999999999993,0.0,261.45651523919753,140.0
321.75,0.0,261.3625759548611,140.0
321.79999999999995,0.0,261.2686535493827,140.0
321.84999999999997,0.0,261.1747480227623,140.0
321.9,0.0,261.080859375,140.0
321.95,0.0,260.9869876060956,140.0
321.99999999999994,0.0,260.89313271604937,140.0
322.05,0.0,260.7992947048611,140.0
322.09999999999997,0.0,260.7054735725309,140.0
322.15,0.0,260.6116693190586,140.0
322.2,0.0,260.51788194444447,140.0
322.25,0.0,260.4241114486882,140.0
322.29999999999995,0.0,260.33035783179014,140.0
322.35,0.0,260.23662109374993,140.0
322.4,0.0,260.1429012345679,140.0
322.45,0.0,260.0491982542438,140.0
322.5,0.0,259.95551215277777,140.0
322.55,0.0,259.86184293016964,140.0
322.59999999999997,0.0,259.76819058641973,140.0
322.65000000000003,0.0,259.6745551215277,140.0
322.7,0.0,259.5809365354938,140.0
322.75,0.0,259.4873348283178,140.0
322.8,0.0,259.39375,140.0
322.84999999999997,0.0,259.3001820505401,140.0
322.9,0.0,259.2066309799382,140.0
322.95,0.0,259.1130967881945,140.0
323.0,0.0,259.01957947530866,140.0
323.04999999999995,0.0,258.9260790412809,140.0
323.09999999999997,0.0,258.8325954861111,140.0
323.15,0.0,258.73912880979935,140.0
323.2,0.0,258.6456790123456,140.0
323.24999999999994,0.0,258.55224609375,140.0
323.3,0.0,258.4588300540123,140.0
323.34999999999997,0.0,258.3654308931327,140.0
323.4,0.0,258.2720486111111,140.0
323.45,0.0,258.1786832079476,140.0
323.5,0.0,258.0853346836419,140.0
323.54999999999995,0.0,257.99200303819447,140.0
323.6,0.0,257.8986882716049,140.0
323.65,0.0,257.80539038387343,140.0
323.7,0.0,257.71210937499995,140.0
323.75,0.0,257.6188452449846,140.0
323.8,0.0,257.5255979938271,140.0
323.84999999999997,0.0,257.43236762152776,140.0
323.9,0.0,257.3391541280864,140.0
323.95,0.0,257.2459575135031,140.0
323.99999999999994,0.0,257.1527777777778,140.0
324.05,0.0,257.05961492091046,140.0
324.09999999999997,0.0,256.9664689429012,140.0
324.15,0.0,256.87333984374993,140.0
324.2,0.0,256.78022762345677,140.0
324.25,0.0,256.68713228202154,140.0
324.29999999999995,0.0,256.5940538194444,140.0
324.35,0.0,256.5009922357252,140.0
324.4,0.0,256.4079475308642,140.0
324.45,0.0,256.31491970486104,140.0
324.5,0.0,256.22190875771605,140.0
324.55,0.0,256.12891468942894,140.0
324.59999999999997,0.0,256.0359375,140.0
324.65,0.0,255.9429771894289,140.0
324.7,0.0,255.8500337577161,140.0
324.75,0.0,255.7571072048611,140.0
324.79999999999995,0.0,255.66419753086416,140.0
324.85,0.0,255.57130473572522,140.0
324.9,0.0,255.47842881944442,140.0
324.95,0.0,255.38556978202158,140.0
325.0,0.0,255.29272762345678,140.0
325.04999999999995,0.0,255.19990234375,140.0
325.09999999999997,0.0,255.10709394290117,140.0
325.15,0.0,255.01430242091052,140.0
325.2,0.0,254.92152777777773,140.0
325.24999999999994,0.0,254.82877001350312,140.0
325.3,0.0,254.73602912808636,140.0
325.34999999999997,0.0,254.64330512152776,140.0
325.4,0.0,254.5505979938271,140.0
325.45,0.0,254.45790774498457,140.0
325.5,0.0,254.36523437499997,140.0
325.54999999999995,0.0,254.27257788387348,140.0
325.6,0.0,254.17993827160484,140.0
325.65,0.0,254.08731553819442,140.0
325.7,0.0,253.99470968364196,140.0
325.75,0.0,253.90212070794755,140.0
325.8,0.0,253.80954861111107,140.0
325.84999999999997,0.0,253.71699339313267,140.0
325.90000000000003,0.0,253.6244550540123,140.0
325.95,0.0,253.53193359375,140.0
326.0,0.0,253.4394290123456,140.0
326.05,0.0,253.34694130979932,140.0
326.1,0.0,253.25447048611102,140.0
326.15,0.0,253.16201654128082,140.0
326.19999999999993,0.0,253.06957947530861,140.0
326.25,0.0,252.97715928819443,140.0
326.29999999999995,0.0,252.8847559799383,140.0
326.34999999999997,0.0,252.7923695505401,140.0
326.4,0.0,252.69999999999996,140.0
326.45,0.0,252.60764732831788,140.0
326.49999999999994,0.0,252.51531153549382,140.0
326.55,0.0,252.42299262152773,140.0
326.59999999999997,0.0,252.33069058641973,140.0
326.65,0.0,252.23840543016965,140.0
326.7,0.0,252.14613715277778,140.0
326.75,0.0,252.05388575424377,140.0
326.79999999999995,0.0,251.96165123456794,140.0
326.85,0.0,251.8694335937499,140.0
326.9,0.0,251.7772328317901,140.0
326.95,0.0,251.68504894868826,140.0
327.0,0.0,251.59288194444443,140.0
327.05,0.0,251.50073181905861,140.0
327.09999999999997,0.0,251.40859857253085,140.0
327.15000000000003,0.0,251.31648220486102,140.0
327.2,0.0,251.22438271604938,140.0
327.24999999999994,0.0,251.1323001060957,140.0
327.3,0.0,251.04023437499998,140.0
327.34999999999997,0.0,250.94818552276237,140.0
327.4,0.0,250.85615354938264,140.0
327.45,0.0,250.7641384548611,140.0
327.5,0.0,250.67214023919752,140.0
327.54999999999995,0.0,250.580158902392,140.0
327.59999999999997,0.0,250.48819444444436,140.0
327.65,0.0,250.39624686535495,140.0
327.7,0.0,250.30431616512345,140.0
327.74999999999994,0.0,250.21240234375003,140.0
327.8,0.0,250.12050540123454,140.0
327.84999999999997,0.0,250.02862533757713,140.0
327.9,0.0,249.9367621527777,140.0
327.95,0.0,249.84491584683644,140.0
328.0,0.0,249.75308641975303,140.0
328.04999999999995,0.0,249.66127387152778,140.0
328.1,0.0,249.5694782021604,140.0
328.15,0.0,249.47769941165117,140.0
328.2,0.0,249.38593749999993,140.0
328.25,0.0,249.2941924672068,140.0
328.3,0.0,249.20246431327152,140.0
328.34999999999997,0.0,249.1107530381944,140.0
328.4,0.0,249.0190586419753,140.0
328.45,0.0,248.92738112461421,140.0
328.49999999999994,0.0,248.83572048611114,140.0
328.55,0.0,248.74407672646598,140.0
328.59999999999997,0.0,248.65244984567903,140.0
328.65,0.0,248.56083984374993,140.0
328.7,0.0,248.46924672067897,140.0
328.75,0.0,248.37767047646605,140.0
328.79999999999995,0.0,248.2861111111111,140.0
328.85,0.0,248.19456862461413,140.0
328.9,0.0,248.1030430169753,140.0
328.95,0.0,248.01153428819438,140.0
329.0,0.0,247.9200424382716,140.0
329.05,0.0,247.82856746720677,140.0
329.09999999999997,0.0,247.737109375,140.0
329.15,0.0,247.64566816165114,140.0
329.2,0.0,247.55424382716043,140.0
329.25,0.0,247.46283637152771,140.0
329.29999999999995,0.0,247.37144579475304,140.0
329.35,0.0,247.28007209683634,140.0
329.4,0.0,247.18871527777773,140.0
329.45,0.0,247.09737533757712,140.0
329.5,0.0,247.00605227623456,140.0
329.54999999999995,0.0,246.91474609375004,140.0
329.59999999999997,0.0,246.82345679012343,140.0
329.65,0.0,246.73218436535493,140.0
329.7,0.0,246.6409288194444,140.0
329.74999999999994,0.0,246.54969015239203,140.0
329.8,0.0,246.45846836419747,140.0
329.84999999999997,0.0,246.3672634548611,140.0
329.9,0.0,246.27607542438264,140.0
329.95,0.0,246.18490427276234,140.0
330.0,0.0,246.09374999999994,140.0
330.04999999999995,0.0,246.00261260609568,140.0
330.1,0.0,245.9114920910493,140.0
330.15,0.0,245.82038845486107,140.0
330.2,0.0,245.72930169753084,140.0
330.25,0.0,245.63823181905866,140.0
330.3,0.0,245.54717881944435,140.0
330.34999999999997,0.0,245.4561426986882,140.0
330.40000000000003,0.0,245.36512345679006,140.0
330.45,0.0,245.27412109375,140.0
330.5,0.0,245.1831356095678,140.0
330.55,0.0,245.0921670042438,140.0
330.59999999999997,0.0,245.00121527777776,140.0
330.65,0.0,244.9102804301697,140.0
330.7,0.0,244.81936246141976,140.0
330.75,0.0,244.72846137152774,140.0
330.79999999999995,0.0,244.63757716049383,140.0
330.84999999999997,0.0,244.54670982831786,140.0
330.9,0.0,244.45585937500002,140.0
330.95,0.0,244.36502580054008,140.0
330.99999999999994,0.0,244.27420910493828,140.0
331.05,0.0,244.18340928819444,140.0
331.09999999999997,0.0,244.09262635030865,140.0
331.15,0.0,244.0018602912808,140.0
331.2,0.0,243.91111111111113,140.0
331.25,0.0,243.8203788097993,140.0
331.29999999999995,0.0,243.7296633873457,140.0
331.35,0.0,243.63896484374996,140.0
331.4,0.0,243.54828317901232,140.0
331.45,0.0,243.4576183931327,140.0
331.5,0.0,243.36697048611114,140.0
331.55,0.0,243.27633945794747,140.0
331.59999999999997,0.0,243.18572530864193,140.0
331.65000000000003,0.0,243.09512803819436,140.0
331.7,0.0,243.0045476466049,140.0
331.74999999999994,0.0,242.91398413387344,140.0
331.8,0.0,242.82343749999998,140.0
331.84999999999997,0.0,242.73290774498457,140.0
331.9,0.0,242.64239486882713,140.0
331.95,0.0,242.55189887152778,140.0
332.0,0.0,242.46141975308637,140.0
332.04999999999995,0.0,242.37095751350313,140.0
332.1,0.0,242.28051215277773,140.0
332.15,0.0,242.19008367091052,140.0
332.2,0.0,242.09967206790114,140.0
332.24999999999994,0.0,242.00927734375003,140.0
332.3,0.0,241.91889949845674,140.0
332.34999999999997,0.0,241.82853853202155,140.0
332.4,0.0,241.7381944444444,140.0
332.45,0.0,241.64786723572527,140.0
332.5,0.0,241.55755690586415,140.0
332.54999999999995,0.0,241.46726345486107,140.0
332.6,0.0,241.37698688271598,140.0
332.65,0.0,241.28672718942897,140.0
332.7,0.0,241.19648437499993,140.0
332.75,0.0,241.10625843942904,140.0
332.79999999999995,0.0,241.0160493827161,140.0
332.84999999999997,0.0,240.9258572048611,140.0
332.9,0.0,240.8356819058642,140.0
332.95,0.0,240.7455234857253,140.0
332.99999999999994,0.0,240.65538194444449,140.0
333.05,0.0,240.56525728202155,140.0
333.09999999999997,0.0,240.4751494984568,140.0
333.15,0.0,240.38505859374993,140.0
333.2,0.0,240.29498456790125,140.0
333.25,0.0,240.20492742091048,140.0
333.29999999999995,0.0,240.1148871527778,140.0
333.35,0.0,240.02486376350305,140.0
333.4,0.0,239.9348572530864,140.0
333.45,0.0,239.84486762152775,140.0
333.5,0.0,239.7548948688272,140.0
333.55,0.0,239.6649389949845,140.0
333.59999999999997,0.0,239.575,140.0
333.65,0.0,239.48507788387337,140.0
333.7,0.0,239.39517264660492,140.0
333.75,0.0,239.30528428819443,140.0
333.79999999999995,0.0,239.21541280864193,140.0
333.85,0.0,239.12555820794748,140.0
333.9,0.0,239.0357204861111,140.0
333.94999999999993,0.0,238.94589964313272,140.0
334.0,0.0,238.85609567901236,140.0
334.04999999999995,0.0,238.76630859375,140.0
334.09999999999997,0.0,238.67653838734566,140.0
334.15,0.0,238.58678505979938,140.0
334.2,0.0,238.497048611111,140.0
334.24999999999994,0.0,238.40732904128086,140.0
334.3,0.0,238.31762635030856,140.0
334.34999999999997,0.0,238.22794053819447,140.0
334.4,0.0,238.13827160493818,140.0
334.45,0.0,238.04861955054008,140.0
334.5,0.0,237.95898437499997,140.0
334.54999999999995,0.0,237.86936607831794,140.0
334.6,0.0,237.77976466049375,140.0
334.65,0.0,237.69018012152773,140.0
334.7,0.0,237.60061246141967,140.0
334.75,0.0,237.51106168016977,140.0
334.8,0.0,237.42152777777773,140.0
334.84999999999997,0.0,237.3320107542438,140.0
334.90000000000003,0.0,237.24251060956783,140.0
334.95,0.0,237.15302734374998,140.0
335.0,0.0,237.06356095679004,140.0
335.05,0.0,236.97411144868826,140.0
335.09999999999997,0.0,236.8846788194445,140.0
335.15,0.0,236.79526306905862,140.0
335.2,0.0,236.70586419753084,140.0
335.25,0.0,236.6164822048611,140.0
335.29999999999995,0.0,236.52711709104938,140.0
335.34999999999997,0.0,236.4377688560956,140.0
335.4,0.0,236.3484375,140.0
335.45,0.0,236.2591230227623,140.0
335.49999999999994,0.0,236.16982542438274,140.0
335.55,0.0,236.0805447048611,140.0
335.59999999999997,0.0,235.99128086419753,140.0
335.65,0.0,235.9020339023919,140.0
335.7,0.0,235.81280381944444,140.0
335.75,0.0,235.7235906153549,140.0
335.79999999999995,0.0,235.63439429012345,140.0
335.85,0.0,235.54521484374993,140.0
335.9,0.0,235.45605227623454,140.0
335.95,0.0,235.36690658757715,140.0
336.0,0.0,235.27777777777777,140.0
336.05,0.0,235.18866584683636,140.0
336.09999999999997,0.0,235.09957079475305,140.0
336.15,0.0,235.0104926215278,140.0
336.2,0.0,234.92143132716043,140.0
336.24999999999994,0.0,234.83238691165124,140.0
336.3,0.0,234.74335937499995,140.0
336.34999999999997,0.0,234.65434871720683,140.0
336.4,0.0,234.56535493827153,140.0
336.45,0.0,234.4763780381944,140.0
336.5,0.0,234.3874180169753,140.0
336.54999999999995,0.0,234.29847487461424,140.0
336.6,0.0,234.20954861111105,140.0
336.65,0.0,234.120639226466,140.0
336.7,0.0,234.03174672067894,140.0
336.75,0.0,233.94287109374997,140.0
336.8,0.0,233.85401234567894,140.0
336.84999999999997,0.0,233.76517047646604,140.0
336.9,0.0,233.67634548611105,140.0
336.95,0.0,233.58753737461416,140.0
337.0,0.0,233.49874614197526,140.0
337.04999999999995,0.0,233.40997178819444,140.0
337.1,0.0,233.32121431327153,140.0
337.15,0.0,233.23247371720677,140.0
337.2,0.0,233.14374999999995,140.0
337.25,0.0,233.05504316165124,140.0
337.29999999999995,0.0,232.96635320216055,140.0
337.34999999999997,0.0,232.87768012152773,140.0
337.4,0.0,232.7890239197531,140.0
337.45,0.0,232.70038459683641,140.0
337.49999999999994,0.0,232.6117621527778,140.0
337.55,0.0,232.52315658757712,140.0
337.59999999999997,0.0,232.43456790123457,140.0
337.65,0.0,232.34599609374996,140.0
337.7,0.0,232.25744116512342,140.0
337.75,0.0,232.1689031153549,140.0
337.79999999999995,0.0,232.08038194444444,140.0
337.85,0.0,231.9918776523919,140.0
337.9,0.0,231.9033902391975,140.0
337.95,0.0,231.81491970486107,140.0
338.0,0.0,231.7264660493827,140.0
338.05,0.0,231.6380292727623,140.0
338.09999999999997,0.0,231.549609375,140.0
338.15000000000003,0.0,231.4612063560956,140.0
338.2,0.0,231.37282021604932,140.0
338.25,0.0,231.28445095486106,140.0
338.3,0.0,231.19609857253084,140.0
338.35,0.0,231.10776306905856,140.0
338.4,0.0,231.0194444444444,140.0
338.44999999999993,0.0,230.93114269868826,140.0
338.5,0.0,230.84285783179013,140.0
338.54999999999995,0.0,230.75458984375004,140.0
338.59999999999997,0.0,230.66633873456786,140.0
338.65,0.0,230.57810450424384,140.0
338.7,0.0,230.48988715277773,140.0
338.74999999999994,0.0,230.40168668016972,140.0
338.8,0.0,230.31350308641973,140.0
338.84999999999997,0.0,230.2253363715278,140.0
338.9,0.0,230.13718653549378,140.0
338.95,0.0,230.04905357831785,140.0
339.0,0.0,229.96093749999997,140.0
339.04999999999995,0.0,229.87283830054014,140.0
339.1,0.0,229.7847559799382,140.0
339.15,0.0,229.69669053819445,140.0
339.2,0.0,229.60864197530856,140.0
339.25,0.0,229.52061029128083,140.0
339.3,0.0,229.43259548611104,140.0
339.34999999999997,0.0,229.34459755979935,140.0
339.40000000000003,0.0,229.2566165123456,140.0
339.45,0.0,229.16865234374995,140.0
339.49999999999994,0.0,229.08070505401238,140.0
339.55,0.0,228.9927746431327,140.0
339.59999999999997,0.0,228.90486111111113,140.0
339.65,0.0,228.81696445794748,140.0
339.7,0.0,228.72908468364196,140.0
339.75,0.0,228.64122178819443,140.0
339.79999999999995,0.0,228.55337577160498,140.0
339.84999999999997,0.0,228.46554663387343,140.0
339.9,0.0,228.37773437500002,140.0
339.95,0.0,228.28993899498454,140.0
339.99999999999994,0.0,228.2021604938272,140.0
340.05,0.0,228.11439887152775,140.0
340.09999999999997,0.0,228.02665412808642,140.0
340.15,0.0,227.93892626350302,140.0
340.2,0.0,227.85121527777775,140.0
340.25,0.0,227.76352117091042,140.0
340.29999999999995,0.0,227.67584394290122,140.0
340.35,0.0,227.58818359374993,140.0
340.4,0.0,227.50054012345677,140.0
340.45,0.0,227.41291353202158,140.0
340.5,0.0,227.32530381944446,140.0
340.55,0.0,227.23771098572527,140.0
340.59999999999997,0.0,227.1501350308642,140.0
340.65,0.0,227.06257595486113,140.0
340.7,0.0,226.97503375771598,140.0
340.74999999999994,0.0,226.88750843942898,140.0
340.8,0.0,226.79999999999998,140.0
340.84999999999997,0.0,226.71250843942903,140.0
340.9,0.0,226.625033757716,140.0
340.95,0.0,226.5375759548611,140.0
341.0,0.0,226.45013503086417,140.0
341.04999999999995,0.0,226.36271098572533,140.0
341.1,0.0,226.2753038194444,140.0
341.15,0.0,226.18791353202158,140.0
341.2,0.0,226.1005401234567,140.0
341.25,0.0,226.01318359374997,140.0
341.3,0.0,225.9258439429012,140.0
341.34999999999997,0.0,225.83852117091047,140.0
341.4,0.0,225.75121527777773,140.0
341.45,0.0,225.66392626350304,140.0
341.5,0.0,225.57665412808637,140.0
341.54999999999995,0.0,225.48939887152778,140.0
341.6,0.0,225.4021604938271,140.0
341.65,0.0,225.31493899498452,140.0
341.7,0.0,225.22773437499987,140.0
341.75,0.0,225.14054663387347,140.0
341.79999999999995,0.0,225.053375771605,140.0
341.84999999999997,0.0,224.96622178819442,140.0
341.9,0.0,224.879084683642,140.0
341.95,0.0,224.79196445794747,140.0
341.99999999999994,0.0,224.70486111111114,140.0
342.05,0.0,224.61777464313266,140.0
342.09999999999997,0.0,224.53070505401237,140.0
342.15,0.0,224.44365234374993,140.0
342.2,0.0,224.35661651234568,140.0
342.25,0.0,224.26959755979934,140.0
342.29999999999995,0.0,224.18259548611113,140.0
342.35,0.0,224.0956102912808,140.0
342.4,0.0,224.00864197530862,140.0
342.45,0.0,223.9216905381944,140.0
342.5,0.0,223.83475597993828,140.0
342.55,0.0,223.74783830054005,140.0
342.59999999999997,0.0,223.66093749999996,140.0
342.65000000000003,0.0,223.57405357831783,140.0
342.7,0.0,223.48718653549378,140.0
342.75,0.0,223.40033637152771,140.0
342.8,0.0,223.31350308641976,140.0
342.84999999999997,0.0,223.2266866801698,140.0
342.9,0.0,223.13988715277776,140.0
342.95,0.0,223.05310450424383,140.0
343.0,0.0,222.9663387345679,140.0
343.04999999999995,0.0,222.87958984375,140.0
343.09999999999997,0.0,222.79285783179012,140.0
343.15,0.0,222.70614269868827,140.0
343.2,0.0,222.6194444444444,140.0
343.24999999999994,0.0,222.5327630690586,140.0
343.3,0.0,222.44609857253084,140.0
343.34999999999997,0.0,222.3594509548611,140.0
343.4,0.0,222.27282021604933,140.0
343.45,0.0,222.18620635609568,140.0
343.5,0.0,222.09960937499997,140.0
343.54999999999995,0.0,222.01302927276234,140.0
343.6,0.0,221.92646604938267,140.0
343.65,0.0,221.8399197048611,140.0
343.7,0.0,221.75339023919744,140.0
343.75,0.0,221.66687765239192,140.0
343.8,0.0,221.58038194444438,140.0
343.84999999999997,0.0,221.49390311535493,140.0
343.90000000000003,0.0,221.40744116512334,140.0
343.95,0.0,221.32099609374993,140.0
343.99999999999994,0.0,221.23456790123456,140.0
344.05,0.0,221.14815658757715,140.0
344.09999999999997,0.0,221.06176215277782,140.0
344.15,0.0,220.9753845968364,140.0
344.2,0.0,220.88902391975307,140.0
344.25,0.0,220.80268012152774,140.0
344.29999999999995,0.0,220.71635320216052,140.0
344.35,0.0,220.6300431616512,140.0
344.4,0.0,220.54375000000002,140.0
344.45,0.0,220.4574737172067,140.0
344.49999999999994,0.0,220.37121431327162,140.0
344.55,0.0,220.2849717881944,140.0
344.59999999999997,0.0,220.19874614197528,140.0
344.65,0.0,220.11253737461413,140.0
344.7,0.0,220.0263454861111,140.0
344.75,0.0,219.940170476466,140.0
344.79999999999995,0.0,219.854012345679,140.0
344.85,0.0,219.76787109374993,140.0
344.9,0.0,219.681746720679,140.0
344.95,0.0,219.595639226466,140.0
345.0,0.0,219.50954861111111,140.0
345.04999999999995,0.0,219.42347487461421,140.0
345.09999999999997,0.0,219.33741801697528,140.0
345.15,0.0,219.25137803819445,140.0
345.2,0.0,219.16535493827155,140.0
345.24999999999994,0.0,219.07934871720678,140.0
345.3,0.0,218.99335937499995,140.0
345.34999999999997,0.0,218.90738691165123,140.0
345.4,0.0,218.82143132716044,140.0
345.45,0.0,218.73549262152775,140.0
345.5,0.0,218.6495707947531,140.0
345.54999999999995,0.0,218.56366584683644,140.0
345.6,0.0,218.47777777777773,140.0
345.65,0.0,218.39190658757713,140.0
345.7,0.0,218.30605227623448,140.0
345.75,0.0,218.22021484374997,140.0
345.8,0.0,218.13439429012342,140.0
345.84999999999997,0.0,218.04859061535493,140.0
345.9,0.0,217.96280381944436,140.0
345.95,0.0,217.87703390239193,140.0
346.0,0.0,217.7912808641975,140.0
346.04999999999995,0.0,217.7055447048611,140.0
346.1,0.0,217.61982542438264,140.0
346.15,0.0,217.53412302276232,140.0
346.19999999999993,0.0,217.44843749999998,140.0
346.25,0.0,217.3627688560956,140.0
346.29999999999995,0.0,217.2771170910494,140.0
346.34999999999997,0.0,217.19148220486105,140.0
346.4,0.0,217.10586419753088,140.0
346.45,0.0,217.0202630690586,140.0
346.49999999999994,0.0,216.93467881944443,140.0
346.55,0.0,216.84911144868823,140.0
346.59999999999997,0.0,216.76356095679014,140.0
346.65,0.0,216.67802734374993,140.0
346.7,0.0,216.59251060956788,140.0
346.75,0.0,216.5070107542438,140.0
346.79999999999995,0.0,216.4215277777778,140.0
346.85,0.0,216.33606168016968,140.0
346.9,0.0,216.25061246141976,140.0
346.95,0.0,216.16518012152773,140.0
347.0,0.0,216.07976466049385,140.0
347.05,0.0,215.99436607831785,140.0
347.09999999999997,0.0,215.908984375,140.0
347.15000000000003,0.0,215.82361955054006,140.0
347.2,0.0,215.73827160493826,140.0
347.25,0.0,215.6529405381944,140.0
347.3,0.0,215.56762635030864,140.0
347.34999999999997,0.0,215.4823290412809,140.0
347.4,0.0,215.39704861111105,140.0
347.45,0.0,215.31178505979938,140.0
347.5,0.0,215.22653838734567,140.0
347.54999999999995,0.0,215.14130859375004,140.0
347.59999999999997,0.0,215.05609567901232,140.0
347.65,0.0,214.9708996431327,140.0
347.7,0.0,214.88572048611104,140.0
347.74999999999994,0.0,214.80055820794752,140.0
347.8,0.0,214.71541280864193,140.0
347.84999999999997,0.0,214.63028428819445,140.0
347.9,0.0,214.54517264660487,140.0
347.95,0.0,214.46007788387345,140.0
348.0,0.0,214.37499999999994,140.0
348.04999999999995,0.0,214.28993899498457,140.0
348.1,0.0,214.2048948688271,140.0
348.15,0.0,214.11986762152776,140.0
348.2,0.0,214.03485725308636,140.0
348.25,0.0,213.94986376350303,140.0
348.3,0.0,213.86488715277775,140.0
348.34999999999997,0.0,213.7799274209105,140.0
348.4,0.0,213.6949845679013,140.0
348.45,0.0,213.61005859374998,140.0
348.49999999999994,0.0,213.52514949845678,140.0
348.55,0.0,213.4402572820216,140.0
348.59999999999997,0.0,213.35538194444445,140.0
348.65,0.0,213.27052348572528,140.0
348.7,0.0,213.18568190586421,140.0
348.75,0.0,213.10085720486103,140.0
348.79999999999995,0.0,213.01604938271603,140.0
348.85,0.0,212.93125843942897,140.0
348.9,0.0,212.846484375,140.0
348.95,0.0,212.76172718942894,140.0
349.0,0.0,212.67698688271605,140.0
349.05,0.0,212.59226345486107,140.0
349.09999999999997,0.0,212.5075569058642,140.0
349.15,0.0,212.42286723572525,140.0
349.2,0.0,212.33819444444444,140.0
349.25,0.0,212.2535385320215,140.0
349.29999999999995,0.0,212.16889949845677,140.0
349.35,0.0,212.0842773437499,140.0
349.4,0.0,211.9996720679012,140.0
349.45,0.0,211.91508367091046,140.0
349.5,0.0,211.8305121527778,140.0
349.54999999999995,0.0,211.7459575135031,140.0
349.59999999999997,0.0,211.6614197530864,140.0
349.65,0.0,211.5768988715278,140.0
349.7,0.0,211.49239486882712,140.0
349.74999999999994,0.0,211.40790774498456,140.0
349.8,0.0,211.32343749999998,140.0
349.84999999999997,0.0,211.2389841338735,140.0
349.9,0.0,211.1545476466049,140.0
349.95,0.0,211.07012803819444,140.0
350.0,0.0,210.98572530864195,140.0
350.04999999999995,0.0,210.90133945794756,140.0
350.1,0.0,210.81697048611107,140.0
350.15,0.0,210.7326183931327,140.0
350.2,0.0,210.64828317901228,140.0
350.25,0.0,210.56396484374997,140.0
350.3,0.0,210.47966338734565,140.0
350.34999999999997,0.0,210.39537880979938,140.0
350.40000000000003,0.0,210.31111111111102,140.0
350.45,0.0,210.22686029128084,140.0
350.5,0.0,210.1426263503086,140.0
350.54999999999995,0.0,210.0584092881944,140.0
350.6,0.0,209.9742091049382,140.0
350.65,0.0,209.8900258005401,140.0
350.69999999999993,0.0,209.805859375,140.0
350.75,0.0,209.72170982831784,140.0
350.79999999999995,0.0,209.6375771604938,140.0
350.84999999999997,0.0,209.55346137152773,140.0
350.9,0.0,209.46936246141976,140.0
350.95,0.0,209.3852804301697,140.0
350.99999999999994,0.0,209.30121527777777,140.0
351.05,0.0,209.2171670042438,140.0
351.09999999999997,0.0,209.13313560956792,140.0
351.15,0.0,209.04912109374993,140.0
351.2,0.0,208.9651234567901,140.0
351.25,0.0,208.8811426986882,140.0
351.29999999999995,0.0,208.7971788194444,140.0
351.35,0.0,208.7132318190586,140.0
351.4,0.0,208.62930169753085,140.0
351.45,0.0,208.54538845486104,140.0
351.5,0.0,208.46149209104942,140.0
351.55,0.0,208.37761260609562,140.0
351.59999999999997,0.0,208.29375,140.0
351.65000000000003,0.0,208.2099042727623,140.0
351.7,0.0,208.1260754243827,140.0
351.74999999999994,0.0,208.04226345486111,140.0
351.8,0.0,207.95846836419756,140.0
351.84999999999997,0.0,207.87469015239202,140.0
351.9,0.0,207.79092881944442,140.0
351.95,0.0,207.70718436535492,140.0
352.0,0.0,207.62345679012344,140.0
352.04999999999995,0.0,207.53974609375004,140.0
352.09999999999997,0.0,207.45605227623452,140.0
352.15,0.0,207.37237533757715,140.0
352.2,0.0,207.2887152777777,140.0
352.24999999999994,0.0,207.20507209683637,140.0
352.3,0.0,207.12144579475307,140.0
352.34999999999997,0.0,207.03783637152776,140.0
352.4,0.0,206.9542438271604,140.0
352.45,0.0,206.8706681616512,140.0
352.5,0.0,206.78710937499997,140.0
352.54999999999995,0.0,206.7035674672068,140.0
352.6,0.0,206.62004243827153,140.0
352.65,0.0,206.53653428819442,140.0
352.7,0.0,206.45304301697522,140.0
352.75,0.0,206.36956862461415,140.0
352.8,0.0,206.28611111111107,140.0
352.84999999999997,0.0,206.202670476466,140.0
352.9,0.0,206.11924672067903,140.0
352.95,0.0,206.03583984374995,140.0
352.99999999999994,0.0,205.952449845679,140.0
353.05,0.0,205.869076726466,140.0
353.09999999999997,0.0,205.78572048611116,140.0
353.15,0.0,205.70238112461416,140.0
353.2,0.0,205.61905864197533,140.0
353.25,0.0,205.53575303819437,140.0
353.29999999999995,0.0,205.45246431327158,140.0
353.35,0.0,205.36919246720674,140.0
353.4,0.0,205.2859375,140.0
353.45,0.0,205.2026994116512,140.0
353.5,0.0,205.11947820216048,140.0
353.55,0.0,205.03627387152773,140.0
353.59999999999997,0.0,204.9530864197531,140.0
353.65,0.0,204.86991584683636,140.0
353.7,0.0,204.78676215277775,140.0
353.75,0.0,204.70362533757708,140.0
353.79999999999995,0.0,204.6205054012345,140.0
353.85,0.0,204.53740234374993,140.0
353.9,0.0,204.45431616512343,140.0
353.94999999999993,0.0,204.37124686535495,140.0
354.0,0.0,204.28819444444446,140.0
354.04999999999995,0.0,204.20515890239201,140.0
354.09999999999997,0.0,204.1221402391975,140.0
354.15,0.0,204.03913845486113,140.0
354.2,0.0,203.95615354938266,140.0
354.24999999999994,0.0,203.87318552276233,140.0
354.3,0.0,203.79023437499998,140.0
354.34999999999997,0.0,203.7073001060957,140.0
354.4,0.0,203.62438271604933,140.0
354.45,0.0,203.54148220486113,140.0
354.5,0.0,203.45859857253086,140.0
354.54999999999995,0.0,203.37573181905867,140.0
354.6,0.0,203.29288194444442,140.0
354.65,0.0,203.21004894868827,140.0
354.7,0.0,203.12723283179005,140.0
354.75,0.0,203.04443359374997,140.0
354.8,0.0,202.96165123456785,140.0
354.84999999999997,0.0,202.87888575424384,140.0
354.90000000000003,0.0,202.79613715277767,140.0
354.95,0.0,202.71340543016973,140.0
355.0,0.0,202.6306905864197,140.0
355.05,0.0,202.54799262152778,140.0
355.09999999999997,0.0,202.46531153549384,140.0
355.15,0.0,202.38264732831786,140.0
355.19999999999993,0.0,202.3,140.0
355.25,0.0,202.21736955054007,140.0
355.29999999999995,0.0,202.13475597993826,140.0
355.34999999999997,0.0,202.05215928819442,140.0
355.4,0.0,201.96957947530862,140.0
355.45,0.0,201.8870165412808,140.0
355.49999999999994,0.0,201.80447048611111,140.0
355.55,0.0,201.72194130979935,140.0
355.59999999999997,0.0,201.6394290123457,140.0
355.65,0.0,201.55693359374996,140.0
355.7,0.0,201.47445505401234,140.0
355.75,0.0,201.39199339313262,140.0
355.79999999999995,0.0,201.3095486111111,140.0
355.85,0.0,201.2271207079475,140.0
355.9,0.0,201.14470968364196,140.0
355.95,0.0,201.06231553819438,140.0
356.0,0.0,200.9799382716049,140.0
356.05,0.0,200.8975778838734,140.0
356.09999999999997,0.0,200.815234375,140.0
356.15000000000003,0.0,200.7329077449845,140.0
356.2,0.0,200.65059799382715,140.0
356.24999999999994,0.0,200.56830512152777,140.0
356.3,0.0,200.48602912808636,140.0
356.34999999999997,0.0,200.4037700135031,140.0
356.4,0.0,200.32152777777776,140.0
356.45,0.0,200.23930242091052,140.0
356.5,0.0,200.1570939429012,140.0
356.54999999999995,0.0,200.07490234375004,140.0
356.59999999999997,0.0,199.99272762345677,140.0
356.65,0.0,199.91056978202158,140.0
356.7,0.0,199.82842881944438,140.0
356.74999999999994,0.0,199.7463047357253,140.0
356.8,0.0,199.6641975308642,140.0
356.84999999999997,0.0,199.5821072048611,140.0
356.9,0.0,199.50003375771598,140.0
356.95,0.0,199.417977189429,140.0
357.0,0.0,199.33593749999994,140.0
357.04999999999995,0.0,199.253914689429,140.0
357.1,0.0,199.171908757716,140.0
357.15,0.0,199.08991970486107,140.0
357.2,0.0,199.0079475308641,140.0
357.25,0.0,198.92599223572526,140.0
357.29999999999995,0.0,198.84405381944444,140.0
357.34999999999997,0.0,198.7621322820216,140.0
357.4,0.0,198.68022762345683,140.0
357.45,0.0,198.59833984374998,140.0
357.49999999999994,0.0,198.51646894290124,140.0
357.55,0.0,198.4346149209105,140.0
357.59999999999997,0.0,198.3527777777778,140.0
357.65,0.0,198.27095751350302,140.0
357.7,0.0,198.18915412808644,140.0
357.75,0.0,198.10736762152771,140.0
357.79999999999995,0.0,198.02559799382712,140.0
357.85,0.0,197.94384524498454,140.0
357.9,0.0,197.86210937500002,140.0
357.95,0.0,197.7803903838734,140.0
358.0,0.0,197.6986882716049,140.0
358.05,0.0,197.6170030381944,140.0
358.09999999999997,0.0,197.53533468364196,140.0
358.15,0.0,197.45368320794748,140.0
358.2,0.0,197.37204861111107,140.0
358.25,0.0,197.29043089313262,140.0
358.29999999999995,0.0,197.20883005401228,140.0
358.35,0.0,197.12724609374993,140.0
358.4,0.0,197.04567901234566,140.0
358.44999999999993,0.0,196.9641288097994,140.0
358.5,0.0,196.88259548611106,140.0
358.54999999999995,0.0,196.8010790412809,140.0
358.59999999999997,0.0,196.71957947530862,140.0
358.65,0.0,196.63809678819445,140.0
358.7,0.0,196.55663097993823,140.0
358.74999999999994,0.0,196.47518205054013,140.0
358.8,0.0,196.39374999999993,140.0
358.84999999999997,0.0,196.31233482831792,140.0
358.9,0.0,196.23093653549378,140.0
358.95,0.0,196.14955512152775,140.0
359.0,0.0,196.06819058641975,140.0
359.04999999999995,0.0,195.98684293016976,140.0
359.1,0.0,195.90551215277776,140.0
359.15,0.0,195.8241982542438,140.0
359.2,0.0,195.74290123456782,140.0
359.25,0.0,195.66162109374997,140.0
359.3,0.0,195.58035783179008,140.0
359.34999999999997,0.0,195.49911144868827,140.0
359.40000000000003,0.0,195.41788194444436,140.0
359.45,0.0,195.33666931905861,140.0
359.5,0.0,195.25547357253083,140.0
359.55,0.0,195.1742947048611,140.0
359.59999999999997,0.0,195.0931327160494,140.0
359.65,0.0,195.01198760609563,140.0
359.7,0.0,194.93085937499998,140.0
359.75,0.0,194.8497480227623,140.0
359.79999999999995,0.0,194.76865354938272,140.0
359.84999999999997,0.0,194.68757595486107,140.0
359.9,0.0,194.60651523919753,140.0
359.95,0.0,194.52547140239193,140.0
359.99999999999994,0.0,194.44444444444443,140.0
360.05,0.0,194.3634343653549,140.0
360.09999999999997,0.0,194.2824411651235,140.0
360.15,0.0,194.20146484374996,140.0
360.2,0.0,194.12050540123457,140.0
360.25,0.0,194.03956283757708,140.0
360.29999999999995,0.0,193.95863715277773,140.0
360.35,0.0,193.87772834683636,140.0
360.4,0.0,193.79683641975308,140.0
360.45,0.0,193.7159613715277,140.0
360.5,0.0,193.63510320216048,140.0
360.55,0.0,193.55426191165117,140.0
360.59999999999997,0.0,193.4734375,140.0
360.65,0.0,193.39262996720683,140.0
360.7,0.0,193.31183931327155,140.0
360.74999999999994,0.0,193.23106553819443,140.0
360.8,0.0,193.15030864197524,140.0
360.84999999999997,0.0,193.0695686246142,140.0
360.9,0.0,192.98884548611107,140.0
360.95,0.0,192.90813922646606,140.0
361.0,0.0,192.82744984567898,140.0
361.04999999999995,0.0,192.74677734375004,140.0
361.1,0.0,192.66612172067897,140.0
361.15,0.0,192.58548297646604,140.0
361.2,0.0,192.50486111111107,140.0
361.25,0.0,192.42425612461417,140.0
361.3,0.0,192.34366801697524,140.0
361.34999999999997,0.0,192.26309678819447,140.0
361.4,0.0,192.18254243827155,140.0
361.45,0.0,192.1020049672068,140.0
361.5,0.0,192.02148437499997,140.0
361.54999999999995,0.0,191.94098066165122,140.0
361.6,0.0,191.86049382716044,140.0
361.65,0.0,191.78002387152773,140.0
361.7,0.0,191.699570794753,140.0
361.75,0.0,191.6191345968364,140.0
361.79999999999995,0.0,191.53871527777775,140.0
361.84999999999997,0.0,191.45831283757715,140.0
361.9,0.0,191.3779272762346,140.0
361.95,0.0,191.29755859374998,140.0
361.99999999999994,0.0,191.21720679012344,140.0
362.05,0.0,191.13687186535495,140.0
362.09999999999997,0.0,191.05655381944447,140.0
362.15,0.0,190.97625265239193,140.0
362.2,0.0,190.89596836419753,140.0
362.25,0.0,190.81570095486103,140.0
362.29999999999995,0.0,190.7354504243827,140.0
362.35,0.0,190.65521677276232,140.0
362.4,0.0,190.575,140.0
362.45,0.0,190.49480010609562,140.0
362.5,0.0,190.41461709104934,140.0
362.55,0.0,190.33445095486107,140.0
362.59999999999997,0.0,190.25430169753085,140.0
362.65000000000003,0.0,190.17416931905856,140.0
362.7,0.0,190.0940538194444,140.0
362.75,0.0,190.0139551986882,140.0
362.79999999999995,0.0,189.93387345679008,140.0
362.85,0.0,189.85380859374993,140.0
362.9,0.0,189.77376060956786,140.0
362.94999999999993,0.0,189.69372950424383,140.0
363.0,0.0,189.61371527777771,140.0
363.04999999999995,0.0,189.53371793016976,140.0
363.09999999999997,0.0,189.4537374614197,140.0
363.15,0.0,189.3737738715278,140.0
363.2,0.0,189.29382716049378,140.0
363.24999999999994,0.0,189.2138973283179,140.0
363.3,0.0,189.13398437499993,140.0
363.34999999999997,0.0,189.0540883005401,140.0
363.4,0.0,188.9742091049382,140.0
363.45,0.0,188.89434678819444,140.0
363.5,0.0,188.81450135030857,140.0
363.54999999999995,0.0,188.7346727912809,140.0
363.6,0.0,188.65486111111105,140.0
363.65,0.0,188.57506630979938,140.0
363.7,0.0,188.49528838734562,140.0
363.75,0.0,188.41552734374997,140.0
363.8,0.0,188.33578317901225,140.0
363.84999999999997,0.0,188.2560558931327,140.0
363.90000000000003,0.0,188.17634548611107,140.0
363.95,0.0,188.0966519579475,140.0
363.99999999999994,0.0,188.01697530864197,140.0
364.05,0.0,187.93731553819444,140.0
364.09999999999997,0.0,187.85767264660498,140.0
364.15,0.0,187.77804663387343,140.0
364.2,0.0,187.6984375,140.0
364.25,0.0,187.61884524498453,140.0
364.29999999999995,0.0,187.53926986882715,140.0
364.34999999999997,0.0,187.45971137152773,140.0
364.4,0.0,187.38016975308645,140.0
364.45,0.0,187.30064501350304,140.0
364.49999999999994,0.0,187.22113715277777,140.0
364.55,0.0,187.14164617091046,140.0
364.59999999999997,0.0,187.06217206790126,140.0
364.65,0.0,186.98271484374993,140.0
364.7,0.0,186.90327449845677,140.0
364.75,0.0,186.82385103202154,140.0
364.79999999999995,0.0,186.7444444444444,140.0
364.85,0.0,186.66505473572528,140.0
364.9,0.0,186.5856819058642,140.0
364.95,0.0,186.50632595486104,140.0
365.0,0.0,186.426986882716,140.0
365.05,0.0,186.34766468942897,140.0
365.09999999999997,0.0,186.268359375,140.0
365.15,0.0,186.18907093942906,140.0
365.2,0.0,186.10979938271603,140.0
365.24999999999994,0.0,186.03054470486114,140.0
365.3,0.0,185.95130690586413,140.0
365.34999999999997,0.0,185.8720859857253,140.0
365.4,0.0,185.79288194444442,140.0
365.45,0.0,185.71369478202163,140.0
365.5,0.0,185.63452449845676,140.0
365.54999999999995,0.0,185.55537109374998,140.0
365.6,0.0,185.4762345679012,140.0
365.65,0.0,185.3971149209105,140.0
365.7,0.0,185.3180121527777,140.0
365.75,0.0,185.2389262635031,140.0
365.8,0.0,185.15985725308633,140.0
365.84999999999997,0.0,185.08080512152773,140.0
365.9,0.0,185.0017698688271,140.0
365.95,0.0,184.92275149498457,140.0
366.0,0.0,184.84374999999991,140.0
366.04999999999995,0.0,184.76476538387348,140.0
366.1,0.0,184.68579764660487,140.0
366.15,0.0,184.60684678819442,140.0
366.19999999999993,0.0,184.527912808642,140.0
366.25,0.0,184.4489957079475,140.0
366.29999999999995,0.0,184.3700954861111,140.0
366.34999999999997,0.0,184.2912121431327,140.0
366.4,0.0,184.21234567901234,140.0
366.45,0.0,184.13349609374995,140.0
366.49999999999994,0.0,184.0546633873457,140.0
366.55,0.0,183.97584755979938,140.0
366.59999999999997,0.0,183.89704861111113,140.0
366.65,0.0,183.81826654128082,140.0
366.7,0.0,183.73950135030864,140.0
366.75,0.0,183.6607530381944,140.0
366.79999999999995,0.0,183.58202160493823,140.0
366.85,0.0,183.50330705054006,140.0
366.9,0.0,183.424609375,140.0
366.95,0.0,183.34592857831782,140.0
367.0,0.0,183.2672646604938,140.0
367.05,0.0,183.18861762152773,140.0
367.09999999999997,0.0,183.1099874614198,140.0
367.15000000000003,0.0,183.0313741801697,140.0
367.2,0.0,182.95277777777775,140.0
367.25,0.0,182.87419825424377,140.0
367.3,0.0,182.79563560956785,140.0
367.34999999999997,0.0,182.71708984375,140.0
367.4,0.0,182.63856095679012,140.0
367.44999999999993,0.0,182.5600489486883,140.0
367.5,0.0,182.4815538194444,140.0
367.54999999999995,0.0,182.40307556905864,140.0
367.59999999999997,0.0,182.32461419753085,140.0
367.65,0.0,182.24616970486113,140.0
367.7,0.0,182.16774209104935,140.0
367.74999999999994,0.0,182.08933135609567,140.0
367.8,0.0,182.01093749999993,140.0
367.84999999999997,0.0,181.93256052276232,140.0
367.9,0.0,181.85420042438267,140.0
367.95,0.0,181.77585720486113,140.0
368.0,0.0,181.69753086419746,140.0
368.04999999999995,0.0,181.61922140239193,140.0
368.1,0.0,181.5409288194444,140.0
368.15,0.0,181.46265311535493,140.0
368.2,0.0,181.3843942901234,140.0
368.25,0.0,181.30615234374997,140.0
368.3,0.0,181.22792727623448,140.0
368.34999999999997,0.0,181.1497190875771,140.0
368.40000000000003,0.0,181.07152777777773,140.0
368.45,0.0,180.9933533468364,140.0
368.49999999999994,0.0,180.91519579475312,140.0
368.55,0.0,180.83705512152778,140.0
368.59999999999997,0.0,180.75893132716052,140.0
368.65,0.0,180.6808244116512,140.0
368.7,0.0,180.602734375,140.0
368.75,0.0,180.52466121720676,140.0
368.79999999999995,0.0,180.4466049382716,140.0
368.84999999999997,0.0,180.36856553819442,140.0
368.9,0.0,180.29054301697533,140.0
368.95,0.0,180.21253737461416,140.0
368.99999999999994,0.0,180.13454861111111,140.0
369.05,0.0,180.05657672646603,140.0
369.09999999999997,0.0,179.97862172067903,140.0
369.15,0.0,179.90068359374993,140.0
369.2,0.0,179.822762345679,140.0
369.25,0.0,179.744857976466,140.0
369.29999999999995,0.0,179.6669704861111,140.0
369.35,0.0,179.58909987461416,140.0
369.4,0.0,179.5112461419753,140.0
369.45,0.0,179.43340928819435,140.0
369.5,0.0,179.35558931327157,140.0
369.54999999999995,0.0,179.2777862172068,140.0
369.59999999999997,0.0,179.2,140.0
369.65,0.0,179.1222306616513,140.0
369.7,0.0,179.0444782021605,140.0
369.74999999999994,0.0,178.96674262152777,140.0
369.8,0.0,178.88902391975301,140.0
369.84999999999997,0.0,178.81132209683642,140.0
369.9,0.0,178.73363715277773,140.0
369.95,0.0,178.65596908757715,140.0
370.0,0.0,178.57831790123453,140.0
370.04999999999995,0.0,178.50068359374998,140.0
370.1,0.0,178.4230661651234,140.0
370.15,0.0,178.34546561535495,140.0
370.2,0.0,178.26788194444438,140.0
370.25,0.0,178.19031515239195,140.0
370.3,0.0,178.11276523919744,140.0
370.34999999999997,0.0,178.03523220486105,140.0
370.4,0.0,177.95771604938267,140.0
370.45,0.0,177.8802167727623,140.0
370.5,0.0,177.80273437499991,140.0
370.54999999999995,0.0,177.72526885609562,140.0
370.6,0.0,177.64782021604933,140.0
370.65,0.0,177.5703884548611,140.0
370.69999999999993,0.0,177.49297357253087,140.0
370.75,0.0,177.4155755690586,140.0
370.79999999999995,0.0,177.33819444444447,140.0
370.84999999999997,0.0,177.2608301986882,140.0
370.9,0.0,177.18348283179014,140.0
370.95,0.0,177.10615234374998,140.0
370.99999999999994,0.0,177.0288387345679,140.0
371.05,0.0,176.95154200424383,140.0
371.09999999999997,0.0,176.87426215277782,140.0
371.15,0.0,176.7969991801697,140.0
371.2,0.0,176.71975308641973,140.0
371.25,0.0,176.64252387152771,140.0
371.29999999999995,0.0,176.56531153549378,140.0
371.35,0.0,176.48811607831786,140.0
371.4,0.0,176.4109375,140.0
371.45,0.0,176.33377580054005,140.0
371.5,0.0,176.25663097993825,140.0
371.55,0.0,176.1795030381944,140.0
371.59999999999997,0.0,176.10239197530862,140.0
371.65000000000003,0.0,176.0252977912808,140.0
371.7,0.0,175.94822048611107,140.0
371.75,0.0,175.87116005979928,140.0
371.8,0.0,175.79411651234565,140.0
371.84999999999997,0.0,175.71708984375,140.0
371.9,0.0,175.64008005401232,140.0
371.95,0.0,175.56308714313275,140.0
372.0,0.0,175.48611111111106,140.0
372.04999999999995,0.0,175.40915195794753,140.0
372.09999999999997,0.0,175.33220968364193,140.0
372.15,0.0,175.25528428819447,140.0
372.2,0.0,175.17837577160492,140.0
372.24999999999994,0.0,175.10148413387347,140.0
372.3,0.0,175.02460937499993,140.0
372.34999999999997,0.0,174.94775149498454,140.0
372.4,0.0,174.8709104938271,140.0
372.45,0.0,174.79408637152778,140.0
372.5,0.0,174.71727912808635,140.0
372.54999999999995,0.0,174.64048876350304,140.0
372.6,0.0,174.56371527777773,140.0
372.65,0.0,174.4869586709105,140.0
372.7,0.0,174.41021894290117,140.0
372.75,0.0,174.33349609374997,140.0
372.8,0.0,174.2567901234567,140.0
372.84999999999997,0.0,174.18010103202158,140.0
372.9,0.0,174.10342881944445,140.0
372.95,0.0,174.0267734857253,140.0
372.99999999999994,0.0,173.9501350308642,140.0
373.05,0.0,173.87351345486107,140.0
373.09999999999997,0.0,173.7969087577161,140.0
373.15,0.0,173.72032093942897,140.0
373.2,0.0,173.64375000000004,140.0
373.25,0.0,173.56719593942898,140.0
373.29999999999995,0.0,173.49065875771603,140.0
373.35,0.0,173.41413845486102,140.0
373.4,0.0,173.3376350308642,140.0
373.45,0.0,173.26114848572524,140.0
373.49999999999994,0.0,173.18467881944446,140.0
373.55,0.0,173.10822603202158,140.0
373.59999999999997,0.0,173.0317901234568,140.0
373.65,0.0,172.95537109374996,140.0
373.7,0.0,172.87896894290122,140.0
373.75,0.0,172.80258367091042,140.0
373.79999999999995,0.0,172.72621527777775,140.0
373.85,0.0,172.64986376350302,140.0
373.9,0.0,172.57352912808642,140.0
373.95,0.0,172.4972113715277,140.0
374.0,0.0,172.42091049382714,140.0
374.04999999999995,0.0,172.34462649498457,140.0
374.09999999999997,0.0,172.268359375,140.0
374.15,0.0,172.19210913387352,140.0
374.2,0.0,172.1158757716049,140.0
374.24999999999994,0.0,172.03965928819446,140.0
374.3,0.0,171.96345968364193,140.0
374.34999999999997,0.0,171.8872769579475,140.0
374.4,0.0,171.81111111111107,140.0
374.45,0.0,171.73496214313272,140.0
374.5,0.0,171.65883005401227,140.0
374.54999999999995,0.0,171.58271484374998,140.0
374.6,0.0,171.50661651234566,140.0
374.65,0.0,171.43053505979938,140.0
374.7,0.0,171.35447048611107,140.0
374.75,0.0,171.27842279128086,140.0
374.8,0.0,171.20239197530856,140.0
374.84999999999997,0.0,171.12637803819442,140.0
374.9,0.0,171.0503809799382,140.0
374.95,0.0,170.97440080054008,140.0
375.0,0.0,170.89843749999991,140.0
375.04999999999995,0.0,170.82249107831788,140.0
375.09999999999997,0.0,170.74656153549384,140.0
375.15,0.0,170.6706488715278,140.0
375.19999999999993,0.0,170.5947530864198,140.0
375.25,0.0,170.51887418016972,140.0
375.29999999999995,0.0,170.44301215277778,140.0
375.34999999999997,0.0,170.36716700424375,140.0
375.4,0.0,170.2913387345679,140.0
375.45,0.0,170.21552734374995,140.0
375.49999999999994,0.0,170.13973283179013,140.0
375.55,0.0,170.06395519868823,140.0
375.59999999999997,0.0,169.98819444444447,140.0
375.65,0.0,169.91245056905862,140.0
375.7,0.0,169.83672357253087,140.0
375.75,0.0,169.76101345486106,140.0
375.79999999999995,0.0,169.68532021604938,140.0
375.85,0.0,169.6096438560956,140.0
375.9,0.0,169.533984375,140.0
375.95,0.0,169.45834177276228,140.0
376.0,0.0,169.3827160493827,140.0
376.05,0.0,169.30710720486107,140.0
376.09999999999997,0.0,169.23151523919753,140.0
376.15000000000003,0.0,169.1559401523919,140.0
376.2,0.0,169.0803819444444,140.0
376.24999999999994,0.0,169.00484061535494,140.0
376.3,0.0,168.9293161651234,140.0
376.34999999999997,0.0,168.85380859375,140.0
376.4,0.0,168.77831790123454,140.0
376.45,0.0,168.70284408757718,140.0
376.5,0.0,168.62738715277771,140.0
376.54999999999995,0.0,168.55194709683641,140.0
376.59999999999997,0.0,168.47652391975308,140.0
376.65,0.0,168.4011176215278,140.0
376.7,0.0,168.32572820216046,140.0
376.74999999999994,0.0,168.2503556616512,140.0
376.8,0.0,168.17499999999993,140.0
376.84999999999997,0.0,168.09966121720674,140.0
376.9,0.0,168.02433931327155,140.0
376.95,0.0,167.94903428819444,140.0
377.0,0.0,167.87374614197526,140.0
377.04999999999995,0.0,167.79847487461416,140.0
377.1,0.0,167.72322048611107,140.0
377.15,0.0,167.64798297646604,140.0
377.2,0.0,167.57276234567897,140.0
377.25,0.0,167.49755859374997,140.0
377.3,0.0,167.4223717206789,140.0
377.34999999999997,0.0,167.347201726466,140.0
377.4,0.0,167.27204861111113,140.0
377.45,0.0,167.1969123746142,140.0
377.49999999999994,0.0,167.12179301697532,140.0
377.55,0.0,167.04669053819438,140.0
377.59999999999997,0.0,166.97160493827158,140.0
377.65,0.0,166.89653621720677,140.0
377.7,0.0,166.821484375,140.0
377.75,0.0,166.74644941165118,140.0
377.79999999999995,0.0,166.6714313271605,140.0
377.85,0.0,166.59643012152773,140.0
377.9,0.0,166.52144579475305,140.0
377.95,0.0,166.44647834683636,140.0
378.0,0.0,166.37152777777774,140.0
378.05,0.0,166.29659408757712,140.0
378.09999999999997,0.0,166.22167727623457,140.0
378.15,0.0,166.14677734374996,140.0
378.2,0.0,166.07189429012345,140.0
378.25,0.0,165.99702811535488,140.0
378.29999999999995,0.0,165.9221788194444,140.0
378.35,0.0,165.84734640239188,140.0
378.4,0.0,165.7725308641975,140.0
378.44999999999993,0.0,165.69773220486113,140.0
378.5,0.0,165.6229504243827,140.0
378.54999999999995,0.0,165.54818552276234,140.0
378.59999999999997,0.0,165.4734375,140.0
378.65,0.0,165.39870635609572,140.0
378.7,0.0,165.32399209104935,140.0
378.74999999999994,0.0,165.24929470486114,140.0
378.8,0.0,165.1746141975308,140.0
378.84999999999997,0.0,165.09995056905862,140.0
378.9,0.0,165.02530381944442,140.0
378.95,0.0,164.95067394868826,140.0
379.0,0.0,164.87606095679007,140.0
379.04999999999995,0.0,164.80146484374998,140.0
379.1,0.0,164.72688560956786,140.0
379.15,0.0,164.65232325424384,140.0
379.2,0.0,164.57777777777773,140.0
379.25,0.0,164.50324918016972,140.0
379.3,0.0,164.42873746141967,140.0
379.34999999999997,0.0,164.35424262152776,140.0
379.40000000000003,0.0,164.27976466049375,140.0
379.45,0.0,164.20530357831788,140.0
379.5,0.0,164.13085937499991,140.0
379.54999999999995,0.0,164.05643205054008,140.0
379.59999999999997,0.0,163.98202160493827,140.0
379.65,0.0,163.90762803819445,140.0
379.69999999999993,0.0,163.83325135030867,140.0
379.75,0.0,163.75889154128083,140.0
379.79999999999995,0.0,163.68454861111113,140.0
379.84999999999997,0.0,163.61022255979933,140.0
379.9,0.0,163.53591338734566,140.0
379.95,0.0,163.46162109374998,140.0
379.99999999999994,0.0,163.38734567901236,140.0
380.05,0.0,163.3130871431327,140.0
380.09999999999997,0.0,163.23884548611107,140.0
380.15,0.0,163.16462070794753,140.0
380.2,0.0,163.09041280864196,140.0
380.25,0.0,163.01622178819437,140.0
380.29999999999995,0.0,162.94204764660492,140.0
380.35,0.0,162.86789038387334,140.0
380.4,0.0,162.79374999999993,140.0
380.45,0.0,162.7196264949845,140.0
380.5,0.0,162.64551986882714,140.0
380.55,0.0,162.57143012152775,140.0
380.59999999999997,0.0,162.4973572530864,140.0
380.65000000000003,0.0,162.42330126350305,140.0
380.7,0.0,162.34926215277775,140.0
380.74999999999994,0.0,162.2752399209105,140.0
380.8,0.0,162.20123456790122,140.0
380.84999999999997,0.0,162.12724609375,140.0
380.9,0.0,162.05327449845677,140.0
380.95,0.0,161.97931978202163,140.0
381.0,0.0,161.90538194444443,140.0
381.04999999999995,0.0,161.8314609857253,140.0
381.09999999999997,0.0,161.75755690586416,140.0
381.15,0.0,161.68366970486113,140.0
381.2,0.0,161.60979938271603,140.0
381.24999999999994,0.0,161.53594593942898,140.0
381.3,0.0,161.46210937499995,140.0
381.34999999999997,0.0,161.38828968942897,140.0
381.4,0.0,161.314486882716,140.0
381.45,0.0,161.2407009548611,140.0
381.5,0.0,161.16693190586415,140.0
381.54999999999995,0.0,161.0931797357253,140.0
381.6,0.0,161.01944444444442,140.0
381.65,0.0,160.9457260320216,140.0
381.7,0.0,160.87202449845674,140.0
381.75,0.0,160.79833984374997,140.0
381.79999999999995,0.0,160.72467206790122,140.0
381.84999999999997,0.0,160.65102117091044,140.0
381.9,0.0,160.5773871527778,140.0
381.95,0.0,160.50377001350307,140.0
381.99999999999994,0.0,160.4301697530864,140.0
382.05,0.0,160.35658637152775,140.0
382.09999999999997,0.0,160.28301986882715,140.0
382.15,0.0,160.20947024498457,140.0
382.2,0.0,160.13593749999998,140.0
382.25,0.0,160.06242163387338,140.0
382.29999999999995,0.0,159.98892264660492,140.0
382.35,0.0,159.91544053819436,140.0
382.4,0.0,159.84197530864193,140.0
382.45,0.0,159.7685269579475,140.0
382.5,0.0,159.6950954861111,140.0
382.55,0.0,159.62168089313266,140.0
382.59999999999997,0.0,159.54828317901234,140.0
382.65,0.0,159.47490234374996,140.0
382.7,0.0,159.40153838734565,140.0
382.75,0.0,159.32819130979934,140.0
382.79999999999995,0.0,159.25486111111107,140.0
382.85,0.0,159.18154779128076,140.0
382.9,0.0,159.1082513503086,140.0
382.94999999999993,0.0,159.03497178819447,140.0
383.0,0.0,158.96170910493822,140.0
383.04999999999995,0.0,158.8884633005401,140.0
383.09999999999997,0.0,158.815234375,140.0
383.15,0.0,158.74202232831792,140.0
383.2,0.0,158.6688271604938,140.0
383.24999999999994,0.0,158.59564887152777,140.0
383.3,0.0,158.52248746141967,140.0
383.34999999999997,0.0,158.44934293016973,140.0
383.4,0.0,158.37621527777776,140.0
383.45,0.0,158.30310450424383,140.0
383.5,0.0,158.23001060956784,140.0
383.54999999999995,0.0,158.15693359374998,140.0
383.6,0.0,158.0838734567901,140.0
383.65,0.0,158.01083019868827,140.0
383.7,0.0,157.93780381944438,140.0
383.75,0.0,157.86479431905863,140.0
383.8,0.0,157.7918016975308,140.0
383.84999999999997,0.0,157.71882595486107,140.0
383.90000000000003,0.0,157.64586709104935,140.0
383.95,0.0,157.57292510609568,140.0
384.0,0.0,157.49999999999994,140.0
384.05,0.0,157.4270917727623,140.0
384.09999999999997,0.0,157.35420042438275,140.0
384.15,0.0,157.2813259548611,140.0
384.2,0.0,157.20846836419756,140.0
384.25,0.0,157.13562765239192,140.0
384.29999999999995,0.0,157.06280381944444,140.0
384.34999999999997,0.0,156.98999686535487,140.0
384.4,0.0,156.91720679012343,140.0
384.45,0.0,156.84443359374995,140.0
384.49999999999994,0.0,156.77167727623458,140.0
384.55,0.0,156.69893783757715,140.0
384.59999999999997,0.0,156.6262152777778,140.0
384.65,0.0,156.5535095968364,140.0
384.7,0.0,156.48082079475307,140.0
384.75,0.0,156.40814887152774,140.0
384.79999999999995,0.0,156.3354938271605,140.0
384.85,0.0,156.26285566165114,140.0
384.9,0.0,156.19023437499996,140.0
384.95,0.0,156.11762996720674,140.0
385.0,0.0,156.04504243827157,140.0
385.05,0.0,155.9724717881944,140.0
385.09999999999997,0.0,155.8999180169753,140.0
385.15,0.0,155.82738112461422,140.0
385.2,0.0,155.75486111111107,140.0
385.24999999999994,0.0,155.68235797646608,140.0
385.3,0.0,155.60987172067897,140.0
385.34999999999997,0.0,155.53740234375,140.0
385.4,0.0,155.46494984567894,140.0
385.45,0.0,155.39251422646603,140.0
385.5,0.0,155.3200954861111,140.0
385.54999999999995,0.0,155.2476936246142,140.0
385.6,0.0,155.17530864197528,140.0
385.65,0.0,155.10294053819445,140.0
385.7,0.0,155.03058931327155,140.0
385.74999999999994,0.0,154.95825496720678,140.0
385.8,0.0,154.88593749999993,140.0
385.84999999999997,0.0,154.81363691165123,140.0
385.9,0.0,154.7413532021604,140.0
385.95,0.0,154.66908637152773,140.0
386.0,0.0,154.59683641975303,140.0
386.04999999999995,0.0,154.52460334683641,140.0
386.1,0.0,154.45238715277776,140.0
386.15,0.0,154.38018783757713,140.0
386.2,0.0,154.3080054012345,140.0
386.25,0.0,154.23583984375,140.0
386.29999999999995,0.0,154.16369116512348,140.0
386.34999999999997,0.0,154.0915593653549,140.0
386.4,0.0,154.01944444444445,140.0
386.45,0.0,153.94734640239196,140.0
386.49999999999994,0.0,153.87526523919755,140.0
386.55,0.0,153.80320095486107,140.0
386.59999999999997,0.0,153.73115354938275,140.0
386.65,0.0,153.65912302276232,140.0
386.7,0.0,153.587109375,140.0
386.75,0.0,153.51511260609564,140.0
386.79999999999995,0.0,153.44313271604938,140.0
386.85,0.0,153.37116970486107,140.0
386.9,0.0,153.29922357253082,140.0
386.95,0.0,153.22729431905861,140.0
387.0,0.0,153.15538194444443,140.0
387.05,0.0,153.08348644868823,140.0
387.09999999999997,0.0,153.01160783179012,140.0
387.15,0.0,152.93974609374996,140.0
387.2,0.0,152.86790123456788,140.0
387.25,0.0,152.79607325424377,140.0
387.29999999999995,0.0,152.72426215277773,140.0
387.34999999999997,0.0,152.65246793016976,140.0
387.4,0.0,152.5806905864197,140.0
387.44999999999993,0.0,152.50893012152775,140.0
387.5,0.0,152.4371865354938,140.0
387.54999999999995,0.0,152.3654598283179,140.0
387.59999999999997,0.0,152.29375,140.0
387.65,0.0,152.22205705054017,140.0
387.7,0.0,152.15038097993823,140.0
387.74999999999994,0.0,152.07872178819443,140.0
387.8,0.0,152.0070794753086,140.0
387.84999999999997,0.0,151.93545404128085,140.0
387.9,0.0,151.86384548611105,140.0
387.95,0.0,151.79225380979935,140.0
388.0,0.0,151.72067901234564,140.0
388.04999999999995,0.0,151.64912109375,140.0
388.1,0.0,151.57758005401232,140.0
388.15,0.0,151.50605589313273,140.0
388.2,0.0,151.43454861111104,140.0
388.25,0.0,151.36305820794752,140.0
388.3,0.0,151.2915846836419,140.0
388.34999999999997,0.0,151.22012803819442,140.0
388.40000000000003,0.0,151.14868827160484,140.0
388.45,0.0,151.0772653838734,140.0
388.49999999999994,0.0,151.005859375,140.0
388.55,0.0,150.93447024498454,140.0
388.59999999999997,0.0,150.86309799382715,140.0
388.65,0.0,150.7917426215278,140.0
388.7,0.0,150.72040412808644,140.0
388.75,0.0,150.64908251350306,140.0
388.79999999999995,0.0,150.5777777777778,140.0
388.84999999999997,0.0,150.5064899209104,140.0
388.9,0.0,150.4352189429012,140.0
388.95,0.0,150.36396484374995,140.0
388.99999999999994,0.0,150.29272762345678,140.0
389.05,0.0,150.22150728202152,140.0
389.09999999999997,0.0,150.15030381944447,140.0
389.15,0.0,150.07911723572528,140.0
389.2,0.0,150.0079475308642,140.0
389.25,0.0,149.9367947048611,140.0
389.29999999999995,0.0,149.86565875771603,140.0
389.35,0.0,149.79453968942892,140.0
389.4,0.0,149.72343749999996,140.0
389.45,0.0,149.65235218942897,140.0
389.5,0.0,149.58128375771605,140.0
389.55,0.0,149.5102322048611,140.0
389.59999999999997,0.0,149.43919753086422,140.0
389.65,0.0,149.36817973572536,140.0
389.7,0.0,149.29717881944444,140.0
389.74999999999994,0.0,149.22619478202162,140.0
389.8,0.0,149.15522762345674,140.0
389.84999999999997,0.0,149.08427734375,140.0
389.9,0.0,149.01334394290117,140.0
389.95,0.0,148.94242742091043,140.0
390.0,0.0,148.87152777777771,140.0
390.04999999999995,0.0,148.80064501350307,140.0
390.1,0.0,148.72977912808642,140.0
390.15,0.0,148.65893012152782,140.0
390.2,0.0,148.58809799382712,140.0
390.25,0.0,148.51728274498456,140.0
390.3,0.0,148.44648437499993,140.0
390.34999999999997,0.0,148.37570288387343,140.0
390.4,0.0,148.30493827160484,140.0
390.45,0.0,148.23419053819438,140.0
390.5,0.0,148.16345968364195,140.0
390.54999999999995,0.0,148.0927457079475,140.0
390.6,0.0,148.0220486111111,140.0
390.65,0.0,147.9513683931327,140.0
390.69999999999993,0.0,147.88070505401237,140.0
390.75,0.0,147.81005859374997,140.0
390.79999999999995,0.0,147.7394290123457,140.0
390.84999999999997,0.0,147.66881630979933,140.0
390.9,0.0,147.5982204861111,140.0
390.95,0.0,147.52764154128081,140.0
390.99999999999994,0.0,147.45707947530866,140.0
391.05,0.0,147.38653428819438,140.0
391.09999999999997,0.0,147.31600597993824,140.0
391.15,0.0,147.2454945505401,140.0
391.2,0.0,147.175,140.0
391.25,0.0,147.10452232831784,140.0
391.29999999999995,0.0,147.0340615354938,140.0
391.35,0.0,146.9636176215277,140.0
391.4,0.0,146.8931905864197,140.0
391.45,0.0,146.82278043016973,140.0
391.5,0.0,146.75238715277777,140.0
391.55,0.0,146.68201075424375,140.0
391.59999999999997,0.0,146.61165123456792,140.0
391.65000000000003,0.0,146.54130859374996,140.0
391.7,0.0,146.4709828317901,140.0
391.75,0.0,146.4006739486882,140.0
391.79999999999995,0.0,146.3303819444444,140.0
391.84999999999997,0.0,146.26010681905865,140.0
391.9,0.0,146.18984857253082,140.0
391.94999999999993,0.0,146.1196072048611,140.0
392.0,0.0,146.04938271604934,140.0
392.04999999999995,0.0,145.97917510609565,140.0
392.09999999999997,0.0,145.908984375,140.0
392.15,0.0,145.83881052276237,140.0
392.2,0.0,145.7686535493827,140.0
392.24999999999994,0.0,145.69851345486114,140.0
392.3,0.0,145.62839023919747,140.0
392.34999999999997,0.0,145.55828390239193,140.0
392.4,0.0,145.48819444444436,140.0
392.45,0.0,145.4181218653549,140.0
392.5,0.0,145.34806616512338,140.0
392.54999999999995,0.0,145.27802734374998,140.0
392.6,0.0,145.20800540123454,140.0
392.65,0.0,145.13800033757715,140.0
392.7,0.0,145.06801215277775,140.0
392.75,0.0,144.9980408468364,140.0
392.8,0.0,144.92808641975301,140.0
392.84999999999997,0.0,144.85814887152776,140.0
392.90000000000003,0.0,144.78822820216038,140.0
392.95,0.0,144.71832441165117,140.0
392.99999999999994,0.0,144.64843749999997,140.0
393.05,0.0,144.57856746720674,140.0
393.09999999999997,0.0,144.5087143132716,140.0
393.15,0.0,144.43887803819445,140.0
393.2,0.0,144.3690586419753,140.0
393.25,0.0,144.29925612461417,140.0
393.29999999999995,0.0,144.22947048611113,140.0
393.34999999999997,0.0,144.15970172646598,140.0
393.4,0.0,144.089949845679,140.0
393.45,0.0,144.0202148437499,140.0
393.49999999999994,0.0,143.950496720679,140.0
393.55,0.0,143.88079547646598,140.0
393.59999999999997,0.0,143.8111111111111,140.0
393.65,0.0,143.74144362461416,140.0
393.7,0.0,143.6717930169753,140.0
393.75,0.0,143.6021592881944,140.0
393.79999999999995,0.0,143.53254243827158,140.0
393.85,0.0,143.46294246720672,140.0
393.9,0.0,143.39335937499996,140.0
393.95,0.0,143.3237931616512,140.0
394.0,0.0,143.25424382716048,140.0
394.04999999999995,0.0,143.18471137152778,140.0
394.09999999999997,0.0,143.11519579475308,140.0
394.15,0.0,143.04569709683645,140.0
394.2,0.0,142.97621527777778,140.0
394.24999999999994,0.0,142.90675033757717,140.0
394.3,0.0,142.83730227623454,140.0
394.34999999999997,0.0,142.76787109375,140.0
394.4,0.0,142.6984567901234,140.0
394.45,0.0,142.6290593653549,140.0
394.5,0.0,142.55967881944443,140.0
394.54999999999995,0.0,142.49031515239196,140.0
394.6,0.0,142.4209683641975,140.0
394.65,0.0,142.35163845486113,140.0
394.7,0.0,142.28232542438266,140.0
394.75,0.0,142.21302927276236,140.0
394.8,0.0,142.14374999999995,140.0
394.84999999999997,0.0,142.07448760609566,140.0
394.9,0.0,142.00524209104933,140.0
394.95,0.0,141.93601345486107,140.0
395.0,0.0,141.8668016975308,140.0
395.04999999999995,0.0,141.79760681905861,140.0
395.1,0.0,141.72842881944442,140.0
395.15,0.0,141.65926769868827,140.0
395.19999999999993,0.0,141.59012345679017,140.0
395.25,0.0,141.52099609375,140.0
395.29999999999995,0.0,141.4518856095679,140.0
395.34999999999997,0.0,141.3827920042438,140.0
395.4,0.0,141.31371527777776,140.0
395.45,0.0,141.2446554301697,140.0
395.49999999999994,0.0,141.17561246141972,140.0
395.55,0.0,141.10658637152775,140.0
395.59999999999997,0.0,141.0375771604938,140.0
395.65,0.0,140.9685848283179,140.0
395.7,0.0,140.89960937499998,140.0
395.75,0.0,140.8306508005401,140.0
395.79999999999995,0.0,140.7617091049383,140.0
395.85,0.0,140.6927842881944,140.0
395.9,0.0,140.62387635030862,140.0
395.95,0.0,140.55498529128081,140.0
396.0,0.0,140.48611111111111,140.0
396.05,0.0,140.41725380979935,140.0
396.09999999999997,0.0,140.34841338734566,140.0
396.15000000000003,0.0,140.27958984374996,140.0
396.2,0.0,140.21078317901234,140.0
396.24999999999994,0.0,140.1419933931327,140.0
396.3,0.0,140.07322048611107,140.0
396.34999999999997,0.0,140.00446445794753,140.0
396.4,0.0,139.93572530864193,140.0
396.44999999999993,0.0,139.86700303819444,140.0
396.5,0.0,139.79829764660494,140.0
396.54999999999995,0.0,139.72960913387345,140.0
396.59999999999997,0.0,139.6609375,140.0
396.65,0.0,139.5922827449846,140.0
396.7,0.0,139.52364486882712,140.0
396.74999999999994,0.0,139.45502387152777,140.0
396.8,0.0,139.3864197530864,140.0
396.84999999999997,0.0,139.31783251350308,140.0
396.9,0.0,139.2492621527777,140.0
396.95,0.0,139.18070867091046,140.0
397.0,0.0,139.11217206790118,140.0
397.04999999999995,0.0,139.04365234375,140.0
397.1,0.0,138.97514949845677,140.0
397.15,0.0,138.9066635320216,140.0
397.2,0.0,138.83819444444438,140.0
397.25,0.0,138.7697422357253,140.0
397.3,0.0,138.70130690586413,140.0
397.34999999999997,0.0,138.63288845486107,140.0
397.4,0.0,138.56448688271604,140.0
397.45,0.0,138.49610218942897,140.0
397.49999999999994,0.0,138.42773437499997,140.0
397.55,0.0,138.35938343942897,140.0
397.59999999999997,0.0,138.29104938271607,140.0
397.65,0.0,138.22273220486107,140.0
397.7,0.0,138.15443190586421,140.0
397.75,0.0,138.08614848572526,140.0
397.79999999999995,0.0,138.01788194444444,140.0
397.84999999999997,0.0,137.94963228202155,140.0
397.9,0.0,137.88139949845677,140.0
397.95,0.0,137.81318359374993,140.0
397.99999999999994,0.0,137.74498456790124,140.0
398.05,0.0,137.67680242091043,140.0
398.09999999999997,0.0,137.60863715277776,140.0
398.15,0.0,137.54048876350305,140.0
398.2,0.0,137.47235725308644,140.0
398.25,0.0,137.40424262152771,140.0
398.29999999999995,0.0,137.33614486882715,140.0
398.35,0.0,137.2680639949845,140.0
398.4,0.0,137.19999999999996,140.0
398.45,0.0,137.1319528838734,140.0
398.5,0.0,137.06392264660494,140.0
398.54999999999995,0.0,136.99590928819444,140.0
398.59999999999997,0.0,136.92791280864193,140.0
398.65,0.0,136.85993320794756,140.0
398.7,0.0,136.7919704861111,140.0
398.74999999999994,0.0,136.72402464313274,140.0
398.8,0.0,136.6560956790123,140.0
398.84999999999997,0.0,136.58818359375,140.0
398.9,0.0,136.5202883873456,140.0
398.95,0.0,136.45241005979935,140.0
399.0,0.0,136.3845486111111,140.0
399.04999999999995,0.0,136.31670404128087,140.0
399.1,0.0,136.24887635030862,140.0
399.15,0.0,136.18106553819445,140.0
399.2,0.0,136.11327160493823,140.0
399.25,0.0,136.04549455054013,140.0
399.3,0.0,135.97773437499995,140.0
399.34999999999997,0.0,135.9099910783179,140.0
399.4,0.0,135.84226466049375,140.0
399.45,0.0,135.77455512152773,140.0
399.5,0.0,135.7068624614197,140.0
399.54999999999995,0.0,135.63918668016973,140.0
399.59999999999997,0.0,135.5715277777778,140.0
399.65,0.0,135.50388575424384,140.0
399.69999999999993,0.0,135.43626060956794,140.0
399.75,0.0,135.36865234374997,140.0
399.79999999999995,0.0,135.30106095679014,140.0
399.84999999999997,0.0,135.2334864486882,140.0
399.9,0.0,135.16592881944445,140.0
399.95,0.0,135.0983880690586,140.0
399.99999999999994,0.0,135.03086419753083,140.0
400.05,0.0,134.96335720486107,140.0
400.09999999999997,0.0,134.89586709104938,140.0
400.15,0.0,134.82839385609566,140.0
400.2,0.0,134.7609375,140.0
400.25,0.0,134.6934980227623,140.0
400.29999999999995,0.0,134.62607542438272,140.0
400.35,0.0,134.55866970486107,140.0
400.4,0.0,134.4912808641975,140.0
400.45,0.0,134.4239089023919,140.0
400.5,0.0,134.35655381944443,140.0
400.55,0.0,134.28921561535486,140.0
400.59999999999997,0.0,134.22189429012343,140.0
400.65000000000003,0.0,134.15458984374996,140.0
400.7,0.0,134.08730227623457,140.0
400.74999999999994,0.0,134.02003158757717,140.0
400.8,0.0,133.95277777777775,140.0
400.84999999999997,0.0,133.88554084683642,140.0
400.9,0.0,133.81832079475305,140.0
400.95,0.0,133.75111762152775,140.0
401.0,0.0,133.68393132716048,140.0
401.04999999999995,0.0,133.61676191165125,140.0
401.09999999999997,0.0,133.54960937499993,140.0
401.15,0.0,133.48247371720683,140.0
401.2,0.0,133.41535493827158,140.0
401.24999999999994,0.0,133.34825303819446,140.0
401.3,0.0,133.28116801697524,140.0
401.34999999999997,0.0,133.2140998746142,140.0
401.4,0.0,133.14704861111105,140.0
401.45,0.0,133.080014226466,140.0
401.5,0.0,133.01299672067898,140.0
401.54999999999995,0.0,132.94599609375,140.0
401.6,0.0,132.87901234567897,140.0
401.65,0.0,132.81204547646607,140.0
401.7,0.0,132.74509548611107,140.0
401.75,0.0,132.67816237461417,140.0
401.8,0.0,132.61124614197524,140.0
401.84999999999997,0.0,132.54434678819442,140.0
401.9,0.0,132.4774643132716,140.0
401.95,0.0,132.41059871720674,140.0
401.99999999999994,0.0,132.34374999999997,140.0
402.05,0.0,132.2769181616512,140.0
402.09999999999997,0.0,132.2101032021605,140.0
402.15,0.0,132.14330512152776,140.0
402.2,0.0,132.07652391975313,140.0
402.25,0.0,132.00975959683637,140.0
402.29999999999995,0.0,131.9430121527778,140.0
402.35,0.0,131.87628158757713,140.0
402.4,0.0,131.80956790123454,140.0
402.45,0.0,131.74287109374993,140.0
402.49999999999994,0.0,131.6761911651234,140.0
402.55,0.0,131.6095281153549,140.0
402.59999999999997,0.0,131.54288194444442,140.0
402.65,0.0,131.47625265239193,140.0
402.7,0.0,131.40964023919753,140.0
402.75,0.0,131.34304470486106,140.0
402.79999999999995,0.0,131.2764660493827,140.0
402.85,0.0,131.2099042727623,140.0
402.9,0.0,131.14335937499996,140.0
402.94999999999993,0.0,131.07683135609568,140.0
403.0,0.0,131.01032021604937,140.0
403.04999999999995,0.0,130.94382595486113,140.0
403.09999999999997,0.0,130.87734857253082,140.0
403.15,0.0,130.81088806905865,140.0
403.2,0.0,130.7444444444444,140.0
403.24999999999994,0.0,130.67801769868828,140.0
403.3,0.0,130.61160783179008,140.0
403.34999999999997,0.0,130.54521484375002,140.0
403.4,0.0,130.47883873456786,140.0
403.45,0.0,130.4124795042438,140.0
403.5,0.0,130.34613715277774,140.0
403.54999999999995,0.0,130.27981168016976,140.0
403.6,0.0,130.2135030864197,140.0
403.65,0.0,130.1472113715278,140.0
403.7,0.0,130.08093653549378,140.0
403.75,0.0,130.0146785783179,140.0
403.8,0.0,129.94843749999995,140.0
403.84999999999997,0.0,129.8822133005401,140.0
403.9,0.0,129.81600597993818,140.0
403.95,0.0,129.7498155381944,140.0
404.0,0.0,129.6836419753086,140.0
404.04999999999995,0.0,129.61748529128084,140.0
404.09999999999997,0.0,129.55134548611113,140.0
404.15,0.0,129.48522255979938,140.0
404.19999999999993,0.0,129.4191165123457,140.0
404.25,0.0,129.35302734374997,140.0
404.29999999999995,0.0,129.28695505401234,140.0
404.34999999999997,0.0,129.22089964313267,140.0
404.4,0.0,129.1548611111111,140.0
404.45,0.0,129.08883945794747,140.0
404.49999999999994,0.0,129.02283468364195,140.0
404.55,0.0,128.9568467881944,140.0
404.59999999999997,0.0,128.89087577160493,140.0
404.65,0.0,128.82492163387346,140.0
404.7,0.0,128.758984375,140.0
404.75,0.0,128.69306399498456,140.0
404.79999999999995,0.0,128.62716049382715,140.0
404.85,0.0,128.5612738715277,140.0
404.9,0.0,128.4954041280864,140.0
404.95,0.0,128.42955126350301,140.0
405.0,0.0,128.36371527777771,140.0
405.05,0.0,128.29789617091043,140.0
405.09999999999997,0.0,128.2320939429012,140.0
405.15,0.0,128.16630859375,140.0
405.2,0.0,128.10054012345677,140.0
405.24999999999994,0.0,128.03478853202165,140.0
405.3,0.0,127.96905381944443,140.0
405.34999999999997,0.0,127.90333598572532,140.0
405.4,0.0,127.83763503086415,140.0
405.45,0.0,127.77195095486111,140.0
405.5,0.0,127.70628375771604,140.0
405.54999999999995,0.0,127.64063343942904,140.0
405.59999999999997,0.0,127.57499999999995,140.0
405.65,0.0,127.509383439429,140.0
405.7,0.0,127.44378375771603,140.0
405.74999999999994,0.0,127.37820095486111,140.0
405.8,0.0,127.31263503086414,140.0
405.84999999999997,0.0,127.24708598572529,140.0
405.9,0.0,127.18155381944439,140.0
405.95,0.0,127.11603853202156,140.0
406.0,0.0,127.05054012345674,140.0
406.04999999999995,0.0,126.98505859374998,140.0
406.1,0.0,126.91959394290117,140.0
406.15,0.0,126.8541461709105,140.0
406.2,0.0,126.78871527777774,140.0
406.25,0.0,126.72330126350307,140.0
406.29999999999995,0.0,126.65790412808644,140.0
406.34999999999997,0.0,126.59252387152775,140.0
406.4,0.0,126.52716049382717,140.0
406.45,0.0,126.46181399498451,140.0
406.49999999999994,0.0,126.39648437499997,140.0
406.55,0.0,126.33117163387342,140.0
406.59999999999997,0.0,126.26587577160494,140.0
406.65,0.0,126.20059678819443,140.0
406.7,0.0,126.135334683642,140.0
406.75,0.0,126.0700894579475,140.0
406.79999999999995,0.0,126.00486111111111,140.0
406.85,0.0,125.93964964313267,140.0
406.9,0.0,125.87445505401233,140.0
406.95,0.0,125.80927734374993,140.0
407.0,0.0,125.74411651234566,140.0
407.05,0.0,125.67897255979933,140.0
407.09999999999997,0.0,125.61384548611109,140.0
407.15,0.0,125.54873529128083,140.0
407.2,0.0,125.48364197530864,140.0
407.25,0.0,125.4185655381944,140.0
407.29999999999995,0.0,125.35350597993825,140.0
407.35,0.0,125.28846330054006,140.0
407.4,0.0,125.22343749999996,140.0
407.44999999999993,0.0,125.15842857831791,140.0
407.5,0.0,125.09343653549378,140.0
407.54999999999995,0.0,125.02846137152781,140.0
407.59999999999997,0.0,124.96350308641973,140.0
407.65,0.0,124.89856168016975,140.0
407.7,0.0,124.83363715277778,140.0
407.74999999999994,0.0,124.76872950424385,140.0
407.8,0.0,124.70383873456787,140.0
407.84999999999997,0.0,124.63896484375,140.0
407.9,0.0,124.57410783179009,140.0
407.95,0.0,124.50926769868825,140.0
408.0,0.0,124.44444444444441,140.0
408.04999999999995,0.0,124.37963806905863,140.0
408.1,0.0,124.3148485725308,140.0
408.15,0.0,124.25007595486109,140.0
408.2,0.0,124.18532021604935,140.0
408.25,0.0,124.12058135609567,140.0
408.3,0.0,124.05585937499994,140.0
408.34999999999997,0.0,123.99115427276232,140.0
408.40000000000003,0.0,123.92646604938264,140.0
408.45,0.0,123.86179470486107,140.0
408.49999999999994,0.0,123.79714023919752,140.0
408.55,0.0,123.73250265239196,140.0
408.59999999999997,0.0,123.66788194444446,140.0
408.65,0.0,123.60327811535493,140.0
408.69999999999993,0.0,123.5386911651235,140.0
408.75,0.0,123.47412109374997,140.0
408.79999999999995,0.0,123.4095679012346,140.0
408.84999999999997,0.0,123.34503158757711,140.0
408.9,0.0,123.28051215277776,140.0
408.95,0.0,123.21600959683637,140.0
408.99999999999994,0.0,123.15152391975305,140.0
409.05,0.0,123.08705512152774,140.0
409.09999999999997,0.0,123.02260320216048,140.0
409.15,0.0,122.9581681616512,140.0
409.2,0.0,122.89375000000001,140.0
409.25,0.0,122.82934871720674,140.0
409.29999999999995,0.0,122.7649643132716,140.0
409.35,0.0,122.7005967881944,140.0
409.4,0.0,122.63624614197526,140.0
409.45,0.0,122.57191237461412,140.0
409.5,0.0,122.50759548611106,140.0
409.55,0.0,122.44329547646599,140.0
409.59999999999997,0.0,122.379012345679,140.0
409.65,0.0,122.31474609375,140.0
409.7,0.0,122.250496720679,140.0
409.74999999999994,0.0,122.18626422646608,140.0
409.8,0.0,122.12204861111108,140.0
409.84999999999997,0.0,122.0578498746142,140.0
409.9,0.0,121.99366801697526,140.0
409.95,0.0,121.92950303819444,140.0
410.0,0.0,121.86535493827154,140.0
410.04999999999995,0.0,121.8012237172068,140.0
410.09999999999997,0.0,121.73710937499996,140.0
410.15,0.0,121.6730119116512,140.0
410.2,0.0,121.60893132716048,140.0
410.24999999999994,0.0,121.5448676215278,140.0
410.3,0.0,121.48082079475303,140.0
410.34999999999997,0.0,121.41679084683642,140.0
410.4,0.0,121.35277777777773,140.0
410.45,0.0,121.28878158757712,140.0
410.5,0.0,121.22480227623453,140.0
410.54999999999995,0.0,121.16083984374997,140.0
410.6,0.0,121.0968942901234,140.0
410.65,0.0,121.0329656153549,140.0
410.7,0.0,120.96905381944441,140.0
410.75,0.0,120.90515890239196,140.0
410.79999999999995,0.0,120.84128086419756,140.0
410.84999999999997,0.0,120.77741970486106,140.0
410.9,0.0,120.71357542438273,140.0
410.95,0.0,120.6497480227623,140.0
410.99999999999994,0.0,120.58593749999999,140.0
411.05,0.0,120.52214385609567,140.0
411.09999999999997,0.0,120.4583670910494,140.0
411.15,0.0,120.3946072048611,140.0
411.2,0.0,120.33086419753089,140.0
411.25,0.0,120.2671380690586,140.0
411.29999999999995,0.0,120.20342881944445,140.0
411.35,0.0,120.13973644868823,140.0
411.4,0.0,120.07606095679012,140.0
411.45,0.0,120.01240234374993,140.0
411.5,0.0,119.94876060956787,140.0
411.55,0.0,119.88513575424379,140.0
411.59999999999997,0.0,119.82152777777776,140.0
411.65,0.0,119.75793668016975,140.0
411.7,0.0,119.69436246141976,140.0
411.75,0.0,119.63080512152774,140.0
411.79999999999995,0.0,119.56726466049382,140.0
411.84999999999997,0.0,119.50374107831792,140.0
411.9,0.0,119.44023437499996,140.0
411.94999999999993,0.0,119.37674455054012,140.0
412.0,0.0,119.31327160493821,140.0
412.04999999999995,0.0,119.24981553819443,140.0
412.09999999999997,0.0,119.1863763503086,140.0
412.15,0.0,119.12295404128088,140.0
412.2,0.0,119.05954861111111,140.0
412.24999999999994,0.0,118.9961600597994,140.0
412.3,0.0,118.93278838734564,140.0
412.34999999999997,0.0,118.86943359375,140.0
412.4,0.0,118.8060956790123,140.0
412.45,0.0,118.74277464313268,140.0
412.5,0.0,118.67947048611104,140.0
412.54999999999995,0.0,118.61618320794753,140.0
412.6,0.0,118.55291280864192,140.0
412.65,0.0,118.48965928819442,140.0
412.7,0.0,118.4264226466049,140.0
412.75,0.0,118.36320288387346,140.0
412.8,0.0,118.29999999999994,140.0
412.84999999999997,0.0,118.23681399498456,140.0
412.90000000000003,0.0,118.17364486882708,140.0
412.95,0.0,118.11049262152773,140.0
412.99999999999994,0.0,118.04735725308642,140.0
413.05,0.0,117.98423876350307,140.0
413.09999999999997,0.0,117.92113715277779,140.0
413.15,0.0,117.85805242091045,140.0
413.2,0.0,117.79498456790125,140.0
413.25,0.0,117.73193359374999,140.0
413.29999999999995,0.0,117.6688994984568,140.0
413.34999999999997,0.0,117.60588228202155,140.0
413.4,0.0,117.54288194444442,140.0
413.45,0.0,117.47989848572527,140.0
413.49999999999994,0.0,117.41693190586417,140.0
413.55,0.0,117.35398220486108,140.0
413.59999999999997,0.0,117.29104938271604,140.0
413.65,0.0,117.228133439429,140.0
413.7,0.0,117.16523437500003,140.0
413.75,0.0,117.10235218942897,140.0
413.79999999999995,0.0,117.03948688271606,140.0
413.85,0.0,116.97663845486105,140.0
413.9,0.0,116.91380690586418,140.0
413.95,0.0,116.85099223572524,140.0
414.0,0.0,116.7881944444444,140.0
414.05,0.0,116.72541353202155,140.0
414.09999999999997,0.0,116.66264949845677,140.0
414.15,0.0,116.59990234375,140.0
414.2,0.0,116.53717206790122,140.0
414.24999999999994,0.0,116.47445867091052,140.0
414.3,0.0,116.41176215277775,140.0
414.34999999999997,0.0,116.34908251350309,140.0
414.4,0.0,116.28641975308636,140.0
414.45,0.0,116.22377387152777,140.0
414.5,0.0,116.1611448688271,140.0
414.54999999999995,0.0,116.09853274498454,140.0
414.6,0.0,116.03593749999996,140.0
414.65,0.0,115.97335913387344,140.0
414.7,0.0,115.91079764660492,140.0
414.74999999999994,0.0,115.84825303819444,140.0
414.8,0.0,115.78572530864193,140.0
414.84999999999997,0.0,115.72321445794752,140.0
414.9,0.0,115.66072048611105,140.0
414.95,0.0,115.59824339313269,140.0
415.0,0.0,115.53578317901227,140.0
415.04999999999995,0.0,115.47333984374998,140.0
415.1,0.0,115.41091338734562,140.0
415.15,0.0,115.34850380979935,140.0
415.19999999999993,0.0,115.28611111111111,140.0
415.25,0.0,115.22373529128085,140.0
415.29999999999995,0.0,115.16137635030866,140.0
415.34999999999997,0.0,115.09903428819442,140.0
415.4,0.0,115.03670910493827,140.0
415.45,0.0,114.97440080054007,140.0
415.49999999999994,0.0,114.91210937499997,140.0
415.55,0.0,114.84983482831787,140.0
415.59999999999997,0.0,114.78757716049383,140.0
415.65,0.0,114.72533637152773,140.0
415.7,0.0,114.66311246141979,140.0
415.75,0.0,114.60090543016973,140.0
415.79999999999995,0.0,114.53871527777777,140.0
415.85,0.0,114.4765420042438,140.0
415.9,0.0,114.41438560956787,140.0
415.95,0.0,114.35224609374993,140.0
416.0,0.0,114.29012345679008,140.0
416.05,0.0,114.22801769868822,140.0
416.09999999999997,0.0,114.16592881944442,140.0
416.15,0.0,114.10385681905862,140.0
416.2,0.0,114.04180169753087,140.0
416.25,0.0,113.97976345486106,140.0
416.29999999999995,0.0,113.91774209104936,140.0
416.34999999999997,0.0,113.85573760609569,140.0
416.4,0.0,113.79374999999997,140.0
416.44999999999993,0.0,113.73177927276235,140.0
416.5,0.0,113.66982542438265,140.0
416.54999999999995,0.0,113.60788845486108,140.0
416.59999999999997,0.0,113.54596836419749,140.0
416.65,0.0,113.48406515239198,140.0
416.7,0.0,113.42217881944443,140.0
416.74999999999994,0.0,113.36030936535496,140.0
416.8,0.0,113.29845679012341,140.0
416.84999999999997,0.0,113.23662109375,140.0
416.9,0.0,113.17480227623452,140.0
416.95,0.0,113.11300033757713,140.0
417.0,0.0,113.0512152777777,140.0
417.04999999999995,0.0,112.98944709683639,140.0
417.1,0.0,112.92769579475303,140.0
417.15,0.0,112.86596137152776,140.0
417.2,0.0,112.80424382716046,140.0
417.25,0.0,112.74254316165124,140.0
417.3,0.0,112.68085937499994,140.0
417.34999999999997,0.0,112.61919246720677,140.0
417.4,0.0,112.55754243827162,140.0
417.45,0.0,112.49590928819441,140.0
417.49999999999994,0.0,112.43429301697529,140.0
417.55,0.0,112.37269362461419,140.0
417.59999999999997,0.0,112.31111111111112,140.0
417.65,0.0,112.249545476466,140.0
417.7,0.0,112.187996720679,140.0
417.75,0.0,112.12646484374997,140.0
417.79999999999995,0.0,112.06494984567901,140.0
417.84999999999997,0.0,112.00345172646603,140.0
417.9,0.0,111.9419704861111,140.0
417.95,0.0,111.88050612461414,140.0
417.99999999999994,0.0,111.81905864197527,140.0
418.05,0.0,111.75762803819441,140.0
418.09999999999997,0.0,111.6962143132716,140.0
418.15,0.0,111.63481746720677,140.0
418.2,0.0,111.57343750000003,140.0
418.25,0.0,111.5120744116512,140.0
418.29999999999995,0.0,111.45072820216049,140.0
418.35,0.0,111.38939887152772,140.0
418.4,0.0,111.32808641975305,140.0
418.45,0.0,111.26679084683634,140.0
418.5,0.0,111.20551215277773,140.0
418.54999999999995,0.0,111.14425033757715,140.0
418.59999999999997,0.0,111.08300540123454,140.0
418.65,0.0,111.02177734375,140.0
418.7,0.0,110.96056616512345,140.0
418.74999999999994,0.0,110.89937186535498,140.0
418.8,0.0,110.83819444444441,140.0
418.84999999999997,0.0,110.77703390239198,140.0
418.9,0.0,110.71589023919749,140.0
418.95,0.0,110.6547634548611,140.0
419.0,0.0,110.59365354938265,140.0
419.04999999999995,0.0,110.53256052276231,140.0
419.1,0.0,110.47148437499996,140.0
419.15,0.0,110.41042510609567,140.0
419.2,0.0,110.34938271604936,140.0
419.25,0.0,110.28835720486113,140.0
419.3,0.0,110.22734857253083,140.0
419.34999999999997,0.0,110.16635681905863,140.0
419.4,0.0,110.10538194444439,140.0
419.45,0.0,110.04442394868825,140.0
419.5,0.0,109.98348283179004,140.0
419.54999999999995,0.0,109.92255859374995,140.0
419.6,0.0,109.86165123456784,140.0
419.65,0.0,109.8007607542438,140.0
419.69999999999993,0.0,109.73988715277778,140.0
419.75,0.0,109.67903043016975,140.0
419.79999999999995,0.0,109.61819058641977,140.0
419.84999999999997,0.0,109.55736762152775,140.0
419.9,0.0,109.49656153549383,140.0
419.95,0.0,109.43577232831785,140.0
419.99999999999994,0.0,109.37499999999999,140.0
420.05,0.0,109.31424455054011,140.0
420.09999999999997,0.0,109.25350597993827,140.0
420.15,0.0,109.1927842881944,140.0
420.2,0.0,109.13207947530864,140.0
420.25,0.0,109.07139154128083,140.0
420.29999999999995,0.0,109.01072048611113,140.0
420.35,0.0,108.95006630979934,140.0
420.4,0.0,108.88942901234567,140.0
420.45,0.0,108.82880859374994,140.0
420.5,0.0,108.7682050540123,140.0
420.55,0.0,108.70761839313269,140.0
420.59999999999997,0.0,108.6470486111111,140.0
420.65000000000003,0.0,108.5864957079475,140.0
420.7,0.0,108.52595968364199,140.0
420.74999999999994,0.0,108.46544053819449,140.0
420.79999999999995,0.0,108.40493827160492,140.0
420.84999999999997,0.0,108.34445288387347,140.0
420.9,0.0,108.28398437499996,140.0
420.94999999999993,0.0,108.22353274498457,140.0
421.0,0.0,108.16309799382711,140.0
421.04999999999995,0.0,108.10268012152775,140.0
421.09999999999997,0.0,108.04227912808639,140.0
421.15,0.0,107.98189501350308,140.0
421.2,0.0,107.92152777777775,140.0
421.24999999999994,0.0,107.86117742091052,140.0
421.3,0.0,107.8008439429012,140.0
421.34999999999997,0.0,107.74052734375,140.0
421.4,0.0,107.68022762345673,140.0
421.45,0.0,107.61994478202159,140.0
421.5,0.0,107.55967881944437,140.0
421.54999999999995,0.0,107.49942973572527,140.0
421.6,0.0,107.43919753086415,140.0
421.65,0.0,107.37898220486109,140.0
421.7,0.0,107.31878375771602,140.0
421.75,0.0,107.25860218942901,140.0
421.8,0.0,107.19843749999995,140.0
421.84999999999997,0.0,107.13828968942899,140.0
421.9,0.0,107.07815875771607,140.0
421.95,0.0,107.01804470486107,140.0
421.99999999999994,0.0,106.95794753086419,140.0
422.05,0.0,106.89786723572524,140.0
422.09999999999997,0.0,106.83780381944446,140.0
422.15,0.0,106.77775728202157,140.0
422.2,0.0,106.7177276234568,140.0
422.25,0.0,106.65771484374997,140.0
422.29999999999995,0.0,106.59771894290125,140.0
422.34999999999997,0.0,106.53773992091047,140.0
422.4,0.0,106.47777777777777,140.0
422.45,0.0,106.41783251350303,140.0
422.49999999999994,0.0,106.35790412808639,140.0
422.55,0.0,106.29799262152774,140.0
422.59999999999997,0.0,106.23809799382715,140.0
422.65,0.0,106.17822024498452,140.0
422.7,0.0,106.11835937500001,140.0
422.75,0.0,106.05851538387343,140.0
422.79999999999995,0.0,105.99868827160493,140.0
422.85,0.0,105.93887803819439,140.0
422.9,0.0,105.87908468364195,140.0
422.95,0.0,105.81930820794746,140.0
423.0,0.0,105.75954861111106,140.0
423.04999999999995,0.0,105.69980589313269,140.0
423.09999999999997,0.0,105.64008005401233,140.0
423.15,0.0,105.58037109375,140.0
423.2,0.0,105.52067901234567,140.0
423.24999999999994,0.0,105.46100380979941,140.0
423.3,0.0,105.40134548611108,140.0
423.34999999999997,0.0,105.34170404128088,140.0
423.4,0.0,105.2820794753086,140.0
423.45,0.0,105.22247178819443,140.0
423.5,0.0,105.16288097993821,140.0
423.54999999999995,0.0,105.1033070505401,140.0
423.6,0.0,105.04374999999996,140.0
423.65,0.0,104.98420982831789,140.0
423.7,0.0,104.9246865354938,140.0
423.75,0.0,104.86518012152779,140.0
423.8,0.0,104.80569058641971,140.0
423.84999999999997,0.0,104.74621793016973,140.0
423.9,0.0,104.68676215277773,140.0
423.95,0.0,104.62732325424379,140.0
424.0,0.0,104.56790123456783,140.0
424.04999999999995,0.0,104.50849609374995,140.0
424.09999999999997,0.0,104.4491078317901,140.0
424.15,0.0,104.38973644868824,140.0
424.19999999999993,0.0,104.33038194444444,140.0
424.25,0.0,104.27104431905865,140.0
424.29999999999995,0.0,104.21172357253087,140.0
424.34999999999997,0.0,104.15241970486107,140.0
424.4,0.0,104.09313271604938,140.0
424.45,0.0,104.03386260609564,140.0
424.49999999999994,0.0,103.97460937499999,140.0
424.55,0.0,103.9153730227623,140.0
424.59999999999997,0.0,103.85615354938273,140.0
424.65,0.0,103.79695095486106,140.0
424.7,0.0,103.73776523919751,140.0
424.75,0.0,103.67859640239195,140.0
424.79999999999995,0.0,103.61944444444444,140.0
424.85,0.0,103.56030936535491,140.0
424.9,0.0,103.50119116512344,140.0
424.95,0.0,103.44208984374994,140.0
425.0,0.0,103.38300540123454,140.0
425.05,0.0,103.32393783757712,140.0
425.09999999999997,0.0,103.26488715277776,140.0
425.15000000000003,0.0,103.20585334683636,140.0
425.2,0.0,103.14683641975309,140.0
425.24999999999994,0.0,103.08783637152781,140.0
425.3,0.0,103.02885320216048,140.0
425.34999999999997,0.0,102.96988691165126,140.0
425.4,0.0,102.91093749999997,140.0
425.44999999999993,0.0,102.85200496720678,140.0
425.5,0.0,102.79308931327155,140.0
425.54999999999995,0.0,102.73419053819443,140.0
425.59999999999997,0.0,102.67530864197528,140.0
425.65,0.0,102.6164436246142,140.0
425.7,0.0,102.5575954861111,140.0
425.74999999999994,0.0,102.49876422646606,140.0
425.8,0.0,102.43994984567898,140.0
425.84999999999997,0.0,102.38115234375,140.0
425.9,0.0,102.32237172067896,140.0
425.95,0.0,102.26360797646603,140.0
426.0,0.0,102.20486111111106,140.0
426.04999999999995,0.0,102.14613112461417,140.0
426.1,0.0,102.08741801697526,140.0
426.15,0.0,102.02872178819443,140.0
426.2,0.0,101.97004243827159,140.0
426.25,0.0,101.91137996720678,140.0
426.29999999999995,0.0,101.85273437500004,140.0
426.34999999999997,0.0,101.79410566165122,140.0
426.4,0.0,101.73549382716051,140.0
426.45,0.0,101.67689887152774,140.0
426.49999999999994,0.0,101.61832079475307,140.0
426.55,0.0,101.55975959683637,140.0
426.59999999999997,0.0,101.50121527777775,140.0
426.65,0.0,101.44268783757713,140.0
426.7,0.0,101.38417727623455,140.0
426.75,0.0,101.32568359374999,140.0
426.79999999999995,0.0,101.26720679012347,140.0
426.84999999999997,0.0,101.20874686535491,140.0
426.9,0.0,101.15030381944445,140.0
426.95,0.0,101.09187765239193,140.0
426.99999999999994,0.0,101.03346836419752,140.0
427.05,0.0,100.97507595486104,140.0
427.09999999999997,0.0,100.91670042438271,140.0
427.15,0.0,100.85834177276229,140.0
427.2,0.0,100.79999999999998,140.0
427.25,0.0,100.74167510609564,140.0
427.29999999999995,0.0,100.68336709104936,140.0
427.35,0.0,100.62507595486105,140.0
427.4,0.0,100.56680169753083,140.0
427.44999999999993,0.0,100.50854431905864,140.0
427.5,0.0,100.45030381944441,140.0
427.54999999999995,0.0,100.39208019868825,140.0
427.59999999999997,0.0,100.3338734567901,140.0
427.65,0.0,100.27568359375002,140.0
427.7,0.0,100.2175106095679,140.0
427.74999999999994,0.0,100.15935450424385,140.0
427.8,0.0,100.10121527777777,140.0
427.84999999999997,0.0,100.04309293016976,140.0
427.9,0.0,99.98498746141972,140.0
427.95,0.0,99.92689887152775,140.0
428.0,0.0,99.86882716049377,140.0
428.04999999999995,0.0,99.81077232831787,140.0
428.1,0.0,99.75273437499997,140.0
428.15,0.0,99.69471330054012,140.0
428.2,0.0,99.63670910493826,140.0
428.25,0.0,99.57872178819446,140.0
428.3,0.0,99.52075135030861,140.0
428.34999999999997,0.0,99.46279779128086,140.0
428.4,0.0,99.40486111111106,140.0
428.45,0.0,99.34694130979936,140.0
428.5,0.0,99.2890383873456,140.0
428.54999999999995,0.0,99.23115234374995,140.0
428.59999999999997,0.0,99.17328317901233,140.0
428.65,0.0,99.11543089313268,140.0
428.69999999999993,0.0,99.05759548611111,140.0
428.75,0.0,98.99977695794753,140.0
428.79999999999995,0.0,98.941975308642,140.0
428.84999999999997,0.0,98.88419053819442,140.0
428.9,0.0,98.82642264660494,140.0
428.95,0.0,98.76867163387341,140.0
428.99999999999994,0.0,98.71093749999999,140.0
429.05,0.0,98.65322024498451,140.0
429.09999999999997,0.0,98.59551986882713,140.0
429.15,0.0,98.53783637152775,140.0
429.2,0.0,98.4801697530864,140.0
429.25,0.0,98.42252001350306,140.0
429.29999999999995,0.0,98.3648871527778,140.0
429.35,0.0,98.30727117091045,140.0
429.4,0.0,98.24967206790123,140.0
429.45,0.0,98.19208984374994,140.0
429.5,0.0,98.13452449845676,140.0
429.55,0.0,98.07697603202153,140.0
429.59999999999997,0.0,98.01944444444442,140.0
429.65,0.0,97.96192973572532,140.0
429.7,0.0,97.90443190586417,140.0
429.74999999999994,0.0,97.84695095486114,140.0
429.8,0.0,97.78948688271605,140.0
429.84999999999997,0.0,97.73203968942903,140.0
429.9,0.0,97.67460937499996,140.0
429.95,0.0,97.61719593942901,140.0
430.0,0.0,97.559799382716,140.0
430.04999999999995,0.0,97.5024197048611,140.0
430.09999999999997,0.0,97.44505690586416,140.0
430.15,0.0,97.3877109857253,140.0
430.2,0.0,97.33038194444443,140.0
430.24999999999994,0.0,97.27306978202162,140.0
430.3,0.0,97.21577449845675,140.0
430.34999999999997,0.0,97.15849609374999,140.0
430.4,0.0,97.10123456790119,140.0
430.45,0.0,97.04398992091048,140.0
430.5,0.0,96.98676215277773,140.0
430.54999999999995,0.0,96.92955126350306,140.0
430.6,0.0,96.87235725308638,140.0
430.65,0.0,96.81518012152777,140.0
430.7,0.0,96.75801986882713,140.0
430.75,0.0,96.70087649498457,140.0
430.79999999999995,0.0,96.64375000000004,140.0
430.84999999999997,0.0,96.58664038387343,140.0
430.9,0.0,96.52954764660495,140.0
430.95,0.0,96.4724717881944,140.0
430.99999999999994,0.0,96.41541280864196,140.0
431.05,0.0,96.35837070794747,140.0
431.09999999999997,0.0,96.30134548611109,140.0
431.15,0.0,96.24433714313268,140.0
431.2,0.0,96.18734567901234,140.0
431.25,0.0,96.13037109374999,140.0
431.29999999999995,0.0,96.07341338734571,140.0
431.35,0.0,96.01647255979934,140.0
431.4,0.0,95.9595486111111,140.0
431.45,0.0,95.90264154128081,140.0
431.5,0.0,95.84575135030863,140.0
431.55,0.0,95.78887803819437,140.0
431.59999999999997,0.0,95.73202160493823,140.0
431.65,0.0,95.67518205054007,140.0
431.7,0.0,95.61835937499998,140.0
431.75,0.0,95.56155357831787,140.0
431.79999999999995,0.0,95.50476466049382,140.0
431.85,0.0,95.44799262152773,140.0
431.9,0.0,95.39123746141973,140.0
431.94999999999993,0.0,95.33449918016976,140.0
432.0,0.0,95.27777777777773,140.0
432.04999999999995,0.0,95.22107325424382,140.0
432.09999999999997,0.0,95.16438560956789,140.0
432.15,0.0,95.10771484375,140.0
432.2,0.0,95.05106095679008,140.0
432.24999999999994,0.0,94.9944239486883,140.0
432.3,0.0,94.93780381944443,140.0
432.34999999999997,0.0,94.88120056905865,140.0
432.4,0.0,94.82461419753082,140.0
432.45,0.0,94.7680447048611,140.0
432.5,0.0,94.71149209104934,140.0
432.54999999999995,0.0,94.65495635609565,140.0
432.6,0.0,94.59843749999996,140.0
432.65,0.0,94.54193552276233,140.0
432.7,0.0,94.4854504243827,140.0
432.75,0.0,94.42898220486113,140.0
432.8,0.0,94.3725308641975,140.0
432.84999999999997,0.0,94.31609640239196,140.0
432.90000000000003,0.0,94.2596788194444,140.0
432.95,0.0,94.2032781153549,140.0
432.99999999999994,0.0,94.14689429012347,140.0
433.04999999999995,0.0,94.09052734374997,140.0
433.09999999999997,0.0,94.03417727623456,140.0
433.15,0.0,93.97784408757713,140.0
433.19999999999993,0.0,93.92152777777777,140.0
433.25,0.0,93.8652283468364,140.0
433.29999999999995,0.0,93.8089457947531,140.0
433.34999999999997,0.0,93.75268012152776,140.0
433.4,0.0,93.6964313271605,140.0
433.45,0.0,93.64019941165118,140.0
433.49999999999994,0.0,93.58398437499999,140.0
433.55,0.0,93.52778621720674,140.0
433.59999999999997,0.0,93.47160493827157,140.0
433.65,0.0,93.4154405381944,140.0
433.7,0.0,93.3592930169753,140.0
433.75,0.0,93.30316237461417,140.0
433.79999999999995,0.0,93.24704861111111,140.0
433.85,0.0,93.19095172646601,140.0
433.9,0.0,93.134871720679,140.0
433.95,0.0,93.07880859374995,140.0
434.0,0.0,93.02276234567897,140.0
434.05,0.0,92.96673297646596,140.0
434.09999999999997,0.0,92.91072048611106,140.0
434.15,0.0,92.8547248746142,140.0
434.2,0.0,92.79874614197527,140.0
434.24999999999994,0.0,92.74278428819444,140.0
434.3,0.0,92.68683931327158,140.0
434.34999999999997,0.0,92.6309112172068,140.0
434.4,0.0,92.57499999999996,140.0
434.45,0.0,92.51910566165124,140.0
434.5,0.0,92.46322820216045,140.0
434.54999999999995,0.0,92.40736762152775,140.0
434.59999999999997,0.0,92.35152391975306,140.0
434.65,0.0,92.29569709683642,140.0
434.7,0.0,92.23988715277773,140.0
434.74999999999994,0.0,92.18409408757718,140.0
434.8,0.0,92.12831790123452,140.0
434.84999999999997,0.0,92.07255859375,140.0
434.9,0.0,92.0168161651234,140.0
434.95,0.0,91.9610906153549,140.0
435.0,0.0,91.90538194444437,140.0
435.04999999999995,0.0,91.84969015239194,140.0
435.1,0.0,91.79401523919749,140.0
435.15,0.0,91.7383572048611,140.0
435.19999999999993,0.0,91.68271604938273,140.0
435.25,0.0,91.62709177276236,140.0
435.29999999999995,0.0,91.57148437500003,140.0
435.34999999999997,0.0,91.51589385609567,140.0
435.4,0.0,91.4603202160494,140.0
435.45,0.0,91.40476345486108,140.0
435.49999999999994,0.0,91.34922357253086,140.0
435.55,0.0,91.2937005690586,140.0
435.59999999999997,0.0,91.23819444444442,140.0
435.65,0.0,91.18270519868824,140.0
435.7,0.0,91.12723283179012,140.0
435.75,0.0,91.07177734374999,140.0
435.79999999999995,0.0,91.01633873456792,140.0
435.85,0.0,90.96091700424378,140.0
435.9,0.0,90.90551215277777,140.0
435.95,0.0,90.8501241801697,140.0
436.0,0.0,90.79475308641973,140.0
436.05,0.0,90.73939887152771,140.0
436.09999999999997,0.0,90.6840615354938,140.0
436.15,0.0,90.62874107831784,140.0
436.2,0.0,90.57343749999998,140.0
436.25,0.0,90.51815080054008,140.0
436.29999999999995,0.0,90.46288097993826,140.0
436.34999999999997,0.0,90.40762803819446,140.0
436.4,0.0,90.35239197530862,140.0
436.44999999999993,0.0,90.29717279128086,140.0
436.5,0.0,90.24197048611109,140.0
436.54999999999995,0.0,90.18678505979938,140.0
436.59999999999997,0.0,90.13161651234562,140.0
436.65,0.0,90.07646484375,140.0
436.7,0.0,90.02133005401231,140.0
436.74999999999994,0.0,89.96621214313271,140.0
436.8,0.0,89.91111111111108,140.0
436.84999999999997,0.0,89.85602695794753,140.0
436.9,0.0,89.80095968364193,140.0
436.95,0.0,89.74590928819443,140.0
437.0,0.0,89.69087577160488,140.0
437.04999999999995,0.0,89.63585913387342,140.0
437.1,0.0,89.58085937499996,140.0
437.15,0.0,89.52587649498454,140.0
437.2,0.0,89.4709104938271,140.0
437.25,0.0,89.41596137152779,140.0
437.3,0.0,89.36102912808639,140.0
437.34999999999997,0.0,89.30611376350308,140.0
437.40000000000003,0.0,89.25121527777773,140.0
437.45,0.0,89.19633367091048,140.0
437.49999999999994,0.0,89.14146894290123,140.0
437.55,0.0,89.08662109374997,140.0
437.59999999999997,0.0,89.03179012345677,140.0
437.65,0.0,88.97697603202157,140.0
437.69999999999993,0.0,88.92217881944444,140.0
437.75,0.0,88.86739848572529,140.0
437.79999999999995,0.0,88.81263503086421,140.0
437.84999999999997,0.0,88.75788845486109,140.0
437.9,0.0,88.70315875771605,140.0
437.95,0.0,88.64844593942897,140.0
437.99999999999994,0.0,88.59374999999999,140.0
438.05,0.0,88.53907093942895,140.0
438.09999999999997,0.0,88.48440875771601,140.0
438.15,0.0,88.42976345486106,140.0
438.2,0.0,88.37513503086419,140.0
438.25,0.0,88.32052348572527,140.0
438.29999999999995,0.0,88.26592881944445,140.0
438.35,0.0,88.21135103202157,140.0
438.4,0.0,88.15679012345677,140.0
438.45,0.0,88.10224609374995,140.0
438.5,0.0,88.0477189429012,140.0
438.54999999999995,0.0,87.99320867091049,140.0
438.59999999999997,0.0,87.93871527777772,140.0
438.65,0.0,87.88423876350306,140.0
438.7,0.0,87.82977912808639,140.0
438.74999999999994,0.0,87.77533637152779,140.0
438.8,0.0,87.72091049382715,140.0
438.84999999999997,0.0,87.66650149498459,140.0
438.9,0.0,87.61210937499997,140.0
438.95,0.0,87.55773413387347,140.0
439.0,0.0,87.5033757716049,140.0
439.04999999999995,0.0,87.44903428819443,140.0
439.09999999999997,0.0,87.39470968364192,140.0
439.15,0.0,87.34040195794753,140.0
439.2,0.0,87.28611111111107,140.0
439.24999999999994,0.0,87.2318371431327,140.0
439.3,0.0,87.17758005401231,140.0
439.34999999999997,0.0,87.12333984375,140.0
439.4,0.0,87.06911651234563,140.0
439.45,0.0,87.01491005979936,140.0
439.5,0.0,86.96072048611106,140.0
439.54999999999995,0.0,86.90654779128083,140.0
439.6,0.0,86.8523919753086,140.0
439.65,0.0,86.79825303819443,140.0
439.69999999999993,0.0,86.74413097993828,140.0
439.75,0.0,86.69002580054011,140.0
439.79999999999995,0.0,86.63593750000003,140.0
439.84999999999997,0.0,86.58186607831789,140.0
439.9,0.0,86.52781153549385,140.0
439.95,0.0,86.47377387152774,140.0
439.99999999999994,0.0,86.41975308641975,140.0
440.05,0.0,86.3657491801697,140.0
440.09999999999997,0.0,86.31176215277776,140.0
440.15,0.0,86.2577920042438,140.0
440.2,0.0,86.2038387345679,140.0
440.25,0.0,86.14990234374999,140.0
440.29999999999995,0.0,86.09598283179012,140.0
440.35,0.0,86.04208019868824,140.0
440.4,0.0,85.98819444444445,140.0
440.45,0.0,85.9343255690586,140.0
440.5,0.0,85.88047357253083,140.0
440.55,0.0,85.82663845486105,140.0
440.59999999999997,0.0,85.77282021604934,140.0
440.65,0.0,85.71901885609564,140.0
440.7,0.0,85.66523437499997,140.0
440.75,0.0,85.61146677276233,140.0
440.79999999999995,0.0,85.5577160493827,140.0
440.84999999999997,0.0,85.50398220486113,140.0
440.9,0.0,85.4502652391975,140.0
440.94999999999993,0.0,85.39656515239199,140.0
441.0,0.0,85.3428819444444,140.0
441.04999999999995,0.0,85.28921561535492,140.0
441.09999999999997,0.0,85.2355661651234,140.0
441.15,0.0,85.18193359374996,140.0
441.2,0.0,85.12831790123452,140.0
441.24999999999994,0.0,85.07471908757715,140.0
441.3,0.0,85.02113715277775,140.0
441.34999999999997,0.0,84.96757209683642,140.0
441.4,0.0,84.91402391975305,140.0
441.45,0.0,84.86049262152778,140.0
441.5,0.0,84.80697820216044,140.0
441.54999999999995,0.0,84.75348066165121,140.0
441.6,0.0,84.69999999999997,140.0
441.65,0.0,84.64653621720679,140.0
441.7,0.0,84.59308931327156,140.0
441.75,0.0,84.53965928819443,140.0
441.8,0.0,84.48624614197527,140.0
441.84999999999997,0.0,84.43284987461419,140.0
441.9,0.0,84.37947048611113,140.0
441.95,0.0,84.32610797646603,140.0
441.99999999999994,0.0,84.27276234567901,140.0
442.05,0.0,84.21943359374995,140.0
442.09999999999997,0.0,84.166121720679,140.0
442.15,0.0,84.11282672646601,140.0
442.2,0.0,84.0595486111111,140.0
442.25,0.0,84.00628737461419,140.0
442.29999999999995,0.0,83.95304301697533,140.0
442.34999999999997,0.0,83.89981553819442,140.0
442.4,0.0,83.84660493827161,140.0
442.45,0.0,83.79341121720675,140.0
442.49999999999994,0.0,83.74023437499999,140.0
442.55,0.0,83.68707441165118,140.0
442.59999999999997,0.0,83.63393132716047,140.0
442.65,0.0,83.58080512152775,140.0
442.7,0.0,83.52769579475307,140.0
442.75,0.0,83.47460334683639,140.0
442.79999999999995,0.0,83.42152777777777,140.0
442.85,0.0,83.36846908757714,140.0
442.9,0.0,83.31542727623456,140.0
442.95,0.0,83.26240234374994,140.0
443.0,0.0,83.20939429012344,140.0
443.04999999999995,0.0,83.15640311535493,140.0
443.09999999999997,0.0,83.1034288194444,140.0
443.15,0.0,83.05047140239195,140.0
443.2,0.0,82.9975308641975,140.0
443.24999999999994,0.0,82.94460720486111,140.0
443.3,0.0,82.89170042438272,140.0
443.34999999999997,0.0,82.83881052276236,140.0
443.4,0.0,82.78593749999996,140.0
443.45,0.0,82.73308135609568,140.0
443.5,0.0,82.68024209104934,140.0
443.54999999999995,0.0,82.62741970486108,140.0
443.6,0.0,82.5746141975308,140.0
443.65,0.0,82.5218255690586,140.0
443.7,0.0,82.4690538194444,140.0
443.74999999999994,0.0,82.41629894868825,140.0
443.8,0.0,82.36356095679008,140.0
443.84999999999997,0.0,82.31083984375,140.0
443.9,0.0,82.25813560956786,140.0
443.95,0.0,82.2054482542438,140.0
444.0,0.0,82.15277777777773,140.0
444.04999999999995,0.0,82.10012418016971,140.0
444.1,0.0,82.04748746141972,140.0
444.15,0.0,81.99486762152776,140.0
444.19999999999993,0.0,81.94226466049383,140.0
444.25,0.0,81.88967857831787,140.0
444.29999999999995,0.0,81.83710937500003,140.0
444.34999999999997,0.0,81.7845570505401,140.0
444.4,0.0,81.7320216049383,140.0
444.45,0.0,81.67950303819441,140.0
444.49999999999994,0.0,81.62700135030863,140.0
444.55,0.0,81.57451654128081,140.0
444.59999999999997,0.0,81.52204861111109,140.0
444.65,0.0,81.46959755979935,140.0
444.7,0.0,81.41716338734568,140.0
444.75,0.0,81.36474609374999,140.0
444.79999999999995,0.0,81.31234567901237,140.0
444.85,0.0,81.25996214313268,140.0
444.9,0.0,81.20759548611112,140.0
444.95,0.0,81.15524570794749,140.0
445.0,0.0,81.10291280864195,140.0
445.05,0.0,81.05059678819438,140.0
445.09999999999997,0.0,80.9982976466049,140.0
445.15,0.0,80.94601538387342,140.0
445.2,0.0,80.89374999999998,140.0
445.24999999999994,0.0,80.84150149498457,140.0
445.29999999999995,0.0,80.78926986882716,140.0
445.34999999999997,0.0,80.7370551215278,140.0
445.4,0.0,80.68485725308639,140.0
445.44999999999993,0.0,80.6326762635031,140.0
445.5,0.0,80.58051215277774,140.0
445.54999999999995,0.0,80.52836492091049,140.0
445.59999999999997,0.0,80.47623456790119,140.0
445.65,0.0,80.42412109374996,140.0
445.7,0.0,80.37202449845675,140.0
445.74999999999994,0.0,80.31994478202161,140.0
445.8,0.0,80.26788194444443,140.0
445.84999999999997,0.0,80.21583598572532,140.0
445.9,0.0,80.16380690586416,140.0
445.95,0.0,80.11179470486111,140.0
446.0,0.0,80.059799382716,140.0
446.04999999999995,0.0,80.007820939429,140.0
446.1,0.0,79.95585937499993,140.0
446.15,0.0,79.903914689429,140.0
446.2,0.0,79.85198688271599,140.0
446.25,0.0,79.80007595486107,140.0
446.3,0.0,79.74818190586416,140.0
446.34999999999997,0.0,79.6963047357253,140.0
446.4,0.0,79.64444444444446,140.0
446.45,0.0,79.59260103202158,140.0
446.49999999999994,0.0,79.5407744984568,140.0
446.55,0.0,79.48896484374997,140.0
446.59999999999997,0.0,79.43717206790123,140.0
446.65,0.0,79.38539617091047,140.0
446.7,0.0,79.33363715277778,140.0
446.75,0.0,79.28189501350305,140.0
446.79999999999995,0.0,79.23016975308646,140.0
446.84999999999997,0.0,79.17846137152776,140.0
446.9,0.0,79.12676986882717,140.0
446.95,0.0,79.07509524498454,140.0
446.99999999999994,0.0,79.02343749999999,140.0
447.05,0.0,78.97179663387341,140.0
447.09999999999997,0.0,78.92017264660493,140.0
447.15,0.0,78.8685655381944,140.0
447.2,0.0,78.81697530864197,140.0
447.25,0.0,78.76540195794752,140.0
447.29999999999995,0.0,78.71384548611113,140.0
447.35,0.0,78.66230589313268,140.0
447.4,0.0,78.61078317901234,140.0
447.44999999999993,0.0,78.55927734375003,140.0
447.5,0.0,78.50778838734566,140.0
447.54999999999995,0.0,78.45631630979939,140.0
447.59999999999997,0.0,78.40486111111106,140.0
447.65,0.0,78.35342279128085,140.0
447.7,0.0,78.30200135030861,140.0
447.74999999999994,0.0,78.25059678819444,140.0
447.8,0.0,78.19920910493826,140.0
447.84999999999997,0.0,78.14783830054014,140.0
447.9,0.0,78.09648437499997,140.0
447.95,0.0,78.0451473283179,140.0
448.0,0.0,77.9938271604938,140.0
448.04999999999995,0.0,77.94252387152775,140.0
448.1,0.0,77.89123746141969,140.0
448.15,0.0,77.83996793016972,140.0
448.2,0.0,77.78871527777775,140.0
448.25,0.0,77.73747950424381,140.0
448.3,0.0,77.68626060956787,140.0
448.34999999999997,0.0,77.63505859375,140.0
448.4,0.0,77.58387345679009,140.0
448.45,0.0,77.53270519868826,140.0
448.5,0.0,77.4815538194444,140.0
448.54999999999995,0.0,77.4304193190586,140.0
448.59999999999997,0.0,77.37930169753085,140.0
448.65,0.0,77.32820095486109,140.0
448.69999999999993,0.0,77.2771170910494,140.0
448.75,0.0,77.22605010609566,140.0
448.79999999999995,0.0,77.175,140.0
448.84999999999997,0.0,77.12396677276233,140.0
448.9,0.0,77.07295042438273,140.0
448.95,0.0,77.02195095486108,140.0
448.99999999999994,0.0,76.97096836419753,140.0
449.05,0.0,76.92000265239194,140.0
449.09999999999997,0.0,76.86905381944442,140.0
449.15,0.0,76.81812186535493,140.0
449.2,0.0,76.76720679012345,140.0
449.25,0.0,76.71630859374996,140.0
449.29999999999995,0.0,76.66542727623458,140.0
449.35,0.0,76.61456283757713,140.0
449.4,0.0,76.56371527777777,140.0
449.45,0.0,76.51288459683637,140.0
449.5,0.0,76.46207079475306,140.0
449.55,0.0,76.41127387152773,140.0
449.59999999999997,0.0,76.36049382716047,140.0
449.65000000000003,0.0,76.30973066165119,140.0
449.7,0.0,76.25898437499998,140.0
449.74999999999994,0.0,76.20825496720678,140.0
449.79999999999995,0.0,76.1575424382716,140.0
449.84999999999997,0.0,76.10684678819446,140.0
449.9,0.0,76.05616801697529,140.0
449.94999999999993,0.0,76.0055061246142,140.0
450.0,0.0,75.95486111111109,140.0
450.04999999999995,0.0,75.90423297646603,140.0
450.09999999999997,0.0,75.85362172067896,140.0
450.15,0.0,75.80302734374997,140.0
450.2,0.0,75.75244984567897,140.0
450.24999999999994,0.0,75.70188922646604,140.0
450.3,0.0,75.6513454861111,140.0
450.34999999999997,0.0,75.6008186246142,140.0
450.4,0.0,75.55030864197528,140.0
450.45,0.0,75.49981553819444,140.0
450.5,0.0,75.44933931327157,140.0
450.54999999999995,0.0,75.39887996720677,140.0
450.6,0.0,75.34843749999995,140.0
450.65,0.0,75.2980119116512,140.0
450.7,0.0,75.24760320216045,140.0
450.75,0.0,75.19721137152776,140.0
450.79999999999995,0.0,75.14683641975309,140.0
450.84999999999997,0.0,75.09647834683642,140.0
450.9,0.0,75.0461371527778,140.0
450.95,0.0,74.99581283757715,140.0
450.99999999999994,0.0,74.94550540123457,140.0
451.05,0.0,74.89521484374997,140.0
451.09999999999997,0.0,74.84494116512344,140.0
451.15,0.0,74.79468436535493,140.0
451.2,0.0,74.74444444444444,140.0
451.25,0.0,74.69422140239193,140.0
451.29999999999995,0.0,74.64401523919751,140.0
451.34999999999997,0.0,74.59382595486109,140.0
451.4,0.0,74.54365354938271,140.0
451.45,0.0,74.49349802276231,140.0
451.49999999999994,0.0,74.44335937499999,140.0
451.55,0.0,74.39323760609564,140.0
451.59999999999997,0.0,74.34313271604935,140.0
451.65,0.0,74.29304470486106,140.0
451.7,0.0,74.24297357253086,140.0
451.75,0.0,74.19291931905859,140.0
451.79999999999995,0.0,74.14288194444444,140.0
451.85,0.0,74.09286144868824,140.0
451.9,0.0,74.04285783179012,140.0
451.94999999999993,0.0,73.99287109375001,140.0
452.0,0.0,73.94290123456787,140.0
452.04999999999995,0.0,73.89294825424382,140.0
452.09999999999997,0.0,73.84301215277775,140.0
452.15,0.0,73.79309293016973,140.0
452.2,0.0,73.74319058641973,140.0
452.24999999999994,0.0,73.69330512152777,140.0
452.3,0.0,73.6434365354938,140.0
452.34999999999997,0.0,73.59358482831792,140.0
452.4,0.0,73.54374999999997,140.0
452.45,0.0,73.49393205054012,140.0
452.5,0.0,73.44413097993824,140.0
452.54999999999995,0.0,73.39434678819443,140.0
452.6,0.0,73.34457947530859,140.0
452.65,0.0,73.29482904128083,140.0
452.7,0.0,73.24509548611108,140.0
452.75,0.0,73.19537880979937,140.0
452.8,0.0,73.14567901234565,140.0
452.84999999999997,0.0,73.09599609375,140.0
452.9,0.0,73.04633005401232,140.0
452.95,0.0,72.99668089313269,140.0
453.0,0.0,72.94704861111104,140.0
453.04999999999995,0.0,72.89743320794751,140.0
453.09999999999997,0.0,72.84783468364198,140.0
453.15,0.0,72.7982530381944,140.0
453.19999999999993,0.0,72.74868827160496,140.0
453.25,0.0,72.69914038387344,140.0
453.29999999999995,0.0,72.649609375,140.0
453.34999999999997,0.0,72.60009524498454,140.0
453.4,0.0,72.55059799382718,140.0
453.45,0.0,72.50111762152775,140.0
453.49999999999994,0.0,72.45165412808642,140.0
453.55,0.0,72.40220751350304,140.0
453.59999999999997,0.0,72.35277777777776,140.0
453.65,0.0,72.30336492091047,140.0
453.7,0.0,72.25396894290124,140.0
453.75,0.0,72.20458984374996,140.0
453.79999999999995,0.0,72.15522762345677,140.0
453.85,0.0,72.10588228202158,140.0
453.9,0.0,72.05655381944445,140.0
453.95,0.0,72.00724223572526,140.0
454.0,0.0,71.95794753086417,140.0
454.05,0.0,71.90866970486105,140.0
454.09999999999997,0.0,71.85940875771603,140.0
454.15,0.0,71.810164689429,140.0
454.2,0.0,71.76093749999998,140.0
454.24999999999994,0.0,71.71172718942901,140.0
454.3,0.0,71.66253375771605,140.0
454.34999999999997,0.0,71.61335720486113,140.0
454.4,0.0,71.56419753086418,140.0
454.45,0.0,71.51505473572531,140.0
454.5,0.0,71.4659288194444,140.0
454.54999999999995,0.0,71.4168197820216,140.0
454.59999999999997,0.0,71.36772762345673,140.0
454.65,0.0,71.31865234374997,140.0
454.7,0.0,71.2695939429012,140.0
454.74999999999994,0.0,71.2205524209105,140.0
454.8,0.0,71.17152777777777,140.0
454.84999999999997,0.0,71.12252001350309,140.0
454.9,0.0,71.07352912808638,140.0
454.95,0.0,71.02455512152778,140.0
455.0,0.0,70.97559799382711,140.0
455.04999999999995,0.0,70.92665774498455,140.0
455.1,0.0,70.87773437499993,140.0
455.15,0.0,70.82882788387342,140.0
455.2,0.0,70.77993827160489,140.0
455.25,0.0,70.73106553819441,140.0
455.29999999999995,0.0,70.68220968364199,140.0
455.34999999999997,0.0,70.63337070794752,140.0
455.4,0.0,70.58454861111113,140.0
455.45,0.0,70.5357433931327,140.0
455.49999999999994,0.0,70.48695505401234,140.0
455.55,0.0,70.43818359374997,140.0
455.59999999999997,0.0,70.38942901234567,140.0
455.65,0.0,70.34069130979934,140.0
455.7,0.0,70.29197048611111,140.0
455.75,0.0,70.24326654128083,140.0
455.79999999999995,0.0,70.19457947530863,140.0
455.85,0.0,70.14590928819443,140.0
455.9,0.0,70.09725597993828,140.0
455.95,0.0,70.04861955054008,140.0
455.99999999999994,0.0,69.99999999999999,140.0
456.05,0.0,69.95139732831784,140.0
456.09999999999997,0.0,69.90281153549381,140.0
456.15,0.0,69.85424262152773,140.0
456.2,0.0,69.80569058641973,140.0
456.25,0.0,69.7571554301697,140.0
456.29999999999995,0.0,69.70863715277775,140.0
456.34999999999997,0.0,69.66013575424383,140.0
456.4,0.0,69.61165123456789,140.0
456.44999999999993,0.0,69.56318359375001,140.0
456.5,0.0,69.5147328317901,140.0
456.54999999999995,0.0,69.46629894868828,140.0
456.59999999999997,0.0,69.41788194444439,140.0
456.65,0.0,69.36948181905866,140.0
456.7,0.0,69.32109857253084,140.0
456.74999999999994,0.0,69.27273220486111,140.0
456.8,0.0,69.22438271604933,140.0
456.84999999999997,0.0,69.17605010609566,140.0
456.9,0.0,69.12773437499997,140.0
456.95,0.0,69.07943552276235,140.0
457.0,0.0,69.03115354938268,140.0
457.04999999999995,0.0,68.9828884548611,140.0
457.1,0.0,68.9346402391975,140.0
457.15,0.0,68.88640890239198,140.0
457.2,0.0,68.83819444444441,140.0
457.25,0.0,68.78999686535492,140.0
457.3,0.0,68.7418161651234,140.0
457.34999999999997,0.0,68.69365234374997,140.0
457.4,0.0,68.64550540123453,140.0
457.45,0.0,68.59737533757715,140.0
457.49999999999994,0.0,68.54926215277779,140.0
457.54999999999995,0.0,68.50116584683639,140.0
457.59999999999997,0.0,68.45308641975309,140.0
457.65,0.0,68.40502387152777,140.0
457.69999999999993,0.0,68.3569782021605,140.0
457.75,0.0,68.3089494116512,140.0
457.79999999999995,0.0,68.26093749999998,140.0
457.84999999999997,0.0,68.21294246720674,140.0
457.9,0.0,68.16496431327161,140.0
457.95,0.0,68.11700303819443,140.0
457.99999999999994,0.0,68.06905864197532,140.0
458.05,0.0,68.02113112461416,140.0
458.09999999999997,0.0,67.97322048611109,140.0
458.15,0.0,67.92532672646603,140.0
458.2,0.0,67.87744984567901,140.0
458.25,0.0,67.82958984374996,140.0
458.29999999999995,0.0,67.781746720679,140.0
458.35,0.0,67.73392047646603,140.0
458.4,0.0,67.68611111111112,140.0
458.45,0.0,67.63831862461416,140.0
458.5,0.0,67.59054301697529,140.0
458.55,0.0,67.54278428819438,140.0
458.59999999999997,0.0,67.49504243827157,140.0
458.65,0.0,67.44731746720679,140.0
458.7,0.0,67.39960937499998,140.0
458.74999999999994,0.0,67.35191816165124,140.0
458.8,0.0,67.30424382716046,140.0
458.84999999999997,0.0,67.25658637152777,140.0
458.9,0.0,67.20894579475306,140.0
458.95,0.0,67.16132209683643,140.0
459.0,0.0,67.11371527777774,140.0
459.04999999999995,0.0,67.06612533757716,140.0
459.09999999999997,0.0,67.01855227623452,140.0
459.15,0.0,66.97099609375,140.0
459.2,0.0,66.92345679012342,140.0
459.24999999999994,0.0,66.87593436535494,140.0
459.3,0.0,66.82842881944441,140.0
459.34999999999997,0.0,66.78094015239196,140.0
459.4,0.0,66.73346836419749,140.0
459.45,0.0,66.68601345486111,140.0
459.5,0.0,66.63857542438268,140.0
459.54999999999995,0.0,66.59115427276232,140.0
459.6,0.0,66.54374999999996,140.0
459.65,0.0,66.49636260609567,140.0
459.69999999999993,0.0,66.4489920910494,140.0
459.75,0.0,66.40163845486109,140.0
459.79999999999995,0.0,66.35430169753086,140.0
459.84999999999997,0.0,66.3069818190586,140.0
459.9,0.0,66.25967881944443,140.0
459.95,0.0,66.21239269868825,140.0
459.99999999999994,0.0,66.16512345679013,140.0
460.05,0.0,66.11787109374997,140.0
460.09999999999997,0.0,66.07063560956789,140.0
460.15,0.0,66.02341700424381,140.0
460.2,0.0,65.97621527777778,140.0
460.25,0.0,65.92903043016972,140.0
460.29999999999995,0.0,65.88186246141974,140.0
460.35,0.0,65.83471137152773,140.0
460.4,0.0,65.78757716049383,140.0
460.45,0.0,65.74045982831787,140.0
460.5,0.0,65.69335937499999,140.0
460.55,0.0,65.64627580054008,140.0
460.59999999999997,0.0,65.59920910493824,140.0
460.65,0.0,65.55215928819442,140.0
460.7,0.0,65.50512635030863,140.0
460.75,0.0,65.45811029128082,140.0
460.79999999999995,0.0,65.41111111111108,140.0
460.84999999999997,0.0,65.36412880979938,140.0
460.9,0.0,65.31716338734566,140.0
460.94999999999993,0.0,65.27021484375001,140.0
461.0,0.0,65.22328317901231,140.0
461.04999999999995,0.0,65.17636839313272,140.0
461.09999999999997,0.0,65.12947048611107,140.0
461.15,0.0,65.08258945794752,140.0
461.2,0.0,65.03572530864196,140.0
461.24999999999994,0.0,64.98887803819444,140.0
461.3,0.0,64.9420476466049,140.0
461.34999999999997,0.0,64.89523413387343,140.0
461.4,0.0,64.84843749999997,140.0
461.45,0.0,64.80165774498457,140.0
461.5,0.0,64.75489486882712,140.0
461.54999999999995,0.0,64.70814887152777,140.0
461.6,0.0,64.66141975308638,140.0
461.65,0.0,64.61470751350309,140.0
461.7,0.0,64.56801215277774,140.0
461.75,0.0,64.52133367091048,140.0
461.8,0.0,64.47467206790118,140.0
461.84999999999997,0.0,64.42802734374997,140.0
461.90000000000003,0.0,64.38139949845676,140.0
461.95,0.0,64.33478853202159,140.0
461.99999999999994,0.0,64.28819444444446,140.0
462.04999999999995,0.0,64.24161723572529,140.0
462.09999999999997,0.0,64.19505690586419,140.0
462.15,0.0,64.14851345486109,140.0
462.19999999999993,0.0,64.10198688271606,140.0
462.25,0.0,64.05547718942898,140.0
462.29999999999995,0.0,64.008984375,140.0
462.34999999999997,0.0,63.96250843942898,140.0
462.4,0.0,63.916049382716025,140.0
462.45,0.0,63.86960720486109,140.0
462.49999999999994,0.0,63.823181905864196,140.0
462.55,0.0,63.776773485725265,140.0
462.59999999999997,0.0,63.73038194444443,140.0
462.65,0.0,63.684007282021575,140.0
462.7,0.0,63.63764949845679,140.0
462.75,0.0,63.591308593749964,140.0
462.79999999999995,0.0,63.54498456790121,140.0
462.85,0.0,63.49867742091043,140.0
462.9,0.0,63.45238715277778,140.0
462.95,0.0,63.40611376350305,140.0
463.0,0.0,63.3598572530864,140.0
463.04999999999995,0.0,63.31361762152778,140.0
463.09999999999997,0.0,63.26739486882713,140.0
463.15,0.0,63.22118899498456,140.0
463.2,0.0,63.17499999999999,140.0
463.24999999999994,0.0,63.128827883873456,140.0
463.3,0.0,63.082672646604905,140.0
463.34999999999997,0.0,63.036534288194446,140.0
463.4,0.0,62.99041280864197,140.0
463.45,0.0,62.944308207947536,140.0
463.5,0.0,62.898220486111086,140.0
463.54999999999995,0.0,62.85214964313271,140.0
463.59999999999997,0.0,62.80609567901231,140.0
463.65,0.0,62.76005859374998,140.0
463.7,0.0,62.714038387345646,140.0
463.74999999999994,0.0,62.66803505979938,140.0
463.8,0.0,62.62204861111107,140.0
463.84999999999997,0.0,62.57607904128085,140.0
463.9,0.0,62.530126350308606,140.0
463.95,0.0,62.48419053819443,140.0
464.0,0.0,62.43827160493823,140.0
464.04999999999995,0.0,62.3923695505401,140.0
464.1,0.0,62.346484374999946,140.0
464.15,0.0,62.30061607831789,140.0
464.19999999999993,0.0,62.25476466049384,140.0
464.25,0.0,62.20893012152776,140.0
464.29999999999995,0.0,62.16311246141976,140.0
464.34999999999997,0.0,62.11731168016972,140.0
464.4,0.0,62.07152777777776,140.0
464.45,0.0,62.02576075424381,140.0
464.49999999999994,0.0,61.9800106095679,140.0
464.55,0.0,61.93427734374997,140.0
464.59999999999997,0.0,61.88856095679011,140.0
464.65,0.0,61.842861448688254,140.0
464.7,0.0,61.79717881944445,140.0
464.75,0.0,61.75151306905861,140.0
464.79999999999995,0.0,61.70586419753086,140.0
464.85,0.0,61.66023220486106,140.0
464.9,0.0,61.614617091049354,140.0
464.95,0.0,61.569018856095646,140.0
465.0,0.0,61.523437499999986,140.0
465.05,0.0,61.4778730227623,140.0
465.09999999999997,0.0,61.43232542438268,140.0
465.15,0.0,61.38679470486109,140.0
465.2,0.0,61.341280864197515,140.0
465.25,0.0,61.295783902391925,140.0
465.29999999999995,0.0,61.25030381944443,140.0
465.34999999999997,0.0,61.20484061535494,140.0
465.4,0.0,61.15939429012345,140.0
465.44999999999993,0.0,61.11396484375002,140.0
465.5,0.0,61.06855227623455,140.0
465.54999999999995,0.0,61.02315658757716,140.0
465.59999999999997,0.0,60.97777777777774,140.0
465.65,0.0,60.9324158468364,140.0
465.7,0.0,60.887070794753065,140.0
465.74999999999994,0.0,60.841742621527786,140.0
465.8,0.0,60.796431327160455,140.0
465.84999999999997,0.0,60.75113691165122,140.0
465.9,0.0,60.70585937499998,140.0
465.95,0.0,60.660598717206796,140.0
466.0,0.0,60.61535493827157,140.0
466.04999999999995,0.0,60.57012803819443,140.0
466.1,0.0,60.524918016975256,140.0
466.15,0.0,60.47972487461418,140.0
466.2,0.0,60.43454861111108,140.0
466.25,0.0,60.38938922646604,140.0
466.3,0.0,60.34424672067896,140.0
466.34999999999997,0.0,60.29912109374997,140.0
466.4,0.0,60.254012345679016,140.0
466.45,0.0,60.208920476466034,140.0
466.49999999999994,0.0,60.16384548611112,140.0
466.55,0.0,60.11878737461418,140.0
466.59999999999997,0.0,60.07374614197531,140.0
466.65,0.0,60.028721788194424,140.0
466.69999999999993,0.0,59.98371431327162,140.0
466.75,0.0,59.93872371720677,140.0
466.79999999999995,0.0,59.89375,140.0
466.84999999999997,0.0,59.848793161651194,140.0
466.9,0.0,59.80385320216048,140.0
466.95,0.0,59.75893012152775,140.0
466.99999999999994,0.0,59.71402391975309,140.0
467.05,0.0,59.66913459683637,140.0
467.09999999999997,0.0,59.62426215277775,140.0
467.15,0.0,59.57940658757714,140.0
467.2,0.0,59.534567901234574,140.0
467.25,0.0,59.489746093749964,140.0
467.29999999999995,0.0,59.44494116512344,140.0
467.35,0.0,59.40015311535488,140.0
467.4,0.0,59.35538194444442,140.0
467.45,0.0,59.31062765239194,140.0
467.5,0.0,59.26589023919751,140.0
467.54999999999995,0.0,59.221169704861126,140.0
467.59999999999997,0.0,59.17646604938269,140.0
467.65,0.0,59.13177927276233,140.0
467.7,0.0,59.08710937499998,140.0
467.74999999999994,0.0,59.042456356095684,140.0
467.8,0.0,58.99782021604934,140.0
467.84999999999997,0.0,58.95320095486111,140.0
467.9,0.0,58.90859857253085,140.0
467.95,0.0,58.86401306905865,140.0
468.0,0.0,58.819444444444414,140.0
468.04999999999995,0.0,58.77489269868826,140.0
468.09999999999997,0.0,58.73035783179008,140.0
468.15,0.0,58.685839843749974,140.0
468.2,0.0,58.64133873456787,140.0
468.24999999999994,0.0,58.59685450424382,140.0
468.3,0.0,58.55238715277774,140.0
468.34999999999997,0.0,58.507936680169735,140.0
468.4,0.0,58.463503086419735,140.0
468.45,0.0,58.419086371527776,140.0
468.5,0.0,58.37468653549379,140.0
468.54999999999995,0.0,58.33030357831788,140.0
468.59999999999997,0.0,58.2859375,140.0
468.65,0.0,58.24158830054009,140.0
468.69999999999993,0.0,58.197255979938284,140.0
468.75,0.0,58.15294053819443,140.0
468.79999999999995,0.0,58.10864197530864,140.0
468.84999999999997,0.0,58.064360291280835,140.0
468.9,0.0,58.0200954861111,140.0
468.95,0.0,57.97584755979936,140.0
468.99999999999994,0.0,57.93161651234568,140.0
469.05,0.0,57.88740234374997,140.0
469.09999999999997,0.0,57.84320505401233,140.0
469.15,0.0,57.799024643132704,140.0
469.2,0.0,57.75486111111111,140.0
469.25,0.0,57.710714457947496,140.0
469.29999999999995,0.0,57.666584683641965,140.0
469.35,0.0,57.622471788194396,140.0
469.4,0.0,57.57837577160492,140.0
469.45,0.0,57.53429663387343,140.0
469.5,0.0,57.49023437499999,140.0
469.55,0.0,57.446188994984524,140.0
469.59999999999997,0.0,57.40216049382714,140.0
469.65,0.0,57.358148871527746,140.0
469.7,0.0,57.314154128086415,140.0
469.74999999999994,0.0,57.270176263503096,140.0
469.79999999999995,0.0,57.22621527777776,140.0
469.84999999999997,0.0,57.18227117091049,140.0
469.9,0.0,57.1383439429012,140.0
469.94999999999993,0.0,57.09443359375002,140.0
470.0,0.0,57.05054012345676,140.0
470.04999999999995,0.0,57.006663532021605,140.0
470.09999999999997,0.0,56.96280381944441,140.0
470.15,0.0,56.91896098572529,140.0
470.2,0.0,56.87513503086418,140.0
470.24999999999994,0.0,56.831325954861114,140.0
470.3,0.0,56.78753375771601,140.0
470.34999999999997,0.0,56.743758439428994,140.0
470.4,0.0,56.699999999999974,140.0
470.45,0.0,56.65625843942902,140.0
470.5,0.0,56.612533757716015,140.0
470.54999999999995,0.0,56.5688259548611,140.0
470.6,0.0,56.52513503086415,140.0
470.65,0.0,56.48146098572528,140.0
470.7,0.0,56.43780381944441,140.0
470.75,0.0,56.394163532021594,140.0
470.8,0.0,56.35054012345674,140.0
470.84999999999997,0.0,56.30693359374997,140.0
470.9,0.0,56.26334394290123,140.0
470.95,0.0,56.219771170910484,140.0
470.99999999999994,0.0,56.176215277777786,140.0
471.05,0.0,56.13267626350306,140.0
471.09999999999997,0.0,56.08915412808642,140.0
471.15,0.0,56.04564887152774,140.0
471.2,0.0,56.00216049382717,140.0
471.25,0.0,55.95868899498454,140.0
471.29999999999995,0.0,55.91523437499999,140.0
471.34999999999997,0.0,55.871796633873416,140.0
471.4,0.0,55.82837577160492,140.0
471.45,0.0,55.784971788194426,140.0
471.49999999999994,0.0,55.741584683641975,140.0
471.55,0.0,55.69821445794749,140.0
471.59999999999997,0.0,55.6548611111111,140.0
471.65,0.0,55.6115246431327,140.0
471.7,0.0,55.568205054012346,140.0
471.75,0.0,55.52490234374996,140.0
471.79999999999995,0.0,55.48161651234567,140.0
471.85,0.0,55.438347559799325,140.0
471.9,0.0,55.39509548611109,140.0
471.94999999999993,0.0,55.35186029128086,140.0
472.0,0.0,55.30864197530863,140.0
472.04999999999995,0.0,55.265440538194454,140.0
472.09999999999997,0.0,55.22225597993824,140.0
472.15,0.0,55.179088300540116,140.0
472.2,0.0,55.13593749999999,140.0
472.24999999999994,0.0,55.092803578317906,140.0
472.3,0.0,55.049686535493805,140.0
472.34999999999997,0.0,55.006586371527774,140.0
472.4,0.0,54.96350308641971,140.0
472.45,0.0,54.92043668016976,140.0
472.5,0.0,54.87738715277775,140.0
472.54999999999995,0.0,54.83435450424382,140.0
472.6,0.0,54.79133873456786,140.0
472.65,0.0,54.74833984374998,140.0
472.7,0.0,54.705357831790096,140.0
472.74999999999994,0.0,54.66239269868827,140.0
472.8,0.0,54.619444444444404,140.0
472.84999999999997,0.0,54.57651306905862,140.0
472.9,0.0,54.533598572530835,140.0
472.95,0.0,54.49070095486111,140.0
473.0,0.0,54.447820216049344,140.0
473.04999999999995,0.0,54.40495635609566,140.0
473.09999999999997,0.0,54.362109374999996,140.0
473.15,0.0,54.319279272762316,140.0
473.19999999999993,0.0,54.276466049382705,140.0
473.25,0.0,54.23366970486109,140.0
473.29999999999995,0.0,54.190890239197536,140.0
473.34999999999997,0.0,54.14812765239195,140.0
473.4,0.0,54.10538194444443,140.0
473.45,0.0,54.06265311535492,140.0
473.49999999999994,0.0,54.01994116512346,140.0
473.55,0.0,53.97724609374997,140.0
473.59999999999997,0.0,53.934567901234566,140.0
473.65,0.0,53.89190658757711,140.0
473.7,0.0,53.84926215277778,140.0
473.75,0.0,53.80663459683639,140.0
473.79999999999995,0.0,53.76402391975308,140.0
473.85,0.0,53.72143012152774,140.0
473.9,0.0,53.67885320216047,140.0
473.95,0.0,53.6362931616512,140.0
474.0,0.0,53.593749999999986,140.0
474.05,0.0,53.551223717206746,140.0
474.09999999999997,0.0,53.50871431327159,140.0
474.15,0.0,53.46622178819442,140.0
474.2,0.0,53.4237461419753,140.0
474.24999999999994,0.0,53.38128737461421,140.0
474.29999999999995,0.0,53.33884548611109,140.0
474.34999999999997,0.0,53.296420476466054,140.0
474.4,0.0,53.25401234567898,140.0
474.44999999999993,0.0,53.21162109374999,140.0
474.5,0.0,53.16924672067899,140.0
474.54999999999995,0.0,53.12688922646605,140.0
474.59999999999997,0.0,53.084548611111074,140.0
474.65,0.0,53.042224874614185,140.0
474.7,0.0,52.99991801697529,140.0
474.74999999999994,0.0,52.95762803819445,140.0
474.8,0.0,52.91535493827157,140.0
474.84999999999997,0.0,52.87309871720678,140.0
474.9,0.0,52.83085937499995,140.0
474.95,0.0,52.78863691165124,140.0
475.0,0.0,52.746431327160465,140.0
475.04999999999995,0.0,52.70424262152777,140.0
475.1,0.0,52.66207079475304,140.0
475.15,0.0,52.6199158468364,140.0
475.2,0.0,52.57777777777774,140.0
475.25,0.0,52.53565658757715,140.0
475.29999999999995,0.0,52.493552276234574,140.0
475.34999999999997,0.0,52.451464843749974,140.0
475.4,0.0,52.40939429012345,140.0
475.45,0.0,52.36734061535493,140.0
475.49999999999994,0.0,52.32530381944445,140.0
475.55,0.0,52.28328390239195,140.0
475.59999999999997,0.0,52.24128086419753,140.0
475.65,0.0,52.199294704861074,140.0
475.7,0.0,52.15732542438269,140.0
475.75,0.0,52.11537302276232,140.0
475.79999999999995,0.0,52.0734375,140.0
475.84999999999997,0.0,52.031518856095644,140.0
475.9,0.0,51.98961709104937,140.0
475.95,0.0,51.94773220486109,140.0
475.99999999999994,0.0,51.90586419753086,140.0
476.05,0.0,51.86401306905861,140.0
476.09999999999997,0.0,51.822178819444424,140.0
476.15,0.0,51.78036144868825,140.0
476.2,0.0,51.738560956790124,140.0
476.25,0.0,51.69677734374997,140.0
476.29999999999995,0.0,51.65501060956788,140.0
476.35,0.0,51.613260754243775,140.0
476.4,0.0,51.571527777777746,140.0
476.44999999999993,0.0,51.52981168016974,140.0
476.5,0.0,51.48811246141974,140.0
476.54999999999995,0.0,51.44643012152779,140.0
476.59999999999997,0.0,51.4047646604938,140.0
476.65,0.0,51.363116078317894,140.0
476.7,0.0,51.32148437499998,140.0
476.74999999999994,0.0,51.279869550540134,140.0
476.8,0.0,51.23827160493824,140.0
476.84999999999997,0.0,51.19669053819444,140.0
476.9,0.0,51.1551263503086,140.0
476.95,0.0,51.11357904128085,140.0
477.0,0.0,51.072048611111086,140.0
477.04999999999995,0.0,51.03053505979938,140.0
477.1,0.0,50.98903838734564,140.0
477.15,0.0,50.94755859374998,140.0
477.2,0.0,50.90609567901232,140.0
477.25,0.0,50.864649643132715,140.0
477.3,0.0,50.82322048611107,140.0
477.34999999999997,0.0,50.78180820794751,140.0
477.4,0.0,50.740412808641956,140.0
477.45,0.0,50.69903428819444,140.0
477.49999999999994,0.0,50.65767264660496,140.0
477.54999999999995,0.0,50.61632788387344,140.0
477.59999999999997,0.0,50.575,140.0
477.65,0.0,50.53368899498454,140.0
477.69999999999993,0.0,50.49239486882715,140.0
477.75,0.0,50.45111762152776,140.0
477.79999999999995,0.0,50.40985725308642,140.0
477.84999999999997,0.0,50.368613763503056,140.0
477.9,0.0,50.327387152777774,140.0
477.95,0.0,50.28617742091048,140.0
477.99999999999994,0.0,50.244984567901234,140.0
478.05,0.0,50.203808593749976,140.0
478.09999999999997,0.0,50.16264949845679,140.0
478.15,0.0,50.12150728202156,140.0
478.2,0.0,50.08038194444442,140.0
478.25,0.0,50.03927348572528,140.0
478.29999999999995,0.0,49.99818190586419,140.0
478.35,0.0,49.95710720486107,140.0
478.4,0.0,49.916049382716025,140.0
478.45,0.0,49.87500843942898,140.0
478.5,0.0,49.833984374999986,140.0
478.55,0.0,49.79297718942897,140.0
478.59999999999997,0.0,49.751986882716025,140.0
478.65,0.0,49.71101345486111,140.0
478.7,0.0,49.670056905864186,140.0
478.74999999999994,0.0,49.62911723572532,140.0
478.8,0.0,49.588194444444426,140.0
478.84999999999997,0.0,49.54728853202161,140.0
478.9,0.0,49.50639949845676,140.0
478.94999999999993,0.0,49.46552734374998,140.0
479.0,0.0,49.42467206790121,140.0
479.04999999999995,0.0,49.38383367091049,140.0
479.09999999999997,0.0,49.343012152777746,140.0
479.15,0.0,49.30220751350307,140.0
479.2,0.0,49.26141975308641,140.0
479.24999999999994,0.0,49.220648871527786,140.0
479.3,0.0,49.17989486882713,140.0
479.34999999999997,0.0,49.13915774498456,140.0
479.4,0.0,49.09843749999996,140.0
479.45,0.0,49.05773413387346,140.0
479.5,0.0,49.01704764660491,140.0
479.54999999999995,0.0,48.97637803819444,140.0
479.6,0.0,48.935725308641935,140.0
479.65,0.0,48.8950894579475,140.0
479.7,0.0,48.85447048611108,140.0
479.75,0.0,48.81386839313271,140.0
479.79999999999995,0.0,48.77328317901235,140.0
479.84999999999997,0.0,48.732714843749974,140.0
479.9,0.0,48.69216338734568,140.0
479.95,0.0,48.65162880979938,140.0
479.99999999999994,0.0,48.61111111111112,140.0
480.05,0.0,48.57061029128084,140.0
480.09999999999997,0.0,48.53012635030864,140.0
480.15,0.0,48.48965928819441,140.0
480.2,0.0,48.449209104938255,140.0
480.25,0.0,48.408775800540106,140.0
480.29999999999995,0.0,48.368359375,140.0
480.34999999999997,0.0,48.327959828317866,140.0
480.4,0.0,48.28757716049381,140.0
480.45,0.0,48.247211371527754,140.0
480.49999999999994,0.0,48.20686246141975,140.0
480.55,0.0,48.16653043016972,140.0
480.59999999999997,0.0,48.12621527777777,140.0
480.65,0.0,48.085917004243775,140.0
480.7,0.0,48.045635609567896,140.0
480.75,0.0,48.005371093749964,140.0
480.79999999999995,0.0,47.96512345679011,140.0
480.84999999999997,0.0,47.92489269868828,140.0
480.9,0.0,47.884678819444424,140.0
480.94999999999993,0.0,47.844481819058636,140.0
481.0,0.0,47.80430169753085,140.0
481.04999999999995,0.0,47.76413845486112,140.0
481.09999999999997,0.0,47.723992091049354,140.0
481.15,0.0,47.68386260609567,140.0
481.2,0.0,47.64374999999999,140.0
481.24999999999994,0.0,47.603654272762356,140.0
481.3,0.0,47.5635754243827,140.0
481.34999999999997,0.0,47.5235134548611,140.0
481.4,0.0,47.48346836419749,140.0
481.45,0.0,47.44344015239196,140.0
481.5,0.0,47.40342881944442,140.0
481.54999999999995,0.0,47.36343436535493,140.0
481.6,0.0,47.32345679012342,140.0
481.65,0.0,47.28349609374998,140.0
481.7,0.0,47.243552276234546,140.0
481.75,0.0,47.20362533757715,140.0
481.8,0.0,47.16371527777774,140.0
481.84999999999997,0.0,47.123822096836406,140.0
481.9,0.0,47.083945794753035,140.0
481.95,0.0,47.04408637152777,140.0
481.99999999999994,0.0,47.00424382716051,140.0
482.04999999999995,0.0,46.96441816165122,140.0
482.09999999999997,0.0,46.924609375,140.0
482.15,0.0,46.884817467206766,140.0
482.19999999999993,0.0,46.84504243827159,140.0
482.25,0.0,46.80528428819443,140.0
482.29999999999995,0.0,46.765543016975315,140.0
482.34999999999997,0.0,46.72581862461417,140.0
482.4,0.0,46.6861111111111,140.0
482.45,0.0,46.64642047646604,140.0
482.49999999999994,0.0,46.60674672067902,140.0
482.55,0.0,46.567089843749976,140.0
482.59999999999997,0.0,46.52744984567901,140.0
482.65,0.0,46.48782672646601,140.0
482.7,0.0,46.44822048611108,140.0
482.75,0.0,46.408631124614175,140.0
482.79999999999995,0.0,46.3690586419753,140.0
482.85,0.0,46.32950303819441,140.0
482.9,0.0,46.28996431327158,140.0
482.95,0.0,46.25044246720677,140.0
483.0,0.0,46.21093749999999,140.0
483.05,0.0,46.171449411651196,140.0
483.09999999999997,0.0,46.131978202160475,140.0
483.15,0.0,46.092523871527774,140.0
483.2,0.0,46.05308641975308,140.0
483.24999999999994,0.0,46.01366584683643,140.0
483.3,0.0,45.97426215277776,140.0
483.34999999999997,0.0,45.93487533757716,140.0
483.4,0.0,45.89550540123454,140.0
483.45,0.0,45.85615234374999,140.0
483.5,0.0,45.81681616512344,140.0
483.54999999999995,0.0,45.77749686535495,140.0
483.59999999999997,0.0,45.73819444444442,140.0
483.65,0.0,45.69890890239196,140.0
483.7,0.0,45.65964023919751,140.0
483.74999999999994,0.0,45.62038845486111,140.0
483.8,0.0,45.581153549382684,140.0
483.84999999999997,0.0,45.54193552276234,140.0
483.9,0.0,45.50273437499996,140.0
483.95,0.0,45.46355010609566,140.0
484.0,0.0,45.42438271604936,140.0
484.04999999999995,0.0,45.3852322048611,140.0
484.1,0.0,45.34609857253083,140.0
484.15,0.0,45.30698181905862,140.0
484.19999999999993,0.0,45.26788194444444,140.0
484.25,0.0,45.228798948688265,140.0
484.29999999999995,0.0,45.18973283179013,140.0
484.34999999999997,0.0,45.150683593749974,140.0
484.4,0.0,45.1116512345679,140.0
484.45,0.0,45.07263575424381,140.0
484.49999999999994,0.0,45.033637152777786,140.0
484.55,0.0,44.994655430169736,140.0
484.59999999999997,0.0,44.95569058641975,140.0
484.65,0.0,44.91674262152774,140.0
484.7,0.0,44.87781153549382,140.0
484.75,0.0,44.83889732831788,140.0
484.79999999999995,0.0,44.8,140.0
484.85,0.0,44.76111955054009,140.0
484.9,0.0,44.722255979938254,140.0
484.95,0.0,44.683409288194426,140.0
484.99999999999994,0.0,44.64457947530864,140.0
485.05,0.0,44.60576654128083,140.0
485.09999999999997,0.0,44.566970486111096,140.0
485.15,0.0,44.52819130979934,140.0
485.2,0.0,44.48942901234565,140.0
485.25,0.0,44.45068359374997,140.0
485.29999999999995,0.0,44.41195505401233,140.0
485.34999999999997,0.0,44.37324339313272,140.0
485.4,0.0,44.33454861111108,140.0
485.44999999999993,0.0,44.29587070794752,140.0
485.5,0.0,44.25720968364196,140.0
485.54999999999995,0.0,44.218565538194454,140.0
485.59999999999997,0.0,44.17993827160491,140.0
485.65,0.0,44.141327883873444,140.0
485.7,0.0,44.10273437499999,140.0
485.74999999999994,0.0,44.06415774498458,140.0
485.8,0.0,44.02559799382714,140.0
485.84999999999997,0.0,43.98705512152777,140.0
485.9,0.0,43.948529128086385,140.0
485.95,0.0,43.910020013503065,140.0
486.0,0.0,43.87152777777775,140.0
486.04999999999995,0.0,43.833052420910484,140.0
486.1,0.0,43.794593942901194,140.0
486.15,0.0,43.75615234374998,140.0
486.2,0.0,43.71772762345677,140.0
486.25,0.0,43.679319782021594,140.0
486.3,0.0,43.64092881944441,140.0
486.34999999999997,0.0,43.60255473572529,140.0
486.4,0.0,43.564197530864156,140.0
486.45,0.0,43.525857204861076,140.0
486.49999999999994,0.0,43.487533757716065,140.0
486.54999999999995,0.0,43.449227189428996,140.0
486.59999999999997,0.0,43.41093750000001,140.0
486.65,0.0,43.37266468942898,140.0
486.69999999999993,0.0,43.33440875771604,140.0
486.75,0.0,43.29616970486109,140.0
486.79999999999995,0.0,43.2579475308642,140.0
486.84999999999997,0.0,43.21974223572528,140.0
486.9,0.0,43.18155381944444,140.0
486.95,0.0,43.143382282021584,140.0
486.99999999999994,0.0,43.10522762345679,140.0
487.05,0.0,43.06708984374998,140.0
487.09999999999997,0.0,43.02896894290122,140.0
487.15,0.0,42.990864920910454,140.0
487.2,0.0,42.952777777777754,140.0
487.25,0.0,42.91470751350306,140.0
487.29999999999995,0.0,42.876654128086415,140.0
487.35,0.0,42.83861762152774,140.0
487.4,0.0,42.80059799382714,140.0
487.45,0.0,42.762595244984546,140.0
487.5,0.0,42.72460937499999,140.0
487.54999999999995,0.0,42.68664038387347,140.0
487.59999999999997,0.0,42.64868827160492,140.0
487.65,0.0,42.610753038194446,140.0
487.7,0.0,42.57283468364194,140.0
487.74999999999994,0.0,42.534933207947546,140.0
487.8,0.0,42.49704861111109,140.0
487.84999999999997,0.0,42.45918089313272,140.0
487.9,0.0,42.421330054012316,140.0
487.95,0.0,42.38349609374999,140.0
488.0,0.0,42.34567901234566,140.0
488.04999999999995,0.0,42.307878809799384,140.0
488.09999999999997,0.0,42.27009548611108,140.0
488.15,0.0,42.23232904128085,140.0
488.2,0.0,42.19457947530862,140.0
488.24999999999994,0.0,42.15684678819445,140.0
488.3,0.0,42.11913097993825,140.0
488.35,0.0,42.081432050540066,140.0
488.3999999999999,0.0,42.04375000000001,140.0
488.45,0.0,42.00608482831788,140.0
488.5,0.0,41.9684365354938,140.0
488.55,0.0,41.930805121527726,140.0
488.59999999999997,0.0,41.89319058641976,140.0
488.65,0.0,41.85559293016973,140.0
488.7,0.0,41.818012152777754,140.0
488.74999999999994,0.0,41.780448254243844,140.0
488.79999999999995,0.0,41.74290123456791,140.0
488.84999999999997,0.0,41.70537109374998,140.0
488.90000000000003,0.0,41.66785783179007,140.0
488.94999999999993,0.0,41.630361448688284,140.0
488.99999999999994,0.0,41.59288194444445,140.0
489.05,0.0,41.55541931905862,140.0
489.1,0.0,41.51797357253081,140.0
489.1499999999999,0.0,41.48054470486113,140.0
489.2,0.0,41.44313271604937,140.0
489.25,0.0,41.405737606095656,140.0
489.3,0.0,41.36835937499995,140.0
489.34999999999997,0.0,41.330998022762365,140.0
489.4,0.0,41.2936535493827,140.0
489.45,0.0,41.2563259548611,140.0
489.5,0.0,41.21901523919748,140.0
489.54999999999995,0.0,41.18172140239199,140.0
489.59999999999997,0.0,41.14444444444443,140.0
489.65,0.0,41.1071843653549,140.0
489.70000000000005,0.0,41.0699411651234,140.0
489.74999999999994,0.0,41.03271484374999,140.0
489.79999999999995,0.0,40.99550540123456,140.0
489.85,0.0,40.95831283757712,140.0
489.8999999999999,0.0,40.921137152777796,140.0
489.94999999999993,0.0,40.883978346836415,140.0
490.0,0.0,40.846836419753075,140.0
490.05,0.0,40.80971137152774,140.0
490.0999999999999,0.0,40.77260320216052,140.0
490.15,0.0,40.73551191165123,140.0
490.2,0.0,40.69843749999996,140.0
490.25,0.0,40.66137996720675,140.0
490.29999999999995,0.0,40.624339313271626,140.0
490.34999999999997,0.0,40.58731553819444,140.0
490.4,0.0,40.55030864197528,140.0
490.45000000000005,0.0,40.51331862461415,140.0
490.49999999999994,0.0,40.476345486111114,140.0
490.54999999999995,0.0,40.43938922646604,140.0
490.6,0.0,40.40244984567898,140.0
490.65000000000003,0.0,40.365527343749946,140.0
490.69999999999993,0.0,40.32862172067902,140.0
490.75,0.0,40.291732976466044,140.0
490.8,0.0,40.25486111111108,140.0
490.85,0.0,40.21800612461414,140.0
490.9,0.0,40.181168016975306,140.0
490.95,0.0,40.14434678819442,140.0
491.0,0.0,40.10754243827158,140.0
491.04999999999995,0.0,40.070754967206824,140.0
491.09999999999997,0.0,40.033984374999996,140.0
491.15,0.0,39.99723066165121,140.0
491.2,0.0,39.960493827160455,140.0
491.24999999999994,0.0,39.92377387152779,140.0
491.29999999999995,0.0,39.887070794753086,140.0
491.34999999999997,0.0,39.85038459683639,140.0
491.40000000000003,0.0,39.81371527777772,140.0
491.44999999999993,0.0,39.77706283757717,140.0
491.49999999999994,0.0,39.74042727623457,140.0
491.55,0.0,39.703808593749976,140.0
491.6,0.0,39.66720679012341,140.0
491.6499999999999,0.0,39.63062186535495,140.0
491.7,0.0,39.594053819444426,140.0
491.75,0.0,39.55750265239195,140.0
491.8,0.0,39.52096836419747,140.0
491.84999999999997,0.0,39.48445095486112,140.0
491.9,0.0,39.4479504243827,140.0
491.95,0.0,39.41146677276232,140.0
491.99999999999994,0.0,39.375000000000014,140.0
492.04999999999995,0.0,39.33855010609569,140.0
492.09999999999997,0.0,39.30211709104937,140.0
492.15000000000003,0.0,39.26570095486106,140.0
492.19999999999993,0.0,39.22930169753088,140.0
492.24999999999994,0.0,39.19291931905863,140.0
492.3,0.0,39.15655381944442,140.0
492.35,0.0,39.120205198688225,140.0
492.3999999999999,0.0,39.083873456790144,140.0
492.45,0.0,39.04755859374999,140.0
492.5,0.0,39.011260609567884,140.0
492.55,0.0,38.974979504243784,140.0
492.59999999999997,0.0,38.93871527777779,140.0
492.65,0.0,38.90246793016974,140.0
492.7,0.0,38.86623746141971,140.0
492.75,0.0,38.830023871527736,140.0
492.79999999999995,0.0,38.79382716049385,140.0
492.84999999999997,0.0,38.75764732831789,140.0
492.9,0.0,38.72148437499996,140.0
492.95000000000005,0.0,38.68533830054008,140.0
492.99999999999994,0.0,38.64920910493827,140.0
493.04999999999995,0.0,38.61309678819444,140.0
493.1,0.0,38.5770013503086,140.0
493.1499999999999,0.0,38.54092279128089,140.0
493.19999999999993,0.0,38.50486111111111,140.0
493.25,0.0,38.46881630979937,140.0
493.3,0.0,38.432788387345646,140.0
493.3499999999999,0.0,38.39677734375003,140.0
493.4,0.0,38.360783179012344,140.0
493.45,0.0,38.324805893132684,140.0
493.5,0.0,38.28884548611107,140.0
493.54999999999995,0.0,38.25290195794756,140.0
493.59999999999997,0.0,38.21697530864197,140.0
493.65,0.0,38.18106553819441,140.0
493.70000000000005,0.0,38.1451726466049,140.0
493.74999999999994,0.0,38.10929663387346,140.0
493.79999999999995,0.0,38.0734375,140.0
493.85,0.0,38.03759524498454,140.0
493.90000000000003,0.0,38.0017698688271,140.0
493.94999999999993,0.0,37.96596137152778,140.0
494.0,0.0,37.93016975308642,140.0
494.05,0.0,37.89439501350306,140.0
494.1,0.0,37.85863715277772,140.0
494.15,0.0,37.822896170910504,140.0
494.2,0.0,37.78717206790121,140.0
494.25,0.0,37.75146484374997,140.0
494.2999999999999,0.0,37.71577449845681,140.0
494.34999999999997,0.0,37.68010103202161,140.0
494.4,0.0,37.644444444444424,140.0
494.45,0.0,37.60880473572528,140.0
494.49999999999994,0.0,37.57318190586421,140.0
494.54999999999995,0.0,37.53757595486112,140.0
494.59999999999997,0.0,37.501986882716025,140.0
494.65000000000003,0.0,37.466414689428966,140.0
494.69999999999993,0.0,37.43085937500002,140.0
494.74999999999994,0.0,37.395320939429,140.0
494.8,0.0,37.359799382716034,140.0
494.85,0.0,37.32429470486107,140.0
494.8999999999999,0.0,37.28880690586421,140.0
494.95,0.0,37.25333598572529,140.0
495.0,0.0,37.21788194444442,140.0
495.05,0.0,37.182444782021555,140.0
495.09999999999997,0.0,37.1470244984568,140.0
495.15,0.0,37.11162109374998,140.0
495.2,0.0,37.076234567901196,140.0
495.25000000000006,0.0,37.040864920910444,140.0
495.29999999999995,0.0,37.00551215277779,140.0
495.34999999999997,0.0,36.97017626350308,140.0
495.40000000000003,0.0,36.934857253086385,140.0
495.44999999999993,0.0,36.8995551215278,140.0
495.49999999999994,0.0,36.86426986882716,140.0
495.55,0.0,36.82900149498455,140.0
495.6,0.0,36.79374999999996,140.0
495.6499999999999,0.0,36.75851538387348,140.0
495.69999999999993,0.0,36.72329764660493,140.0
495.75,0.0,36.68809678819443,140.0
495.8,0.0,36.652912808641936,140.0
495.8499999999999,0.0,36.61774570794755,140.0
495.9,0.0,36.5825954861111,140.0
495.95,0.0,36.547462143132684,140.0
496.0,0.0,36.512345679012306,140.0
496.04999999999995,0.0,36.47724609375002,140.0
496.09999999999997,0.0,36.44216338734567,140.0
496.15,0.0,36.40709755979935,140.0
496.20000000000005,0.0,36.37204861111106,140.0
496.24999999999994,0.0,36.33701654128086,140.0
496.29999999999995,0.0,36.302001350308636,140.0
496.35,0.0,36.26700303819441,140.0
496.40000000000003,0.0,36.23202160493821,140.0
496.44999999999993,0.0,36.197057050540124,140.0
496.5,0.0,36.16210937499999,140.0
496.55,0.0,36.12717857831787,140.0
496.5999999999999,0.0,36.09226466049385,140.0
496.65,0.0,36.05736762152778,140.0
496.7,0.0,36.02248746141973,140.0
496.75,0.0,35.98762418016972,140.0
496.79999999999995,0.0,35.95277777777778,140.0
496.84999999999997,0.0,35.917948254243825,140.0
496.9,0.0,35.88313560956787,140.0
496.95000000000005,0.0,35.84833984374997,140.0
496.99999999999994,0.0,35.81356095679013,140.0
497.04999999999995,0.0,35.77879894868827,140.0
497.09999999999997,0.0,35.744053819444424,140.0
497.15000000000003,0.0,35.70932556905858,140.0
497.19999999999993,0.0,35.67461419753087,140.0
497.24999999999994,0.0,35.639919704861086,140.0
497.3,0.0,35.60524209104936,140.0
497.35,0.0,35.57058135609562,140.0
497.3999999999999,0.0,35.5359375,140.0
497.45,0.0,35.50131052276233,140.0
497.5,0.0,35.466700424382694,140.0
497.5499999999999,0.0,35.432107204861126,140.0
497.59999999999997,0.0,35.39753086419754,140.0
497.65,0.0,35.36297140239195,140.0
497.7,0.0,35.32842881944439,140.0
497.74999999999994,0.0,35.29390311535495,140.0
497.79999999999995,0.0,35.25939429012347,140.0
497.84999999999997,0.0,35.22490234374998,140.0
497.90000000000003,0.0,35.19042727623452,140.0
497.94999999999993,0.0,35.155969087577176,140.0
497.99999999999994,0.0,35.12152777777777,140.0
498.05,0.0,35.08710334683641,140.0
498.1,0.0,35.05269579475304,140.0
498.1499999999999,0.0,35.01830512152779,140.0
498.2,0.0,34.983931327160484,140.0
498.25,0.0,34.94957441165122,140.0
498.3,0.0,34.915234374999955,140.0
498.34999999999997,0.0,34.8809112172068,140.0
498.4,0.0,34.8466049382716,140.0
498.45,0.0,34.812315538194404,140.0
498.5,0.0,34.77804301697526,140.0
498.54999999999995,0.0,34.743787374614215,140.0
498.59999999999997,0.0,34.709548611111096,140.0
498.65,0.0,34.67532672646601,140.0
498.69999999999993,0.0,34.64112172067903,140.0
498.74999999999994,0.0,34.60693359374999,140.0
498.79999999999995,0.0,34.572762345679,140.0
498.85,0.0,34.53860797646601,140.0
498.8999999999999,0.0,34.50447048611114,140.0
498.94999999999993,0.0,34.47034987461419,140.0
499.0,0.0,34.436246141975296,140.0
499.05,0.0,34.40215928819441,140.0
499.0999999999999,0.0,34.368089313271625,140.0
499.15,0.0,34.33403621720679,140.0
499.2,0.0,34.29999999999996,140.0
499.25,0.0,34.2659806616512,140.0
499.29999999999995,0.0,34.2319782021605,140.0
499.34999999999997,0.0,34.197992621527774,140.0
499.4,0.0,34.164023919753056,140.0
499.45000000000005,0.0,34.130072096836386,140.0
499.49999999999994,0.0,34.09613715277778,140.0
499.54999999999995,0.0,34.062219087577155,140.0
499.6,0.0,34.02831790123454,140.0
499.65000000000003,0.0,33.99443359374994,140.0
499.69999999999993,0.0,33.96056616512346,140.0
499.75,0.0,33.926715615354915,140.0
499.8,0.0,33.89288194444441,140.0
499.8499999999999,0.0,33.859065152392,140.0
499.9,0.0,33.825265239197535,140.0
499.95,0.0,33.79148220486109,140.0
500.0,0.0,33.75771604938269,140.0
500.04999999999995,0.0,33.72396677276236,140.0
500.09999999999997,0.0,33.690234375,140.0
500.15,0.0,33.65651885609566,140.0
500.2,0.0,33.622820216049334,140.0
500.24999999999994,0.0,33.58913845486112,140.0
500.29999999999995,0.0,33.55547357253087,140.0
500.34999999999997,0.0,33.52182556905862,140.0
500.40000000000003,0.0,33.48819444444439,140.0
500.44999999999993,0.0,33.454580198688284,140.0
500.49999999999994,0.0,33.420982831790106,140.0
500.55,0.0,33.387402343749976,140.0
500.6,0.0,33.35383873456785,140.0
500.6499999999999,0.0,33.32029200424384,140.0
500.7,0.0,33.28676215277776,140.0
500.75,0.0,33.25324918016973,140.0
500.8,0.0,33.21975308641971,140.0
500.84999999999997,0.0,33.18627387152778,140.0
500.9,0.0,33.15281153549381,140.0
500.95,0.0,33.11936607831786,140.0
500.99999999999994,0.0,33.085937500000014,140.0
501.04999999999995,0.0,33.05252580054013,140.0
501.09999999999997,0.0,33.019130979938254,140.0
501.15000000000003,0.0,32.9857530381944,140.0
501.19999999999993,0.0,32.95239197530866,140.0
501.24999999999994,0.0,32.91904779128085,140.0
501.3,0.0,32.88572048611109,140.0
501.35,0.0,32.85241005979934,140.0
501.3999999999999,0.0,32.8191165123457,140.0
501.45,0.0,32.78583984374999,140.0
501.5,0.0,32.752580054012334,140.0
501.55,0.0,32.71933714313267,140.0
501.59999999999997,0.0,32.68611111111113,140.0
501.65,0.0,32.65290195794752,140.0
501.7,0.0,32.61970968364194,140.0
501.75,0.0,32.5865342881944,140.0
501.79999999999995,0.0,32.553375771604934,140.0
501.84999999999997,0.0,32.520234133873444,140.0
501.9,0.0,32.48710937499997,140.0
501.95000000000005,0.0,32.45400149498453,140.0
501.99999999999994,0.0,32.42091049382716,140.0
502.04999999999995,0.0,32.38783637152777,140.0
502.1,0.0,32.35477912808638,140.0
502.1499999999999,0.0,32.32173876350311,140.0
502.19999999999993,0.0,32.288715277777776,140.0
502.25,0.0,32.255708670910465,140.0
502.3,0.0,32.2227189429012,140.0
502.3499999999999,0.0,32.189746093750024,140.0
502.4,0.0,32.15679012345679,140.0
502.45,0.0,32.12385103202158,140.0
502.5,0.0,32.09092881944441,140.0
502.54999999999995,0.0,32.05802348572531,140.0
502.59999999999997,0.0,32.02513503086419,140.0
502.65,0.0,31.99226345486109,140.0
502.70000000000005,0.0,31.959408757715998,140.0
502.74999999999994,0.0,31.926570939429016,140.0
502.79999999999995,0.0,31.89375,140.0
502.85,0.0,31.860945939428987,140.0
502.90000000000003,0.0,31.828158757715993,140.0
502.94999999999993,0.0,31.795388454861115,140.0
503.0,0.0,31.762635030864175,140.0
503.05,0.0,31.729898485725286,140.0
503.0999999999999,0.0,31.697178819444474,140.0
503.15,0.0,31.66447603202161,140.0
503.2,0.0,31.631790123456774,140.0
503.25,0.0,31.59912109374997,140.0
503.29999999999995,0.0,31.56646894290125,140.0
503.34999999999997,0.0,31.5338336709105,140.0
503.4,0.0,31.501215277777757,140.0
503.45,0.0,31.46861376350304,140.0
503.49999999999994,0.0,31.43602912808643,140.0
503.54999999999995,0.0,31.403461371527786,140.0
503.59999999999997,0.0,31.370910493827143,140.0
503.65000000000003,0.0,31.338376494984523,140.0
503.69999999999993,0.0,31.30585937500001,140.0
503.74999999999994,0.0,31.273359133873445,140.0
503.8,0.0,31.24087577160492,140.0
503.85,0.0,31.2084092881944,140.0
503.8999999999999,0.0,31.175959683641988,140.0
503.95,0.0,31.143526957947522,140.0
504.0,0.0,31.11111111111109,140.0
504.05,0.0,31.07871214313267,140.0
504.09999999999997,0.0,31.04633005401236,140.0
504.15,0.0,31.013964843749985,140.0
504.2,0.0,30.98161651234564,140.0
504.24999999999994,0.0,30.949285059799397,140.0
504.29999999999995,0.0,30.9169704861111,140.0
504.34999999999997,0.0,30.884672791280853,140.0
504.40000000000003,0.0,30.852391975308603,140.0
504.44999999999993,0.0,30.82012803819446,140.0
504.49999999999994,0.0,30.78788097993826,140.0
504.55,0.0,30.755650800540113,140.0
504.6,0.0,30.723437499999964,140.0
504.6499999999999,0.0,30.691241078317923,140.0
504.7,0.0,30.659061535493816,140.0
504.75,0.0,30.626898871527743,140.0
504.8,0.0,30.59475308641972,140.0
504.84999999999997,0.0,30.562624180169777,140.0
504.9,0.0,30.53051215277777,140.0
504.95,0.0,30.498417004243798,140.0
505.0,0.0,30.466338734567866,140.0
505.04999999999995,0.0,30.434277343749997,140.0
505.09999999999997,0.0,30.40223283179012,140.0
505.15,0.0,30.370205198688236,140.0
505.20000000000005,0.0,30.338194444444387,140.0
505.24999999999994,0.0,30.306200569058642,140.0
505.29999999999995,0.0,30.274223572530857,140.0
505.35,0.0,30.242263454861078,140.0
505.3999999999999,0.0,30.21032021604941,140.0
505.44999999999993,0.0,30.17839385609568,140.0
505.5,0.0,30.14648437499998,140.0
505.55,0.0,30.114591772762317,140.0
505.5999999999999,0.0,30.082716049382743,140.0
505.65,0.0,30.050857204861114,140.0
505.7,0.0,30.01901523919751,140.0
505.75,0.0,29.987190152391946,140.0
505.79999999999995,0.0,29.955381944444454,140.0
505.84999999999997,0.0,29.92359061535494,140.0
505.9,0.0,29.891816165123434,140.0
505.95000000000005,0.0,29.860058593749947,140.0
505.99999999999994,0.0,29.828317901234573,140.0
506.04999999999995,0.0,29.796594087577162,140.0
506.1,0.0,29.764887152777753,140.0
506.15000000000003,0.0,29.73319709683637,140.0
506.19999999999993,0.0,29.701523919753097,140.0
506.25,0.0,29.66986762152776,140.0
506.3,0.0,29.63822820216047,140.0
506.35,0.0,29.606605661651187,140.0
506.4,0.0,29.575000000000006,140.0
506.45,0.0,29.54341121720677,140.0
506.5,0.0,29.511839313271583,140.0
506.5499999999999,0.0,29.480284288194454,140.0
506.59999999999997,0.0,29.448746141975313,140.0
506.65,0.0,29.417224874614178,140.0
506.7,0.0,29.385720486111065,140.0
506.74999999999994,0.0,29.35423297646606,140.0
506.79999999999995,0.0,29.322762345679003,140.0
506.84999999999997,0.0,29.29130859374999,140.0
506.90000000000003,0.0,29.25987172067897,140.0
506.94999999999993,0.0,29.228451726466062,140.0
506.99999999999994,0.0,29.1970486111111,140.0
507.05,0.0,29.165662374614183,140.0
507.1,0.0,29.134293016975267,140.0
507.1499999999999,0.0,29.102940538194456,140.0
507.2,0.0,29.07160493827159,140.0
507.25,0.0,29.040286217206752,140.0
507.3,0.0,29.008984374999958,140.0
507.34999999999997,0.0,28.977699411651248,140.0
507.4,0.0,28.946431327160482,140.0
507.45,0.0,28.915180121527744,140.0
507.50000000000006,0.0,28.883945794753046,140.0
507.54999999999995,0.0,28.852728346836415,140.0
507.59999999999997,0.0,28.821527777777767,140.0
507.65000000000003,0.0,28.790344087577125,140.0
507.69999999999993,0.0,28.75917727623459,140.0
507.74999999999994,0.0,28.728027343749993,140.0
507.8,0.0,28.696894290123446,140.0
507.85,0.0,28.665778115354904,140.0
507.8999999999999,0.0,28.634678819444463,140.0
507.94999999999993,0.0,28.603596402391968,140.0
508.0,0.0,28.572530864197503,140.0
508.05,0.0,28.54148220486108,140.0
508.0999999999999,0.0,28.510450424382736,140.0
508.15,0.0,28.47943552276234,140.0
508.2,0.0,28.448437499999972,140.0
508.25,0.0,28.417456356095645,140.0
508.29999999999995,0.0,28.386492091049384,140.0
508.34999999999997,0.0,28.355544704861106,140.0
508.4,0.0,28.324614197530835,140.0
508.45000000000005,0.0,28.293700569058586,140.0
508.49999999999994,0.0,28.262803819444446,140.0
508.54999999999995,0.0,28.23192394868827,140.0
508.6,0.0,28.201060956790098,140.0
508.65000000000003,0.0,28.170214843749946,140.0
508.69999999999993,0.0,28.139385609567906,140.0
508.75,0.0,28.108573254243804,140.0
508.8,0.0,28.077777777777754,140.0
508.8499999999999,0.0,28.046999180169763,140.0
508.9,0.0,28.016237461419752,140.0
508.95,0.0,27.985492621527754,140.0
509.0,0.0,27.954764660493797,140.0
509.04999999999995,0.0,27.92405357831791,140.0
509.09999999999997,0.0,27.893359375000006,140.0
509.15,0.0,27.8626820505401,140.0
509.20000000000005,0.0,27.832021604938223,140.0
509.24999999999994,0.0,27.80137803819445,140.0
509.29999999999995,0.0,27.770751350308625,140.0
509.34999999999997,0.0,27.740141541280842,140.0
509.40000000000003,0.0,27.709548611111064,140.0
509.44999999999993,0.0,27.67897255979939,140.0
509.49999999999994,0.0,27.648413387345663,140.0
509.55,0.0,27.61787109374998,140.0
509.6,0.0,27.5873456790123,140.0
509.6499999999999,0.0,27.556837143132725,140.0
509.7,0.0,27.526345486111097,140.0
509.75,0.0,27.49587070794749,140.0
509.7999999999999,0.0,27.46541280864199,140.0
509.84999999999997,0.0,27.434971788194456,140.0
509.9,0.0,27.404547646604925,140.0
509.95,0.0,27.374140383873417,140.0
509.99999999999994,0.0,27.343750000000014,140.0
510.04999999999995,0.0,27.313376494984556,140.0
510.09999999999997,0.0,27.283019868827147,140.0
510.15000000000003,0.0,27.252680121527742,140.0
510.19999999999993,0.0,27.22235725308644,140.0
510.24999999999994,0.0,27.192051263503075,140.0
510.3,0.0,27.161762152777765,140.0
510.35,0.0,27.13148992091046,140.0
510.3999999999999,0.0,27.101234567901248,140.0
510.45,0.0,27.07099609374999,140.0
510.5,0.0,27.04077449845676,140.0
510.55,0.0,27.010569782021566,140.0
510.59999999999997,0.0,26.98038194444446,140.0
510.65,0.0,26.9502109857253,140.0
510.7,0.0,26.920056905864165,140.0
510.75,0.0,26.889919704861075,140.0
510.79999999999995,0.0,26.859799382716048,140.0
510.84999999999997,0.0,26.829695939429005,140.0
510.9,0.0,26.79960937499997,140.0
510.94999999999993,0.0,26.769539689429035,140.0
510.99999999999994,0.0,26.739486882716047,140.0
511.04999999999995,0.0,26.709450954861108,140.0
511.1,0.0,26.679431905864163,140.0
511.1499999999999,0.0,26.64942973572533,140.0
511.19999999999993,0.0,26.619444444444444,140.0
511.25,0.0,26.589476032021576,140.0
511.3,0.0,26.55952449845676,140.0
511.3499999999999,0.0,26.529589843750003,140.0
511.4,0.0,26.499672067901233,140.0
511.45,0.0,26.46977117091047,140.0
511.5,0.0,26.439887152777747,140.0
511.54999999999995,0.0,26.41002001350309,140.0
511.59999999999997,0.0,26.380169753086417,140.0
511.65,0.0,26.350336371527753,140.0
511.70000000000005,0.0,26.320519868827112,140.0
511.74999999999994,0.0,26.290720244984573,140.0
511.79999999999995,0.0,26.260937499999983,140.0
511.85,0.0,26.231171633873434,140.0
511.90000000000003,0.0,26.20142264660489,140.0
511.94999999999993,0.0,26.17169053819445,140.0
512.0,0.0,26.141975308641957,140.0
512.05,0.0,26.112276957947508,140.0
512.0999999999999,0.0,26.08259548611112,140.0
512.15,0.0,26.052930893132718,140.0
512.1999999999999,0.0,26.023283179012328,140.0
512.25,0.0,25.993652343749957,140.0
512.3,0.0,25.96403838734569,140.0
512.3499999999999,0.0,25.93444130979939,140.0
512.4,0.0,25.904861111111092,140.0
512.45,0.0,25.875297791280822,140.0
512.4999999999999,0.0,25.845751350308657,140.0
512.55,0.0,25.816221788194433,140.0
512.6,0.0,25.786709104938254,140.0
512.65,0.0,25.75721330054008,140.0
512.6999999999999,0.0,25.72773437500001,140.0
512.75,0.0,25.698272328317888,140.0
512.8,0.0,25.66882716049381,140.0
512.85,0.0,25.639398871527735,140.0
512.9,0.0,25.609987461419763,140.0
512.9499999999999,0.0,25.58059293016974,140.0
513.0,0.0,25.551215277777743,140.0
513.0500000000001,0.0,25.521854504243787,140.0
513.0999999999999,0.0,25.492510609567912,140.0
513.15,0.0,25.46318359374999,140.0
513.2,0.0,25.43387345679009,140.0
513.2499999999999,0.0,25.404580198688286,140.0
513.3,0.0,25.375303819444436,140.0
513.35,0.0,25.34604431905863,140.0
513.4,0.0,25.31680169753083,140.0
513.4499999999999,0.0,25.28757595486113,140.0
513.5,0.0,25.25836709104938,140.0
513.55,0.0,25.22917510609567,140.0
513.6,0.0,25.199999999999967,140.0
513.65,0.0,25.170841772762362,140.0
513.6999999999999,0.0,25.14170042438271,140.0
513.75,0.0,25.112575954861082,140.0
513.8000000000001,0.0,25.083468364197497,140.0
513.8499999999999,0.0,25.054377652391974,140.0
513.9,0.0,25.025303819444442,140.0
513.95,0.0,24.99624686535491,140.0
514.0,0.0,24.967206790123424,140.0
514.05,0.0,24.93818359375,140.0
514.1,0.0,24.909177276234566,140.0
514.15,0.0,24.880187837577132,140.0
514.2,0.0,24.851215277777726,140.0
514.25,0.0,24.82225959683642,140.0
514.3,0.0,24.79332079475306,140.0
514.35,0.0,24.76439887152775,140.0
514.4,0.0,24.735493827160518,140.0
514.4499999999999,0.0,24.706605661651235,140.0
514.5,0.0,24.67773437499998,140.0
514.5500000000001,0.0,24.648879967206764,140.0
514.5999999999999,0.0,24.62004243827161,140.0
514.65,0.0,24.59122178819445,140.0
514.6999999999999,0.0,24.562418016975286,140.0
514.75,0.0,24.53363112461415,140.0
514.8,0.0,24.50486111111112,140.0
514.8499999999999,0.0,24.47610797646605,140.0
514.9,0.0,24.44737172067899,140.0
514.95,0.0,24.418652343749955,140.0
514.9999999999999,0.0,24.38994984567902,140.0
515.05,0.0,24.361264226466034,140.0
515.1,0.0,24.33259548611109,140.0
515.15,0.0,24.303943624614153,140.0
515.1999999999999,0.0,24.275308641975315,140.0
515.25,0.0,24.246690538194432,140.0
515.3,0.0,24.218089313271584,140.0
515.3499999999999,0.0,24.1895049672068,140.0
515.4,0.0,24.16093750000001,140.0
515.4499999999999,0.0,24.13238691165122,140.0
515.5,0.0,24.103853202160458,140.0
515.55,0.0,24.07533637152779,140.0
515.5999999999999,0.0,24.04683641975309,140.0
515.65,0.0,24.018353346836406,140.0
515.7,0.0,23.98988715277774,140.0
515.7499999999999,0.0,23.96143783757717,140.0
515.8,0.0,23.933005401234556,140.0
515.85,0.0,23.904589843749985,140.0
515.9,0.0,23.87619116512342,140.0
515.9499999999999,0.0,23.84780936535495,140.0
516.0,0.0,23.819444444444432,140.0
516.05,0.0,23.79109640239196,140.0
516.1,0.0,23.762765239197492,140.0
516.15,0.0,23.73445095486112,140.0
516.1999999999999,0.0,23.706153549382705,140.0
516.25,0.0,23.677873022762313,140.0
516.3000000000001,0.0,23.649609374999965,140.0
516.3499999999999,0.0,23.621362606095676,140.0
516.4,0.0,23.593132716049375,140.0
516.45,0.0,23.56491970486108,140.0
516.4999999999999,0.0,23.53672357253088,140.0
516.55,0.0,23.50854431905864,140.0
516.6,0.0,23.480381944444435,140.0
516.65,0.0,23.452236448688243,140.0
516.6999999999999,0.0,23.424107831790142,140.0
516.75,0.0,23.395996093749996,140.0
516.8,0.0,23.367901234567874,140.0
516.85,0.0,23.3398232542438,140.0
516.9,0.0,23.311762152777796,140.0
516.9499999999999,0.0,23.28371793016975,140.0
517.0,0.0,23.25569058641973,140.0
517.0500000000001,0.0,23.22768012152775,140.0
517.0999999999999,0.0,23.19968653549383,140.0
517.15,0.0,23.171709828317894,140.0
517.2,0.0,23.143749999999972,140.0
517.25,0.0,23.115807050540074,140.0
517.3,0.0,23.087880979938273,140.0
517.35,0.0,23.05997178819444,140.0
517.4,0.0,23.03207947530862,140.0
517.45,0.0,23.00420404128082,140.0
517.5,0.0,22.976345486111114,140.0
517.55,0.0,22.94850380979936,140.0
517.6,0.0,22.920679012345655,140.0
517.65,0.0,22.892871093750028,140.0
517.6999999999999,0.0,22.86508005401235,140.0
517.75,0.0,22.837305893132697,140.0
517.8,0.0,22.809548611111087,140.0
517.8499999999999,0.0,22.78180820794754,140.0
517.9,0.0,22.75408468364198,140.0
517.9499999999999,0.0,22.726378038194426,140.0
518.0,0.0,22.698688271604897,140.0
518.05,0.0,22.671015383873463,140.0
518.0999999999999,0.0,22.643359375000003,140.0
518.15,0.0,22.615720244984548,140.0
518.2,0.0,22.58809799382712,140.0
518.2499999999999,0.0,22.560492621527786,140.0
518.3,0.0,22.532904128086404,140.0
518.35,0.0,22.505332513503067,140.0
518.4,0.0,22.47777777777774,140.0
518.4499999999999,0.0,22.450239920910505,140.0
518.5,0.0,22.42271894290122,140.0
518.55,0.0,22.395214843749983,140.0
518.6,0.0,22.36772762345675,140.0
518.65,0.0,22.340257282021614,140.0
518.6999999999999,0.0,22.312803819444433,140.0
518.75,0.0,22.28536723572527,140.0
518.8,0.0,22.257947530864215,140.0
518.8499999999999,0.0,22.230544704861106,140.0
518.9,0.0,22.203158757716036,140.0
518.95,0.0,22.175789689428978,140.0
518.9999999999999,0.0,22.148437500000014,140.0
519.05,0.0,22.121102189429003,140.0
519.1,0.0,22.093783757716036,140.0
519.15,0.0,22.066482204861078,140.0
519.1999999999999,0.0,22.039197530864215,140.0
519.25,0.0,22.0119297357253,140.0
519.3,0.0,21.98467881944442,140.0
519.35,0.0,21.95744478202157,140.0
519.4,0.0,21.930227623456805,140.0
519.4499999999999,0.0,21.903027343749994,140.0
519.5,0.0,21.875843942901206,140.0
519.5500000000001,0.0,21.84867742091046,140.0
519.5999999999999,0.0,21.821527777777774,140.0
519.65,0.0,21.794395013503078,140.0
519.7,0.0,21.767279128086393,140.0
519.75,0.0,21.740180121527747,140.0
519.8,0.0,21.713097993827155,140.0
519.85,0.0,21.686032744984566,140.0
519.9,0.0,21.65898437499997,140.0
519.9499999999999,0.0,21.631952883873474,140.0
520.0,0.0,21.604938271604937,140.0
520.05,0.0,21.577940538194422,140.0
520.1,0.0,21.550959683641945,140.0
520.15,0.0,21.523995707947552,140.0
520.1999999999999,0.0,21.49704861111111,140.0
520.25,0.0,21.470118393132694,140.0
520.3000000000001,0.0,21.443205054012317,140.0
520.3499999999999,0.0,21.416308593750003,140.0
520.4,0.0,21.389429012345676,140.0
520.45,0.0,21.36256630979936,140.0
520.5,0.0,21.335720486111065,140.0
520.55,0.0,21.308891541280868,140.0
520.6,0.0,21.282079475308638,140.0
520.65,0.0,21.25528428819442,140.0
520.7,0.0,21.22850597993823,140.0
520.75,0.0,21.201744550540127,140.0
520.8,0.0,21.174999999999983,140.0
520.85,0.0,21.14827232831788,140.0
520.9,0.0,21.121561535493782,140.0
520.9499999999999,0.0,21.094867621527783,140.0
521.0,0.0,21.068190586419735,140.0
521.05,0.0,21.041530430169733,140.0
521.0999999999999,0.0,21.01488715277779,140.0
521.15,0.0,20.988260754243832,140.0
521.1999999999999,0.0,20.961651234567885,140.0
521.25,0.0,20.93505859374996,140.0
521.3,0.0,20.908482831790135,140.0
521.3499999999999,0.0,20.88192394868826,140.0
521.4,0.0,20.85538194444443,140.0
521.45,0.0,20.828856819058604,140.0
521.4999999999999,0.0,20.802348572530875,140.0
521.55,0.0,20.7758572048611,140.0
521.6,0.0,20.749382716049368,140.0
521.65,0.0,20.72292510609564,140.0
521.6999999999999,0.0,20.69648437500001,140.0
521.75,0.0,20.670060522762334,140.0
521.8,0.0,20.643653549382687,140.0
521.85,0.0,20.617263454861078,140.0
521.9,0.0,20.59089023919754,140.0
521.9499999999999,0.0,20.564533902391965,140.0
522.0,0.0,20.538194444444414,140.0
522.05,0.0,20.51187186535495,140.0
522.0999999999999,0.0,20.48556616512345,140.0
522.15,0.0,20.459277343749992,140.0
522.2,0.0,20.43300540123454,140.0
522.2499999999999,0.0,20.406750337577176,140.0
522.3,0.0,20.380512152777772,140.0
522.35,0.0,20.354290846836413,140.0
522.4,0.0,20.328086419753056,140.0
522.4499999999999,0.0,20.30189887152779,140.0
522.5,0.0,20.275728202160487,140.0
522.55,0.0,20.249574411651206,140.0
522.6,0.0,20.22343749999997,140.0
522.65,0.0,20.197317467206805,140.0
522.6999999999999,0.0,20.171214313271598,140.0
522.75,0.0,20.145128038194418,140.0
522.8000000000001,0.0,20.11905864197528,140.0
522.8499999999999,0.0,20.093006124614195,140.0
522.9,0.0,20.066970486111106,140.0
522.95,0.0,20.040951726466023,140.0
523.0,0.0,20.014949845678967,140.0
523.05,0.0,19.988964843749997,140.0
523.1,0.0,19.96299672067901,140.0
523.15,0.0,19.937045476466025,140.0
523.1999999999999,0.0,19.911111111111133,140.0
523.25,0.0,19.8851936246142,140.0
523.3,0.0,19.859293016975286,140.0
523.35,0.0,19.833409288194417,140.0
523.4,0.0,19.807542438271614,140.0
523.4499999999999,0.0,19.781692467206792,140.0
523.5,0.0,19.755859374999982,140.0
523.5500000000001,0.0,19.73004316165121,140.0
523.5999999999999,0.0,19.7042438271605,140.0
523.65,0.0,19.67846137152778,140.0
523.7,0.0,19.65269579475307,140.0
523.75,0.0,19.62694709683638,140.0
523.8,0.0,19.601215277777783,140.0
523.85,0.0,19.57550033757715,140.0
523.9,0.0,19.549802276234548,140.0
523.95,0.0,19.524121093749958,140.0
524.0,0.0,19.498456790123463,140.0
524.05,0.0,19.472809365354923,140.0
524.1,0.0,19.447178819444424,140.0
524.15,0.0,19.421565152391935,140.0
524.1999999999999,0.0,19.39596836419754,140.0
524.25,0.0,19.3703884548611,140.0
524.3,0.0,19.344825424382698,140.0
524.3499999999999,0.0,19.31927927276236,140.0
524.4,0.0,19.293750000000006,140.0
524.4499999999999,0.0,19.268237606095663,140.0
524.5,0.0,19.242742091049347,140.0
524.55,0.0,19.217263454861122,140.0
524.5999999999999,0.0,19.191801697530856,140.0
524.65,0.0,19.166356819058628,140.0
524.7,0.0,19.14092881944441,140.0
524.7499999999999,0.0,19.115517698688283,140.0
524.8,0.0,19.090123456790117,140.0
524.85,0.0,19.06474609374999,140.0
524.9,0.0,19.03938560956787,140.0
524.9499999999999,0.0,19.014042004243837,140.0
525.0,0.0,18.98871527777777,140.0
525.05,0.0,18.963405430169725,140.0
525.1,0.0,18.93811246141972,140.0
525.15,0.0,18.91283637152779,140.0
525.1999999999999,0.0,18.88757716049382,140.0
525.25,0.0,18.862334828317874,140.0
525.3000000000001,0.0,18.83710937499997,140.0
525.3499999999999,0.0,18.81190080054012,140.0
525.4,0.0,18.786709104938264,140.0
525.45,0.0,18.76153428819442,140.0
525.4999999999999,0.0,18.73637635030866,140.0
525.55,0.0,18.71123529128086,140.0
525.6,0.0,18.686111111111103,140.0
525.65,0.0,18.661003809799357,140.0
525.6999999999999,0.0,18.635913387345695,140.0
525.75,0.0,18.610839843749996,140.0
525.8,0.0,18.585783179012324,140.0
525.85,0.0,18.56074339313269,140.0
525.9,0.0,18.53572048611111,140.0
525.9499999999999,0.0,18.51071445794753,140.0
526.0,0.0,18.48572530864195,140.0
526.0500000000001,0.0,18.460753038194422,140.0
526.0999999999999,0.0,18.43579764660494,140.0
526.15,0.0,18.41085913387345,140.0
526.2,0.0,18.385937499999976,140.0
526.25,0.0,18.361032744984527,140.0
526.3,0.0,18.336144868827162,140.0
526.35,0.0,18.311273871527778,140.0
526.4,0.0,18.286419753086395,140.0
526.45,0.0,18.261582513503043,140.0
526.5,0.0,18.23676215277778,140.0
526.55,0.0,18.211958670910477,140.0
526.6,0.0,18.187172067901212,140.0
526.65,0.0,18.162402343750006,140.0
526.6999999999999,0.0,18.137649498456796,140.0
526.75,0.0,18.112913532021587,140.0
526.8,0.0,18.088194444444426,140.0
526.8499999999999,0.0,18.063492235725317,140.0
526.9,0.0,18.0388069058642,140.0
526.9499999999999,0.0,18.014138454861094,140.0
527.0,0.0,17.98948688271601,140.0
527.05,0.0,17.96485218942902,140.0
527.0999999999999,0.0,17.94023437499999,140.0
527.15,0.0,17.915633439428994,140.0
527.2,0.0,17.891049382716012,140.0
527.2499999999999,0.0,17.866482204861118,140.0
527.3,0.0,17.841931905864183,140.0
527.35,0.0,17.817398485725292,140.0
527.4,0.0,17.792881944444407,140.0
527.4499999999999,0.0,17.768382282021612,140.0
527.5,0.0,17.743899498456777,140.0
527.55,0.0,17.71943359374997,140.0
527.5999999999999,0.0,17.694984567901248,140.0
527.65,0.0,17.670552420910504,140.0
527.6999999999999,0.0,17.64613715277777,140.0
527.75,0.0,17.621738763503053,140.0
527.8,0.0,17.597357253086432,140.0
527.8499999999999,0.0,17.572992621527774,140.0
527.9,0.0,17.548644868827147,140.0
527.95,0.0,17.524313994984535,140.0
527.9999999999999,0.0,17.500000000000014,140.0
528.05,0.0,17.475702883873453,140.0
528.1,0.0,17.451422646604925,140.0
528.15,0.0,17.427159288194414,140.0
528.1999999999999,0.0,17.40291280864199,140.0
528.25,0.0,17.378683207947525,140.0
528.3,0.0,17.354470486111087,140.0
528.35,0.0,17.330274643132686,140.0
528.4,0.0,17.306095679012344,140.0
528.4499999999999,0.0,17.281933593749994,140.0
528.5,0.0,17.257788387345652,140.0
528.5500000000001,0.0,17.233660059799355,140.0
528.5999999999999,0.0,17.20954861111111,140.0
528.65,0.0,17.18545404128086,140.0
528.7,0.0,17.16137635030862,140.0
528.7499999999999,0.0,17.13731553819446,140.0
528.8,0.0,17.113271604938273,140.0
528.85,0.0,17.089244550540116,140.0
528.9,0.0,17.065234374999974,140.0
528.9499999999999,0.0,17.04124107831792,140.0
529.0,0.0,17.01726466049383,140.0
529.05,0.0,16.993305121527758,140.0
529.1,0.0,16.96936246141973,140.0
529.15,0.0,16.945436680169756,140.0
529.1999999999999,0.0,16.92152777777778,140.0
529.25,0.0,16.897635754243808,140.0
529.3000000000001,0.0,16.873760609567874,140.0
529.3499999999999,0.0,16.849902343750003,140.0
529.4,0.0,16.826060956790123,140.0
529.45,0.0,16.802236448688255,140.0
529.5,0.0,16.778428819444404,140.0
529.55,0.0,16.754638069058647,140.0
529.6,0.0,16.73086419753085,140.0
529.65,0.0,16.707107204861092,140.0
529.7,0.0,16.683367091049345,140.0
529.75,0.0,16.659643856095684,140.0
529.8,0.0,16.635937499999986,140.0
529.85,0.0,16.61224802276233,140.0
529.9,0.0,16.588575424382725,140.0
529.9499999999999,0.0,16.564919704861115,140.0
530.0,0.0,16.541280864197518,140.0
530.05,0.0,16.517658902391943,140.0
530.0999999999999,0.0,16.494053819444453,140.0
530.15,0.0,16.470465615354943,140.0
530.1999999999999,0.0,16.446894290123442,140.0
530.25,0.0,16.423339843749968,140.0
530.3,0.0,16.399802276234578,140.0
530.3499999999999,0.0,16.37628158757715,140.0
530.4,0.0,16.352777777777764,140.0
530.45,0.0,16.329290846836386,140.0
530.4999999999999,0.0,16.305820794753096,140.0
530.55,0.0,16.28236762152777,140.0
530.6,0.0,16.25893132716048,140.0
530.65,0.0,16.2355119116512,140.0
530.6999999999999,0.0,16.21210937500001,140.0
530.75,0.0,16.18872371720678,140.0
530.8,0.0,16.165354938271577,140.0
530.85,0.0,16.142003038194414,140.0
530.9,0.0,16.118668016975317,140.0
530.9499999999999,0.0,16.09534987461419,140.0
531.0,0.0,16.072048611111082,140.0
531.05,0.0,16.048764226466062,140.0
531.0999999999999,0.0,16.02549672067901,140.0
531.15,0.0,16.002246093749992,140.0
531.2,0.0,15.979012345678983,140.0
531.2499999999999,0.0,15.955795476466061,140.0
531.3,0.0,15.932595486111108,140.0
531.35,0.0,15.90941237461419,140.0
531.4,0.0,15.886246141975283,140.0
531.4499999999999,0.0,15.863096788194458,140.0
531.5,0.0,15.8399643132716,140.0
531.55,0.0,15.816848717206769,140.0
531.6,0.0,15.793749999999974,140.0
531.65,0.0,15.770668161651233,140.0
531.6999999999999,0.0,15.747603202160493,140.0
531.75,0.0,15.724555121527755,140.0
531.8000000000001,0.0,15.70152391975306,140.0
531.8499999999999,0.0,15.678509596836422,140.0
531.9,0.0,15.655512152777773,140.0
531.95,0.0,15.63253158757714,140.0
532.0,0.0,15.609567901234527,140.0
532.05,0.0,15.586621093750002,140.0
532.1,0.0,15.56369116512344,140.0
532.15,0.0,15.540778115354916,140.0
532.1999999999999,0.0,15.517881944444463,140.0
532.25,0.0,15.495002652391975,140.0
532.3,0.0,15.472140239197515,140.0
532.35,0.0,15.449294704861089,140.0
532.4,0.0,15.42646604938272,140.0
532.4499999999999,0.0,15.403654272762346,140.0
532.5,0.0,15.380859374999984,140.0
532.5500000000001,0.0,15.358081356095642,140.0
532.5999999999999,0.0,15.33532021604939,140.0
532.65,0.0,15.31257595486111,140.0
532.7,0.0,15.289848572530849,140.0
532.75,0.0,15.267138069058607,140.0
532.8,0.0,15.244444444444447,140.0
532.85,0.0,15.221767698688259,140.0
532.9,0.0,15.199107831790107,140.0
532.95,0.0,15.176464843749965,140.0
533.0,0.0,15.153838734567906,140.0
533.05,0.0,15.131229504243814,140.0
533.1,0.0,15.108637152777762,140.0
533.15,0.0,15.086061680169761,140.0
533.1999999999999,0.0,15.06350308641976,140.0
533.25,0.0,15.040961371527764,140.0
533.3,0.0,15.018436535493798,140.0
533.3499999999999,0.0,14.995928578317908,140.0
533.4,0.0,14.973437500000006,140.0
533.4499999999999,0.0,14.950963300540112,140.0
533.5,0.0,14.928505979938242,140.0
533.55,0.0,14.906065538194454,140.0
533.5999999999999,0.0,14.883641975308633,140.0
533.65,0.0,14.861235291280854,140.0
533.7,0.0,14.838845486111081,140.0
533.7499999999999,0.0,14.816472559799394,140.0
533.8,0.0,14.794116512345672,140.0
533.85,0.0,14.771777343749989,140.0
533.9,0.0,14.749455054012316,140.0
533.9499999999999,0.0,14.727149643132726,140.0
534.0,0.0,14.704861111111104,140.0
534.05,0.0,14.682589457947508,140.0
534.1,0.0,14.660334683641947,140.0
534.15,0.0,14.63809678819444,140.0
534.1999999999999,0.0,14.615875771604934,140.0
534.25,0.0,14.593671633873432,140.0
534.3,0.0,14.571484375000015,140.0
534.3499999999999,0.0,14.549313994984566,140.0
534.4,0.0,14.527160493827155,140.0
534.45,0.0,14.505023871527754,140.0
534.4999999999999,0.0,14.482904128086435,140.0
534.55,0.0,14.460801263503082,140.0
534.6,0.0,14.438715277777757,140.0
534.65,0.0,14.41664617091047,140.0
534.6999999999999,0.0,14.39459394290125,140.0
534.75,0.0,14.372558593749998,140.0
534.8,0.0,14.35054012345677,140.0
534.85,0.0,14.328538532021582,140.0
534.9,0.0,14.306553819444446,140.0
534.9499999999999,0.0,14.284585985725306,140.0
535.0,0.0,14.262635030864178,140.0
535.0500000000001,0.0,14.240700954861074,140.0
535.0999999999999,0.0,14.21878375771605,140.0
535.15,0.0,14.196883439429012,140.0
535.2,0.0,14.174999999999981,140.0
535.25,0.0,14.153133439428975,140.0
535.3,0.0,14.131283757716053,140.0
535.35,0.0,14.109450954861094,140.0
535.4,0.0,14.08763503086418,140.0
535.4499999999999,0.0,14.065835985725329,140.0
535.5,0.0,14.044053819444446,140.0
535.55,0.0,14.02228853202159,140.0
535.6,0.0,14.000540123456773,140.0
535.65,0.0,13.978808593750006,140.0
535.6999999999999,0.0,13.957093942901237,140.0
535.75,0.0,13.93539617091048,140.0
535.8000000000001,0.0,13.913715277777746,140.0
535.8499999999999,0.0,13.892051263503093,140.0
535.9,0.0,13.870404128086422,140.0
535.95,0.0,13.848773871527763,140.0
536.0,0.0,13.827160493827128,140.0
536.05,0.0,13.805563994984574,140.0
536.1,0.0,13.783984374999989,140.0
536.15,0.0,13.762421633873442,140.0
536.2,0.0,13.740875771604909,140.0
536.2499999999999,0.0,13.719346788194452,140.0
536.3,0.0,13.697834683641965,140.0
536.35,0.0,13.676339457947517,140.0
536.4,0.0,13.654861111111082,140.0
536.4499999999999,0.0,13.633399643132723,140.0
536.5,0.0,13.611955054012336,140.0
536.55,0.0,13.590527343749974,140.0
536.5999999999999,0.0,13.569116512345689,140.0
536.65,0.0,13.547722559799377,140.0
536.6999999999999,0.0,13.5263454861111,140.0
536.75,0.0,13.504985291280839,140.0
536.8,0.0,13.483641975308654,140.0
536.8499999999999,0.0,13.462315538194439,140.0
536.9,0.0,13.44100597993826,140.0
536.95,0.0,13.419713300540097,140.0
536.9999999999999,0.0,13.398437500000012,140.0
537.05,0.0,13.377178578317897,140.0
537.1,0.0,13.355936535493804,140.0
537.15,0.0,13.334711371527751,140.0
537.1999999999999,0.0,13.313503086419766,140.0
537.25,0.0,13.292311680169748,140.0
537.3,0.0,13.271137152777758,140.0
537.35,0.0,13.2499795042438,140.0
537.4,0.0,13.2288387345679,140.0
537.4499999999999,0.0,13.207714843749994,140.0
537.5,0.0,13.186607831790102,140.0
537.5500000000001,0.0,13.165517698688232,140.0
537.5999999999999,0.0,13.144444444444444,140.0
537.65,0.0,13.123388069058638,140.0
537.7,0.0,13.102348572530843,140.0
537.7499999999999,0.0,13.081325954861127,140.0
537.8,0.0,13.060320216049382,140.0
537.85,0.0,13.039331356095662,140.0
537.9,0.0,13.018359374999978,140.0
537.9499999999999,0.0,12.997404272762362,140.0
538.0,0.0,12.976466049382715,140.0
538.05,0.0,12.955544704861094,140.0
538.1,0.0,12.934640239197511,140.0
538.15,0.0,12.91375265239198,140.0
538.1999999999999,0.0,12.892881944444445,140.0
538.25,0.0,12.87202811535492,140.0
538.3000000000001,0.0,12.851191165123424,140.0
538.3499999999999,0.0,12.830371093750003,140.0
538.4,0.0,12.80956790123457,140.0
538.45,0.0,12.788781587577144,140.0
538.5,0.0,12.768012152777743,140.0
538.55,0.0,12.747259596836424,140.0
538.6,0.0,12.726523919753074,140.0
538.65,0.0,12.705805121527762,140.0
538.7,0.0,12.68510320216046,140.0
538.75,0.0,12.66441816165124,140.0
538.8,0.0,12.643749999999986,140.0
538.85,0.0,12.623098717206775,140.0
538.9,0.0,12.602464313271613,140.0
538.9499999999999,0.0,12.581846788194447,140.0
539.0,0.0,12.561246141975296,140.0
539.05,0.0,12.540662374614168,140.0
539.0999999999999,0.0,12.520095486111119,140.0
539.15,0.0,12.499545476466041,140.0
539.1999999999999,0.0,12.479012345679001,140.0
539.25,0.0,12.458496093749973,140.0
539.3,0.0,12.43799672067902,140.0
539.3499999999999,0.0,12.417514226466041,140.0
539.4,0.0,12.3970486111111,140.0
539.45,0.0,12.37659987461417,140.0
539.4999999999999,0.0,12.356168016975317,140.0
539.55,0.0,12.335753038194436,140.0
539.6,0.0,12.315354938271582,140.0
539.65,0.0,12.294973717206762,140.0
539.6999999999999,0.0,12.274609375000008,140.0
539.75,0.0,12.254261911651227,140.0
539.8,0.0,12.23393132716047,140.0
539.8499999999999,0.0,12.21361762152779,140.0
539.9,0.0,12.193320794753083,140.0
539.9499999999999,0.0,12.173040846836413,140.0
540.0,0.0,12.152777777777754,140.0
540.05,0.0,12.132531587577173,140.0
540.0999999999999,0.0,12.112302276234564,140.0
540.15,0.0,12.092089843749992,140.0
540.2,0.0,12.071894290123433,140.0
540.2499999999999,0.0,12.05171561535495,140.0
540.3,0.0,12.031553819444442,140.0
540.35,0.0,12.011408902391954,140.0
540.4,0.0,11.991280864197508,140.0
540.4499999999999,0.0,11.971169704861126,140.0
540.5,0.0,11.951075424382713,140.0
540.55,0.0,11.930998022762326,140.0
540.6,0.0,11.910937499999978,140.0
540.65,0.0,11.890893856095678,140.0
540.6999999999999,0.0,11.87086709104938,140.0
540.75,0.0,11.850857204861091,140.0
540.8000000000001,0.0,11.830864197530829,140.0
540.8499999999999,0.0,11.810888069058642,140.0
540.9,0.0,11.79092881944444,140.0
540.95,0.0,11.770986448688255,140.0
540.9999999999999,0.0,11.75106095679014,140.0
541.05,0.0,11.73115234375,140.0
541.1,0.0,11.711260609567887,140.0
541.15,0.0,11.691385754243809,140.0
541.1999999999999,0.0,11.671527777777781,140.0
541.25,0.0,11.651686680169755,140.0
541.3,0.0,11.631862461419738,140.0
541.35,0.0,11.61205512152776,140.0
541.4,0.0,11.59226466049383,140.0
541.4499999999999,0.0,11.572491078317903,140.0
541.5,0.0,11.552734374999986,140.0
541.5500000000001,0.0,11.532994550540094,140.0
541.5999999999999,0.0,11.513271604938277,140.0
541.65,0.0,11.493565538194433,140.0
541.7,0.0,11.473876350308629,140.0
541.75,0.0,11.454204041280835,140.0
541.8,0.0,11.434548611111115,140.0
541.85,0.0,11.414910059799372,140.0
541.9,0.0,11.395288387345666,140.0
541.95,0.0,11.37568359374997,140.0
542.0,0.0,11.35609567901235,140.0
542.05,0.0,11.336524643132707,140.0
542.1,0.0,11.316970486111087,140.0
542.15,0.0,11.297433207947538,140.0
542.1999999999999,0.0,11.27791280864198,140.0
542.25,0.0,11.258409288194434,140.0
542.3,0.0,11.238922646604912,140.0
542.3499999999999,0.0,11.219452883873466,140.0
542.4,0.0,11.199999999999994,140.0
542.4499999999999,0.0,11.180563994984558,140.0
542.5,0.0,11.161144868827135,140.0
542.55,0.0,11.141742621527785,140.0
542.5999999999999,0.0,11.122357253086413,140.0
542.65,0.0,11.102988763503078,140.0
542.7,0.0,11.083637152777753,140.0
542.7499999999999,0.0,11.064302420910504,140.0
542.8,0.0,11.044984567901228,140.0
542.85,0.0,11.025683593749978,140.0
542.9,0.0,11.006399498456766,140.0
542.9499999999999,0.0,10.987132282021614,140.0
543.0,0.0,10.967881944444438,140.0
543.05,0.0,10.948648485725288,140.0
543.1,0.0,10.929431905864174,140.0
543.15,0.0,10.910232204861108,140.0
543.1999999999999,0.0,10.891049382716044,140.0
543.25,0.0,10.871883439428991,140.0
543.3,0.0,10.852734375000013,140.0
543.3499999999999,0.0,10.83360218942901,140.0
543.4,0.0,10.814486882716043,140.0
543.45,0.0,10.79538845486109,140.0
543.4999999999999,0.0,10.776306905864212,140.0
543.55,0.0,10.757242235725306,140.0
543.6,0.0,10.738194444444428,140.0
543.65,0.0,10.719163532021584,140.0
543.6999999999999,0.0,10.70014949845679,140.0
543.75,0.0,10.681152343749998,140.0
543.8,0.0,10.662172067901219,140.0
543.85,0.0,10.643208670910475,140.0
543.9,0.0,10.62426215277778,140.0
543.9499999999999,0.0,10.605332513503086,140.0
544.0,0.0,10.586419753086401,140.0
544.0500000000001,0.0,10.567523871527747,140.0
544.0999999999999,0.0,10.54864486882716,140.0
544.15,0.0,10.529782744984555,140.0
544.2,0.0,10.510937499999983,140.0
544.25,0.0,10.492109133873425,140.0
544.3,0.0,10.47329764660494,140.0
544.35,0.0,10.45450303819443,140.0
544.4,0.0,10.43572530864196,140.0
544.4499999999999,0.0,10.416964457947536,140.0
544.5,0.0,10.398220486111112,140.0
544.55,0.0,10.379493393132703,140.0
544.6,0.0,10.360783179012317,140.0
544.65,0.0,10.342089843750005,140.0
544.6999999999999,0.0,10.323413387345681,140.0
544.75,0.0,10.30475380979937,140.0
544.8000000000001,0.0,10.286111111111083,140.0
544.8499999999999,0.0,10.26748529128087,140.0
544.9,0.0,10.248876350308635,140.0
544.95,0.0,10.230284288194431,140.0
545.0,0.0,10.211709104938244,140.0
545.05,0.0,10.19315080054013,140.0
545.1,0.0,10.17460937499999,140.0
545.15,0.0,10.156084828317889,140.0
545.2,0.0,10.137577160493802,140.0
545.25,0.0,10.119086371527784,140.0
545.3,0.0,10.100612461419745,140.0
545.35,0.0,10.082155430169731,140.0
545.4,0.0,10.063715277777787,140.0
545.4499999999999,0.0,10.045292004243834,140.0
545.5,0.0,10.026885609567895,140.0
545.55,0.0,10.008496093749976,140.0
545.5999999999999,0.0,9.990123456790133,140.0
545.65,0.0,9.971767698688266,140.0
545.6999999999999,0.0,9.953428819444436,140.0
545.75,0.0,9.93510681905862,140.0
545.8,0.0,9.916801697530875,140.0
545.8499999999999,0.0,9.898513454861106,140.0
545.9,0.0,9.880242091049375,140.0
545.95,0.0,9.861987606095658,140.0
545.9999999999999,0.0,9.84375000000001,140.0
546.05,0.0,9.825529272762342,140.0
546.1,0.0,9.807325424382697,140.0
546.15,0.0,9.789138454861089,140.0
546.1999999999999,0.0,9.77096836419753,140.0
546.25,0.0,9.752815152391971,140.0
546.3,0.0,9.734678819444426,140.0
546.35,0.0,9.716559365354916,140.0
546.4,0.0,9.698456790123455,140.0
546.4499999999999,0.0,9.680371093749995,140.0
546.5,0.0,9.66230227623455,140.0
546.55,0.0,9.644250337577175,140.0
546.5999999999999,0.0,9.626215277777778,140.0
546.65,0.0,9.608197096836404,140.0
546.7,0.0,9.590195794753068,140.0
546.7499999999999,0.0,9.572211371527793,140.0
546.8,0.0,9.554243827160493,140.0
546.85,0.0,9.536293161651221,140.0
546.9,0.0,9.518359374999982,140.0
546.9499999999999,0.0,9.500442467206792,140.0
547.0,0.0,9.482542438271604,140.0
547.05,0.0,9.46465928819443,140.0
547.1,0.0,9.446793016975281,140.0
547.15,0.0,9.428943624614202,140.0
547.1999999999999,0.0,9.411111111111113,140.0
547.25,0.0,9.393295476466035,140.0
547.3000000000001,0.0,9.375496720678985,140.0
547.3499999999999,0.0,9.357714843750005,140.0
547.4,0.0,9.339949845679001,140.0
547.45,0.0,9.322201726466036,140.0
547.5,0.0,9.304470486111082,140.0
547.55,0.0,9.2867561246142,140.0
547.6,0.0,9.269058641975299,140.0
547.65,0.0,9.251378038194431,140.0
547.6999999999999,0.0,9.23371431327161,140.0
547.75,0.0,9.216067467206793,140.0
547.8,0.0,9.19843749999999,140.0
547.85,0.0,9.18082441165121,140.0
547.9,0.0,9.1632282021605,140.0
547.9499999999999,0.0,9.145648871527781,140.0
548.0,0.0,9.128086419753076,140.0
548.0500000000001,0.0,9.110540846836395,140.0
548.0999999999999,0.0,9.093012152777785,140.0
548.15,0.0,9.075500337577152,140.0
548.2,0.0,9.058005401234558,140.0
548.25,0.0,9.040527343749979,140.0
548.3,0.0,9.023066165123463,140.0
548.35,0.0,9.005621865354932,140.0
548.4,0.0,8.988194444444435,140.0
548.45,0.0,8.970783902391952,140.0
548.4999999999999,0.0,8.953390239197537,140.0
548.55,0.0,8.936013454861106,140.0
548.6,0.0,8.918653549382697,140.0
548.65,0.0,8.901310522762323,140.0
548.6999999999999,0.0,8.883984374999997,140.0
548.75,0.0,8.866675106095673,140.0
548.8,0.0,8.849382716049362,140.0
548.8499999999999,0.0,8.832107204861122,140.0
548.9,0.0,8.814848572530861,140.0
548.9499999999999,0.0,8.797606819058636,140.0
549.0,0.0,8.780381944444425,140.0
549.05,0.0,8.763173948688282,140.0
549.0999999999999,0.0,8.745982831790121,140.0
549.15,0.0,8.728808593749983,140.0
549.2,0.0,8.711651234567881,140.0
549.2499999999999,0.0,8.694510754243838,140.0
549.3,0.0,8.677387152777774,140.0
549.35,0.0,8.660280430169736,140.0
549.4,0.0,8.643190586419735,140.0
549.4499999999999,0.0,8.626117621527778,140.0
549.5,0.0,8.609061535493824,140.0
549.55,0.0,8.592022328317885,140.0
549.6,0.0,8.57499999999997,140.0
549.65,0.0,8.557994550540124,140.0
549.6999999999999,0.0,8.54100597993827,140.0
549.75,0.0,8.524034288194427,140.0
549.8000000000001,0.0,8.507079475308611,140.0
549.8499999999999,0.0,8.490141541280865,140.0
549.9,0.0,8.4732204861111,140.0
549.95,0.0,8.456316309799368,140.0
549.9999999999999,0.0,8.439429012345693,140.0
550.05,0.0,8.42255859375,140.0
550.1,0.0,8.405705054012333,140.0
550.15,0.0,8.388868393132702,140.0
550.1999999999999,0.0,8.372048611111115,140.0
550.25,0.0,8.355245707947532,140.0
550.3,0.0,8.338459683641963,140.0
550.35,0.0,8.321690538194419,140.0
550.4,0.0,8.304938271604943,140.0
550.4499999999999,0.0,8.288202883873458,140.0
550.5,0.0,8.271484374999988,140.0
550.5500000000001,0.0,8.254782744984542,140.0
550.5999999999999,0.0,8.238097993827164,140.0
550.65,0.0,8.221430121527769,140.0
550.7,0.0,8.204779128086408,140.0
550.75,0.0,8.188145013503062,140.0
550.8,0.0,8.171527777777783,140.0
550.85,0.0,8.154927420910486,140.0
550.9,0.0,8.138343942901223,140.0
550.95,0.0,8.121777343749974,140.0
551.0,0.0,8.105227623456793,140.0
551.05,0.0,8.088694782021594,140.0
551.1,0.0,8.072178819444423,140.0
551.15,0.0,8.055679735725317,140.0
551.1999999999999,0.0,8.039197530864191,140.0
551.25,0.0,8.022732204861102,140.0
551.3,0.0,8.006283757716028,140.0
551.3499999999999,0.0,7.989852189429021,140.0
551.4,0.0,7.973437499999995,140.0
551.4499999999999,0.0,7.9570396894290045,140.0
551.5,0.0,7.940658757716029,140.0
551.55,0.0,7.9242947048611185,140.0
551.5999999999999,0.0,7.9079475308641936,140.0
551.65,0.0,7.891617235725291,140.0
551.7,0.0,7.875303819444423,140.0
551.7499999999999,0.0,7.859007282021613,140.0
551.8,0.0,7.842727623456786,140.0
551.85,0.0,7.8264648437499815,140.0
551.9,0.0,7.810218942901214,140.0
551.9499999999999,0.0,7.793989920910492,140.0
552.0,0.0,7.777777777777772,140.0
552.05,0.0,7.761582513503068,140.0
552.0999999999999,0.0,7.745404128086431,140.0
552.15,0.0,7.729242621527775,140.0
552.1999999999999,0.0,7.713097993827155,140.0
552.25,0.0,7.696970244984551,140.0
552.3,0.0,7.680859375000012,140.0
552.3499999999999,0.0,7.664765383873454,140.0
552.4,0.0,7.648688271604923,140.0
552.45,0.0,7.632628038194427,140.0
552.4999999999999,0.0,7.616584683641986,140.0
552.55,0.0,7.60055820794753,140.0
552.6,0.0,7.584548611111097,140.0
552.65,0.0,7.5685558931327,140.0
552.6999999999999,0.0,7.552580054012347,140.0
552.75,0.0,7.536621093749999,140.0
552.8,0.0,7.520679012345664,140.0
552.85,0.0,7.5047538097993565,140.0
552.9,0.0,7.488845486111114,140.0
552.9499999999999,0.0,7.472954041280864,140.0
553.0,0.0,7.457079475308628,140.0
553.0500000000001,0.0,7.441221788194419,140.0
553.0999999999999,0.0,7.425380979938274,140.0
553.15,0.0,7.409557050540112,140.0
553.2,0.0,7.3937499999999865,140.0
553.2499999999999,0.0,7.3779598283179055,140.0
553.3,0.0,7.362186535493828,140.0
553.35,0.0,7.346430121527766,140.0
553.4,0.0,7.330690586419739,140.0
553.4499999999999,0.0,7.314967930169758,140.0
553.5,0.0,7.29926215277778,140.0
553.55,0.0,7.283573254243817,140.0
553.6,0.0,7.267901234567878,140.0
553.65,0.0,7.252246093750005,140.0
553.6999999999999,0.0,7.236607831790115,140.0
553.75,0.0,7.220986448688262,140.0
553.8000000000001,0.0,7.205381944444422,140.0
553.8499999999999,0.0,7.189794319058647,140.0
553.9,0.0,7.174223572530857,140.0
553.95,0.0,7.158669704861101,140.0
554.0,0.0,7.143132716049361,140.0
554.05,0.0,7.127612606095684,140.0
554.1,0.0,7.112109374999993,140.0
554.15,0.0,7.096623022762326,140.0
554.2,0.0,7.081153549382694,140.0
554.25,0.0,7.065700954861117,140.0
554.3,0.0,7.0502652391975245,140.0
554.35,0.0,7.034846402391956,140.0
554.4,0.0,7.019444444444453,140.0
554.4499999999999,0.0,7.004059365354934,140.0
554.5,0.0,6.988691165123449,140.0
554.55,0.0,6.973339843749981,140.0
554.5999999999999,0.0,6.958005401234575,140.0
554.65,0.0,6.942687837577156,140.0
554.6999999999999,0.0,6.927387152777771,140.0
554.75,0.0,6.9121033468364015,140.0
554.8,0.0,6.896836419753095,140.0
554.8499999999999,0.0,6.881586371527774,140.0
554.9,0.0,6.866353202160478,140.0
554.95,0.0,6.851136911651216,140.0
554.9999999999999,0.0,6.835937500000009,140.0
555.05,0.0,6.820754967206787,140.0
555.1,0.0,6.80558931327159,140.0
555.15,0.0,6.790440538194426,140.0
555.1999999999999,0.0,6.7753086419753075,140.0
555.25,0.0,6.760193624614194,140.0
555.3,0.0,6.745095486111095,140.0
555.35,0.0,6.7300142264660225,140.0
555.4,0.0,6.714949845679012,140.0
555.4499999999999,0.0,6.699902343749997,140.0
555.5,0.0,6.684871720678997,140.0
555.55,0.0,6.66985797646606,140.0
555.5999999999999,0.0,6.654861111111111,140.0
555.65,0.0,6.639881124614186,140.0
555.7,0.0,6.624918016975294,140.0
555.7499999999999,0.0,6.609971788194446,140.0
555.8,0.0,6.595042438271604,140.0
555.85,0.0,6.580129967206778,140.0
555.9,0.0,6.565234374999986,140.0
555.9499999999999,0.0,6.5503556616512375,140.0
556.0,0.0,6.535493827160494,140.0
556.05,0.0,6.520648871527766,140.0
556.1,0.0,6.505820794753062,140.0
556.15,0.0,6.491009596836422,140.0
556.1999999999999,0.0,6.476215277777769,140.0
556.25,0.0,6.461437837577149,140.0
556.3000000000001,0.0,6.446677276234544,140.0
556.3499999999999,0.0,6.431933593750003,140.0
556.4,0.0,6.417206790123449,140.0
556.45,0.0,6.4024968653549275,140.0
556.5,0.0,6.3878038194444215,140.0
556.55,0.0,6.373127652391978,140.0
556.6,0.0,6.358468364197522,140.0
556.65,0.0,6.3438259548610905,140.0
556.6999999999999,0.0,6.329200424382722,140.0
556.75,0.0,6.314591772762348,140.0
556.8,0.0,6.299999999999992,140.0
556.85,0.0,6.2854251060956585,140.0
556.9,0.0,6.270867091049389,140.0
556.9499999999999,0.0,6.256325954861105,140.0
557.0,0.0,6.241801697530856,140.0
557.0500000000001,0.0,6.227294319058622,140.0
557.0999999999999,0.0,6.21280381944445,140.0
557.15,0.0,6.198330198688265,140.0
557.2,0.0,6.183873456790115,140.0
557.25,0.0,6.1694335937499805,140.0
557.3,0.0,6.155010609567907,140.0
557.35,0.0,6.1406045042438215,140.0
557.4,0.0,6.126215277777761,140.0
557.45,0.0,6.111842930169734,140.0
557.5,0.0,6.0974874614197585,140.0
557.55,0.0,6.083148871527772,140.0
557.6,0.0,6.06882716049381,140.0
557.65,0.0,6.05452232831791,140.0
557.6999999999999,0.0,6.040234374999997,140.0
557.75,0.0,6.025963300540118,140.0
557.8,0.0,6.011709104938256,140.0
557.8499999999999,0.0,5.997471788194454,140.0
557.9,0.0,5.983251350308639,140.0
557.9499999999999,0.0,5.969047791280859,140.0
558.0,0.0,5.954861111111095,140.0
558.05,0.0,5.940691309799392,140.0
558.0999999999999,0.0,5.926538387345676,140.0
558.15,0.0,5.912402343749986,140.0
558.2,0.0,5.89828317901233,140.0
558.2499999999999,0.0,5.884180893132717,140.0
558.3,0.0,5.870095486111109,140.0
558.35,0.0,5.856026957947518,140.0
558.4,0.0,5.84197530864196,140.0
558.4499999999999,0.0,5.8279405381944445,140.0
558.5,0.0,5.813922646604936,140.0
558.55,0.0,5.799921633873444,140.0
558.6,0.0,5.785937499999976,140.0
558.65,0.0,5.771970244984568,140.0
558.6999999999999,0.0,5.75801986882715,140.0
558.75,0.0,5.744086371527764,140.0
558.8,0.0,5.7301697530864315,140.0
558.8499999999999,0.0,5.716270013503087,140.0
558.9,0.0,5.702387152777768,140.0
558.95,0.0,5.688521170910481,140.0
558.9999999999999,0.0,5.674672067901238,140.0
559.05,0.0,5.660839843750001,140.0
559.1,0.0,5.64702449845678,140.0
559.15,0.0,5.633226032021584,140.0
559.1999999999999,0.0,5.619444444444447,140.0
559.25,0.0,5.60567973572531,140.0
559.3,0.0,5.591931905864188,140.0
559.35,0.0,5.5782009548610905,140.0
559.4,0.0,5.564486882716054,140.0
559.4499999999999,0.0,5.5507896894290045,140.0
559.5,0.0,5.53710937499999,140.0
559.5500000000001,0.0,5.523445939428992,140.0
559.5999999999999,0.0,5.509799382716054,140.0
559.65,0.0,5.496169704861105,140.0
559.7,0.0,5.482556905864189,140.0
559.75,0.0,5.468960985725288,140.0
559.8,0.0,5.455381944444448,140.0
559.85,0.0,5.441819782021598,140.0
559.9,0.0,5.428274498456773,140.0
559.9499999999999,0.0,5.414746093750006,140.0
560.0,0.0,5.401234567901239,140.0
560.05,0.0,5.387739920910486,140.0
560.1,0.0,5.37426215277776,140.0
560.15,0.0,5.3608012635030935,140.0
560.1999999999999,0.0,5.3473572530864155,140.0
560.25,0.0,5.3339301215277715,140.0
560.3000000000001,0.0,5.320519868827144,140.0
560.3499999999999,0.0,5.3071264949845744,140.0
560.4,0.0,5.293749999999996,140.0
560.45,0.0,5.280390383873451,140.0
560.5,0.0,5.267047646604921,140.0
560.55,0.0,5.253721788194452,140.0
560.5999999999999,0.0,5.240412808641971,140.0
560.65,0.0,5.227120707947517,140.0
560.7,0.0,5.2138454861110946,140.0
560.7499999999999,0.0,5.200587143132715,140.0
560.8,0.0,5.187345679012342,140.0
560.85,0.0,5.174121093749986,140.0
560.9,0.0,5.160913387345663,140.0
560.9499999999999,0.0,5.14772255979938,140.0
561.0,0.0,5.134548611111108,140.0
561.05,0.0,5.12139154128085,140.0
561.0999999999999,0.0,5.108251350308651,140.0
561.15,0.0,5.095128038194443,140.0
561.1999999999999,0.0,5.0820216049382605,140.0
561.25,0.0,5.068932050540109,140.0
561.3,0.0,5.05585937500001,140.0
561.3499999999999,0.0,5.0428035783178995,140.0
561.4,0.0,5.029764660493815,140.0
561.45,0.0,5.016742621527763,140.0
561.4999999999999,0.0,5.003737461419754,140.0
561.55,0.0,4.990749180169752,140.0
561.6,0.0,4.977777777777766,140.0
561.65,0.0,4.9648232542438056,140.0
561.6999999999999,0.0,4.951885609567904,140.0
561.75,0.0,4.938964843749999,140.0
561.8,0.0,4.926060956790113,140.0
561.85,0.0,4.913173948688251,140.0
561.9,0.0,4.900303819444446,140.0
561.9499999999999,0.0,4.887450569058633,140.0
562.0,0.0,4.874614197530853,140.0
562.0500000000001,0.0,4.861794704861091,140.0
562.0999999999999,0.0,4.848992091049385,140.0
562.15,0.0,4.83620635609567,140.0
562.2,0.0,4.82343749999999,140.0
562.2499999999999,0.0,4.81068552276235,140.0
562.3,0.0,4.797950424382718,140.0
562.35,0.0,4.785232204861103,140.0
562.4,0.0,4.772530864197512,140.0
562.4499999999999,0.0,4.759846402391979,140.0
562.5,0.0,4.747178819444446,140.0
562.55,0.0,4.73452811535493,140.0
562.6,0.0,4.721894290123439,140.0
562.65,0.0,4.709277343750004,140.0
562.6999999999999,0.0,4.696677276234562,140.0
562.75,0.0,4.684094087577152,140.0
562.8000000000001,0.0,4.671527777777761,140.0
562.8499999999999,0.0,4.658978346836424,140.0
562.9,0.0,4.646445794753081,140.0
562.95,0.0,4.63393012152777,140.0
563.0,0.0,4.621431327160477,140.0
563.05,0.0,4.608949411651239,140.0
563.1,0.0,4.596484374999994,140.0
563.15,0.0,4.584036217206774,140.0
563.2,0.0,4.571604938271587,140.0
563.25,0.0,4.55919053819444,140.0
563.3,0.0,4.546793016975303,140.0
563.35,0.0,4.534412374614182,140.0
563.4,0.0,4.522048611111118,140.0
563.4499999999999,0.0,4.509701726466046,140.0
563.5,0.0,4.497371720679007,140.0
563.55,0.0,4.485058593749984,140.0
563.5999999999999,0.0,4.472762345679019,140.0
563.65,0.0,4.460482976466046,140.0
563.6999999999999,0.0,4.448220486111099,140.0
563.75,0.0,4.435974874614183,140.0
563.8,0.0,4.4237461419753155,140.0
563.8499999999999,0.0,4.411534288194442,140.0
563.9,0.0,4.399339313271593,140.0
563.95,0.0,4.387161217206776,140.0
563.9999999999999,0.0,4.374999999999999,140.0
564.05,0.0,4.362855661651231,140.0
564.1,0.0,4.350728202160481,140.0
564.15,0.0,4.338617621527756,140.0
564.1999999999999,0.0,4.326523919753086,140.0
564.25,0.0,4.3144470968364175,140.0
564.3,0.0,4.302387152777766,140.0
564.3499999999999,0.0,4.29034408757717,140.0
564.4,0.0,4.278317901234568,140.0
564.4499999999999,0.0,4.26630859374999,140.0
564.5,0.0,4.254316165123445,140.0
564.55,0.0,4.242340615354947,140.0
564.5999999999999,0.0,4.230381944444445,140.0
564.65,0.0,4.218440152391966,140.0
564.7,0.0,4.206515239197519,140.0
564.7499999999999,0.0,4.194607204861113,140.0
564.8,0.0,4.182716049382716,140.0
564.85,0.0,4.170841772762336,140.0
564.9,0.0,4.158984374999981,140.0
564.9499999999999,0.0,4.147143856095681,140.0
565.0,0.0,4.135320216049383,140.0
565.05,0.0,4.1235134548611025,140.0
565.1,0.0,4.111723572530845,140.0
565.15,0.0,4.099950569058644,140.0
565.1999999999999,0.0,4.088194444444437,140.0
565.25,0.0,4.0764551986882624,140.0
565.3000000000001,0.0,4.0647328317901055,140.0
565.3499999999999,0.0,4.053027343750003,140.0
565.4,0.0,4.041338734567894,140.0
565.45,0.0,4.0296670042438185,140.0
565.4999999999999,0.0,4.018012152777782,140.0
565.55,0.0,4.006374180169756,140.0
565.6,0.0,3.994753086419746,140.0
565.65,0.0,3.9831488715277614,140.0
565.6999999999999,0.0,3.9715615354938314,140.0
565.75,0.0,3.959991078317896,140.0
565.8,0.0,3.9484374999999936,140.0
565.85,0.0,3.9369008005401076,140.0
565.9,0.0,3.9253809799382764,140.0
565.9499999999999,0.0,3.91387803819444,140.0
566.0,0.0,3.9023919753086362,140.0
566.0500000000001,0.0,3.890922791280849,140.0
566.0999999999999,0.0,3.879470486111116,140.0
566.15,0.0,3.8680350597993787,140.0
566.2,0.0,3.8566165123456653,140.0
566.25,0.0,3.8452148437499845,140.0
566.3,0.0,3.8338300540123504,140.0
566.35,0.0,3.822462143132712,140.0
566.4,0.0,3.811111111111098,140.0
566.45,0.0,3.7997769579475156,140.0
566.5,0.0,3.7884596836419733,140.0
566.55,0.0,3.7771592881944405,140.0
566.6,0.0,3.765875771604925,140.0
566.65,0.0,3.7546091338734637,140.0
566.6999999999999,0.0,3.7433593749999976,140.0
566.75,0.0,3.7321264949845645,140.0
566.8,0.0,3.7209104938271476,140.0
566.8499999999999,0.0,3.709711371527785,140.0
566.9,0.0,3.698529128086418,140.0
566.9499999999999,0.0,3.687363763503076,140.0
567.0,0.0,3.6762152777777652,140.0
567.05,0.0,3.6650836709105006,140.0
567.0999999999999,0.0,3.6539689429012334,140.0
567.15,0.0,3.64287109374999,140.0
567.2,0.0,3.6317901234567778,140.0
567.2499999999999,0.0,3.620726032021605,140.0
567.3,0.0,3.6096788194444427,140.0
567.35,0.0,3.5986484857252985,140.0
567.4,0.0,3.5876350308641785,140.0
567.4499999999999,0.0,3.5766384548611114,140.0
567.5,0.0,3.5656587577160477,140.0
567.55,0.0,3.5546959394290023,140.0
567.6,0.0,3.543749999999981,140.0
567.65,0.0,3.5328209394290133,140.0
567.6999999999999,0.0,3.521908757716041,140.0
567.75,0.0,3.511013454861101,140.0
567.8,0.0,3.5001350308642,140.0
567.8499999999999,0.0,3.489273485725309,140.0
567.9,0.0,3.4784288194444364,140.0
567.95,0.0,3.4676010320215953,140.0
567.9999999999999,0.0,3.4567901234567926,140.0
568.05,0.0,3.4459960937500007,140.0
568.1,0.0,3.435218942901227,140.0
568.15,0.0,3.424458670910478,140.0
568.1999999999999,0.0,3.4137152777777806,140.0
568.25,0.0,3.402988763503081,140.0
568.3,0.0,3.392279128086412,140.0
568.35,0.0,3.3815863715277614,140.0
568.4,0.0,3.3709104938271635,140.0
568.4499999999999,0.0,3.360251494984562,140.0
568.5,0.0,3.349609374999993,140.0
568.5500000000001,0.0,3.3389841338734407,140.0
568.5999999999999,0.0,3.3283757716049416,140.0
568.65,0.0,3.3177842881944395,140.0
568.7,0.0,3.3072096836419678,140.0
568.75,0.0,3.2966519579475153,140.0
568.8,0.0,3.286111111111114,140.0
568.85,0.0,3.275587143132711,140.0
568.9,0.0,3.2650800540123317,140.0
568.9499999999999,0.0,3.2545898437500047,140.0
569.0,0.0,3.2441165123456757,140.0
569.05,0.0,3.233660059799378,140.0
569.1,0.0,3.223220486111098,140.0
569.15,0.0,3.2127977912808694,140.0
569.1999999999999,0.0,3.2023919753086387,140.0
569.25,0.0,3.1920030381944398,140.0
569.3000000000001,0.0,3.1816309799382587,140.0
569.3499999999999,0.0,3.1712758005401285,140.0
569.4,0.0,3.1609374999999966,140.0
569.45,0.0,3.15061607831789,140.0
569.5,0.0,3.140311535493814,140.0
569.55,0.0,3.130023871527783,140.0
569.6,0.0,3.1197530864197502,140.0
569.65,0.0,3.1094991801697422,140.0
569.7,0.0,3.099262152777765,140.0
569.75,0.0,3.089042004243826,140.0
569.8,0.0,3.0788387345678982,140.0
569.85,0.0,3.0686523437499886,140.0
569.9,0.0,3.0584828317901307,140.0
569.9499999999999,0.0,3.0483301986882707,140.0
570.0,0.0,3.0381944444444415,140.0
570.05,0.0,3.028075569058631,140.0
570.0999999999999,0.0,3.0179735725308716,140.0
570.15,0.0,3.0078884548611104,140.0
570.1999999999999,0.0,2.9978202160493734,140.0
570.25,0.0,2.9877688560956686,140.0
570.3,0.0,2.9777343750000007,140.0
570.3499999999999,0.0,2.967716772762345,140.0
570.4,0.0,2.9577160493827073,140.0
570.45,0.0,2.9477322048611008,140.0
570.4999999999999,0.0,2.9377652391975317,140.0
570.55,0.0,2.9278151523919744,140.0
570.6,0.0,2.9178819444444355,140.0
570.65,0.0,2.9079656153549216,140.0
570.6999999999999,0.0,2.8980661651234576,140.0
570.75,0.0,2.8881835937499933,140.0
570.8,0.0,2.8783179012345594,140.0
570.85,0.0,2.8684690875771444,140.0
570.9,0.0,2.8586371527777787,140.0
570.9499999999999,0.0,2.848822096836413,140.0
571.0,0.0,2.839023919753078,140.0
571.05,0.0,2.8292426215277806,140.0
571.0999999999999,0.0,2.819478202160495,140.0
571.15,0.0,2.809730661651228,140.0
571.2,0.0,2.7999999999999923,140.0
571.2499999999999,0.0,2.7902862172067926,140.0
571.3,0.0,2.7805893132716064,140.0
571.35,0.0,2.770909288194438,140.0
571.4,0.0,2.761246141975295,140.0
571.4499999999999,0.0,2.751599874614201,140.0
571.5,0.0,2.7419704861111063,140.0
571.55,0.0,2.7323579764660435,140.0
571.6,0.0,2.7227623456789987,140.0
571.65,0.0,2.7131835937500033,140.0
571.6999999999999,0.0,2.703621720679008,140.0
571.75,0.0,2.6940767264660437,140.0
571.8000000000001,0.0,2.6845486111110977,140.0
571.8499999999999,0.0,2.675037374614201,140.0
571.9,0.0,2.6655430169753047,140.0
571.95,0.0,2.6560655381944325,140.0
572.0,0.0,2.646604938271592,140.0
572.05,0.0,2.6371612172067938,140.0
572.1,0.0,2.6277343749999957,140.0
572.15,0.0,2.6183244116512228,140.0
572.1999999999999,0.0,2.608931327160499,140.0
572.25,0.0,2.5995551215277755,140.0
572.3,0.0,2.590195794753083,140.0
572.35,0.0,2.5808533468364088,140.0
572.4,0.0,2.571527777777783,140.0
572.4499999999999,0.0,2.5622190875771587,140.0
572.5,0.0,2.552927276234564,140.0
572.5500000000001,0.0,2.543652343749989,140.0
572.5999999999999,0.0,2.534394290123462,140.0
572.65,0.0,2.5251531153549363,140.0
572.6999999999999,0.0,2.515928819444435,140.0
572.75,0.0,2.5067214023919644,140.0
572.8,0.0,2.4975308641975302,140.0
572.8499999999999,0.0,2.488357204861109,140.0
572.9,0.0,2.4792004243827064,140.0
572.95,0.0,2.470060522762335,140.0
572.9999999999999,0.0,2.4609375,140.0
573.05,0.0,2.451831356095677,140.0
573.1,0.0,2.442742091049374,140.0
573.15,0.0,2.4336697048610954,140.0
573.1999999999999,0.0,2.4246141975308637,140.0
573.25,0.0,2.4155755690586407,140.0
573.3,0.0,2.4065538194444356,140.0
573.3499999999999,0.0,2.397548948688279,140.0
573.4,0.0,2.388560956790123,140.0
573.4499999999999,0.0,2.379589843749993,140.0
573.5,0.0,2.3706356095678927,140.0
573.55,0.0,2.3616982542438287,140.0
573.5999999999999,0.0,2.3527777777777783,140.0
573.65,0.0,2.3438741801697462,140.0
573.7,0.0,2.3349874614197446,140.0
573.7499999999999,0.0,2.3261176215277795,140.0
573.8,0.0,2.3172646604938274,140.0
573.85,0.0,2.3084285783178946,140.0
573.9,0.0,2.299609374999986,140.0
573.9499999999999,0.0,2.290807050540125,140.0
574.0,0.0,2.282021604938266,140.0
574.05,0.0,2.273253038194438,140.0
574.1,0.0,2.2645013503086284,140.0
574.15,0.0,2.255766541280866,140.0
574.1999999999999,0.0,2.247048611111106,140.0
574.25,0.0,2.2383475597993763,140.0
574.3000000000001,0.0,2.2296633873456653,140.0
574.3499999999999,0.0,2.220996093750002,140.0
574.4,0.0,2.2123456790123406,140.0
574.45,0.0,2.2037121431327042,140.0
574.4999999999999,0.0,2.1950954861111143,140.0
574.55,0.0,2.186495707947533,140.0
574.6,0.0,2.1779128086419703,140.0
574.65,0.0,2.169346788194433,140.0
574.6999999999999,0.0,2.1607976466049417,140.0
574.75,0.0,2.1522653838734533,140.0
574.8,0.0,2.1437499999999954,140.0
574.85,0.0,2.1352514949845567,140.0
574.9,0.0,2.126769868827164,140.0
574.9499999999999,0.0,2.118305121527775,140.0
575.0,0.0,2.1098572530864153,140.0
575.0500000000001,0.0,2.101426263503075,140.0
575.0999999999999,0.0,2.0930121527777814,140.0
575.15,0.0,2.0846149209104907,140.0
575.2,0.0,2.076234567901225,140.0
575.25,0.0,2.0678710937499893,140.0
575.3,0.0,2.0595244984567884,140.0
575.35,0.0,2.051194782021602,140.0
575.4,0.0,2.042881944444435,140.0
575.4499999999999,0.0,2.0345859857253137,140.0
575.5,0.0,2.026306905864196,140.0
575.55,0.0,2.0180447048611083,140.0
575.6,0.0,2.00979938271604,140.0
575.65,0.0,2.0015709394290173,140.0
575.6999999999999,0.0,1.9933593749999987,140.0
575.75,0.0,1.9851646894290096,140.0
575.8,0.0,1.9769868827160402,140.0
575.8499999999999,0.0,1.9688259548611164,140.0
575.9,0.0,1.9606819058641964,140.0
575.9499999999999,0.0,1.952554735725301,140.0
576.0,0.0,1.9444444444444355,140.0
576.05,0.0,1.9363510320216053,140.0
576.0999999999999,0.0,1.9282744984567888,140.0
576.15,0.0,1.9202148437499924,140.0
576.2,0.0,1.912172067901226,140.0
576.2499999999999,0.0,1.904146170910494,140.0
576.3,0.0,1.896137152777777,140.0
576.35,0.0,1.8881450135030793,140.0
576.4,0.0,1.8801697530864059,140.0
576.4499999999999,0.0,1.8722113715277784,140.0
576.5,0.0,1.8642698688271546,140.0
576.55,0.0,1.8563452449845608,140.0
576.5999999999999,0.0,1.8484375000000068,140.0
576.65,0.0,1.840546633873457,140.0
576.6999999999999,0.0,1.8326726466049323,140.0
576.75,0.0,1.8248155381944375,140.0
576.8,0.0,1.816975308641977,140.0
576.8499999999999,0.0,1.8091519579475315,140.0
576.9,0.0,1.8013454861111056,140.0
576.95,0.0,1.793555893132704,140.0
576.9999999999999,0.0,1.7857831790123475,140.0
577.05,0.0,1.7780273437500007,140.0
577.1,0.0,1.7702883873456734,140.0
577.15,0.0,1.7625663097993711,140.0
577.1999999999999,0.0,1.7548611111111132,140.0
577.25,0.0,1.74717279128086,140.0
577.3,0.0,1.7395013503086365,140.0
577.35,0.0,1.7318467881944333,140.0
577.4,0.0,1.7242091049382737,140.0
577.4499999999999,0.0,1.7165883005401195,140.0
577.5,0.0,1.708984374999995,140.0
577.5500000000001,0.0,1.7013973283178903,140.0
577.5999999999999,0.0,1.6938271604938293,140.0
577.65,0.0,1.6862738715277739,140.0
577.7,0.0,1.6787374614197434,140.0
577.7499999999999,0.0,1.6712179301697565,140.0
577.8,0.0,1.6637152777777802,140.0
577.85,0.0,1.6562295042438235,140.0
577.9,0.0,1.6487606095678915,140.0
577.9499999999999,0.0,1.6413085937500036,140.0
578.0,0.0,1.633873456790121,140.0
578.05,0.0,1.626455198688268,140.0
578.1,0.0,1.619053819444435,140.0
578.15,0.0,1.6116693190586455,140.0
578.1999999999999,0.0,1.6043016975308622,140.0
578.25,0.0,1.5969509548611078,140.0
578.3000000000001,0.0,1.5896170910493734,140.0
578.3499999999999,0.0,1.582300106095683,140.0
578.4,0.0,1.574999999999998,140.0
578.45,0.0,1.5677167727623378,140.0
578.5,0.0,1.560450424382707,140.0
578.55,0.0,1.5532009548611103,140.0
578.6,0.0,1.5459683641975288,140.0
578.65,0.0,1.5387526523919675,140.0
578.7,0.0,1.5315538194444358,140.0
578.75,0.0,1.5243718653549374,140.0
578.8,0.0,1.517206790123455,140.0
578.85,0.0,1.5100585937499924,140.0
578.9,0.0,1.502927276234573,140.0
578.9499999999999,0.0,1.4958128375771598,140.0
579.0,0.0,1.4887152777777715,140.0
579.05,0.0,1.4816345968364122,140.0
579.0999999999999,0.0,1.4745707947530915,140.0
579.15,0.0,1.4675238715277772,140.0
579.1999999999999,0.0,1.4604938271604877,140.0
579.25,0.0,1.4534806616512275,140.0
579.3,0.0,1.4464843750000007,140.0
579.3499999999999,0.0,1.4395049672067894,140.0
579.4,0.0,1.4325424382715988,140.0
579.45,0.0,1.425596788194433,140.0
579.4999999999999,0.0,1.4186680169753094,140.0
579.55,0.0,1.4117561246141972,140.0
579.6,0.0,1.4048611111111053,140.0
579.65,0.0,1.3979829764660383,140.0
579.6999999999999,0.0,1.3911217206790134,140.0
579.75,0.0,1.3842773437499956,140.0
579.8,0.0,1.3774498456790067,140.0
579.85,0.0,1.3706392264660383,140.0
579.9,0.0,1.363845486111112,140.0
579.9499999999999,0.0,1.3570686246141932,140.0
580.0,0.0,1.3503086419753032,140.0
580.05,0.0,1.3435655381944465,140.0
580.0999999999999,0.0,1.336839313271606,140.0
580.15,0.0,1.330129967206786,140.0
580.2,0.0,1.3234374999999903,140.0
580.2499999999999,0.0,1.3167619116512368,140.0
580.3,0.0,1.3101032021604948,140.0
580.35,0.0,1.3034613715277736,140.0
580.4,0.0,1.296836419753077,140.0
580.4499999999999,0.0,1.290228346836422,140.0
580.5,0.0,1.2836371527777746,140.0
580.55,0.0,1.2770628375771564,140.0
580.6,0.0,1.2705054012345587,140.0
580.65,0.0,1.2639648437500024,140.0
580.6999999999999,0.0,1.2574411651234538,140.0
580.75,0.0,1.2509343653549345,140.0
580.8000000000001,0.0,1.2444444444444354,140.0
580.8499999999999,0.0,1.2379714023919777,140.0
580.9,0.0,1.2315152391975281,140.0
580.95,0.0,1.2250759548611034,140.0
581.0,0.0,1.218653549382707,140.0
581.05,0.0,1.2122480227623442,140.0
581.1,0.0,1.2058593749999975,140.0
581.15,0.0,1.1994876060956714,140.0
581.1999999999999,0.0,1.193132716049386,140.0
581.25,0.0,1.1867947048611098,140.0
581.3,0.0,1.1804735725308617,140.0
581.35,0.0,1.1741693190586344,140.0
581.4,0.0,1.167881944444448,140.0
581.4499999999999,0.0,1.1616114486882703,140.0
581.5,0.0,1.155357831790117,140.0
581.5500000000001,0.0,1.1491210937499925,140.0
581.5999999999999,0.0,1.1429012345679048,140.0
581.65,0.0,1.1366982542438258,140.0
581.7,0.0,1.1305121527777713,140.0
581.75,0.0,1.1243429301697458,140.0
581.8,0.0,1.1181905864197528,140.0
581.85,0.0,1.1120551215277765,140.0
581.9,0.0,1.105936535493821,140.0
581.95,0.0,1.0998348283178903,140.0
582.0,0.0,1.0937499999999998,140.0
582.05,0.0,1.0876820505401226,140.0
582.1,0.0,1.0816309799382655,140.0
582.1499999999999,0.0,1.075596788194449,140.0
582.1999999999999,0.0,1.069579475308642,140.0
582.25,0.0,1.0635790412808594,140.0
582.3,0.0,1.0575954861111052,140.0
582.3499999999999,0.0,1.0516288097993876,140.0
582.4,0.0,1.045679012345679,140.0
582.4499999999999,0.0,1.0397460937499952,140.0
582.5,0.0,1.03383005401234,140.0
582.55,0.0,1.0279308931327171,140.0
582.5999999999999,0.0,1.0220486111111113,140.0
582.65,0.0,1.0161832079475264,140.0
582.7,0.0,1.010334683641966,140.0
582.7499999999999,0.0,1.0045030381944455,140.0
582.8,0.0,0.9986882716049383,140.0
582.85,0.0,0.9928903838734524,140.0
582.9,0.0,0.987109374999991,140.0
582.9499999999999,0.0,0.9813452449845691,140.0
583.0,0.0,0.975597993827157,140.0
583.05,0.0,0.9698676215277735,140.0
583.1,0.0,0.9641541280864109,140.0
583.15,0.0,0.9584575135030876,140.0
583.1999999999999,0.0,0.9527777777777745,140.0
583.25,0.0,0.9471149209104897,140.0
583.3,0.0,0.9414689429012368,140.0
583.3499999999999,0.0,0.9358398437500012,140.0
583.4,0.0,0.9302276234567869,140.0
583.45,0.0,0.9246322820215972,140.0
583.4999999999999,0.0,0.9190538194444466,140.0
583.55,0.0,0.9134922357253065,140.0
583.6,0.0,0.9079475308641944,140.0
583.65,0.0,0.9024197048611036,140.0
583.6999999999999,0.0,0.8969087577160517,140.0
583.75,0.0,0.8914146894290103,140.0
583.8,0.0,0.885937499999997,140.0
583.85,0.0,0.880477189429005,140.0
583.9,0.0,0.8750337577160517,140.0
583.9499999999999,0.0,0.8696072048611091,140.0
584.0,0.0,0.8641975308641913,140.0
584.0500000000001,0.0,0.8588047357253016,140.0
584.0999999999999,0.0,0.8534288194444468,140.0
584.15,0.0,0.848069782021603,140.0
584.2,0.0,0.842727623456784,140.0
584.25,0.0,0.837402343749993,140.0
584.3,0.0,0.8320939429012336,140.0
584.35,0.0,0.8268024209104919,140.0
584.4,0.0,0.8215277777777718,140.0
584.4499999999999,0.0,0.8162700135030897,140.0
584.5,0.0,0.8110291280864189,140.0
584.55,0.0,0.8058051215277761,140.0
584.6,0.0,0.8005979938271548,140.0
584.65,0.0,0.7954077449845712,140.0
584.6999999999999,0.0,0.7902343749999992,140.0
584.75,0.0,0.785077883873452,140.0
584.8000000000001,0.0,0.7799382716049327,140.0
584.8499999999999,0.0,0.7748155381944478,140.0
584.9,0.0,0.7697096836419746,140.0
584.9499999999999,0.0,0.7646207079475261,140.0
585.0,0.0,0.7595486111111057,140.0
585.05,0.0,0.7544933931327161,140.0
585.0999999999999,0.0,0.7494550540123451,140.0
585.15,0.0,0.7444335937499954,140.0
585.2,0.0,0.7394290123456704,140.0
585.2499999999999,0.0,0.7344413097993829,140.0
585.3,0.0,0.7294704861111105,140.0
585.35,0.0,0.7245165412808596,140.0
585.4,0.0,0.7195794753086336,140.0
585.4499999999999,0.0,0.7146592881944447,140.0
585.5,0.0,0.709755979938268,140.0
585.55,0.0,0.704869550540119,140.0
585.5999999999999,0.0,0.7000000000000011,140.0
585.65,0.0,0.6951473283179016,140.0
585.6999999999999,0.0,0.6903115354938237,140.0
585.75,0.0,0.6854926215277736,140.0
585.8,0.0,0.6806905864197542,140.0
585.8499999999999,0.0,0.6759054301697535,140.0
585.9,0.0,0.6711371527777744,140.0
585.95,0.0,0.6663857542438201,140.0
585.9999999999999,0.0,0.6616512345679024,140.0
586.05,0.0,0.6569335937499975,140.0
586.1,0.0,0.6522328317901203,140.0
586.15,0.0,0.6475489486882646,140.0
586.1999999999999,0.0,0.6428819444444458,140.0
586.25,0.0,0.6382318190586396,140.0
586.3,0.0,0.633598572530861,140.0
586.35,0.0,0.6289822048611042,140.0
586.4,0.0,0.624382716049384,140.0
586.4499999999999,0.0,0.6198001060956766,140.0
586.5,0.0,0.6152343749999941,140.0
586.5500000000001,0.0,0.6106855227623391,140.0
586.5999999999999,0.0,0.6061535493827175,140.0
586.65,0.0,0.6016384548611089,140.0
586.7,0.0,0.597140239197525,140.0
586.7499999999999,0.0,0.5926589023919775,140.0
586.8,0.0,0.588194444444443,140.0
586.85,0.0,0.5837468653549361,140.0
586.9,0.0,0.5793161651234512,140.0
586.9499999999999,0.0,0.574902343750002,140.0
587.0,0.0,0.5705054012345665,140.0
587.05,0.0,0.5661253375771585,140.0
587.1,0.0,0.5617621527777722,140.0
587.15,0.0,0.557415846836422,140.0
587.1999999999999,0.0,0.5530864197530851,140.0
587.25,0.0,0.5487738715277731,140.0
587.3000000000001,0.0,0.5444782021604885,140.0
587.3499999999999,0.0,0.5401994116512367,140.0
587.4,0.0,0.5359374999999988,140.0
587.45,0.0,0.5316924672067856,140.0
587.5,0.0,0.5274643132715997,140.0
587.55,0.0,0.523253038194444,140.0
587.6,0.0,0.5190586419753076,140.0
587.65,0.0,0.5148811246141931,140.0
587.6999999999999,0.0,0.510720486111114,140.0
587.75,0.0,0.506576726466049,140.0
587.8,0.0,0.5024498456790114,140.0
587.85,0.0,0.49833984374999574,140.0
587.9,0.0,0.4942467206790152,140.0
587.9499999999999,0.0,0.4901704764660491,140.0
588.0,0.0,0.48611111111110766,140.0
588.05,0.0,0.48206862461419336,140.0
588.0999999999999,0.0,0.47804301697530904,140.0
588.15,0.0,0.47403428819444426,140.0
588.1999999999999,0.0,0.47004243827160147,140.0
588.25,0.0,0.4660674672067861,140.0
588.3,0.0,0.4621093750000005,140.0
588.3499999999999,0.0,0.4581681616512344,140.0
588.4,0.0,0.45424382716049055,140.0
588.45,0.0,0.45033637152777145,140.0
588.4999999999999,0.0,0.4464457947530869,140.0
588.55,0.0,0.4425720968364172,140.0
588.6,0.0,0.4387152777777746,140.0
588.65,0.0,0.43487533757715424,140.0
588.6999999999999,0.0,0.43105227623456843,140.0
588.75,0.0,0.4272460937499975,140.0
588.8,0.0,0.4234567901234537,140.0
588.8499999999999,0.0,0.4196843653549394,140.0
588.9,0.0,0.41592881944444504,140.0
588.9499999999999,0.0,0.4121901523919729,140.0
589.0,0.0,0.4084683641975255,140.0
589.05,0.0,0.4047634548611123,140.0
589.0999999999999,0.0,0.4010754243827167,140.0
589.15,0.0,0.39740427276234336,140.0
589.2,0.0,0.3937499999999948,140.0
589.2499999999999,0.0,0.39011260609568027,140.0
589.3,0.0,0.38649209104938104,140.0
589.35,0.0,0.38288845486110895,140.0
589.4,0.0,0.3793016975308591,140.0
589.4499999999999,0.0,0.3757318190586432,140.0
589.5,0.0,0.37217881944444287,140.0
589.55,0.0,0.3686426986882695,140.0
589.6,0.0,0.36512345679011854,140.0
589.65,0.0,0.3616210937500013,140.0
589.6999999999999,0.0,0.3581356095678997,140.0
589.75,0.0,0.35466700424382286,140.0
589.8000000000001,0.0,0.351215277777773,140.0
589.8499999999999,0.0,0.3477804301697544,140.0
589.9,0.0,0.3443624614197517,140.0
589.95,0.0,0.34096137152777367,140.0
589.9999999999999,0.0,0.337577160493829,140.0
590.05,0.0,0.3342098283179004,140.0
590.1,0.0,0.3308593749999987,140.0
590.15,0.0,0.3275258005401194,140.0
590.1999999999999,0.0,0.3242091049382735,140.0
590.25,0.0,0.32090928819444364,140.0
590.3,0.0,0.31762635030864067,140.0
590.35,0.0,0.31436029128086035,140.0
590.4,0.0,0.311111111111113,140.0
590.4499999999999,0.0,0.30787880979938204,140.0
590.5,0.0,0.3046633873456758,140.0
590.5500000000001,0.0,0.30146484374999627,140.0
590.5999999999999,0.0,0.2982831790123456,140.0
590.65,0.0,0.29511839313271543,140.0
590.7,0.0,0.291970486111108,140.0
590.75,0.0,0.2888394579475273,140.0
590.8,0.0,0.2857253086419752,140.0
590.85,0.0,0.2826280381944439,140.0
590.9,0.0,0.2795476466049353,140.0
590.95,0.0,0.2764841338734514,140.0
591.0,0.0,0.27343749999999994,140.0
591.05,0.0,0.27040774498456543,140.0
591.1,0.0,0.26739486882715763,140.0
591.15,0.0,0.26439887152778013,140.0
591.1999999999999,0.0,0.26141975308641974,140.0
591.25,0.0,0.2584575135030841,140.0
591.3,0.0,0.255512152777775,140.0
591.3499999999999,0.0,0.2525836709104943,140.0
591.4,0.0,0.24967206790123458,140.0
591.4499999999999,0.0,0.24677734374999774,140.0
591.5,0.0,0.2438994984567856,140.0
591.55,0.0,0.24103853202160547,140.0
591.5999999999999,0.0,0.2381944444444445,140.0
591.65,0.0,0.23536723572530652,140.0
591.7,0.0,0.23255690586419311,140.0
591.7499999999999,0.0,0.22976345486111166,140.0
591.8,0.0,0.22698688271604775,140.0
591.85,0.0,0.2242271894290103,140.0
591.9,0.0,0.22148437499999574,140.0
591.9499999999999,0.0,0.21875843942901294,140.0
592.0,0.0,0.21604938271604782,140.0
592.05,0.0,0.21335720486110912,140.0
592.1,0.0,0.21068190586419344,140.0
592.15,0.0,0.20802348572530924,140.0
592.1999999999999,0.0,0.20538194444444294,140.0
592.25,0.0,0.20275728202160134,140.0
592.3,0.0,0.20014949845679117,140.0
592.3499999999999,0.0,0.19755859375000062,140.0
592.4,0.0,0.19498456790123317,140.0
592.45,0.0,0.1924274209104904,140.0
592.4999999999999,0.0,0.18988715277777882,140.0
592.55,0.0,0.18736376350308545,140.0
592.6,0.0,0.1848572530864184,140.0
592.65,0.0,0.18236762152777447,140.0
592.6999999999999,0.0,0.17989486882716155,140.0
592.75,0.0,0.177438994984567,140.0
592.8,0.0,0.17499999999999874,140.0
592.85,0.0,0.17257788387345363,140.0
592.9,0.0,0.17017264660493933,140.0
592.9499999999999,0.0,0.1677842881944436,140.0
593.0,0.0,0.16541280864197258,140.0
593.0500000000001,0.0,0.16305820794752782,140.0
593.0999999999999,0.0,0.16072048611111067,140.0
593.15,0.0,0.15839964313271526,140.0
593.2,0.0,0.15609567901234309,140.0
593.25,0.0,0.15380859374999706,140.0
593.3,0.0,0.15153838734567862,140.0
593.35,0.0,0.149285059799382,140.0
593.4,0.0,0.1470486111111086,140.0
593.4499999999999,0.0,0.1448290412808656,140.0
593.5,0.0,0.14262635030864163,140.0
593.55,0.0,0.14044053819444238,140.0
593.6,0.0,0.13827160493826923,140.0
593.65,0.0,0.13611955054012487,140.0
593.6999999999999,0.0,0.1339843749999997,140.0
593.75,0.0,0.1318660783178993,140.0
593.8000000000001,0.0,0.12976466049382487,140.0
593.8499999999999,0.0,0.12768012152777786,140.0
593.9,0.0,0.12561246141975285,140.0
593.95,0.0,0.12356168016975122,140.0
594.0,0.0,0.12152777777777429,140.0
594.05,0.0,0.11951075424382726,140.0
594.1,0.0,0.117510609567901,140.0
594.15,0.0,0.11552734374999822,140.0
594.2,0.0,0.11356095679012013,140.0
594.25,0.0,0.11161144868827172,140.0
594.3,0.0,0.10967881944444305,140.0
594.35,0.0,0.10776306905864028,140.0
594.3999999999999,0.0,0.10586419753086586,140.0
594.4499999999999,0.0,0.10398220486111126,140.0
594.5,0.0,0.10211709104938138,140.0
594.55,0.0,0.1002688560956774,140.0
594.5999999999999,0.0,0.09843750000000046,140.0
594.65,0.0,0.09662302276234584,140.0
594.6999999999999,0.0,0.09482542438271478,140.0
594.75,0.0,0.09304470486110847,140.0
594.8,0.0,0.09128086419753133,140.0
594.8499999999999,0.0,0.08953390239197549,140.0
594.9,0.0,0.08780381944444325,140.0
594.95,0.0,0.08609061535493573,140.0
594.9999999999999,0.0,0.08439429012345726,140.0
595.05,0.0,0.08271484374999913,140.0
595.1,0.0,0.08105227623456679,140.0
595.15,0.0,0.07940658757715809,140.0
595.1999999999999,0.0,0.07777777777777825,140.0
595.25,0.0,0.07616584683641894,140.0
595.3,0.0,0.07457079475308538,140.0
595.35,0.0,0.07299262152777548,140.0
595.4,0.0,0.0714313271604943,140.0
595.4499999999999,0.0,0.06988691165123383,140.0
595.5,0.0,0.06835937499999804,140.0
595.55,0.0,0.06684871720679084,140.0
595.5999999999999,0.0,0.06535493827160446,140.0
595.65,0.0,0.06387803819444375,140.0
595.7,0.0,0.06241801697530679,140.0
595.7499999999999,0.0,0.06097487461419824,140.0
595.8,0.0,0.05954861111111068,140.0
595.85,0.0,0.058139226466048737,140.0
595.9,0.0,0.056746720679010605,140.0
595.9499999999999,0.0,0.0553710937500007,140.0
596.0,0.0,0.054012345679011954,140.0
596.05,0.0,0.05267047646604793,140.0
596.1,0.0,0.05134548611110948,140.0
596.15,0.0,0.05003737461419821,140.0
596.1999999999999,0.0,0.04874614197530829,140.0
596.25,0.0,0.04747178819444308,140.0
596.3000000000001,0.0,0.046214313271603406,140.0
596.3499999999999,0.0,0.04497371720678999,140.0
596.4,0.0,0.043749999999999685,140.0
596.45,0.0,0.042543161651233306,140.0
596.5,0.0,0.04135320216049163,140.0
596.55,0.0,0.04018012152777767,140.0
596.6,0.0,0.03902391975308614,140.0
596.65,0.0,0.03788459683641857,140.0
596.6999999999999,0.0,0.03676215277777858,140.0
596.75,0.0,0.035656587577160406,140.0
596.8,0.0,0.03456790123456696,140.0
596.85,0.0,0.03349609374999891,140.0
596.9,0.0,0.03244116512345756,140.0
596.9499999999999,0.0,0.03140311535493821,140.0
597.0,0.0,0.030381944444443573,140.0
597.05,0.0,0.0293776523919743,140.0
597.0999999999999,0.0,0.02839023919753097,140.0
597.15,0.0,0.027419704861111067,140.0
597.1999999999999,0.0,0.02646604938271525,140.0
597.25,0.0,0.025529272762344155,140.0
597.3,0.0,0.024609375000000114,140.0
597.3499999999999,0.0,0.023706356095678983,140.0
597.4,0.0,0.022820216049381985,140.0
597.45,0.0,0.02195095486110971,140.0
597.4999999999999,0.0,0.021098572530864314,140.0
597.55,0.0,0.02026306905864143,140.0
597.6,0.0,0.019444444444443782,140.0
597.65,0.0,0.018642698688270325,140.0
597.6999999999999,0.0,0.017857831790123575,140.0
597.75,0.0,0.01708984374999951,140.0
597.8,0.0,0.01633873456790064,140.0
597.8499999999999,0.0,0.015604504243827396,140.0
597.9,0.0,0.014887152777777895,140.0
597.9499999999999,0.0,0.014186680169752651,140.0
598.0,0.0,0.013503086419752126,140.0
598.05,0.0,0.012836371527778001,140.0
598.0999999999999,0.0,0.012186535493826865,140.0
598.15,0.0,0.011553578317900852,140.0
598.2,0.0,0.010937499999999144,140.0
598.2499999999999,0.0,0.010338300540123664,140.0
598.3,0.0,0.009755979938271351,140.0
598.35,0.0,0.009190538194444112,140.0
598.4,0.0,0.008641975308641222,140.0
598.4499999999999,0.0,0.00811029128086439,140.0
598.5,0.0,0.007595486111110893,140.0
598.55,0.0,0.007097559799382117,140.0
598.6,0.0,0.006616512345678359,140.0
598.65,0.0,0.006152343750000174,140.0
598.6999999999999,0.0,0.005705054012345496,140.0
598.75,0.0,0.005274643132715539,140.0
598.8000000000001,0.0,0.004861111111110557,140.0
598.8499999999999,0.0,0.00446445794753077,140.0
598.9,0.0,0.00408468364197516,140.0
598.95,0.0,0.00372178819444402,140.0
598.9999999999999,0.0,0.003375771604938463,140.0
599.05,0.0,0.0030466338734567162,140.0
599.1,0.0,0.002734374999999883,140.0
599.15,0.0,0.0024389949845675623,140.0
599.1999999999999,0.0,0.002160493827160651,140.0
599.25,0.0,0.0018988715277777233,140.0
599.3,0.0,0.0016541280864195145,140.0
599.35,0.0,0.001426263503086164,140.0
599.4,0.0,0.0012152777777778986,140.0
599.4499999999999,0.0,0.00102117091049379,140.0
599.5,0.0,0.0008439429012343998,140.0
599.5500000000001,0.0,0.000683593749999825,140.0
599.5999999999999,0.0,0.0005401234567901196,140.0
599.65,0.0,0.0004135320216049164,140.0
599.7,0.0,0.0003038194444443451,140.0
599.75,0.0,0.00021098572530849205,140.0
599.8,0.0,0.0001350308641975299,140.0
599.85,0.0,7.595486111110245e-05,140.0
599.9,0.0,3.3757716049350085e-05,140.0
599.9499999999999,0.0,8.43942901235911e-06,140.0
600.0,0.0,0.0,140.0
